0,1
0.8824911076284593,1.3035340851635646
0.8666942258640021,1.355940975326359
0.8821734035417345,1.315804855560891
0.8415779734326116,1.3756324188525415
0.8801712803413376,1.3130382044507136
0.8286724676588522,1.3961810876471314
0.8470315544699754,1.3607472889339294
0.9016613188586623,1.28529576073856
0.8742127358598377,1.3108597844636687
0.9063479187763143,1.2855005469482002
0.8542050392052241,1.3442951695270837
0.9964611667621143,1.1529729049973882
0.8648563293168101,1.3219103434360633
0.8190094345272606,1.4074998684799473
0.8868678012462616,1.3037667440379335
0.8570642963486881,1.3280325001648219
0.8426193431715541,1.3548420841155266
0.9283046589578526,1.2379499117933155
0.9098751843348788,1.2590143863597274
0.8450874350013872,1.3430952660258189
0.9004321590333065,1.2679457820989284
0.9763407177409819,1.175407532350313
0.86756975547971,1.3147838605189106
0.9358715467261737,1.2283672382516824
0.8812664253728992,1.2869485043000455
0.8880372434177206,1.2905816728841557
0.8730350816582008,1.3170424458578973
0.9039875412088396,1.273152951177452
0.820165045390461,1.387780540649736
0.865767809807376,1.3081882754881067
0.9006854417596211,1.2709530078638476
0.7919160728812691,1.4670656870710939
0.9472303215018949,1.1940667315987605
0.8788438044989263,1.3094530184934552
0.8746055682512316,1.3233598520548453
0.8882625764815947,1.2872485369551452
0.7798193896213537,1.4730363369824087
0.9181788466357657,1.259252049898118
0.8856226081449634,1.3160004205431706
0.9011792912341474,1.2688603931067648
0.8227181137974595,1.3925079163160887
0.8970824240401438,1.2760956130638972
0.8723178637479496,1.3121405957830374
0.8706723423770756,1.323149974906647
0.8614560142826243,1.3264351989638188
0.8654433079951194,1.3225816642874209
0.8811245919785328,1.2936396825963987
0.908055535751256,1.2607317359519288
0.8219095415585027,1.4080173693179439
0.8235025643282858,1.3939667842104977
0.8757410618735663,1.326452739507368
0.8405193415583305,1.362695246328628
0.9321171121442792,1.241748796305703
0.8848733527655833,1.3081118605327116
0.8513339892329687,1.3642257580820862
0.8724074457181965,1.3246244675040963
0.8989468722924006,1.2679662135756906
0.8547791990996194,1.370395972343463
0.9072701459273802,1.273560516264941
0.8920676241073094,1.2940275682783127
0.9282931858237524,1.210898020237153
0.9072701459273802,1.273560516264941
0.8331891410988495,1.398435487566188
0.9383714705110154,1.2156977715000847
0.8473459081661245,1.3657704421945172
0.9054964029402409,1.2932265660855726
0.8519127713359257,1.3485840181474413
0.9184898263842161,1.231807919337483
0.9560634950002702,1.1993063187092878
0.8682630059045446,1.324571882854494
0.9300704618035595,1.2211908233296715
0.8816736001217409,1.2964717211146097
0.8337762620851176,1.3754167104575417
0.8756588475635518,1.313651035520244
0.9243640940067835,1.2420114790235681
0.928881130366969,1.2265905914420303
0.8886504479565835,1.3062227702051428
0.8210410226057424,1.4001940537126247
0.8786604677487724,1.2997778532557474
0.7971227432559449,1.454642567464892
0.8866629802275937,1.290747642145587
0.8440709204477647,1.3436503739050323
0.8652095105475794,1.3387314681796827
0.9079815136385002,1.2698772288774258
0.844438478410127,1.3803686388390495
0.9586447382229589,1.197334876144136
0.827989409124642,1.3980911958870723
0.8787620819567586,1.3112007372959529
0.8414457965663031,1.3679161609825101
0.8819405299184006,1.2831726015866898
0.9018611869331783,1.267970582102974
0.8759144554486725,1.3084271202672977
0.8716309581620068,1.324527944499227
0.8625835898800407,1.3244695597926337
0.871898696800339,1.3121645500506283
0.8840507663493502,1.2888485269615926
0.9292579325226358,1.2215200849072472
0.9133467597528669,1.2641352653294047
0.8570642963486881,1.3280325001648219
0.9075919842780977,1.2818706916888805
0.8971332414888088,1.283377606490402
0.897642218152077,1.3018086911305653
0.8702809361525112,1.3234757718643164
0.8688375624103637,1.3284579974684207
0.8463235085405847,1.355082635227611
0.8812326990888439,1.3203607998114546
0.8573004670764444,1.3324529005821166
0.9453627359567061,1.2098351688406102
0.8943987861703957,1.292632896134605
0.8682026433543407,1.3190010304161583
0.899588979514542,1.2895225115750997
0.8504185784167009,1.3486216433309015
0.904822609670239,1.2863167172152605
0.8612461324192695,1.3308204938949921
0.8802005493295467,1.3196663553497414
0.8911242300181199,1.2941710991900364
0.8690422855412359,1.307395712617476
0.8671581502704869,1.321206816328687
0.8582079393727877,1.3510074635233664
0.8822689565658357,1.302800694047771
0.8709997408582975,1.3283448086887177
0.8480665052470531,1.3713298653645831
0.8592207004891913,1.3456025605749307
0.8878715767730866,1.2992475596528046
0.8487078570911682,1.347553771290786
0.876376198055302,1.3107725689892082
0.9185323069667604,1.249718573491307
0.9074770818496574,1.2770725656236244
0.8651073916326381,1.335349774979481
0.8854785804499467,1.2814076937894159
0.8769024688498355,1.298098813235605
0.875615744992156,1.3128716853827866
0.9164287856641533,1.2583602328208714
0.9303393265895865,1.2329208207135098
0.8662331528082893,1.3360724733328533
0.8740360639255013,1.3135338752696526
0.8619778976432756,1.3318338649570614
0.9427960355767117,1.223092950060335
0.8909100069214566,1.2845568433980568
0.9041366539932709,1.2735411073802683
0.8411124232889422,1.3733096971767653
0.8625835898800407,1.3244695597926337
0.9124119864470621,1.2725424343903924
0.8690209460946504,1.32419329359374
0.8545053360694368,1.3516009217942482
0.8435072020813573,1.344722648227346
0.8810498787076105,1.3030496303551398
0.8607583327463857,1.3579687607699302
0.875081749122228,1.331454411793233
0.9094210672424768,1.2565071643942505
0.8410526685016286,1.3765870026564662
0.8580267801181626,1.3388447411513404
0.9416772025943354,1.2105730349346786
0.883321046576875,1.3138646990665532
0.8840507663493502,1.2888485269615926
0.894796558216877,1.296737068868853
0.902982443213998,1.2991216515130841
0.9264543701609058,1.2426637231213633
0.9069279911591098,1.2687832403661214
0.863494827484366,1.327141079828291
0.8584767768494377,1.33898957428953
0.8930075740299803,1.2691127671016602
0.835164955406992,1.3692996904796642
0.8745465337529926,1.3213825808177435
0.895466650975677,1.2775382119426173
0.9113097129992049,1.2593931465828188
0.9079236312825776,1.2444658936537807
0.919465890358611,1.258027825512307
0.9094210672424768,1.2565071643942505
0.8897627934032598,1.2922168087879873
0.8863681136735855,1.2757735648465518
0.783687586238852,1.440210813474565
0.8441428783113,1.3654382595196912
0.875783805263031,1.3185161182333676
0.8707104700573159,1.3303252493803737
0.9225204749853385,1.2421850301743917
0.8809227367918329,1.2949925015047943
0.8036569547320334,1.4145201821768276
0.8431004676628135,1.3713012297524771
0.8872353897909452,1.2875804130117472
0.809183216271226,1.414221025970646
0.8691994072161695,1.3278250227282815
0.8956456795386668,1.2566990488817835
0.8782768154638098,1.3041501283270027
0.9173552840779544,1.2432246702161702
0.8821439249593667,1.298846577391772
0.8854655015014937,1.2924929444480784
0.8942256319173674,1.288739568670448
0.8432493341985079,1.3841016683619916
0.8677011558368831,1.3224555699001246
0.889701482243356,1.2924059786526008
0.9045284192056857,1.2746854417806381
0.9622273344172123,1.1982933391301978
0.9000506329731754,1.2758894562554761
0.8789883333533829,1.3178006435943712
0.839486373811633,1.377234748339296
0.8720625031574801,1.3398689512416362
0.8885105811804381,1.3005650845168766
0.8849085356338043,1.3206521146907744
0.8918449481381584,1.2997388098777274
0.9638471617469675,1.1888900029220952
0.9553479159813458,1.2075812854807975
0.8101868962942604,1.4273501954126269
0.844592490887436,1.371297099078348
0.8392086482759603,1.359217705552209
0.8666403506449586,1.3185201399347517
0.9070685147222086,1.2741701731195358
0.9444496307084089,1.2105394919208379
0.8816736001217409,1.2964717211146097
0.8470315544699754,1.3607472889339294
0.84295187375606,1.3624643777604557
0.879612125534887,1.305622992432841
0.8682886142224205,1.3193554851063052
0.7957366254979054,1.430135071541891
0.8319660590930004,1.3769914774498795
0.875615744992156,1.3128716853827866
0.8531752144466811,1.3337207261601667
0.9398089208763896,1.2159231671511592
0.846251380896536,1.3660350073385255
0.903254603206293,1.287624699218775
0.8798969239543784,1.3357976775357683
0.8822918960326241,1.3038975758406042
0.8857474179972167,1.3097992766025286
0.9022863528246685,1.2798099816275017
0.8983012209864433,1.2468432701811922
0.8843157942515548,1.3050088917685536
0.8915577972802128,1.3018071894480916
0.8676403634247316,1.3348032768363194
0.8488112006408709,1.3476706821688809
0.9041990060697975,1.2652876549342527
0.9209104216453744,1.2492466276187961
0.8168833510139134,1.4294556833628589
0.8014808762355369,1.4416183741341184
0.9445159955954004,1.2193275073672072
0.9369164940351831,1.2039007317269868
0.9289128116264194,1.2354191827476524
0.8740360639255013,1.3135338752696526
0.8289474104081573,1.363380137454304
0.8866502316576632,1.2990168649480012
0.875615744992156,1.3128716853827866
0.8359109250957066,1.37818632570007
0.8544315915057761,1.3408931431813598
0.8594237020756539,1.3459216366873068
0.8827401798935107,1.2971860197637444
0.8961795356293637,1.28615895856533
0.8509028065499927,1.342162169779903
0.8448742751063042,1.3692910398318385
0.8750466656461172,1.3139182923759534
0.891118094699067,1.3187660384575104
0.8414349901619185,1.3920154148854569
0.8787620819567586,1.3112007372959529
0.9175966488285627,1.259286411834922
0.9009961012006985,1.2757108129481523
0.8751343504704604,1.3269700708420393
0.8853138139618176,1.3012484643051174
0.8405104887737231,1.3667439377259563
0.8662366225209476,1.3175606659566526
0.8823140572007383,1.3132170043365807
0.8429264508998651,1.3791774583978644
0.8686292701403583,1.3242766844706377
0.9047720447929769,1.2810338733819195
0.839486373811633,1.377234748339296
0.9318773166834388,1.2221984185751644
0.8554013015619694,1.329715883319159
0.8787620819567586,1.3112007372959529
0.9527364637596271,1.2142935444925715
0.9226313427991961,1.2305045924656928
0.910152870060116,1.2655339116220226
0.86756975547971,1.3147838605189106
0.9646298805206833,1.197253859121404
0.839486373811633,1.377234748339296
0.9094508319136247,1.264800237698306
0.8872112663570919,1.284998702983919
0.8712140539620592,1.3156980885133505
0.9042041106072163,1.2549738142013154
0.8589509373179933,1.3389494333123912
0.8822918960326241,1.3038975758406042
0.8342271296848514,1.372522756411204
0.828678072774999,1.3756943552509326
0.8811325474871368,1.311385838395891
0.9194637964938427,1.2669217479372104
0.870691881498075,1.316534958886987
0.8548885144180831,1.3313801884570724
0.8531752144466811,1.3337207261601667
0.8399001803353974,1.3830807367499676
0.9090914283788845,1.2725523813686932
0.8581313388301649,1.3507979897290083
0.9216651479143885,1.24788809831116
0.8580389241816092,1.364372687927482
0.7970776661573118,1.4543870664395069
0.9124119864470621,1.2725424343903924
0.9565041979073806,1.1870020582850445
0.8591439570478157,1.3329375993717059
0.8581313388301649,1.3507979897290083
0.8822918960326241,1.3038975758406042
0.8553093864293136,1.3461575846410176
0.8342318675189102,1.3672231274977609
0.8265923637540713,1.3871713486495156
0.9094032651180238,1.2430166403148055
0.8207755984807599,1.4117109726751742
0.8657150072250129,1.323648514872217
0.8900948143820778,1.2855786346953433
0.9000240176056167,1.273764599270563
0.8600978758246105,1.3382096420459895
0.9098769752574977,1.2565974315153523
0.8813200495289942,1.297898217152494
0.8446477556113143,1.369861690414893
0.8573801877198887,1.3476687870594377
0.8005942291913579,1.4507528655437585
0.8822689565658357,1.302800694047771
0.8353377203968303,1.3821847747750335
0.8511222232822632,1.3667329128463928
0.8485854396220811,1.3546105809425568
0.8844630867794767,1.2946502143436465
0.8752151481347308,1.3109791618042497
0.9547920741098985,1.2017522789179336
0.8648563293168101,1.3219103434360633
0.9189387676391778,1.255401822816109
0.8849756921488334,1.3052042612910175
0.872694057018519,1.3076112620704465
0.8640614640320646,1.3111209494903013
0.9587947117033205,1.2009370505563808
0.8149582101630285,1.4329043407806548
0.8987968506597095,1.273711642622956
0.8770621501408318,1.3079318747357513
0.8006957650722687,1.4468329626396377
0.8944333480478109,1.2945051824013538
0.9369699595361358,1.2191249789033185
0.8420345462324575,1.3741371432227918
0.8458873554182667,1.3525006470822754
0.9182851285203827,1.2422515218586478
0.8193829484538351,1.4078700876115773
0.8691994072161695,1.3278250227282815
0.857139309526069,1.3408473694767982
0.872393036234262,1.3107622859575403
0.9107859838429552,1.2489407742543523
0.9713002906434727,1.1838548143616971
0.8488112006408709,1.3476706821688809
0.7769261346524201,1.4728950053229684
0.8770222647369939,1.3090653670567445
0.8820611823211985,1.3047429393074579
0.8896041308670894,1.3049361378255742
0.8815075690907539,1.318952215667817
0.8493807391860394,1.364565447263126
0.8953201956304604,1.2743567393234143
0.8648563293168101,1.3219103434360633
0.9264543701609058,1.2426637231213633
0.976003960919807,1.181420476283838
0.9008843938525847,1.2589277086226403
0.8992047595616062,1.2908407705302516
0.8675827974402726,1.3320333042299421
0.8943987861703957,1.292632896134605
0.8937130518511821,1.288554427173128
0.8938458838082394,1.2857127870254983
0.8947942268034748,1.2805660738291258
0.9151186305211612,1.2428409533410611
0.9017913764296783,1.2707355040195798
0.9016795749200068,1.2754752310710131
0.8953201956304604,1.2743567393234143
0.8427432748969337,1.3528961791743879
0.951421193826081,1.2021925049230449
0.9006854417596211,1.2709530078638476
0.8770208004592924,1.3059587428704498
0.868292177606751,1.3372937258307136
0.879020634321762,1.31586596334471
0.9172007645590233,1.236395733133212
0.8813200495289942,1.297898217152494
0.8176498857761338,1.4157932653905103
0.9036865106551221,1.2576123864222053
0.8890344026449698,1.300843308022219
0.9039875412088396,1.273152951177452
0.8662138331604292,1.3431110715327907
0.8421203134274844,1.365156136899614
0.876376198055302,1.3107725689892082
0.8687318515554637,1.31075551313715
0.8090867111349166,1.4322222103195028
0.8862201301448931,1.2972164625143328
0.8295893303344662,1.386821153522267
0.8324179172081341,1.3969082576847949
0.8398369703666303,1.3790991251796374
0.8583174700579573,1.35738193417088
0.879020634321762,1.31586596334471
0.8672649827522638,1.327856777118381
0.8747481103794111,1.31063316277572
0.8892631929050817,1.294497395444129
0.8557117168323363,1.341475744099049
0.8687363652794353,1.2979595946144573
0.9168343204765015,1.2330608890088752
0.9073753977214507,1.262367768049743
0.8771701877255722,1.3144350531477935
0.8134258249876476,1.4196359478077791
0.9241437898606104,1.2349224925626752
0.8868045180535697,1.2842546662253282
0.8854981947335857,1.2941823301826443
0.8747523359931175,1.3093057405891022
0.8374293550912248,1.3697933951856944
0.8412042377361849,1.3794568099807143
0.9042495830231496,1.281937164417599
0.8345076054276332,1.4001997539795956
0.878906479104719,1.2971274177429877
0.8843314818019656,1.300999257222818
0.8282052667945066,1.3827683455373672
0.8855246188516092,1.3060195175015596
0.8158467377055266,1.4221422961997776
0.845116498324058,1.3819779952279851
0.8428435227672197,1.3733496200078124
0.875783805263031,1.3185161182333676
0.8771701877255722,1.3144350531477935
0.8561229000157596,1.3363662012783804
0.882201248911233,1.3135309586313486
0.847575001198966,1.3636102281592293
0.881064172962226,1.3194286159355262
0.8341328332149398,1.3892116018755782
0.9279555107495338,1.2509654889327708
0.8686292701403583,1.3242766844706377
0.8827401798935107,1.2971860197637444
0.8242796836930687,1.3974512918997433
0.9613040580671406,1.1914659413907756
0.8869337782857681,1.2997756570638648
0.8671624237853276,1.3099686990165083
0.8426210028922243,1.3632254158273285
0.8763631582769585,1.3102473530309435
0.8612349695683796,1.3398098393959508
0.8751816615581322,1.3123200000521158
0.8398638106362155,1.3621010525172577
0.8210163486883987,1.405884950194563
0.8778384991624069,1.2818735975636257
0.8543737483263696,1.343587508166603
0.8798969239543784,1.3357976775357683
0.8545053360694368,1.3516009217942482
0.8911585778969543,1.289817672284915
0.9202850000379336,1.2340606024233314
0.8414457965663031,1.3679161609825101
0.9420658953191522,1.2098447243295096
0.9113612704240232,1.2703627019949288
0.8614338783153049,1.3219061166001056
0.8427432748969337,1.3528961791743879
0.9511303111455036,1.2060858069028584
0.8525256108774983,1.3428398058221314
0.8508817862561056,1.3709270935219746
0.8553093864293136,1.3461575846410176
0.8507549168390635,1.3482873910838586
0.8980083220503171,1.2731639076894024
0.8767405085515781,1.2978330624391647
0.8790013384607003,1.3053113840839168
0.9293027855489933,1.2308545292957538
0.8896027567385392,1.2797726151905777
0.8564629739943395,1.3114035962835449
0.8686665817143842,1.3356951100175192
0.8845628293511382,1.2899212600903494
0.9297263462453427,1.2458027866093735
0.9171914956504239,1.251691982486083
0.8701601414548434,1.3172523566684942
0.8663499291201382,1.325709953889724
0.8272877431263846,1.3708563960023314
0.9071222858042798,1.2596050090304578
0.8525578255124171,1.368294319513224
0.8079105470965895,1.4147928838661785
0.9022863528246685,1.2798099816275017
0.8199838161340245,1.4098965996979116
0.9359732201688282,1.2352899438565095
0.8272877431263846,1.3708563960023314
0.8898712885524211,1.2989250203938005
0.8338900663141475,1.368117429520171
0.917517996508363,1.2309759552614952
0.9026677954183557,1.2810859835086184
0.8895872379469101,1.2998164900715308
0.8450874350013872,1.3430952660258189
0.9009997184460458,1.276288214711658
0.927756092900628,1.2444661432010626
0.8134170175627677,1.4089129552360715
0.8775389452842841,1.2919634874288897
0.8755661366242047,1.310988134609378
0.826725877224594,1.3982231334998678
0.8621572483693919,1.3371218959740774
0.8980023165203087,1.2565707717629502
0.9193822962217587,1.237324638350799
0.8473775369030188,1.367103684809928
0.8671550921062449,1.3270019639943587
0.8751343504704604,1.3269700708420393
0.9003030462165855,1.2779820488325795
0.9767519878506392,1.1811304996140288
0.9380336815613405,1.2313262676515238
0.8885105811804381,1.3005650845168766
0.8884458730546012,1.290277220123005
0.8577580115703527,1.3543450185427606
0.8678311774076811,1.302903374362497
0.917517996508363,1.2309759552614952
0.8341328332149398,1.3892116018755782
0.8205782276682353,1.3974337143889624
0.8983681355461275,1.2738553442682263
0.8868678012462616,1.3037667440379335
0.9633614813446822,1.178430567366858
0.8790013384607003,1.3053113840839168
0.8999043395124816,1.2744771411479352
0.9302779636196784,1.2374398456027411
0.8306737251404372,1.376460554476597
0.8682696344458237,1.309232318254571
0.8625875744844876,1.3405206779623733
0.9124488925734742,1.2654580760212144
0.8469423027818405,1.3618879830900035
0.8746927489900475,1.3123301845426782
0.8707735067933912,1.3119913895396413
0.8288697470000294,1.3734298397284705
0.87769155437047,1.3146630765666072
0.8473459081661245,1.3657704421945172
0.7892179171623261,1.4923301521027412
0.8934567842918667,1.2986558651763467
0.8430060256093632,1.359537968072487
0.8585949643468944,1.344327290229709
0.8232094689556425,1.3940775970094743
0.8662138331604292,1.3431110715327907
0.8929265142793729,1.2897925377535129
0.9391444189323279,1.2315613626917186
0.8278323531528343,1.3841712444353345
0.8857785359555589,1.298221748600249
0.9135409443490529,1.2570501206750302
0.8686784351954957,1.3407386142230264
0.9016613188586623,1.28529576073856
0.8761745341398928,1.300281538218229
0.826705454351755,1.3833038774520656
0.8423061362826564,1.3780949456444622
0.894202600319975,1.2780819263317926
0.8823140572007383,1.3132170043365807
0.874282217955887,1.3194996708586357
0.9089373346276353,1.2684357733020635
0.8342785277551004,1.376549614269619
0.8561355686331409,1.3473670928399963
0.8614748439218893,1.347106398980305
0.8768441966405098,1.3043765499405817
0.8338900663141475,1.368117429520171
0.8264012636919108,1.401537861138151
0.8658885784943615,1.3133441102063015
0.8967412135230648,1.2625594201002868
0.9366730933040867,1.2103380232291532
0.9298628711373185,1.251184876563988
0.8786604677487724,1.2997778532557474
0.9175966488285627,1.259286411834922
0.9240404090669447,1.246474396949945
0.8845266437075036,1.3068018079980595
0.9285320061549845,1.2397549715627658
0.8395585916261806,1.391002668735256
0.9474916262876784,1.2205434515437927
0.8777746120078117,1.322056236127048
0.9241437898606104,1.2349224925626752
0.9181987698275184,1.2409018064521582
0.8644653665437861,1.3454736094494726
0.853311899183109,1.3365331941958534
0.8526971201680856,1.3502754785243374
0.8746927489900475,1.3123301845426782
0.895466650975677,1.2775382119426173
0.8749190723442215,1.314270648964589
0.8786128463962303,1.2999432393540757
0.8427432748969337,1.3528961791743879
0.836963322442003,1.3757985525313245
0.9242353768758254,1.2535038977753605
0.8911099992472781,1.286209089491701
0.9575615304819274,1.2011656504342318
0.9152560665840925,1.2423997254982992
0.8958289175963468,1.2907584220223085
0.9195850067751585,1.2461007114778404
0.9225204749853385,1.2421850301743917
0.9190165968587809,1.2468863650523412
0.8666997508291829,1.3195592616210672
0.807510572692143,1.4039030668602066
0.8640614640320646,1.3111209494903013
0.8568758822744392,1.308794764484656
0.926179010153413,1.2440629379457082
0.8911585778969543,1.289817672284915
0.8235458718695032,1.3869594691505716
0.9079553704171235,1.269333741883932
0.8654433079951194,1.3225816642874209
0.8843314818019656,1.300999257222818
0.861773676662214,1.341470919627864
0.8952257527763233,1.2995352488167295
0.9072316675816222,1.2784492227912718
0.9073753977214507,1.262367768049743
0.8358244363027817,1.3781525554792373
0.8527615774513125,1.3541470756902285
0.7946274376666156,1.4519828546905018
0.8887114401098792,1.2963346694140652
0.8942256319173674,1.288739568670448
0.9070168796565203,1.2656259319500542
0.8639581549684245,1.3468134748779759
0.8738690184522988,1.314385594158355
0.8425462399107468,1.3773419642409468
0.8902863742313111,1.2932128718284235
0.8698953691725841,1.3264583008482258
0.8414457965663031,1.3679161609825101
0.9310509256331412,1.2206056010500856
0.8811325474871368,1.311385838395891
0.8809915049776043,1.2953988810763917
0.9212067771154179,1.2447372278547562
0.8577390227641519,1.3370565323799064
0.9050873947742368,1.2689129530460699
0.9211919381360534,1.247410879893839
0.930303449553454,1.2333763650977592
0.845989751229659,1.3546571198993882
0.8419907249052088,1.3833490565154076
0.8747404891485355,1.3281900789970749
0.8958648368997321,1.2792737889019683
0.8580267801181626,1.3388447411513404
0.8759144554486725,1.3084271202672977
0.8414758910138153,1.3709891452568366
0.8652610537790619,1.3279685907486194
0.8624462642945391,1.3327944922028612
0.8702473167601249,1.3144375068968237
0.8837754073060653,1.2956335158771695
0.8723178637479496,1.3121405957830374
0.8803686579741181,1.3074224939841204
0.8662917765259082,1.3393186161473463
0.8473775369030188,1.367103684809928
0.8696851532162146,1.3299909353872141
0.826705454351755,1.3833038774520656
0.8907303831859581,1.2656511316535408
0.9175175304287034,1.2496773713789933
0.9195850067751585,1.2461007114778404
0.8543414365838747,1.361774645727596
0.9169237529814682,1.256271746312125
0.8740360639255013,1.3135338752696526
0.9365402591327954,1.2200444915010697
0.8887079729612429,1.2880124521755894
0.9327743245732744,1.2274444250480838
0.8539477098751235,1.3567804310414493
0.8955395996653925,1.2848111277882313
0.8395585916261806,1.391002668735256
0.8842737384425645,1.3064290556968723
0.8742725920175997,1.314260110888805
0.8146534689369995,1.417403692247595
0.8470315544699754,1.3607472889339294
0.9666404556051116,1.1674164797129063
0.9128729645841648,1.2679585280966021
0.9041990060697975,1.2652876549342527
0.8338257324216054,1.377632753794828
0.8993509382832153,1.2794516668783196
0.8864076473261115,1.3008466248714896
0.8500921246890965,1.3646130803923784
0.8571897152105827,1.3571266574643834
0.9204182581165095,1.2362961711167857
0.9312069218203528,1.2416594748533947
0.870457574139589,1.321782163146393
0.9263207122756214,1.2354232011555109
0.8842737384425645,1.3064290556968723
0.8784626863691969,1.2966399063851797
0.9365402591327954,1.2200444915010697
0.8490668001323294,1.3654021121746684
0.8580573048495259,1.330325622986731
0.8838198128070861,1.3042926921384812
0.8745936122951519,1.3200145053753471
0.9016552490676426,1.270696175123622
0.8958289175963468,1.2907584220223085
0.8705248111740354,1.3275130186982378
0.8469933130960172,1.3663341796535322
0.8677166104176113,1.3191931695313746
0.9204182581165095,1.2362961711167857
0.8076431928867651,1.4386754268128095
0.8674676969800822,1.3287823979891162
0.846251380896536,1.3660350073385255
0.8299375207672107,1.3697942726679968
0.8691089199058516,1.3456305271767928
0.8813804525445132,1.2884995930007117
0.894137728280805,1.270296868545997
0.9109956372967818,1.2726480777974758
0.8650005719059669,1.3236722187264962
0.9002820088941145,1.284503766939991
0.8870301776987042,1.2836305882665764
0.872865653893745,1.3007439229182063
0.8488171715301991,1.3628756812342615
0.8909047451924909,1.2928012049534223
0.8769185856236577,1.2923697772144103
0.8490668001323294,1.3654021121746684
0.8355596639496334,1.3806477512551045
0.945510984665972,1.2165746467257397
0.8235677000927153,1.387640981670843
0.9136807141530465,1.2781491758688839
0.941826001194737,1.2181856910343234
0.8975835424012206,1.2781771304260396
0.9306609592482746,1.225816675224521
0.8337753092875221,1.400507429547281
0.8474658479592994,1.3603070205065237
0.8813580015238625,1.3192519412414925
0.8127775837707831,1.4161767190994707
0.9294010556888306,1.2278871192923035
0.8759385679450923,1.3319282479512666
0.876376198055302,1.3107725689892082
0.8648563293168101,1.3219103434360633
0.9128990243425235,1.276297388573877
0.9415791873979071,1.2165666605062557
0.796925519840667,1.4311285577555573
0.798985137414445,1.4633010521636796
0.8675020626510389,1.3301614723175998
0.8709997408582975,1.3283448086887177
0.9026895138682413,1.269245689471466
0.8634014144742097,1.3578374114934793
0.9248451025760777,1.2324571536448383
0.8443968259914558,1.3712263434445597
0.9273213831162364,1.2310926485271982
0.8876927609140185,1.293552312698273
0.9221738823516621,1.2544310390753712
0.8786853483411464,1.3022958401612652
0.8900948143820778,1.2855786346953433
0.8230409092793742,1.384784932172148
0.8850028070997067,1.3048895789817587
0.8278323531528343,1.3841712444353345
0.8782768154638098,1.3041501283270027
0.8885105811804381,1.3005650845168766
0.8101868962942604,1.4273501954126269
0.8866629802275937,1.290747642145587
0.8769629475875984,1.3064871776916842
0.9151418494324752,1.2588330451551648
0.8749190723442215,1.314270648964589
0.8568966964555278,1.3389146179900553
0.8703547788371501,1.3152440189756254
0.8795985694308672,1.3198312625660942
0.9041886725718723,1.2787711627806377
0.9227129687582685,1.2532444221939605
0.947434779448489,1.1975537969690841
0.8909637164725274,1.2976104456549986
0.8822918960326241,1.3038975758406042
0.8696851532162146,1.3299909353872141
0.824393806178878,1.4136237088289718
0.8864076473261115,1.3008466248714896
0.9131773341451345,1.2604921134005747
0.8372867916014347,1.365221700582654
0.8597637657065725,1.3605633557100545
0.9013512119941046,1.2602152037146224
0.8623228439562284,1.3394110460562614
0.9324652176586012,1.2234571338785045
0.9414581953003407,1.208837589009247
0.912506716215344,1.2562328067539388
0.8614940675648532,1.3261708888909876
0.8898596945347067,1.289820548855625
0.8686784351954957,1.3407386142230264
0.905658690981484,1.260318129843289
0.9325997192489917,1.2227957969606789
0.8338257324216054,1.377632753794828
0.8627320827571193,1.3468351265154965
0.8957244647284972,1.2806873355804917
0.9166104022380963,1.2415722343126951
0.8485751085800994,1.3520290764349305
0.8682886142224205,1.3193554851063052
0.7628226500014326,1.4886599072362319
0.8823063135639131,1.2993436388085302
0.9351349078231819,1.2179579002542007
0.9345866605519801,1.2293001856325105
0.8762595620756078,1.2984009713883191
0.9353409638843215,1.2216933822676017
0.8839524640111003,1.3052929676407283
0.9551941298179292,1.2043464963154302
0.8562831538754366,1.3519913086349922
0.8737504527906772,1.3271664146230182
0.8925925186797252,1.2738574258467565
0.8951351365960395,1.278730516543386
0.9084751192510699,1.278154890086203
0.8525397457672014,1.3524841245533488
0.9286342333398854,1.2259998532923764
0.9138251062709528,1.228602953254973
0.825091403765037,1.3628014134018387
0.8636867524052865,1.3324559417287254
0.879089185587739,1.3176545200945673
0.8564629739943395,1.3114035962835449
0.8571828654353946,1.3533742270217446
0.879020634321762,1.31586596334471
0.8906520948932036,1.277972836852721
0.8090867111349166,1.4322222103195028
0.8558862202129625,1.3336565860080927
0.8652610537790619,1.3279685907486194
0.9214108779150552,1.2437490427938669
0.8580218374946618,1.3482292586413729
0.8680452382476878,1.3265024493380628
0.9464432575321762,1.2119825397583854
0.8666403506449586,1.3185201399347517
0.8663190079835849,1.3360377026443737
0.8857785359555589,1.298221748600249
0.8968803170658277,1.2808542977630462
0.8330177911785044,1.3844873865299137
0.9218551532890156,1.2498995384338225
0.8745936122951519,1.3200145053753471
0.8420345462324575,1.3741371432227918
0.8578007239212911,1.3398865630864876
0.8628377450479205,1.3318306230870387
0.9095571039212328,1.2486840467624312
0.8892743041364763,1.2801517544679009
0.8939205225401268,1.2935658676561856
0.8261328892251742,1.4034856892857828
0.8431004676628135,1.3713012297524771
0.9112430168916881,1.2312725416116217
0.8234320318054876,1.4079925707687746
0.8663499291201382,1.325709953889724
0.9432342859828817,1.2169060056789833
0.8275364629711491,1.3983134088737503
0.899588979514542,1.2895225115750997
0.9128729645841648,1.2679585280966021
0.8693786014653837,1.3224020271540313
0.8854981947335857,1.2941823301826443
0.8865717021523593,1.2828519275359231
0.8525845008079791,1.3608939133617721
0.9098751843348788,1.2590143863597274
0.902982443213998,1.2991216515130841
0.8568978811223397,1.337167918930962
0.8652610537790619,1.3279685907486194
0.8833638606084734,1.2930906246573166
0.8864076473261115,1.3008466248714896
0.8790048400530351,1.3209624406396439
0.9166104022380963,1.2415722343126951
0.8463235085405847,1.355082635227611
0.8857762677410567,1.3087284518873925
0.8833715171931552,1.303471446587159
0.8636718867513421,1.3303449239451817
0.8748697537647545,1.3117865892563862
0.8958079956800344,1.2728533321500886
0.8713831480921417,1.3034626284296391
0.8979142218711227,1.2818601461092303
0.8950357868204065,1.277744291710309
0.8608297933939376,1.337621510995718
0.9030862710853703,1.2741893990469024
0.8399207705773306,1.3959092211644046
0.8474993396130759,1.3591517958103032
0.9385080752441882,1.2293752688374242
0.9230333472421245,1.244429141372996
0.846251380896536,1.3660350073385255
0.9149778720286406,1.244704109145509
0.8531474687120051,1.3521783505029628
0.8353377203968303,1.3821847747750335
0.9549668066397182,1.2015063902749996
0.891110472857832,1.2635296341755033
0.8397915867421467,1.3859737049479406
0.8726106898035297,1.3181294145427371
0.8481508352372601,1.3579765831572652
0.835989967118931,1.406850145742376
0.9190165968587809,1.2468863650523412
0.8815738533318805,1.3233567565540718
0.908037065184457,1.2712559003211468
0.872393036234262,1.3107622859575403
0.927969382613167,1.225150158989491
0.8470315544699754,1.3607472889339294
0.9221310561791904,1.2466453724429065
0.8256384963361751,1.3875749874690566
0.886729907041255,1.2928633742483675
0.840316829080736,1.3690945008318596
0.8397915867421467,1.3859737049479406
0.8572859091417351,1.352815608082115
0.8651073916326381,1.335349774979481
0.9179894288442103,1.2534895477666117
0.8730921022832704,1.3090738148423193
0.876123514602546,1.3016758295390094
0.8970824240401438,1.2760956130638972
0.8922953694585581,1.281458061010723
0.889120982097723,1.289380995937238
0.835773132019045,1.3746751022924737
0.8788239014795008,1.3071094740333804
0.8296079918499975,1.3865228749910616
0.9423230572733539,1.2141440922385247
0.8605051989556208,1.3280682228864824
0.8662333502188161,1.3504196429175432
0.875081749122228,1.331454411793233
0.9072023831698695,1.274369838090815
0.874576670245611,1.3318949133759508
0.8485751085800994,1.3520290764349305
0.9077764264164164,1.2520455793333376
0.8920916949003564,1.2725751854546274
0.9020575029660476,1.283342682674784
0.8810795560440203,1.3167362855167335
0.9449731945249793,1.2124217103694017
0.8354085550342405,1.367042270464053
0.9227129687582685,1.2532444221939605
0.8557815088112798,1.3442018579030772
0.8562831538754366,1.3519913086349922
0.9135409443490529,1.2570501206750302
0.8515555159183514,1.3684550185872708
0.8740713515396892,1.3143738073281934
0.941826001194737,1.2181856910343234
0.8368987874153545,1.3701622618717755
0.9375520186038124,1.2242513679513476
0.9578910437241774,1.21437693775219
0.931676106025688,1.218668941320587
0.8717662546694572,1.3101637059488767
0.9300500694674573,1.2184081620952312
0.8853138139618176,1.3012484643051174
0.7798193896213537,1.4730363369824087
0.8474993396130759,1.3591517958103032
0.8632251083031436,1.3310549554692686
0.8826617700616967,1.288156593108302
0.8989583523390979,1.2850077554644885
0.9357901064725368,1.2199612292783681
0.8517279537085083,1.3255744020914284
0.8713377070815129,1.3185122235125368
0.9138594435670018,1.249849199543444
0.8961795356293637,1.28615895856533
0.8368987874153545,1.3701622618717755
0.8286724676588522,1.3961810876471314
0.8999351656968267,1.288210419168138
0.9357901064725368,1.2199612292783681
0.9136397665226158,1.2496711504161675
0.9016552490676426,1.270696175123622
0.8880372434177206,1.2905816728841557
0.9357901064725368,1.2199612292783681
0.820165045390461,1.387780540649736
0.9020419493226722,1.278625301266375
0.8625875744844876,1.3405206779623733
0.8909463969146633,1.2772807181259767
0.8707104700573159,1.3303252493803737
0.8769231945293688,1.3242010875888734
0.8573065354265227,1.3588832772327661
0.8597432060869197,1.3201826581368852
0.8577390227641519,1.3370565323799064
0.9193822962217587,1.237324638350799
0.8686784351954957,1.3407386142230264
0.9074825344513823,1.266604985692582
0.8278323531528343,1.3841712444353345
0.8707735067933912,1.3119913895396413
0.8652095105475794,1.3387314681796827
0.8542796317925913,1.3497873172272083
0.868166946775554,1.3206173987558112
0.9185323069667604,1.249718573491307
0.8562151278522644,1.3306393841529227
0.8645315062684188,1.3325343287779947
0.9209104216453744,1.2492466276187961
0.9183583247161359,1.2505957959049294
0.8430060256093632,1.359537968072487
0.8695411068145731,1.3248595807871524
0.8765515059039761,1.292109385311034
0.8923679173370261,1.2909776811575981
0.8350867609115595,1.3611147586113423
0.9153627971089935,1.260124199366799
0.895466650975677,1.2775382119426173
0.8857762677410567,1.3087284518873925
0.8638240363643129,1.3345555417348571
0.8628176995479072,1.3519412887390976
0.8131365860816151,1.4441222293609226
0.9053655524070459,1.2459548435676204
0.9394938102888416,1.2146916868648172
0.8880420381350868,1.3020229902997467
0.9405830752806431,1.2040372993040538
0.8961795356293637,1.28615895856533
0.8635070073956562,1.338700465931088
0.8263350153687546,1.3992436921147446
0.8425462399107468,1.3773419642409468
0.8961493380678855,1.2806710395742402
0.9420658953191522,1.2098447243295096
0.8972288859770698,1.2848724676866619
0.8036569547320334,1.4145201821768276
0.9009961012006985,1.2757108129481523
0.8328062884488444,1.3787929385325777
0.8668965902042783,1.3226092573256165
0.8868045180535697,1.2842546662253282
0.8783384649109952,1.3192751921195962
0.9014632330713631,1.2567242142889383
0.9415791873979071,1.2165666605062557
0.8888566113038795,1.3067736595665942
0.8687318515554637,1.31075551313715
0.8450874350013872,1.3430952660258189
0.9089555998973011,1.2443730284608925
0.8676054083506657,1.331659647234091
0.8858316927758481,1.2904032335705693
0.8763872205152743,1.303203797516825
0.8919623351889361,1.2937247611895333
0.8555244965706982,1.3266577119371807
0.9407202270103596,1.216613864568783
0.8962956414606487,1.280889208560138
0.8617564960501316,1.3440384842464477
0.8992386947482144,1.2722984631550218
0.8634014144742097,1.3578374114934793
0.8801648385888431,1.3047193356124616
0.831684985312703,1.3809252705984028
0.8953438484024607,1.2924850601436826
0.9778414501552858,1.1832986480094663
0.9526666912291861,1.2050862618287985
0.8386481690342491,1.360022687087896
0.8769024688498355,1.298098813235605
0.8927988722691864,1.2948180295353435
0.818881270206783,1.4059758716846336
0.8675506068336089,1.3162951386447708
0.9094210672424768,1.2565071643942505
0.9067894775343571,1.2714960210283044
0.817159165582134,1.3965990184215187
0.9202505986340254,1.2321931485088382
0.8219321654039821,1.4028767822569885
0.8989744883751714,1.2869616697954849
0.8634485846349477,1.3332868249976992
0.8804813875210163,1.322217307210728
0.8855971356401439,1.2968753504859147
0.8328212586685783,1.3752901567395066
0.9108902962841892,1.2448433827399188
0.8589334999154153,1.3271455626688444
0.8865334046334753,1.2966913355390028
0.8580573048495259,1.330325622986731
0.9073753977214507,1.262367768049743
0.8682696344458237,1.309232318254571
0.8487078570911682,1.347553771290786
0.9340140192906611,1.2240614358615685
0.8355596639496334,1.3806477512551045
0.8939592780675674,1.2878651069236215
0.8706462204410116,1.3258258717616296
0.8446477556113143,1.369861690414893
0.8206829870691625,1.3798171068493947
0.9421773210544749,1.2250066914451783
0.8577390227641519,1.3370565323799064
0.919074629165067,1.2528494224779814
0.9035274043025213,1.2743896072936314
0.8798274368221903,1.3027525584243775
0.847575001198966,1.3636102281592293
0.8833473794657258,1.3048222816914217
0.8929265142793729,1.2897925377535129
0.9249365663697824,1.2423338325857114
0.8554013015619694,1.329715883319159
0.8958648368997321,1.2792737889019683
0.8324205380571775,1.3782217238335546
0.8233656141828826,1.40106233229604
0.885912232189192,1.296954088192652
0.8779928486044557,1.3122405337967267
0.8821860814757014,1.3055080728863082
0.8846500229660339,1.30413346990138
0.7895759461106511,1.4774486421386415
0.9094436146556699,1.2582203074024265
0.8500038321040893,1.3651215848515976
0.9280571635985355,1.2377152116224017
0.8362017286926382,1.3796196755563988
0.9014552073511641,1.2726626759647994
0.886729907041255,1.2928633742483675
0.904746826262876,1.2700614153273704
0.8775929254794147,1.318154510748505
0.8696851532162146,1.3299909353872141
0.8263350153687546,1.3992436921147446
0.8817195390573439,1.2889339052104047
0.8789883333533829,1.3178006435943712
0.9225204749853385,1.2421850301743917
0.9092256363850731,1.271964943886742
0.8802363380453898,1.3254901192218758
0.8231873614936748,1.3917574133167159
0.8770208004592924,1.3059587428704498
0.8523159395037464,1.354025437561302
0.9357184214415457,1.2342259225812864
0.8811352645437321,1.3080942959175728
0.9066829032792197,1.2520032374658563
0.8671092688336645,1.339223235875289
0.83072690292755,1.3841797640801947
0.8571897152105827,1.3571266574643834
0.8807097903845592,1.317221848496818
0.9000506329731754,1.2758894562554761
0.8352422870606254,1.3689987884896804
0.8911585778969543,1.289817672284915
0.9140508622459013,1.2529335426156893
0.8926851343031544,1.2833388612150032
0.8979221118191335,1.2712544977751814
0.9117400853160832,1.2671845448566768
0.8945162455980218,1.2828428827846907
0.9155112886104418,1.2517895663825644
0.8444871029616087,1.353304142154507
0.8440709204477647,1.3436503739050323
0.8345831651083514,1.3754356259959477
0.8347448810875099,1.3771978179106135
0.7798193896213537,1.4730363369824087
0.8494790245590012,1.3636551726785002
0.9084664507602919,1.2669085459954477
0.9428890141859853,1.2028949878920971
0.8531474687120051,1.3521783505029628
0.9116366891921771,1.240790099918269
0.8319237574008297,1.3882867781999753
0.9001361701711037,1.2872141403083546
0.8873293340103365,1.3071362216246527
0.8485484601731011,1.3620672008269357
0.9387281235557349,1.2017802916333067
0.9457555602709657,1.2118567552724666
0.9245214460433557,1.2486646575560265
0.903025803560555,1.2919189397328121
0.8904564604960683,1.2697670832403005
0.8682433059147602,1.3281276439190368
0.8342675651709032,1.3797984889496737
0.8652095105475794,1.3387314681796827
0.8666997508291829,1.3195592616210672
0.8427432748969337,1.3528961791743879
0.9398374248146009,1.1872092549572912
0.8697464352676023,1.3470546498232547
0.8669676255044358,1.3124901813255296
0.8593121852883309,1.3521922755075033
0.8999043395124816,1.2744771411479352
0.9045284192056857,1.2746854417806381
0.8649986805583287,1.34482113178464
0.9506422606650718,1.2027365413769466
0.8810795560440203,1.3167362855167335
0.8918229600132342,1.3043436818776828
0.9001101103140159,1.2928426198426652
0.8547082367026051,1.3574761843534704
0.9049695306310278,1.2704327901425114
0.866493763662193,1.3048177938589238
0.8971659424172709,1.2779648050266106
0.9311352829956534,1.2361200821484408
0.9357184214415457,1.2342259225812864
0.8930687834939752,1.2700673912718345
0.8630553352507434,1.3618974225210092
0.9667264096689013,1.1803093693869686
0.8748454498810128,1.304211666616507
0.8688686066491653,1.339110900783361
0.884070804939717,1.3007165865626582
0.8470386196712816,1.3712095844972452
0.8601896601596537,1.3262747751624246
0.9353409638843215,1.2216933822676017
0.9212067771154179,1.2447372278547562
0.8527510146408981,1.3555228624322486
0.8347402899054573,1.3581899058496898
0.8101393042943967,1.4327225414080362
0.8513339892329687,1.3642257580820862
0.9190165968587809,1.2468863650523412
0.8425462399107468,1.3773419642409468
0.8711614689060969,1.3282307012608414
0.8611844311168136,1.3405154068005045
0.8586521355238235,1.3265595082638872
0.9514763365746757,1.2172455513008718
0.9271166304768954,1.2315017727169828
0.8605265203647285,1.343369341389444
0.8230409092793742,1.384784932172148
0.8822918960326241,1.3038975758406042
0.8516438373418005,1.3602509331528438
0.8911099992472781,1.286209089491701
0.839180304419404,1.3812702135132118
0.9387281235557349,1.2017802916333067
0.865210001260575,1.3237068766210371
0.9140116030305235,1.2448089065734973
0.9049695306310278,1.2704327901425114
0.8585949643468944,1.344327290229709
0.8610521625988149,1.3262099550615367
0.871881415637343,1.328596804365617
0.8621572483693919,1.3371218959740774
0.88858276923402,1.297073580458371
0.8757482809922107,1.3209735964614548
0.8342271296848514,1.372522756411204
0.8604085663511076,1.3333939513161894
0.8989744883751714,1.2869616697954849
0.9317449300853746,1.2358754925990023
0.8419058679088275,1.4081236702880315
0.872393036234262,1.3107622859575403
0.8705962366596514,1.3369746983334432
0.9084664507602919,1.2669085459954477
0.8842788697546153,1.2916630758595862
0.8616432382839004,1.329324963025112
0.8464138870079876,1.362248130553795
0.8940831977083442,1.269649721008069
0.9069199876880928,1.2749270265530128
0.8416160716305429,1.3502133399685523
0.8691994072161695,1.3278250227282815
0.9069415985877617,1.2586448932695031
0.8311683338498796,1.3929791788086696
0.8612461324192695,1.3308204938949921
0.8568470584003339,1.3296962414673204
0.8570642963486881,1.3280325001648219
0.8911099992472781,1.286209089491701
0.865767809807376,1.3081882754881067
0.895917887991161,1.2759167817654398
0.933161515294618,1.2336594982744293
0.8804813875210163,1.322217307210728
0.8634485846349477,1.3332868249976992
0.8210163486883987,1.405884950194563
0.8508817862561056,1.3709270935219746
0.874328216240814,1.3198308328828472
0.8378342726386225,1.3861504983016582
0.8663499291201382,1.325709953889724
0.8634845687168337,1.3287473497168556
0.9042041106072163,1.2549738142013154
0.8962074540727116,1.2850788003793037
0.8810795560440203,1.3167362855167335
0.9358227597365023,1.2288537535865958
0.885912232189192,1.296954088192652
0.902163990966579,1.2575138864928326
0.8432254467866612,1.3575460758285929
0.9057378617800592,1.2712628721544024
0.925557521201393,1.2654848017961526
0.8550017003339786,1.3592592354359028
0.8991986972913362,1.2744296675769535
0.8770208004592924,1.3059587428704498
0.9514929880767053,1.2015893212892952
0.8428435227672197,1.3733496200078124
0.9002838245370982,1.284242490268354
0.8201316194248547,1.4058159359063616
0.820165045390461,1.387780540649736
0.9239183450285169,1.261444510876431
0.9293027855489933,1.2308545292957538
0.9280907969528234,1.2298039355721524
0.8578007239212911,1.3398865630864876
0.8682696344458237,1.309232318254571
0.8696041941409393,1.3213954316215015
0.9147572662423826,1.2631725486302547
0.8730087549739496,1.3182570877719635
0.8723178637479496,1.3121405957830374
0.8733724114160284,1.329189261929474
0.8675827974402726,1.3320333042299421
0.8746497961064611,1.3231114379370064
0.8662589819130875,1.3307889162425004
0.8707735067933912,1.3119913895396413
0.9020575029660476,1.283342682674784
0.8652610537790619,1.3279685907486194
0.9089204194112748,1.2627177584734701
0.9227129687582685,1.2532444221939605
0.9133602223270405,1.23749650374392
0.8461197555623169,1.3698274441828744
0.836480854899881,1.3758953596805956
0.8878279887912415,1.294241368102029
0.9051526663521923,1.2781874959797417
0.8200972679187768,1.4052318286050907
0.8470580869473012,1.3497759433652343
0.8788140764891872,1.3061967182811132
0.8748454498810128,1.304211666616507
0.9204900394437977,1.257931196606869
0.934959675452183,1.2465336796438504
0.9361048618187122,1.2097572812477693
0.9153627971089935,1.260124199366799
0.8353377203968303,1.3821847747750335
0.9460861545709188,1.207222408076825
0.8370897214190753,1.3849043408128034
0.8697028716914472,1.3250563121389334
0.9536846956127254,1.2036792838038177
0.9273644785910433,1.21985968625607
0.8738690184522988,1.314385594158355
0.8917839047116872,1.2818139618458824
0.9230333472421245,1.244429141372996
0.8833473794657258,1.3048222816914217
0.848587844170254,1.345493462898405
0.8561488603570012,1.3501771621148713
0.8951351365960395,1.278730516543386
0.8731009905720222,1.3312646743458123
0.9105981698588255,1.2372156253356725
0.9339771564601659,1.2160432436153017
0.9445062447494416,1.2173379772734831
0.8855971356401439,1.2968753504859147
0.8703547788371501,1.3152440189756254
0.8763872205152743,1.303203797516825
0.9280571635985355,1.2377152116224017
0.83396710757359,1.3916443259767293
0.8552082893121208,1.356290996606636
0.8763895786851053,1.3007577604615834
0.9113456458661987,1.2519285730900602
0.8633033741309198,1.326492260104853
0.8782768154638098,1.3041501283270027
0.8976219123098276,1.2740537264336267
0.9531479035579962,1.1920899391368243
0.9092516524019815,1.2581180387959952
0.884097245517432,1.3082051201610172
0.9099148137423327,1.2512876105297932
0.8378761771900799,1.3629463131533286
0.8306737251404372,1.376460554476597
0.8852749455262662,1.3080651413088185
0.8855971356401439,1.2968753504859147
0.9112430168916881,1.2312725416116217
0.9494087767277053,1.210271511193888
0.8306737251404372,1.376460554476597
0.8206829870691625,1.3798171068493947
0.89275325415083,1.3029735149509682
0.8892631929050817,1.294497395444129
0.9141581490532604,1.2288787636579737
0.8818237528395483,1.3228490782746318
0.8343088852059954,1.3772994014037838
0.9185323069667604,1.249718573491307
0.8399001803353974,1.3830807367499676
0.8787620819567586,1.3112007372959529
0.9101453763935856,1.2603273858360413
0.8857762677410567,1.3087284518873925
0.8752151481347308,1.3109791618042497
0.8753705991391868,1.286000736326059
0.8522561223264294,1.359760302127018
0.8989963742435759,1.261461817852181
0.8543737483263696,1.343587508166603
0.8595382526877802,1.3368833564509903
0.9070555205815066,1.2494980611689448
0.9089373346276353,1.2684357733020635
0.8648563293168101,1.3219103434360633
0.9190070746061971,1.2519107501353735
0.8605051989556208,1.3280682228864824
0.8108341179629344,1.4290764868043129
0.8551043982705525,1.3294098853330607
0.8300085636304756,1.3821309631634917
0.8941120631546375,1.2676475856718064
0.9151186305211612,1.2428409533410611
0.8935685535512773,1.2775531769615407
0.8378761771900799,1.3629463131533286
0.8879513044145619,1.3073759876235558
0.8302912219131391,1.3806612178858884
0.9328602257853993,1.2251804510548627
0.817159165582134,1.3965990184215187
0.8372386471872473,1.3927864921511863
0.882201248911233,1.3135309586313486
0.8753474446014758,1.3229308061329745
0.8414457965663031,1.3679161609825101
0.9817072743285655,1.1440897423789516
0.9197967373680837,1.2519158524258032
0.879612125534887,1.305622992432841
0.9035274043025213,1.2743896072936314
0.8472438121303542,1.3528363424706946
0.8676609117143987,1.3283240988209286
0.8702473167601249,1.3144375068968237
0.8671323491108848,1.3211988873177432
0.910152870060116,1.2655339116220226
0.8750466656461172,1.3139182923759534
0.8572277242020251,1.3405399384845245
0.9124119864470621,1.2725424343903924
0.9281045696909469,1.2422097473727136
0.8412206622848586,1.3654948696700322
0.9272620028354707,1.242546612452542
0.8078826979432032,1.4206397511682565
0.8256384963361751,1.3875749874690566
0.8494790245590012,1.3636551726785002
0.9505834103209272,1.206488950528536
0.9148532635477662,1.243035815632913
0.8643689220083324,1.3320695981311437
0.870457574139589,1.321782163146393
0.8865334046334753,1.2966913355390028
0.8971332414888088,1.283377606490402
0.8988113078007138,1.2814760168062398
0.9254685413832351,1.2490983456681175
0.9016613188586623,1.28529576073856
0.8770789283684325,1.330431088523313
0.8539077333817318,1.3571599568388675
0.8816360244084678,1.306302607549591
0.8738690184522988,1.314385594158355
0.8662589819130875,1.3307889162425004
0.8507549168390635,1.3482873910838586
0.8524593401840806,1.348092849096241
0.8259789962112078,1.3901204035554175
0.8309675275736376,1.3977524178899574
0.7970776661573118,1.4543870664395069
0.8906520948932036,1.277972836852721
0.9067894775343571,1.2714960210283044
0.8944333480478109,1.2945051824013538
0.9385080752441882,1.2293752688374242
0.8624299615291714,1.3260873657036154
0.9357184214415457,1.2342259225812864
0.9022633761014748,1.2823986265072547
0.841869087857517,1.3478668761344883
0.8561448000662979,1.3585632392448124
0.975160733704787,1.16875069628348
0.8752151481347308,1.3109791618042497
0.8279094964904994,1.3987908262885864
0.8597512974135726,1.3466776790936488
0.9539846296954574,1.1936648347075978
0.8657150072250129,1.323648514872217
0.9140508622459013,1.2529335426156893
0.9273213831162364,1.2310926485271982
0.8877259933234072,1.298490058590541
0.9127018120921381,1.2590603940531901
0.932319784020813,1.2091753311927447
0.8940831977083442,1.269649721008069
0.8827390708522481,1.2917214479549142
0.8242796836930687,1.3974512918997433
0.9489732082057397,1.206937742252303
0.905658690981484,1.260318129843289
0.8320342688315484,1.3852488143631614
0.9140508622459013,1.2529335426156893
0.8111113725036673,1.4329456456397307
0.8889517536020738,1.300007750352875
0.8313985361181331,1.389520211054984
0.9458715845621704,1.2146805621482857
0.875171691991173,1.3054275958281523
0.8450845862553991,1.3544935655549872
0.902163990966579,1.2575138864928326
0.8862995582291561,1.3087720049254623
0.8218582175773029,1.3714039577214459
0.8771701877255722,1.3144350531477935
0.8935564598046972,1.2936266810255972
0.9165709035585827,1.2576484015653313
0.8194734783769924,1.405224202503155
0.8800237149943374,1.288292509021764
0.8568470584003339,1.3296962414673204
0.8451401873965311,1.3586420506284633
0.9757811483827018,1.1760131806243141
0.956319036324573,1.2002336588265585
0.835989967118931,1.406850145742376
0.8593464226048817,1.3522999996344858
0.8665344547997053,1.329633839745735
0.8744215143588242,1.3186130917007712
0.8614074013644817,1.3381481026357067
0.8911099992472781,1.286209089491701
0.9053655524070459,1.2459548435676204
0.8957890572001532,1.2627569058556298
0.929806619609257,1.224840304931488
0.9165709035585827,1.2576484015653313
0.8713377070815129,1.3185122235125368
0.9047411719333651,1.2627529041230077
0.8611844311168136,1.3405154068005045
0.8948539717607519,1.2835341718282192
0.8713377070815129,1.3185122235125368
0.8241600749010037,1.388263521032205
0.9086935265245106,1.2507406450450862
0.8693913075206245,1.3245550700557456
0.8235458718695032,1.3869594691505716
0.9248904734782555,1.2570839948614159
0.8998167724443182,1.277147423577157
0.8415771924111144,1.3463463818974428
0.8755661366242047,1.310988134609378
0.949732303555766,1.2080946105244492
0.8606358056504098,1.3259982703829307
0.8916324694164616,1.267872702572408
0.9638471617469675,1.1888900029220952
0.872146210960058,1.3044583531115903
0.9247105138200059,1.2265113784401835
0.8625875744844876,1.3405206779623733
0.8746063758398801,1.3110082341365905
0.8383343916169133,1.3933264839499926
0.8778999201367161,1.3027576469390025
0.9514929880767053,1.2015893212892952
0.8515464701782012,1.3473352862232955
0.9009961012006985,1.2757108129481523
0.8309675275736376,1.3977524178899574
0.9280571635985355,1.2377152116224017
0.8669269240119732,1.3144601716699866
0.9146951970572355,1.23260516937623
0.8789404778508234,1.3100058697184083
0.8786128463962303,1.2999432393540757
0.875505008892517,1.3236694290489106
0.8337970232754108,1.3810457086848815
0.8808669882774407,1.2970753116565708
0.8232094689556425,1.3940775970094743
0.8985947223101388,1.295233196957798
0.8838198128070861,1.3042926921384812
0.9415791873979071,1.2165666605062557
0.8817723155394331,1.3198234165132723
0.8636867524052865,1.3324559417287254
0.8091864116036647,1.430057761192364
0.8690592074080428,1.323637839933951
0.9074696337873894,1.2555385499845244
0.8962050471604064,1.2789824741491804
0.9050205026406313,1.270801869119058
0.9320722344670952,1.2441302813625024
0.8509326790298986,1.33792253145196
0.8388169402678478,1.3859533241161004
0.956319036324573,1.2002336588265585
0.9092861927244301,1.2628693996815896
0.861656159286465,1.3297696084590973
0.9256844413449767,1.2376740724659159
0.8746063758398801,1.3110082341365905
0.8904564604960683,1.2697670832403005
0.9251866250914141,1.2332370791574587
0.8612349695683796,1.3398098393959508
0.8453209435070157,1.3523519586780173
0.8851736163554216,1.3010028707588923
0.9137205587145808,1.263870672385628
0.8922157738286061,1.288911964634277
0.8915971036437884,1.2950012041582504
0.8570620402729158,1.3530788654523473
0.8725345879253936,1.3232832264591943
0.8741381183271512,1.3255248409206626
0.8459020703976511,1.3705018708721943
0.9447068179212526,1.2283695964529657
0.8182800047727545,1.415163461668319
0.8832660054300739,1.2948386860292656
0.8610712181187224,1.3523121207295237
0.9387281235557349,1.2017802916333067
0.879089185587739,1.3176545200945673
0.8593464226048817,1.3522999996344858
0.9976327970342013,1.147556583791656
0.8251843029829068,1.3859300308996134
0.9098769752574977,1.2565974315153523
0.8666825173841944,1.3460249446210482
0.9197825804031415,1.2557318560143313
0.9002405466382479,1.28843631757877
0.8276195464993384,1.3612092598662058
0.8677543177257441,1.3392851845521931
0.8614560142826243,1.3264351989638188
0.8786200652469587,1.3219930009838332
0.7865310660883807,1.4768507879576722
0.8937568289345255,1.2909123612967877
0.9502741502913816,1.191501511708066
0.8613006372673381,1.3436869053223262
0.875283399009886,1.3087427141688917
0.9140116030305235,1.2448089065734973
0.872393036234262,1.3107622859575403
0.8601732475104629,1.3334528932034477
0.9192979801812722,1.2411020020936192
0.8571828654353946,1.3533742270217446
0.9263316108391613,1.2473232501689346
0.8524643418676132,1.349945628041283
0.8938481081695964,1.2748457336390402
0.8687318515554637,1.31075551313715
0.8605265203647285,1.343369341389444
0.8745465337529926,1.3213825808177435
0.8542796317925913,1.3497873172272083
0.8997179636450999,1.279557390553427
0.9146951970572355,1.23260516937623
0.8147376719274207,1.4107728412939542
0.9088122756218984,1.2712417984391269
0.910809625042839,1.2500597005475877
0.9121940692958778,1.255977359066459
0.8947485225845633,1.2973278205985626
0.8795623842715521,1.3151395344489465
0.8746063758398801,1.3110082341365905
0.8691994072161695,1.3278250227282815
0.9001361701711037,1.2872141403083546
0.9084751192510699,1.278154890086203
0.9147559730386176,1.2764576368940483
0.829396014619559,1.3909033257021937
0.8801648385888431,1.3047193356124616
0.8762619208879681,1.3121861198293554
0.8926261067076408,1.3009011242551658
0.9099531567987023,1.257459914277758
0.8403614639699913,1.3835649493750393
0.8972288859770698,1.2848724676866619
0.8756588475635518,1.313651035520244
0.9460861545709188,1.207222408076825
0.9222648025278092,1.2325695801761616
0.8300085636304756,1.3821309631634917
0.9000240176056167,1.273764599270563
0.8353690128769331,1.3939033739599604
0.8592150775751798,1.3286026456991027
0.9418523517129265,1.213100915465247
0.9098751843348788,1.2590143863597274
0.9163467411345049,1.2331586134732866
0.8633433620757841,1.320949400221748
0.8813580015238625,1.3192519412414925
0.9088272412225519,1.2738329767324326
0.8694175493386143,1.3195814599742022
0.8915349968018975,1.2862774805784378
0.9328083365285796,1.231769025406766
0.8553093864293136,1.3461575846410176
0.8464701649884588,1.3535339369064272
0.8776951170382181,1.3056836859428098
0.8120374717239403,1.4202538128643174
0.8634158265395722,1.3312439273740173
0.8675827974402726,1.3320333042299421
0.921043856983869,1.2460801839961864
0.8767930573060531,1.2953470362896573
0.8609506338849423,1.3314761809986637
0.875171691991173,1.3054275958281523
0.8251843029829068,1.3859300308996134
0.8569930293282269,1.3216628660498317
0.8877259933234072,1.298490058590541
0.798985137414445,1.4633010521636796
0.8923442528474268,1.2847155048651056
0.8880372434177206,1.2905816728841557
0.9155655719380802,1.2659320534817284
0.8884919878687262,1.2924968622554713
0.9136397665226158,1.2496711504161675
0.7906014445214078,1.4666635503499597
0.9090603004589555,1.2737110656256458
0.8822918960326241,1.3038975758406042
0.8404465064467451,1.3686950795905302
0.841153904894147,1.3691310262430763
0.8666825173841944,1.3460249446210482
0.8265618037773249,1.4003981481887737
0.885290056774829,1.309919365234087
0.8941120631546375,1.2676475856718064
0.9150082928117811,1.24115497376182
0.882201248911233,1.3135309586313486
0.9289128116264194,1.2354191827476524
0.8822918960326241,1.3038975758406042
0.8218320019567169,1.4073191702675727
0.853311899183109,1.3365331941958534
0.8703547788371501,1.3152440189756254
0.8845266437075036,1.3068018079980595
0.8922489604176336,1.2935029538519758
0.8784626863691969,1.2966399063851797
0.9120234709266422,1.256434616004437
0.820112155055086,1.3937698442178832
0.8148316550035755,1.409000674118115
0.8322360751771026,1.3622872110822901
0.8343504641289272,1.3727108625058233
0.8842033120699997,1.2861647965339098
0.8543033460197813,1.3457577395421685
0.8307343971206088,1.3883986628073297
0.8624462642945391,1.3327944922028612
0.8810795560440203,1.3167362855167335
0.8269013592053497,1.4055000632116192
0.8935564598046972,1.2936266810255972
0.8428435227672197,1.3733496200078124
0.8557815088112798,1.3442018579030772
0.9549668066397182,1.2015063902749996
0.91004175747605,1.2486653225241093
0.8922157738286061,1.288911964634277
0.8489451912436734,1.3610713344101337
0.956319036324573,1.2002336588265585
0.8477287743760721,1.3541851943567085
0.9151804438141438,1.2654424009206058
0.928671529791173,1.2355555183106386
0.9023848219048801,1.278081855278936
0.849788533325124,1.3529058291414409
0.8219095415585027,1.4080173693179439
0.9181987698275184,1.2409018064521582
0.8971203048513059,1.281354352157411
0.8971213237442701,1.2967560218835346
0.871881415637343,1.328596804365617
0.9537049868898237,1.20274975639654
0.8684098633127985,1.3430651169165482
0.8467094690817416,1.3517324414727259
0.9011816401225229,1.266730146923388
0.9202921174745877,1.240332577947093
0.8815075690907539,1.318952215667817
0.9081076846161276,1.2707153414458323
0.8461197555623169,1.3698274441828744
0.8154868353053992,1.432656076709651
0.8648563293168101,1.3219103434360633
0.9162269570929751,1.256593883368931
0.9171914956504239,1.251691982486083
0.8528781228297203,1.3454669836140123
0.9141581490532604,1.2288787636579737
0.9243640940067835,1.2420114790235681
0.9324652176586012,1.2234571338785045
0.8071877900482928,1.4659210595237957
0.9063074615708309,1.268356563907489
0.9024545246738576,1.2767331995457993
0.8568318645981242,1.3316839745400941
0.8705248111740354,1.3275130186982378
0.8309223198059225,1.3778036712532487
0.8915971036437884,1.2950012041582504
0.8854774118544774,1.2924555913242903
0.8362017286926382,1.3796196755563988
0.8067637880561062,1.4474955778566412
0.87785543816288,1.3114093971014826
0.8922489604176336,1.2935029538519758
0.8779647269650366,1.318500063227423
0.8917586592928612,1.2895528621598398
0.8510997430780584,1.3598830176271561
0.8489233375486,1.3451878335622203
0.8686292701403583,1.3242766844706377
0.8730774114006049,1.2957447187429105
0.8662331528082893,1.3360724733328533
0.7992715790415945,1.4450754246798128
0.8936362881931478,1.2904283271732186
0.9531526289735551,1.2065585792485198
0.8801648385888431,1.3047193356124616
0.8566504425744285,1.3355991135274894
0.9057263109157132,1.2951879413029463
0.8127775837707831,1.4161767190994707
0.8795600869874726,1.2996583644049737
0.8758400370810946,1.3117492209845667
0.8920102130230887,1.2797583935015084
0.9107879469563661,1.23980385777374
0.9099531567987023,1.257459914277758
0.8699155948635616,1.3041305251206277
0.8934567842918667,1.2986558651763467
0.8235025643282858,1.3939667842104977
0.8550589814636732,1.3496386464703056
0.8453404872355001,1.3568978076027696
0.8894722305982412,1.2920713503595898
0.9060189349578851,1.2609003086777244
0.8944150203156835,1.291146348359638
0.8819405299184006,1.2831726015866898
0.9069279911591098,1.2687832403661214
0.905434888269868,1.2798388483123468
0.9026895138682413,1.269245689471466
0.882201248911233,1.3135309586313486
0.8821439249593667,1.298846577391772
0.8496263248975724,1.3561313191441207
0.836598075964183,1.378279791949872
0.9549668066397182,1.2015063902749996
0.8433471514528038,1.3664210877262075
0.9131773341451345,1.2604921134005747
0.8672649827522638,1.327856777118381
0.8671170094344444,1.3261990249527027
0.9011816401225229,1.266730146923388
0.8472624994855464,1.3581382967717517
0.9064541508464494,1.2661322633935672
0.8303740123360387,1.4058110303840587
0.8789883333533829,1.3178006435943712
0.8223672356302335,1.3751162224402302
0.9565810613492473,1.1998261661995597
0.8768441966405098,1.3043765499405817
0.9147572662423826,1.2631725486302547
0.783687586238852,1.440210813474565
0.8829621449078578,1.3293388035711984
0.8507549168390635,1.3482873910838586
0.9427960355767117,1.223092950060335
0.8454938574842162,1.3523968199735303
0.8459645352835947,1.3531381483345208
0.8827401798935107,1.2971860197637444
0.868166946775554,1.3206173987558112
0.8680265725475493,1.3260239392487072
0.9600600759399318,1.1927295782355547
0.8462972421260486,1.3546264236146248
0.903667231691966,1.269782254735969
0.9030418302836043,1.2762816717755194
0.8635070073956562,1.338700465931088
0.8749168798701845,1.3109603917042212
0.8271496178910936,1.3984657494447383
0.9198010764787795,1.2367561018082964
0.9310337038505099,1.2425773788232564
0.9202505986340254,1.2321931485088382
0.9136541712061899,1.2655467995708056
0.9020094323861543,1.276157164829168
0.8911585778969543,1.289817672284915
0.95662926405206,1.2049379758648928
0.8338257324216054,1.377632753794828
0.8241600749010037,1.388263521032205
0.7862489686768216,1.4699605577920996
0.8969270051510505,1.2787626410625093
0.9336673737160627,1.2285488395000412
0.8530225881537636,1.352664543460511
0.9084664507602919,1.2669085459954477
0.8700077561118202,1.3119669152936821
0.9520512468637066,1.2010640613239774
0.8980573951195223,1.2771778154853184
0.8591439570478157,1.3329375993717059
0.8665344547997053,1.329633839745735
0.9228901585930153,1.244478768444701
0.8832589164989132,1.3052446544597287
0.8460353627274623,1.3522369136590846
0.8531738703286074,1.3458975256744778
0.8579685800675897,1.357175577041852
0.8295185050814656,1.3956376427016846
0.9195850067751585,1.2461007114778404
0.8707735067933912,1.3119913895396413
0.8849757537712355,1.307251339224076
0.8326680806779737,1.3847219701290698
0.8682433059147602,1.3281276439190368
0.8870301776987042,1.2836305882665764
0.8775720124741831,1.2989161237130018
0.9014552073511641,1.2726626759647994
0.8225457158371464,1.4286809904651647
0.8860523699956414,1.3043676761920049
0.941783885068801,1.2132856427179195
0.888398963850117,1.288223734316423
0.8315240093552015,1.375138139806324
0.8085120290429839,1.449095394009803
0.9083243783928391,1.2727063547314887
0.8130563855688798,1.412104348149537
0.8649259150458996,1.3231464698145343
0.9092861927244301,1.2628693996815896
0.9232562338167057,1.2458923221149232
0.9016158929538073,1.2572658259997713
0.8357963899588704,1.3875672177132439
0.8880420381350868,1.3020229902997467
0.9165709035585827,1.2576484015653313
0.8597939326961597,1.3314455653747401
0.9562050420681594,1.194110608454033
0.8573004670764444,1.3324529005821166
0.8990558779024447,1.265578467814894
0.8826617700616967,1.288156593108302
0.8746927489900475,1.3123301845426782
0.905658690981484,1.260318129843289
0.8298779576367751,1.373951368301964
0.8566037408465942,1.3414755982740831
0.9414305626183129,1.2155725631470924
0.8915349968018975,1.2862774805784378
0.8768711104095454,1.3188449740357149
0.9418523517129265,1.213100915465247
0.8761745341398928,1.300281538218229
0.8398614448837052,1.373247317583104
0.9549668066397182,1.2015063902749996
0.8763872205152743,1.303203797516825
0.8646040659640357,1.3278898298698762
0.8258278808942761,1.4082403054646637
0.9217878877021523,1.2462891116398238
0.8370897214190753,1.3849043408128034
0.8751484312369086,1.307972155565753
0.8761248232294173,1.3119431211056123
0.8872359814552859,1.2934021610712403
0.8691994072161695,1.3278250227282815
0.8286660162388314,1.3773339738038692
0.8573004670764444,1.3324529005821166
0.8951374409973397,1.2772529149813405
0.8349349310581405,1.3902685543012905
0.8972288859770698,1.2848724676866619
0.908055535751256,1.2607317359519288
0.8994317163638531,1.2611777428580397
0.891118094699067,1.3187660384575104
0.8793094132687782,1.2941632625727115
0.8446581511443414,1.3496219638974916
0.8880420381350868,1.3020229902997467
0.9072701459273802,1.273560516264941
0.884097245517432,1.3082051201610172
0.905434888269868,1.2798388483123468
0.8704208283764309,1.3253198766441463
0.8833715171931552,1.303471446587159
0.8677166104176113,1.3191931695313746
0.8931846882559289,1.2975981019678844
0.8440099223347216,1.3692147760700886
0.905658690981484,1.260318129843289
0.848533079110653,1.3440605726650925
0.8480326497967371,1.3516715942047928
0.883321046576875,1.3138646990665532
0.8643689220083324,1.3320695981311437
0.8487078570911682,1.347553771290786
0.9185323069667604,1.249718573491307
0.9190165968587809,1.2468863650523412
0.9225200850425509,1.2410955005499842
0.8372530711516013,1.3653313908669102
0.9092256363850731,1.271964943886742
0.8688375624103637,1.3284579974684207
0.8833501071096087,1.298275215518937
0.8781104442592276,1.3183484285231517
0.8432493341985079,1.3841016683619916
0.9074333509430939,1.2628040440730752
0.8410644743675062,1.357464421087014
0.8509028065499927,1.342162169779903
0.8655188979877593,1.3347825872562693
0.8578905268502677,1.349676645182062
0.8606358056504098,1.3259982703829307
0.9394938102888416,1.2146916868648172
0.9136354246040643,1.2473297762243718
0.8924825471925578,1.2870345170259954
0.8577626970151591,1.3340617570832562
0.8320342688315484,1.3852488143631614
0.8864076473261115,1.3008466248714896
0.9084423059074661,1.280179032609859
0.8331668121000223,1.3831055068164713
0.8480326497967371,1.3516715942047928
0.9738458281596045,1.1804382365732953
0.9891185078120758,1.1587906939105044
0.9448317626418707,1.2124933430814084
0.8317053972862323,1.3897506397448218
0.8876927609140185,1.293552312698273
0.9378826642883994,1.2300144072431367
0.8868580505154556,1.3070169901802897
0.9339165434021086,1.2247806668044752
0.8911242300181199,1.2941710991900364
0.9012862965225031,1.2485882787228195
0.8463235085405847,1.355082635227611
0.8417747781216669,1.3683770530054282
0.8822478303496424,1.2949178474778082
0.852248030753941,1.3462597338606546
0.9552971829192578,1.204081095237668
0.9069279911591098,1.2687832403661214
0.9501089038451727,1.2212370273239073
0.9538646814710026,1.1803777210344866
0.8897986477336969,1.2816055063260416
0.845989751229659,1.3546571198993882
0.8980083220503171,1.2731639076894024
0.9064370800195833,1.261303432552316
0.8842696390037817,1.3165398681264973
0.8924849335481876,1.2912398406312662
0.8531054517956725,1.3439657231368116
0.8514896522171378,1.3758378930966757
0.909226142885381,1.2592746428181871
0.8949310419872265,1.2876706464263326
0.8899393437385287,1.296332528209303
0.8355596639496334,1.3806477512551045
0.8751484312369086,1.307972155565753
0.87721503531406,1.3022416885153132
0.8751874802306217,1.297209230135692
0.9015431548294174,1.2788628906547594
0.9293027855489933,1.2308545292957538
0.8876467102155464,1.2833092082081423
0.8822918960326241,1.3038975758406042
0.8522561223264294,1.359760302127018
0.8786128463962303,1.2999432393540757
0.8421676021004593,1.359387174334287
0.8911585778969543,1.289817672284915
0.8855838234067742,1.298071124269815
0.8624119662179374,1.3001203049236476
0.9211919381360534,1.247410879893839
0.9165445392882661,1.2604155646788235
0.8254745775679366,1.4041543176085292
0.8979142218711227,1.2818601461092303
0.9111607055651479,1.244939082932804
0.8665344547997053,1.329633839745735
0.9046242964271566,1.2590294239552406
0.8602566806220823,1.335342189083971
0.903007418897336,1.2923178445912002
0.8854655015014937,1.2924929444480784
0.8622106699161156,1.3258619325503453
0.8589509373179933,1.3389494333123912
0.949732303555766,1.2080946105244492
0.9498665566809685,1.2097392080679708
0.9180833871343234,1.2525524855366201
0.8704730692246028,1.3056418837483936
0.8811900374147696,1.29577399994081
0.8411337633946118,1.377616481052295
0.8985947223101388,1.295233196957798
0.8417747781216669,1.3683770530054282
0.9000506329731754,1.2758894562554761
0.8746927489900475,1.3123301845426782
0.9699046410482765,1.1918349741695338
0.8207755984807599,1.4117109726751742
0.8672386372526959,1.3249486884613204
0.86040230649347,1.3268399299474878
0.8636718867513421,1.3303449239451817
0.9016583690620855,1.2658738631823374
0.8828665907835599,1.3231972094871052
0.9552732426899683,1.2017913104716489
0.8236504498888939,1.3812654310816037
0.9182851285203827,1.2422515218586478
0.8388169402678478,1.3859533241161004
0.848533079110653,1.3440605726650925
0.8597612348314729,1.340618683292862
0.8531054517956725,1.3439657231368116
0.8347269092814602,1.3606779315152648
0.9072701459273802,1.273560516264941
0.876123514602546,1.3016758295390094
0.8513439063517647,1.3421232121903737
0.8482737409367039,1.3643616843531579
0.8758400370810946,1.3117492209845667
0.8579685800675897,1.357175577041852
0.8101223391114275,1.42713140599735
0.8820444703248235,1.3232880877725182
0.7892179171623261,1.4923301521027412
0.8417781659941599,1.3607000843460741
0.8008654041723906,1.441943448702008
0.8550017003339786,1.3592592354359028
0.8568978811223397,1.337167918930962
0.8625835898800407,1.3244695597926337
0.8870301776987042,1.2836305882665764
0.8494790245590012,1.3636551726785002
0.8993432969550955,1.2747775371152004
0.8627320827571193,1.3468351265154965
0.9469297804144463,1.21288845107102
0.8868045180535697,1.2842546662253282
0.8915971036437884,1.2950012041582504
0.9088759348366025,1.2389020725111175
0.8710425087421084,1.3140638212974436
0.8262379794612892,1.4089106630021195
0.8915349968018975,1.2862774805784378
0.9416772025943354,1.2105730349346786
0.8665344547997053,1.329633839745735
0.8415000381035621,1.3876098900967404
0.910152870060116,1.2655339116220226
0.9034391536287739,1.2845779090297333
0.8129705529480588,1.4150402666145725
0.8392447112993392,1.3553236752151665
0.9293447976865903,1.2265958802671157
0.8598196176793643,1.3319360827151157
0.9453875780519122,1.1941496850850977
0.8302912219131391,1.3806612178858884
0.839180304419404,1.3812702135132118
0.9057263109157132,1.2951879413029463
0.877819480432194,1.2988141368150061
0.9089373346276353,1.2684357733020635
0.8581313388301649,1.3507979897290083
0.9084589840868603,1.2678743123832035
0.8635341955902314,1.3269576622890111
0.9277861023142466,1.2262214181558335
0.8669690391509095,1.3345961443073915
0.8915083450980449,1.2877446004876831
0.9296914637417669,1.2424540256247547
0.8778999201367161,1.3027576469390025
0.9089204194112748,1.2627177584734701
0.9609637169772398,1.1856320478711115
0.9248451025760777,1.2324571536448383
0.8622292264168674,1.3306692023706066
0.8979221118191335,1.2712544977751814
0.8822918960326241,1.3038975758406042
0.8810121564080446,1.287717167974457
0.8473775369030188,1.367103684809928
0.8547082367026051,1.3574761843534704
0.8675806297743213,1.3292745548509621
0.875081749122228,1.331454411793233
0.8904344336058908,1.2921122154386115
0.9018259164624792,1.2811005612687243
0.8784229098872768,1.3066627858897144
0.8858316927758481,1.2904032335705693
0.8694175493386143,1.3195814599742022
0.8426193431715541,1.3548420841155266
0.9131773341451345,1.2604921134005747
0.9153021737155826,1.2316493647519258
0.8924849335481876,1.2912398406312662
0.8665998478782847,1.3190454997885515
0.8646040659640357,1.3278898298698762
0.9016552490676426,1.270696175123622
0.8539477098751235,1.3567804310414493
0.8586521355238235,1.3265595082638872
0.8740713515396892,1.3143738073281934
0.8342271296848514,1.372522756411204
0.7918780389763604,1.4630147480711277
0.8779029721944752,1.2934439456925082
0.8849351436549302,1.2910478358995263
0.8468871780168553,1.3489914408038677
0.8414457965663031,1.3679161609825101
0.9234638072251069,1.2307921350855282
0.8005942291913579,1.4507528655437585
0.8833942468835367,1.2881396042997961
0.8707735067933912,1.3119913895396413
0.8577905821624697,1.3570317895577921
0.9698508243219416,1.1679092419552528
0.9474916262876784,1.2205434515437927
0.9253699352200012,1.2610303576844024
0.8873293340103365,1.3071362216246527
0.9149778720286406,1.244704109145509
0.8606515440918954,1.346784104571646
0.8597612348314729,1.340618683292862
0.8014808762355369,1.4416183741341184
0.919074629165067,1.2528494224779814
0.9616728142116207,1.1996501586424304
0.870773876839091,1.3058562045358406
0.9285913365566293,1.2513066939580337
0.849788533325124,1.3529058291414409
0.899686956849774,1.263618852072401
0.8283553094750534,1.3661879604174254
0.9290620873326326,1.2361138952136375
0.8131365860816151,1.4441222293609226
0.8297889716020742,1.38622481288497
0.8489695433035014,1.3555027493482215
0.9380336815613405,1.2313262676515238
0.8871823498528398,1.2807604068331038
0.8612860833310708,1.329469597631661
0.8977230227725378,1.297188056547936
0.8938481081695964,1.2748457336390402
0.8140780911151015,1.4194503819123203
0.9171119705566484,1.228883530544367
0.8240428797696102,1.3819778567383072
0.9180833871343234,1.2525524855366201
0.9453863389696755,1.2144114500489729
0.8562831538754366,1.3519913086349922
0.9047720447929769,1.2810338733819195
0.8900948143820778,1.2855786346953433
0.8681932732293542,1.3367993820134623
0.8502121218108677,1.3601455000791678
0.846244180688168,1.3517207595139913
0.9280571635985355,1.2377152116224017
0.8560177665742635,1.3376646257302514
0.8795623842715521,1.3151395344489465
0.8517279537085083,1.3255744020914284
0.839486373811633,1.377234748339296
0.9474916262876784,1.2205434515437927
0.934959675452183,1.2465336796438504
0.9222809696511439,1.227704918600929
0.895019071481549,1.288108404022706
0.8753474446014758,1.3229308061329745
0.9163531867704896,1.2329409471673547
0.8940831977083442,1.269649721008069
0.8301028477585431,1.3901322118571358
0.9190165968587809,1.2468863650523412
0.8924849335481876,1.2912398406312662
0.8363058874576592,1.3835315980863017
0.8795623842715521,1.3151395344489465
0.8855246188516092,1.3060195175015596
0.8793559349684029,1.280809940448313
0.9418825915403928,1.201026221806719
0.8999537010994865,1.2659671032743656
0.8674252064674219,1.340314648119746
0.8809915049776043,1.2953988810763917
0.8767826823756457,1.2920077826299314
0.8754651335723626,1.318752817534877
0.8485114934007196,1.3513203722918974
0.8786604677487724,1.2997778532557474
0.8611254796598088,1.3392873713889735
0.8999351656968267,1.288210419168138
0.8961795356293637,1.28615895856533
0.8910684836723777,1.2987554850043448
0.8593464226048817,1.3522999996344858
0.8842737384425645,1.3064290556968723
0.9152560665840925,1.2423997254982992
0.865767809807376,1.3081882754881067
0.8787620819567586,1.3112007372959529
0.9080758931258932,1.2706793425463858
0.8648563293168101,1.3219103434360633
0.7992715790415945,1.4450754246798128
0.8600608944431685,1.340271036243879
0.9000506329731754,1.2758894562554761
0.8472438121303542,1.3528363424706946
0.8991550154673997,1.2697899674122484
0.7862489686768216,1.4699605577920996
0.8800537622287917,1.331841430181733
0.8769629475875984,1.3064871776916842
0.8525845008079791,1.3608939133617721
0.8870115019958147,1.2847572406646373
0.9088616454072203,1.254712248532595
0.836598075964183,1.378279791949872
0.8207755984807599,1.4117109726751742
0.8286724676588522,1.3961810876471314
0.8833501071096087,1.298275215518937
0.807510572692143,1.4039030668602066
0.8987968506597095,1.273711642622956
0.846015331436937,1.3364254284475796
0.8487078570911682,1.347553771290786
0.8134258249876476,1.4196359478077791
0.9222182177522005,1.2505803622437275
0.9359732201688282,1.2352899438565095
0.9489509436346092,1.2220095313006738
0.8088427980712694,1.4209795963023315
0.8582662275367078,1.3255357113501776
0.9283046589578526,1.2379499117933155
0.8256384963361751,1.3875749874690566
0.8677011558368831,1.3224555699001246
0.8690036202942027,1.3325323927286228
0.875320204747083,1.3187611704455455
0.9083443472118193,1.262614723932952
0.8594233118271782,1.3166378430843306
0.9632517951835566,1.191499115368418
0.7929165197113244,1.470260488746867
0.8428435227672197,1.3733496200078124
0.8528798991912925,1.3440574540486392
0.8638240363643129,1.3345555417348571
0.902964997049497,1.292228948203293
0.9027874831945988,1.289779686081819
0.845362601777406,1.389343727239246
0.8708125446170312,1.3220433964622316
0.9415791873979071,1.2165666605062557
0.8915971036437884,1.2950012041582504
0.8731765848549154,1.306647549153544
0.8902838167671073,1.281989584064698
0.9293634333803631,1.2421107822905009
0.8684436689272746,1.3417727154410262
0.9394938102888416,1.2146916868648172
0.8787620819567586,1.3112007372959529
0.8623228439562284,1.3394110460562614
0.88223933970078,1.2918925192113189
0.9495619963883285,1.192126193914832
0.8231873614936748,1.3917574133167159
0.9215065736861697,1.2450533289608463
0.8832589164989132,1.3052446544597287
0.9344597134511373,1.2408859655911273
0.8816736001217409,1.2964717211146097
0.8730350816582008,1.3170424458578973
0.8700362994843724,1.3315136093070286
0.9321214634583996,1.2521196300413595
0.8810795560440203,1.3167362855167335
0.8807097903845592,1.317221848496818
0.8866502316576632,1.2990168649480012
0.8690592074080428,1.323637839933951
0.8371323038649451,1.37452596279771
0.9051220653673108,1.2647100797271875
0.8812326990888439,1.3203607998114546
0.8953438484024607,1.2924850601436826
0.9149566804482676,1.251002352466136
0.8751874802306217,1.297209230135692
0.9227969574170344,1.2467811240743012
0.8747404891485355,1.3281900789970749
0.8862201301448931,1.2972164625143328
0.8730350816582008,1.3170424458578973
0.9034391536287739,1.2845779090297333
0.8592207004891913,1.3456025605749307
0.9225204749853385,1.2421850301743917
0.8731009905720222,1.3312646743458123
0.8811325474871368,1.311385838395891
0.8938481081695964,1.2748457336390402
0.9613040580671406,1.1914659413907756
0.891771399774296,1.3009946938815264
0.967158233596482,1.1815698076815895
0.8592207004891913,1.3456025605749307
0.874282217955887,1.3194996708586357
0.8727663492329267,1.330325201973647
0.9161175574639026,1.2573263907437837
0.8960375835413851,1.3034351367445904
0.8443968259914558,1.3712263434445597
0.8542050392052241,1.3442951695270837
0.8489970223409107,1.3447811348555874
0.8691994072161695,1.3278250227282815
0.8666997508291829,1.3195592616210672
0.8473775369030188,1.367103684809928
0.8853138139618176,1.3012484643051174
0.824393806178878,1.4136237088289718
0.8707735067933912,1.3119913895396413
0.9063074615708309,1.268356563907489
0.8664094561783614,1.3262107903941573
0.8912116098485477,1.2916616667136964
0.8675827974402726,1.3320333042299421
0.8754651335723626,1.318752817534877
0.8899614982297833,1.3045713822495049
0.8813200495289942,1.297898217152494
0.805682369966324,1.4250623353775684
0.8865713974497543,1.3034112716595898
0.860494516553685,1.3341287288545687
0.8863281089049866,1.3066722772272144
0.882201248911233,1.3135309586313486
0.812134242575864,1.4012502482723113
0.8836614311634761,1.2907618596185053
0.8182340902176646,1.4177008109697158
0.894796558216877,1.296737068868853
0.8958079956800344,1.2728533321500886
0.8560873724353291,1.3404001328548114
0.8000235192038964,1.4370961437814285
0.8802363380453898,1.3254901192218758
0.8840999368107746,1.3112242193583294
0.8969254624675599,1.2636170903330208
0.9115483967844933,1.254269342841645
0.8677043954644651,1.3060459133535247
0.8744215143588242,1.3186130917007712
0.8621572483693919,1.3371218959740774
0.8702809361525112,1.3234757718643164
0.8946578450560262,1.3005055722185002
0.8965422218467489,1.2660895005549717
0.9051526663521923,1.2781874959797417
0.8372938424295265,1.3557712939403341
0.9190165968587809,1.2468863650523412
0.8675506068336089,1.3162951386447708
0.8775929254794147,1.318154510748505
0.8895872379469101,1.2998164900715308
0.8862995582291561,1.3087720049254623
0.8711739509779567,1.3307787266559596
0.8621447820369911,1.3290738058384268
0.7988568531304633,1.4393810699531122
0.8051728209395822,1.4285347708077858
0.8991986972913362,1.2744296675769535
0.8915349968018975,1.2862774805784378
0.8144141420052436,1.4116118694369826
0.8992434746916389,1.2657961229935275
0.8889099748295206,1.2911299850708735
0.8931789238032187,1.2700494578805703
0.849788533325124,1.3529058291414409
0.8129912158052387,1.4115165524048467
0.9340494271443831,1.2524672076222738
0.8375090387918844,1.3878788237853326
0.8643689220083324,1.3320695981311437
0.8573801877198887,1.3476687870594377
0.8815075690907539,1.318952215667817
0.8185066114566186,1.4077053215867927
0.8579839965308125,1.3524843139962464
0.9505834103209272,1.206488950528536
0.8748454498810128,1.304211666616507
0.8682886142224205,1.3193554851063052
0.8369415569128626,1.3888899148591165
0.899788445357527,1.2609225081113664
0.9162269570929751,1.256593883368931
0.8489242555390212,1.3538758193067677
0.9006854417596211,1.2709530078638476
0.9323780311867238,1.2230311652530836
0.9217379130359862,1.2585086511496753
0.8485114934007196,1.3513203722918974
0.8454999687227975,1.3739809764922064
0.948512464135431,1.218002071329416
0.8421676021004593,1.359387174334287
0.8746063758398801,1.3110082341365905
0.8776951170382181,1.3056836859428098
0.9286692110485506,1.2399191538812804
0.9667264096689013,1.1803093693869686
0.8961795356293637,1.28615895856533
0.872465388138717,1.3083954820811277
0.8515464701782012,1.3473352862232955
0.8144141420052436,1.4116118694369826
0.8474658479592994,1.3603070205065237
0.8828665907835599,1.3231972094871052
0.8592207004891913,1.3456025605749307
0.9368765107785841,1.207284071841186
0.8746063758398801,1.3110082341365905
0.8822918960326241,1.3038975758406042
0.9052212072645351,1.2807210433656386
0.8625835898800407,1.3244695597926337
0.8545842387139424,1.3322905584916607
0.9102018436951329,1.2674673108925942
0.8440869942487217,1.3543870411449659
0.850589823178751,1.3569396237099731
0.9190165968587809,1.2468863650523412
0.8671550921062449,1.3270019639943587
0.8731709209319228,1.327290443573013
0.8368869818229326,1.4028537174031412
0.9200261367653048,1.2281979137922485
0.8915083450980449,1.2877446004876831
0.8278323531528343,1.3841712444353345
0.8893409865009684,1.3014086079870486
0.8279780895275259,1.3870144588732256
0.886965380183048,1.2997653996777234
0.9685276965336994,1.1776651414458887
0.8770789283684325,1.330431088523313
0.875783805263031,1.3185161182333676
0.8802005493295467,1.3196663553497414
0.9416772025943354,1.2105730349346786
0.8580256329017196,1.334975945181448
0.8221566764413032,1.3807527516291622
0.8639095171148637,1.3331472210798663
0.8945162455980218,1.2828428827846907
0.895792455254952,1.284900661911471
0.8478891474553495,1.3608121022404638
0.8618213272586862,1.3228231658028538
0.9286364049721999,1.2266764300530564
0.8339335097748779,1.38821097488259
0.886015328235438,1.299247074529322
0.8709997408582975,1.3283448086887177
0.9575727305633666,1.1861241564801304
0.8606515440918954,1.346784104571646
0.8852436619647036,1.303168038863728
0.9006922874900244,1.273641563705157
0.8742725920175997,1.314260110888805
0.9197825804031415,1.2557318560143313
0.8744215143588242,1.3186130917007712
0.8636718867513421,1.3303449239451817
0.871728990186638,1.3280949404825557
0.9014956283470276,1.2710808934253899
0.8751816615581322,1.3123200000521158
0.9124119864470621,1.2725424343903924
0.9790498142663715,1.1634099435465186
0.8958079956800344,1.2728533321500886
0.9229138295831674,1.2378286678649535
0.8342675651709032,1.3797984889496737
0.8863647596695422,1.294332372424865
0.8470315544699754,1.3607472889339294
0.7820985034113817,1.4946177621908958
0.8798252756672242,1.3108235037049232
0.872694057018519,1.3076112620704465
0.8784626863691969,1.2966399063851797
0.8821860814757014,1.3055080728863082
0.8936722158145991,1.297535778475079
0.809183216271226,1.414221025970646
0.9450484903992088,1.2256037107595636
0.8781104442592276,1.3183484285231517
0.8218895819775929,1.396888651742177
0.8470386196712816,1.3712095844972452
0.979621226688816,1.1838289354002351
0.9073753977214507,1.262367768049743
0.9633614813446822,1.178430567366858
0.8708125446170312,1.3220433964622316
0.856822577913864,1.3346430724811909
0.8663687033482159,1.3290934348618881
0.8747404891485355,1.3281900789970749
0.8809915049776043,1.2953988810763917
0.8614074013644817,1.3381481026357067
0.9674978803929128,1.1781162753382257
0.8053315993888195,1.3957596201172064
0.8798252756672242,1.3108235037049232
0.8725853401976456,1.303759018294613
0.8817723155394331,1.3198234165132723
0.8851736163554216,1.3010028707588923
0.9237397106243878,1.235527791291055
0.8776951170382181,1.3056836859428098
0.8439186696825766,1.3655262170303308
0.9337091106005511,1.2199557685210232
0.9609637169772398,1.1856320478711115
0.8903021069920404,1.2797417363450176
0.929806619609257,1.224840304931488
0.8854002166090804,1.3072702651110244
0.8462458460759334,1.3865291065052427
0.8592207004891913,1.3456025605749307
0.8414758910138153,1.3709891452568366
0.8977230227725378,1.297188056547936
0.8919987656243293,1.3027936010377579
0.8612461324192695,1.3308204938949921
0.9136397665226158,1.2496711504161675
0.9216713680618339,1.244335548291528
0.9133467597528669,1.2641352653294047
0.8886504479565835,1.3062227702051428
0.8534454582706772,1.3371423331950787
0.868166946775554,1.3206173987558112
0.8706466922486314,1.3062635473406163
0.8910684836723777,1.2987554850043448
0.8412206622848586,1.3654948696700322
0.8343088852059954,1.3772994014037838
0.8820546043114129,1.3169962324388793
0.9610875599205028,1.183078085906427
0.8725853401976456,1.303759018294613
0.9357901064725368,1.2199612292783681
0.9227425576883064,1.225134693946325
0.918153043268947,1.2330769127557497
0.8469933130960172,1.3663341796535322
0.8682886142224205,1.3193554851063052
0.9613040580671406,1.1914659413907756
0.9416183285866452,1.2343353887722626
0.8752151481347308,1.3109791618042497
0.9149566804482676,1.251002352466136
0.8721695652678157,1.305338283898798
0.8812326990888439,1.3203607998114546
0.8580573048495259,1.330325622986731
0.8126157952157255,1.4143589502464176
0.8946901510547981,1.2675225178081553
0.9084664507602919,1.2669085459954477
0.8846329659554517,1.2883483326285856
0.8666825173841944,1.3460249446210482
0.87785543816288,1.3114093971014826
0.8477763398218553,1.3567201197169476
0.8459247436999302,1.3532866691285046
0.830748318319998,1.3761242806408158
0.8859261921682966,1.293824244490421
0.8749168798701845,1.3109603917042212
0.9020575029660476,1.283342682674784
0.9457633146669809,1.204387257389428
0.9226313427991961,1.2305045924656928
0.976003960919807,1.181420476283838
0.8284479708502996,1.3929172193736614
0.8312801202080223,1.391573783114425
0.8843157942515548,1.3050088917685536
0.8230409092793742,1.384784932172148
0.8818375960195086,1.297774127988738
0.8702809361525112,1.3234757718643164
0.9020575029660476,1.283342682674784
0.8758229410839534,1.3013906539966156
0.8740624151743478,1.3200322313343933
0.8463235085405847,1.355082635227611
0.8100568657394955,1.423686350493856
0.9628970336303275,1.187251528685658
0.9891185078120758,1.1587906939105044
0.8302368242398749,1.4051369325819194
0.8944333480478109,1.2945051824013538
0.9239183450285169,1.261444510876431
0.8515631145232045,1.3575428198320918
0.8693910200826974,1.3323389282020668
0.9013309550519494,1.2628114776894708
0.9217379130359862,1.2585086511496753
0.8627782423337651,1.3419875049959367
0.8577390227641519,1.3370565323799064
0.9344597134511373,1.2408859655911273
0.883321046576875,1.3138646990665532
0.8902863742313111,1.2932128718284235
0.8783576192391342,1.3175070327127927
0.8829621449078578,1.3293388035711984
0.8450845862553991,1.3544935655549872
0.9539846296954574,1.1936648347075978
0.8694807455597517,1.3395289759094704
0.9179401072944191,1.2387602413644752
0.8904139096199032,1.296652221572259
0.8869298569529658,1.2932059025310054
0.8999043395124816,1.2744771411479352
0.8571897152105827,1.3571266574643834
0.8782965623102827,1.2907409294959904
0.8485484601731011,1.3620672008269357
0.9051216745610309,1.256584559164442
0.9489732082057397,1.206937742252303
0.8869298569529658,1.2932059025310054
0.9575615304819274,1.2011656504342318
0.9329128457731293,1.2217985061008856
0.8791725955442703,1.300985534066478
0.9177908305889291,1.2329390691145008
0.8816736001217409,1.2964717211146097
0.8754651335723626,1.318752817534877
0.8342675651709032,1.3797984889496737
0.7964046501286994,1.4567085355286908
0.8182559245154141,1.3892276775679329
0.8564629739943395,1.3114035962835449
0.905658690981484,1.260318129843289
0.9447300405715247,1.2217770759860735
0.835773132019045,1.3746751022924737
0.8923679173370261,1.2909776811575981
0.8391847588216474,1.3866966593135774
0.8922594050549956,1.3091945603803627
0.8154868353053992,1.432656076709651
0.8663909725130396,1.315741484240447
0.9603280551970438,1.1830935466779122
0.8384311109018111,1.3743548821139482
0.8697449571846999,1.314864312749757
0.8786128463962303,1.2999432393540757
0.8582662275367078,1.3255357113501776
0.9769872046419982,1.1927336468914824
0.8863647596695422,1.294332372424865
0.9143217711338454,1.2577645510796944
0.8872957378649222,1.2863641071664518
0.8672649827522638,1.327856777118381
0.9158222652217085,1.24624665564685
0.8376683822423252,1.3717647430791873
0.8893409865009684,1.3014086079870486
0.9258585305209605,1.2471037540439607
0.907418410520748,1.2727739787920478
0.8415000381035621,1.3876098900967404
0.7948426465892605,1.4491370268223722
0.9164287856641533,1.2583602328208714
0.8219095415585027,1.4080173693179439
0.9528298997582794,1.1933660978273877
0.8682433059147602,1.3281276439190368
0.8382818569710324,1.390809993022554
0.854645495332172,1.3503647584208103
0.8669690391509095,1.3345961443073915
0.9340551404865142,1.2223948362536048
0.8392447112993392,1.3553236752151665
0.8269938000707785,1.3765180121243847
0.8614074013644817,1.3381481026357067
0.8705962366596514,1.3369746983334432
0.8764130891296923,1.3299513743746043
0.9147559730386176,1.2764576368940483
0.8961795356293637,1.28615895856533
0.8445351464676991,1.3638106658214149
0.8296079918499975,1.3865228749910616
0.8650682143819621,1.317964634240671
0.855065970525341,1.3529240928282897
0.8691994072161695,1.3278250227282815
0.8515462191795644,1.3520956794196697
0.8464491621066585,1.3456882429358463
0.9214108779150552,1.2437490427938669
0.8716497226935112,1.2956514039942155
0.8963259335279548,1.2874431797628993
0.8320033151383522,1.3801432562762062
0.8782768154638098,1.3041501283270027
0.8809787559731176,1.2942127885891272
0.861773676662214,1.341470919627864
0.9073753977214507,1.262367768049743
0.9030564470306216,1.2834787338824682
0.8985326044607163,1.296738382513951
0.8589334999154153,1.3271455626688444
0.8619365380580846,1.33514847027111
0.8623228439562284,1.3394110460562614
0.8925840467550549,1.27995355437716
0.8864076473261115,1.3008466248714896
0.8961795356293637,1.28615895856533
0.8985947223101388,1.295233196957798
0.8842788697546153,1.2916630758595862
0.9243640940067835,1.2420114790235681
0.8998527124523066,1.2883832031068405
0.8954663093969928,1.2657928437921977
0.841153904894147,1.3691310262430763
0.9263316108391613,1.2473232501689346
0.9016795749200068,1.2754752310710131
0.9089373346276353,1.2684357733020635
0.8579839965308125,1.3524843139962464
0.8629319644585943,1.3501940315327556
0.8353839580574973,1.3647169969956943
0.8422063558072285,1.373165005304845
0.9407223949083652,1.2311242433490908
0.8942554254325634,1.2741092051600558
0.8985947223101388,1.295233196957798
0.9190165968587809,1.2468863650523412
0.8852773424565732,1.2893476704526141
0.8786604677487724,1.2997778532557474
0.8376683822423252,1.3717647430791873
0.8757278202209797,1.3097163447796532
0.8759144554486725,1.3084271202672977
0.8951539652993473,1.2697715282709168
0.9010035213660897,1.27081711908823
0.7841869248311906,1.4737895147961573
0.8312801202080223,1.391573783114425
0.8951599213763356,1.2933033204958049
0.9360412226912208,1.2083991064590687
0.9000240176056167,1.273764599270563
0.9562050420681594,1.194110608454033
0.8686292701403583,1.3242766844706377
0.8646367929681661,1.3406708086999695
0.8924849335481876,1.2912398406312662
0.9280571635985355,1.2377152116224017
0.8337753092875221,1.400507429547281
0.9508950641944031,1.1911834260776741
0.825822470966568,1.3899436138280281
0.8496551441308604,1.3501269505582896
0.8632953538698618,1.3429530467184931
0.8558109070468678,1.3481670194804902
0.8947454179414713,1.2830741053298564
0.8432208839508583,1.3632265459233261
0.9217878877021523,1.2462891116398238
0.8972268159090678,1.2724248110533147
0.9168901842784611,1.2555004559703098
0.8580573048495259,1.330325622986731
0.9121621449327413,1.2492875718814287
0.8676658136295288,1.3405101815784872
0.8842737384425645,1.3064290556968723
0.8578066388438518,1.3454813116193254
0.9309062695739244,1.232145001597285
0.8592290536237721,1.3430113204090433
0.9352523099992719,1.2359293308605859
0.9200019530776862,1.2413925205313265
0.8877381012659816,1.2913886481516201
0.8750466656461172,1.3139182923759534
0.9352523099992719,1.2359293308605859
0.8428435227672197,1.3733496200078124
0.8999351656968267,1.288210419168138
0.9057263109157132,1.2951879413029463
0.8914505215080732,1.29786300510282
0.867216335120237,1.325376968150425
0.888974782858228,1.2886926232484102
0.9094436146556699,1.2582203074024265
0.886023644512208,1.2948275183887064
0.8994915378471666,1.2739962238584657
0.8295185050814656,1.3956376427016846
0.8269013592053497,1.4055000632116192
0.8931846882559289,1.2975981019678844
0.8811900374147696,1.29577399994081
0.931413455291377,1.230416706361523
0.8965457911444716,1.2794486863733145
0.9094210672424768,1.2565071643942505
0.9345866605519801,1.2293001856325105
0.8877259933234072,1.298490058590541
0.8223672356302335,1.3751162224402302
0.882201248911233,1.3135309586313486
0.9625201007796194,1.2032826819968356
0.9380336815613405,1.2313262676515238
0.8947942268034748,1.2805660738291258
0.8639581549684245,1.3468134748779759
0.8469933130960172,1.3663341796535322
0.8987471397932361,1.2839506002342755
0.9140508622459013,1.2529335426156893
0.9109185509549553,1.2663092870691341
0.9053655524070459,1.2459548435676204
0.8866502316576632,1.2990168649480012
0.8476600890670076,1.3642895100412673
0.8691994072161695,1.3278250227282815
0.9303876039371691,1.248173659267093
0.8778096307082541,1.328161847542312
0.9099727447249879,1.2595785530842531
0.8758400370810946,1.3117492209845667
0.9205946345535201,1.242930274163738
0.8916161928238848,1.2779850639372552
0.9036865106551221,1.2576123864222053
0.8960661802575686,1.2739640300425181
0.8951599213763356,1.2933033204958049
0.8716712907818716,1.3130640693136144
0.8894379184911352,1.2694906982506502
0.8896041308670894,1.3049361378255742
0.8436455746262519,1.3678604520492108
0.9616588577774419,1.1882150847002269
0.8477623164336008,1.3454499396017334
0.8916324694164616,1.267872702572408
0.8706466922486314,1.3062635473406163
0.9398374248146009,1.1872092549572912
0.8982365143560949,1.2708024710524253
0.8740360639255013,1.3135338752696526
0.8987836062510286,1.2798806266744394
0.8621572483693919,1.3371218959740774
0.8987471397932361,1.2839506002342755
0.8827272517360722,1.2906429134056088
0.9009961012006985,1.2757108129481523
0.8735827966402375,1.320678015055328
0.8889333244366745,1.280801731056771
0.8690692771764947,1.3136667430723918
0.8596189985260759,1.3442011065742445
0.8763610453023618,1.3078443617041942
0.8884870386746874,1.308859638150365
0.8910158971991411,1.2952191562221644
0.9273213831162364,1.2310926485271982
0.836671382514608,1.3697226645933285
0.8504185784167009,1.3486216433309015
0.8662138331604292,1.3431110715327907
0.8956456795386668,1.2566990488817835
0.8649245583848495,1.3569357210234974
0.8853416583240138,1.288978295093303
0.8658885784943615,1.3133441102063015
0.8111113725036673,1.4329456456397307
0.8278323531528343,1.3841712444353345
0.9445159955954004,1.2193275073672072
0.8280489577520022,1.3976683421845373
0.8292410443510208,1.387536022056028
0.8817767625524043,1.2985236814845897
0.8635070073956562,1.338700465931088
0.9152560665840925,1.2423997254982992
0.9767624073002604,1.1794197119288177
0.9053707175909369,1.278709761825909
0.8578905268502677,1.349676645182062
0.8880504898306365,1.296673686430399
0.8758400370810946,1.3117492209845667
0.8251843029829068,1.3859300308996134
0.9473683052736697,1.2078811165981755
0.8490668001323294,1.3654021121746684
0.9221310561791904,1.2466453724429065
0.8579839965308125,1.3524843139962464
0.8632251083031436,1.3310549554692686
0.8263350153687546,1.3992436921147446
0.9165135768591439,1.25750812886675
0.8256467831516953,1.3933678323038565
0.8355605118052011,1.3984123913518625
0.8863647596695422,1.294332372424865
0.872393036234262,1.3107622859575403
0.8858450962248745,1.3026677861123117
0.9549668066397182,1.2015063902749996
0.8993066632000474,1.2740551161485998
0.8149582101630285,1.4329043407806548
0.9138251062709528,1.228602953254973
0.8410526685016286,1.3765870026564662
0.8838801202660442,1.2904615242589375
0.7997405808146556,1.426258546397418
0.856460888496511,1.3363436838944536
0.872146210960058,1.3044583531115903
0.9515506788133313,1.200233069268163
0.8962956414606487,1.280889208560138
0.9211919381360534,1.247410879893839
0.8989468722924006,1.2679662135756906
0.8746927489900475,1.3123301845426782
0.866982153594245,1.3230977653900597
0.8633861778401668,1.358835874467049
0.8731765848549154,1.306647549153544
0.9072701459273802,1.273560516264941
0.917517996508363,1.2309759552614952
0.8751484312369086,1.307972155565753
0.8624375659006183,1.3241069499144502
0.8414457965663031,1.3679161609825101
0.9133602223270405,1.23749650374392
0.871734668713002,1.3056558482056255
0.9227129687582685,1.2532444221939605
0.9283046589578526,1.2379499117933155
0.835989967118931,1.406850145742376
0.9034391536287739,1.2845779090297333
0.8312801202080223,1.391573783114425
0.8827390708522481,1.2917214479549142
0.9197967373680837,1.2519158524258032
0.8709286363280827,1.302577311423328
0.8485484601731011,1.3620672008269357
0.8342555316238135,1.3945888378944882
0.8750466656461172,1.3139182923759534
0.8864076473261115,1.3008466248714896
0.8848733527655833,1.3081118605327116
0.8730921022832704,1.3090738148423193
0.875081749122228,1.331454411793233
0.9151186305211612,1.2428409533410611
0.8541012152943108,1.3474478708216322
0.9243640940067835,1.2420114790235681
0.812134242575864,1.4012502482723113
0.927969382613167,1.225150158989491
0.8507549168390635,1.3482873910838586
0.9547920741098985,1.2017522789179336
0.8931846882559289,1.2975981019678844
0.960515558165599,1.1941316695736577
0.8853138139618176,1.3012484643051174
0.9197967373680837,1.2519158524258032
0.8464701649884588,1.3535339369064272
0.8405104887737231,1.3667439377259563
0.8600475883537447,1.3187533574652603
0.9391444189323279,1.2315613626917186
0.8579981128520685,1.34223123368419
0.9124119864470621,1.2725424343903924
0.9163467411345049,1.2331586134732866
0.8868178994484589,1.299253462257121
0.8114747305473307,1.395179430567503
0.9190165968587809,1.2468863650523412
0.8740713515396892,1.3143738073281934
0.8444407480551255,1.3550295775114642
0.8800237149943374,1.288292509021764
0.8761248232294173,1.3119431211056123
0.8268789640501554,1.4126217898638105
0.8838198128070861,1.3042926921384812
0.908224898117606,1.2661180050909335
0.8221566764413032,1.3807527516291622
0.9138251062709528,1.228602953254973
0.8190997480299486,1.3980619621094414
0.933161515294618,1.2336594982744293
0.8572439207977348,1.3335140958182625
0.9102018436951329,1.2674673108925942
0.8864076473261115,1.3008466248714896
0.8846118855314452,1.294817486275548
0.9202505986340254,1.2321931485088382
0.8784626863691969,1.2966399063851797
0.8559523665291199,1.3425946089106675
0.8550589814636732,1.3496386464703056
0.8814049837596258,1.3132972100428781
0.8261328892251742,1.4034856892857828
0.85758002948602,1.3394585801330723
0.8471881349146488,1.3708356188936839
0.8727305898602942,1.3182170266148852
0.8199074138047939,1.415534190835913
0.8840999368107746,1.3112242193583294
0.9128164706215628,1.2540582812501269
0.8852749455262662,1.3080651413088185
0.9180833871343234,1.2525524855366201
0.9209104216453744,1.2492466276187961
0.8835113184295397,1.320449183384038
0.8535180452715563,1.3356775338738862
0.9166328725977404,1.2544497206577565
0.8702194602296699,1.317076593657736
0.8999043395124816,1.2744771411479352
0.9365402591327954,1.2200444915010697
0.9188947883906838,1.2450902888381992
0.8721695652678157,1.305338283898798
0.8806450437760351,1.3089986590489575
0.9039875412088396,1.273152951177452
0.8918996339503417,1.2845324218325962
0.8583174700579573,1.35738193417088
0.8334515766484777,1.376232953185396
0.8675509019131162,1.3272077992622113
0.8872359814552859,1.2934021610712403
0.8309089542959915,1.3766040805393478
0.8857762677410567,1.3087284518873925
0.8972288859770698,1.2848724676866619
0.8573801877198887,1.3476687870594377
0.8962050471604064,1.2789824741491804
0.8263350153687546,1.3992436921147446
0.8489451912436734,1.3610713344101337
0.8756977844725857,1.3197804109494526
0.8952730941393476,1.27641300206408
0.8999043395124816,1.2744771411479352
0.8912116098485477,1.2916616667136964
0.9346506513952346,1.233808814653265
0.8383983072882245,1.3736859737964482
0.8714349772922272,1.3237641710640318
0.9270972266272557,1.2465378955070117
0.8882817201499498,1.299303024334085
0.9225204749853385,1.2421850301743917
0.8986107977302432,1.2839505752522558
0.875783805263031,1.3185161182333676
0.9009961012006985,1.2757108129481523
0.8328649711335571,1.3978778006517274
0.9638471617469675,1.1888900029220952
0.9380336815613405,1.2313262676515238
0.8881244521808771,1.3001453112046675
0.8348763868247908,1.3603749661084723
0.8760767281660176,1.3250972205738258
0.9293634333803631,1.2421107822905009
0.8713377070815129,1.3185122235125368
0.9003030462165855,1.2779820488325795
0.8924849335481876,1.2912398406312662
0.7949892633980263,1.464846496431929
0.8869393551961816,1.2713466533651752
0.8548885144180831,1.3313801884570724
0.783687586238852,1.440210813474565
0.8383983072882245,1.3736859737964482
0.9340551404865142,1.2223948362536048
0.9144464580859308,1.2596490221374421
0.9101832355134563,1.2770490757348056
0.852393904775854,1.3375337419611495
0.8762595620756078,1.2984009713883191
0.9465045351131754,1.2086190333371285
0.9293491629344169,1.2643197000146298
0.836598075964183,1.378279791949872
0.8635976537658768,1.3266187511774619
0.9310702271706797,1.2346916442481246
0.8890344026449698,1.300843308022219
0.861773676662214,1.341470919627864
0.9018259164624792,1.2811005612687243
0.8863831902798267,1.2908049000569415
0.9278544912565976,1.229638232896557
0.8709714443120786,1.318518089235518
0.9188947883906838,1.2450902888381992
0.9698508243219416,1.1679092419552528
0.8788438044989263,1.3094530184934552
0.9017913764296783,1.2707355040195798
0.887551506041676,1.2979041714347588
0.9095571039212328,1.2486840467624312
0.8746063758398801,1.3110082341365905
0.9323407641973747,1.2344751295893361
0.8587877927485835,1.3297937181663988
0.8970824240401438,1.2760956130638972
0.924816998777296,1.237890551501623
0.8723178637479496,1.3121405957830374
0.849788533325124,1.3529058291414409
0.8959562593702269,1.2896340696896558
0.9027694969315647,1.2667673629121314
0.8749116166883423,1.3044369952928478
0.9339165434021086,1.2247806668044752
0.8256384963361751,1.3875749874690566
0.8857762677410567,1.3087284518873925
0.8140780911151015,1.4194503819123203
0.8543737483263696,1.343587508166603
0.882201248911233,1.3135309586313486
0.8798969239543784,1.3357976775357683
0.9383714705110154,1.2156977715000847
0.8207755984807599,1.4117109726751742
0.8662331528082893,1.3360724733328533
0.872146210960058,1.3044583531115903
0.8320033151383522,1.3801432562762062
0.8295155424135171,1.3847367552854015
0.9180986669656711,1.2343202245956857
0.8459020703976511,1.3705018708721943
0.9063479187763143,1.2855005469482002
0.8869337782857681,1.2997756570638648
0.8142815183364889,1.4273334300954126
0.9531526289735551,1.2065585792485198
0.9116889949523198,1.2785184921932387
0.8636867524052865,1.3324559417287254
0.8862995582291561,1.3087720049254623
0.8699873155361647,1.333144525576559
0.8929265142793729,1.2897925377535129
0.8510997430780584,1.3598830176271561
0.874282217955887,1.3194996708586357
0.8857785359555589,1.298221748600249
0.9539846296954574,1.1936648347075978
0.8185066114566186,1.4077053215867927
0.8662917765259082,1.3393186161473463
0.8759144554486725,1.3084271202672977
0.9036865106551221,1.2576123864222053
0.870773876839091,1.3058562045358406
0.8232384384934092,1.4077892812467556
0.956319036324573,1.2002336588265585
0.9444496307084089,1.2105394919208379
0.8368987874153545,1.3701622618717755
0.9101832355134563,1.2770490757348056
0.9128583088873479,1.267618032180524
0.8956908869326264,1.2918324296171186
0.9066144774157615,1.25871996731145
0.960848983455745,1.1942782459910566
0.9068038565439746,1.259098441424213
0.8993509382832153,1.2794516668783196
0.8460353627274623,1.3522369136590846
0.8925925186797252,1.2738574258467565
0.7919160728812691,1.4670656870710939
0.8642116682729751,1.3407968480474854
0.8680452382476878,1.3265024493380628
0.9637238835605832,1.1873100281725275
0.8921411851770227,1.2964992109805056
0.8415000381035621,1.3876098900967404
0.8839524640111003,1.3052929676407283
0.8235539799525557,1.3993273723035151
0.8572277242020251,1.3405399384845245
0.8295185050814656,1.3956376427016846
0.8775389452842841,1.2919634874288897
0.8804813875210163,1.322217307210728
0.8542050392052241,1.3442951695270837
0.8999043395124816,1.2744771411479352
0.9206405076399266,1.2573136611950964
0.8263350153687546,1.3992436921147446
0.8653521402832394,1.344072957646151
0.8519988629400235,1.3692179710908008
0.8550017003339786,1.3592592354359028
0.8824596603617327,1.3071544075383112
0.8970057110435155,1.2816114741465396
0.8414349901619185,1.3920154148854569
0.8520909549592999,1.339520925889955
0.9227425576883064,1.225134693946325
0.8525845008079791,1.3608939133617721
0.8907961186500899,1.2780083188951343
0.8930687834939752,1.2700673912718345
0.8641261343288548,1.304627021769771
0.8500227793077076,1.3435925756285265
0.8751473260706536,1.3026718258394037
0.8889333244366745,1.280801731056771
0.8474993396130759,1.3591517958103032
0.8579685800675897,1.357175577041852
0.8700362994843724,1.3315136093070286
0.9086697323472219,1.2525022300203699
0.9430810653475534,1.2267009350396714
0.8746078001320435,1.3389395274916414
0.8635341955902314,1.3269576622890111
0.8904564604960683,1.2697670832403005
0.8749116166883423,1.3044369952928478
0.8979282088110375,1.3005271539283447
0.9248904734782555,1.2570839948614159
0.8918643915002309,1.2825591987176166
0.9060189349578851,1.2609003086777244
0.8394902578426129,1.3708108798663692
0.8299522381440639,1.365714363755212
0.8547082367026051,1.3574761843534704
0.8751484312369086,1.307972155565753
0.8572842474400342,1.3373165398061797
0.8760744678481882,1.2932023481300672
0.9070685147222086,1.2741701731195358
0.8829407930014926,1.3095128513899281
0.8924849335481876,1.2912398406312662
0.9102018436951329,1.2674673108925942
0.8731709209319228,1.327290443573013
0.9362249992499543,1.2313873487257716
0.8452981657428692,1.3587355819137732
0.8405104887737231,1.3667439377259563
0.875783805263031,1.3185161182333676
0.8709997408582975,1.3283448086887177
0.8717662546694572,1.3101637059488767
0.9006038819822765,1.2822481326014024
0.865928531785018,1.3420755356299305
0.8583174700579573,1.35738193417088
0.9280907969528234,1.2298039355721524
0.875615744992156,1.3128716853827866
0.8415779734326116,1.3756324188525415
0.9069279911591098,1.2687832403661214
0.8444407480551255,1.3550295775114642
0.8459247436999302,1.3532866691285046
0.7798193896213537,1.4730363369824087
0.8685599428562744,1.3111399343064027
0.8178361690735811,1.3976609746896567
0.9151186305211612,1.2428409533410611
0.8879009266842173,1.2947509784280218
0.8748225382460216,1.2970099039924297
0.8882717527151155,1.2815934593996732
0.8405193415583305,1.362695246328628
0.9094259997489349,1.2781698057004252
0.8500227793077076,1.3435925756285265
0.8972268159090678,1.2724248110533147
0.9420087887320512,1.21110444282834
0.8432254467866612,1.3575460758285929
0.8842788697546153,1.2916630758595862
0.8946485311562069,1.2878409338429357
0.8827390708522481,1.2917214479549142
0.899404102236242,1.2597305192303232
0.8918449481381584,1.2997388098777274
0.8195673562415995,1.3878178909159748
0.8707735067933912,1.3119913895396413
0.8195673562415995,1.3878178909159748
0.8405104887737231,1.3667439377259563
0.878906479104719,1.2971274177429877
0.8294913546122228,1.3790734041437154
0.8300338069645627,1.4018782145790878
0.87864874946921,1.295614243029916
0.875320204747083,1.3187611704455455
0.8892631929050817,1.294497395444129
0.8703478992594035,1.3120606841343005
0.8562151278522644,1.3306393841529227
0.8542796317925913,1.3497873172272083
0.8279780895275259,1.3870144588732256
0.8953438484024607,1.2924850601436826
0.960515558165599,1.1941316695736577
0.8368952272758734,1.361479913763338
0.8469348064377693,1.3528724013792879
0.9353088046458394,1.2121130761607934
0.8845266437075036,1.3068018079980595
0.853191356912016,1.3464247673628096
0.8472491107681561,1.3696825920579838
0.9253936173183196,1.2583096957676874
0.9130346962207476,1.2410396144515805
0.8601317384013066,1.3457258717376956
0.9266405312187146,1.2214054572330686
0.8392086482759603,1.359217705552209
0.8926792690778238,1.2774719158910013
0.8772062094948341,1.3083358944933714
0.8502077156004837,1.338897303548704
0.9019166933112492,1.2745504271845178
0.8951599213763356,1.2933033204958049
0.9345866605519801,1.2293001856325105
0.8571897152105827,1.3571266574643834
0.8951599213763356,1.2933033204958049
0.9494087767277053,1.210271511193888
0.8086880111142528,1.4336900922329776
0.9066788086876839,1.2629485359729773
0.8960375835413851,1.3034351367445904
0.8906571214296451,1.274077229562929
0.871572729435326,1.3306890902564514
0.8840507663493502,1.2888485269615926
0.9448317626418707,1.2124933430814084
0.9793151475223645,1.1527963151561282
0.818881270206783,1.4059758716846336
0.8822478303496424,1.2949178474778082
0.9017604036158363,1.2744064776971782
0.8821860814757014,1.3055080728863082
0.8669676255044358,1.3124901813255296
0.8624995988194346,1.3541638545733667
0.8524643418676132,1.349945628041283
0.8475492255523019,1.3583362049476233
0.867216335120237,1.325376968150425
0.8655188979877593,1.3347825872562693
0.9191541765510888,1.2562668174004121
0.8854774118544774,1.2924555913242903
0.9038744354545842,1.2589557553595878
0.8301028477585431,1.3901322118571358
0.9295361260775571,1.2423507663687998
0.8898712885524211,1.2989250203938005
0.8441428783113,1.3654382595196912
0.8578066388438518,1.3454813116193254
0.9147982923576331,1.2410547986773104
0.8684098633127985,1.3430651169165482
0.8854651734054415,1.2922562343676378
0.8470315544699754,1.3607472889339294
0.8831610044491098,1.292830931510913
0.918153043268947,1.2330769127557497
0.9597895450096924,1.197089742790815
0.898321905178074,1.2834881108301415
0.9070723640251936,1.2567030147381506
0.9502741502913816,1.191501511708066
0.9221738823516621,1.2544310390753712
0.9164802367603027,1.2706921363323345
0.9008843938525847,1.2589277086226403
0.9190165968587809,1.2468863650523412
0.935837982267184,1.2314645141071041
0.905658690981484,1.260318129843289
0.9036865106551221,1.2576123864222053
0.8770621501408318,1.3079318747357513
0.8704632280249426,1.3083542230566454
0.9119843326995043,1.2871321434753258
0.9674978803929128,1.1781162753382257
0.8749168798701845,1.3109603917042212
0.8664834224392635,1.3151974792770291
0.8301028477585431,1.3901322118571358
0.9676753217529972,1.184974555140611
0.8705962366596514,1.3369746983334432
0.8014808762355369,1.4416183741341184
0.8603989784745663,1.34938410945143
0.8689549753377511,1.3035144752622372
0.8707735067933912,1.3119913895396413
0.8714385743850817,1.3134314185726297
0.9051526663521923,1.2781874959797417
0.9249959607215109,1.2190743452589332
0.8577626970151591,1.3340617570832562
0.8617564960501316,1.3440384842464477
0.8821135564868257,1.321694615932578
0.8690114317575562,1.3284685653208244
0.9409083203045668,1.2129892289687716
0.857139309526069,1.3408473694767982
0.8601317384013066,1.3457258717376956
0.8538664032851717,1.354761288752695
0.9309062695739244,1.232145001597285
0.8891317687470293,1.292220919547292
0.8786604677487724,1.2997778532557474
0.8524593401840806,1.348092849096241
0.835773132019045,1.3746751022924737
0.8561488603570012,1.3501771621148713
0.825091403765037,1.3628014134018387
0.796925519840667,1.4311285577555573
0.8033228351302333,1.4404340231988704
0.8085242614122142,1.4274109413861236
0.8561229000157596,1.3363662012783804
0.8475046014245657,1.3593500576426996
0.8485484601731011,1.3620672008269357
0.8543737483263696,1.343587508166603
0.830510287307668,1.3774351478980584
0.8598835265216054,1.337970413624554
0.8686665817143842,1.3356951100175192
0.9133674608176726,1.2625535186596173
0.8635070073956562,1.338700465931088
0.9072023831698695,1.274369838090815
0.846244180688168,1.3517207595139913
0.8842737384425645,1.3064290556968723
0.9099147065149645,1.2500128678156688
0.873523489193519,1.3093978412092728
0.8993066632000474,1.2740551161485998
0.9464936586759244,1.1940797239655232
0.8182340902176646,1.4177008109697158
0.7929165197113244,1.470260488746867
0.8735635290976376,1.3319792203458285
0.8614074013644817,1.3381481026357067
0.8328062884488444,1.3787929385325777
0.8693786014653837,1.3224020271540313
0.8758400370810946,1.3117492209845667
0.8440099223347216,1.3692147760700886
0.8809227367918329,1.2949925015047943
0.9152560665840925,1.2423997254982992
0.8989744883751714,1.2869616697954849
0.9204182581165095,1.2362961711167857
0.8462330384320199,1.337778110250609
0.8762595620756078,1.2984009713883191
0.8738690184522988,1.314385594158355
0.8985947223101388,1.295233196957798
0.893175472486338,1.2956544806056183
0.8669269240119732,1.3144601716699866
0.9891185078120758,1.1587906939105044
0.8509028065499927,1.342162169779903
0.9117647714147512,1.2520727784403645
0.8823063135639131,1.2993436388085302
0.9501281671519881,1.2042442396687953
0.8789404778508234,1.3100058697184083
0.9249959607215109,1.2190743452589332
0.926340893933158,1.2155223499029935
0.8713358309743184,1.33069561187476
0.9001361701711037,1.2872141403083546
0.9565020969954605,1.210311278445522
0.817159165582134,1.3965990184215187
0.8754651335723626,1.318752817534877
0.8686442885662911,1.3318164037361797
0.8606358056504098,1.3259982703829307
0.8748682737876515,1.3298287632906212
0.9574694167710083,1.202278490833678
0.8357963899588704,1.3875672177132439
0.9603280551970438,1.1830935466779122
0.8510997430780584,1.3598830176271561
0.8752607317302358,1.3047496791464077
0.8635070073956562,1.338700465931088
0.8999351656968267,1.288210419168138
0.8427432748969337,1.3528961791743879
0.8944333480478109,1.2945051824013538
0.8845266437075036,1.3068018079980595
0.8573801877198887,1.3476687870594377
0.8911099992472781,1.286209089491701
0.8423943113116512,1.3580823164184808
0.8676658136295288,1.3405101815784872
0.9102018436951329,1.2674673108925942
0.8452981657428692,1.3587355819137732
0.8240428797696102,1.3819778567383072
0.8568493410686058,1.3485427371023564
0.8695411068145731,1.3248595807871524
0.8810595511419842,1.2926671054395016
0.8515464701782012,1.3473352862232955
0.8504185784167009,1.3486216433309015
0.9549668066397182,1.2015063902749996
0.9211919381360534,1.247410879893839
0.8165751068466199,1.4190397591650739
0.7992715790415945,1.4450754246798128
0.9310365813470887,1.2390951606406941
0.8543737483263696,1.343587508166603
0.9196422342189333,1.2627877554046762
0.8989583523390979,1.2850077554644885
0.8342271296848514,1.372522756411204
0.8907303831859581,1.2656511316535408
0.918153043268947,1.2330769127557497
0.9221310561791904,1.2466453724429065
0.8543737483263696,1.343587508166603
0.9271166304768954,1.2315017727169828
0.9098601028080329,1.2496138694797658
0.8927155956940955,1.2820974738701187
0.8681673052038579,1.2990084868620695
0.9185323069667604,1.249718573491307
0.8660259629460556,1.3473688831437618
0.9352523099992719,1.2359293308605859
0.9194436555840715,1.2594259853803027
0.8514896522171378,1.3758378930966757
0.8891083788622643,1.2840152110255196
0.8902055239114619,1.2932919066535764
0.7900255862484042,1.4825711625576503
0.8295893303344662,1.386821153522267
0.8606903636196519,1.3258899009433989
0.9099148137423327,1.2512876105297932
0.827989409124642,1.3980911958870723
0.8414349901619185,1.3920154148854569
0.8754651335723626,1.318752817534877
0.8573801877198887,1.3476687870594377
0.8485878045899917,1.336591291203699
0.8634613888303335,1.337467947621442
0.8127775837707831,1.4161767190994707
0.8450874350013872,1.3430952660258189
0.8923096543728554,1.3069655364179305
0.8569456212213645,1.3266724907378666
0.9116394722017409,1.242002406703143
0.8623228439562284,1.3394110460562614
0.8770621501408318,1.3079318747357513
0.8036569547320334,1.4145201821768276
0.857139309526069,1.3408473694767982
0.877261886566973,1.3273936559589927
0.9209104216453744,1.2492466276187961
0.876376198055302,1.3107725689892082
0.8925840467550549,1.27995355437716
0.8531738703286074,1.3458975256744778
0.9352783782582643,1.2242587630923691
0.806792760113118,1.4380867902008225
0.8779647269650366,1.318500063227423
0.9757811483827018,1.1760131806243141
0.8669112031525542,1.3353233319857527
0.9184272346992322,1.254799162369058
0.8788438044989263,1.3094530184934552
0.8769024688498355,1.298098813235605
0.959762559714077,1.1918172886790512
0.7999348421569135,1.4323252569279585
0.8524387074495242,1.3470355201415591
0.861773676662214,1.341470919627864
0.9072701459273802,1.273560516264941
0.8786604677487724,1.2997778532557474
0.9263207122756214,1.2354232011555109
0.7906014445214078,1.4666635503499597
0.8770208004592924,1.3059587428704498
0.8904879663505822,1.2850705141502812
0.8824596603617327,1.3071544075383112
0.8594237020756539,1.3459216366873068
0.8789883333533829,1.3178006435943712
0.857253106514845,1.352291390151202
0.8761187482950671,1.3049292014464333
0.9293634333803631,1.2421107822905009
0.9222269896372778,1.2543629818607107
0.8483866227568841,1.350698411333075
0.9216713680618339,1.244335548291528
0.8858265313601197,1.295475495948317
0.8705248111740354,1.3275130186982378
0.8826617700616967,1.288156593108302
0.8547082367026051,1.3574761843534704
0.852251925186151,1.352571155961281
0.8383983072882245,1.3736859737964482
0.7999007203288758,1.431273270605272
0.9216651479143885,1.24788809831116
0.9133467597528669,1.2641352653294047
0.8955547830108023,1.288449302959329
0.8782504860880846,1.3115071458126908
0.8713377070815129,1.3185122235125368
0.8292410443510208,1.387536022056028
0.893846407039996,1.282893827976834
0.8116200609389135,1.4299686183074627
0.8202074738216221,1.4117744942210741
0.9575727305633666,1.1861241564801304
0.9138594435670018,1.249849199543444
0.8348763868247908,1.3603749661084723
0.8438661843121283,1.3459264661785928
0.8869337782857681,1.2997756570638648
0.8914505215080732,1.29786300510282
0.8406820589403644,1.364622467344431
0.8826825509324049,1.2963510983850566
0.9289128116264194,1.2354191827476524
0.8770208004592924,1.3059587428704498
0.8422063558072285,1.373165005304845
0.870773876839091,1.3058562045358406
0.8691872121768155,1.3193000245332067
0.8298710639656223,1.3984360315823214
0.906235745883287,1.2732327254885971
0.9147572662423826,1.2631725486302547
0.8471881349146488,1.3708356188936839
0.8237736197607362,1.4010539303794667
0.9340140192906611,1.2240614358615685
0.8566037408465942,1.3414755982740831
0.9225204749853385,1.2421850301743917
0.8668965902042783,1.3226092573256165
0.8378342726386225,1.3861504983016582
0.9144464580859308,1.2596490221374421
0.8730921022832704,1.3090738148423193
0.8787620819567586,1.3112007372959529
0.8568493410686058,1.3485427371023564
0.8582079393727877,1.3510074635233664
0.8948539717607519,1.2835341718282192
0.8773115374485726,1.3059248454923056
0.8487216485021949,1.3635113943441655
0.9501281671519881,1.2042442396687953
0.8888701046300617,1.2923071260934087
0.8797423709653849,1.317525515437261
0.886729907041255,1.2928633742483675
0.854645495332172,1.3503647584208103
0.9027874831945988,1.289779686081819
0.8337762620851176,1.3754167104575417
0.8607317665540084,1.3293548975277976
0.873523489193519,1.3093978412092728
0.8775389452842841,1.2919634874288897
0.9468590530226912,1.213770334972337
0.9128729645841648,1.2679585280966021
0.9200019530776862,1.2413925205313265
0.8799717301249733,1.2984492917184929
0.875783805263031,1.3185161182333676
0.8691994072161695,1.3278250227282815
0.820165045390461,1.387780540649736
0.8884919878687262,1.2924968622554713
0.8863831902798267,1.2908049000569415
0.839486373811633,1.377234748339296
0.8420345462324575,1.3741371432227918
0.933161515294618,1.2336594982744293
0.8653681234550561,1.3474545056092675
0.9060189349578851,1.2609003086777244
0.9182887707805423,1.2567192053258671
0.8649259150458996,1.3231464698145343
0.8572842474400342,1.3373165398061797
0.8296617031770646,1.384506442379209
0.9052198412203946,1.25644980382806
0.8707676430896178,1.3139695084427974
0.8822689565658357,1.302800694047771
0.8846451206381253,1.2904984535806698
0.8909100069214566,1.2845568433980568
0.8686784351954957,1.3407386142230264
0.8801522218946528,1.3190338178246266
0.8398310061952847,1.3827961713778056
0.871898696800339,1.3121645500506283
0.9247960900486708,1.2355024784498418
0.8903298385181965,1.3060271015542022
0.8325085564406849,1.380656373478977
0.8865334046334753,1.2966913355390028
0.8781269613691415,1.3383304678759986
0.9260879143738909,1.2586006710703537
0.846685673384656,1.359845825697735
0.7895474790099516,1.4655820833529891
0.8987836062510286,1.2798806266744394
0.9000240176056167,1.273764599270563
0.8958079956800344,1.2728533321500886
0.8554013015619694,1.329715883319159
0.8889099748295206,1.2911299850708735
0.9405830752806431,1.2040372993040538
0.8000235192038964,1.4370961437814285
0.8749168798701845,1.3109603917042212
0.8467185526672362,1.3718583239788371
0.9086856722056983,1.2887240053402527
0.9051526663521923,1.2781874959797417
0.8465449280986119,1.343019229333781
0.9149770148963076,1.25004273505011
0.8751816615581322,1.3123200000521158
0.8414758910138153,1.3709891452568366
0.9283958643022553,1.2491657669908256
0.9082888028542884,1.2679575306269781
0.8154868353053992,1.432656076709651
0.8827401798935107,1.2971860197637444
0.879089185587739,1.3176545200945673
0.884500873040652,1.3117189110867116
0.8686292701403583,1.3242766844706377
0.8920274628237195,1.276109896221603
0.8610877406760251,1.3269381551645694
0.8544568038138259,1.338800061383809
0.8403614639699913,1.3835649493750393
0.9603280551970438,1.1830935466779122
0.8950357868204065,1.277744291710309
0.9020575029660476,1.283342682674784
0.9036848149763653,1.2503144676773796
0.9767624073002604,1.1794197119288177
0.9265081105923871,1.2347477793204529
0.8915083450980449,1.2877446004876831
0.8572673351075398,1.3494126331898362
0.8720625031574801,1.3398689512416362
0.9380684572178458,1.2251322950312078
0.8900687841387203,1.2999901282096529
0.8671624237853276,1.3099686990165083
0.9214108779150552,1.2437490427938669
0.8853243720936024,1.316995993363188
0.8580573048495259,1.330325622986731
0.8786853483411464,1.3022958401612652
0.8910684836723777,1.2987554850043448
0.8854002166090804,1.3072702651110244
0.9138251062709528,1.228602953254973
0.8295155424135171,1.3847367552854015
0.8867642516992901,1.3013860992215525
0.8618213272586862,1.3228231658028538
0.87785543816288,1.3114093971014826
0.9052212072645351,1.2807210433656386
0.9240801176343179,1.234911281619053
0.8203975724084824,1.4114960826904608
0.8842696390037817,1.3165398681264973
0.8826617700616967,1.288156593108302
0.8448742751063042,1.3692910398318385
0.9553583265164508,1.1969895324193494
0.9130324758620635,1.2615101567357523
0.8985609617404278,1.2723051373177074
0.8500609153663243,1.3492676873368838
0.8619778976432756,1.3318338649570614
0.8985609617404278,1.2723051373177074
0.9551614965106845,1.2023933193380587
0.8415000381035621,1.3876098900967404
0.8450874350013872,1.3430952660258189
0.8915971036437884,1.2950012041582504
0.895878248702838,1.2751231045666145
0.882201248911233,1.3135309586313486
0.8892743041364763,1.2801517544679009
0.8786604677487724,1.2997778532557474
0.8954663093969928,1.2657928437921977
0.8880223422696532,1.3001844333704384
0.8414349901619185,1.3920154148854569
0.8324179172081341,1.3969082576847949
0.882201248911233,1.3135309586313486
0.874862205407021,1.3115657039099828
0.9135409443490529,1.2570501206750302
0.9190165968587809,1.2468863650523412
0.8725409687305428,1.3389320811895422
0.8828351217338583,1.300772524648989
0.8304276779700819,1.3725868291282532
0.8398864544677962,1.3617315567807016
0.864655255470362,1.3371916664446226
0.8606515440918954,1.346784104571646
0.8771701877255722,1.3144350531477935
0.866232548439658,1.332405688206095
0.8924825471925578,1.2870345170259954
0.857512443239219,1.36352569602146
0.8448742751063042,1.3692910398318385
0.8484291405387298,1.3664023080356742
0.8561229000157596,1.3363662012783804
0.8978705030050536,1.2916626207173367
0.8487919872439822,1.3659585462644492
0.8756814824123454,1.3081469082245547
0.8428435227672197,1.3733496200078124
0.8111113725036673,1.4329456456397307
0.8515555159183514,1.3684550185872708
0.7929165197113244,1.470260488746867
0.9014272774690271,1.2746554975994921
0.8787620819567586,1.3112007372959529
0.8282052667945066,1.3827683455373672
0.7841869248311906,1.4737895147961573
0.9369798164285722,1.2147693120013845
0.8485878045899917,1.336591291203699
0.8534810593659844,1.3627881703140368
0.9181788466357657,1.259252049898118
0.9168343204765015,1.2330608890088752
0.8446581511443414,1.3496219638974916
0.8452981657428692,1.3587355819137732
0.85178600674927,1.3568980443227994
0.9094954841051663,1.2650883971116766
0.8587877927485835,1.3297937181663988
0.8525256108774983,1.3428398058221314
0.7628226500014326,1.4886599072362319
0.8768441966405098,1.3043765499405817
0.886023644512208,1.2948275183887064
0.8823140572007383,1.3132170043365807
0.9695752138459711,1.1952265507974116
0.8397856870695148,1.355351520058092
0.9111099942688532,1.2661892883705166
0.8071877900482928,1.4659210595237957
0.8279780895275259,1.3870144588732256
0.8426193431715541,1.3548420841155266
0.979621226688816,1.1838289354002351
0.8746063758398801,1.3110082341365905
0.895019071481549,1.288108404022706
0.8431004676628135,1.3713012297524771
0.855747253719978,1.3476078557250122
0.8441428783113,1.3654382595196912
0.8935685535512773,1.2775531769615407
0.9198176040402994,1.2436004269752323
0.8578716200722641,1.329557361841878
0.8556235818939204,1.3592667384345023
0.8123125519341898,1.4216922017552402
0.8939696698632569,1.2781380366875312
0.8957244647284972,1.2806873355804917
0.8665344547997053,1.329633839745735
0.9101453763935856,1.2603273858360413
0.873714266265439,1.325365064949281
0.8826825509324049,1.2963510983850566
0.8844564494651596,1.294394881962144
0.8296376765802725,1.394060182696732
0.9365402591327954,1.2200444915010697
0.8970574672939529,1.2900450896239708
0.8438661843121283,1.3459264661785928
0.8697564025424002,1.3091649994918861
0.883431294257885,1.2987967910169056
0.8786853483411464,1.3022958401612652
0.9325997192489917,1.2227957969606789
0.9230333472421245,1.244429141372996
0.9352783782582643,1.2242587630923691
0.9057263109157132,1.2951879413029463
0.8761187482950671,1.3049292014464333
0.8737504527906772,1.3271664146230182
0.8578007239212911,1.3398865630864876
0.9116366891921771,1.240790099918269
0.9109185509549553,1.2663092870691341
0.8155839584086932,1.4149281669291924
0.9328602257853993,1.2251804510548627
0.8671977155875951,1.3299141220788882
0.9317449300853746,1.2358754925990023
0.8266862479647764,1.3987053023838438
0.9084589840868603,1.2678743123832035
0.8625441715073839,1.3298122451924195
0.8577580115703527,1.3543450185427606
0.8980083220503171,1.2731639076894024
0.9016552490676426,1.270696175123622
0.8836107889385686,1.289726831488202
0.8622292264168674,1.3306692023706066
0.8893409865009684,1.3014086079870486
0.8652610537790619,1.3279685907486194
0.8605572019970895,1.3335920447759784
0.8839524640111003,1.3052929676407283
0.9088616454072203,1.254712248532595
0.8014808762355369,1.4416183741341184
0.9420087887320512,1.21110444282834
0.8881244521808771,1.3001453112046675
0.8114747305473307,1.395179430567503
0.8851082985066123,1.3015288742666373
0.8844630867794767,1.2946502143436465
0.8786853483411464,1.3022958401612652
0.886941377946386,1.3029242130466587
0.8961995881041596,1.286437827319217
0.8404465064467451,1.3686950795905302
0.8729069267952706,1.3182920859487313
0.9138594435670018,1.249849199543444
0.9160034744789495,1.2609454451692443
0.926340893933158,1.2155223499029935
0.8695411068145731,1.3248595807871524
0.960515558165599,1.1941316695736577
0.865928531785018,1.3420755356299305
0.8666997508291829,1.3195592616210672
0.8086632299356653,1.419792286751683
0.8987458532663409,1.2894734524933906
0.8279780895275259,1.3870144588732256
0.9107879469563661,1.23980385777374
0.8507549168390635,1.3482873910838586
0.9787911222064626,1.1754152718542537
0.9165445392882661,1.2604155646788235
0.8414457965663031,1.3679161609825101
0.8666403506449586,1.3185201399347517
0.8738690184522988,1.314385594158355
0.9005679349710917,1.2543767238294887
0.8078867818663205,1.435414858241881
0.8957910602796653,1.2765613876691284
0.8786853483411464,1.3022958401612652
0.8297967080444724,1.3950138986014444
0.8676609117143987,1.3283240988209286
0.879164552105703,1.3009700256874517
0.8237736197607362,1.4010539303794667
0.9128729645841648,1.2679585280966021
0.9387616648105184,1.2444526283048414
0.8531474687120051,1.3521783505029628
0.8349349310581405,1.3902685543012905
0.8554013015619694,1.329715883319159
0.8589509373179933,1.3389494333123912
0.8676054083506657,1.331659647234091
0.8666825173841944,1.3460249446210482
0.895019071481549,1.288108404022706
0.8909100069214566,1.2845568433980568
0.8476168233214298,1.358122944804362
0.8666403506449586,1.3185201399347517
0.8428435227672197,1.3733496200078124
0.9738458281596045,1.1804382365732953
0.9074770818496574,1.2770725656236244
0.9398374248146009,1.1872092549572912
0.9064541508464494,1.2661322633935672
0.8427432748969337,1.3528961791743879
0.8994674002856746,1.2741713233704428
0.8684098633127985,1.3430651169165482
0.8822689565658357,1.302800694047771
0.8971571256515856,1.2726225725036142
0.8772518296385609,1.311201381915961
0.9450484903992088,1.2256037107595636
0.8695411068145731,1.3248595807871524
0.8170441708024078,1.4271728366003982
0.8964745096012651,1.2929760686639682
0.8331651104631328,1.4049645630108003
0.8605265203647285,1.343369341389444
0.8849393582689897,1.300873402554159
0.8872353897909452,1.2875804130117472
0.8601732475104629,1.3334528932034477
0.8953201956304604,1.2743567393234143
0.8525845008079791,1.3608939133617721
0.8116200609389135,1.4299686183074627
0.8999351656968267,1.288210419168138
0.8740713515396892,1.3143738073281934
0.8495008738741503,1.3274405106681135
0.8645477145665655,1.345375373256095
0.8941529000183726,1.3015507544561868
0.8784626863691969,1.2966399063851797
0.8983681355461275,1.2738553442682263
0.86040230649347,1.3268399299474878
0.8116200609389135,1.4299686183074627
0.8725898895237411,1.307991994950648
0.9071418001497134,1.260991187357507
0.9044588194459785,1.2572891935105723
0.9450465494334286,1.207358737729195
0.9071418001497134,1.260991187357507
0.8772518296385609,1.311201381915961
0.9143726739938398,1.247320186206406
0.8395585916261806,1.391002668735256
0.8954919126033418,1.2790848704316464
0.920946047011574,1.2554192775489512
0.8149582101630285,1.4329043407806548
0.8967174050884278,1.268599732315537
0.8951351365960395,1.278730516543386
0.9128164706215628,1.2540582812501269
0.9285913365566293,1.2513066939580337
0.8569930293282269,1.3216628660498317
0.9154018852937289,1.254566528909497
0.9133915173793992,1.2503065275986978
0.9184943968401285,1.2536468209104303
0.8509326790298986,1.33792253145196
0.8111113725036673,1.4329456456397307
0.8331796747778426,1.3951338506650914
0.9113012193860046,1.2337550294641073
0.8422692926565084,1.3961700479000385
0.8942256319173674,1.288739568670448
0.9190165968587809,1.2468863650523412
0.8971582474961193,1.2843825252389571
0.9220971517868157,1.220964868554358
0.8705248111740354,1.3275130186982378
0.8707735067933912,1.3119913895396413
0.8870301776987042,1.2836305882665764
0.8530326776975898,1.347417011477117
0.8504185784167009,1.3486216433309015
0.8572859091417351,1.352815608082115
0.8989583523390979,1.2850077554644885
0.872393036234262,1.3107622859575403
0.9065162425865466,1.2613796907231412
0.8271249616155598,1.4030814267372047
0.8870019842131102,1.3046220765306609
0.9197421101662121,1.2552516863984717
0.9043700207677756,1.272155956203509
0.8924849335481876,1.2912398406312662
0.8671581502704869,1.321206816328687
0.8538625560278866,1.3336564578499894
0.854645495332172,1.3503647584208103
0.9094508319136247,1.264800237698306
0.8831610044491098,1.292830931510913
0.872465388138717,1.3083954820811277
0.9241437898606104,1.2349224925626752
0.8504185784167009,1.3486216433309015
0.9340140192906611,1.2240614358615685
0.9138594435670018,1.249849199543444
0.818129417720861,1.4139226514459724
0.8658885784943615,1.3133441102063015
0.8271578836254871,1.3936259919563143
0.9043372261461823,1.2756493625780416
0.9093132754671065,1.254310044699442
0.8427432748969337,1.3528961791743879
0.8691872121768155,1.3193000245332067
0.8999043395124816,1.2744771411479352
0.8463235085405847,1.355082635227611
0.8788750472767588,1.3198729013115769
0.8388214534945984,1.3837662115631562
0.8961795356293637,1.28615895856533
0.8673119262600275,1.3142224126693194
0.8302368242398749,1.4051369325819194
0.8404560154481824,1.3639801252925454
0.8398369703666303,1.3790991251796374
0.8811245919785328,1.2936396825963987
0.8611254796598088,1.3392873713889735
0.8376683822423252,1.3717647430791873
0.8872359814552859,1.2934021610712403
0.8614338783153049,1.3219061166001056
0.9432342859828817,1.2169060056789833
0.9232243450329054,1.246353925831046
0.8797423709653849,1.317525515437261
0.904436515387882,1.291007556528366
0.8926851343031544,1.2833388612150032
0.8977230227725378,1.297188056547936
0.8710425087421084,1.3140638212974436
0.8662331528082893,1.3360724733328533
0.839486373811633,1.377234748339296
0.8129891041596004,1.4249181684328993
0.8621572483693919,1.3371218959740774
0.9205881435436378,1.2705534440554669
0.9116889949523198,1.2785184921932387
0.873714266265439,1.325365064949281
0.8270902524061584,1.3991083697755866
0.8958126493640349,1.2735476599925477
0.9415791873979071,1.2165666605062557
0.9113097129992049,1.2593931465828188
0.920946047011574,1.2554192775489512
0.9011792912341474,1.2688603931067648
0.8347691852959191,1.3767526808886363
0.9431090771468934,1.2219230997479862
0.9254907671771742,1.2401669337699999
0.9227425576883064,1.225134693946325
0.9235982797828495,1.245208951472159
0.8988779424813054,1.2906737144592604
0.9767624073002604,1.1794197119288177
0.8042399178281944,1.4281318872048359
0.9016795749200068,1.2754752310710131
0.8606358056504098,1.3259982703829307
0.8760261498473769,1.3171895469125239
0.8677030219860912,1.3119091784900208
0.8534454582706772,1.3371423331950787
0.8851082985066123,1.3015288742666373
0.878906479104719,1.2971274177429877
0.8643695172593527,1.3133586355933178
0.7862489686768216,1.4699605577920996
0.8446012968695631,1.3552962398015467
0.8183215913773131,1.416889849579074
0.9277861023142466,1.2262214181558335
0.8455662838042781,1.3475987227908102
0.9073753977214507,1.262367768049743
0.8527615774513125,1.3541470756902285
0.8746927489900475,1.3123301845426782
0.8579685800675897,1.357175577041852
0.8709535428654925,1.3217635956323244
0.9127140458982491,1.25610879036548
0.8618226905858994,1.3299429877346376
0.8607435625818735,1.326854195473332
0.9011816401225229,1.266730146923388
0.9285913365566293,1.2513066939580337
0.9016795749200068,1.2754752310710131
0.9251624844625955,1.2351041615690204
0.8397828980940272,1.3696760343490186
0.8989468722924006,1.2679662135756906
0.9083374939593596,1.2460943259207808
0.8845266437075036,1.3068018079980595
0.8813721492968026,1.3281877696721043
0.927756092900628,1.2444661432010626
0.8781320529072913,1.3130119511193459
0.9436999487312865,1.2114194373116238
0.9181953100363865,1.2457342941171325
0.8874516993437084,1.2825515289082945
0.8223214820322342,1.4054855842154175
0.8168833510139134,1.4294556833628589
0.88223933970078,1.2918925192113189
0.8458873554182667,1.3525006470822754
0.8857762677410567,1.3087284518873925
0.8368283862076162,1.35307411820123
0.8613064352332297,1.3167245829305956
0.8596980664845498,1.364167105790177
0.8746063758398801,1.3110082341365905
0.8801712803413376,1.3130382044507136
0.8550017003339786,1.3592592354359028
0.9279662339665179,1.2409632088404297
0.8747481103794111,1.31063316277572
0.918888800596003,1.2521512169610705
0.8725853401976456,1.303759018294613
0.8709535428654925,1.3217635956323244
0.8837583428102471,1.3286111963392229
0.8915971036437884,1.2950012041582504
0.9089373346276353,1.2684357733020635
0.8781690864042178,1.3336732275037666
0.8472624994855464,1.3581382967717517
0.8842696390037817,1.3165398681264973
0.8710979605493121,1.3066789851181322
0.8423061362826564,1.3780949456444622
0.933161515294618,1.2336594982744293
0.9016613188586623,1.28529576073856
0.8473775369030188,1.367103684809928
0.9180149553330392,1.2695159522385242
0.8763631582769585,1.3102473530309435
0.9015615439857867,1.250523469180811
0.8664834224392635,1.3151974792770291
0.8028989134807957,1.408798789491456
0.8579981128520685,1.34223123368419
0.854645495332172,1.3503647584208103
0.9060246692108939,1.244669107223012
0.8389236424957287,1.3427228765491086
0.9092256363850731,1.271964943886742
0.9293447976865903,1.2265958802671157
0.8539477098751235,1.3567804310414493
0.8941625420567426,1.2800147851990429
0.9606584793892966,1.1929278151541793
0.868166946775554,1.3206173987558112
0.8707735067933912,1.3119913895396413
0.8686292701403583,1.3242766844706377
0.8999043395124816,1.2744771411479352
0.9157065049499425,1.2654381614656751
0.8756588475635518,1.313651035520244
0.9006854417596211,1.2709530078638476
0.8723955757344302,1.3156487258526182
0.912506716215344,1.2562328067539388
0.960848983455745,1.1942782459910566
0.9414358319013396,1.2072606007632072
0.932804805779862,1.2161470305479012
0.9264543701609058,1.2426637231213633
0.8911099992472781,1.286209089491701
0.817159165582134,1.3965990184215187
0.941826001194737,1.2181856910343234
0.8594237020756539,1.3459216366873068
0.8771701877255722,1.3144350531477935
0.8858450962248745,1.3026677861123117
0.8880420381350868,1.3020229902997467
0.8134170175627677,1.4089129552360715
0.927756092900628,1.2444661432010626
0.8609506338849423,1.3314761809986637
0.8862201301448931,1.2972164625143328
0.8904879663505822,1.2850705141502812
0.8612223867393015,1.3477168155787311
0.8878279887912415,1.294241368102029
0.8751484312369086,1.307972155565753
0.8693913075206245,1.3245550700557456
0.8696332281495862,1.342999326248759
0.9829058403014673,1.1615934056684114
0.8328062884488444,1.3787929385325777
0.8223672356302335,1.3751162224402302
0.9243640940067835,1.2420114790235681
0.942043018172205,1.2177296720505584
0.8292410443510208,1.387536022056028
0.8898712885524211,1.2989250203938005
0.8525578255124171,1.368294319513224
0.8807402601203673,1.300230243240403
0.886782607550113,1.2972382384064682
0.8403614639699913,1.3835649493750393
0.8911585778969543,1.289817672284915
0.8580756491840876,1.3688874146343397
0.8463235085405847,1.355082635227611
0.9099147065149645,1.2500128678156688
0.8913678591568104,1.279729191155597
0.8272877431263846,1.3708563960023314
0.8342271296848514,1.372522756411204
0.8585949643468944,1.344327290229709
0.8958648368997321,1.2792737889019683
0.8577905821624697,1.3570317895577921
0.9712832795306237,1.191087290621899
0.8989583523390979,1.2850077554644885
0.8502952270984251,1.3655153521221435
0.9074717928478327,1.2681190742549315
0.8748454498810128,1.304211666616507
0.8747404891485355,1.3281900789970749
0.9271166304768954,1.2315017727169828
0.8681932732293542,1.3367993820134623
0.947434779448489,1.1975537969690841
0.9414225678957118,1.2172141136304093
0.8267435191685425,1.3810472356000578
0.8980503547773385,1.2617667721872223
0.9079553704171235,1.269333741883932
0.8926792690778238,1.2774719158910013
0.8543737483263696,1.343587508166603
0.874282217955887,1.3194996708586357
0.8649868293368229,1.3350039564461744
0.9140116030305235,1.2448089065734973
0.8417781659941599,1.3607000843460741
0.8685856354718102,1.3283327031877326
0.9356731359231326,1.212841340893511
0.9353088046458394,1.2121130761607934
0.8146534689369995,1.417403692247595
0.871351855109149,1.2897610813581388
0.8123841463376844,1.4308057820998679
0.8405104887737231,1.3667439377259563
0.8353303403705793,1.3867297263088836
0.8517470739334556,1.350374154829416
0.9180986669656711,1.2343202245956857
0.8676609117143987,1.3283240988209286
0.8554013015619694,1.329715883319159
0.877819480432194,1.2988141368150061
0.8500704778224335,1.3870878304485115
0.8311683338498796,1.3929791788086696
0.8513439063517647,1.3421232121903737
0.8446581511443414,1.3496219638974916
0.8768711104095454,1.3188449740357149
0.9094210672424768,1.2565071643942505
0.8810498787076105,1.3030496303551398
0.9395072725509549,1.2371729154295446
0.9035274043025213,1.2743896072936314
0.8433401342333386,1.3567427904912739
0.8473775369030188,1.367103684809928
0.870173445096404,1.3466459255944887
0.8515464701782012,1.3473352862232955
0.9108902962841892,1.2448433827399188
0.8979221118191335,1.2712544977751814
0.9505834103209272,1.206488950528536
0.8510624894363272,1.3429147839000117
0.8659123666461889,1.3195312719850552
0.9099727447249879,1.2595785530842531
0.8951539652993473,1.2697715282709168
0.905658690981484,1.260318129843289
0.8676403634247316,1.3348032768363194
0.879020634321762,1.31586596334471
0.8363058874576592,1.3835315980863017
0.831638692372486,1.3915040295173737
0.8319237574008297,1.3882867781999753
0.8691089199058516,1.3456305271767928
0.8499678154298195,1.33718644505361
0.8297967080444724,1.3950138986014444
0.8415039881609397,1.3629427164420265
0.8421286523007607,1.3854907831525374
0.918153043268947,1.2330769127557497
0.8719467505512122,1.3058540163051393
0.8748454498810128,1.304211666616507
0.8860526094455187,1.2988266054179247
0.8939436792852324,1.2838384108290253
0.9083243783928391,1.2727063547314887
0.8623228439562284,1.3394110460562614
0.8227380183093597,1.3881015621827362
0.8584891254581133,1.3361639274492083
0.9198206434898818,1.266333222510897
0.8666997508291829,1.3195592616210672
0.886631856357515,1.318056929857911
0.8991550154673997,1.2697899674122484
0.8788140764891872,1.3061967182811132
0.8261016095330718,1.3975002592013437
0.8573801877198887,1.3476687870594377
0.8896041308670894,1.3049361378255742
0.884097245517432,1.3082051201610172
0.8601896601596537,1.3262747751624246
0.9646298805206833,1.197253859121404
0.9171883762831871,1.2475365678923735
0.9070866390026618,1.267781755474544
0.8489905181529953,1.3366849390961528
0.8427432748969337,1.3528961791743879
0.8916660541534689,1.2983794973199851
0.8404465064467451,1.3686950795905302
0.8756588475635518,1.313651035520244
0.86040230649347,1.3268399299474878
0.9109730053155198,1.2670317009169119
0.8504185784167009,1.3486216433309015
0.9298628711373185,1.251184876563988
0.8368059614184706,1.383688968731027
0.8735827966402375,1.320678015055328
0.8845266437075036,1.3068018079980595
0.9123408796916795,1.2587944476572175
0.8218895819775929,1.396888651742177
0.8250584752021548,1.3951130208199463
0.9045715591107938,1.2742381312840705
0.8078867818663205,1.435414858241881
0.849788533325124,1.3529058291414409
0.8927139337642512,1.3035362827251817
0.824750177284387,1.4132688713762465
0.9027874831945988,1.289779686081819
0.8857762677410567,1.3087284518873925
0.9034317731852709,1.2614188415053156
0.8839524640111003,1.3052929676407283
0.8544568038138259,1.338800061383809
0.8919623351889361,1.2937247611895333
0.8459020703976511,1.3705018708721943
0.9061853754551925,1.2689293359216132
0.8808669882774407,1.2970753116565708
0.886023644512208,1.2948275183887064
0.8515464701782012,1.3473352862232955
0.8269013592053497,1.4055000632116192
0.908224898117606,1.2661180050909335
0.8663499291201382,1.325709953889724
0.9108902962841892,1.2448433827399188
0.8469331311053597,1.3640837129693837
0.899281297109633,1.2928634298834174
0.884070804939717,1.3007165865626582
0.9304913271223169,1.2310752772778215
0.8299375207672107,1.3697942726679968
0.8332332166798029,1.3785168930435745
0.8952730941393476,1.27641300206408
0.9053613979190435,1.2842760489375533
0.8258278808942761,1.4082403054646637
0.8705962366596514,1.3369746983334432
0.9197967373680837,1.2519158524258032
0.8573004670764444,1.3324529005821166
0.9156200501449901,1.248338432091428
0.8860523699956414,1.3043676761920049
0.8889517536020738,1.300007750352875
0.8326680806779737,1.3847219701290698
0.9227811471704406,1.2468432190453789
0.8470508338803543,1.3770953969137683
0.8324714022999027,1.4084679421215593
0.8587877927485835,1.3297937181663988
0.851587983127419,1.3425306479944845
0.9405830752806431,1.2040372993040538
0.8674186315281974,1.3253090314522913
0.874658043945384,1.321352508627864
0.8455662838042781,1.3475987227908102
0.8801021996767477,1.3058060884204494
0.8776951170382181,1.3056836859428098
0.8768441966405098,1.3043765499405817
0.8810498787076105,1.3030496303551398
0.9136397665226158,1.2496711504161675
0.841131792193874,1.3781088103529515
0.8841854718615394,1.3124648938854577
0.8398614448837052,1.373247317583104
0.8533751686261559,1.3601884947374332
0.8917880137065366,1.2827428554871438
0.8707581780482074,1.317248620624124
0.8199074138047939,1.415534190835913
0.9185554544030025,1.256980721621404
0.9565020969954605,1.210311278445522
0.8761745341398928,1.300281538218229
0.9184943968401285,1.2536468209104303
0.9232574430689714,1.252117059606543
0.8857785359555589,1.298221748600249
0.8488774821257746,1.3653468525076928
0.9405830752806431,1.2040372993040538
0.8648563293168101,1.3219103434360633
0.8854787053138617,1.305736880406453
0.9498665566809685,1.2097392080679708
0.853311899183109,1.3365331941958534
0.9015615439857867,1.250523469180811
0.8696332281495862,1.342999326248759
0.975160733704787,1.16875069628348
0.8969254624675599,1.2636170903330208
0.9051216745610309,1.256584559164442
0.8652883200997618,1.3572468638963913
0.8961577058293541,1.2972781988122606
0.8606515440918954,1.346784104571646
0.8669676255044358,1.3124901813255296
0.9094436146556699,1.2582203074024265
0.9263354403121955,1.2326473851732411
0.8927155956940955,1.2820974738701187
0.9379523499143073,1.215459736534792
0.879612125534887,1.305622992432841
0.9128729645841648,1.2679585280966021
0.8765515059039761,1.292109385311034
0.8862201301448931,1.2972164625143328
0.8571897152105827,1.3571266574643834
0.8781690864042178,1.3336732275037666
0.9094508319136247,1.264800237698306
0.8829621449078578,1.3293388035711984
0.8256384963361751,1.3875749874690566
0.8860523699956414,1.3043676761920049
0.8723178637479496,1.3121405957830374
0.9001361701711037,1.2872141403083546
0.895466650975677,1.2775382119426173
0.8264012636919108,1.401537861138151
0.9249295697605182,1.2305748522937594
0.9221973973225827,1.240482041084841
0.8671581502704869,1.321206816328687
0.8304490559889005,1.3814269952961586
0.8755333545158464,1.3336873463133339
0.8525256108774983,1.3428398058221314
0.8820546043114129,1.3169962324388793
0.9131773341451345,1.2604921134005747
0.8580128939593136,1.3642202028141996
0.8941529000183726,1.3015507544561868
0.8993509382832153,1.2794516668783196
0.875167438287781,1.3012624094642051
0.9409083203045668,1.2129892289687716
0.8621572483693919,1.3371218959740774
0.9204487139295986,1.2469228700279205
0.8626136605977751,1.3285914857595462
0.8794817405381402,1.3040067770996053
0.8690592074080428,1.323637839933951
0.8699703511618144,1.3307569905235273
0.9067244374810896,1.260959384781873
0.8953671406398321,1.3025543132408401
0.8761807201944806,1.2932235118188433
0.8692934651950682,1.3180845213061239
0.8197328224258388,1.3983999933516245
0.8987458532663409,1.2894734524933906
0.8960026937825989,1.2589210052235755
0.8947942268034748,1.2805660738291258
0.8672649827522638,1.327856777118381
0.8802005493295467,1.3196663553497414
0.8111113725036673,1.4329456456397307
0.8759144554486725,1.3084271202672977
0.9107879469563661,1.23980385777374
0.9052212072645351,1.2807210433656386
0.869716525611338,1.3179101615059983
0.9072701459273802,1.273560516264941
0.8700362994843724,1.3315136093070286
0.9146951970572355,1.23260516937623
0.9197033925959622,1.2474465022005485
0.8751874802306217,1.297209230135692
0.8666825173841944,1.3460249446210482
0.8762595620756078,1.2984009713883191
0.9086697323472219,1.2525022300203699
0.8134258249876476,1.4196359478077791
0.9195850067751585,1.2461007114778404
0.8791535151803258,1.3299993465768054
0.8101393042943967,1.4327225414080362
0.9241128331239065,1.2357543799214403
0.9584166017051273,1.191879000529526
0.9181673064419411,1.2622361886886821
0.8703547788371501,1.3152440189756254
0.866712422577207,1.34172095221004
0.8994674002856746,1.2741713233704428
0.812134242575864,1.4012502482723113
0.9489509436346092,1.2220095313006738
0.9549668066397182,1.2015063902749996
0.8235677000927153,1.387640981670843
0.8686442885662911,1.3318164037361797
0.9387281235557349,1.2017802916333067
0.8661791502377447,1.3456988465879647
0.8547791990996194,1.370395972343463
0.9556143253005214,1.210419845752902
0.8833322745239274,1.319183181430483
0.8539627520536744,1.3475613388910652
0.9319761018039063,1.2442539334678897
0.9482378979436276,1.1920383854231302
0.9178593461780982,1.2482340297606918
0.8397915867421467,1.3859737049479406
0.868166946775554,1.3206173987558112
0.8379934632507029,1.3813307691873378
0.8510257662393335,1.3460593836777952
0.8892631929050817,1.294497395444129
0.9175966488285627,1.259286411834922
0.9051220653673108,1.2647100797271875
0.9368628660043438,1.2066572243495353
0.8516438373418005,1.3602509331528438
0.900354394637922,1.2682010595423379
0.8994674002856746,1.2741713233704428
0.8695848839199497,1.3351704495536898
0.8686292701403583,1.3242766844706377
0.8680265725475493,1.3260239392487072
0.8684436689272746,1.3417727154410262
0.895917887991161,1.2759167817654398
0.907439906140493,1.269006591588603
0.8123841463376844,1.4308057820998679
0.9264543701609058,1.2426637231213633
0.9343103509608881,1.2245406183479441
0.8951599213763356,1.2933033204958049
0.854645495332172,1.3503647584208103
0.8798274368221903,1.3027525584243775
0.8759144554486725,1.3084271202672977
0.8242490934357006,1.3998393341522288
0.8295876009520984,1.3889677997572298
0.8666403506449586,1.3185201399347517
0.8873293340103365,1.3071362216246527
0.8903021069920404,1.2797417363450176
0.8842654525796293,1.3073205792486953
0.9190165968587809,1.2468863650523412
0.8716309581620068,1.324527944499227
0.8771922711665281,1.306145712491753
0.8733724114160284,1.329189261929474
0.8851736163554216,1.3010028707588923
0.8972288859770698,1.2848724676866619
0.8851082985066123,1.3015288742666373
0.8572277242020251,1.3405399384845245
0.8522515921563895,1.3527906427687733
0.8746927489900475,1.3123301845426782
0.9346506513952346,1.233808814653265
0.8192856406526139,1.4227194345989005
0.8697492995772262,1.3219249251132479
0.8580573048495259,1.330325622986731
0.8817767625524043,1.2985236814845897
0.8968633257487716,1.2675165606503638
0.8703478992594035,1.3120606841343005
0.8856677793093634,1.314436163652186
0.9057429744460674,1.2734832871806412
0.8786604677487724,1.2997778532557474
0.9526666912291861,1.2050862618287985
0.7865310660883807,1.4768507879576722
0.8787620819567586,1.3112007372959529
0.8926851343031544,1.2833388612150032
0.841153904894147,1.3691310262430763
0.8840999368107746,1.3112242193583294
0.8624533755242543,1.3378991205542214
0.904746826262876,1.2700614153273704
0.8648563293168101,1.3219103434360633
0.8714478785753007,1.3194793795846984
0.8560177665742635,1.3376646257302514
0.9094436146556699,1.2582203074024265
0.8398638106362155,1.3621010525172577
0.8972288859770698,1.2848724676866619
0.8370897214190753,1.3849043408128034
0.8539477098751235,1.3567804310414493
0.9057429744460674,1.2734832871806412
0.9406611849668766,1.2035162221567988
0.8708651041491255,1.3285135083816175
0.8779647269650366,1.318500063227423
0.9175643785375864,1.2768819978595916
0.9365402591327954,1.2200444915010697
0.8881244521808771,1.3001453112046675
0.871728990186638,1.3280949404825557
0.8242796836930687,1.3974512918997433
0.8054216556389258,1.413404218285037
0.8571828654353946,1.3533742270217446
0.8849756921488334,1.3052042612910175
0.8741381183271512,1.3255248409206626
0.920946047011574,1.2554192775489512
0.8971582474961193,1.2843825252389571
0.8819313497112984,1.3048848543670863
0.9489637143111872,1.2311183574617377
0.9221006828431375,1.251350323653728
0.8441428783113,1.3654382595196912
0.8884389016802949,1.3144653753282272
0.8313314483053035,1.385203414047442
0.9010035213660897,1.27081711908823
0.9291223566506517,1.2505577458995518
0.8752607317302358,1.3047496791464077
0.8846751973011805,1.3132555610371923
0.8773585381081764,1.3112075118291309
0.860494516553685,1.3341287288545687
0.7970776661573118,1.4543870664395069
0.8985947223101388,1.295233196957798
0.8862201301448931,1.2972164625143328
0.8922953694585581,1.281458061010723
0.8871823498528398,1.2807604068331038
0.9017913764296783,1.2707355040195798
0.918651309399921,1.2300011323406803
0.8323615377465985,1.3895654775012956
0.870042208090291,1.3325623504251904
0.9173692311661508,1.2489127933717383
0.9448317626418707,1.2124933430814084
0.8717662546694572,1.3101637059488767
0.8822918960326241,1.3038975758406042
0.8789404778508234,1.3100058697184083
0.9355317867768493,1.2138153640017952
0.976003960919807,1.181420476283838
0.8993509382832153,1.2794516668783196
0.8751473260706536,1.3026718258394037
0.8801648385888431,1.3047193356124616
0.8090867111349166,1.4322222103195028
0.8398864544677962,1.3617315567807016
0.864655255470362,1.3371916664446226
0.9196411704537186,1.2349618196013885
0.8543737483263696,1.343587508166603
0.9058108728450218,1.25379768897146
0.9286342333398854,1.2259998532923764
0.9098312383449977,1.2603651556821525
0.8675509019131162,1.3272077992622113
0.8790811974035364,1.315878853839094
0.844438478410127,1.3803686388390495
0.8899614982297833,1.3045713822495049
0.8313314483053035,1.385203414047442
0.8889517536020738,1.300007750352875
0.9052198412203946,1.25644980382806
0.8470508338803543,1.3770953969137683
0.8907480043426971,1.285881434510721
0.8938458838082394,1.2857127870254983
0.882201248911233,1.3135309586313486
0.8432208839508583,1.3632265459233261
0.8787620819567586,1.3112007372959529
0.8851736163554216,1.3010028707588923
0.8721910048414238,1.3055242208121576
0.8130563855688798,1.412104348149537
0.8585061360730448,1.3201199886672665
0.8722151228751402,1.3273044819790798
0.9069279911591098,1.2687832403661214
0.8917586592928612,1.2895528621598398
0.8800783164886526,1.3047784402991947
0.8111113725036673,1.4329456456397307
0.9466258245392848,1.2092767269858555
0.8303740123360387,1.4058110303840587
0.8789883333533829,1.3178006435943712
0.9586447382229589,1.197334876144136
0.9001270486126541,1.2656347715542902
0.8580128939593136,1.3642202028141996
0.9192994564454371,1.2292630673910434
0.9053275282549723,1.2813499421975425
0.8570642963486881,1.3280325001648219
0.9169237529814682,1.256271746312125
0.8914505215080732,1.29786300510282
0.8884458730546012,1.290277220123005
0.8999043395124816,1.2744771411479352
0.8362017286926382,1.3796196755563988
0.8693913075206245,1.3245550700557456
0.8706723423770756,1.323149974906647
0.8510997430780584,1.3598830176271561
0.894137728280805,1.270296868545997
0.8353690128769331,1.3939033739599604
0.9267201036188774,1.2425735589613223
0.8768212340897885,1.3188400209817774
0.9032664930773576,1.2753384543394723
0.8760805511910832,1.3004848786349466
0.8601317384013066,1.3457258717376956
0.9030418302836043,1.2762816717755194
0.8827154806754409,1.3101342683741601
0.9103281095256665,1.2676815484981274
0.935309381316769,1.2212217976487154
0.865210001260575,1.3237068766210371
0.95662926405206,1.2049379758648928
0.8965457911444716,1.2794486863733145
0.959762559714077,1.1918172886790512
0.9964611667621143,1.1529729049973882
0.8247143208058251,1.3873299109406498
0.8663190079835849,1.3360377026443737
0.8276195464993384,1.3612092598662058
0.9394741433034137,1.2337704935334333
0.8890344026449698,1.300843308022219
0.8445619280862657,1.3807685866808044
0.8258321553191655,1.413252962247981
0.8597432060869197,1.3201826581368852
0.9303393265895865,1.2329208207135098
0.8762595620756078,1.2984009713883191
0.8743881840116263,1.3157614649186318
0.8910684836723777,1.2987554850043448
0.9345866605519801,1.2293001856325105
0.8682026433543407,1.3190010304161583
0.8761248232294173,1.3119431211056123
0.8694175493386143,1.3195814599742022
0.8848733527655833,1.3081118605327116
0.9163467411345049,1.2331586134732866
0.8607583327463857,1.3579687607699302
0.9101553187855576,1.2677443287058763
0.951111715094282,1.182905573623527
0.8694817175145101,1.298207529848156
0.8543737483263696,1.343587508166603
0.833172646142188,1.3872257698301904
0.8845266437075036,1.3068018079980595
0.9310337038505099,1.2425773788232564
0.8078185250306659,1.4210553067072438
0.9357184214415457,1.2342259225812864
0.8685867866700399,1.333894438251139
0.9019166933112492,1.2745504271845178
0.8770789283684325,1.330431088523313
0.8580573048495259,1.330325622986731
0.8918996339503417,1.2845324218325962
0.9133467597528669,1.2641352653294047
0.8740044197409907,1.3068496631819744
0.8543219023904467,1.3610684905739119
0.8767679781374315,1.3170782047207952
0.8414758192936869,1.3790815969757917
0.904746826262876,1.2700614153273704
0.9068038565439746,1.259098441424213
0.78836650756654,1.4487083381635577
0.878906479104719,1.2971274177429877
0.8970824240401438,1.2760956130638972
0.8844630867794767,1.2946502143436465
0.8983411176911422,1.2892373665246533
0.8859261921682966,1.293824244490421
0.8580218374946618,1.3482292586413729
0.8557883578784331,1.3399099334317506
0.8543737483263696,1.343587508166603
0.874862205407021,1.3115657039099828
0.9202505986340254,1.2321931485088382
0.9094210672424768,1.2565071643942505
0.841131792193874,1.3781088103529515
0.9296914637417669,1.2424540256247547
0.9295361260775571,1.2423507663687998
0.8924152588225941,1.2837104683044303
0.8907961186500899,1.2780083188951343
0.804872131189903,1.4358214177309465
0.9032664930773576,1.2753384543394723
0.8577390227641519,1.3370565323799064
0.8494790245590012,1.3636551726785002
0.8810795560440203,1.3167362855167335
0.9072316675816222,1.2784492227912718
0.9964611667621143,1.1529729049973882
0.8751874802306217,1.297209230135692
0.8286724676588522,1.3961810876471314
0.8539477098751235,1.3567804310414493
0.9128583088873479,1.267618032180524
0.8935685535512773,1.2775531769615407
0.8541012152943108,1.3474478708216322
0.8953438484024607,1.2924850601436826
0.83396710757359,1.3916443259767293
0.8720625031574801,1.3398689512416362
0.8488112006408709,1.3476706821688809
0.8795266352423493,1.2879579564675212
0.8666825173841944,1.3460249446210482
0.857139309526069,1.3408473694767982
0.8375090387918844,1.3878788237853326
0.8786604677487724,1.2997778532557474
0.8891317687470293,1.292220919547292
0.8651272026923013,1.3402022071871702
0.847575001198966,1.3636102281592293
0.9164254559039959,1.2544510616838365
0.8651920559095513,1.3081071296985098
0.8568470584003339,1.3296962414673204
0.8999043395124816,1.2744771411479352
0.8331891410988495,1.398435487566188
0.9168881783554953,1.2493274440595756
0.9342221308893569,1.2196948673339438
0.8749395903939283,1.3258517933099954
0.9123408796916795,1.2587944476572175
0.9058578844222176,1.2713617732166744
0.8804965077577316,1.3047223360639992
0.8864076473261115,1.3008466248714896
0.902674569194941,1.2607678919528453
0.8414758192936869,1.3790815969757917
0.8516348709354935,1.3506845955775832
0.8577580115703527,1.3543450185427606
0.8328649711335571,1.3978778006517274
0.8850976965118582,1.3102540435647199
0.9778414501552858,1.1832986480094663
0.8985326044607163,1.296738382513951
0.8580573048495259,1.330325622986731
0.9526666912291861,1.2050862618287985
0.9089373346276353,1.2684357733020635
0.8898596945347067,1.289820548855625
0.8924152588225941,1.2837104683044303
0.9004708043603612,1.283008232050989
0.8666825173841944,1.3460249446210482
0.8280489577520022,1.3976683421845373
0.8464701649884588,1.3535339369064272
0.8740713515396892,1.3143738073281934
0.9314592464180018,1.233380147902466
0.896928032086697,1.268536482005632
0.8545842387139424,1.3322905584916607
0.8819372616316978,1.2875010221313976
0.852690750433934,1.367615710440617
0.8512132551213069,1.361079311532244
0.9013004126259295,1.2939791777876628
0.8260070694149306,1.401633600887925
0.874658043945384,1.321352508627864
0.9251624844625955,1.2351041615690204
0.8414926419137704,1.3790877977629319
0.8632656591168889,1.3372162215751102
0.8342675651709032,1.3797984889496737
0.866943254118338,1.3229054506699824
0.9321214634583996,1.2521196300413595
0.8855246188516092,1.3060195175015596
0.9247105138200059,1.2265113784401835
0.8687318515554637,1.31075551313715
0.8592207004891913,1.3456025605749307
0.8865717021523593,1.2828519275359231
0.8301028477585431,1.3901322118571358
0.975160733704787,1.16875069628348
0.845989751229659,1.3546571198993882
0.8821439249593667,1.298846577391772
0.8400794662838464,1.3492043275219368
0.9018259164624792,1.2811005612687243
0.8744215143588242,1.3186130917007712
0.8326680806779737,1.3847219701290698
0.9597895450096924,1.197089742790815
0.8149582101630285,1.4329043407806548
0.8819372616316978,1.2875010221313976
0.81522925639783,1.408045705946092
0.9417468350473766,1.222854888760195
0.9552732426899683,1.2017913104716489
0.8372530711516013,1.3653313908669102
0.8960026937825989,1.2589210052235755
0.9520512468637066,1.2010640613239774
0.8833501071096087,1.298275215518937
0.8863945471707175,1.3033109908411895
0.8746063758398801,1.3110082341365905
0.893481852517469,1.3063959060488126
0.8254134850099714,1.3686364303734393
0.8677627013041151,1.3194486711209361
0.906235745883287,1.2732327254885971
0.8520120341312313,1.346978993931458
0.9829058403014673,1.1615934056684114
0.8635070073956562,1.338700465931088
0.809183216271226,1.414221025970646
0.9215336758072522,1.2589635905670515
0.9089373346276353,1.2684357733020635
0.8487078570911682,1.347553771290786
0.9211919381360534,1.247410879893839
0.8635976537658768,1.3266187511774619
0.9101453763935856,1.2603273858360413
0.8395585916261806,1.391002668735256
0.8296079918499975,1.3865228749910616
0.8976219123098276,1.2740537264336267
0.9368765107785841,1.207284071841186
0.9321214634583996,1.2521196300413595
0.9082888028542884,1.2679575306269781
0.9420658953191522,1.2098447243295096
0.9279083377054387,1.2342068751061055
0.8666825173841944,1.3460249446210482
0.8577390227641519,1.3370565323799064
0.8778655369213008,1.3006121595226139
0.9023083774918625,1.284292096405094
0.8414457965663031,1.3679161609825101
0.9486068033370278,1.2119656411664415
0.8473775369030188,1.367103684809928
0.8636867524052865,1.3324559417287254
0.8596478503102233,1.3540834338363807
0.8579409811429822,1.328607143863403
0.888974782858228,1.2886926232484102
0.839180304419404,1.3812702135132118
0.9391444189323279,1.2315613626917186
0.8976219123098276,1.2740537264336267
0.8669414082438187,1.3235031607720966
0.9074717928478327,1.2681190742549315
0.8723178637479496,1.3121405957830374
0.853311899183109,1.3365331941958534
0.8632656591168889,1.3372162215751102
0.9685276965336994,1.1776651414458887
0.8627164881457033,1.3108717805379946
0.8816736001217409,1.2964717211146097
0.9471491528516984,1.2076741103085742
0.8426011012323111,1.376078173875492
0.8584767768494377,1.33898957428953
0.8233656141828826,1.40106233229604
0.8887079729612429,1.2880124521755894
0.9321214634583996,1.2521196300413595
0.8524643418676132,1.349945628041283
0.867216335120237,1.325376968150425
0.9230816589904244,1.2403171450006087
0.8686665817143842,1.3356951100175192
0.8962050471604064,1.2789824741491804
0.8599388092874547,1.3116591582852517
0.8266862479647764,1.3987053023838438
0.9369699595361358,1.2191249789033185
0.8894722305982412,1.2920713503595898
0.7892179171623261,1.4923301521027412
0.8419341211623632,1.3596637801891238
0.8705248111740354,1.3275130186982378
0.8694793836240639,1.3183088681911674
0.8885911605852985,1.299826774468365
0.8299522381440639,1.365714363755212
0.874282217955887,1.3194996708586357
0.887480811328788,1.281892700456676
0.8880827654846509,1.3094034445748923
0.8665344547997053,1.329633839745735
0.8782768154638098,1.3041501283270027
0.9191541765510888,1.2562668174004121
0.8497275382056134,1.3569904751646131
0.8349269509613557,1.3731714189685083
0.8636867524052865,1.3324559417287254
0.9094508319136247,1.264800237698306
0.8820611823211985,1.3047429393074579
0.7988568531304633,1.4393810699531122
0.868173499937076,1.3160988159851337
0.9416772025943354,1.2105730349346786
0.9248451025760777,1.2324571536448383
0.8709535428654925,1.3217635956323244
0.9064541508464494,1.2661322633935672
0.8763872205152743,1.303203797516825
0.9049822193034976,1.2709300516521305
0.9138251062709528,1.228602953254973
0.8751874802306217,1.297209230135692
0.9073753977214507,1.262367768049743
0.9515506788133313,1.200233069268163
0.8745936122951519,1.3200145053753471
0.8552863915362957,1.3589925727906162
0.8696851532162146,1.3299909353872141
0.875167438287781,1.3012624094642051
0.8699519013015808,1.3366357131645663
0.8747404891485355,1.3281900789970749
0.8771701877255722,1.3144350531477935
0.8183416818432488,1.383226961636753
0.8878279887912415,1.294241368102029
0.8989963742435759,1.261461817852181
0.8319237574008297,1.3882867781999753
0.9113776907296736,1.2583489886695007
0.9416183285866452,1.2343353887722626
0.870773876839091,1.3058562045358406
0.9586447382229589,1.197334876144136
0.8573801877198887,1.3476687870594377
0.9160034744789495,1.2609454451692443
0.8130745342740089,1.44696590556678
0.8822689565658357,1.302800694047771
0.933161515294618,1.2336594982744293
0.8941120631546375,1.2676475856718064
0.8842788697546153,1.2916630758595862
0.8728862287852255,1.3120691132285949
0.8740624151743478,1.3200322313343933
0.8787620819567586,1.3112007372959529
0.8982928725062144,1.277156761770558
0.9113776907296736,1.2583489886695007
0.8787620819567586,1.3112007372959529
0.9235982797828495,1.245208951472159
0.8473775369030188,1.367103684809928
0.8899393437385287,1.296332528209303
0.8701601414548434,1.3172523566684942
0.9074770818496574,1.2770725656236244
0.87785543816288,1.3114093971014826
0.8846329659554517,1.2883483326285856
0.8979142218711227,1.2818601461092303
0.8452916471748552,1.341532693882899
0.8499678154298195,1.33718644505361
0.8448742751063042,1.3692910398318385
0.8473775369030188,1.367103684809928
0.8278323531528343,1.3841712444353345
0.8997179636450999,1.279557390553427
0.8694175493386143,1.3195814599742022
0.9565810613492473,1.1998261661995597
0.9069459112285806,1.25089363934677
0.8858316927758481,1.2904032335705693
0.8843157942515548,1.3050088917685536
0.8662331528082893,1.3360724733328533
0.9164254559039959,1.2544510616838365
0.8392764578258983,1.3604070814158817
0.9216713680618339,1.244335548291528
0.912506716215344,1.2562328067539388
0.8728862287852255,1.3120691132285949
0.868166946775554,1.3206173987558112
0.9187594056174457,1.2691352934715705
0.8233656141828826,1.40106233229604
0.8606358056504098,1.3259982703829307
0.8216405444112612,1.422470614149841
0.859145466250662,1.3556892302123915
0.8879009266842173,1.2947509784280218
0.9433442494723554,1.2210856237711993
0.9168861403913037,1.2505661334868954
0.9575615304819274,1.2011656504342318
0.8981183327916236,1.2908682872876773
0.9253936173183196,1.2583096957676874
0.9006709080576967,1.2636687225704577
0.8450541647043083,1.3489606180395013
0.8910684836723777,1.2987554850043448
0.8279780895275259,1.3870144588732256
0.8773115374485726,1.3059248454923056
0.875167438287781,1.3012624094642051
0.9237397106243878,1.235527791291055
0.8472438121303542,1.3528363424706946
0.9469297804144463,1.21288845107102
0.8906520948932036,1.277972836852721
0.9230333472421245,1.244429141372996
0.8838198128070861,1.3042926921384812
0.8635070073956562,1.338700465931088
0.8580267801181626,1.3388447411513404
0.8781320529072913,1.3130119511193459
0.8863425346091701,1.3011006230314806
0.8971659424172709,1.2779648050266106
0.8716309581620068,1.324527944499227
0.9494087767277053,1.210271511193888
0.8775204891191472,1.31337420935465
0.8338900663141475,1.368117429520171
0.8515462191795644,1.3520956794196697
0.8391847588216474,1.3866966593135774
0.8532645051401477,1.3529488410212516
0.8738690184522988,1.314385594158355
0.9277368813696815,1.2419616399387763
0.9340140192906611,1.2240614358615685
0.899404102236242,1.2597305192303232
0.8440099223347216,1.3692147760700886
0.8561488603570012,1.3501771621148713
0.8062173097683489,1.4367971054102449
0.809183216271226,1.414221025970646
0.922906229926506,1.238384049825381
0.8624346293966784,1.3331182145274816
0.8892743041364763,1.2801517544679009
0.783687586238852,1.440210813474565
0.85178600674927,1.3568980443227994
0.8372530711516013,1.3653313908669102
0.8822918960326241,1.3038975758406042
0.8764470642180779,1.3030233104742683
0.9357184214415457,1.2342259225812864
0.9234790173061613,1.2359936358746386
0.8469423027818405,1.3618879830900035
0.8592207004891913,1.3456025605749307
0.9603280551970438,1.1830935466779122
0.895466650975677,1.2775382119426173
0.9012862965225031,1.2485882787228195
0.8306737251404372,1.376460554476597
0.9249959607215109,1.2190743452589332
0.9285913365566293,1.2513066939580337
0.8723539217582484,1.3066862341481895
0.9586447382229589,1.197334876144136
0.900354394637922,1.2682010595423379
0.8961795356293637,1.28615895856533
0.927756092900628,1.2444661432010626
0.8980573951195223,1.2771778154853184
0.8372530711516013,1.3653313908669102
0.8977230227725378,1.297188056547936
0.8854655015014937,1.2924929444480784
0.8219095415585027,1.4080173693179439
0.8510624894363272,1.3429147839000117
0.8164461078200256,1.4248937356418079
0.8323592460686258,1.393627320854147
0.8841483825134508,1.3025916903566919
0.8910684836723777,1.2987554850043448
0.8863281089049866,1.3066722772272144
0.9018023088433138,1.2827815100527413
0.8230657790397129,1.4040166489387607
0.9038416761987869,1.2805928190601117
0.9002820088941145,1.284503766939991
0.8961795356293637,1.28615895856533
0.8837324449612698,1.3321480317753307
0.8917586592928612,1.2895528621598398
0.804872131189903,1.4358214177309465
0.849759639336993,1.3560318351945602
0.8368952272758734,1.361479913763338
0.824633284583369,1.395599806056381
0.8206829870691625,1.3798171068493947
0.9436999487312865,1.2114194373116238
0.8264012636919108,1.401537861138151
0.8671864678500159,1.3166681313883029
0.8677030219860912,1.3119091784900208
0.9039875412088396,1.273152951177452
0.8813804525445132,1.2884995930007117
0.8452981657428692,1.3587355819137732
0.8662589819130875,1.3307889162425004
0.8339825170577758,1.3919663235495066
0.8709997408582975,1.3283448086887177
0.8697028716914472,1.3250563121389334
0.8896027567385392,1.2797726151905777
0.8470396173014211,1.359379433761704
0.8691994072161695,1.3278250227282815
0.8676609117143987,1.3283240988209286
0.818129417720861,1.4139226514459724
0.8746063758398801,1.3110082341365905
0.8436455746262519,1.3678604520492108
0.8699873155361647,1.333144525576559
0.854645495332172,1.3503647584208103
0.9143726739938398,1.247320186206406
0.9357184214415457,1.2342259225812864
0.8527594205694179,1.3721743573323268
0.8759144554486725,1.3084271202672977
0.9234088253399811,1.2458347019891498
0.8306572665064307,1.3956946110481199
0.8742725920175997,1.314260110888805
0.8388169402678478,1.3859533241161004
0.8827390708522481,1.2917214479549142
0.9414358319013396,1.2072606007632072
0.8822918960326241,1.3038975758406042
0.8404143749205395,1.3705581841837466
0.8487908769111924,1.365442606586171
0.8858316927758481,1.2904032335705693
0.9128583088873479,1.267618032180524
0.8862052137944764,1.2973304530583767
0.8735827966402375,1.320678015055328
0.8956412255152507,1.2808868894868588
0.8532645051401477,1.3529488410212516
0.8674252064674219,1.340314648119746
0.8841483825134508,1.3025916903566919
0.899588979514542,1.2895225115750997
0.8703478992594035,1.3120606841343005
0.9241128331239065,1.2357543799214403
0.9031067873310153,1.2593200333453864
0.8473775369030188,1.367103684809928
0.8907961186500899,1.2780083188951343
0.8903298385181965,1.3060271015542022
0.8303502053619749,1.3880349138025712
0.8905313372251166,1.2836020850586587
0.859779468939661,1.3502350417400921
0.8906507778878809,1.2872214055922278
0.8837754073060653,1.2956335158771695
0.8317167596367334,1.3703811768829257
0.8592290536237721,1.3430113204090433
0.8882967995691028,1.2891505478313152
0.840743424638552,1.3454689855356055
0.836598075964183,1.378279791949872
0.9135309249165015,1.261794659332766
0.9346506513952346,1.233808814653265
0.88223933970078,1.2918925192113189
0.9270270896004117,1.2380138236464997
0.8078826979432032,1.4206397511682565
0.9150633524190757,1.2775557508741147
0.824393806178878,1.4136237088289718
0.8780975093564464,1.3256490444614426
0.8345076054276332,1.4001997539795956
0.8481508352372601,1.3579765831572652
0.9001101103140159,1.2928426198426652
0.8971659424172709,1.2779648050266106
0.8353377203968303,1.3821847747750335
0.8230657790397129,1.4040166489387607
0.8130563855688798,1.412104348149537
0.9511303111455036,1.2060858069028584
0.8237061512759342,1.3989914316839396
0.8486675542242185,1.3863651179974388
0.8972181948929628,1.2637493880817579
0.8619778976432756,1.3318338649570614
0.8392086482759603,1.359217705552209
0.8520909549592999,1.339520925889955
0.8355596639496334,1.3806477512551045
0.9895974350727212,1.1448726629128902
0.8550017003339786,1.3592592354359028
0.8618226905858994,1.3299429877346376
0.8265618037773249,1.4003981481887737
0.8259789962112078,1.3901204035554175
0.861656159286465,1.3297696084590973
0.9352523099992719,1.2359293308605859
0.905294233635706,1.25293575909804
0.8446581511443414,1.3496219638974916
0.8597612348314729,1.340618683292862
0.8644653665437861,1.3454736094494726
0.8680452382476878,1.3265024493380628
0.8953438484024607,1.2924850601436826
0.8693786014653837,1.3224020271540313
0.8444871029616087,1.353304142154507
0.9280907969528234,1.2298039355721524
0.9565810613492473,1.1998261661995597
0.8579409811429822,1.328607143863403
0.8332332166798029,1.3785168930435745
0.8870019842131102,1.3046220765306609
0.9289312245193067,1.2251864503696566
0.8544568038138259,1.338800061383809
0.8993509382832153,1.2794516668783196
0.8276195464993384,1.3612092598662058
0.9144464580859308,1.2596490221374421
0.8985947223101388,1.295233196957798
0.8331891410988495,1.398435487566188
0.8566654274897755,1.3532700724638522
0.9008843938525847,1.2589277086226403
0.8800237149943374,1.288292509021764
0.9202850000379336,1.2340606024233314
0.8562831538754366,1.3519913086349922
0.9503110319134566,1.1875422730495024
0.8682886142224205,1.3193554851063052
0.8686292701403583,1.3242766844706377
0.9066144774157615,1.25871996731145
0.9115871475659182,1.256369452799921
0.8917839047116872,1.2818139618458824
0.8713358309743184,1.33069561187476
0.8786128463962303,1.2999432393540757
0.8804965077577316,1.3047223360639992
0.8958079956800344,1.2728533321500886
0.874862205407021,1.3115657039099828
0.839486373811633,1.377234748339296
0.8410526685016286,1.3765870026564662
0.9325997192489917,1.2227957969606789
0.8938458838082394,1.2857127870254983
0.8508153675148986,1.3518326819499562
0.9311352829956534,1.2361200821484408
0.8863647596695422,1.294332372424865
0.8821221466370097,1.2794826783923903
0.8899614982297833,1.3045713822495049
0.9387350425940174,1.2102870234668102
0.8748888457662786,1.2872157560690414
0.9724624458958594,1.1792394841269467
0.8302368242398749,1.4051369325819194
0.8522561223264294,1.359760302127018
0.8286724676588522,1.3961810876471314
0.8802005493295467,1.3196663553497414
0.8264830541940056,1.3974778067474138
0.8733724114160284,1.329189261929474
0.8899393437385287,1.296332528209303
0.8795266352423493,1.2879579564675212
0.9251024349981807,1.2370174022597353
0.9195850067751585,1.2461007114778404
0.9182887707805423,1.2567192053258671
0.8979142218711227,1.2818601461092303
0.831684985312703,1.3809252705984028
0.887551506041676,1.2979041714347588
0.8878279887912415,1.294241368102029
0.8580128939593136,1.3642202028141996
0.8981119301782687,1.2840791796374698
0.8368987874153545,1.3701622618717755
0.8561448000662979,1.3585632392448124
0.8242796836930687,1.3974512918997433
0.8609506338849423,1.3314761809986637
0.8971659424172709,1.2779648050266106
0.9345866605519801,1.2293001856325105
0.9030862710853703,1.2741893990469024
0.9114949532587348,1.2683042604740342
0.9505834103209272,1.206488950528536
0.9099531567987023,1.257459914277758
0.8898596945347067,1.289820548855625
0.8487078570911682,1.347553771290786
0.8593121852883309,1.3521922755075033
0.8723955757344302,1.3156487258526182
0.9133674608176726,1.2625535186596173
0.8707581780482074,1.317248620624124
0.8946485311562069,1.2878409338429357
0.8880420381350868,1.3020229902997467
0.8868045180535697,1.2842546662253282
0.8169501098753001,1.4211279604445746
0.956656976446196,1.1996908465590124
0.8546680039584469,1.3380451999637786
0.9380684572178458,1.2251322950312078
0.87785543816288,1.3114093971014826
0.8749964664599407,1.3182290076421286
0.9300942723020298,1.235477889595353
0.8412206622848586,1.3654948696700322
0.8301028477585431,1.3901322118571358
0.872146210960058,1.3044583531115903
0.8469423027818405,1.3618879830900035
0.8671624237853276,1.3099686990165083
0.9107859838429552,1.2489407742543523
0.8315240093552015,1.375138139806324
0.8646040659640357,1.3278898298698762
0.844592490887436,1.371297099078348
0.8857762677410567,1.3087284518873925
0.8705248111740354,1.3275130186982378
0.8638240363643129,1.3345555417348571
0.8749168798701845,1.3109603917042212
0.884070804939717,1.3007165865626582
0.8373549483458176,1.3815161953734665
0.858368182903587,1.3382870786549388
0.9041886725718723,1.2787711627806377
0.7798193896213537,1.4730363369824087
0.9418825915403928,1.201026221806719
0.9218551532890156,1.2498995384338225
0.8369415569128626,1.3888899148591165
0.8708125446170312,1.3220433964622316
0.9088616454072203,1.254712248532595
0.8347691852959191,1.3767526808886363
0.8450505327949063,1.349132061704465
0.8587877927485835,1.3297937181663988
0.8545842387139424,1.3322905584916607
0.8612461324192695,1.3308204938949921
0.918888800596003,1.2521512169610705
0.8897627934032598,1.2922168087879873
0.8296617031770646,1.384506442379209
0.8713377070815129,1.3185122235125368
0.8964593305999503,1.27563872615498
0.8857785359555589,1.298221748600249
0.8555652408432093,1.356565784484098
0.8342271296848514,1.372522756411204
0.9000351405598233,1.273288789241162
0.892544318968362,1.2750846865019796
0.8936722158145991,1.297535778475079
0.8699703511618144,1.3307569905235273
0.8543737483263696,1.343587508166603
0.891118094699067,1.3187660384575104
0.8622745253503079,1.3351333789984898
0.9006854417596211,1.2709530078638476
0.8662712731274856,1.3338516844749642
0.8900948143820778,1.2855786346953433
0.798985137414445,1.4633010521636796
0.8621447820369911,1.3290738058384268
0.8491450316143886,1.3795153718880528
0.9045284192056857,1.2746854417806381
0.8769421792028963,1.2977504243708002
0.8870540070647497,1.2755219249625496
0.8570642963486881,1.3280325001648219
0.8686292701403583,1.3242766844706377
0.8452573958485414,1.3599679406584566
0.9185323069667604,1.249718573491307
0.8530225881537636,1.352664543460511
0.9043577474137675,1.2598951305058148
0.9016486794753028,1.2666759335926836
0.8906520948932036,1.277972836852721
0.8664894418837435,1.3337459216341583
0.9120234709266422,1.256434616004437
0.871351855109149,1.2897610813581388
0.9189669031589831,1.244151557042382
0.8927139337642512,1.3035362827251817
0.8271249616155598,1.4030814267372047
0.8833473794657258,1.3048222816914217
0.922561699373084,1.2607880628958628
0.8182340902176646,1.4177008109697158
0.8607435625818735,1.326854195473332
0.8148316550035755,1.409000674118115
0.8307931429059527,1.3879876058321439
0.8468836443000295,1.348622925226677
0.8410447735742936,1.3632802697736472
0.8402561250129498,1.3534909907255952
0.874185792841141,1.3039864097492255
0.9450484903992088,1.2256037107595636
0.8850028070997067,1.3048895789817587
0.9192732349341886,1.2574889960918119
0.8941529000183726,1.3015507544561868
0.8989557830556321,1.3019468216169798
0.8495008738741503,1.3274405106681135
0.8405193415583305,1.362695246328628
0.8485891837641313,1.3422115839105033
0.8844630867794767,1.2946502143436465
0.8296376765802725,1.394060182696732
0.8786909848361552,1.3008811681733683
0.8101868962942604,1.4273501954126269
0.8306207688413553,1.3878637164261105
0.8856677793093634,1.314436163652186
0.9516132831749533,1.211955681482123
0.8496263248975724,1.3561313191441207
0.8485246971494602,1.3415466382007384
0.9209104216453744,1.2492466276187961
0.8966780575925529,1.2642866813790778
0.892937277935876,1.2665346844013663
0.8954731468245339,1.2944881202857534
0.7906014445214078,1.4666635503499597
0.8328062884488444,1.3787929385325777
0.8343504641289272,1.3727108625058233
0.8822918960326241,1.3038975758406042
0.8669414082438187,1.3235031607720966
0.8474993396130759,1.3591517958103032
0.8219095415585027,1.4080173693179439
0.8390489653521975,1.3649671681468263
0.9197967373680837,1.2519158524258032
0.8268539677516848,1.3704042413059219
0.8786604677487724,1.2997778532557474
0.8123841463376844,1.4308057820998679
0.8612223867393015,1.3477168155787311
0.8645315062684188,1.3325343287779947
0.8786853483411464,1.3022958401612652
0.8936362881931478,1.2904283271732186
0.8446581511443414,1.3496219638974916
0.8897063407783294,1.288884600285837
0.8636252757765299,1.3409085060971448
0.909226142885381,1.2592746428181871
0.8290249449834493,1.3909845334416602
0.941086260096469,1.2281708541703997
0.8249042846488647,1.3784341364525596
0.8964223435776036,1.2658415059443175
0.8741381183271512,1.3255248409206626
0.8606486896541778,1.3298836749116116
0.9095571039212328,1.2486840467624312
0.8797276471825536,1.3364326737051246
0.8584767768494377,1.33898957428953
0.9550413279788602,1.211807838290722
0.8615565013269353,1.3320655039418334
0.927756092900628,1.2444661432010626
0.894184882406692,1.3063312955967803
0.9357184214415457,1.2342259225812864
0.8489451912436734,1.3610713344101337
0.8653381869484923,1.3157240456018078
0.8348774003489082,1.385873307610744
0.8761807201944806,1.2932235118188433
0.8915971036437884,1.2950012041582504
0.868342980034633,1.3082542322658897
0.8881244521808771,1.3001453112046675
0.9317449300853746,1.2358754925990023
0.8727138941943497,1.3430612196574923
0.9136397665226158,1.2496711504161675
0.875615744992156,1.3128716853827866
0.8062659058101407,1.4523043987238264
0.8463235085405847,1.355082635227611
0.8931846882559289,1.2975981019678844
0.8421983130292277,1.3746058558930263
0.8324714022999027,1.4084679421215593
0.9102018436951329,1.2674673108925942
0.8553947247659045,1.3251538257555753
0.9200261367653048,1.2281979137922485
0.8889099748295206,1.2911299850708735
0.9222182177522005,1.2505803622437275
0.9111002281289687,1.2695901480632727
0.8999351656968267,1.288210419168138
0.8714478785753007,1.3194793795846984
0.9280907969528234,1.2298039355721524
0.8751484312369086,1.307972155565753
0.9321214634583996,1.2521196300413595
0.8040993363669835,1.4129261856144038
0.9369164940351831,1.2039007317269868
0.9916218672196211,1.1441077241359565
0.849788533325124,1.3529058291414409
0.9289312245193067,1.2251864503696566
0.8306737251404372,1.376460554476597
0.8669676255044358,1.3124901813255296
0.8696851532162146,1.3299909353872141
0.8149582101630285,1.4329043407806548
0.8420939810107628,1.360985423532407
0.8635413162260995,1.3344781008859377
0.8636252757765299,1.3409085060971448
0.8810595511419842,1.2926671054395016
0.9113012193860046,1.2337550294641073
0.8755661366242047,1.310988134609378
0.9310509256331412,1.2206056010500856
0.9026342040893965,1.2761029431158246
0.8612349695683796,1.3398098393959508
0.9312069218203528,1.2416594748533947
0.8846751973011805,1.3132555610371923
0.9696092085129232,1.1839768396434434
0.832387138957536,1.3698351245766374
0.876316851441609,1.3258349778106389
0.8609445841724324,1.3513366968581988
0.8934567842918667,1.2986558651763467
0.8961795356293637,1.28615895856533
0.8693913075206245,1.3245550700557456
0.8309675275736376,1.3977524178899574
0.8176539350222389,1.4010716621269468
0.85913059504605,1.304682349038135
0.8219095415585027,1.4080173693179439
0.8865713974497543,1.3034112716595898
0.9185554544030025,1.256980721621404
0.8919165651744382,1.2827562515440625
0.8859261921682966,1.293824244490421
0.8295876009520984,1.3889677997572298
0.9698508243219416,1.1679092419552528
0.8618226905858994,1.3299429877346376
0.9565041979073806,1.1870020582850445
0.8999043395124816,1.2744771411479352
0.9013309550519494,1.2628114776894708
0.8949395734530392,1.2801591696349064
0.8425462399107468,1.3773419642409468
0.9017008939146877,1.2694675128446113
0.9274673064135851,1.2431606715933239
0.8614074013644817,1.3381481026357067
0.896944110621915,1.2697838400781054
0.8811544500014172,1.3121003757678213
0.9017604036158363,1.2744064776971782
0.8260070694149306,1.401633600887925
0.8532645051401477,1.3529488410212516
0.8550017003339786,1.3592592354359028
0.9473683052736697,1.2078811165981755
0.9448317626418707,1.2124933430814084
0.8888566113038795,1.3067736595665942
0.8280489577520022,1.3976683421845373
0.8884320994744868,1.2973290914037325
0.8427432748969337,1.3528961791743879
0.9161175574639026,1.2573263907437837
0.9216713680618339,1.244335548291528
0.8811245919785328,1.2936396825963987
0.8587877927485835,1.3297937181663988
0.8539477098751235,1.3567804310414493
0.930303449553454,1.2333763650977592
0.9230333472421245,1.244429141372996
0.8951599213763356,1.2933033204958049
0.8587925083288671,1.3290138574395884
0.9066042588031029,1.273436033136528
0.904751033264248,1.2689757914292052
0.8564629739943395,1.3114035962835449
0.9227699165188785,1.2459240092825563
0.874185792841141,1.3039864097492255
0.887551506041676,1.2979041714347588
0.8341328332149398,1.3892116018755782
0.8951351365960395,1.278730516543386
0.8763610453023618,1.3078443617041942
0.8704208283764309,1.3253198766441463
0.8324179172081341,1.3969082576847949
0.874576670245611,1.3318949133759508
0.8227380183093597,1.3881015621827362
0.8949310419872265,1.2876706464263326
0.8677011558368831,1.3224555699001246
0.8398702212723264,1.3621037802110663
0.8636867524052865,1.3324559417287254
0.8665344547997053,1.329633839745735
0.876376198055302,1.3107725689892082
0.8414457965663031,1.3679161609825101
0.9102119167568109,1.263290939138077
0.8272877431263846,1.3708563960023314
0.8707735067933912,1.3119913895396413
0.8432208839508583,1.3632265459233261
0.9243640940067835,1.2420114790235681
0.8941806951114292,1.282056782747127
0.8450845862553991,1.3544935655549872
0.951111715094282,1.182905573623527
0.8753705991391868,1.286000736326059
0.8981183327916236,1.2908682872876773
0.8543737483263696,1.343587508166603
0.909226142885381,1.2592746428181871
0.8080866785070319,1.4327824405093066
0.8224159915464995,1.3907700137353027
0.8572859091417351,1.352815608082115
0.9208263790128675,1.2243967816842527
0.8833501071096087,1.298275215518937
0.8323615377465985,1.3895654775012956
0.8278323531528343,1.3841712444353345
0.8682696344458237,1.309232318254571
0.8920916949003564,1.2725751854546274
0.8517660227922876,1.3558651608637173
0.9419311656275541,1.2135597631925048
0.8872218591925863,1.3017731825958951
0.8899393437385287,1.296332528209303
0.8671170094344444,1.3261990249527027
0.8815075690907539,1.318952215667817
0.9249365663697824,1.2423338325857114
0.8877381012659816,1.2913886481516201
0.8628176995479072,1.3519412887390976
0.9016795749200068,1.2754752310710131
0.8286660162388314,1.3773339738038692
0.9307097089557683,1.2253363407699474
0.8353766040392064,1.3839549913182463
0.8560177665742635,1.3376646257302514
0.908037065184457,1.2712559003211468
0.9235982797828495,1.245208951472159
0.9164254559039959,1.2544510616838365
0.928671529791173,1.2355555183106386
0.8699873155361647,1.333144525576559
0.8958079956800344,1.2728533321500886
0.8283553094750534,1.3661879604174254
0.9669059643462337,1.1692011594659415
0.9144811414940353,1.244003256782979
0.9135309249165015,1.261794659332766
0.898305992720434,1.3011188127987232
0.9052554897320698,1.275761223429847
0.8258278808942761,1.4082403054646637
0.9429431939673207,1.2161989333799612
0.8443157599031228,1.3705158571869827
0.8924849335481876,1.2912398406312662
0.9334583070115535,1.2192115409583264
0.9551941298179292,1.2043464963154302
0.8813394820499708,1.2900286471151108
0.9276185600795618,1.2169318010667098
0.9195850067751585,1.2461007114778404
0.8801648385888431,1.3047193356124616
0.8880420381350868,1.3020229902997467
0.854645495332172,1.3503647584208103
0.8662712731274856,1.3338516844749642
0.8572842474400342,1.3373165398061797
0.8801816720524285,1.290562953312201
0.8838801202660442,1.2904615242589375
0.8286724676588522,1.3961810876471314
0.908055535751256,1.2607317359519288
0.9057263109157132,1.2951879413029463
0.8596478503102233,1.3540834338363807
0.8471881349146488,1.3708356188936839
0.8601732475104629,1.3334528932034477
0.9164287856641533,1.2583602328208714
0.8042399178281944,1.4281318872048359
0.9009961012006985,1.2757108129481523
0.8427432748969337,1.3528961791743879
0.8871952982230775,1.3304078441183103
0.8813804525445132,1.2884995930007117
0.8688686066491653,1.339110900783361
0.900354394637922,1.2682010595423379
0.8737504527906772,1.3271664146230182
0.8527615774513125,1.3541470756902285
0.8731085226428978,1.3359630477371782
0.861773676662214,1.341470919627864
0.8978570864549357,1.2841194988912112
0.9181788466357657,1.259252049898118
0.8414349901619185,1.3920154148854569
0.8791725955442703,1.300985534066478
0.8795612921778576,1.3163900131138404
0.8645315062684188,1.3325343287779947
0.8967174050884278,1.268599732315537
0.8704208283764309,1.3253198766441463
0.8738690184522988,1.314385594158355
0.8606515440918954,1.346784104571646
0.8929265142793729,1.2897925377535129
0.8388962293999928,1.376274910984384
0.8987375506605494,1.288098698792144
0.890939431089841,1.302601959840112
0.8556876369782864,1.3103251696966385
0.7895474790099516,1.4655820833529891
0.8448742751063042,1.3692910398318385
0.8764470642180779,1.3030233104742683
0.8880372434177206,1.2905816728841557
0.913198539372858,1.262354547838509
0.8651540499916278,1.3221819059525346
0.8562831538754366,1.3519913086349922
0.8857785359555589,1.298221748600249
0.8654433079951194,1.3225816642874209
0.8421203134274844,1.365156136899614
0.8513339892329687,1.3642257580820862
0.8845628293511382,1.2899212600903494
0.8661953661296286,1.340466817342077
0.8593121852883309,1.3521922755075033
0.8863681136735855,1.2757735648465518
0.8489970223409107,1.3447811348555874
0.8749168798701845,1.3109603917042212
0.9152560665840925,1.2423997254982992
0.9166104022380963,1.2415722343126951
0.8489970223409107,1.3447811348555874
0.8757278202209797,1.3097163447796532
0.8811245919785328,1.2936396825963987
0.8941075778729421,1.2995579009962186
0.9075919842780977,1.2818706916888805
0.8531630778150389,1.3495781825306297
0.8779928486044557,1.3122405337967267
0.932869089899667,1.2243484613190851
0.8405193415583305,1.362695246328628
0.8971582474961193,1.2843825252389571
0.9027863358567587,1.2583641491038657
0.8464491621066585,1.3456882429358463
0.8857762677410567,1.3087284518873925
0.8701601414548434,1.3172523566684942
0.9041366539932709,1.2735411073802683
0.8878715767730866,1.2992475596528046
0.8520909549592999,1.339520925889955
0.80366770467577,1.4489925237845294
0.9101453763935856,1.2603273858360413
0.9052212072645351,1.2807210433656386
0.8680265725475493,1.3260239392487072
0.8838198128070861,1.3042926921384812
0.895019071481549,1.288108404022706
0.8448713132495146,1.3501602376965383
0.9023202859483384,1.2609615117674802
0.8427432748969337,1.3528961791743879
0.8123125519341898,1.4216922017552402
0.8342271296848514,1.372522756411204
0.9302124976627377,1.2313227425329445
0.9667264096689013,1.1803093693869686
0.9052554897320698,1.275761223429847
0.8982928725062144,1.277156761770558
0.8800537622287917,1.331841430181733
0.9778414501552858,1.1832986480094663
0.8961795356293637,1.28615895856533
0.8472438121303542,1.3528363424706946
0.9549099076532991,1.198591283922179
0.8971332414888088,1.283377606490402
0.8948416601201994,1.2734178508728675
0.9556143253005214,1.210419845752902
0.8705248111740354,1.3275130186982378
0.83396710757359,1.3916443259767293
0.8707735067933912,1.3119913895396413
0.924810335873531,1.2505733628446556
0.8223214820322342,1.4054855842154175
0.8716705767455925,1.3350386305901996
0.8752607317302358,1.3047496791464077
0.8568493410686058,1.3485427371023564
0.9182906315094591,1.2385545925871047
0.8857474179972167,1.3097992766025286
0.884573348011104,1.303419813869285
0.8822918960326241,1.3038975758406042
0.8806450437760351,1.3089986590489575
0.9027874831945988,1.289779686081819
0.8579685800675897,1.357175577041852
0.899686956849774,1.263618852072401
0.8924228447944688,1.2992890192117257
0.8935685535512773,1.2775531769615407
0.9360412226912208,1.2083991064590687
0.9093132754671065,1.254310044699442
0.8450541647043083,1.3489606180395013
0.8953101945988633,1.2857860010216344
0.8899103252172379,1.3038878690616678
0.8405667503830816,1.3676869543469736
0.8694817175145101,1.298207529848156
0.9020222393795877,1.2751434578020215
0.9020222393795877,1.2751434578020215
0.9473683052736697,1.2078811165981755
0.8480326497967371,1.3516715942047928
0.8242796836930687,1.3974512918997433
0.8691994072161695,1.3278250227282815
0.9256844413449767,1.2376740724659159
0.8414457965663031,1.3679161609825101
0.8702194602296699,1.317076593657736
0.8648563293168101,1.3219103434360633
0.8647096445650968,1.3363925882087804
0.8274386705932325,1.3794466907433605
0.8555244965706982,1.3266577119371807
0.871572729435326,1.3306890902564514
0.8873293340103365,1.3071362216246527
0.8639581549684245,1.3468134748779759
0.9300942723020298,1.235477889595353
0.8320342688315484,1.3852488143631614
0.8657864146689123,1.3327634414295584
0.8750557601847655,1.3064290994460686
0.8036569547320334,1.4145201821768276
0.8997179636450999,1.279557390553427
0.8392440453559563,1.368798688815031
0.796925519840667,1.4311285577555573
0.8160516950799208,1.4412947248886683
0.8459247436999302,1.3532866691285046
0.9334583070115535,1.2192115409583264
0.8906507778878809,1.2872214055922278
0.9666313996317989,1.1849837838021027
0.8777746120078117,1.322056236127048
0.8602892651840035,1.3299549579421739
0.9216651479143885,1.24788809831116
0.8331796747778426,1.3951338506650914
0.8787620819567586,1.3112007372959529
0.922906229926506,1.238384049825381
0.8625441715073839,1.3298122451924195
0.8833638606084734,1.2930906246573166
0.8604085663511076,1.3333939513161894
0.9251866250914141,1.2332370791574587
0.9140508622459013,1.2529335426156893
0.828678072774999,1.3756943552509326
0.9174898340226092,1.2680500369860066
0.8580218374946618,1.3482292586413729
0.8843314818019656,1.300999257222818
0.8944302069743247,1.282564320732287
0.9352523099992719,1.2359293308605859
0.9011816401225229,1.266730146923388
0.8771701877255722,1.3144350531477935
0.8142815183364889,1.4273334300954126
0.879089185587739,1.3176545200945673
0.8652610537790619,1.3279685907486194
0.8878279887912415,1.294241368102029
0.9450465494334286,1.207358737729195
0.8481508352372601,1.3579765831572652
0.8319660590930004,1.3769914774498795
0.9165179286578804,1.2743878567790525
0.8523022061340627,1.3595947719609718
0.8532714597792065,1.36624094945349
0.8858450962248745,1.3026677861123117
0.8862201301448931,1.2972164625143328
0.8433471514528038,1.3664210877262075
0.9069279911591098,1.2687832403661214
0.8388169402678478,1.3859533241161004
0.8562151278522644,1.3306393841529227
0.8652610537790619,1.3279685907486194
0.9241128331239065,1.2357543799214403
0.765101852038772,1.5038841824870222
0.9180668729601459,1.2502085105693077
0.8274386705932325,1.3794466907433605
0.8319237574008297,1.3882867781999753
0.8693786014653837,1.3224020271540313
0.9022633761014748,1.2823986265072547
0.9140508622459013,1.2529335426156893
0.8223330852362964,1.4034381188241245
0.8666825173841944,1.3460249446210482
0.8260070694149306,1.401633600887925
0.8544459956828884,1.3478324965121184
0.8575702562182527,1.3179525961241214
0.8842654525796293,1.3073205792486953
0.8235677000927153,1.387640981670843
0.9098601028080329,1.2496138694797658
0.8750466656461172,1.3139182923759534
0.8915577972802128,1.3018071894480916
0.8872359814552859,1.2934021610712403
0.9190165968587809,1.2468863650523412
0.9121940692958778,1.255977359066459
0.875081749122228,1.331454411793233
0.8216405444112612,1.422470614149841
0.9127140458982491,1.25610879036548
0.7927241819352607,1.4564826026499869
0.8770621501408318,1.3079318747357513
0.8459020703976511,1.3705018708721943
0.8657150072250129,1.323648514872217
0.8621572483693919,1.3371218959740774
0.8818375960195086,1.297774127988738
0.8669172439880559,1.3102910534223586
0.9427960355767117,1.223092950060335
0.8770208004592924,1.3059587428704498
0.8919623351889361,1.2937247611895333
0.8938458838082394,1.2857127870254983
0.8330688684029469,1.3844754929472314
0.9031446945198508,1.2700288460422726
0.8676609117143987,1.3283240988209286
0.8771594368889906,1.3230361312322878
0.8872359814552859,1.2934021610712403
0.9138251062709528,1.228602953254973
0.8625441715073839,1.3298122451924195
0.9010581763094986,1.2950559187789483
0.8790808924667562,1.3068517188804563
0.9280907969528234,1.2298039355721524
0.8914505215080732,1.29786300510282
0.875167438287781,1.3012624094642051
0.8672649827522638,1.327856777118381
0.8105859233396742,1.445144464762523
0.9609637169772398,1.1856320478711115
0.8489451912436734,1.3610713344101337
0.9249295697605182,1.2305748522937594
0.9072316675816222,1.2784492227912718
0.8816360244084678,1.306302607549591
0.9309062695739244,1.232145001597285
0.904746826262876,1.2700614153273704
0.8525845008079791,1.3608939133617721
0.8699734840811356,1.3196565540255119
0.8521753671491511,1.3540427805984714
0.8504185784167009,1.3486216433309015
0.8835344226404707,1.3170522594554566
0.9099531567987023,1.257459914277758
0.8519988629400235,1.3692179710908008
0.8893415838916799,1.2922598710682258
0.8854651734054415,1.2922562343676378
0.7994635949824489,1.4423305262062647
0.8203975724084824,1.4114960826904608
0.8383983072882245,1.3736859737964482
0.9006922874900244,1.273641563705157
0.8483866227568841,1.350698411333075
0.8976219123098276,1.2740537264336267
0.8759144554486725,1.3084271202672977
0.8250618715918592,1.4045802559333262
0.8919623351889361,1.2937247611895333
0.8767930573060531,1.2953470362896573
0.8429444380850134,1.3632908205981618
0.914248425376921,1.270278366671281
0.9060540587399228,1.2669676897252256
0.874658043945384,1.321352508627864
0.868173499937076,1.3160988159851337
0.8910730091378986,1.2975981310671068
0.875320204747083,1.3187611704455455
0.839486373811633,1.377234748339296
0.8696851532162146,1.3299909353872141
0.9092861927244301,1.2628693996815896
0.852690750433934,1.367615710440617
0.8780975093564464,1.3256490444614426
0.8730830407962088,1.3282104149402487
0.8723178637479496,1.3121405957830374
0.8759144554486725,1.3084271202672977
0.8419611928890799,1.3777505064555151
0.883321046576875,1.3138646990665532
0.8636867524052865,1.3324559417287254
0.9453863389696755,1.2144114500489729
0.9237397106243878,1.235527791291055
0.8735827966402375,1.320678015055328
0.8446581511443414,1.3496219638974916
0.9256844413449767,1.2376740724659159
0.8752138331706482,1.3182417016740937
0.8608297933939376,1.337621510995718
0.8400794662838464,1.3492043275219368
0.8951714945228559,1.266113018871858
0.9415791873979071,1.2165666605062557
0.886023644512208,1.2948275183887064
0.865928531785018,1.3420755356299305
0.8752607317302358,1.3047496791464077
0.9365402591327954,1.2200444915010697
0.8388962293999928,1.376274910984384
0.8920676241073094,1.2940275682783127
0.857253106514845,1.352291390151202
0.8701601414548434,1.3172523566684942
0.8368283862076162,1.35307411820123
0.8577390227641519,1.3370565323799064
0.8561355686331409,1.3473670928399963
0.872393036234262,1.3107622859575403
0.8581313388301649,1.3507979897290083
0.9016158929538073,1.2572658259997713
0.8813580015238625,1.3192519412414925
0.8717662546694572,1.3101637059488767
0.9008033775371509,1.2710980118714668
0.9200261367653048,1.2281979137922485
0.9093302556206493,1.258466111868493
0.8671550921062449,1.3270019639943587
0.91004175747605,1.2486653225241093
0.9436999487312865,1.2114194373116238
0.8310355483448912,1.3680976769647224
0.796925519840667,1.4311285577555573
0.8746927489900475,1.3123301845426782
0.8419611928890799,1.3777505064555151
0.8686665817143842,1.3356951100175192
0.8971332414888088,1.283377606490402
0.9000240176056167,1.273764599270563
0.8572842474400342,1.3373165398061797
0.8996000848774554,1.281770868712195
0.8625835898800407,1.3244695597926337
0.8706462204410116,1.3258258717616296
0.8853793342827015,1.295409357564169
0.9177908305889291,1.2329390691145008
0.8751343504704604,1.3269700708420393
0.8749395903939283,1.3258517933099954
0.8755661366242047,1.310988134609378
0.8303502934561708,1.3967334945534728
0.9200019530776862,1.2413925205313265
0.9153862098810984,1.2462096205432889
0.8955547830108023,1.288449302959329
0.8292410443510208,1.387536022056028
0.9609053508742218,1.168780741817843
0.8404465064467451,1.3686950795905302
0.887480811328788,1.281892700456676
0.853279425646316,1.3457781149851942
0.8675509019131162,1.3272077992622113
0.8881244521808771,1.3001453112046675
0.8353839580574973,1.3647169969956943
0.8246659007578073,1.3811453572575014
0.8958289175963468,1.2907584220223085
0.8844905654056704,1.2804854274541113
0.8723955757344302,1.3156487258526182
0.927969382613167,1.225150158989491
0.8821439249593667,1.298846577391772
0.9030385878644838,1.266986060633605
0.849788533325124,1.3529058291414409
0.850589823178751,1.3569396237099731
0.875783805263031,1.3185161182333676
0.9279662339665179,1.2409632088404297
0.9107859838429552,1.2489407742543523
0.8412347516132949,1.3924784829497383
0.8697028716914472,1.3250563121389334
0.9461545161004166,1.2318634465081377
0.8621447820369911,1.3290738058384268
0.8328062884488444,1.3787929385325777
0.8858450962248745,1.3026677861123117
0.8657150072250129,1.323648514872217
0.8555244965706982,1.3266577119371807
0.9218551532890156,1.2498995384338225
0.9221310561791904,1.2466453724429065
0.8788438044989263,1.3094530184934552
0.844943073318247,1.3653954263577717
0.9460861545709188,1.207222408076825
0.8842737384425645,1.3064290556968723
0.9001361701711037,1.2872141403083546
0.8659162051561571,1.3336855522200408
0.9213135032296228,1.2453977855548164
0.8392086482759603,1.359217705552209
0.8587877927485835,1.3297937181663988
0.8822897042552261,1.2791202242597548
0.9565041979073806,1.1870020582850445
0.8319660590930004,1.3769914774498795
0.8627164881457033,1.3108717805379946
0.8463235085405847,1.355082635227611
0.8851736163554216,1.3010028707588923
0.8800237149943374,1.288292509021764
0.8189272006621059,1.4063090976505086
0.9384443510795323,1.2343392766682693
0.9175966488285627,1.259286411834922
0.8130745342740089,1.44696590556678
0.9053655524070459,1.2459548435676204
0.9011816401225229,1.266730146923388
0.8867642516992901,1.3013860992215525
0.8665344547997053,1.329633839745735
0.9049822193034976,1.2709300516521305
0.8663689629352114,1.3325239842100782
0.9328602257853993,1.2251804510548627
0.8716309581620068,1.324527944499227
0.8976219123098276,1.2740537264336267
0.8282052667945066,1.3827683455373672
0.8844630867794767,1.2946502143436465
0.8804813875210163,1.322217307210728
0.8562831538754366,1.3519913086349922
0.9503365144192787,1.2215657554026191
0.8328062884488444,1.3787929385325777
0.895466650975677,1.2775382119426173
0.9138594435670018,1.249849199543444
0.8716712907818716,1.3130640693136144
0.9565020969954605,1.210311278445522
0.9280571635985355,1.2377152116224017
0.8533751686261559,1.3601884947374332
0.8704208283764309,1.3253198766441463
0.8909047451924909,1.2928012049534223
0.9416772025943354,1.2105730349346786
0.8195673562415995,1.3878178909159748
0.8788750472767588,1.3198729013115769
0.9237397106243878,1.235527791291055
0.9074770818496574,1.2770725656236244
0.9194436555840715,1.2594259853803027
0.903007418897336,1.2923178445912002
0.9154018852937289,1.254566528909497
0.872694057018519,1.3076112620704465
0.8797423709653849,1.317525515437261
0.8675509019131162,1.3272077992622113
0.9448850349763631,1.2276166581346073
0.9092861927244301,1.2628693996815896
0.8905790462632156,1.3025173970113446
0.8854981638341216,1.3099010090769154
0.9116889949523198,1.2785184921932387
0.8961795356293637,1.28615895856533
0.8951351365960395,1.278730516543386
0.8643695172593527,1.3133586355933178
0.8504185784167009,1.3486216433309015
0.8749756589953459,1.3485656871546834
0.8651540499916278,1.3221819059525346
0.8710374234857856,1.3148531056835129
0.8564066067556348,1.354556913484913
0.8330177911785044,1.3844873865299137
0.8857762677410567,1.3087284518873925
0.874862205407021,1.3115657039099828
0.8881244521808771,1.3001453112046675
0.8788438044989263,1.3094530184934552
0.8911099992472781,1.286209089491701
0.8760805511910832,1.3004848786349466
0.8824142696138287,1.303143934829567
0.9450465494334286,1.207358737729195
0.8812664253728992,1.2869485043000455
0.8091864116036647,1.430057761192364
0.8810795560440203,1.3167362855167335
0.9222648025278092,1.2325695801761616
0.905658690981484,1.260318129843289
0.8924849335481876,1.2912398406312662
0.9340140192906611,1.2240614358615685
0.8721695652678157,1.305338283898798
0.8813721492968026,1.3281877696721043
0.8702473167601249,1.3144375068968237
0.8923314613867634,1.285558005648035
0.8489451912436734,1.3610713344101337
0.8988779424813054,1.2906737144592604
0.8611097979824762,1.3287389264694571
0.8682696344458237,1.309232318254571
0.8250584752021548,1.3951130208199463
0.8798274368221903,1.3027525584243775
0.8696851532162146,1.3299909353872141
0.9067579907095156,1.2816526016706309
0.8866629802275937,1.290747642145587
0.827989409124642,1.3980911958870723
0.8695669666383327,1.3054695570769363
0.9394938102888416,1.2146916868648172
0.8513339892329687,1.3642257580820862
0.8779029721944752,1.2934439456925082
0.8404465064467451,1.3686950795905302
0.8668965902042783,1.3226092573256165
0.9080852493686331,1.2799928176539177
0.8624533755242543,1.3378991205542214
0.8879009266842173,1.2947509784280218
0.8816736001217409,1.2964717211146097
0.8338900663141475,1.368117429520171
0.8833942468835367,1.2881396042997961
0.8288483351592086,1.391317744263762
0.8796731240732965,1.3157092415388196
0.8573801877198887,1.3476687870594377
0.8573801877198887,1.3476687870594377
0.8749168798701845,1.3109603917042212
0.8677011558368831,1.3224555699001246
0.9346506513952346,1.233808814653265
0.8864895182860715,1.3083727493131656
0.8534644203216368,1.331226490617692
0.8986107977302432,1.2839505752522558
0.8311683338498796,1.3929791788086696
0.842658729362114,1.3574446678448366
0.8510966370630919,1.3355492435517016
0.95662926405206,1.2049379758648928
0.8857762677410567,1.3087284518873925
0.809183216271226,1.414221025970646
0.8236504498888939,1.3812654310816037
0.8186585980341194,1.3975629301839985
0.8920916949003564,1.2725751854546274
0.9111607055651479,1.244939082932804
0.8779647269650366,1.318500063227423
0.9160688207794953,1.2438133917057457
0.845989751229659,1.3546571198993882
0.891339648414897,1.2733951936441368
0.9311352829956534,1.2361200821484408
0.8323592460686258,1.393627320854147
0.9053707175909369,1.278709761825909
0.8636556571212608,1.3406708263750489
0.9256844413449767,1.2376740724659159
0.8808669882774407,1.2970753116565708
0.8951714945228559,1.266113018871858
0.8251843029829068,1.3859300308996134
0.9099727447249879,1.2595785530842531
0.8601732475104629,1.3334528932034477
0.9016552490676426,1.270696175123622
0.8951599213763356,1.2933033204958049
0.9321171121442792,1.241748796305703
0.844943073318247,1.3653954263577717
0.9387281235557349,1.2017802916333067
0.8545652657145428,1.3444066734779132
0.902982443213998,1.2991216515130841
0.8897627934032598,1.2922168087879873
0.9144464580859308,1.2596490221374421
0.8013405704299676,1.439094014686755
0.8982928725062144,1.277156761770558
0.8693910200826974,1.3323389282020668
0.9539846296954574,1.1936648347075978
0.8495008738741503,1.3274405106681135
0.9038744354545842,1.2589557553595878
0.8504185784167009,1.3486216433309015
0.9514929880767053,1.2015893212892952
0.8477287743760721,1.3541851943567085
0.9133573734523254,1.2528061188482758
0.875783805263031,1.3185161182333676
0.8319237574008297,1.3882867781999753
0.8514709440567335,1.3779707672621833
0.8801648385888431,1.3047193356124616
0.8763610453023618,1.3078443617041942
0.8221719192319193,1.4272247749506384
0.8397140284088958,1.385488965093778
0.8525845008079791,1.3608939133617721
0.8435072020813573,1.344722648227346
0.8977230227725378,1.297188056547936
0.849788533325124,1.3529058291414409
0.8686665817143842,1.3356951100175192
0.9188704009788681,1.239347645088534
0.8756588475635518,1.313651035520244
0.9187594056174457,1.2691352934715705
0.877819480432194,1.2988141368150061
0.8761745341398928,1.300281538218229
0.8525397457672014,1.3524841245533488
0.908055535751256,1.2607317359519288
0.891771399774296,1.3009946938815264
0.8808529894629643,1.316160982455193
0.8761745341398928,1.300281538218229
0.8835379848039822,1.306484740888705
0.8730087549739496,1.3182570877719635
0.9194288611101087,1.2548962674038115
0.8543033460197813,1.3457577395421685
0.8686292701403583,1.3242766844706377
0.9090914283788845,1.2725523813686932
0.9540168009053885,1.2028553210580308
0.8707735067933912,1.3119913895396413
0.8354814092560265,1.3688940367124134
0.871728990186638,1.3280949404825557
0.8568493410686058,1.3485427371023564
0.9064541508464494,1.2661322633935672
0.9094508319136247,1.264800237698306
0.8768212340897885,1.3188400209817774
0.8942364312071737,1.2746476282694381
0.8893409865009684,1.3014086079870486
0.8962074540727116,1.2850788003793037
0.9173498405941151,1.274507875893636
0.9069199876880928,1.2749270265530128
0.8877259933234072,1.298490058590541
0.8666825173841944,1.3460249446210482
0.8657150072250129,1.323648514872217
0.9508181473574661,1.204082746115188
0.8763872205152743,1.303203797516825
0.8951714945228559,1.266113018871858
0.8840507663493502,1.2888485269615926
0.8751816615581322,1.3123200000521158
0.841869087857517,1.3478668761344883
0.9013309550519494,1.2628114776894708
0.8342271296848514,1.372522756411204
0.8852749455262662,1.3080651413088185
0.8368283862076162,1.35307411820123
0.9190070746061971,1.2519107501353735
0.7769261346524201,1.4728950053229684
0.8558862202129625,1.3336565860080927
0.8544568038138259,1.338800061383809
0.8596478503102233,1.3540834338363807
0.8972181948929628,1.2637493880817579
0.8295155424135171,1.3847367552854015
0.8627164881457033,1.3108717805379946
0.9197967373680837,1.2519158524258032
0.917517996508363,1.2309759552614952
0.8763895786851053,1.3007577604615834
0.9084423059074661,1.280179032609859
0.8565315503090116,1.3316673110039687
0.8713362353039591,1.3007523070368354
0.8515631145232045,1.3575428198320918
0.8578007239212911,1.3398865630864876
0.8000235192038964,1.4370961437814285
0.868166946775554,1.3206173987558112
0.8883667986093391,1.3057323532286347
0.8884458730546012,1.290277220123005
0.9041990060697975,1.2652876549342527
0.8850028070997067,1.3048895789817587
0.9421773210544749,1.2250066914451783
0.874658043945384,1.321352508627864
0.8554013015619694,1.329715883319159
0.8888701046300617,1.2923071260934087
0.8647096445650968,1.3363925882087804
0.8893786524570765,1.2683249197330084
0.8746497961064611,1.3231114379370064
0.9352783782582643,1.2242587630923691
0.8761745341398928,1.300281538218229
0.8470386196712816,1.3712095844972452
0.8429264508998651,1.3791774583978644
0.8853793342827015,1.295409357564169
0.8368283862076162,1.35307411820123
0.9242353768758254,1.2535038977753605
0.8810795560440203,1.3167362855167335
0.8857474179972167,1.3097992766025286
0.8775389452842841,1.2919634874288897
0.8783384649109952,1.3192751921195962
0.8954293766987269,1.291262057743586
0.8304490559889005,1.3814269952961586
0.8444407480551255,1.3550295775114642
0.931676106025688,1.218668941320587
0.8868678012462616,1.3037667440379335
0.8085120290429839,1.449095394009803
0.8450874350013872,1.3430952660258189
0.8448742751063042,1.3692910398318385
0.8578940017379425,1.3591580291588137
0.8958289175963468,1.2907584220223085
0.8533751686261559,1.3601884947374332
0.965544037439492,1.1903903800341007
0.8697449571846999,1.314864312749757
0.8417112694857368,1.3842236315857959
0.8681932732293542,1.3367993820134623
0.8453404872355001,1.3568978076027696
0.8651540499916278,1.3221819059525346
0.8633033741309198,1.326492260104853
0.8581313388301649,1.3507979897290083
0.864655255470362,1.3371916664446226
0.946820028573625,1.2009288950933439
0.8606486896541778,1.3298836749116116
0.8836107889385686,1.289726831488202
0.9751994946336778,1.1759267727782483
0.8422692926565084,1.3961700479000385
0.8989744883751714,1.2869616697954849
0.8811544500014172,1.3121003757678213
0.8155839584086932,1.4149281669291924
0.8448892942538502,1.3358932115674542
0.9352523099992719,1.2359293308605859
0.870773876839091,1.3058562045358406
0.8746063758398801,1.3110082341365905
0.9014272774690271,1.2746554975994921
0.9221738823516621,1.2544310390753712
0.8770208004592924,1.3059587428704498
0.8376683822423252,1.3717647430791873
0.8192856406526139,1.4227194345989005
0.912506716215344,1.2562328067539388
0.828678072774999,1.3756943552509326
0.8623228439562284,1.3394110460562614
0.8358244363027817,1.3781525554792373
0.7929165197113244,1.470260488746867
0.8862201301448931,1.2972164625143328
0.9082888028542884,1.2679575306269781
0.8437187498534596,1.3526651544136923
0.8741381183271512,1.3255248409206626
0.9043700207677756,1.272155956203509
0.9189387676391778,1.255401822816109
0.8949310419872265,1.2876706464263326
0.9119843326995043,1.2871321434753258
0.8347402899054573,1.3581899058496898
0.8958126493640349,1.2735476599925477
0.8894722305982412,1.2920713503595898
0.8999043395124816,1.2744771411479352
0.8989468722924006,1.2679662135756906
0.8813580015238625,1.3192519412414925
0.8542050392052241,1.3442951695270837
0.9128306918210584,1.2403893518040134
0.8280489577520022,1.3976683421845373
0.8290249449834493,1.3909845334416602
0.840316829080736,1.3690945008318596
0.8278737943010926,1.3814822476483664
0.8525256108774983,1.3428398058221314
0.9113097129992049,1.2593931465828188
0.9166463391340242,1.2606296118789924
0.8678668036542458,1.323087526907747
0.848287281357354,1.3528746300470271
0.8596478503102233,1.3540834338363807
0.88223933970078,1.2918925192113189
0.8877259933234072,1.298490058590541
0.929806619609257,1.224840304931488
0.9283046589578526,1.2379499117933155
0.9026895138682413,1.269245689471466
0.8527615774513125,1.3541470756902285
0.8509028065499927,1.342162169779903
0.8704208283764309,1.3253198766441463
0.9427960355767117,1.223092950060335
0.8707735067933912,1.3119913895396413
0.9057263109157132,1.2951879413029463
0.9409083203045668,1.2129892289687716
0.8606486896541778,1.3298836749116116
0.8730350816582008,1.3170424458578973
0.9288367859218477,1.243579942219437
0.892960919854488,1.280898078529365
0.9094210672424768,1.2565071643942505
0.9022886709287894,1.2757406211292788
0.8820444703248235,1.3232880877725182
0.8331796747778426,1.3951338506650914
0.8397828980940272,1.3696760343490186
0.9361901593018911,1.2253442774638275
0.8807097903845592,1.317221848496818
0.8635070073956562,1.338700465931088
0.9026895138682413,1.269245689471466
0.8223214820322342,1.4054855842154175
0.8296007033927605,1.38537128197818
0.8648563293168101,1.3219103434360633
0.8938481081695964,1.2748457336390402
0.8882717527151155,1.2815934593996732
0.8472438121303542,1.3528363424706946
0.8490668001323294,1.3654021121746684
0.9254435529126293,1.2444286544662218
0.9013309550519494,1.2628114776894708
0.874282217955887,1.3194996708586357
0.9767624073002604,1.1794197119288177
0.8878715767730866,1.2992475596528046
0.8671092688336645,1.339223235875289
0.8149582101630285,1.4329043407806548
0.8627164881457033,1.3108717805379946
0.8738690184522988,1.314385594158355
0.9111607055651479,1.244939082932804
0.8958289175963468,1.2907584220223085
0.8916660541534689,1.2983794973199851
0.8547082367026051,1.3574761843534704
0.8624299615291714,1.3260873657036154
0.9165135768591439,1.25750812886675
0.872465388138717,1.3083954820811277
0.8945162455980218,1.2828428827846907
0.8203310960413436,1.4019410022625634
0.8896041308670894,1.3049361378255742
0.8712248328979044,1.325870168519301
0.9099531567987023,1.257459914277758
0.8783384649109952,1.3192751921195962
0.9160688207794953,1.2438133917057457
0.912020902646509,1.2482066183186384
0.976003960919807,1.181420476283838
0.8513439063517647,1.3421232121903737
0.8531738703286074,1.3458975256744778
0.857139309526069,1.3408473694767982
0.9208415182293767,1.263474740827073
0.8681673052038579,1.2990084868620695
0.9013309550519494,1.2628114776894708
0.9222648025278092,1.2325695801761616
0.8652416664759497,1.3430088145187875
0.8671624237853276,1.3099686990165083
0.8936828485656055,1.3034954300640724
0.8652095105475794,1.3387314681796827
0.899588979514542,1.2895225115750997
0.8813721492968026,1.3281877696721043
0.8676403634247316,1.3348032768363194
0.8836614311634761,1.2907618596185053
0.9321214634583996,1.2521196300413595
0.8595085910124737,1.344398212012334
0.886729907041255,1.2928633742483675
0.9064541508464494,1.2661322633935672
0.8866629802275937,1.290747642145587
0.8531752144466811,1.3337207261601667
0.83072690292755,1.3841797640801947
0.9016795749200068,1.2754752310710131
0.8426011012323111,1.376078173875492
0.886941377946386,1.3029242130466587
0.8751874802306217,1.297209230135692
0.8761680566206986,1.3115217545852584
0.9243640940067835,1.2420114790235681
0.9048143860342278,1.2796187918371404
0.8533751686261559,1.3601884947374332
0.8748682737876515,1.3298287632906212
0.8592207004891913,1.3456025605749307
0.8806077576149474,1.285052966795316
0.8705248111740354,1.3275130186982378
0.9158222652217085,1.24624665564685
0.8921806190683713,1.2508552581181784
0.8627320827571193,1.3468351265154965
0.8987836062510286,1.2798806266744394
0.8789404778508234,1.3100058697184083
0.8752220668279133,1.3165065299877388
0.8951599213763356,1.2933033204958049
0.9297469535171213,1.2411542086615897
0.8854785804499467,1.2814076937894159
0.9346506513952346,1.233808814653265
0.9473683052736697,1.2078811165981755
0.8816736001217409,1.2964717211146097
0.8882817201499498,1.299303024334085
0.8745465337529926,1.3213825808177435
0.8207461293443533,1.396908182512577
0.8999043395124816,1.2744771411479352
0.905658690981484,1.260318129843289
0.8578940017379425,1.3591580291588137
0.8543737483263696,1.343587508166603
0.8461690783705239,1.3314993149830046
0.8827401798935107,1.2971860197637444
0.8279094964904994,1.3987908262885864
0.9609637169772398,1.1856320478711115
0.8515464701782012,1.3473352862232955
0.8853243720936024,1.316995993363188
0.8752607317302358,1.3047496791464077
0.8440869942487217,1.3543870411449659
0.8885105811804381,1.3005650845168766
0.8414457965663031,1.3679161609825101
0.8924228447944688,1.2992890192117257
0.8738690184522988,1.314385594158355
0.9022633761014748,1.2823986265072547
0.8485114934007196,1.3513203722918974
0.8884320994744868,1.2973290914037325
0.9136354246040643,1.2473297762243718
0.9284670001880332,1.2312958285331683
0.8326722655738767,1.4027532606077338
0.8412347516132949,1.3924784829497383
0.841131792193874,1.3781088103529515
0.9293027855489933,1.2308545292957538
0.8269013592053497,1.4055000632116192
0.8175258950484412,1.4172709503650553
0.8755661366242047,1.310988134609378
0.9283046589578526,1.2379499117933155
0.8880420381350868,1.3020229902997467
0.8994146575024181,1.2658099396896376
0.8686784351954957,1.3407386142230264
0.860494516553685,1.3341287288545687
0.9466623318540518,1.214666043206716
0.9181953100363865,1.2457342941171325
0.8666997508291829,1.3195592616210672
0.8134258249876476,1.4196359478077791
0.8613551597946398,1.352960286084764
0.9271166304768954,1.2315017727169828
0.902674569194941,1.2607678919528453
0.8727138941943497,1.3430612196574923
0.8378342726386225,1.3861504983016582
0.8417781659941599,1.3607000843460741
0.895466650975677,1.2775382119426173
0.8891083788622643,1.2840152110255196
0.8564629739943395,1.3114035962835449
0.9414581953003407,1.208837589009247
0.8528360009401507,1.3465441342625355
0.8407025513462801,1.3723103018542517
0.8654681383660502,1.3283437353401366
0.8982928725062144,1.277156761770558
0.8664746942923779,1.3292683274630563
0.8606486896541778,1.3298836749116116
0.9360412226912208,1.2083991064590687
0.8811245919785328,1.2936396825963987
0.8675506068336089,1.3162951386447708
0.8369415569128626,1.3888899148591165
0.8923442528474268,1.2847155048651056
0.8590744813344883,1.3402336867750422
0.8827401798935107,1.2971860197637444
0.8673119262600275,1.3142224126693194
0.9141581490532604,1.2288787636579737
0.9277861023142466,1.2262214181558335
0.8802005493295467,1.3196663553497414
0.8731071357836926,1.2959885303195955
0.8743655762177718,1.3231317793483603
0.8977230227725378,1.297188056547936
0.8264830541940056,1.3974778067474138
0.8531474687120051,1.3521783505029628
0.8568758822744392,1.308794764484656
0.7865310660883807,1.4768507879576722
0.8515631145232045,1.3575428198320918
0.8472438121303542,1.3528363424706946
0.9020790605257528,1.2781405446715546
0.9052554897320698,1.275761223429847
0.8596189985260759,1.3442011065742445
0.9006854417596211,1.2709530078638476
0.9089204194112748,1.2627177584734701
0.8607298341521831,1.3367006064626854
0.8788140764891872,1.3061967182811132
0.881735576354794,1.2967140583279795
0.8610521625988149,1.3262099550615367
0.8343088852059954,1.3772994014037838
0.905658690981484,1.260318129843289
0.8810795560440203,1.3167362855167335
0.9357184214415457,1.2342259225812864
0.8463235085405847,1.355082635227611
0.8775389452842841,1.2919634874288897
0.9474901477134988,1.1981647107378834
0.9286364049721999,1.2266764300530564
0.8757278202209797,1.3097163447796532
0.8164583602868017,1.4047468792533668
0.9181673064419411,1.2622361886886821
0.9310337038505099,1.2425773788232564
0.7820985034113817,1.4946177621908958
0.8813769788802671,1.3072351024226245
0.8376683822423252,1.3717647430791873
0.9068038565439746,1.259098441424213
0.8835344226404707,1.3170522594554566
0.9007375177213508,1.2835543718839526
0.8067637880561062,1.4474955778566412
0.8498985841480161,1.3542671729385647
0.8572859091417351,1.352815608082115
0.840316829080736,1.3690945008318596
0.8614074013644817,1.3381481026357067
0.844278457533108,1.3755564187387073
0.8614074013644817,1.3381481026357067
0.8469933130960172,1.3663341796535322
0.7949892633980263,1.464846496431929
0.8971582474961193,1.2843825252389571
0.8699433750258296,1.3147331240877957
0.8462472130959149,1.331527855150376
0.8991990932415399,1.3044767191948008
0.8426210028922243,1.3632254158273285
0.8908932024902003,1.278906270266974
0.8461197555623169,1.3698274441828744
0.8588357394911925,1.329425137508152
0.8733724114160284,1.329189261929474
0.8959767494777722,1.2863185990360582
0.8585949643468944,1.344327290229709
0.8666997508291829,1.3195592616210672
0.8746063758398801,1.3110082341365905
0.9352523099992719,1.2359293308605859
0.8572277242020251,1.3405399384845245
0.8302912219131391,1.3806612178858884
0.9009961012006985,1.2757108129481523
0.8765540602455469,1.3125664054472184
0.875320204747083,1.3187611704455455
0.8971659424172709,1.2779648050266106
0.8942554254325634,1.2741092051600558
0.889120982097723,1.289380995937238
0.9190165968587809,1.2468863650523412
0.8775389452842841,1.2919634874288897
0.824393806178878,1.4136237088289718
0.9069199876880928,1.2749270265530128
0.8911099992472781,1.286209089491701
0.8748454498810128,1.304211666616507
0.9622273344172123,1.1982933391301978
0.8915083450980449,1.2877446004876831
0.8233656141828826,1.40106233229604
0.8793559349684029,1.280809940448313
0.8914505215080732,1.29786300510282
0.9018611869331783,1.267970582102974
0.8399001803353974,1.3830807367499676
0.8577548423487682,1.330989486024473
0.8625875744844876,1.3405206779623733
0.8542796317925913,1.3497873172272083
0.8429444380850134,1.3632908205981618
0.8341328332149398,1.3892116018755782
0.8543737483263696,1.343587508166603
0.8725898895237411,1.307991994950648
0.8821860814757014,1.3055080728863082
0.9417471825508493,1.2310342120205828
0.8725898895237411,1.307991994950648
0.8078867818663205,1.435414858241881
0.8539477098751235,1.3567804310414493
0.8904879663505822,1.2850705141502812
0.8840507663493502,1.2888485269615926
0.831684985312703,1.3809252705984028
0.8484291405387298,1.3664023080356742
0.9539846296954574,1.1936648347075978
0.8611254796598088,1.3392873713889735
0.9230333472421245,1.244429141372996
0.8070657268012582,1.4486424082940814
0.8295141510349678,1.3839682674799996
0.8677011558368831,1.3224555699001246
0.9230333472421245,1.244429141372996
0.8674676969800822,1.3287823979891162
0.8611254796598088,1.3392873713889735
0.8561488603570012,1.3501771621148713
0.8525578255124171,1.368294319513224
0.8752607317302358,1.3047496791464077
0.9324104378680819,1.228235725798058
0.8452981657428692,1.3587355819137732
0.8789404778508234,1.3100058697184083
0.8899393437385287,1.296332528209303
0.935128297538822,1.2239981656328265
0.8639581549684245,1.3468134748779759
0.8553093864293136,1.3461575846410176
0.8744395853984697,1.3243020759810424
0.8040993363669835,1.4129261856144038
0.9079815136385002,1.2698772288774258
0.8705248111740354,1.3275130186982378
0.8367620287256958,1.3771574038471412
0.812134242575864,1.4012502482723113
0.853279425646316,1.3457781149851942
0.9474916262876784,1.2205434515437927
0.8710482499901686,1.3194354539639255
0.8338257324216054,1.377632753794828
0.8836614311634761,1.2907618596185053
0.8568758822744392,1.308794764484656
0.8913678591568104,1.279729191155597
0.8761745341398928,1.300281538218229
0.8468914353939646,1.3299972705092418
0.8844564494651596,1.294394881962144
0.8773115374485726,1.3059248454923056
0.9192994564454371,1.2292630673910434
0.8909047451924909,1.2928012049534223
0.8853243720936024,1.316995993363188
0.8675292373509392,1.3419849973840468
0.845989751229659,1.3546571198993882
0.8771701877255722,1.3144350531477935
0.9163467411345049,1.2331586134732866
0.8945162455980218,1.2828428827846907
0.8643689220083324,1.3320695981311437
0.8941120631546375,1.2676475856718064
0.8886952028046434,1.301808917652526
0.8831151398385121,1.3011802459256587
0.8562151278522644,1.3306393841529227
0.8852661663109279,1.3100535744380648
0.9006922874900244,1.273641563705157
0.820841204267098,1.4175013914266499
0.8592207004891913,1.3456025605749307
0.9341677865055601,1.2424490539258741
0.8704730692246028,1.3056418837483936
0.9015615439857867,1.250523469180811
0.8817444135006631,1.2888055321384198
0.8694175493386143,1.3195814599742022
0.8657150072250129,1.323648514872217
0.8712140539620592,1.3156980885133505
0.8765515059039761,1.292109385311034
0.9285913365566293,1.2513066939580337
0.8754651335723626,1.318752817534877
0.8643695172593527,1.3133586355933178
0.8078867818663205,1.435414858241881
0.8753235738956543,1.3061243332182875
0.9135309249165015,1.261794659332766
0.8775087325918357,1.318354803182259
0.8710425087421084,1.3140638212974436
0.8655988659011737,1.3319243773284994
0.8651457837607116,1.3363656395417551
0.899262913558663,1.276716667608279
0.8923679173370261,1.2909776811575981
0.8470315544699754,1.3607472889339294
0.861773676662214,1.341470919627864
0.866232548439658,1.332405688206095
0.871564620213382,1.311483169901403
0.7946274376666156,1.4519828546905018
0.8411337633946118,1.377616481052295
0.8942554254325634,1.2741092051600558
0.8702809361525112,1.3234757718643164
0.8781320529072913,1.3130119511193459
0.8319237574008297,1.3882867781999753
0.8256384963361751,1.3875749874690566
0.8757278202209797,1.3097163447796532
0.958732307429398,1.1966762271790157
0.9042495830231496,1.281937164417599
0.8902055239114619,1.2932919066535764
0.9040870110460704,1.2598408877959943
0.8164583602868017,1.4047468792533668
0.8810498787076105,1.3030496303551398
0.8473775369030188,1.367103684809928
0.8427432748969337,1.3528961791743879
0.8149582101630285,1.4329043407806548
0.8485878045899917,1.336591291203699
0.8514709440567335,1.3779707672621833
0.8589334999154153,1.3271455626688444
0.8884870386746874,1.308859638150365
0.8666997508291829,1.3195592616210672
0.8585949643468944,1.344327290229709
0.8853416583240138,1.288978295093303
0.8923314613867634,1.285558005648035
0.8516438373418005,1.3602509331528438
0.845116498324058,1.3819779952279851
0.8746063758398801,1.3110082341365905
0.9088272412225519,1.2738329767324326
0.8988779424813054,1.2906737144592604
0.8756588475635518,1.313651035520244
0.8811337790893601,1.3045810383303795
0.8836614311634761,1.2907618596185053
0.8826617700616967,1.288156593108302
0.8693497211327049,1.3409700986832072
0.8751874802306217,1.297209230135692
0.8971332414888088,1.283377606490402
0.8605265203647285,1.343369341389444
0.9264543701609058,1.2426637231213633
0.8618226905858994,1.3299429877346376
0.8475237658116442,1.356417218624836
0.8660287957599154,1.3166479154877198
0.8752607317302358,1.3047496791464077
0.877699379737457,1.3116890290300915
0.8605265203647285,1.343369341389444
0.8558109070468678,1.3481670194804902
0.8386124069270601,1.3898303813434947
0.8448089164866462,1.3539672649963472
0.8923679173370261,1.2909776811575981
0.8994317163638531,1.2611777428580397
0.8810795560440203,1.3167362855167335
0.900755883254838,1.2862726541429426
0.8852773424565732,1.2893476704526141
0.8756588475635518,1.313651035520244
0.8880420381350868,1.3020229902997467
0.8916324694164616,1.267872702572408
0.8939592780675674,1.2878651069236215
0.9168343204765015,1.2330608890088752
0.8294913546122228,1.3790734041437154
0.904746826262876,1.2700614153273704
0.8878253795912467,1.2985346659133905
0.9044588194459785,1.2572891935105723
0.8525845008079791,1.3608939133617721
0.8544048262097862,1.3527487429281735
0.8878279887912415,1.294241368102029
0.8285501892001131,1.4007042502360085
0.9089373346276353,1.2684357733020635
0.8947942268034748,1.2805660738291258
0.9895974350727212,1.1448726629128902
0.8837754073060653,1.2956335158771695
0.8459645352835947,1.3531381483345208
0.8330072228328412,1.3932352166354587
0.8945162455980218,1.2828428827846907
0.8507549168390635,1.3482873910838586
0.884070804939717,1.3007165865626582
0.9637633446893468,1.198474283154006
0.845116498324058,1.3819779952279851
0.9016552490676426,1.270696175123622
0.9204900394437977,1.257931196606869
0.8550392385134613,1.3475619523760491
0.9428378030299389,1.2398049967784455
0.8452981657428692,1.3587355819137732
0.8568966964555278,1.3389146179900553
0.8690592074080428,1.323637839933951
0.8203310960413436,1.4019410022625634
0.876250014818326,1.3094004772490269
0.8288483351592086,1.391317744263762
0.8961795356293637,1.28615895856533
0.9133674608176726,1.2625535186596173
0.8463235085405847,1.355082635227611
0.8919221199278123,1.2836760694037654
0.8114277501453929,1.412478655728549
0.8655354296960897,1.3407420059702704
0.855065970525341,1.3529240928282897
0.9414358319013396,1.2072606007632072
0.9020094323861543,1.276157164829168
0.8580573048495259,1.330325622986731
0.8945162455980218,1.2828428827846907
0.8928663574342421,1.2807608792269372
0.8663499291201382,1.325709953889724
0.941391651695729,1.2123210197099061
0.8919623351889361,1.2937247611895333
0.8882717527151155,1.2815934593996732
0.9128583088873479,1.267618032180524
0.9560634950002702,1.1993063187092878
0.8865308376228319,1.2819475534670202
0.8902055239114619,1.2932919066535764
0.866712422577207,1.34172095221004
0.8743881840116263,1.3157614649186318
0.7798193896213537,1.4730363369824087
0.9248451025760777,1.2324571536448383
0.8682696344458237,1.309232318254571
0.8403614639699913,1.3835649493750393
0.8368283862076162,1.35307411820123
0.9340551404865142,1.2223948362536048
0.8985038297315676,1.2943779222601974
0.8594237020756539,1.3459216366873068
0.8543737483263696,1.343587508166603
0.878906479104719,1.2971274177429877
0.8921411851770227,1.2964992109805056
0.9465045351131754,1.2086190333371285
0.855065970525341,1.3529240928282897
0.8788438044989263,1.3094530184934552
0.9683373327602556,1.1706619106477962
0.9023202859483384,1.2609615117674802
0.8652610537790619,1.3279685907486194
0.8782504860880846,1.3115071458126908
0.8552082893121208,1.356290996606636
0.8944897855820167,1.2848548307403722
0.8775929254794147,1.318154510748505
0.8474993396130759,1.3591517958103032
0.8972288859770698,1.2848724676866619
0.9450465494334286,1.207358737729195
0.8773495035407081,1.3020993970319792
0.8417781659941599,1.3607000843460741
0.8714349772922272,1.3237641710640318
0.8328212586685783,1.3752901567395066
0.95662926405206,1.2049379758648928
0.8543219023904467,1.3610684905739119
0.8224159915464995,1.3907700137353027
0.8541819550455956,1.3588945602419877
0.87721503531406,1.3022416885153132
0.9356731359231326,1.212841340893511
0.9597895450096924,1.197089742790815
0.8853793342827015,1.295409357564169
0.8880372434177206,1.2905816728841557
0.8590744813344883,1.3402336867750422
0.8192856406526139,1.4227194345989005
0.8740624151743478,1.3200322313343933
0.9098312383449977,1.2603651556821525
0.8666825173841944,1.3460249446210482
0.8515631145232045,1.3575428198320918
0.8415212789711806,1.3738479977327127
0.8470315544699754,1.3607472889339294
0.8842654525796293,1.3073205792486953
0.8743564005346126,1.3119561760730407
0.8432208839508583,1.3632265459233261
0.8723178637479496,1.3121405957830374
0.9312069218203528,1.2416594748533947
0.8553093864293136,1.3461575846410176
0.8833892702540427,1.3044851742338075
0.9086935265245106,1.2507406450450862
0.8407025513462801,1.3723103018542517
0.9165709035585827,1.2576484015653313
0.8884117679093776,1.3099157366292888
0.8232094689556425,1.3940775970094743
0.9539846296954574,1.1936648347075978
0.8662917765259082,1.3393186161473463
0.8889099748295206,1.2911299850708735
0.8751874802306217,1.297209230135692
0.9051526663521923,1.2781874959797417
0.8578066388438518,1.3454813116193254
0.8508153675148986,1.3518326819499562
0.8768212340897885,1.3188400209817774
0.8841832118270749,1.3132046053586939
0.8578007239212911,1.3398865630864876
0.9093132754671065,1.254310044699442
0.864247686792342,1.3241912641330733
0.8998167724443182,1.277147423577157
0.8752607317302358,1.3047496791464077
0.906889823783104,1.2428350059914577
0.875783805263031,1.3185161182333676
0.8699703511618144,1.3307569905235273
0.8869989686813833,1.2933274970043434
0.9111002281289687,1.2695901480632727
0.8811325474871368,1.311385838395891
0.8833473794657258,1.3048222816914217
0.8844485297261573,1.296924561168053
0.8923442528474268,1.2847155048651056
0.9043577474137675,1.2598951305058148
0.9368765107785841,1.207284071841186
0.8685856354718102,1.3283327031877326
0.8669112031525542,1.3353233319857527
0.8489970223409107,1.3447811348555874
0.8835379848039822,1.306484740888705
0.8877259933234072,1.298490058590541
0.8777039687243918,1.3104583346604384
0.8549003143031152,1.3657597786233227
0.8419907249052088,1.3833490565154076
0.8441428783113,1.3654382595196912
0.8951374409973397,1.2772529149813405
0.8671977155875951,1.3299141220788882
0.9383714705110154,1.2156977715000847
0.870773876839091,1.3058562045358406
0.8809227367918329,1.2949925015047943
0.8470315544699754,1.3607472889339294
0.8469423027818405,1.3618879830900035
0.9603280551970438,1.1830935466779122
0.8414457965663031,1.3679161609825101
0.8857762677410567,1.3087284518873925
0.927756092900628,1.2444661432010626
0.8515462191795644,1.3520956794196697
0.8463235085405847,1.355082635227611
0.8915083450980449,1.2877446004876831
0.8419341211623632,1.3596637801891238
0.9133729690814424,1.252907782379606
0.8624119662179374,1.3001203049236476
0.8800237149943374,1.288292509021764
0.8911242300181199,1.2941710991900364
0.8564629739943395,1.3114035962835449
0.8311683338498796,1.3929791788086696
0.9357901064725368,1.2199612292783681
0.8857762677410567,1.3087284518873925
0.8415931974708435,1.3695797105864727
0.8100568657394955,1.423686350493856
0.9531479035579962,1.1920899391368243
0.9406611849668766,1.2035162221567988
0.8096048415314155,1.4352600823181656
0.8411124232889422,1.3733096971767653
0.8863647596695422,1.294332372424865
0.8870301776987042,1.2836305882665764
0.8581150571148436,1.3577954172381952
0.891771399774296,1.3009946938815264
0.847575001198966,1.3636102281592293
0.8405104887737231,1.3667439377259563
0.8310355483448912,1.3680976769647224
0.8860523699956414,1.3043676761920049
0.9310509256331412,1.2206056010500856
0.8812326990888439,1.3203607998114546
0.8370151198183332,1.3808050316944531
0.8855838234067742,1.298071124269815
0.8835379848039822,1.306484740888705
0.8564629739943395,1.3114035962835449
0.8857474179972167,1.3097992766025286
0.8682886142224205,1.3193554851063052
0.8746055682512316,1.3233598520548453
0.8271249616155598,1.4030814267372047
0.861773676662214,1.341470919627864
0.8455550262553208,1.3731872926927577
0.8524387074495242,1.3470355201415591
0.8906507778878809,1.2872214055922278
0.9070866390026618,1.267781755474544
0.8951374409973397,1.2772529149813405
0.8693786014653837,1.3224020271540313
0.8674186315281974,1.3253090314522913
0.8943987861703957,1.292632896134605
0.8701601414548434,1.3172523566684942
0.8459020703976511,1.3705018708721943
0.9175966488285627,1.259286411834922
0.8907961186500899,1.2780083188951343
0.9384443510795323,1.2343392766682693
0.906235745883287,1.2732327254885971
0.9565020969954605,1.210311278445522
0.8939436792852324,1.2838384108290253
0.8397828980940272,1.3696760343490186
0.9325997192489917,1.2227957969606789
0.8570642963486881,1.3280325001648219
0.9143217711338454,1.2577645510796944
0.8770208004592924,1.3059587428704498
0.8767826823756457,1.2920077826299314
0.8345831651083514,1.3754356259959477
0.8589509373179933,1.3389494333123912
0.8524387074495242,1.3470355201415591
0.868166946775554,1.3206173987558112
0.9241437898606104,1.2349224925626752
0.8350610880077419,1.4085623973820638
0.8770874104222448,1.294287804902729
0.8810640182188771,1.3074561113282144
0.8605265203647285,1.343369341389444
0.8547082367026051,1.3574761843534704
0.813891611658057,1.402102868671962
0.8616432382839004,1.329324963025112
0.8561355686331409,1.3473670928399963
0.836963322442003,1.3757985525313245
0.9191022329641927,1.2336083074350852
0.8896041308670894,1.3049361378255742
0.8820081351239696,1.2937829813460693
0.9020222393795877,1.2751434578020215
0.8569930293282269,1.3216628660498317
0.9312069218203528,1.2416594748533947
0.8935685535512773,1.2775531769615407
0.8524387074495242,1.3470355201415591
0.8696851532162146,1.3299909353872141
0.8595085910124737,1.344398212012334
0.8971332414888088,1.283377606490402
0.8859261921682966,1.293824244490421
0.9030862710853703,1.2741893990469024
0.9353088046458394,1.2121130761607934
0.8568966964555278,1.3389146179900553
0.8987375506605494,1.288098698792144
0.9253936173183196,1.2583096957676874
0.9117647714147512,1.2520727784403645
0.895019071481549,1.288108404022706
0.8690036202942027,1.3325323927286228
0.8509028065499927,1.342162169779903
0.8821439249593667,1.298846577391772
0.8280489577520022,1.3976683421845373
0.9229718486616119,1.2417980509355109
0.8798252756672242,1.3108235037049232
0.8193829484538351,1.4078700876115773
0.8127775837707831,1.4161767190994707
0.9227969574170344,1.2467811240743012
0.8771922711665281,1.306145712491753
0.8724074457181965,1.3246244675040963
0.8569456212213645,1.3266724907378666
0.8746063758398801,1.3110082341365905
0.8473775369030188,1.367103684809928
0.894137728280805,1.270296868545997
0.9526666912291861,1.2050862618287985
0.8420939810107628,1.360985423532407
0.9006854417596211,1.2709530078638476
0.8767510626975162,1.2930541386939203
0.8518057890012698,1.351506296652258
0.8812326990888439,1.3203607998114546
0.8866881543679573,1.291044140150429
0.8836674917797296,1.2752700835928212
0.8470386196712816,1.3712095844972452
0.9273644785910433,1.21985968625607
0.9047720447929769,1.2810338733819195
0.9129148172266899,1.2548979689310344
0.9138251062709528,1.228602953254973
0.9198010764787795,1.2367561018082964
0.8693786014653837,1.3224020271540313
0.9146951970572355,1.23260516937623
0.8345076054276332,1.4001997539795956
0.8265923637540713,1.3871713486495156
0.8923442528474268,1.2847155048651056
0.8487216485021949,1.3635113943441655
0.8933690899935925,1.273483023284858
0.9361869002470513,1.2288201565486112
0.8309089542959915,1.3766040805393478
0.8560177665742635,1.3376646257302514
0.8984641362947478,1.2651973983944955
0.8845266437075036,1.3068018079980595
0.7865310660883807,1.4768507879576722
0.8895039053112203,1.3064736372416108
0.8387416186342005,1.3772868638325462
0.8532714597792065,1.36624094945349
0.9154018852937289,1.254566528909497
0.9010035213660897,1.27081711908823
0.8452981657428692,1.3587355819137732
0.8611844311168136,1.3405154068005045
0.8247143208058251,1.3873299109406498
0.8486675542242185,1.3863651179974388
0.8473798803263894,1.357251798455783
0.9280571635985355,1.2377152116224017
0.8368283862076162,1.35307411820123
0.895466650975677,1.2775382119426173
0.8474993396130759,1.3591517958103032
0.9222648025278092,1.2325695801761616
0.8539477098751235,1.3567804310414493
0.8822918960326241,1.3038975758406042
0.8884458730546012,1.290277220123005
0.8557883578784331,1.3399099334317506
0.8987825430269266,1.2894270700747847
0.8578007239212911,1.3398865630864876
0.9038416761987869,1.2805928190601117
0.8878715767730866,1.2992475596528046
0.8428435227672197,1.3733496200078124
0.8853793342827015,1.295409357564169
0.8708488489806986,1.3341467983039177
0.8557883578784331,1.3399099334317506
0.8441428783113,1.3654382595196912
0.7892179171623261,1.4923301521027412
0.8219095415585027,1.4080173693179439
0.8600608944431685,1.340271036243879
0.9057263109157132,1.2951879413029463
0.9032664930773576,1.2753384543394723
0.8925840467550549,1.27995355437716
0.9154018852937289,1.254566528909497
0.8798969239543784,1.3357976775357683
0.979621226688816,1.1838289354002351
0.8767072937118905,1.2958939172351625
0.8706214849941164,1.3191822828486364
0.8415328684117541,1.3776403462799767
0.8473775369030188,1.367103684809928
0.8372530711516013,1.3653313908669102
0.9883702349342889,1.1412984124315504
0.9108902962841892,1.2448433827399188
0.9046242964271566,1.2590294239552406
0.8617983099744776,1.3278392200946199
0.9495291303174532,1.2232961134595544
0.9358715467261737,1.2283672382516824
0.9098751843348788,1.2590143863597274
0.8279780895275259,1.3870144588732256
0.889120982097723,1.289380995937238
0.8952905679604857,1.2950068989417796
0.8971582474961193,1.2843825252389571
0.8855246188516092,1.3060195175015596
0.9034391536287739,1.2845779090297333
0.8312801202080223,1.391573783114425
0.7932163534765871,1.4697166848140326
0.8601896601596537,1.3262747751624246
0.9426875661153125,1.2134817510874583
0.8608297933939376,1.337621510995718
0.8702915101313019,1.3202544538766177
0.8651540499916278,1.3221819059525346
0.8894722305982412,1.2920713503595898
0.9048331158715162,1.2668066497617114
0.875505008892517,1.3236694290489106
0.9778414501552858,1.1832986480094663
0.9206119179766354,1.2597325678128812
0.8998167724443182,1.277147423577157
0.8633466441814809,1.3498122689653906
0.8988113078007138,1.2814760168062398
0.9409083203045668,1.2129892289687716
0.8596247427034981,1.358585101455882
0.9173003020369708,1.2646875031346585
0.895792455254952,1.284900661911471
0.8697492995772262,1.3219249251132479
0.9062392078377991,1.2774507914948041
0.8062659058101407,1.4523043987238264
0.8796731240732965,1.3157092415388196
0.9321214634583996,1.2521196300413595
0.9474162543369897,1.1968098296638066
0.8851736163554216,1.3010028707588923
0.8772518296385609,1.311201381915961
0.9436999487312865,1.2114194373116238
0.8573065354265227,1.3588832772327661
0.9181987698275184,1.2409018064521582
0.8469933130960172,1.3663341796535322
0.8760805511910832,1.3004848786349466
0.8994674002856746,1.2741713233704428
0.8816360244084678,1.306302607549591
0.7798193896213537,1.4730363369824087
0.8528798991912925,1.3440574540486392
0.8708488489806986,1.3341467983039177
0.9089373346276353,1.2684357733020635
0.8839524640111003,1.3052929676407283
0.8474993396130759,1.3591517958103032
0.8556235818939204,1.3592667384345023
0.8355041157809128,1.3729187467892738
0.8752607317302358,1.3047496791464077
0.8448713132495146,1.3501602376965383
0.8636867524052865,1.3324559417287254
0.8331796747778426,1.3951338506650914
0.8830856092118753,1.3030264971141108
0.900755883254838,1.2862726541429426
0.8489233375486,1.3451878335622203
0.8923679173370261,1.2909776811575981
0.918651309399921,1.2300011323406803
0.8239972010573867,1.3796296235131593
0.9194637964938427,1.2669217479372104
0.8672649827522638,1.327856777118381
0.8953201956304604,1.2743567393234143
0.883321046576875,1.3138646990665532
0.874862205407021,1.3115657039099828
0.8958289175963468,1.2907584220223085
0.9094436146556699,1.2582203074024265
0.8817767625524043,1.2985236814845897
0.8827401798935107,1.2971860197637444
0.8522515921563895,1.3527906427687733
0.8892631929050817,1.294497395444129
0.9575615304819274,1.2011656504342318
0.8246064746995863,1.3808785124536096
0.8533751686261559,1.3601884947374332
0.9283046589578526,1.2379499117933155
0.8517791203392246,1.3568247905138284
0.875167438287781,1.3012624094642051
0.8472359183368694,1.3371085757737977
0.8788438044989263,1.3094530184934552
0.8993509382832153,1.2794516668783196
0.9101453763935856,1.2603273858360413
0.9171914956504239,1.251691982486083
0.9017604036158363,1.2744064776971782
0.9500096601773672,1.189165930199057
0.8431004676628135,1.3713012297524771
0.8936722158145991,1.297535778475079
0.8254193577290648,1.403709240844257
0.8810498787076105,1.3030496303551398
0.8938481081695964,1.2748457336390402
0.8987825430269266,1.2894270700747847
0.8129912158052387,1.4115165524048467
0.877819480432194,1.2988141368150061
0.8654433079951194,1.3225816642874209
0.8543346193489411,1.3612294506843317
0.8911099992472781,1.286209089491701
0.922561699373084,1.2607880628958628
0.9073753977214507,1.262367768049743
0.8702473167601249,1.3144375068968237
0.8665344547997053,1.329633839745735
0.8178361690735811,1.3976609746896567
0.9599910820269317,1.1898401954034608
0.9194009294465997,1.2512535343602982
0.9340140192906611,1.2240614358615685
0.909226142885381,1.2592746428181871
0.8900948143820778,1.2855786346953433
0.947295599749267,1.2172532069650344
0.9505834103209272,1.206488950528536
0.827989409124642,1.3980911958870723
0.8763610453023618,1.3078443617041942
0.8958126493640349,1.2735476599925477
0.871564620213382,1.311483169901403
0.8690592074080428,1.323637839933951
0.9052554897320698,1.275761223429847
0.8369415569128626,1.3888899148591165
0.827989409124642,1.3980911958870723
0.873523489193519,1.3093978412092728
0.8761745341398928,1.300281538218229
0.8415039881609397,1.3629427164420265
0.914248425376921,1.270278366671281
0.8714349772922272,1.3237641710640318
0.8431004676628135,1.3713012297524771
0.8353690128769331,1.3939033739599604
0.859779468939661,1.3502350417400921
0.8547082367026051,1.3574761843534704
0.9084423059074661,1.280179032609859
0.8801522218946528,1.3190338178246266
0.8403614639699913,1.3835649493750393
0.8822689565658357,1.302800694047771
0.8437187498534596,1.3526651544136923
0.855065970525341,1.3529240928282897
0.8247143208058251,1.3873299109406498
0.8818237528395483,1.3228490782746318
0.9159967642658728,1.2598768984622581
0.8378761771900799,1.3629463131533286
0.8874516993437084,1.2825515289082945
0.9737409030270504,1.2009915583571986
0.8660287957599154,1.3166479154877198
0.8300085636304756,1.3821309631634917
0.9070685147222086,1.2741701731195358
0.8684436689272746,1.3417727154410262
0.8302368242398749,1.4051369325819194
0.9153862098810984,1.2462096205432889
0.8543989038837864,1.3642155780224712
0.8176498857761338,1.4157932653905103
0.8720625031574801,1.3398689512416362
0.8931846882559289,1.2975981019678844
0.9748263728120403,1.1670313226279878
0.866982153594245,1.3230977653900597
0.8731709209319228,1.327290443573013
0.9371138553988039,1.233055918212005
0.8934567842918667,1.2986558651763467
0.9151418494324752,1.2588330451551648
0.9606584793892966,1.1929278151541793
0.8208993083868918,1.420810382722683
0.8682886142224205,1.3193554851063052
0.8731861312338384,1.3105275213969254
0.8985609617404278,1.2723051373177074
0.9113456458661987,1.2519285730900602
0.8883667986093391,1.3057323532286347
0.8259789962112078,1.3901204035554175
0.8414758910138153,1.3709891452568366
0.904746826262876,1.2700614153273704
0.8382661307971468,1.3626394034787364
0.8799470173882138,1.3244146595525799
0.9469297804144463,1.21288845107102
0.8613006372673381,1.3436869053223262
0.8628377450479205,1.3318306230870387
0.8789883333533829,1.3178006435943712
0.8745936122951519,1.3200145053753471
0.9198176040402994,1.2436004269752323
0.8437439033383707,1.3604341164555402
0.9420087887320512,1.21110444282834
0.8561488603570012,1.3501771621148713
0.871572729435326,1.3306890902564514
0.9147572662423826,1.2631725486302547
0.8782768154638098,1.3041501283270027
0.8532556029531851,1.37324175255186
0.878906479104719,1.2971274177429877
0.8610877406760251,1.3269381551645694
0.9070397278920154,1.2664473203378297
0.8441428783113,1.3654382595196912
0.8822689565658357,1.302800694047771
0.903025803560555,1.2919189397328121
0.920230925571337,1.2317538984143244
0.8468914353939646,1.3299972705092418
0.8549335456192314,1.3441605515066861
0.9151418494324752,1.2588330451551648
0.8471881349146488,1.3708356188936839
0.8870540070647497,1.2755219249625496
0.894184882406692,1.3063312955967803
0.8789404778508234,1.3100058697184083
0.850140200848128,1.3617346583344223
0.895917887991161,1.2759167817654398
0.8448742751063042,1.3692910398318385
0.8426011012323111,1.376078173875492
0.8428435227672197,1.3733496200078124
0.9304913271223169,1.2310752772778215
0.8746063758398801,1.3110082341365905
0.8928712529025795,1.2592993149769491
0.8864076473261115,1.3008466248714896
0.8485751085800994,1.3520290764349305
0.9311352829956534,1.2361200821484408
0.8645315062684188,1.3325343287779947
0.9565810613492473,1.1998261661995597
0.875615744992156,1.3128716853827866
0.9159967642658728,1.2598768984622581
0.8801648385888431,1.3047193356124616
0.8597637657065725,1.3605633557100545
0.8355605118052011,1.3984123913518625
0.8664094561783614,1.3262107903941573
0.8710425087421084,1.3140638212974436
0.8984207396855834,1.2701881655058953
0.8635070073956562,1.338700465931088
0.8961795356293637,1.28615895856533
0.9237936661075302,1.2372311721117928
0.9026895138682413,1.269245689471466
0.8748225382460216,1.2970099039924297
0.9359297726727511,1.208511368666923
0.9545316125229917,1.2003990037570378
0.8568758822744392,1.308794764484656
0.8309089542959915,1.3766040805393478
0.9295875883546652,1.2345403223874962
0.8813580015238625,1.3192519412414925
0.8844905654056704,1.2804854274541113
0.8942256319173674,1.288739568670448
0.9155112886104418,1.2517895663825644
0.8510257662393335,1.3460593836777952
0.8487908769111924,1.365442606586171
0.8842737384425645,1.3064290556968723
0.8672649827522638,1.327856777118381
0.8786604677487724,1.2997778532557474
0.9164802367603027,1.2706921363323345
0.8854774118544774,1.2924555913242903
0.8356425342350767,1.3737489294598157
0.8922489604176336,1.2935029538519758
0.8957244647284972,1.2806873355804917
0.8961795356293637,1.28615895856533
0.8763895786851053,1.3007577604615834
0.9215065736861697,1.2450533289608463
0.8738690184522988,1.314385594158355
0.9112430168916881,1.2312725416116217
0.9069279911591098,1.2687832403661214
0.8890097961497606,1.300560308987312
0.8508723911303704,1.3493922941189456
0.8596478503102233,1.3540834338363807
0.902674569194941,1.2607678919528453
0.8279094964904994,1.3987908262885864
0.8296376765802725,1.394060182696732
0.9088272412225519,1.2738329767324326
0.809183216271226,1.414221025970646
0.9154018852937289,1.254566528909497
0.8719988290751608,1.3321629235682835
0.9151418494324752,1.2588330451551648
0.876376198055302,1.3107725689892082
0.8798417170614232,1.30364873162191
0.8674186315281974,1.3253090314522913
0.9286342333398854,1.2259998532923764
0.9178593461780982,1.2482340297606918
0.8543033460197813,1.3457577395421685
0.9099531567987023,1.257459914277758
0.8488171715301991,1.3628756812342615
0.83072690292755,1.3841797640801947
0.8812326990888439,1.3203607998114546
0.8857762677410567,1.3087284518873925
0.8745936122951519,1.3200145053753471
0.8235677000927153,1.387640981670843
0.8463235085405847,1.355082635227611
0.8342271296848514,1.372522756411204
0.824068366315422,1.4164809459675587
0.905434888269868,1.2798388483123468
0.8889099748295206,1.2911299850708735
0.8258278808942761,1.4082403054646637
0.8664746942923779,1.3292683274630563
0.8489451912436734,1.3610713344101337
0.9234088253399811,1.2458347019891498
0.8545053360694368,1.3516009217942482
0.9032459935736507,1.2844695972996565
0.8431004676628135,1.3713012297524771
0.8635816300280735,1.3350874988235983
0.9138594435670018,1.249849199543444
0.8067976241746949,1.426442548068486
0.8857762677410567,1.3087284518873925
0.9778414501552858,1.1832986480094663
0.8485114934007196,1.3513203722918974
0.8451401873965311,1.3586420506284633
0.8779647269650366,1.318500063227423
0.9168343204765015,1.2330608890088752
0.8663499291201382,1.325709953889724
0.8809227367918329,1.2949925015047943
0.8652610537790619,1.3279685907486194
0.9207824498309017,1.244427016513489
0.8964745096012651,1.2929760686639682
0.860494516553685,1.3341287288545687
0.8469423027818405,1.3618879830900035
0.9453863389696755,1.2144114500489729
0.8116200609389135,1.4299686183074627
0.8221719192319193,1.4272247749506384
0.8833501071096087,1.298275215518937
0.9318773166834388,1.2221984185751644
0.8787620819567586,1.3112007372959529
0.849788533325124,1.3529058291414409
0.9606584793892966,1.1929278151541793
0.8967174050884278,1.268599732315537
0.9000506329731754,1.2758894562554761
0.8786909848361552,1.3008811681733683
0.8394902578426129,1.3708108798663692
0.9009961012006985,1.2757108129481523
0.9048143860342278,1.2796187918371404
0.8747404891485355,1.3281900789970749
0.8710425087421084,1.3140638212974436
0.8625943534533272,1.3236849559121169
0.8467185526672362,1.3718583239788371
0.8530225881537636,1.352664543460511
0.8664094561783614,1.3262107903941573
0.8619134622492427,1.3222122486722068
0.844278457533108,1.3755564187387073
0.9080852493686331,1.2799928176539177
0.8979127163987296,1.270170790077268
0.8424329879329385,1.3828806313375401
0.8905790462632156,1.3025173970113446
0.8780975093564464,1.3256490444614426
0.8661953661296286,1.340466817342077
0.8163146776904048,1.3982405384239334
0.9248451025760777,1.2324571536448383
0.8627320827571193,1.3468351265154965
0.805682369966324,1.4250623353775684
0.8782965623102827,1.2907409294959904
0.8935685535512773,1.2775531769615407
0.8832589164989132,1.3052446544597287
0.9057429744460674,1.2734832871806412
0.8686442885662911,1.3318164037361797
0.8831151398385121,1.3011802459256587
0.8972288859770698,1.2848724676866619
0.8808669882774407,1.2970753116565708
0.9674978803929128,1.1781162753382257
0.8971582474961193,1.2843825252389571
0.8929265142793729,1.2897925377535129
0.8851736163554216,1.3010028707588923
0.874282217955887,1.3194996708586357
0.907879685153989,1.268357550404026
0.8396965859968533,1.3671017969297061
0.8786604677487724,1.2997778532557474
0.8761187482950671,1.3049292014464333
0.8979221118191335,1.2712544977751814
0.8693786014653837,1.3224020271540313
0.8577905821624697,1.3570317895577921
0.921043856983869,1.2460801839961864
0.8682433059147602,1.3281276439190368
0.8980503547773385,1.2617667721872223
0.9357184214415457,1.2342259225812864
0.9310509256331412,1.2206056010500856
0.8961795356293637,1.28615895856533
0.9387281235557349,1.2017802916333067
0.847575001198966,1.3636102281592293
0.9140116030305235,1.2448089065734973
0.9182906315094591,1.2385545925871047
0.8893409865009684,1.3014086079870486
0.8789404778508234,1.3100058697184083
0.9072316675816222,1.2784492227912718
0.8704208283764309,1.3253198766441463
0.8143434714352381,1.4001950147173063
0.9104832260925694,1.2634080128956737
0.9616588577774419,1.1882150847002269
0.8782965623102827,1.2907409294959904
0.8572859091417351,1.352815608082115
0.8459020703976511,1.3705018708721943
0.831638692372486,1.3915040295173737
0.8459645352835947,1.3531381483345208
0.9152256140403184,1.2567855980848417
0.8390489653521975,1.3649671681468263
0.8368869818229326,1.4028537174031412
0.9027722038878077,1.282573228054362
0.8557624405486118,1.3207776158866917
0.8578007239212911,1.3398865630864876
0.8749204511707496,1.2974348856525764
0.8657150072250129,1.323648514872217
0.8833473794657258,1.3048222816914217
0.8859261921682966,1.293824244490421
0.8302368242398749,1.4051369325819194
0.8506349319506877,1.3656652375336764
0.8993066632000474,1.2740551161485998
0.9450484903992088,1.2256037107595636
0.8919623351889361,1.2937247611895333
0.8612860833310708,1.329469597631661
0.8411124232889422,1.3733096971767653
0.8739010549188003,1.3150927083654178
0.8301028477585431,1.3901322118571358
0.9546197121061026,1.2113175763343724
0.9135409443490529,1.2570501206750302
0.8694807455597517,1.3395289759094704
0.9020575029660476,1.283342682674784
0.8515631145232045,1.3575428198320918
0.8662712731274856,1.3338516844749642
0.839180304419404,1.3812702135132118
0.8504015461761062,1.3360275607613583
0.8241600749010037,1.388263521032205
0.906412820504657,1.2688242420501126
0.8666997508291829,1.3195592616210672
0.9016613188586623,1.28529576073856
0.8896027567385392,1.2797726151905777
0.9039376268595699,1.2742350005217915
0.8914505215080732,1.29786300510282
0.8713377070815129,1.3185122235125368
0.875615744992156,1.3128716853827866
0.8334986303952994,1.3685549741364027
0.9206378941722952,1.2394496364865057
0.8530225881537636,1.352664543460511
0.9051526663521923,1.2781874959797417
0.8636718867513421,1.3303449239451817
0.902674569194941,1.2607678919528453
0.8915971036437884,1.2950012041582504
0.8779647269650366,1.318500063227423
0.8509028065499927,1.342162169779903
0.8962074540727116,1.2850788003793037
0.8425627758401573,1.354571124989087
0.8550589814636732,1.3496386464703056
0.8855246188516092,1.3060195175015596
0.8846118855314452,1.294817486275548
0.95662926405206,1.2049379758648928
0.8746063758398801,1.3110082341365905
0.8666997508291829,1.3195592616210672
0.8256467831516953,1.3933678323038565
0.9185554544030025,1.256980721621404
0.9099727447249879,1.2595785530842531
0.8614074013644817,1.3381481026357067
0.8342271296848514,1.372522756411204
0.900354394637922,1.2682010595423379
0.8200972679187768,1.4052318286050907
0.9998138571104771,1.1529201692593538
0.8392440453559563,1.368798688815031
0.8504185784167009,1.3486216433309015
0.9391444189323279,1.2315613626917186
0.8450874350013872,1.3430952660258189
0.8904495329737313,1.3021177294260178
0.8584767768494377,1.33898957428953
0.8869989686813833,1.2933274970043434
0.8573801877198887,1.3476687870594377
0.9489509436346092,1.2220095313006738
0.8866502316576632,1.2990168649480012
0.8262379794612892,1.4089106630021195
0.8330202429140763,1.4130032785089088
0.9168901842784611,1.2555004559703098
0.900552778530176,1.2686648646751986
0.9152560665840925,1.2423997254982992
0.8201316194248547,1.4058159359063616
0.9225204749853385,1.2421850301743917
0.9625201007796194,1.2032826819968356
0.8818237528395483,1.3228490782746318
0.9469297804144463,1.21288845107102
0.8727138941943497,1.3430612196574923
0.820165045390461,1.387780540649736
0.8324714022999027,1.4084679421215593
0.9260879143738909,1.2586006710703537
0.883321046576875,1.3138646990665532
0.8689549753377511,1.3035144752622372
0.9016613188586623,1.28529576073856
0.9883702349342889,1.1412984124315504
0.8884687287017273,1.2857801878522945
0.8601732475104629,1.3334528932034477
0.9539846296954574,1.1936648347075978
0.9036848149763653,1.2503144676773796
0.9215065736861697,1.2450533289608463
0.9010035213660897,1.27081711908823
0.8659162051561571,1.3336855522200408
0.857253106514845,1.352291390151202
0.8585570295639352,1.3673095076532025
0.8509326790298986,1.33792253145196
0.9562050420681594,1.194110608454033
0.8146534689369995,1.417403692247595
0.9003114755165247,1.2571662033764106
0.872694057018519,1.3076112620704465
0.8866502316576632,1.2990168649480012
0.8223672356302335,1.3751162224402302
0.8816360244084678,1.306302607549591
0.8745072338448171,1.322720984072377
0.8625875744844876,1.3405206779623733
0.9321214634583996,1.2521196300413595
0.8290421766755205,1.4077776859416773
0.8817195390573439,1.2889339052104047
0.8453404872355001,1.3568978076027696
0.8550017003339786,1.3592592354359028
0.9237397106243878,1.235527791291055
0.8971582474961193,1.2843825252389571
0.9631013022036475,1.1905476015848078
0.9253699352200012,1.2610303576844024
0.8669690391509095,1.3345961443073915
0.8345076054276332,1.4001997539795956
0.8956456795386668,1.2566990488817835
0.8682886142224205,1.3193554851063052
0.8399001803353974,1.3830807367499676
0.8368987874153545,1.3701622618717755
0.9195850067751585,1.2461007114778404
0.8269013592053497,1.4055000632116192
0.8384311109018111,1.3743548821139482
0.8515555159183514,1.3684550185872708
0.9194288611101087,1.2548962674038115
0.87864874946921,1.295614243029916
0.8606486896541778,1.3298836749116116
0.8980087474693739,1.2880186720330593
0.9221310561791904,1.2466453724429065
0.8577390227641519,1.3370565323799064
0.8666997508291829,1.3195592616210672
0.8477623164336008,1.3454499396017334
0.8740044197409907,1.3068496631819744
0.8690422855412359,1.307395712617476
0.8822897042552261,1.2791202242597548
0.8036569547320334,1.4145201821768276
0.9328602257853993,1.2251804510548627
0.9217379130359862,1.2585086511496753
0.8963748908342413,1.2665015429904478
0.9104832260925694,1.2634080128956737
0.8328212586685783,1.3752901567395066
0.8499605191741039,1.3424407703691401
0.8946485311562069,1.2878409338429357
0.9311264542744595,1.2424875288206565
0.9152256140403184,1.2567855980848417
0.8346683195869171,1.3623583683978338
0.9069199876880928,1.2749270265530128
0.8808669882774407,1.2970753116565708
0.935128297538822,1.2239981656328265
0.8942890728777357,1.275558683105201
0.8452981657428692,1.3587355819137732
0.8767072937118905,1.2958939172351625
0.9359611428053637,1.2083010528441789
0.8452981657428692,1.3587355819137732
0.8182340902176646,1.4177008109697158
0.8406820589403644,1.364622467344431
0.8372261490691931,1.3808142495667335
0.8775929254794147,1.318154510748505
0.8560177665742635,1.3376646257302514
0.9001933272853321,1.274531269815874
0.8080866785070319,1.4327824405093066
0.9153500733866885,1.2243673676920972
0.8441428783113,1.3654382595196912
0.9002838245370982,1.284242490268354
0.9383714705110154,1.2156977715000847
0.9346506513952346,1.233808814653265
0.8773495035407081,1.3020993970319792
0.9368765107785841,1.207284071841186
0.8918449481381584,1.2997388098777274
0.8502748738502983,1.3655046925810572
0.8675509019131162,1.3272077992622113
0.8578007239212911,1.3398865630864876
0.8952257527763233,1.2995352488167295
0.8034624741650733,1.456047772863275
0.8712140539620592,1.3156980885133505
0.8812789317997618,1.3153533299683395
0.8342675651709032,1.3797984889496737
0.8120374717239403,1.4202538128643174
0.8312801202080223,1.391573783114425
0.8564066067556348,1.354556913484913
0.946820028573625,1.2009288950933439
0.9248904734782555,1.2570839948614159
0.853191356912016,1.3464247673628096
0.8710482499901686,1.3194354539639255
0.81815598946975,1.4092173732693014
0.8328109863421754,1.3776580832232528
0.8870726973351684,1.2787076418118073
0.8618226905858994,1.3299429877346376
0.8839426861640245,1.3045811072560272
0.8923442528474268,1.2847155048651056
0.9151186305211612,1.2428409533410611
0.9575727305633666,1.1861241564801304
0.9357901064725368,1.2199612292783681
0.941086260096469,1.2281708541703997
0.9002838245370982,1.284242490268354
0.8034624741650733,1.456047772863275
0.8437187498534596,1.3526651544136923
0.9079815136385002,1.2698772288774258
0.9180986669656711,1.2343202245956857
0.8909943736674976,1.283028810727249
0.9169087086191094,1.2619467365546913
0.8953343964473455,1.2781774211989645
0.8123125519341898,1.4216922017552402
0.8157855255493988,1.4176437971626612
0.9010035213660897,1.27081711908823
0.8672386372526959,1.3249486884613204
0.8338900663141475,1.368117429520171
0.9143217711338454,1.2577645510796944
0.8888701046300617,1.2923071260934087
0.8773585381081764,1.3112075118291309
0.7798193896213537,1.4730363369824087
0.8700362994843724,1.3315136093070286
0.8828665907835599,1.3231972094871052
0.9208674410551286,1.2278677704783736
0.8884021777417543,1.2831198733266977
0.9684524564576006,1.1826407896995828
0.8516348709354935,1.3506845955775832
0.9124119864470621,1.2725424343903924
0.8581486972105828,1.3296367236798114
0.8317053972862323,1.3897506397448218
0.8884458730546012,1.290277220123005
0.8033228351302333,1.4404340231988704
0.8302912219131391,1.3806612178858884
0.872465388138717,1.3083954820811277
0.8849393582689897,1.300873402554159
0.8687318515554637,1.31075551313715
0.8668965902042783,1.3226092573256165
0.8817767625524043,1.2985236814845897
0.8647695042216353,1.3278638091496977
0.8431004676628135,1.3713012297524771
0.9204182581165095,1.2362961711167857
0.9337091106005511,1.2199557685210232
0.8670815003067,1.3361738981449343
0.8682026433543407,1.3190010304161583
0.8666825173841944,1.3460249446210482
0.8713377070815129,1.3185122235125368
0.9228901585930153,1.244478768444701
0.8624462642945391,1.3327944922028612
0.8821860814757014,1.3055080728863082
0.9391444189323279,1.2315613626917186
0.9503365144192787,1.2215657554026191
0.895917887991161,1.2759167817654398
0.9012160161154527,1.2782429259057957
0.9099531567987023,1.257459914277758
0.8669690391509095,1.3345961443073915
0.8467094690817416,1.3517324414727259
0.9023202859483384,1.2609615117674802
0.9018259164624792,1.2811005612687243
0.9144811414940353,1.244003256782979
0.9060246692108939,1.244669107223012
0.9037437495880123,1.2875332554198848
0.9017913764296783,1.2707355040195798
0.9286342333398854,1.2259998532923764
0.874862205407021,1.3115657039099828
0.8838198128070861,1.3042926921384812
0.857253106514845,1.352291390151202
0.8651073916326381,1.335349774979481
0.8564106857005868,1.3641731543642228
0.8749116166883423,1.3044369952928478
0.9006854417596211,1.2709530078638476
0.8597939326961597,1.3314455653747401
0.796925519840667,1.4311285577555573
0.9130346962207476,1.2410396144515805
0.8067637880561062,1.4474955778566412
0.8907480043426971,1.285881434510721
0.8365022166046515,1.376436768177359
0.8587877927485835,1.3297937181663988
0.8223214820322342,1.4054855842154175
0.833172646142188,1.3872257698301904
0.8353377203968303,1.3821847747750335
0.903887478789643,1.2723569327494884
0.9103692699647994,1.246820206626296
0.8706743610390097,1.31475959991576
0.9194178224301477,1.2480321006148227
0.9526666912291861,1.2050862618287985
0.8815816450281804,1.303334429468269
0.9304913271223169,1.2310752772778215
0.8666403506449586,1.3185201399347517
0.8987836062510286,1.2798806266744394
0.9357901064725368,1.2199612292783681
0.9214108779150552,1.2437490427938669
0.8571978654749746,1.3564257588075226
0.8556621162102627,1.3382842076211074
0.956319036324573,1.2002336588265585
0.9063479187763143,1.2855005469482002
0.8613551597946398,1.352960286084764
0.8723178637479496,1.3121405957830374
0.9243640940067835,1.2420114790235681
0.9221973973225827,1.240482041084841
0.8899614982297833,1.3045713822495049
0.8745936122951519,1.3200145053753471
0.927756092900628,1.2444661432010626
0.8488112006408709,1.3476706821688809
0.8533751686261559,1.3601884947374332
0.8706488541100339,1.329941869664654
0.9277861023142466,1.2262214181558335
0.9405830752806431,1.2040372993040538
0.8652095105475794,1.3387314681796827
0.8067976241746949,1.426442548068486
0.932319784020813,1.2091753311927447
0.8862995582291561,1.3087720049254623
0.8572673351075398,1.3494126331898362
0.8134258249876476,1.4196359478077791
0.8761745341398928,1.300281538218229
0.8664746942923779,1.3292683274630563
0.814276096413316,1.4299603906898353
0.874185792841141,1.3039864097492255
0.8851736163554216,1.3010028707588923
0.8585061360730448,1.3201199886672665
0.8911585778969543,1.289817672284915
0.8773115374485726,1.3059248454923056
0.9143217711338454,1.2577645510796944
0.8660259629460556,1.3473688831437618
0.8085120290429839,1.449095394009803
0.9514929880767053,1.2015893212892952
0.841153904894147,1.3691310262430763
0.9248904734782555,1.2570839948614159
0.9018259164624792,1.2811005612687243
0.8864076473261115,1.3008466248714896
0.8014808762355369,1.4416183741341184
0.8701601414548434,1.3172523566684942
0.9000506329731754,1.2758894562554761
0.956656976446196,1.1996908465590124
0.8826617700616967,1.288156593108302
0.8910684836723777,1.2987554850043448
0.860494516553685,1.3341287288545687
0.8917586592928612,1.2895528621598398
0.8686784351954957,1.3407386142230264
0.9232562338167057,1.2458923221149232
0.8411124232889422,1.3733096971767653
0.8571828654353946,1.3533742270217446
0.8660819968241222,1.3428162175046652
0.8550696077077594,1.3513810799139123
0.8640909509864628,1.312905161039056
0.9066042588031029,1.273436033136528
0.9185323069667604,1.249718573491307
0.8789404778508234,1.3100058697184083
0.8108341179629344,1.4290764868043129
0.9128990243425235,1.276297388573877
0.9173552840779544,1.2432246702161702
0.9321214634583996,1.2521196300413595
0.8773115374485726,1.3059248454923056
0.8802363380453898,1.3254901192218758
0.9239111948551486,1.2526572220288341
0.9194288611101087,1.2548962674038115
0.8427432748969337,1.3528961791743879
0.895466650975677,1.2775382119426173
0.8864895182860715,1.3083727493131656
0.9151804438141438,1.2654424009206058
0.875167438287781,1.3012624094642051
0.78836650756654,1.4487083381635577
0.9036865106551221,1.2576123864222053
0.8078867818663205,1.435414858241881
0.9340140192906611,1.2240614358615685
0.818129417720861,1.4139226514459724
0.8999043395124816,1.2744771411479352
0.8919623351889361,1.2937247611895333
0.8671092688336645,1.339223235875289
0.8773115374485726,1.3059248454923056
0.8693786014653837,1.3224020271540313
0.891771399774296,1.3009946938815264
0.8961795356293637,1.28615895856533
0.875167438287781,1.3012624094642051
0.9116394722017409,1.242002406703143
0.870050242140677,1.3167052415415008
0.9002838245370982,1.284242490268354
0.8622745253503079,1.3351333789984898
0.8977230227725378,1.297188056547936
0.9130324758620635,1.2615101567357523
0.878906479104719,1.2971274177429877
0.8624995988194346,1.3541638545733667
0.8791688913563703,1.3040868971438249
0.8663689629352114,1.3325239842100782
0.860494516553685,1.3341287288545687
0.9169237529814682,1.256271746312125
0.8522561223264294,1.359760302127018
0.8375090387918844,1.3878788237853326
0.9017913764296783,1.2707355040195798
0.9173643491312746,1.2528477583049455
0.9631399771887339,1.1818715846802568
0.9098751843348788,1.2590143863597274
0.8193829484538351,1.4078700876115773
0.8331668121000223,1.3831055068164713
0.8431004676628135,1.3713012297524771
0.9058578844222176,1.2713617732166744
0.9357184214415457,1.2342259225812864
0.8757278202209797,1.3097163447796532
0.9221310561791904,1.2466453724429065
0.8838198128070861,1.3042926921384812
0.8458694849077933,1.3495988314159018
0.8941120631546375,1.2676475856718064
0.8706723423770756,1.323149974906647
0.9084664507602919,1.2669085459954477
0.8566654274897755,1.3532700724638522
0.8028989134807957,1.408798789491456
0.8880896124801019,1.290521902261062
0.8853138139618176,1.3012484643051174
0.8863647596695422,1.294332372424865
0.8086632299356653,1.419792286751683
0.8242490934357006,1.3998393341522288
0.8845266437075036,1.3068018079980595
0.8342271296848514,1.372522756411204
0.9048143860342278,1.2796187918371404
0.8690114317575562,1.3284685653208244
0.8539477098751235,1.3567804310414493
0.8034624741650733,1.456047772863275
0.8987836062510286,1.2798806266744394
0.8982928725062144,1.277156761770558
0.9089204194112748,1.2627177584734701
0.83633759294673,1.3624431237719485
0.9218208112802284,1.255946177672937
0.8810571574727132,1.3184168976953765
0.8675509019131162,1.3272077992622113
0.9815202520291635,1.1618144870976432
0.9099753901539408,1.2653835626086694
0.8516231532811278,1.3617207156719144
0.8770789283684325,1.330431088523313
0.941086260096469,1.2281708541703997
0.8605265203647285,1.343369341389444
0.875783805263031,1.3185161182333676
0.8370897214190753,1.3849043408128034
0.8726106898035297,1.3181294145427371
0.8397915867421467,1.3859737049479406
0.8619134622492427,1.3222122486722068
0.9080758931258932,1.2706793425463858
0.9164287856641533,1.2583602328208714
0.9192732349341886,1.2574889960918119
0.9237397106243878,1.235527791291055
0.8831151398385121,1.3011802459256587
0.8792818076496065,1.2961266116616894
0.8490668001323294,1.3654021121746684
0.9190165968587809,1.2468863650523412
0.8407025513462801,1.3723103018542517
0.8530225881537636,1.352664543460511
0.9512274739570313,1.210331663880367
0.8650005719059669,1.3236722187264962
0.8882717527151155,1.2815934593996732
0.8880420381350868,1.3020229902997467
0.8583174700579573,1.35738193417088
0.8349682715603035,1.3827892225613434
0.8977230227725378,1.297188056547936
0.8758400370810946,1.3117492209845667
0.8169501098753001,1.4211279604445746
0.9111002281289687,1.2695901480632727
0.896944110621915,1.2697838400781054
0.8504185784167009,1.3486216433309015
0.8547082367026051,1.3574761843534704
0.8863681136735855,1.2757735648465518
0.9067244374810896,1.260959384781873
0.8795612921778576,1.3163900131138404
0.9254435529126293,1.2444286544662218
0.8464701649884588,1.3535339369064272
0.8972094516660759,1.2735713750188515
0.8856677793093634,1.314436163652186
0.8282052667945066,1.3827683455373672
0.8962050471604064,1.2789824741491804
0.8941529000183726,1.3015507544561868
0.8651457837607116,1.3363656395417551
0.8672649827522638,1.327856777118381
0.9458705132066493,1.2036820988335406
0.8687363652794353,1.2979595946144573
0.8893409865009684,1.3014086079870486
0.841153904894147,1.3691310262430763
0.866982153594245,1.3230977653900597
0.8933690899935925,1.273483023284858
0.8704208283764309,1.3253198766441463
0.8372530711516013,1.3653313908669102
0.9399144469521927,1.2124581403617976
0.9128990243425235,1.276297388573877
0.8281912202238079,1.3996486136236272
0.8613006372673381,1.3436869053223262
0.8519127713359257,1.3485840181474413
0.8808669882774407,1.2970753116565708
0.8463235085405847,1.355082635227611
0.8415000381035621,1.3876098900967404
0.8342555316238135,1.3945888378944882
0.8788438044989263,1.3094530184934552
0.8596478503102233,1.3540834338363807
0.8971213237442701,1.2967560218835346
0.8951539652993473,1.2697715282709168
0.9311352829956534,1.2361200821484408
0.898305992720434,1.3011188127987232
0.9401317976564562,1.2132566749820797
0.7841869248311906,1.4737895147961573
0.8858316927758481,1.2904032335705693
0.9237397106243878,1.235527791291055
0.9014272774690271,1.2746554975994921
0.8371323038649451,1.37452596279771
0.8781104442592276,1.3183484285231517
0.9895974350727212,1.1448726629128902
0.8738690184522988,1.314385594158355
0.9099147065149645,1.2500128678156688
0.9006038819822765,1.2822481326014024
0.8888566113038795,1.3067736595665942
0.8517279537085083,1.3255744020914284
0.8909132713809338,1.2747729125296812
0.8852661663109279,1.3100535744380648
0.8853416583240138,1.288978295093303
0.8839603806351509,1.2934153389213645
0.8590744813344883,1.3402336867750422
0.8254745775679366,1.4041543176085292
0.8742342098360226,1.3143362526511055
0.8337762620851176,1.3754167104575417
0.8042399178281944,1.4281318872048359
0.8452981657428692,1.3587355819137732
0.8545053360694368,1.3516009217942482
0.8891704480741349,1.2995508872466708
0.8671170094344444,1.3261990249527027
0.9147572662423826,1.2631725486302547
0.8819313497112984,1.3048848543670863
0.824435260720357,1.4235312076142914
0.8833501071096087,1.298275215518937
0.9237936661075302,1.2372311721117928
0.8651102338254468,1.3020758432562627
0.8711482578134406,1.3231521385625595
0.9154018852937289,1.254566528909497
0.855065970525341,1.3529240928282897
0.9000506329731754,1.2758894562554761
0.8489905181529953,1.3366849390961528
0.8312801202080223,1.391573783114425
0.9194637964938427,1.2669217479372104
0.9129148172266899,1.2548979689310344
0.8813804525445132,1.2884995930007117
0.8839524640111003,1.3052929676407283
0.8543227049665378,1.3390965781417616
0.963180641705906,1.1856217233756428
0.8621572483693919,1.3371218959740774
0.866943254118338,1.3229054506699824
0.930704434737245,1.2501103483265668
0.9124488925734742,1.2654580760212144
0.9190165968587809,1.2468863650523412
0.8896027567385392,1.2797726151905777
0.9528298997582794,1.1933660978273877
0.8277035038278795,1.41474808534275
0.8500704778224335,1.3870878304485115
0.8617564960501316,1.3440384842464477
0.8390489653521975,1.3649671681468263
0.8541688800182574,1.340200831895976
0.8696332281495862,1.342999326248759
0.918153043268947,1.2330769127557497
0.8740044197409907,1.3068496631819744
0.8189272006621059,1.4063090976505086
0.9114949532587348,1.2683042604740342
0.9293634333803631,1.2421107822905009
0.8440869942487217,1.3543870411449659
0.8133173919477339,1.420674553647599
0.8962050471604064,1.2789824741491804
0.8686292701403583,1.3242766844706377
0.8770789283684325,1.330431088523313
0.8817444135006631,1.2888055321384198
0.8485751085800994,1.3520290764349305
0.8782965623102827,1.2907409294959904
0.8261016095330718,1.3975002592013437
0.8210468389062292,1.3931923049642168
0.8500396338294466,1.343387817908521
0.8802005493295467,1.3196663553497414
0.8770621501408318,1.3079318747357513
0.8230409092793742,1.384784932172148
0.9057263109157132,1.2951879413029463
0.8837324449612698,1.3321480317753307
0.8696851532162146,1.3299909353872141
0.8951351365960395,1.278730516543386
0.9160688207794953,1.2438133917057457
0.8394777296716929,1.3904770252669618
0.875167438287781,1.3012624094642051
0.9552732426899683,1.2017913104716489
0.8480703511856531,1.3535405903934128
0.8674186315281974,1.3253090314522913
0.9108009940116529,1.2817103211680476
0.8880223422696532,1.3001844333704384
0.8822918960326241,1.3038975758406042
0.8324179172081341,1.3969082576847949
0.9099531567987023,1.257459914277758
0.8296007033927605,1.38537128197818
0.8919165651744382,1.2827562515440625
0.8844630867794767,1.2946502143436465
0.8920916949003564,1.2725751854546274
0.8841483825134508,1.3025916903566919
0.9070397278920154,1.2664473203378297
0.8675506068336089,1.3162951386447708
0.9124119864470621,1.2725424343903924
0.8570642963486881,1.3280325001648219
0.8215302387107446,1.4177862292222936
0.9292579325226358,1.2215200849072472
0.8919623351889361,1.2937247611895333
0.8601896601596537,1.3262747751624246
0.8233656141828826,1.40106233229604
0.9343103509608881,1.2245406183479441
0.9161175574639026,1.2573263907437837
0.9034317731852709,1.2614188415053156
0.8865401709997968,1.2823174757064162
0.8640909509864628,1.312905161039056
0.9089204194112748,1.2627177584734701
0.8841483825134508,1.3025916903566919
0.839180304419404,1.3812702135132118
0.9751994946336778,1.1759267727782483
0.8753143968523801,1.3160235225720194
0.8279188169350107,1.3971338622475475
0.8592150775751798,1.3286026456991027
0.8748454498810128,1.304211666616507
0.9474162543369897,1.1968098296638066
0.8541688800182574,1.340200831895976
0.8730624166427098,1.3197000737066242
0.8405104887737231,1.3667439377259563
0.8915971036437884,1.2950012041582504
0.8893186552940127,1.2989085977610175
0.8831610044491098,1.292830931510913
0.8725853401976456,1.303759018294613
0.8832589164989132,1.3052446544597287
0.9078483663626645,1.277321532931624
0.9419311656275541,1.2135597631925048
0.8970574672939529,1.2900450896239708
0.903667231691966,1.269782254735969
0.8358244363027817,1.3781525554792373
0.931413455291377,1.230416706361523
0.8671977155875951,1.3299141220788882
0.8773697734054067,1.3225151123515633
0.8749168798701845,1.3109603917042212
0.8870301776987042,1.2836305882665764
0.8744215143588242,1.3186130917007712
0.8515462191795644,1.3520956794196697
0.8911099992472781,1.286209089491701
0.8700362994843724,1.3315136093070286
0.8571897152105827,1.3571266574643834
0.8275573822199975,1.4130561243402369
0.9311352829956534,1.2361200821484408
0.8127775837707831,1.4161767190994707
0.870457574139589,1.321782163146393
0.9018259164624792,1.2811005612687243
0.8477763398218553,1.3567201197169476
0.87721503531406,1.3022416885153132
0.9360406190025451,1.229522868216936
0.8763631582769585,1.3102473530309435
0.8271249616155598,1.4030814267372047
0.854645495332172,1.3503647584208103
0.8977230227725378,1.297188056547936
0.892937277935876,1.2665346844013663
0.9099531567987023,1.257459914277758
0.8870726973351684,1.2787076418118073
0.8306737251404372,1.376460554476597
0.9309062695739244,1.232145001597285
0.9135019457875776,1.2491117856823726
0.8666997508291829,1.3195592616210672
0.8337762620851176,1.3754167104575417
0.9165179286578804,1.2743878567790525
0.9891185078120758,1.1587906939105044
0.8217527898075198,1.4001064996436576
0.8504185784167009,1.3486216433309015
0.8682117916329544,1.3197668439354986
0.9391444189323279,1.2315613626917186
0.8854981947335857,1.2941823301826443
0.8261016095330718,1.3975002592013437
0.8887142457072639,1.2862140611295425
0.9036848149763653,1.2503144676773796
0.8685856354718102,1.3283327031877326
0.8323592460686258,1.393627320854147
0.8735827966402375,1.320678015055328
0.8342271296848514,1.372522756411204
0.8476321944367469,1.3670059724390797
0.8849351436549302,1.2910478358995263
0.8108341179629344,1.4290764868043129
0.841153904894147,1.3691310262430763
0.8642601191440707,1.337472230949618
0.9160688207794953,1.2438133917057457
0.9328602257853993,1.2251804510548627
0.9108009940116529,1.2817103211680476
0.9062392078377991,1.2774507914948041
0.8954293766987269,1.291262057743586
0.8547791990996194,1.370395972343463
0.9023202859483384,1.2609615117674802
0.8309675275736376,1.3977524178899574
0.912506716215344,1.2562328067539388
0.8881244521808771,1.3001453112046675
0.8040993363669835,1.4129261856144038
0.8286660162388314,1.3773339738038692
0.8860268571359347,1.314323445411513
0.9143240713607994,1.2808013418268063
0.8649423232657034,1.3094108637399613
0.8419611928890799,1.3777505064555151
0.9134131864499552,1.2782350133801872
0.8652610537790619,1.3279685907486194
0.8282052667945066,1.3827683455373672
0.9288047201827891,1.2378775774412007
0.8998527124523066,1.2883832031068405
0.9007155190933985,1.266062807628627
0.9459525058576593,1.2044739376142297
0.8891423783421561,1.3046512543213904
0.8966354706647894,1.2897881370128066
0.8481508352372601,1.3579765831572652
0.9089373346276353,1.2684357733020635
0.8741381183271512,1.3255248409206626
0.8580573048495259,1.330325622986731
0.8769024688498355,1.298098813235605
0.9603280551970438,1.1830935466779122
0.8381629850629123,1.3568879127050204
0.8431004676628135,1.3713012297524771
0.9204900394437977,1.257931196606869
0.9209788872953741,1.2450319086490116
0.9026677954183557,1.2810859835086184
0.892544318968362,1.2750846865019796
0.8916660541534689,1.2983794973199851
0.8770208004592924,1.3059587428704498
0.8534454582706772,1.3371423331950787
0.8142815183364889,1.4273334300954126
0.9414358319013396,1.2072606007632072
0.8909943736674976,1.283028810727249
0.8513439063517647,1.3421232121903737
0.9165135768591439,1.25750812886675
0.9724624458958594,1.1792394841269467
0.905658690981484,1.260318129843289
0.8727663492329267,1.330325201973647
0.975160733704787,1.16875069628348
0.836008205912566,1.3828157508709986
0.8686784351954957,1.3407386142230264
0.8702194602296699,1.317076593657736
0.9034317731852709,1.2614188415053156
0.8740044197409907,1.3068496631819744
0.8746063758398801,1.3110082341365905
0.8085120290429839,1.449095394009803
0.9127018120921381,1.2590603940531901
0.8470315544699754,1.3607472889339294
0.8473775369030188,1.367103684809928
0.878007196042424,1.3015819350757827
0.9474162543369897,1.1968098296638066
0.8702915101313019,1.3202544538766177
0.9209104216453744,1.2492466276187961
0.8880420381350868,1.3020229902997467
0.8357963899588704,1.3875672177132439
0.9000506329731754,1.2758894562554761
0.8502373058633339,1.3792049595204317
0.9061853754551925,1.2689293359216132
0.8817195390573439,1.2889339052104047
0.8594233118271782,1.3166378430843306
0.8891423783421561,1.3046512543213904
0.876376198055302,1.3107725689892082
0.8639581549684245,1.3468134748779759
0.8560177665742635,1.3376646257302514
0.831684985312703,1.3809252705984028
0.8686784351954957,1.3407386142230264
0.8525845008079791,1.3608939133617721
0.9117400853160832,1.2671845448566768
0.8708651041491255,1.3285135083816175
0.8820546043114129,1.3169962324388793
0.8941806951114292,1.282056782747127
0.9031067873310153,1.2593200333453864
0.8625875744844876,1.3405206779623733
0.8952812994331104,1.2707909250615044
0.864655255470362,1.3371916664446226
0.8794817405381402,1.3040067770996053
0.9221310561791904,1.2466453724429065
0.9302779636196784,1.2374398456027411
0.905658690981484,1.260318129843289
0.8005942291913579,1.4507528655437585
0.8552863915362957,1.3589925727906162
0.8787470163750514,1.3295184054584406
0.8541322430550612,1.3386764765554864
0.7953998579767924,1.4324842556645447
0.8231873614936748,1.3917574133167159
0.9169072949309198,1.2270445100900458
0.9247105138200059,1.2265113784401835
0.851587983127419,1.3425306479944845
0.8987836062510286,1.2798806266744394
0.9023083774918625,1.284292096405094
0.8275364629711491,1.3983134088737503
0.8614074013644817,1.3381481026357067
0.8783384649109952,1.3192751921195962
0.9225204749853385,1.2421850301743917
0.9711307326338884,1.1873900505426318
0.8928663574342421,1.2807608792269372
0.9053655524070459,1.2459548435676204
0.8259789962112078,1.3901204035554175
0.9346506513952346,1.233808814653265
0.875783805263031,1.3185161182333676
0.8648563293168101,1.3219103434360633
0.8571897152105827,1.3571266574643834
0.8559134681978949,1.3580600653899857
0.8199838161340245,1.4098965996979116
0.8662331528082893,1.3360724733328533
0.8725898895237411,1.307991994950648
0.9051216745610309,1.256584559164442
0.9014433213647248,1.2878939506284781
0.854645495332172,1.3503647584208103
0.8584767768494377,1.33898957428953
0.8530225881537636,1.352664543460511
0.9051216745610309,1.256584559164442
0.874576670245611,1.3318949133759508
0.8652883200997618,1.3572468638963913
0.8559523665291199,1.3425946089106675
0.8690422855412359,1.307395712617476
0.9099531567987023,1.257459914277758
0.8571897152105827,1.3571266574643834
0.8311683338498796,1.3929791788086696
0.8868678012462616,1.3037667440379335
0.8185223282415091,1.3939462458813134
0.8688686066491653,1.339110900783361
0.8404465064467451,1.3686950795905302
0.8710542264736603,1.3214239982015303
0.889120982097723,1.289380995937238
0.8472438121303542,1.3528363424706946
0.8986356359086929,1.288635122057384
0.8707735067933912,1.3119913895396413
0.911360441295513,1.2756967196385056
0.8569930293282269,1.3216628660498317
0.9089373346276353,1.2684357733020635
0.8650682143819621,1.317964634240671
0.8510480584994592,1.3568178878525414
0.9128164706215628,1.2540582812501269
0.840316829080736,1.3690945008318596
0.9550413279788602,1.211807838290722
0.872146210960058,1.3044583531115903
0.8293738060651248,1.375286724275866
0.8319237574008297,1.3882867781999753
0.9017008939146877,1.2694675128446113
0.9464936586759244,1.1940797239655232
0.8971582474961193,1.2843825252389571
0.8353839580574973,1.3647169969956943
0.8568758822744392,1.308794764484656
0.8405104887737231,1.3667439377259563
0.8914505215080732,1.29786300510282
0.8772062094948341,1.3083358944933714
0.8961795356293637,1.28615895856533
0.9136397665226158,1.2496711504161675
0.8898961211356079,1.2967185103699048
0.8572859091417351,1.352815608082115
0.8854774118544774,1.2924555913242903
0.8909943736674976,1.283028810727249
0.850021864211348,1.3385084924070183
0.8525845008079791,1.3608939133617721
0.8437187498534596,1.3526651544136923
0.8775087325918357,1.318354803182259
0.9195850067751585,1.2461007114778404
0.8672649827522638,1.327856777118381
0.8109624598626247,1.4331618199869038
0.8774602795261381,1.3282406749195526
0.8822918960326241,1.3038975758406042
0.9006038819822765,1.2822481326014024
0.8515631145232045,1.3575428198320918
0.8614074013644817,1.3381481026357067
0.8663499291201382,1.325709953889724
0.8589509373179933,1.3389494333123912
0.9361901593018911,1.2253442774638275
0.8540718225301122,1.3412332067325003
0.8840507663493502,1.2888485269615926
0.852251925186151,1.352571155961281
0.8993432969550955,1.2747775371152004
0.9237397106243878,1.235527791291055
0.8956456795386668,1.2566990488817835
0.8839426861640245,1.3045811072560272
0.941391651695729,1.2123210197099061
0.8854981638341216,1.3099010090769154
0.7948426465892605,1.4491370268223722
0.8859953110855673,1.300360619492567
0.8707735067933912,1.3119913895396413
0.951421193826081,1.2021925049230449
0.8601732475104629,1.3334528932034477
0.8985609617404278,1.2723051373177074
0.8623228439562284,1.3394110460562614
0.8700362994843724,1.3315136093070286
0.9179401072944191,1.2387602413644752
0.8691994072161695,1.3278250227282815
0.8822897042552261,1.2791202242597548
0.9547920741098985,1.2017522789179336
0.8428435227672197,1.3733496200078124
0.8959562593702269,1.2896340696896558
0.8247143208058251,1.3873299109406498
0.8617564960501316,1.3440384842464477
0.9407202270103596,1.216613864568783
0.9147559730386176,1.2764576368940483
0.8651352498361617,1.3291045943631552
0.8960026937825989,1.2589210052235755
0.9043577474137675,1.2598951305058148
0.8134170175627677,1.4089129552360715
0.9128164706215628,1.2540582812501269
0.8842988600854025,1.3004804777076098
0.889120982097723,1.289380995937238
0.9271250293111871,1.2182491421300685
0.8924849335481876,1.2912398406312662
0.8951374409973397,1.2772529149813405
0.8711482578134406,1.3231521385625595
0.8835379848039822,1.306484740888705
0.852252149814982,1.3646355006160227
0.87785543816288,1.3114093971014826
0.8857762677410567,1.3087284518873925
0.8811245919785328,1.2936396825963987
0.9360412226912208,1.2083991064590687
0.8993509382832153,1.2794516668783196
0.9072316675816222,1.2784492227912718
0.8970057110435155,1.2816114741465396
0.878906479104719,1.2971274177429877
0.8713362353039591,1.3007523070368354
0.9138594435670018,1.249849199543444
0.9358750004135556,1.2329115152839079
0.9035274043025213,1.2743896072936314
0.891110472857832,1.2635296341755033
0.868166946775554,1.3206173987558112
0.9584166017051273,1.191879000529526
0.8417747781216669,1.3683770530054282
0.9014552073511641,1.2726626759647994
0.8985609617404278,1.2723051373177074
0.8899103252172379,1.3038878690616678
0.9089373346276353,1.2684357733020635
0.8648563293168101,1.3219103434360633
0.8500396338294466,1.343387817908521
0.8951714945228559,1.266113018871858
0.8831610044491098,1.292830931510913
0.8237736197607362,1.4010539303794667
0.8961795356293637,1.28615895856533
0.9124119864470621,1.2725424343903924
0.8359109250957066,1.37818632570007
0.8832660054300739,1.2948386860292656
0.876376198055302,1.3107725689892082
0.8924152588225941,1.2837104683044303
0.9195850067751585,1.2461007114778404
0.8666825173841944,1.3460249446210482
0.8911099992472781,1.286209089491701
0.9157065049499425,1.2654381614656751
0.8651457837607116,1.3363656395417551
0.902166932557472,1.267744873159066
0.9138594435670018,1.249849199543444
0.8515464701782012,1.3473352862232955
0.8530536232358903,1.3395541606691221
0.8676609117143987,1.3283240988209286
0.8517791203392246,1.3568247905138284
0.8796731240732965,1.3157092415388196
0.9394741433034137,1.2337704935334333
0.8791688913563703,1.3040868971438249
0.8833501071096087,1.298275215518937
0.9179894288442103,1.2534895477666117
0.8247143208058251,1.3873299109406498
0.86040230649347,1.3268399299474878
0.8856709940245715,1.3184605303216381
0.88603332264516,1.2932819469403773
0.8256467831516953,1.3933678323038565
0.8632346384045229,1.3305237239147816
0.9194436555840715,1.2594259853803027
0.9234790173061613,1.2359936358746386
0.9343103509608881,1.2245406183479441
0.8598835265216054,1.337970413624554
0.8925635301440559,1.2691443889069982
0.9453863389696755,1.2144114500489729
0.8911585778969543,1.289817672284915
0.927756092900628,1.2444661432010626
0.8770222647369939,1.3090653670567445
0.8452981657428692,1.3587355819137732
0.9051216745610309,1.256584559164442
0.8875772135130803,1.2764644421605886
0.8779647269650366,1.318500063227423
0.8543737483263696,1.343587508166603
0.8807097903845592,1.317221848496818
0.8798969239543784,1.3357976775357683
0.8824596603617327,1.3071544075383112
0.9124119864470621,1.2725424343903924
0.9225204749853385,1.2421850301743917
0.891110472857832,1.2635296341755033
0.8743881840116263,1.3157614649186318
0.8688715669035774,1.3296791309845788
0.9081076846161276,1.2707153414458323
0.8864076473261115,1.3008466248714896
0.915149356127442,1.2501351090653219
0.8795600869874726,1.2996583644049737
0.9101453763935856,1.2603273858360413
0.8710425087421084,1.3140638212974436
0.8439186696825766,1.3655262170303308
0.8799717301249733,1.2984492917184929
0.8665344547997053,1.329633839745735
0.8854655015014937,1.2924929444480784
0.8745936122951519,1.3200145053753471
0.9026677954183557,1.2810859835086184
0.8907961186500899,1.2780083188951343
0.8445351464676991,1.3638106658214149
0.9014632330713631,1.2567242142889383
0.8894722305982412,1.2920713503595898
0.8944333480478109,1.2945051824013538
0.8889099748295206,1.2911299850708735
0.8854981947335857,1.2941823301826443
0.8414457965663031,1.3679161609825101
0.8833322745239274,1.319183181430483
0.8827183212095961,1.292391350761904
0.8839603806351509,1.2934153389213645
0.8821439249593667,1.298846577391772
0.9565810613492473,1.1998261661995597
0.8999351656968267,1.288210419168138
0.8739531891466731,1.2860697977210134
0.8404143749205395,1.3705581841837466
0.8636718867513421,1.3303449239451817
0.8568978811223397,1.337167918930962
0.8899614982297833,1.3045713822495049
0.8355041157809128,1.3729187467892738
0.8948539717607519,1.2835341718282192
0.8432208839508583,1.3632265459233261
0.8543033460197813,1.3457577395421685
0.9003030462165855,1.2779820488325795
0.8557815088112798,1.3442018579030772
0.8920676241073094,1.2940275682783127
0.9074717928478327,1.2681190742549315
0.8810795560440203,1.3167362855167335
0.8761187482950671,1.3049292014464333
0.9378826642883994,1.2300144072431367
0.8809787559731176,1.2942127885891272
0.900354394637922,1.2682010595423379
0.8690692771764947,1.3136667430723918
0.8635976537658768,1.3266187511774619
0.8311683338498796,1.3929791788086696
0.8539477098751235,1.3567804310414493
0.7826697451460185,1.4917455752098894
0.9072701459273802,1.273560516264941
0.9099148137423327,1.2512876105297932
0.9243640940067835,1.2420114790235681
0.8597637657065725,1.3605633557100545
0.8880420381350868,1.3020229902997467
0.8929850119984348,1.2836760536433618
0.874576670245611,1.3318949133759508
0.8696462513366894,1.3376848604691927
0.9359611428053637,1.2083010528441789
0.8791688913563703,1.3040868971438249
0.9189387676391778,1.255401822816109
0.8864076473261115,1.3008466248714896
0.930690250926744,1.2251367139281273
0.8972288859770698,1.2848724676866619
0.8542050392052241,1.3442951695270837
0.9034391536287739,1.2845779090297333
0.845989751229659,1.3546571198993882
0.8643689220083324,1.3320695981311437
0.8592207004891913,1.3456025605749307
0.8820546043114129,1.3169962324388793
0.872465388138717,1.3083954820811277
0.8820444703248235,1.3232880877725182
0.900755883254838,1.2862726541429426
0.8268539677516848,1.3704042413059219
0.9450465494334286,1.207358737729195
0.8053474999064186,1.4366076563399632
0.941783885068801,1.2132856427179195
0.9164254559039959,1.2544510616838365
0.9112014992801354,1.274038666515474
0.8342675651709032,1.3797984889496737
0.8648563293168101,1.3219103434360633
0.8376683822423252,1.3717647430791873
0.9121940692958778,1.255977359066459
0.8585061360730448,1.3201199886672665
0.8810795560440203,1.3167362855167335
0.8675506068336089,1.3162951386447708
0.9114701747368101,1.2367103650134839
0.8982928725062144,1.277156761770558
0.8354814092560265,1.3688940367124134
0.8647096445650968,1.3363925882087804
0.8192856406526139,1.4227194345989005
0.8802005493295467,1.3196663553497414
0.909226142885381,1.2592746428181871
0.8645787360462232,1.32891561873183
0.9603280551970438,1.1830935466779122
0.8569456212213645,1.3266724907378666
0.8548885144180831,1.3313801884570724
0.8302368242398749,1.4051369325819194
0.8832589164989132,1.3052446544597287
0.9023904365375879,1.266332326765229
0.9286342333398854,1.2259998532923764
0.8664094561783614,1.3262107903941573
0.8893186552940127,1.2989085977610175
0.8747404891485355,1.3281900789970749
0.8559766303654448,1.3303202072874882
0.8658436266579692,1.3424924294616694
0.8856709940245715,1.3184605303216381
0.9089373346276353,1.2684357733020635
0.8711482578134406,1.3231521385625595
0.8634589804165183,1.3389952805546412
0.8804208708469737,1.2969887951949457
0.9116889949523198,1.2785184921932387
0.9017604036158363,1.2744064776971782
0.8614940675648532,1.3261708888909876
0.8911585778969543,1.289817672284915
0.9030750593464009,1.259886709945842
0.9203415163649143,1.2508976878742253
0.8822689565658357,1.302800694047771
0.8686292701403583,1.3242766844706377
0.8378342726386225,1.3861504983016582
0.8700362994843724,1.3315136093070286
0.9143217711338454,1.2577645510796944
0.8783384649109952,1.3192751921195962
0.8268789640501554,1.4126217898638105
0.8332332166798029,1.3785168930435745
0.9220971517868157,1.220964868554358
0.846251380896536,1.3660350073385255
0.8854774118544774,1.2924555913242903
0.9539846296954574,1.1936648347075978
0.8611254796598088,1.3392873713889735
0.820165045390461,1.387780540649736
0.8134170175627677,1.4089129552360715
0.8189272006621059,1.4063090976505086
0.8579839965308125,1.3524843139962464
0.8609506338849423,1.3314761809986637
0.8545465796862751,1.3599127430745512
0.8929850119984348,1.2836760536433618
0.9084664507602919,1.2669085459954477
0.9135019457875776,1.2491117856823726
0.8487078570911682,1.347553771290786
0.8684098633127985,1.3430651169165482
0.8005942291913579,1.4507528655437585
0.8665344547997053,1.329633839745735
0.8417112694857368,1.3842236315857959
0.8826617700616967,1.288156593108302
0.8489451912436734,1.3610713344101337
0.9787911222064626,1.1754152718542537
0.8872359814552859,1.2934021610712403
0.8867642516992901,1.3013860992215525
0.868166946775554,1.3206173987558112
0.848533079110653,1.3440605726650925
0.9108089182086645,1.2528141087156974
0.8860526094455187,1.2988266054179247
0.8613006372673381,1.3436869053223262
0.9200019530776862,1.2413925205313265
0.9343103509608881,1.2245406183479441
0.8979142218711227,1.2818601461092303
0.8525845008079791,1.3608939133617721
0.9474916262876784,1.2205434515437927
0.9310365813470887,1.2390951606406941
0.8746063758398801,1.3110082341365905
0.8345076054276332,1.4001997539795956
0.8609506338849423,1.3314761809986637
0.8677011558368831,1.3224555699001246
0.897801773631813,1.2681622297947104
0.9023202859483384,1.2609615117674802
0.9032354589968702,1.2699562322012372
0.8573801877198887,1.3476687870594377
0.9415791873979071,1.2165666605062557
0.8731071357836926,1.2959885303195955
0.9000240176056167,1.273764599270563
0.8942256319173674,1.288739568670448
0.8970824240401438,1.2760956130638972
0.8648563293168101,1.3219103434360633
0.8538625560278866,1.3336564578499894
0.8376683822423252,1.3717647430791873
0.8014808762355369,1.4416183741341184
0.8958126493640349,1.2735476599925477
0.8770874104222448,1.294287804902729
0.8591439570478157,1.3329375993717059
0.8762515671835105,1.3040819306832334
0.8776253329220151,1.2998597225600779
0.9072701459273802,1.273560516264941
0.935309381316769,1.2212217976487154
0.8430060256093632,1.359537968072487
0.8330072228328412,1.3932352166354587
0.8917586592928612,1.2895528621598398
0.9020790605257528,1.2781405446715546
0.8612461324192695,1.3308204938949921
0.8412042377361849,1.3794568099807143
0.8897627934032598,1.2922168087879873
0.7798193896213537,1.4730363369824087
0.9341278400044282,1.2367527128525013
0.8550741918698435,1.3303246556307786
0.941826001194737,1.2181856910343234
0.9183583247161359,1.2505957959049294
0.8446581511443414,1.3496219638974916
0.9094954841051663,1.2650883971116766
0.8904344336058908,1.2921122154386115
0.8773115374485726,1.3059248454923056
0.9464936586759244,1.1940797239655232
0.9160376512322402,1.2597873524374605
0.8199074138047939,1.415534190835913
0.919074629165067,1.2528494224779814
0.8644653665437861,1.3454736094494726
0.8591439570478157,1.3329375993717059
0.8909943736674976,1.283028810727249
0.8597939326961597,1.3314455653747401
0.9072316675816222,1.2784492227912718
0.8997179636450999,1.279557390553427
0.8746927489900475,1.3123301845426782
0.8232764579856392,1.3989299283245156
0.884923569244008,1.2875373673213228
0.8542796317925913,1.3497873172272083
0.8123125519341898,1.4216922017552402
0.9012160161154527,1.2782429259057957
0.8446477556113143,1.369861690414893
0.8572859091417351,1.352815608082115
0.8820081351239696,1.2937829813460693
0.886941377946386,1.3029242130466587
0.9074825344513823,1.266604985692582
0.9395072725509549,1.2371729154295446
0.9124488925734742,1.2654580760212144
0.8770222647369939,1.3090653670567445
0.8675020626510389,1.3301614723175998
0.8562151278522644,1.3306393841529227
0.8560177665742635,1.3376646257302514
0.8962050471604064,1.2789824741491804
0.9817072743285655,1.1440897423789516
0.8518057890012698,1.351506296652258
0.8525397457672014,1.3524841245533488
0.8427432748969337,1.3528961791743879
0.783687586238852,1.440210813474565
0.8553093864293136,1.3461575846410176
0.8954731468245339,1.2944881202857534
0.8920274628237195,1.276109896221603
0.8779928486044557,1.3122405337967267
0.886015328235438,1.299247074529322
0.8669676255044358,1.3124901813255296
0.8612349695683796,1.3398098393959508
0.975160733704787,1.16875069628348
0.8441428783113,1.3654382595196912
0.8665344547997053,1.329633839745735
0.9317449300853746,1.2358754925990023
0.870173445096404,1.3466459255944887
0.8473775369030188,1.367103684809928
0.9336269063891435,1.2442710133857966
0.8247143208058251,1.3873299109406498
0.8539627520536744,1.3475613388910652
0.9250068363582838,1.2491507492422127
0.9128164706215628,1.2540582812501269
0.9010581763094986,1.2950559187789483
0.8776044650638916,1.3002012283939977
0.8578007239212911,1.3398865630864876
0.9359611428053637,1.2083010528441789
0.8907303831859581,1.2656511316535408
0.888090811430748,1.2912138760087908
0.857139309526069,1.3408473694767982
0.8261328892251742,1.4034856892857828
0.8829407930014926,1.3095128513899281
0.9027863358567587,1.2583641491038657
0.9072689245779113,1.2842751445133957
0.9394938102888416,1.2146916868648172
0.8346683195869171,1.3623583683978338
0.8826617700616967,1.288156593108302
0.875167438287781,1.3012624094642051
0.8985038297315676,1.2943779222601974
0.853727452266824,1.3434577972351194
0.8352422870606254,1.3689987884896804
0.9060189349578851,1.2609003086777244
0.8973474955767707,1.2986738172186427
0.8475492255523019,1.3583362049476233
0.8636556571212608,1.3406708263750489
0.8296007033927605,1.38537128197818
0.9071222858042798,1.2596050090304578
0.8472438121303542,1.3528363424706946
0.8123125519341898,1.4216922017552402
0.8085120290429839,1.449095394009803
0.9572669083216702,1.1938017666827945
0.8762595620756078,1.2984009713883191
0.8692934651950682,1.3180845213061239
0.8247143208058251,1.3873299109406498
0.7798193896213537,1.4730363369824087
0.8261016095330718,1.3975002592013437
0.8634158265395722,1.3312439273740173
0.8353750046579697,1.3615937448168243
0.8876467102155464,1.2833092082081423
0.8431004676628135,1.3713012297524771
0.8545324801246656,1.3305979761325288
0.8416019348015733,1.3527087314349082
0.8573478870323656,1.363229568089049
0.8330072228328412,1.3932352166354587
0.865767809807376,1.3081882754881067
0.9000240176056167,1.273764599270563
0.856460888496511,1.3363436838944536
0.9102018436951329,1.2674673108925942
0.8355605118052011,1.3984123913518625
0.8906507778878809,1.2872214055922278
0.8811900374147696,1.29577399994081
0.8464491621066585,1.3456882429358463
0.8885105811804381,1.3005650845168766
0.9114949532587348,1.2683042604740342
0.8817723155394331,1.3198234165132723
0.8186430517435449,1.3830782637027104
0.9181953100363865,1.2457342941171325
0.8399271454608814,1.3745729117585022
0.8857762677410567,1.3087284518873925
0.8962956414606487,1.280889208560138
0.8856677793093634,1.314436163652186
0.8770208004592924,1.3059587428704498
0.8362017286926382,1.3796196755563988
0.8480151707608754,1.336186013423193
0.913150980475824,1.2518541206044769
0.8682117916329544,1.3197668439354986
0.8843038819188277,1.3020382892844022
0.902163990966579,1.2575138864928326
0.8987836062510286,1.2798806266744394
0.927756092900628,1.2444661432010626
0.8429444380850134,1.3632908205981618
0.8672649827522638,1.327856777118381
0.9225204749853385,1.2421850301743917
0.8962956414606487,1.280889208560138
0.854645495332172,1.3503647584208103
0.8910684836723777,1.2987554850043448
0.9295875883546652,1.2345403223874962
0.9071222858042798,1.2596050090304578
0.9357184214415457,1.2342259225812864
0.9099531567987023,1.257459914277758
0.9192979801812722,1.2411020020936192
0.8556876369782864,1.3103251696966385
0.9130346962207476,1.2410396144515805
0.9358715467261737,1.2283672382516824
0.8633033741309198,1.326492260104853
0.8954731468245339,1.2944881202857534
0.9146951970572355,1.23260516937623
0.9976327970342013,1.147556583791656
0.8263350153687546,1.3992436921147446
0.8705248111740354,1.3275130186982378
0.8889333244366745,1.280801731056771
0.868166946775554,1.3206173987558112
0.860494516553685,1.3341287288545687
0.8500609153663243,1.3492676873368838
0.8971582474961193,1.2843825252389571
0.8111113725036673,1.4329456456397307
0.8989583523390979,1.2850077554644885
0.9637633446893468,1.198474283154006
0.8854489141736377,1.2905133812816294
0.8263350153687546,1.3992436921147446
0.8976219123098276,1.2740537264336267
0.915149356127442,1.2501351090653219
0.9170378525774203,1.266879312302332
0.8965457911444716,1.2794486863733145
0.8633433620757841,1.320949400221748
0.9130324758620635,1.2615101567357523
0.8593121852883309,1.3521922755075033
0.9458715845621704,1.2146805621482857
0.8771701877255722,1.3144350531477935
0.9102018436951329,1.2674673108925942
0.8993509382832153,1.2794516668783196
0.8971332414888088,1.283377606490402
0.8568966964555278,1.3389146179900553
0.8789571577059732,1.3138964761034442
0.882201248911233,1.3135309586313486
0.8767826823756457,1.2920077826299314
0.867270696224777,1.3009254854626362
0.8832660054300739,1.2948386860292656
0.9751994946336778,1.1759267727782483
0.8671624237853276,1.3099686990165083
0.8937130518511821,1.288554427173128
0.8079105470965895,1.4147928838661785
0.8155839584086932,1.4149281669291924
0.8931789238032187,1.2700494578805703
0.8863647596695422,1.294332372424865
0.8512132551213069,1.361079311532244
0.8165751068466199,1.4190397591650739
0.868166946775554,1.3206173987558112
0.8182302627463147,1.4265892333034027
0.8586521355238235,1.3265595082638872
0.8587877927485835,1.3297937181663988
0.9368628660043438,1.2066572243495353
0.8355041157809128,1.3729187467892738
0.8533751686261559,1.3601884947374332
0.8910684836723777,1.2987554850043448
0.8818237528395483,1.3228490782746318
0.9052554897320698,1.275761223429847
0.8866629802275937,1.290747642145587
0.9138594435670018,1.249849199543444
0.8539627520536744,1.3475613388910652
0.857139309526069,1.3408473694767982
0.9198206434898818,1.266333222510897
0.8290249449834493,1.3909845334416602
0.8810498787076105,1.3030496303551398
0.8911242300181199,1.2941710991900364
0.8767072937118905,1.2958939172351625
0.9428378030299389,1.2398049967784455
0.8775389452842841,1.2919634874288897
0.8681673052038579,1.2990084868620695
0.8688686066491653,1.339110900783361
0.8289443921410923,1.378045500500187
0.8892631929050817,1.294497395444129
0.8702915101313019,1.3202544538766177
0.8517791203392246,1.3568247905138284
0.8529182512408636,1.3509332658805102
0.8852310717898252,1.3142447864087676
0.9829150550889056,1.1558055238519678
0.9427960355767117,1.223092950060335
0.8368059614184706,1.383688968731027
0.8902863742313111,1.2932128718284235
0.8176498857761338,1.4157932653905103
0.9192994564454371,1.2292630673910434
0.9157065049499425,1.2654381614656751
0.8770208004592924,1.3059587428704498
0.8445212984739696,1.3626425912617195
0.8980503547773385,1.2617667721872223
0.841153904894147,1.3691310262430763
0.9227510613851442,1.2472945596920384
0.8427432748969337,1.3528961791743879
0.8997179636450999,1.279557390553427
0.8564629739943395,1.3114035962835449
0.890939431089841,1.302601959840112
0.891771399774296,1.3009946938815264
0.8573801877198887,1.3476687870594377
0.8584891254581133,1.3361639274492083
0.9188704009788681,1.239347645088534
0.8155839584086932,1.4149281669291924
0.8578716200722641,1.329557361841878
0.8652610537790619,1.3279685907486194
0.8885105811804381,1.3005650845168766
0.8723539217582484,1.3066862341481895
0.9020790605257528,1.2781405446715546
0.8911585778969543,1.289817672284915
0.9088272412225519,1.2738329767324326
0.8779647269650366,1.318500063227423
0.853311899183109,1.3365331941958534
0.8594233118271782,1.3166378430843306
0.8990558779024447,1.265578467814894
0.8884021777417543,1.2831198733266977
0.8648563293168101,1.3219103434360633
0.8347691852959191,1.3767526808886363
0.9589500713223951,1.192354880049313
0.8666997508291829,1.3195592616210672
0.8426210028922243,1.3632254158273285
0.8406820589403644,1.364622467344431
0.8915971036437884,1.2950012041582504
0.8996000848774554,1.281770868712195
0.8919758859671276,1.3080303042526553
0.8833255604635308,1.311155271600164
0.900354394637922,1.2682010595423379
0.9547920741098985,1.2017522789179336
0.8923442528474268,1.2847155048651056
0.8889517536020738,1.300007750352875
0.919465890358611,1.258027825512307
0.9187594056174457,1.2691352934715705
0.9322525111280918,1.2565170787243316
0.8705962366596514,1.3369746983334432
0.8746063758398801,1.3110082341365905
0.9206405076399266,1.2573136611950964
0.8402561250129498,1.3534909907255952
0.8890749570957726,1.2684008312300208
0.8550392385134613,1.3475619523760491
0.8970824240401438,1.2760956130638972
0.8589509373179933,1.3389494333123912
0.7946274376666156,1.4519828546905018
0.8912553210150166,1.2706880593232264
0.9216651479143885,1.24788809831116
0.8404465064467451,1.3686950795905302
0.8635070073956562,1.338700465931088
0.835164955406992,1.3692996904796642
0.8691994072161695,1.3278250227282815
0.8707581780482074,1.317248620624124
0.870173445096404,1.3466459255944887
0.9086935265245106,1.2507406450450862
0.8907480043426971,1.285881434510721
0.8648563293168101,1.3219103434360633
0.796925519840667,1.4311285577555573
0.825091403765037,1.3628014134018387
0.9083911799546867,1.2424039411918477
0.8476600890670076,1.3642895100412673
0.8632330038221123,1.3314333703106935
0.81815598946975,1.4092173732693014
0.8474993396130759,1.3591517958103032
0.9138594435670018,1.249849199543444
0.8922157738286061,1.288911964634277
0.9000240176056167,1.273764599270563
0.874576670245611,1.3318949133759508
0.8682886142224205,1.3193554851063052
0.8469423027818405,1.3618879830900035
0.8342271296848514,1.372522756411204
0.8632953538698618,1.3429530467184931
0.8380430887335173,1.3738972645000451
0.8440869942487217,1.3543870411449659
0.8586071563621759,1.323792776357643
0.876316851441609,1.3258349778106389
0.9613040580671406,1.1914659413907756
0.8420345462324575,1.3741371432227918
0.8910684836723777,1.2987554850043448
0.95662926405206,1.2049379758648928
0.8512000531701164,1.3386639865445265
0.8862995582291561,1.3087720049254623
0.9167211236005861,1.2744699141487896
0.8704208283764309,1.3253198766441463
0.8746063758398801,1.3110082341365905
0.8928663574342421,1.2807608792269372
0.8295155424135171,1.3847367552854015
0.8678311774076811,1.302903374362497
0.8902055239114619,1.2932919066535764
0.7927241819352607,1.4564826026499869
0.9227510613851442,1.2472945596920384
0.7841869248311906,1.4737895147961573
0.960848983455745,1.1942782459910566
0.8707735067933912,1.3119913895396413
0.9060189349578851,1.2609003086777244
0.951111715094282,1.182905573623527
0.9273347978267783,1.2388984869473383
0.876376198055302,1.3107725689892082
0.8645787360462232,1.32891561873183
0.8266325726098956,1.3929289957598356
0.9277861023142466,1.2262214181558335
0.8634613888303335,1.337467947621442
0.9069279911591098,1.2687832403661214
0.9205881435436378,1.2705534440554669
0.8078826979432032,1.4206397511682565
0.8374293550912248,1.3697933951856944
0.8779647269650366,1.318500063227423
0.877819480432194,1.2988141368150061
0.886023644512208,1.2948275183887064
0.8808669882774407,1.2970753116565708
0.8745072338448171,1.322720984072377
0.8633433620757841,1.320949400221748
0.8771701877255722,1.3144350531477935
0.8767072937118905,1.2958939172351625
0.9427960355767117,1.223092950060335
0.8261328892251742,1.4034856892857828
0.8386124069270601,1.3898303813434947
0.8730624166427098,1.3197000737066242
0.8485114934007196,1.3513203722918974
0.8822023277980762,1.2960344977331686
0.9010035213660897,1.27081711908823
0.8199218198641984,1.4242657179243574
0.8520120341312313,1.346978993931458
0.8473014823996246,1.3643197769898605
0.8347643558367865,1.3876616175183756
0.8553093864293136,1.3461575846410176
0.9829058403014673,1.1615934056684114
0.8475237658116442,1.356417218624836
0.960515558165599,1.1941316695736577
0.9026895138682413,1.269245689471466
0.8448742751063042,1.3692910398318385
0.8463235085405847,1.355082635227611
0.8543737483263696,1.343587508166603
0.8306737251404372,1.376460554476597
0.8904879663505822,1.2850705141502812
0.866232548439658,1.332405688206095
0.8388962293999928,1.376274910984384
0.8829621449078578,1.3293388035711984
0.8550580922524129,1.3636888906091167
0.8519127713359257,1.3485840181474413
0.8347448810875099,1.3771978179106135
0.9387281235557349,1.2017802916333067
0.8081439585668833,1.415811905755208
0.8941120631546375,1.2676475856718064
0.8779647269650366,1.318500063227423
0.8463932979314114,1.351423830275803
0.8666997508291829,1.3195592616210672
0.8750557601847655,1.3064290994460686
0.9152256140403184,1.2567855980848417
0.8706488541100339,1.329941869664654
0.8237468676764698,1.3881208927333044
0.8036569547320334,1.4145201821768276
0.8648484754879757,1.3370759228424687
0.8900975618083135,1.2975503128427903
0.8978570864549357,1.2841194988912112
0.889120982097723,1.289380995937238
0.8675827974402726,1.3320333042299421
0.8971332414888088,1.283377606490402
0.8500609153663243,1.3492676873368838
0.9002405466382479,1.28843631757877
0.8762619208879681,1.3121861198293554
0.8303502934561708,1.3967334945534728
0.8970654277705373,1.2843291802263088
0.8730624166427098,1.3197000737066242
0.8312801202080223,1.391573783114425
0.8857762677410567,1.3087284518873925
0.8676609117143987,1.3283240988209286
0.839486373811633,1.377234748339296
0.9023083774918625,1.284292096405094
0.9065162425865466,1.2613796907231412
0.9014632330713631,1.2567242142889383
0.9086935265245106,1.2507406450450862
0.8362017286926382,1.3796196755563988
0.9041990060697975,1.2652876549342527
0.9075919842780977,1.2818706916888805
0.8596478503102233,1.3540834338363807
0.8696851532162146,1.3299909353872141
0.8403614639699913,1.3835649493750393
0.8450505327949063,1.349132061704465
0.9136559757113277,1.2626122411296465
0.9514929880767053,1.2015893212892952
0.88223933970078,1.2918925192113189
0.8983681355461275,1.2738553442682263
0.8372530711516013,1.3653313908669102
0.8822918960326241,1.3038975758406042
0.8138269441074829,1.3984232309921323
0.8528798991912925,1.3440574540486392
0.8853793342827015,1.295409357564169
0.8613006372673381,1.3436869053223262
0.8573004670764444,1.3324529005821166
0.8326680806779737,1.3847219701290698
0.913150980475824,1.2518541206044769
0.9117400853160832,1.2671845448566768
0.8897627934032598,1.2922168087879873
0.9539846296954574,1.1936648347075978
0.8763610453023618,1.3078443617041942
0.8309089542959915,1.3766040805393478
0.8368283862076162,1.35307411820123
0.9352523099992719,1.2359293308605859
0.8590744813344883,1.3402336867750422
0.9067244374810896,1.260959384781873
0.8664834224392635,1.3151974792770291
0.9006922874900244,1.273641563705157
0.8343088852059954,1.3772994014037838
0.900792812153181,1.285652849283025
0.8941120631546375,1.2676475856718064
0.8915577972802128,1.3018071894480916
0.85758002948602,1.3394585801330723
0.8101868962942604,1.4273501954126269
0.8216405444112612,1.422470614149841
0.9118838710335931,1.2859070555450856
0.9597895450096924,1.197089742790815
0.8614074013644817,1.3381481026357067
0.8562831538754366,1.3519913086349922
0.9189669031589831,1.244151557042382
0.8743881840116263,1.3157614649186318
0.8592150775751798,1.3286026456991027
0.8956908869326264,1.2918324296171186
0.841153904894147,1.3691310262430763
0.8771701877255722,1.3144350531477935
0.8854002166090804,1.3072702651110244
0.8912227249071907,1.2760791999177428
0.8963748908342413,1.2665015429904478
0.8954919126033418,1.2790848704316464
0.8602566806220823,1.335342189083971
0.9432342859828817,1.2169060056789833
0.8531474687120051,1.3521783505029628
0.8605051989556208,1.3280682228864824
0.9399144469521927,1.2124581403617976
0.9067244374810896,1.260959384781873
0.8296617031770646,1.384506442379209
0.7805910984644201,1.4745037872129243
0.892544318968362,1.2750846865019796
0.8730236846667814,1.3080426603298314
0.8852773424565732,1.2893476704526141
0.8934567842918667,1.2986558651763467
0.891771399774296,1.3009946938815264
0.8578940017379425,1.3591580291588137
0.8911099992472781,1.286209089491701
0.8902055239114619,1.2932919066535764
0.881064172962226,1.3194286159355262
0.8721695652678157,1.305338283898798
0.8786604677487724,1.2997778532557474
0.8623838943746791,1.3445571288489289
0.8404465064467451,1.3686950795905302
0.895466650975677,1.2775382119426173
0.8977080970651196,1.2555141395028
0.942043018172205,1.2177296720505584
0.8526971201680856,1.3502754785243374
0.8460353627274623,1.3522369136590846
0.839486373811633,1.377234748339296
0.8320707987346797,1.3611729370419257
0.8821734035417345,1.315804855560891
0.9449731945249793,1.2124217103694017
0.9506422606650718,1.2027365413769466
0.8581313388301649,1.3507979897290083
0.874282217955887,1.3194996708586357
0.872694057018519,1.3076112620704465
0.8252859571781536,1.402944739198498
0.8985609617404278,1.2723051373177074
0.8502373058633339,1.3792049595204317
0.9138594435670018,1.249849199543444
0.8345076054276332,1.4001997539795956
0.8232794396922907,1.4097412097188107
0.8278110950088521,1.412522915443312
0.8958289175963468,1.2907584220223085
0.8626136605977751,1.3285914857595462
0.8873028113708914,1.288471778491153
0.8808669882774407,1.2970753116565708
0.8927155956940955,1.2820974738701187
0.9289128116264194,1.2354191827476524
0.8775087325918357,1.318354803182259
0.891110472857832,1.2635296341755033
0.9197110440291264,1.245744640060306
0.9358227597365023,1.2288537535865958
0.8753142177857146,1.2997143138177785
0.875456904518297,1.3321254796095712
0.8854981947335857,1.2941823301826443
0.8502121218108677,1.3601455000791678
0.8227181137974595,1.3925079163160887
0.8846500229660339,1.30413346990138
0.8592290536237721,1.3430113204090433
0.8770208004592924,1.3059587428704498
0.9131773341451345,1.2604921134005747
0.8542050392052241,1.3442951695270837
0.859145466250662,1.3556892302123915
0.8415328684117541,1.3776403462799767
0.8519988629400235,1.3692179710908008
0.9282931858237524,1.210898020237153
0.9192732349341886,1.2574889960918119
0.8788140764891872,1.3061967182811132
0.8433401342333386,1.3567427904912739
0.8705962366596514,1.3369746983334432
0.9128729645841648,1.2679585280966021
0.9469297804144463,1.21288845107102
0.9089373346276353,1.2684357733020635
0.8971582474961193,1.2843825252389571
0.8812326990888439,1.3203607998114546
0.8279780895275259,1.3870144588732256
0.8853138139618176,1.3012484643051174
0.8474993396130759,1.3591517958103032
0.8648563293168101,1.3219103434360633
0.8372867916014347,1.365221700582654
0.9111607055651479,1.244939082932804
0.9093302556206493,1.258466111868493
0.8597939326961597,1.3314455653747401
0.8516231532811278,1.3617207156719144
0.8570383626207076,1.336802258935739
0.9466067485046202,1.2046395771660756
0.8526971201680856,1.3502754785243374
0.875320204747083,1.3187611704455455
0.9081076846161276,1.2707153414458323
0.9976327970342013,1.147556583791656
0.9501089038451727,1.2212370273239073
0.9357901064725368,1.2199612292783681
0.9151418494324752,1.2588330451551648
0.8405104887737231,1.3667439377259563
0.907615482769915,1.2749068915989985
0.8707104700573159,1.3303252493803737
0.8420345462324575,1.3741371432227918
0.8695411068145731,1.3248595807871524
0.9261951094458617,1.2392251443079698
0.8480074559476136,1.3643159103664273
0.8848733527655833,1.3081118605327116
0.8419341211623632,1.3596637801891238
0.8578905268502677,1.349676645182062
0.7826697451460185,1.4917455752098894
0.8682696344458237,1.309232318254571
0.845116498324058,1.3819779952279851
0.8282186039582283,1.375756257778884
0.8485783487070465,1.3513544050416375
0.8674252064674219,1.340314648119746
0.8326903373883469,1.3621627495547524
0.9030418302836043,1.2762816717755194
0.8190997480299486,1.3980619621094414
0.9108902962841892,1.2448433827399188
0.8543346193489411,1.3612294506843317
0.8889517536020738,1.300007750352875
0.8762595620756078,1.2984009713883191
0.908055535751256,1.2607317359519288
0.9094436146556699,1.2582203074024265
0.872694057018519,1.3076112620704465
0.8686784351954957,1.3407386142230264
0.8652610537790619,1.3279685907486194
0.8888701046300617,1.2923071260934087
0.8746063758398801,1.3110082341365905
0.8203975724084824,1.4114960826904608
0.9032459935736507,1.2844695972996565
0.9064558577192231,1.2734389722666604
0.9156810251139446,1.26049310965317
0.9001101103140159,1.2928426198426652
0.8877381012659816,1.2913886481516201
0.8549003143031152,1.3657597786233227
0.9084664507602919,1.2669085459954477
0.8693406949872298,1.3323761638013538
0.9218628086353949,1.2616882613601441
0.8550580922524129,1.3636888906091167
0.8553093864293136,1.3461575846410176
0.9043577474137675,1.2598951305058148
0.8625875744844876,1.3405206779623733
0.8706462204410116,1.3258258717616296
0.8860526094455187,1.2988266054179247
0.8870301776987042,1.2836305882665764
0.8388169402678478,1.3859533241161004
0.8691089199058516,1.3456305271767928
0.8165751068466199,1.4190397591650739
0.8635816300280735,1.3350874988235983
0.8080866785070319,1.4327824405093066
0.8223214820322342,1.4054855842154175
0.8746063758398801,1.3110082341365905
0.887981363246768,1.2897482804636564
0.902964997049497,1.292228948203293
0.840316829080736,1.3690945008318596
0.8463235085405847,1.355082635227611
0.9099753901539408,1.2653835626086694
0.8529478262018242,1.3417016484326671
0.8826617700616967,1.288156593108302
0.8879009266842173,1.2947509784280218
0.9143217711338454,1.2577645510796944
0.9128729645841648,1.2679585280966021
0.92009210658104,1.2391090509042275
0.8863945471707175,1.3033109908411895
0.8678668036542458,1.323087526907747
0.841153904894147,1.3691310262430763
0.9047411719333651,1.2627529041230077
0.8831882589265503,1.3199556360590377
0.7628226500014326,1.4886599072362319
0.8813804525445132,1.2884995930007117
0.8686784351954957,1.3407386142230264
0.9003181042278358,1.2650914946701193
0.8528360009401507,1.3465441342625355
0.8343504641289272,1.3727108625058233
0.9249489139693481,1.2468371660206274
0.8378342726386225,1.3861504983016582
0.8758400370810946,1.3117492209845667
0.8730624166427098,1.3197000737066242
0.8487564851236943,1.3435153572729508
0.8647096445650968,1.3363925882087804
0.895917887991161,1.2759167817654398
0.8353766040392064,1.3839549913182463
0.8578007239212911,1.3398865630864876
0.8340106643081768,1.3955405217247407
0.8489451912436734,1.3610713344101337
0.8747404891485355,1.3281900789970749
0.8249042846488647,1.3784341364525596
0.8922361011997991,1.2986397475506137
0.8241600749010037,1.388263521032205
0.9143240713607994,1.2808013418268063
0.877819480432194,1.2988141368150061
0.8525397457672014,1.3524841245533488
0.8757278202209797,1.3097163447796532
0.8444871029616087,1.353304142154507
0.844943073318247,1.3653954263577717
0.8436455746262519,1.3678604520492108
0.8368790930538562,1.3725598285169487
0.8471881349146488,1.3708356188936839
0.8893186552940127,1.2989085977610175
0.8295893303344662,1.386821153522267
0.8714478785753007,1.3194793795846984
0.8915971036437884,1.2950012041582504
0.9069417643279568,1.2579382703585844
0.9052198412203946,1.25644980382806
0.8606486896541778,1.3298836749116116
0.8409633017564178,1.3828369613055946
0.9137205587145808,1.263870672385628
0.9068038565439746,1.259098441424213
0.8230657790397129,1.4040166489387607
0.8757278202209797,1.3097163447796532
0.8686292701403583,1.3242766844706377
0.842717343492969,1.3644015259946913
0.8704469287944034,1.3355678552686057
0.8677011558368831,1.3224555699001246
0.8306737251404372,1.376460554476597
0.9222269896372778,1.2543629818607107
0.8572859091417351,1.352815608082115
0.9206709239969323,1.248543636466708
0.9414358319013396,1.2072606007632072
0.8499605191741039,1.3424407703691401
0.8781320529072913,1.3130119511193459
0.8786604677487724,1.2997778532557474
0.8993509382832153,1.2794516668783196
0.8919756929648408,1.309296929016727
0.9206405076399266,1.2573136611950964
0.8740713515396892,1.3143738073281934
0.8606358056504098,1.3259982703829307
0.9048331158715162,1.2668066497617114
0.858572113203255,1.3288569146001061
0.8755661366242047,1.310988134609378
0.9195850067751585,1.2461007114778404
0.8349349310581405,1.3902685543012905
0.9023848219048801,1.278081855278936
0.8320707987346797,1.3611729370419257
0.9324104378680819,1.228235725798058
0.8625441715073839,1.3298122451924195
0.8489451912436734,1.3610713344101337
0.9280907969528234,1.2298039355721524
0.9088759348366025,1.2389020725111175
0.8524387074495242,1.3470355201415591
0.956319036324573,1.2002336588265585
0.9420658953191522,1.2098447243295096
0.8504185784167009,1.3486216433309015
0.8880827654846509,1.3094034445748923
0.8571897152105827,1.3571266574643834
0.8657150072250129,1.323648514872217
0.8474993396130759,1.3591517958103032
0.845989751229659,1.3546571198993882
0.8924849335481876,1.2912398406312662
0.8999043395124816,1.2744771411479352
0.9263207122756214,1.2354232011555109
0.8832589164989132,1.3052446544597287
0.8598285297985001,1.3352701958683637
0.8702809361525112,1.3234757718643164
0.8337762620851176,1.3754167104575417
0.9115483967844933,1.254269342841645
0.8827401798935107,1.2971860197637444
0.8978570864549357,1.2841194988912112
0.8676054083506657,1.331659647234091
0.8745465337529926,1.3213825808177435
0.8836107889385686,1.289726831488202
0.8587877927485835,1.3297937181663988
0.8584891254581133,1.3361639274492083
0.8322360751771026,1.3622872110822901
0.9075919842780977,1.2818706916888805
0.9069459112285806,1.25089363934677
0.8668965902042783,1.3226092573256165
0.867216335120237,1.325376968150425
0.9473683052736697,1.2078811165981755
0.8791688913563703,1.3040868971438249
0.9221973973225827,1.240482041084841
0.8864076473261115,1.3008466248714896
0.8605265203647285,1.343369341389444
0.8863831902798267,1.2908049000569415
0.8985609617404278,1.2723051373177074
0.8904564604960683,1.2697670832403005
0.9587947117033205,1.2009370505563808
0.8769231945293688,1.3242010875888734
0.9034391536287739,1.2845779090297333
0.7919160728812691,1.4670656870710939
0.9168881783554953,1.2493274440595756
0.8613551597946398,1.352960286084764
0.8034624741650733,1.456047772863275
0.8754651335723626,1.318752817534877
0.8635976537658768,1.3266187511774619
0.8818237528395483,1.3228490782746318
0.8271249616155598,1.4030814267372047
0.8325817541817729,1.387112370407055
0.9182887707805423,1.2567192053258671
0.8671170094344444,1.3261990249527027
0.908224898117606,1.2661180050909335
0.8863681136735855,1.2757735648465518
0.8775929254794147,1.318154510748505
0.8749168798701845,1.3109603917042212
0.8182340902176646,1.4177008109697158
0.8477623164336008,1.3454499396017334
0.864247686792342,1.3241912641330733
0.8723955757344302,1.3156487258526182
0.8414926419137704,1.3790877977629319
0.8662917765259082,1.3393186161473463
0.9365565564830147,1.2089303099470543
0.8306737251404372,1.376460554476597
0.8376683822423252,1.3717647430791873
0.882201248911233,1.3135309586313486
0.8724074457181965,1.3246244675040963
0.8215710795085592,1.4182580462392769
0.865928531785018,1.3420755356299305
0.9416183285866452,1.2343353887722626
0.9368765107785841,1.207284071841186
0.8643695172593527,1.3133586355933178
0.9097185858790802,1.236611063557685
0.8854787053138617,1.305736880406453
0.8948539717607519,1.2835341718282192
0.9622273344172123,1.1982933391301978
0.8866502316576632,1.2990168649480012
0.839180304419404,1.3812702135132118
0.8353418521923621,1.3686257720724737
0.876250014818326,1.3094004772490269
0.8951599213763356,1.2933033204958049
0.8682026433543407,1.3190010304161583
0.8519782570960971,1.348582579645343
0.8282052667945066,1.3827683455373672
0.9083417537813898,1.2646614723760456
0.9101060513913657,1.2355837241181526
0.8686292701403583,1.3242766844706377
0.8616432382839004,1.329324963025112
0.8827154806754409,1.3101342683741601
0.8152582625939837,1.4168146305063172
0.8460353627274623,1.3522369136590846
0.9197421101662121,1.2552516863984717
0.8751343504704604,1.3269700708420393
0.8877259933234072,1.298490058590541
0.8515631145232045,1.3575428198320918
0.8784626863691969,1.2966399063851797
0.9050205026406313,1.270801869119058
0.8442582531335984,1.3662143085110783
0.9018023088433138,1.2827815100527413
0.8625959468245665,1.3135263607235628
0.8746063758398801,1.3110082341365905
0.8909047451924909,1.2928012049534223
0.9511303111455036,1.2060858069028584
0.8751484312369086,1.307972155565753
0.8219095415585027,1.4080173693179439
0.8573801877198887,1.3476687870594377
0.9156200501449901,1.248338432091428
0.8745936122951519,1.3200145053753471
0.8713362353039591,1.3007523070368354
0.886941377946386,1.3029242130466587
0.8300338069645627,1.4018782145790878
0.8682433059147602,1.3281276439190368
0.8738690184522988,1.314385594158355
0.8833473794657258,1.3048222816914217
0.8606903636196519,1.3258899009433989
0.854645495332172,1.3503647584208103
0.8760483855452708,1.3182351795113167
0.8800944215463794,1.3095917230562957
0.8320033151383522,1.3801432562762062
0.8835887049504775,1.31015497519635
0.8626746336888754,1.3379158044473167
0.8259789962112078,1.3901204035554175
0.9147559730386176,1.2764576368940483
0.7895474790099516,1.4655820833529891
0.896928032086697,1.268536482005632
0.9043577474137675,1.2598951305058148
0.9006854417596211,1.2709530078638476
0.8543227049665378,1.3390965781417616
0.8763872205152743,1.303203797516825
0.9216713680618339,1.244335548291528
0.8818237528395483,1.3228490782746318
0.9108009940116529,1.2817103211680476
0.8663499291201382,1.325709953889724
0.8309089542959915,1.3766040805393478
0.9191599968157395,1.260015546697529
0.9229201002086834,1.2546749473656795
0.8713377070815129,1.3185122235125368
0.8581313388301649,1.3507979897290083
0.8544459956828884,1.3478324965121184
0.8525578255124171,1.368294319513224
0.8627782423337651,1.3419875049959367
0.8988779424813054,1.2906737144592604
0.8822689565658357,1.302800694047771
0.8855971356401439,1.2968753504859147
0.8304490559889005,1.3814269952961586
0.8544568038138259,1.338800061383809
0.9131970836862935,1.2363362845882173
0.8970395936080503,1.2772606994887616
0.849788533325124,1.3529058291414409
0.8941554598927223,1.272671654914
0.8674676969800822,1.3287823979891162
0.8578940017379425,1.3591580291588137
0.8307343971206088,1.3883986628073297
0.8500921246890965,1.3646130803923784
0.8746063758398801,1.3110082341365905
0.9428225936033433,1.2028879612646703
0.8740307527652903,1.3051558993304648
0.8499678154298195,1.33718644505361
0.8430666178788034,1.3586430296376606
0.8467845023756221,1.3489819906935578
0.9070866390026618,1.267781755474544
0.875615744992156,1.3128716853827866
0.8372938424295265,1.3557712939403341
0.8887820395752424,1.3079136207509
0.9009997184460458,1.276288214711658
0.8706467663727603,1.313060245653826
0.9394938102888416,1.2146916868648172
0.8604085663511076,1.3333939513161894
0.8597939326961597,1.3314455653747401
0.8635976537658768,1.3266187511774619
0.8730236846667814,1.3080426603298314
0.852393904775854,1.3375337419611495
0.8775389452842841,1.2919634874288897
0.8911585778969543,1.289817672284915
0.8851082985066123,1.3015288742666373
0.8561488603570012,1.3501771621148713
0.9094892099615174,1.2670784963648702
0.9690992360359387,1.197278441072618
0.8660819968241222,1.3428162175046652
0.9394938102888416,1.2146916868648172
0.886631856357515,1.318056929857911
0.8510480584994592,1.3568178878525414
0.8415000381035621,1.3876098900967404
0.8802276401937112,1.315214996602279
0.8808669882774407,1.2970753116565708
0.8881422578813584,1.3072954154647263
0.8392086482759603,1.359217705552209
0.8609506338849423,1.3314761809986637
0.8648563293168101,1.3219103434360633
0.8869989686813833,1.2933274970043434
0.849698357075609,1.364329746362944
0.9104832260925694,1.2634080128956737
0.8648563293168101,1.3219103434360633
0.8612223867393015,1.3477168155787311
0.9416772025943354,1.2105730349346786
0.8743655762177718,1.3231317793483603
0.8958079956800344,1.2728533321500886
0.8445212984739696,1.3626425912617195
0.8641261343288548,1.304627021769771
0.8302368242398749,1.4051369325819194
0.8235025643282858,1.3939667842104977
0.8821439249593667,1.298846577391772
0.85178600674927,1.3568980443227994
0.940238598497735,1.2109400203874559
0.871898696800339,1.3121645500506283
0.841153904894147,1.3691310262430763
0.8821439249593667,1.298846577391772
0.8365022166046515,1.376436768177359
0.8338257324216054,1.377632753794828
0.8473014823996246,1.3643197769898605
0.8823140572007383,1.3132170043365807
0.8502121218108677,1.3601455000791678
0.8182340902176646,1.4177008109697158
0.8888566113038795,1.3067736595665942
0.8663689629352114,1.3325239842100782
0.8683528314383134,1.3343039085925876
0.9180149553330392,1.2695159522385242
0.9146951970572355,1.23260516937623
0.9013309550519494,1.2628114776894708
0.8473459081661245,1.3657704421945172
0.9501352203896345,1.2182160196983343
0.8454758923320724,1.3605913847122642
0.8427432748969337,1.3528961791743879
0.9610778947055808,1.191057927835875
0.8788438044989263,1.3094530184934552
0.8428435227672197,1.3733496200078124
0.8760805511910832,1.3004848786349466
0.8906571214296451,1.274077229562929
0.8695411068145731,1.3248595807871524
0.8388214534945984,1.3837662115631562
0.9000240176056167,1.273764599270563
0.8612461324192695,1.3308204938949921
0.9194637964938427,1.2669217479372104
0.9036865106551221,1.2576123864222053
0.95662926405206,1.2049379758648928
0.8851736163554216,1.3010028707588923
0.8281912202238079,1.3996486136236272
0.8838801202660442,1.2904615242589375
0.8850028070997067,1.3048895789817587
0.8809787559731176,1.2942127885891272
0.8190997480299486,1.3980619621094414
0.8353690128769331,1.3939033739599604
0.9169087086191094,1.2619467365546913
0.8845266437075036,1.3068018079980595
0.8939696698632569,1.2781380366875312
0.8566654274897755,1.3532700724638522
0.8451401873965311,1.3586420506284633
0.8605009830147661,1.3290794024738037
0.8681932732293542,1.3367993820134623
0.8880420381350868,1.3020229902997467
0.8869337782857681,1.2997756570638648
0.8756588475635518,1.313651035520244
0.9216713680618339,1.244335548291528
0.9177908305889291,1.2329390691145008
0.8946485311562069,1.2878409338429357
0.8960375835413851,1.3034351367445904
0.8904495329737313,1.3021177294260178
0.8635976537658768,1.3266187511774619
0.9072316675816222,1.2784492227912718
0.8474993396130759,1.3591517958103032
0.8417747781216669,1.3683770530054282
0.874282217955887,1.3194996708586357
0.8960375835413851,1.3034351367445904
0.8920916949003564,1.2725751854546274
0.9370994727409265,1.2288470927666475
0.8583174700579573,1.35738193417088
0.8427432748969337,1.3528961791743879
0.8930072456176159,1.2955798758068382
0.9471326552434586,1.217511285242676
0.9050128368763587,1.2569755002300238
0.8483866227568841,1.350698411333075
0.9265081105923871,1.2347477793204529
0.8534117761406399,1.350967785843377
0.849788533325124,1.3529058291414409
0.8863647596695422,1.294332372424865
0.8470396173014211,1.359379433761704
0.9105002629012625,1.2817659453397519
0.9248904734782555,1.2570839948614159
0.8889099748295206,1.2911299850708735
0.8417781659941599,1.3607000843460741
0.8796731240732965,1.3157092415388196
0.9127018120921381,1.2590603940531901
0.8511222232822632,1.3667329128463928
0.9067894775343571,1.2714960210283044
0.8920916949003564,1.2725751854546274
0.9084219313101892,1.2510810122584766
0.8972268159090678,1.2724248110533147
0.8623228439562284,1.3394110460562614
0.8982928725062144,1.277156761770558
0.8101223391114275,1.42713140599735
0.871351855109149,1.2897610813581388
0.8789404778508234,1.3100058697184083
0.875320204747083,1.3187611704455455
0.8597637657065725,1.3605633557100545
0.8788140764891872,1.3061967182811132
0.8779647269650366,1.318500063227423
0.855065970525341,1.3529240928282897
0.8343088852059954,1.3772994014037838
0.9177908305889291,1.2329390691145008
0.8571828654353946,1.3533742270217446
0.9070555205815066,1.2494980611689448
0.9030385878644838,1.266986060633605
0.8399001803353974,1.3830807367499676
0.9173003020369708,1.2646875031346585
0.8968803170658277,1.2808542977630462
0.8854651734054415,1.2922562343676378
0.9526666912291861,1.2050862618287985
0.8888701046300617,1.2923071260934087
0.9417137070344682,1.2083350583995376
0.8866629802275937,1.290747642145587
0.9089373346276353,1.2684357733020635
0.8666997508291829,1.3195592616210672
0.8743444835154003,1.3148342806426299
0.8372530711516013,1.3653313908669102
0.8592290536237721,1.3430113204090433
0.8269013592053497,1.4055000632116192
0.8580256329017196,1.334975945181448
0.9107989735834443,1.2724241071836198
0.9165135768591439,1.25750812886675
0.8972288859770698,1.2848724676866619
0.9416183285866452,1.2343353887722626
0.8266862479647764,1.3987053023838438
0.9263334564717862,1.2586025118412298
0.8779928486044557,1.3122405337967267
0.8581313388301649,1.3507979897290083
0.8795623842715521,1.3151395344489465
0.8114277501453929,1.412478655728549
0.9317449300853746,1.2358754925990023
0.8748454498810128,1.304211666616507
0.8337970232754108,1.3810457086848815
0.9128164706215628,1.2540582812501269
0.8448742751063042,1.3692910398318385
0.8891423783421561,1.3046512543213904
0.934959675452183,1.2465336796438504
0.881064172962226,1.3194286159355262
0.8053474999064186,1.4366076563399632
0.9159967642658728,1.2598768984622581
0.881064172962226,1.3194286159355262
0.8824911076284593,1.3035340851635646
0.8417112694857368,1.3842236315857959
0.8899393437385287,1.296332528209303
0.846251380896536,1.3660350073385255
0.9343103509608881,1.2245406183479441
0.8358813572050929,1.3714433745077157
0.8585061360730448,1.3201199886672665
0.8961795356293637,1.28615895856533
0.9976327970342013,1.147556583791656
0.8773115374485726,1.3059248454923056
0.8842988600854025,1.3004804777076098
0.8965457911444716,1.2794486863733145
0.8795683720822168,1.300853084054952
0.8835887049504775,1.31015497519635
0.8930886008703977,1.2958599187096673
0.9069279911591098,1.2687832403661214
0.8953438484024607,1.2924850601436826
0.8917839047116872,1.2818139618458824
0.8428435227672197,1.3733496200078124
0.8877437773805088,1.2953314514709393
0.8867642516992901,1.3013860992215525
0.8840999368107746,1.3112242193583294
0.844943073318247,1.3653954263577717
0.8900948143820778,1.2855786346953433
0.8634014144742097,1.3578374114934793
0.827338582552608,1.3889048085520446
0.892544318968362,1.2750846865019796
0.8398369703666303,1.3790991251796374
0.9016613188586623,1.28529576073856
0.9118539277870105,1.2503661350221456
0.8721910048414238,1.3055242208121576
0.8842033120699997,1.2861647965339098
0.8489695433035014,1.3555027493482215
0.8275364629711491,1.3983134088737503
0.8921411851770227,1.2964992109805056
0.8432208839508583,1.3632265459233261
0.8636867524052865,1.3324559417287254
0.8822023277980762,1.2960344977331686
0.8706466922486314,1.3062635473406163
0.8230409092793742,1.384784932172148
0.8936722158145991,1.297535778475079
0.824393806178878,1.4136237088289718
0.8164926988707226,1.4162162376595695
0.885290056774829,1.309919365234087
0.8857762677410567,1.3087284518873925
0.9137182530910112,1.2637568329201505
0.8683528314383134,1.3343039085925876
0.9053613979190435,1.2842760489375533
0.8485114934007196,1.3513203722918974
0.8953438484024607,1.2924850601436826
0.860494516553685,1.3341287288545687
0.9071222858042798,1.2596050090304578
0.8260070694149306,1.401633600887925
0.8328062884488444,1.3787929385325777
0.9063479187763143,1.2855005469482002
0.8562151278522644,1.3306393841529227
0.8770621501408318,1.3079318747357513
0.8215302387107446,1.4177862292222936
0.9128164706215628,1.2540582812501269
0.8481508352372601,1.3579765831572652
0.9144464580859308,1.2596490221374421
0.858368182903587,1.3382870786549388
0.8891317687470293,1.292220919547292
0.8825255990003431,1.3021797170795768
0.8639074413142633,1.359035966531031
0.9190165968587809,1.2468863650523412
0.908037065184457,1.2712559003211468
0.8771701877255722,1.3144350531477935
0.891771399774296,1.3009946938815264
0.876376198055302,1.3107725689892082
0.874328216240814,1.3198308328828472
0.8742342098360226,1.3143362526511055
0.812134242575864,1.4012502482723113
0.9514929880767053,1.2015893212892952
0.8738690184522988,1.314385594158355
0.8927988722691864,1.2948180295353435
0.887480811328788,1.281892700456676
0.8306789621161814,1.376269915296139
0.8108341179629344,1.4290764868043129
0.8971332414888088,1.283377606490402
0.8767826823756457,1.2920077826299314
0.8606358056504098,1.3259982703829307
0.9094174328968704,1.2760188698748016
0.9050873947742368,1.2689129530460699
0.8646040659640357,1.3278898298698762
0.9453627359567061,1.2098351688406102
0.9019166933112492,1.2745504271845178
0.8504185784167009,1.3486216433309015
0.8740044197409907,1.3068496631819744
0.8200972679187768,1.4052318286050907
0.8652610537790619,1.3279685907486194
0.8719384189048621,1.3145463885019735
0.8707735067933912,1.3119913895396413
0.903007418897336,1.2923178445912002
0.8697492995772262,1.3219249251132479
0.8467094690817416,1.3517324414727259
0.9133467597528669,1.2641352653294047
0.9180668729601459,1.2502085105693077
0.9099147065149645,1.2500128678156688
0.8342470970918555,1.3633501356610656
0.8699433750258296,1.3147331240877957
0.8951599213763356,1.2933033204958049
0.9066788086876839,1.2629485359729773
0.833172646142188,1.3872257698301904
0.8609661353494749,1.3401774758000176
0.9115871475659182,1.256369452799921
0.8504185784167009,1.3486216433309015
0.8371943445109007,1.371875186176942
0.8105859233396742,1.445144464762523
0.8345076054276332,1.4001997539795956
0.8854002166090804,1.3072702651110244
0.9135309249165015,1.261794659332766
0.8842654525796293,1.3073205792486953
0.8682886142224205,1.3193554851063052
0.927756092900628,1.2444661432010626
0.828678072774999,1.3756943552509326
0.8652610537790619,1.3279685907486194
0.9575727305633666,1.1861241564801304
0.8534810593659844,1.3627881703140368
0.884500873040652,1.3117189110867116
0.8919623351889361,1.2937247611895333
0.8984641362947478,1.2651973983944955
0.835164955406992,1.3692996904796642
0.874328216240814,1.3198308328828472
0.8516438373418005,1.3602509331528438
0.8530225881537636,1.352664543460511
0.8524593401840806,1.348092849096241
0.8640909509864628,1.312905161039056
0.8786604677487724,1.2997778532557474
0.8441428783113,1.3654382595196912
0.8353294604673202,1.3847669242221863
0.8845266437075036,1.3068018079980595
0.8962956414606487,1.280889208560138
0.902163990966579,1.2575138864928326
0.7862489686768216,1.4699605577920996
0.8260070694149306,1.401633600887925
0.9044588194459785,1.2572891935105723
0.8668965902042783,1.3226092573256165
0.8415931974708435,1.3695797105864727
0.9067894775343571,1.2714960210283044
0.8309675275736376,1.3977524178899574
0.9127140458982491,1.25610879036548
0.8550589814636732,1.3496386464703056
0.8817444135006631,1.2888055321384198
0.932804805779862,1.2161470305479012
0.9034391536287739,1.2845779090297333
0.8400090550048608,1.3702709269769315
0.8468914353939646,1.3299972705092418
0.8983411176911422,1.2892373665246533
0.8820611823211985,1.3047429393074579
0.9012160161154527,1.2782429259057957
0.8747523359931175,1.3093057405891022
0.8185066114566186,1.4077053215867927
0.8871952982230775,1.3304078441183103
0.8878253795912467,1.2985346659133905
0.820165045390461,1.387780540649736
0.8000235192038964,1.4370961437814285
0.8854651734054415,1.2922562343676378
0.9003030462165855,1.2779820488325795
0.8485854396220811,1.3546105809425568
0.8409633017564178,1.3828369613055946
0.8767405085515781,1.2978330624391647
0.8863831902798267,1.2908049000569415
0.9040870110460704,1.2598408877959943
0.9073364024771451,1.2539437093366284
0.8233656141828826,1.40106233229604
0.8758400370810946,1.3117492209845667
0.8971203048513059,1.281354352157411
0.960848983455745,1.1942782459910566
0.8324179172081341,1.3969082576847949
0.8666997508291829,1.3195592616210672
0.9422987824839659,1.2271962228591171
0.9221973973225827,1.240482041084841
0.8609506338849423,1.3314761809986637
0.8713362353039591,1.3007523070368354
0.81815598946975,1.4092173732693014
0.8650682143819621,1.317964634240671
0.8786604677487724,1.2997778532557474
0.8633033741309198,1.326492260104853
0.9357184214415457,1.2342259225812864
0.9306609592482746,1.225816675224521
0.976003960919807,1.181420476283838
0.8690592074080428,1.323637839933951
0.9239183450285169,1.261444510876431
0.8257604372710928,1.407864790851536
0.9473683052736697,1.2078811165981755
0.9128583088873479,1.267618032180524
0.9334583070115535,1.2192115409583264
0.8388169402678478,1.3859533241161004
0.940238598497735,1.2109400203874559
0.8391847588216474,1.3866966593135774
0.9018259164624792,1.2811005612687243
0.897060577782583,1.2834218133536124
0.9329278985488528,1.2309337405613479
0.827338582552608,1.3889048085520446
0.9256844413449767,1.2376740724659159
0.8771727570374354,1.321886260297285
0.8761201060588566,1.3200445545722792
0.8911585778969543,1.289817672284915
0.8527615774513125,1.3541470756902285
0.8693910200826974,1.3323389282020668
0.8343088852059954,1.3772994014037838
0.8891704480741349,1.2995508872466708
0.829396014619559,1.3909033257021937
0.9489509436346092,1.2220095313006738
0.8545324801246656,1.3305979761325288
0.837357452962119,1.349606399084456
0.8820988223220102,1.3033172760719238
0.8708488489806986,1.3341467983039177
0.8504185784167009,1.3486216433309015
0.8440709204477647,1.3436503739050323
0.9216713680618339,1.244335548291528
0.9553479159813458,1.2075812854807975
0.8232096822702867,1.3971031441495168
0.8639581549684245,1.3468134748779759
0.8269013592053497,1.4055000632116192
0.8854981638341216,1.3099010090769154
0.8040993363669835,1.4129261856144038
0.9070168796565203,1.2656259319500542
0.826793894965794,1.3969603873067498
0.9249295697605182,1.2305748522937594
0.9040028668461189,1.2751191566726499
0.8515462191795644,1.3520956794196697
0.8388962293999928,1.376274910984384
0.8812326990888439,1.3203607998114546
0.9008843938525847,1.2589277086226403
0.8712729221545684,1.2967671488108714
0.8392086482759603,1.359217705552209
0.8915577972802128,1.3018071894480916
0.8482743800847007,1.3798433016249259
0.8614074013644817,1.3381481026357067
0.895515896548656,1.2871870526737146
0.9528298997582794,1.1933660978273877
0.8869552011597179,1.3046848908319708
0.9026800634929617,1.2613544873290243
0.8842788697546153,1.2916630758595862
0.8889333244366745,1.280801731056771
0.9009961012006985,1.2757108129481523
0.8808669882774407,1.2970753116565708
0.8695669666383327,1.3054695570769363
0.8838801202660442,1.2904615242589375
0.9175966488285627,1.259286411834922
0.7946274376666156,1.4519828546905018
0.8929850119984348,1.2836760536433618
0.8259868357208506,1.4015544738479901
0.8527615774513125,1.3541470756902285
0.9144464580859308,1.2596490221374421
0.913150980475824,1.2518541206044769
0.8759144554486725,1.3084271202672977
0.9175643785375864,1.2768819978595916
0.8671581502704869,1.321206816328687
0.9302693120846378,1.203742640018312
0.8279094964904994,1.3987908262885864
0.9202505986340254,1.2321931485088382
0.8657150072250129,1.323648514872217
0.9107859838429552,1.2489407742543523
0.858368182903587,1.3382870786549388
0.8650005719059669,1.3236722187264962
0.8770703610917088,1.3171512720769123
0.8977230227725378,1.297188056547936
0.8884458730546012,1.290277220123005
0.8322360751771026,1.3622872110822901
0.8210163486883987,1.405884950194563
0.9072023831698695,1.274369838090815
0.8820546043114129,1.3169962324388793
0.8508723911303704,1.3493922941189456
0.8749168798701845,1.3109603917042212
0.8134258249876476,1.4196359478077791
0.9147559730386176,1.2764576368940483
0.9123408796916795,1.2587944476572175
0.8749964664599407,1.3182290076421286
0.9107879469563661,1.23980385777374
0.875081749122228,1.331454411793233
0.8594237020756539,1.3459216366873068
0.9379523499143073,1.215459736534792
0.8624375659006183,1.3241069499144502
0.8665344547997053,1.329633839745735
0.868166946775554,1.3206173987558112
0.8289474104081573,1.363380137454304
0.8127775837707831,1.4161767190994707
0.9212067771154179,1.2447372278547562
0.8844630867794767,1.2946502143436465
0.8680452382476878,1.3265024493380628
0.856822577913864,1.3346430724811909
0.9357184214415457,1.2342259225812864
0.907806756239195,1.2499021508252035
0.9123734254404472,1.2377355133896253
0.9107859838429552,1.2489407742543523
0.9034391536287739,1.2845779090297333
0.876376198055302,1.3107725689892082
0.9086290454686804,1.2432381368917178
0.8971213237442701,1.2967560218835346
0.870457574139589,1.321782163146393
0.9128583088873479,1.267618032180524
0.9289431177592948,1.2289907566644032
0.8328649711335571,1.3978778006517274
0.8691994072161695,1.3278250227282815
0.9565141912579412,1.2021915570422113
0.8648563293168101,1.3219103434360633
0.8530225881537636,1.352664543460511
0.8896027567385392,1.2797726151905777
0.8286660162388314,1.3773339738038692
0.8673119262600275,1.3142224126693194
0.9080852493686331,1.2799928176539177
0.8355041157809128,1.3729187467892738
0.8120374717239403,1.4202538128643174
0.8683121131653011,1.3193610095278516
0.8762595620756078,1.2984009713883191
0.8864076473261115,1.3008466248714896
0.832387138957536,1.3698351245766374
0.8796731240732965,1.3157092415388196
0.8872353897909452,1.2875804130117472
0.8543737483263696,1.343587508166603
0.8448742751063042,1.3692910398318385
0.8541012152943108,1.3474478708216322
0.891771399774296,1.3009946938815264
0.9124119864470621,1.2725424343903924
0.9150156280821653,1.2322384472396142
0.9311264542744595,1.2424875288206565
0.869567815229052,1.3125565930289753
0.8648563293168101,1.3219103434360633
0.8731085226428978,1.3359630477371782
0.8856330169768012,1.315995934117625
0.8909100069214566,1.2845568433980568
0.8086880111142528,1.4336900922329776
0.8842788697546153,1.2916630758595862
0.8759144554486725,1.3084271202672977
0.9539846296954574,1.1936648347075978
0.9549668066397182,1.2015063902749996
0.8414758910138153,1.3709891452568366
0.8101393042943967,1.4327225414080362
0.8787620819567586,1.3112007372959529
0.8775087325918357,1.318354803182259
0.8572277242020251,1.3405399384845245
0.8443968259914558,1.3712263434445597
0.8581313388301649,1.3507979897290083
0.8864076473261115,1.3008466248714896
0.8820611823211985,1.3047429393074579
0.92009210658104,1.2391090509042275
0.8630919859857056,1.3557884797847564
0.8642116682729751,1.3407968480474854
0.8727663492329267,1.330325201973647
0.806792760113118,1.4380867902008225
0.895917887991161,1.2759167817654398
0.9109956372967818,1.2726480777974758
0.8295893303344662,1.386821153522267
0.8301028477585431,1.3901322118571358
0.9121940692958778,1.255977359066459
0.8982928725062144,1.277156761770558
0.9086290454686804,1.2432381368917178
0.8395585916261806,1.391002668735256
0.850627854970918,1.373639368043771
0.8439046246254278,1.3540109826432474
0.8331796747778426,1.3951338506650914
0.8652610537790619,1.3279685907486194
0.8176264575761751,1.4196109653208384
0.8572277242020251,1.3405399384845245
0.9041990060697975,1.2652876549342527
0.8652095105475794,1.3387314681796827
0.8242796836930687,1.3974512918997433
0.8879009266842173,1.2947509784280218
0.841131792193874,1.3781088103529515
0.8607119031772087,1.3185729122170995
0.8543033460197813,1.3457577395421685
0.7628226500014326,1.4886599072362319
0.905434888269868,1.2798388483123468
0.8295185050814656,1.3956376427016846
0.8183215913773131,1.416889849579074
0.9545316125229917,1.2003990037570378
0.8441428783113,1.3654382595196912
0.8390489653521975,1.3649671681468263
0.8621572483693919,1.3371218959740774
0.8578007239212911,1.3398865630864876
0.8865713974497543,1.3034112716595898
0.8800237149943374,1.288292509021764
0.8686292701403583,1.3242766844706377
0.8761745341398928,1.300281538218229
0.86040230649347,1.3268399299474878
0.8708125446170312,1.3220433964622316
0.8750557601847655,1.3064290994460686
0.8751874802306217,1.297209230135692
0.8516438373418005,1.3602509331528438
0.8539041489214911,1.3476537133422657
0.8414349901619185,1.3920154148854569
0.8867642516992901,1.3013860992215525
0.8939258397275087,1.273149505109228
0.920946047011574,1.2554192775489512
0.8476321944367469,1.3670059724390797
0.9362249992499543,1.2313873487257716
0.8464348055903828,1.371469816797415
0.8977230227725378,1.297188056547936
0.8594450964769034,1.364866161854663
0.8859195240695105,1.2926962619385802
0.8743881840116263,1.3157614649186318
0.8715451475470906,1.3419244626188311
0.8471639849543974,1.3543976597111065
0.8638240363643129,1.3345555417348571
0.8641261343288548,1.304627021769771
0.8773495035407081,1.3020993970319792
0.8787620819567586,1.3112007372959529
0.8986356359086929,1.288635122057384
0.9293027855489933,1.2308545292957538
0.8242796836930687,1.3974512918997433
0.8987836062510286,1.2798806266744394
0.9075919842780977,1.2818706916888805
0.9113612704240232,1.2703627019949288
0.8542050392052241,1.3442951695270837
0.8577390227641519,1.3370565323799064
0.8556235818939204,1.3592667384345023
0.8751874802306217,1.297209230135692
0.8362017286926382,1.3796196755563988
0.8654433079951194,1.3225816642874209
0.8715451475470906,1.3419244626188311
0.8607317665540084,1.3293548975277976
0.8524593401840806,1.348092849096241
0.9113612704240232,1.2703627019949288
0.8470315544699754,1.3607472889339294
0.8838198128070861,1.3042926921384812
0.8806450437760351,1.3089986590489575
0.9086856722056983,1.2887240053402527
0.853311899183109,1.3365331941958534
0.91004175747605,1.2486653225241093
0.8997179636450999,1.279557390553427
0.9034391536287739,1.2845779090297333
0.8311683338498796,1.3929791788086696
0.9005221519055541,1.273531386232878
0.8647096445650968,1.3363925882087804
0.9006854417596211,1.2709530078638476
0.8589509373179933,1.3389494333123912
0.840388070486017,1.3710863470204766
0.9603280551970438,1.1830935466779122
0.9036865106551221,1.2576123864222053
0.9357184214415457,1.2342259225812864
0.8671550921062449,1.3270019639943587
0.8915971036437884,1.2950012041582504
0.9194178224301477,1.2480321006148227
0.8469933130960172,1.3663341796535322
0.875505008892517,1.3236694290489106
0.8709714443120786,1.318518089235518
0.8951599213763356,1.2933033204958049
0.841131792193874,1.3781088103529515
0.9180084405847342,1.257326170238225
0.8961795356293637,1.28615895856533
0.9288367859218477,1.243579942219437
0.9204182581165095,1.2362961711167857
0.8565315503090116,1.3316673110039687
0.8442582531335984,1.3662143085110783
0.8635070073956562,1.338700465931088
0.899281297109633,1.2928634298834174
0.8680265725475493,1.3260239392487072
0.8490668001323294,1.3654021121746684
0.8568758822744392,1.308794764484656
0.8474993396130759,1.3591517958103032
0.853279425646316,1.3457781149851942
0.8672649827522638,1.327856777118381
0.8616705949086259,1.298801498049017
0.8808669882774407,1.2970753116565708
0.9343103509608881,1.2245406183479441
0.8000235192038964,1.4370961437814285
0.9005679349710917,1.2543767238294887
0.9099148137423327,1.2512876105297932
0.9058578844222176,1.2713617732166744
0.8353294604673202,1.3847669242221863
0.8543737483263696,1.343587508166603
0.8816736001217409,1.2964717211146097
0.9010035213660897,1.27081711908823
0.881064172962226,1.3194286159355262
0.9387281235557349,1.2017802916333067
0.8123125519341898,1.4216922017552402
0.8942256319173674,1.288739568670448
0.9505386863951409,1.2077902795900375
0.9017913764296783,1.2707355040195798
0.8470386196712816,1.3712095844972452
0.875167438287781,1.3012624094642051
0.8906678805120904,1.2959214311726246
0.9026895138682413,1.269245689471466
0.8493344755266976,1.3624053558792515
0.9371323283239434,1.2367188643806517
0.9098769752574977,1.2565974315153523
0.8822918960326241,1.3038975758406042
0.9817072743285655,1.1440897423789516
0.9346506513952346,1.233808814653265
0.8852577141743017,1.2932347253096248
0.89275325415083,1.3029735149509682
0.8887114401098792,1.2963346694140652
0.8309089542959915,1.3766040805393478
0.8771701877255722,1.3144350531477935
0.8282052667945066,1.3827683455373672
0.9597214535916747,1.180407967289131
0.9188947883906838,1.2450902888381992
0.8467865806670803,1.350752168296685
0.8840507663493502,1.2888485269615926
0.8650005719059669,1.3236722187264962
0.9346506513952346,1.233808814653265
0.9154018852937289,1.254566528909497
0.9164254559039959,1.2544510616838365
0.8894722305982412,1.2920713503595898
0.8714903050465981,1.3190165498484618
0.875167438287781,1.3012624094642051
0.8648563293168101,1.3219103434360633
0.9072689245779113,1.2842751445133957
0.8868678012462616,1.3037667440379335
0.9448317626418707,1.2124933430814084
0.8920102130230887,1.2797583935015084
0.8509737011657936,1.372463813968062
0.8511222232822632,1.3667329128463928
0.8687363652794353,1.2979595946144573
0.8952257527763233,1.2995352488167295
0.8356425342350767,1.3737489294598157
0.8286660162388314,1.3773339738038692
0.8279114314168996,1.3855626579716074
0.8675020626510389,1.3301614723175998
0.8738690184522988,1.314385594158355
0.8807402601203673,1.300230243240403
0.870042208090291,1.3325623504251904
0.872694057018519,1.3076112620704465
0.895466650975677,1.2775382119426173
0.8650005719059669,1.3236722187264962
0.877819480432194,1.2988141368150061
0.889295403257912,1.2998421291910813
0.8473798803263894,1.357251798455783
0.8338900663141475,1.368117429520171
0.847575001198966,1.3636102281592293
0.9011792912341474,1.2688603931067648
0.8548292465343729,1.349640465809314
0.8851736163554216,1.3010028707588923
0.8612860833310708,1.329469597631661
0.8767826823756457,1.2920077826299314
0.8723491694730403,1.300631304895969
0.8951539652993473,1.2697715282709168
0.8671581502704869,1.321206816328687
0.8542796317925913,1.3497873172272083
0.8404465064467451,1.3686950795905302
0.8833942468835367,1.2881396042997961
0.8977230227725378,1.297188056547936
0.8882625764815947,1.2872485369551452
0.847575001198966,1.3636102281592293
0.9177908305889291,1.2329390691145008
0.8062173097683489,1.4367971054102449
0.9103243657103686,1.250629471816173
0.9070866390026618,1.267781755474544
0.9128729645841648,1.2679585280966021
0.9241437898606104,1.2349224925626752
0.8412956256263405,1.3587223256061811
0.891771399774296,1.3009946938815264
0.8158467377055266,1.4221422961997776
0.9001361701711037,1.2872141403083546
0.8985947223101388,1.295233196957798
0.8749168798701845,1.3109603917042212
0.9610778947055808,1.191057927835875
0.8176498857761338,1.4157932653905103
0.9123408796916795,1.2587944476572175
0.8820081351239696,1.2937829813460693
0.9146951970572355,1.23260516937623
0.8630919859857056,1.3557884797847564
0.9320722344670952,1.2441302813625024
0.8524593401840806,1.348092849096241
0.9094508319136247,1.264800237698306
0.8598285297985001,1.3352701958683637
0.8841832118270749,1.3132046053586939
0.9083374939593596,1.2460943259207808
0.8912905402176973,1.295721241701713
0.8573801877198887,1.3476687870594377
0.8561229000157596,1.3363662012783804
0.8573801877198887,1.3476687870594377
0.8711529537613126,1.3264205968348788
0.8798252756672242,1.3108235037049232
0.9175966488285627,1.259286411834922
0.8991986972913362,1.2744296675769535
0.9173969916584518,1.2574499414723064
0.8920676241073094,1.2940275682783127
0.8713831480921417,1.3034626284296391
0.8778999201367161,1.3027576469390025
0.9341677865055601,1.2424490539258741
0.8502077156004837,1.338897303548704
0.8553093864293136,1.3461575846410176
0.8811337790893601,1.3045810383303795
0.8928913147653257,1.2707605154775132
0.8887820395752424,1.3079136207509
0.8142815183364889,1.4273334300954126
0.8857762677410567,1.3087284518873925
0.8854489141736377,1.2905133812816294
0.919156036540508,1.24936023560142
0.8761745341398928,1.300281538218229
0.8232094689556425,1.3940775970094743
0.9123734254404472,1.2377355133896253
0.9447068179212526,1.2283695964529657
0.9147559730386176,1.2764576368940483
0.9009961012006985,1.2757108129481523
0.9248904734782555,1.2570839948614159
0.8464701649884588,1.3535339369064272
0.9103281095256665,1.2676815484981274
0.8949310419872265,1.2876706464263326
0.9829058403014673,1.1615934056684114
0.8686442885662911,1.3318164037361797
0.8751874802306217,1.297209230135692
0.8922157738286061,1.288911964634277
0.9006854417596211,1.2709530078638476
0.8700362994843724,1.3315136093070286
0.8763872205152743,1.303203797516825
0.8900279035171987,1.30017781404948
0.8469933130960172,1.3663341796535322
0.8263350153687546,1.3992436921147446
0.8550580922524129,1.3636888906091167
0.931676106025688,1.218668941320587
0.8542796317925913,1.3497873172272083
0.9360412226912208,1.2083991064590687
0.8586071563621759,1.323792776357643
0.8820546043114129,1.3169962324388793
0.9954745842045599,1.1540651914923696
0.8868678012462616,1.3037667440379335
0.9197825804031415,1.2557318560143313
0.8893186552940127,1.2989085977610175
0.9070168796565203,1.2656259319500542
0.8726106898035297,1.3181294145427371
0.8992047595616062,1.2908407705302516
0.8854655015014937,1.2924929444480784
0.8199838161340245,1.4098965996979116
0.9216713680618339,1.244335548291528
0.905434888269868,1.2798388483123468
0.8911099992472781,1.286209089491701
0.8760805511910832,1.3004848786349466
0.8917586592928612,1.2895528621598398
0.8263571079544775,1.4025586379106796
0.8648563293168101,1.3219103434360633
0.8833473794657258,1.3048222816914217
0.8484291405387298,1.3664023080356742
0.9310702271706797,1.2346916442481246
0.9036848149763653,1.2503144676773796
0.8394777296716929,1.3904770252669618
0.9225204749853385,1.2421850301743917
0.8892743041364763,1.2801517544679009
0.8746063758398801,1.3110082341365905
0.8385156149688947,1.370984465422827
0.8955395996653925,1.2848111277882313
0.845989751229659,1.3546571198993882
0.9043571994351005,1.2607929605530055
0.8904495329737313,1.3021177294260178
0.9020222393795877,1.2751434578020215
0.9001361701711037,1.2872141403083546
0.8183416818432488,1.383226961636753
0.8771701877255722,1.3144350531477935
0.9549668066397182,1.2015063902749996
0.8532645051401477,1.3529488410212516
0.868166946775554,1.3206173987558112
0.9414358319013396,1.2072606007632072
0.848126191181738,1.3707533821714175
0.8484291405387298,1.3664023080356742
0.9060010037786852,1.2577334574573384
0.9122931651479917,1.276328360037131
0.8706466922486314,1.3062635473406163
0.895466650975677,1.2775382119426173
0.8985038297315676,1.2943779222601974
0.9021195057833795,1.2855798135415704
0.8680265725475493,1.3260239392487072
0.9036865106551221,1.2576123864222053
0.8632953538698618,1.3429530467184931
0.8648294887607033,1.3343860270004515
0.8053474999064186,1.4366076563399632
0.8416160716305429,1.3502133399685523
0.9089373346276353,1.2684357733020635
0.8326903373883469,1.3621627495547524
0.8882967995691028,1.2891505478313152
0.8502952270984251,1.3655153521221435
0.879089185587739,1.3176545200945673
0.9222648025278092,1.2325695801761616
0.9111607055651479,1.244939082932804
0.8130563855688798,1.412104348149537
0.9274673064135851,1.2431606715933239
0.9150263861688688,1.260473824454507
0.9273347978267783,1.2388984869473383
0.8857762677410567,1.3087284518873925
0.8414349901619185,1.3920154148854569
0.809183216271226,1.414221025970646
0.8788750472767588,1.3198729013115769
0.8899393437385287,1.296332528209303
0.8705248111740354,1.3275130186982378
0.8967174050884278,1.268599732315537
0.8812326990888439,1.3203607998114546
0.8769024688498355,1.298098813235605
0.8473459081661245,1.3657704421945172
0.871351855109149,1.2897610813581388
0.8635070073956562,1.338700465931088
0.8086880111142528,1.4336900922329776
0.8625875744844876,1.3405206779623733
0.8992386947482144,1.2722984631550218
0.884500873040652,1.3117189110867116
0.8573004670764444,1.3324529005821166
0.9251866250914141,1.2332370791574587
0.8645787360462232,1.32891561873183
0.9214108779150552,1.2437490427938669
0.8953671406398321,1.3025543132408401
0.8863945471707175,1.3033109908411895
0.8227181137974595,1.3925079163160887
0.8543227049665378,1.3390965781417616
0.8417781659941599,1.3607000843460741
0.8993509382832153,1.2794516668783196
0.9600600759399318,1.1927295782355547
0.8758400370810946,1.3117492209845667
0.921972657611758,1.2395875709606434
0.7895759461106511,1.4774486421386415
0.8431004676628135,1.3713012297524771
0.9182851285203827,1.2422515218586478
0.9565810613492473,1.1998261661995597
0.8622489802048962,1.333755417402484
0.8951351365960395,1.278730516543386
0.8380430887335173,1.3738972645000451
0.874328216240814,1.3198308328828472
0.8911585778969543,1.289817672284915
0.8773585381081764,1.3112075118291309
0.8885105811804381,1.3005650845168766
0.8843157942515548,1.3050088917685536
0.8662331528082893,1.3360724733328533
0.8488112006408709,1.3476706821688809
0.8494790245590012,1.3636551726785002
0.939250447892319,1.2143028530687958
0.8983211702606715,1.275367500514263
0.8549380727904301,1.3498410008267154
0.8878715767730866,1.2992475596528046
0.9089373346276353,1.2684357733020635
0.8807402601203673,1.300230243240403
0.8610877406760251,1.3269381551645694
0.8529478262018242,1.3417016484326671
0.8872353897909452,1.2875804130117472
0.8663190079835849,1.3360377026443737
0.8981183327916236,1.2908682872876773
0.8929850119984348,1.2836760536433618
0.8598835265216054,1.337970413624554
0.8394902578426129,1.3708108798663692
0.9020575029660476,1.283342682674784
0.8550741918698435,1.3303246556307786
0.8363058874576592,1.3835315980863017
0.9302124976627377,1.2313227425329445
0.8842033120699997,1.2861647965339098
0.8482737409367039,1.3643616843531579
0.836671382514608,1.3697226645933285
0.9365402591327954,1.2200444915010697
0.8817723155394331,1.3198234165132723
0.8539077333817318,1.3571599568388675
0.8134258249876476,1.4196359478077791
0.9407202270103596,1.216613864568783
0.8564629739943395,1.3114035962835449
0.8378953366223495,1.368640840227806
0.8712140539620592,1.3156980885133505
0.8898712885524211,1.2989250203938005
0.8970824240401438,1.2760956130638972
0.8935685535512773,1.2775531769615407
0.8929265142793729,1.2897925377535129
0.9182032638031865,1.2659319681163357
0.8857762677410567,1.3087284518873925
0.8730624166427098,1.3197000737066242
0.8665843594656599,1.3155048249124301
0.9071418001497134,1.260991187357507
0.9001933272853321,1.274531269815874
0.8614074013644817,1.3381481026357067
0.8927988722691864,1.2948180295353435
0.8650245932270463,1.332583042695563
0.8821284377711917,1.2994921739943033
0.9297263462453427,1.2458027866093735
0.8907480043426971,1.285881434510721
0.9171914956504239,1.251691982486083
0.875783805263031,1.3185161182333676
0.8910684836723777,1.2987554850043448
0.902163990966579,1.2575138864928326
0.8767679781374315,1.3170782047207952
0.8144141420052436,1.4116118694369826
0.8808529894629643,1.316160982455193
0.8682886142224205,1.3193554851063052
0.8827401798935107,1.2971860197637444
0.8562831538754366,1.3519913086349922
0.9597895450096924,1.197089742790815
0.8515631145232045,1.3575428198320918
0.9230333472421245,1.244429141372996
0.8423672131483957,1.3575943021264925
0.8480074559476136,1.3643159103664273
0.9130346962207476,1.2410396144515805
0.9302124976627377,1.2313227425329445
0.8955395996653925,1.2848111277882313
0.8369415569128626,1.3888899148591165
0.8682886142224205,1.3193554851063052
0.8947485225845633,1.2973278205985626
0.8906678805120904,1.2959214311726246
0.8573004670764444,1.3324529005821166
0.8612223867393015,1.3477168155787311
0.9128729645841648,1.2679585280966021
0.8422692926565084,1.3961700479000385
0.8686292701403583,1.3242766844706377
0.8811245919785328,1.2936396825963987
0.874282217955887,1.3194996708586357
0.8880377871496963,1.2667889699118382
0.8543033460197813,1.3457577395421685
0.9541166723562334,1.196855658166453
0.8749168798701845,1.3109603917042212
0.8951714945228559,1.266113018871858
0.9293634333803631,1.2421107822905009
0.975160733704787,1.16875069628348
0.8846857861130356,1.309949700400995
0.8543414365838747,1.361774645727596
0.8846751973011805,1.3132555610371923
0.8745936122951519,1.3200145053753471
0.8987471397932361,1.2839506002342755
0.841153904894147,1.3691310262430763
0.8261328892251742,1.4034856892857828
0.8960661802575686,1.2739640300425181
0.8878279887912415,1.294241368102029
0.8987836062510286,1.2798806266744394
0.9414358319013396,1.2072606007632072
0.8904879663505822,1.2850705141502812
0.8802005493295467,1.3196663553497414
0.8730350816582008,1.3170424458578973
0.9232562338167057,1.2458923221149232
0.8242490934357006,1.3998393341522288
0.8912116098485477,1.2916616667136964
0.8650245932270463,1.332583042695563
0.8960661802575686,1.2739640300425181
0.8515631145232045,1.3575428198320918
0.8849756921488334,1.3052042612910175
0.8936362881931478,1.2904283271732186
0.8306737251404372,1.376460554476597
0.9150156280821653,1.2322384472396142
0.8219321654039821,1.4028767822569885
0.870173445096404,1.3466459255944887
0.8897986477336969,1.2816055063260416
0.9556126603371127,1.2016479191189475
0.8234320318054876,1.4079925707687746
0.9286342333398854,1.2259998532923764
0.8948539717607519,1.2835341718282192
0.8610712181187224,1.3523121207295237
0.8842857656823294,1.2890716573245051
0.9310509256331412,1.2206056010500856
0.8833322745239274,1.319183181430483
0.8140780911151015,1.4194503819123203
0.8555244965706982,1.3266577119371807
0.8658436266579692,1.3424924294616694
0.8889333244366745,1.280801731056771
0.8347448810875099,1.3771978179106135
0.8663689629352114,1.3325239842100782
0.8662712731274856,1.3338516844749642
0.8845266437075036,1.3068018079980595
0.8412206622848586,1.3654948696700322
0.8703547788371501,1.3152440189756254
0.8942256319173674,1.288739568670448
0.9103659961410111,1.2717370757794186
0.8795600869874726,1.2996583644049737
0.9190165968587809,1.2468863650523412
0.8801648385888431,1.3047193356124616
0.8746078001320435,1.3389395274916414
0.9323407641973747,1.2344751295893361
0.9205881435436378,1.2705534440554669
0.8572842474400342,1.3373165398061797
0.9145746228662315,1.2496384742237983
0.8828351217338583,1.300772524648989
0.8470527090002427,1.348177933479897
0.8539477098751235,1.3567804310414493
0.8824596603617327,1.3071544075383112
0.8812664253728992,1.2869485043000455
0.8702809361525112,1.3234757718643164
0.8910730091378986,1.2975981310671068
0.8939436792852324,1.2838384108290253
0.9016158929538073,1.2572658259997713
0.8606515440918954,1.346784104571646
0.9195850067751585,1.2461007114778404
0.8867702629678088,1.2959947696890737
0.881735576354794,1.2967140583279795
0.846015331436937,1.3364254284475796
0.9302779636196784,1.2374398456027411
0.8419611928890799,1.3777505064555151
0.8707735067933912,1.3119913895396413
0.9114949532587348,1.2683042604740342
0.8531630778150389,1.3495781825306297
0.8980083220503171,1.2731639076894024
0.8948539717607519,1.2835341718282192
0.9152560665840925,1.2423997254982992
0.8768441966405098,1.3043765499405817
0.8810498787076105,1.3030496303551398
0.9378826642883994,1.2300144072431367
0.8662331528082893,1.3360724733328533
0.8539627520536744,1.3475613388910652
0.8053474999064186,1.4366076563399632
0.9013309550519494,1.2628114776894708
0.8513439063517647,1.3421232121903737
0.9202921174745877,1.240332577947093
0.9319761018039063,1.2442539334678897
0.9036848149763653,1.2503144676773796
0.8665344547997053,1.329633839745735
0.8636867524052865,1.3324559417287254
0.8436455746262519,1.3678604520492108
0.8930365550471453,1.2754602710270326
0.9109409162325767,1.2636565243509246
0.7865083412770477,1.4840587575350388
0.8428435227672197,1.3733496200078124
0.9052554897320698,1.275761223429847
0.8568470584003339,1.3296962414673204
0.8123125519341898,1.4216922017552402
0.8463235085405847,1.355082635227611
0.8658885784943615,1.3133441102063015
0.8880420381350868,1.3020229902997467
0.956656976446196,1.1996908465590124
0.903025803560555,1.2919189397328121
0.8378761771900799,1.3629463131533286
0.8666997508291829,1.3195592616210672
0.831684985312703,1.3809252705984028
0.8770621501408318,1.3079318747357513
0.891771399774296,1.3009946938815264
0.8876927609140185,1.293552312698273
0.8686292701403583,1.3242766844706377
0.8864076473261115,1.3008466248714896
0.8795612921778576,1.3163900131138404
0.8635070073956562,1.338700465931088
0.8755333545158464,1.3336873463133339
0.8523022061340627,1.3595947719609718
0.9578910437241774,1.21437693775219
0.8985947223101388,1.295233196957798
0.9010035213660897,1.27081711908823
0.9037289905717172,1.2800385603661324
0.849788533325124,1.3529058291414409
0.8835379848039822,1.306484740888705
0.951421193826081,1.2021925049230449
0.8727138941943497,1.3430612196574923
0.8994146575024181,1.2658099396896376
0.9428378030299389,1.2398049967784455
0.8419341211623632,1.3596637801891238
0.8409633017564178,1.3828369613055946
0.8680452382476878,1.3265024493380628
0.8730350816582008,1.3170424458578973
0.8309089542959915,1.3766040805393478
0.8277035038278795,1.41474808534275
0.8895872379469101,1.2998164900715308
0.9309062695739244,1.232145001597285
0.8702915101313019,1.3202544538766177
0.8531054517956725,1.3439657231368116
0.8571828654353946,1.3533742270217446
0.9751994946336778,1.1759267727782483
0.8343088852059954,1.3772994014037838
0.9005221519055541,1.273531386232878
0.8368283862076162,1.35307411820123
0.841901423189163,1.370163940386175
0.8515555159183514,1.3684550185872708
0.9385347447996123,1.2390010035789543
0.875615744992156,1.3128716853827866
0.8614074013644817,1.3381481026357067
0.9063074615708309,1.268356563907489
0.8599388092874547,1.3116591582852517
0.9138251062709528,1.228602953254973
0.8783384649109952,1.3192751921195962
0.8509028065499927,1.342162169779903
0.8260324116918654,1.3882332597702491
0.9198176040402994,1.2436004269752323
0.9228901585930153,1.244478768444701
0.8980083220503171,1.2731639076894024
0.8613620075635052,1.3215686216362068
0.8114277501453929,1.412478655728549
0.9060189349578851,1.2609003086777244
0.8941120631546375,1.2676475856718064
0.840931161053322,1.375511529182832
0.8826617700616967,1.288156593108302
0.9181987698275184,1.2409018064521582
0.8713362353039591,1.3007523070368354
0.8795266352423493,1.2879579564675212
0.8440869942487217,1.3543870411449659
0.8500704778224335,1.3870878304485115
0.8340106643081768,1.3955405217247407
0.9057378617800592,1.2712628721544024
0.7895474790099516,1.4655820833529891
0.871351855109149,1.2897610813581388
0.8789404778508234,1.3100058697184083
0.8682886142224205,1.3193554851063052
0.9160376512322402,1.2597873524374605
0.8961577058293541,1.2972781988122606
0.8757278202209797,1.3097163447796532
0.8731085226428978,1.3359630477371782
0.8414349901619185,1.3920154148854569
0.9141581490532604,1.2288787636579737
0.897642218152077,1.3018086911305653
0.8763895786851053,1.3007577604615834
0.8713358309743184,1.33069561187476
0.8348066699760376,1.3775565714320888
0.8693913075206245,1.3245550700557456
0.8306885384834083,1.3792547519693212
0.8804067881542251,1.3275211532759785
0.8832660054300739,1.2948386860292656
0.900792812153181,1.285652849283025
0.8708095055006414,1.3378187133336708
0.8909100069214566,1.2845568433980568
0.8961795356293637,1.28615895856533
0.8571897152105827,1.3571266574643834
0.9012160161154527,1.2782429259057957
0.8746063758398801,1.3110082341365905
0.8476168233214298,1.358122944804362
0.8664094561783614,1.3262107903941573
0.8713377070815129,1.3185122235125368
0.8278323531528343,1.3841712444353345
0.8442750429977123,1.3866293545737256
