0,1
0.5208161668142182,3.059196031606061
0.4342752553579451,3.8875327515814484
0.46977688916420296,3.5145108731574703
0.49641643936056795,3.303548287871225
0.4696068305574317,3.5842805817653414
0.4570795140523247,3.7355740217765785
0.49103833926050866,3.394777997383569
0.465448411380351,3.613583891171217
0.5070139672374971,3.193514758162918
0.5023212004564659,3.212334278964872
0.49357169221438313,3.3072360722935095
0.4654194470311058,3.579328738488478
0.44929666008908176,3.672423456799531
0.4808982997218,3.455100499879907
0.4538571299297398,3.6649378942721653
0.4609142639803067,3.6512532421103803
0.4788849347810741,3.4713901690592013
0.4522101704425632,3.7861688810254286
0.5864602218829886,2.7876263734175906
0.4531992499405721,3.740225785917052
0.44948403635575435,3.7014019617394935
0.4718010753820361,3.5187773776556046
0.4923253565238781,3.368793342717731
0.47801371336315907,3.493100152099474
0.4375349811344635,3.8607377149753597
0.46458835297068996,3.4752278709706546
0.4881300229953108,3.427458001392238
0.5027028769855446,3.224593958007632
0.486069544880032,3.3995370788429686
0.4708505929856865,3.6142717696455176
0.49120196776852526,3.350766789223607
0.4710677371596834,3.5480603276677316
0.46507088837094096,3.662850489510452
0.5003243608472538,3.2698216413169505
0.5367095794272815,2.9617401440733984
0.4236369443604449,4.072811612624365
0.508002677202952,3.2210552187990897
0.4428473745505889,3.83739557017944
0.5082899249780688,3.286265256349999
0.4966423577149751,3.3762746685213223
0.4688385221779542,3.640284354291328
0.4864116408825587,3.335639122376806
0.433853365542864,3.9329666398172147
0.45300582403524925,3.714665107053783
0.5029055394784709,3.2426555100369714
0.47258930015083633,3.5431465008704666
0.4808208739762296,3.4483863054014923
0.46664868689815253,3.5626820462579403
0.4805828591000024,3.417864973254212
0.4565640623383244,3.6867799468460043
0.5083066919463917,3.138242885453955
0.49567687947177164,3.2757861805374295
0.4827991662671366,3.395830529482686
0.46962142094598847,3.680007215065151
0.47109207715381135,3.5060528012570846
0.4552762664815451,3.699381989261619
0.5259464218701292,3.084679523138343
0.48580286559310365,3.4036175284852246
0.45812502729020455,3.60931029106581
0.5135317345728867,3.224684361111727
0.518491154879107,3.1176391956346787
0.47163438731999424,3.4891599350634235
0.481423544538917,3.4097908072067757
0.49564164828411755,3.328966045217457
0.4616378961355684,3.6546328809454045
0.4769710688630675,3.5142427001774177
0.487289453002423,3.3678945504324562
0.4323156202209886,3.9690356097438078
0.468778424316133,3.573736714906602
0.47404743752695705,3.5106777068186545
0.4471789608881209,3.8379149383727498
0.49306923970441735,3.3850365061577845
0.47168367032632885,3.5669918563231775
0.5073538504374585,3.2334976902484653
0.482859475378086,3.450970555592033
0.4450633938025059,3.8255827158655764
0.5216923429910933,3.113740896952926
0.4834069976578363,3.434649311715993
0.47498999104052386,3.4834422467753607
0.4883249794178564,3.3628425783396314
0.4656633126987543,3.5506585825963346
0.48477482371109204,3.410440303884201
0.45503140641189577,3.682870443486847
0.47475846390942045,3.535591033790876
0.47143104034134353,3.475769716873484
0.4727425116918597,3.522353509861188
0.511973460552408,3.1856178086920415
0.5828378068047886,2.62490113992955
0.48955387732120326,3.3789984354269023
0.47026172269813266,3.4959087011580183
0.49952424458124894,3.307665617247997
0.46021085285244523,3.608557571469638
0.4402393783741657,3.917029980042951
0.5261349302388172,3.0628341889294837
0.4019431729704154,4.380046663570715
0.45885518452750573,3.64729991021979
0.46738399879183606,3.620875234572578
0.4923781903191448,3.332134629525752
0.4664418046970373,3.544462232522292
0.49243689148883285,3.3225283050622694
0.47523223186236324,3.555262237539693
0.4722634805427248,3.448745711449613
0.4392770947211979,3.8488204490334543
0.5227669010368758,3.058081013790727
0.5274013126374824,3.120024133726295
0.45592542382665807,3.708041935059523
0.4959214915712397,3.3640189355627013
0.4818988202147311,3.4444225409108307
0.4643224595912812,3.6366715945156236
0.49496573608678673,3.365190559911367
0.44064731268629176,3.802637135226567
0.49111066026837213,3.342978668024923
0.47985317292320945,3.4732685395004537
0.4770485376633253,3.475453718559631
0.48472128553799415,3.4027969144375985
0.45798464896486246,3.7168730610416545
0.4758560122474107,3.5085414520846308
0.4741706686982604,3.521274347181414
0.5121634097610166,3.1879854199153206
0.4981546346292352,3.263299608965596
0.5386317468484366,2.9867111964292095
0.4616256361313639,3.6112644284195157
0.5122096849576618,3.210400926167253
0.5291911491186048,3.0126660455495524
0.5066058227873258,3.1895610538961012
0.500470161281872,3.2742237022322476
0.4603608072017624,3.6976864698366287
0.4073006623947097,4.228511215802435
0.4932482934892872,3.3663861408852793
0.4383040810322356,3.8403910599082813
0.45917876353013976,3.7205039322116265
0.4859992812331876,3.421252028792253
0.4657014547454014,3.636195555990415
0.41711571792878105,3.9918680392243187
0.4378983933488625,3.8902541533358788
0.5142776394605171,3.1588329455365227
0.4760335866430072,3.5341832719854835
0.5222413896973367,3.094354263336881
0.4542169874325229,3.7368662049805
0.4206358300157462,4.135907425483169
0.4501863421636225,3.7800706390353285
0.5318868164294863,3.047214220260363
0.46276761115064063,3.5527028316978506
0.508939416903561,3.22889756847455
0.45334172960023383,3.7623909324419325
0.5170396494591292,3.1757412213557648
0.49915483878904915,3.2943881220541744
0.4700417055435251,3.518940303720354
0.5014568741406407,3.2445282034914174
0.43940493860172025,3.914069284870346
0.4643053838465016,3.590592631684478
0.4941869751658794,3.3131951783388365
0.4372295640293373,3.9281924733898714
0.472448999537894,3.5184884122715547
0.4806450976147736,3.480134427024682
0.49469987300236684,3.331121853338575
0.5320400868414414,2.978931152252134
0.46402441234057634,3.6290260700723023
0.5148993592527221,3.1454481367252023
0.4419086491322999,3.982575880514564
0.4564778302474184,3.687873809459855
0.4906833578244478,3.3110244244657463
0.47898923252177816,3.5057013374982744
0.45140243004391223,3.772210111475272
0.4808337217974431,3.462418827589288
0.49640825480323714,3.328928657691761
0.5144600354591781,3.1318623049425387
0.45940782204851977,3.742872648472292
0.47326144774874085,3.5072777802484043
0.45816347894626114,3.7103810737457508
0.4537267180435947,3.6454064200874416
0.46522442227057237,3.562453132253594
0.4425528993722526,3.912781732253769
0.5155610241711227,3.1245773127809473
0.49202513671717807,3.3674633266905096
0.5148810914813104,3.1573353289842574
0.44730141165619847,3.8079802337578537
0.45626622174791676,3.7786732186725747
0.516580893441166,3.095457051056451
0.4543809541032143,3.7626616601479546
0.4820578495753227,3.4332784129171765
0.4518894214794469,3.68325240442571
0.4855409688250234,3.347627898915167
0.5009568969310942,3.2282024398684857
0.48332455263954943,3.452802850746638
0.49623374025267614,3.3023205867792003
0.4747652561534821,3.541601954336827
0.4623856663617936,3.5238613603652382
0.5076864388055533,3.2294469673138284
0.4370907738671581,3.8874848549823735
0.5022003793290475,3.2655695780515965
0.4864209579577866,3.4415629558144607
0.5105825287161954,3.1845996440122386
0.49808367996118896,3.2465535186477306
0.5326841483251417,2.9787086493947132
0.4620465445952151,3.6280335337787775
0.46712277224301774,3.5853471736465647
0.46021717909625126,3.656975619057849
0.4238805396000568,4.113921061188851
0.41106074464451403,4.195800469017989
0.491280319704985,3.334893715373013
0.45913880387381273,3.690686401635844
0.471737687938684,3.5771641859542016
0.4611229739005805,3.636924447543633
0.4717042958509243,3.493350500551233
0.45973769199972575,3.5914710014200293
0.45188373461206366,3.7908808919885826
0.5250952389781264,3.1247869250463567
0.46227286110561583,3.594659892008498
0.4402986334316786,3.8656363112705154
0.4627392244753113,3.628295756517074
0.46365147734757206,3.6147371607686893
0.4457043548839489,3.8934602091484547
0.44408314897733947,3.787443331572407
0.4572561381924394,3.6393366986949953
0.47475194459983083,3.5444981828194764
0.5091232275765488,3.2766057623143987
0.48616010077020005,3.345732061040076
0.4755912306490109,3.5137807261651783
0.5113529057288627,3.1826284962461044
0.4443415998593207,3.813579430515094
0.4301847677032441,3.9503838560610367
0.4510448078497076,3.7110620701946915
0.4748836509047766,3.5049498050247267
0.4845055735573689,3.4539871046800887
0.5022843415512989,3.2790160244761823
0.4922479571170241,3.3411167565292446
0.4489838890761677,3.7399444678931744
0.48208605361335066,3.437781201131233
0.505213331347893,3.23252100241512
0.5068867455781867,3.1897117782878914
0.4557743129610907,3.7266157817558776
0.5075425344481177,3.2476193100666464
0.4617827082611683,3.6934313200410074
0.47829245965505784,3.406522131789802
0.43593678050055723,3.8700601256535085
0.5427967814898138,2.9324173019564888
0.5231391078500947,3.0850724328831696
0.4479245376892011,3.8759587674156815
0.4792766528605522,3.518724931550028
0.5071134059002318,3.2801939070935004
0.47174537470141953,3.5310586422856196
0.4658646655267331,3.6369203983506706
0.4697015543003294,3.5565925081628
0.4505774069225188,3.7824036636300526
0.4430740901644459,3.865328522426473
0.4735859947476546,3.4945759189990566
0.473289168270061,3.5285411608181927
0.43539310209467985,4.012715255126995
0.5122780739347916,3.136316955474277
0.4300623856760319,4.076724526423147
0.4835515200349655,3.409132894611806
0.46706282664275023,3.4728625949202607
0.4991134902789101,3.27351990937979
0.4693649918381049,3.5517821781227443
0.49715982645026474,3.3606131195236735
0.45070104743951384,3.67759252467776
0.4744145712646879,3.4967217612862203
0.4962685269094023,3.3162260721251124
0.4887442911522103,3.431970844830376
0.4657818697659779,3.535287281036921
0.4596683731977856,3.6729720242857127
0.46145347563011535,3.6067334021563418
0.4976167406915398,3.368046526244099
0.48884038217140335,3.363022964559663
0.5512136656368072,2.8781956163118934
0.4911822086153117,3.33203289932889
0.4477065618048477,3.7784595840217055
0.4695650603543338,3.5447997599689893
0.4956180879562697,3.2900768813323387
0.49223445018860973,3.3345644387350855
0.47292577928844404,3.596043641031804
0.44836755980514725,3.7122628662368937
0.5241606586904066,3.1753092721775276
0.5088533397064299,3.2182700051328137
0.5091020587524246,3.1860658768403844
0.4401486548432492,3.849955863870598
0.45154019024246883,3.776096433324413
0.4887418190282102,3.351267940190687
0.4948416978076157,3.29738188423046
0.46871131500919483,3.5902682640216415
0.46618508766492434,3.6561486263281506
0.4769716166556543,3.4481211009077195
0.4810367433211223,3.3723862719045576
0.482876593322872,3.40119043076146
0.46883937071123916,3.5525855735973155
0.4732642663935296,3.462607316212657
0.520084013599063,3.1171159300233815
0.4135907299463605,4.23667675832404
0.4690341537175239,3.528636015955653
0.48758223690406055,3.385012084422329
0.46875471674965424,3.6644700810355215
0.5090054840873115,3.1916760284213956
0.5077792996658219,3.231367957945452
0.4391763893988827,3.926376071419833
0.4726425990694898,3.580711651252786
0.46561517655433615,3.562785358204769
0.49706599622510134,3.3284328255808195
0.4786578528106085,3.4801210558985973
0.48259694712671397,3.4272809640650626
0.4783517072212436,3.4693568919249906
0.4774772896770724,3.468949349704679
0.4663956039527245,3.658794435411689
0.5114357753257379,3.201835390627107
0.48910057256628625,3.3833150210896052
0.5243700826680386,3.109748622688396
0.5049695693360119,3.257073592519919
0.47270178715376937,3.443393732758867
0.45735706798189923,3.693647377302057
0.5067357282911269,3.245940015813562
0.5089519763339726,3.1339063142651997
0.5053462348946884,3.3059969176587636
0.4604554243801574,3.6206551179829787
0.4905106292648422,3.3012933493603973
0.46866975786010223,3.616439107114933
0.41951331153691046,4.025592553091858
0.43362556650975254,3.9639074504190996
0.4718527774740783,3.518214764110777
0.46066593829400926,3.6704175104804464
0.47770669380061287,3.380872673638321
0.5271908130311509,3.0909770310059472
0.4364031966571493,3.8754852394823605
0.5024709299480913,3.283859737689798
0.48790385297906474,3.3907992144598866
0.4813990069597515,3.409952922351249
0.46945181597466923,3.4878274515938905
0.5114021272090449,3.1912460610349727
0.4899624988590907,3.418278459287598
0.46041709905371786,3.59218215836363
0.4545727011640996,3.7345712171907297
0.5503487210415621,2.8384101860673434
0.45629264306240924,3.595604189891165
0.467084278265413,3.610657699849586
0.5179378393423527,3.209648199995436
0.46924311380966555,3.558822671358341
0.4389838515140705,3.942438628728506
0.4544425428603954,3.733633304167043
0.48556868433064637,3.398200543532814
0.48484653862844035,3.378613766269851
0.42594310397858703,3.9916372128296875
0.4923994672872799,3.403766744087218
0.47332340284254215,3.5725910539670847
0.4443197073007261,3.86152876584258
0.5150002770788027,3.1799979134619587
0.46735866950558524,3.532559973408246
0.490900570532813,3.3995337033741095
0.46219918537453886,3.5954952314432465
0.4693403998004864,3.5307592020369127
0.46859827658741837,3.6415481573611683
0.46974364396662355,3.5713528671276813
0.48145933765379767,3.4623146493297834
0.4725786603866626,3.5577195481952173
0.466787703213392,3.6101004027789574
0.4605361837494828,3.6402646917437798
0.4743990473683737,3.514632455990425
0.5008278549636854,3.3154994194372893
0.4454118931378628,3.8593342383452844
0.48183390048649255,3.410083097199799
0.49217369232831615,3.3528725306438
0.47478845953088833,3.496799328231881
0.4675875611381233,3.5737960492538154
0.4802078599281381,3.4041540822859817
0.48994144772250536,3.451188353576233
0.45399579038408905,3.8197766123962573
0.5055503755006403,3.1717057650109
0.4656162021094467,3.5987850029546955
0.4532164054368852,3.796550002412478
0.4918325901861258,3.2743313000659198
0.5231192289767723,3.1164904403735334
0.49466375511054145,3.2611352721818134
0.4897064747673644,3.3517326325694095
0.5034390076517565,3.2767949984140854
0.447181747472279,3.745520823411171
0.5137616325240523,3.127535275395026
0.4698925482863754,3.4890620198082436
0.44004007927903843,3.900893915461905
0.4758148707539676,3.4663566788114624
0.49727069289338743,3.2336666426117753
0.4750583440967106,3.562792497538265
0.5005012768634676,3.2500764937931925
0.45531856921716735,3.6734048325431883
0.4387810504580662,3.848921245133238
0.5141282289670759,3.145722337651809
0.49092191160465926,3.4010667793607805
0.5034178755629777,3.291724862033996
0.47374521504891026,3.5021282305213908
0.5474203235284474,2.995557583621435
0.4841287537668106,3.398868285319643
0.4737993522959034,3.459708534075178
0.474205092505776,3.5255551734278496
0.484884569239263,3.385414765130929
0.4694065537361727,3.6155723511476108
0.4930912401862719,3.3362021151924064
0.45374443555405686,3.8032100684525965
0.4544122770514172,3.769058335303515
0.5127730824848218,3.185285361239221
0.47275909753808776,3.5279491718221982
0.46317039773683355,3.649086906800447
0.4904258504815184,3.290091621069601
0.4722212771560442,3.5684057792365036
0.4910994365040484,3.286952432753607
0.4735932496353149,3.5050847704309422
0.4730308619988784,3.505139753818093
0.5197918452502145,3.191327495753612
0.5104524093978546,3.148256451091757
0.46460890095124047,3.5888443209106167
0.5039212024060653,3.255380700696523
0.43211426740874775,3.9393010072499077
0.46252359223133943,3.6626262630259796
0.5286565341570761,3.0215615747252094
0.5030761179458989,3.2572491963418595
0.4855671864327129,3.39912613839367
0.5003712688832866,3.229060786632098
0.48229638630498295,3.462068378057405
0.49592524866870397,3.3350313072864157
0.5058106530456512,3.2742128334706124
0.475539051881646,3.5742165745244816
0.504017436686429,3.2578429491824514
0.4686691023796077,3.5387867162654936
0.4783954481114838,3.4661411891503704
0.48496368969200226,3.450415326293593
0.45763459066215506,3.6664509994759626
0.5034099193832395,3.2508616867619495
0.526400671437004,3.0757339360309297
0.44224770485535503,3.7680476735947668
0.47612805462133867,3.5080751520823013
0.48930692848193047,3.4154910341484186
0.4881178731205411,3.3918186186075165
0.45926899215592765,3.590020248244251
0.4816475813873778,3.4807179383582527
0.5291128123169719,3.096496892373803
0.4921364326995159,3.29407270898949
0.4833393306560085,3.419403980657528
0.4829863351340036,3.4903564231127415
0.4814431260319374,3.5048404250649416
0.5251773251600966,3.0677326595567718
0.49364326547659493,3.3797098759641035
0.5279509761228474,3.08478394799702
0.4446710559043284,3.8765949583061605
0.5120891483758738,3.1274293147097363
0.41597744739270315,4.030906177184914
0.485634704429405,3.4535995778721826
0.5285890092587022,3.032510253490979
0.4848744321453844,3.413440260692547
0.47127150369978493,3.5849972083863095
0.43249416044999256,4.041768225990861
0.5336541048997578,2.979336621795972
0.4657195441827108,3.5966219176713095
0.4976914063147231,3.3003868168223938
0.5109229364834742,3.1818014301884316
0.4717741161809261,3.4982331266207978
0.47267687225322014,3.5384343531941487
0.49709095589904184,3.3040344884694175
0.4938188312037177,3.32584614143814
0.48404836170717974,3.250028825982407
0.47344784859547606,3.4968867089223763
0.5045976471848976,3.2151974547607236
0.4724491062982952,3.6201969573223804
0.47331442117075584,3.580700730761189
0.5147893662801647,3.2067715680176585
0.5304001923464251,3.012205497567686
0.50830661005561,3.222762472418236
0.46476595510848967,3.518800170486559
0.5162788852774063,3.1686192956821895
0.4786776788255764,3.4308164712771583
0.5329298403052545,3.0940581233563225
0.4522316374226571,3.8085327323762246
0.4536551434268118,3.761539373822395
0.44889560149920443,3.840941293704735
0.47760229690755296,3.4664409257459554
0.4874537957901224,3.376499896178279
0.5160029609105372,3.0979699463363763
0.4765594296758875,3.443471446497737
0.45854042785089943,3.6290233573017443
0.49120507926212453,3.428771813838552
0.4693030795386823,3.618078846956098
0.4708410798059641,3.5303858340552954
0.4648897371979699,3.602046428711908
0.45064717261834186,3.660087818279026
0.537829331918295,2.971854534422465
0.5125269009732956,3.113126538237959
0.5332888125550739,3.077090019660937
0.5275539558279778,3.0774281802481744
0.47632357333740943,3.4766970246164255
0.4649126038103571,3.530629428610725
0.46277399789189344,3.6140152222589688
0.47246827497091676,3.5427512488176394
0.4848641366696188,3.446889249800295
0.5070935049309092,3.24095632218916
0.49282862423281726,3.353821527533475
0.457706532026656,3.730683648411742
0.4223455434170271,4.077081505714702
0.5129525124475139,3.2352720720397077
0.47188800122704155,3.609369117142919
0.475379929269471,3.466373128190041
0.46801168814257826,3.62493944663969
0.518162881991514,3.166867751915897
0.45981706605418093,3.538658994505652
0.47565971324499323,3.5448933125018676
0.5071565621115118,3.249734577108483
0.5108335557555659,3.163363311216017
0.4513688391488794,3.7498243598374605
0.5107777039743242,3.1813934721831196
0.5221419797173003,3.1320179417721734
0.5594656047225853,2.84130174731033
0.46913220324155575,3.5223235294554716
0.4974393609530207,3.3234972721313554
0.4677167464174732,3.5733878972758313
0.4929679541828761,3.3694649106347434
0.5412451882409957,2.946926402056222
0.4817694707265113,3.4730537384682503
0.4767825802396233,3.423743544225814
0.5099897742338733,3.211413907985572
0.4536968347002291,3.692250889090866
0.501316697631993,3.264872400896392
0.4829852483891391,3.3667566526392294
0.47264132721517665,3.5374496534186766
0.4624950951816218,3.623526931987407
0.4796439819174148,3.532636496763683
0.5118066287919572,3.1697813980979883
0.4971018318863796,3.3584935706917727
0.494804044035203,3.323469240617999
0.5259683643287683,3.1026807040415956
0.44992736750284557,3.6844921741877443
0.4643409222934407,3.6318624410422014
0.47950759368949436,3.463722242603357
0.48147022776716697,3.430271961849818
0.49758653332102093,3.2728195529741657
0.45183685323008965,3.828636599484801
0.5279007114000045,3.007927327157838
0.451325017257173,3.793735184339136
0.4788373311009727,3.402061364406171
0.4763552036294727,3.5399257405997475
0.47349547202432524,3.5125727239026903
0.460823045748521,3.7071431138061035
0.42812180659027294,4.049776802888436
0.4696987342728422,3.5346959431617813
0.43194976112025746,3.911945407558093
0.46025936873782697,3.596026760848077
0.5049609144464671,3.2764105943240494
0.46672697876793146,3.621727889488682
0.46906488635356447,3.5158228838040753
0.47698896042374844,3.4857090884258506
0.4692955907006744,3.5052540067818874
0.41816421908568396,4.129969191334538
0.46433389472494296,3.6093499476266775
0.46635773826889554,3.500760093411449
0.4853154008284308,3.4280107927626307
0.48265279326228194,3.4154707785526455
0.4824384803894769,3.438552074502641
0.4502410548567881,3.8091141152370045
0.43582796842368293,3.8833136426217068
0.5207877449022436,3.1010102385435783
0.5039775955666572,3.2439750720037965
0.5172311228824389,3.2359827101613448
0.4447456173871166,3.9398944927444997
0.5028866485040333,3.2190894207993717
0.5044135547486943,3.230675422908058
0.48010544605225014,3.4529183690564484
0.49984066648164016,3.2640821319231335
0.47660513030624996,3.460921365597238
0.4709155540709564,3.6045916672612157
0.4908054939137259,3.340017900884084
0.5350970293294922,2.983656714904475
0.47391414218603245,3.5498522332751428
0.4669639892118228,3.575932557822499
0.4725799709307201,3.5749429920462084
0.45027215760904427,3.739993765456462
0.46618374437514004,3.546891983755527
0.5490896892529917,2.8871413212661006
0.5536500011842651,2.861512094738729
0.5143104500490907,3.1390340638337437
0.4846518531181913,3.4626706903918243
0.5018240183018456,3.225302566938686
0.47006279199010714,3.5933417220250345
0.4979245898419158,3.2844679056428965
0.482251091211798,3.4411251260077353
0.47430303058926143,3.50694626660884
0.5007698566212171,3.3271684395008454
0.47424995559358546,3.518398123616131
0.4550727396066556,3.715109860505042
0.5003642360384036,3.283798966013716
0.4695525955682455,3.5531831434319354
0.48331121812615724,3.3822952002962685
0.4801574670757325,3.4186615037283707
0.47448734634008016,3.499793103907766
0.45717552435903386,3.681621615387739
0.4805304277825169,3.4550325410689826
0.4204648429010279,4.236024357605844
0.486675332079978,3.419217079041248
0.5094224149409259,3.2284489911853855
0.4754688175129525,3.533823969325049
0.4946264124380795,3.3229977415482845
0.4564879400738169,3.596396535566554
0.488798301385649,3.3504967068469744
0.45788035201939775,3.7408110892230853
0.49540725764392834,3.265576109737924
0.45392761145683647,3.756538702430724
0.4517449313157767,3.828293073043344
0.48009543571240465,3.4354516895482003
0.4836230272453552,3.4195758353974846
0.4291306899333993,4.065913669307825
0.4838243313692905,3.4227433733868335
0.49514882572518526,3.350975220917538
0.4491102690054222,3.801709074493414
0.46435818087341096,3.683972176868678
0.5078216725843608,3.2420478234159016
0.4650167652684653,3.5671709464353487
0.5333366100096069,2.990930869103895
0.465005611987649,3.6366126145170057
0.5248911387526944,3.045111677121512
0.4505204233285018,3.7798005814780873
0.4999857957401019,3.2616318407975906
0.48292985654217685,3.362835695705045
0.5006039977990779,3.3068321352505583
0.4249047661827299,4.015826996524327
0.49975520225566245,3.3085353573132497
0.278843617519495,6.688153997727692
0.43390738503711823,3.935164011146462
0.47950476446583323,3.486167314066907
0.4610884077966554,3.690330414210537
0.4999098956067466,3.2600922339130327
0.4829498906937864,3.387266224389365
0.4976714038625871,3.35485581160424
0.47858450913112144,3.5189740878655917
0.4463047137704035,3.865343415853515
0.47058145142065877,3.5602056184032818
0.4539536233575858,3.6855707145449936
0.4967924041376246,3.338247857630813
0.46036882411280855,3.633729685690358
0.45272656510849374,3.8215343068722447
0.4621673263107076,3.60115255572098
0.48973402746144096,3.391285283374532
0.4860309277153076,3.4226636910827066
0.435120676037518,3.9450693322460797
0.4628811735172949,3.626854616496145
0.5174313039374375,3.1708927042843174
0.4448954393933432,3.812710425223202
0.5075805178348352,3.245252758223259
0.47961563476130303,3.5495087937774885
0.48551356200572343,3.350070176791723
0.4819827042684257,3.4114209506039668
0.4507658189959946,3.7017624403296323
0.47061276408058283,3.540939780054863
0.44271532806186625,3.814657049887393
0.4607293374730199,3.6504071053693155
0.4823985739070005,3.4417610133343337
0.5159253002696778,3.1855378839777027
0.4554987895824391,3.7277792906668417
0.49640993807282774,3.3533194153910775
0.49552520340012896,3.2647785678666734
0.44338034717845276,3.8152059750503438
0.4808237388693066,3.484539268157066
0.4850635754383426,3.433219551422317
0.4670104890599629,3.5772094183214924
0.45815084085668645,3.728440731787745
0.49786783730067596,3.229295127330277
0.5389193819704918,3.034117719607566
0.5517239887195164,2.9107814241562613
0.4811782128042015,3.400654107813963
0.49081400306811634,3.3801837630223464
0.4620258412080984,3.654335397508803
0.5126381149255633,3.117723729096541
0.4460753774962339,3.8156522891882605
0.5230473280806378,3.1143003490751657
0.5181112173814422,3.172709722369325
0.4655730250872633,3.6222686243008773
0.48169025914246844,3.406789750092647
0.4475859674400737,3.8225000876833857
0.45730362087745474,3.6122899570179143
0.4826837892378284,3.4335598921096673
0.4777922424414797,3.424862229870537
0.45725883466309863,3.660137375256698
0.46381115649482973,3.6011989191400557
0.5119685668831196,3.230549954937392
0.46987431825965387,3.6075183076467496
0.4753819096186277,3.4843573126156064
0.4651990999279955,3.6317695816213456
0.4492495036257456,3.661445800684552
0.4653548267225043,3.5489827832440053
0.46236316809261097,3.631852243869393
0.4582625546521588,3.6707393472528183
0.45529079266145867,3.725196236675138
0.48034638310997657,3.3610698774455896
0.48255646773347305,3.4230831663214363
0.4522525549155472,3.7822188630326172
0.47333469817678775,3.543712593667832
0.4602144475149408,3.7173088820092417
0.5580854595487299,2.8398082367723854
0.45870896285895935,3.6324314234110013
0.4979944886722939,3.3086255717409525
0.452435860894412,3.7401104600959383
0.4476156696623917,3.7995935661267506
0.5092090252127344,3.249658546018943
0.4385182605329703,3.845132650070735
0.4567861050377229,3.6085359515231112
0.4385834313927916,3.902443826438814
0.4755830234291203,3.488160731446623
0.47854537394687996,3.492975187613587
0.44817803621258684,3.822320633756065
0.5418653513258385,2.9601584253802544
0.46728528479165793,3.5621407042960405
0.4925519630745081,3.389198096747172
0.49661272521380617,3.3080378967189534
0.469018460098353,3.570745202091772
0.5123289012332135,3.2011541329321584
0.4901112936644714,3.378501133533564
0.47142610922973577,3.5337023024300493
0.48731208113196256,3.3989839746046635
0.45598052515113774,3.643951416643506
0.46357567561152807,3.656446401576475
0.48350263360065,3.4185959789253717
0.4856093868288056,3.4203033484470544
0.5238994300806041,3.126733903508125
0.4994739987574121,3.3183088918574204
0.4541551280688025,3.6994708624927295
0.46912051046048,3.5166502735806144
0.484806885364659,3.398820231602615
0.5110168656404015,3.1757520652636995
0.4802714568703941,3.419455476986874
0.48600686512943514,3.4163060354427275
0.452000860786021,3.7573812649125418
0.44832121213406123,3.8991304899746004
0.4854456798705924,3.408823350047682
0.5257078965660077,3.1489239764843013
0.44371875215517004,3.7441934400522254
0.46448771970399494,3.6985503231938037
0.4803076548207762,3.5129501898789153
0.5841357986143059,2.6791703645558207
0.48989785958651955,3.3780529736157776
0.4790266102063948,3.4553470026896944
0.415414231213017,4.1556926852436495
0.47530919719608633,3.4552130379595316
0.48608947978633577,3.3844556321701917
0.5193776254585105,3.19672169671995
0.43952170767732285,3.8861987331055046
0.47510083606564785,3.5347130122782393
0.49520417740298617,3.349247395140757
0.49007959036057774,3.4084243707038744
0.47047839430528227,3.5845762687561065
0.4743469275451473,3.5476560935447097
0.481146760282894,3.480700604089033
0.46624259324891565,3.5816312488610293
0.43073147876223594,3.9895749748360605
0.47434494100875263,3.537847543937572
0.4863650475854252,3.4594800060432482
0.5028043591786269,3.2540151137394258
0.44477580895016455,3.8151385192391047
0.48248120280693585,3.4335074620346844
0.48124066950223177,3.4953668628470376
0.4738506925742162,3.512406143521594
0.5132624617444881,3.1362741592443197
0.5218661000479938,3.14566127483749
0.5148278375318861,3.2107821556871508
0.5461815359307387,2.943829236437078
0.4610992296409632,3.691152649760433
0.464179503335872,3.5712755341224316
0.4844714772054169,3.4135790913921884
0.47762577970877496,3.5439917513342998
0.49495921780357593,3.3438868610741066
0.48795266702396617,3.4412529149995255
0.453270895805356,3.773393164512686
0.4496276063304096,3.8887209914352447
0.5294100415146674,3.0503575475479825
0.5070924214817153,3.2657742452939957
0.4660279074615133,3.662551382212307
0.4884120824737766,3.428389910990459
0.4742924268815774,3.552930715895227
0.5124846104760475,3.2335637015189604
0.4748801224911161,3.501615885127227
0.5239963070315246,3.006265802135495
0.4674404314294403,3.5649805202200007
0.4455506807094117,3.662484484489654
0.4987797009122803,3.2766338922260765
0.42959153313390686,3.983892578487878
0.4448472675518933,3.834654656575886
0.4802318284865111,3.446441842296162
0.4982773438786636,3.2756342781377867
0.465154357830426,3.612466068321521
0.4579876988053202,3.657907650496245
0.4837728815224367,3.4393546438260345
0.45946913045256244,3.74138170082855
0.4677558342707037,3.575221426829694
0.4796887112254329,3.437568490362858
0.45400301992830094,3.6855380057303355
0.46650020210924414,3.515247530115894
0.4955329550631583,3.3197509859684695
0.4558156442383682,3.755385190904657
0.5381359198967091,2.9996420539188
0.5205286435927354,3.0580753745538622
0.4502790510369315,3.7649447781291703
0.4515167616048372,3.7303633867182744
0.4524962911676701,3.823367431858101
0.46219879497950267,3.591893482337779
0.4802443294923757,3.4513231539881617
0.45353151366054467,3.7559416430726253
0.4886500379785588,3.309279642964734
0.501507374035685,3.2874393586132418
0.4607356607389524,3.679719176677143
0.4694493737067651,3.594560148206473
0.5213240915623285,3.115130093865905
0.48025426359844925,3.4942382768235203
0.4450925419502989,3.84862653436372
0.5151711813565556,3.1548630155018325
0.48662825282629363,3.4627206890923254
0.48671646214930786,3.3805053663800617
0.4714456207985713,3.4688761485264763
0.5211182243331931,3.1658858463241617
0.42472780819358374,4.038785620644987
0.4737148459619549,3.4863167172298013
0.5033450622505127,3.2366582662091803
0.4715331987481915,3.5057053318276226
0.48607505471535745,3.4020456446152885
0.4745026291083177,3.430129125038045
0.5154274489161064,3.1607324005803292
0.48604739680951986,3.429685685653777
0.4654949416312641,3.617586347852772
0.5021425101600807,3.292984631899239
0.49953398237863783,3.332217932984123
0.4769162726164511,3.5128950031524697
0.4511815867992647,3.770785041902143
0.49320863802144027,3.350312510275767
0.4705417351613719,3.512538548341629
0.47364736273032215,3.497001739111942
0.4771480519339819,3.482883924400425
0.503316455611551,3.2731093550478985
0.5014584369891832,3.256188924929384
0.44129151313023396,3.892478796026036
0.4986911937369429,3.2938460834683267
0.5097907606587805,3.2088960211195063
0.5565210558929063,2.9092555499467316
0.4841978319996898,3.3671569935736914
0.4482508208789255,3.7851464041244083
0.4873878587434022,3.3773200387662037
0.5434137042303872,2.9782526616443334
0.45057872701754226,3.7772255800994654
0.5071239954174307,3.254939475922847
0.5283625379047676,3.0823263882036827
0.5344391387308663,3.0520987890383893
0.47021669337095406,3.563165949386231
0.4775356335440486,3.436660512465403
0.4626875548354943,3.6563079389934843
0.46264152261983277,3.5481101194395586
0.42953227055299437,3.897808416049265
0.4696968993312318,3.562563752201016
0.469203754623764,3.4383862537156302
0.49539622607824385,3.393621273221384
0.4597720612392231,3.624026508907543
0.49624344447233937,3.305491060321115
0.44819594921452877,3.7567707574155325
0.45190212861582857,3.8021873138064604
0.4661675580004685,3.6012363808125585
0.4700966750200196,3.561876557861129
0.4751968201271196,3.437690295948256
0.46973462310099623,3.5751782973974207
0.47761978651175013,3.535128429730584
0.5488316956243011,2.9591319753121637
0.5679365477453652,2.703419899885257
0.5019854615713633,3.2734608934114453
0.4728921903531309,3.519440708848555
0.47706858397102436,3.457667124051795
0.5183295614405954,3.094499926218848
0.49013005265526766,3.357816235005993
0.5239922247459932,3.1622399511929826
0.49787215999479445,3.237990638677739
0.4926892019768306,3.330655194592092
0.46838202016392216,3.577113381852168
0.49485781994679906,3.3072787161963926
0.4420345107830783,3.81525639228068
0.5144136004725338,3.1686784992817767
0.4334446929363035,3.9571393474723067
0.46798586720433905,3.5869377953856416
0.4634302425722668,3.631346348850138
0.5721039151677488,2.7680403092629255
0.4877369488783645,3.340941521600831
0.45410355196054125,3.7170293996151593
0.47153011744545437,3.5175467661220043
0.4945311744360472,3.3463219095844936
0.4436232135252098,3.881386729296214
0.5276996603810535,3.1178010355121075
0.5038254583639574,3.277899168728921
0.5153881573328776,3.169090547783732
0.5197423210124559,3.035097836273973
0.495876307218411,3.338132556694333
0.4868610293110404,3.407745233853316
0.48487165760233886,3.4750161905707033
0.45866811437353183,3.685284569722257
0.4527655871101797,3.7644457840151135
0.4318584163416828,4.077204898484329
0.45314191678083227,3.7405454492496757
0.48819681146901295,3.435852284880926
0.4515099614660521,3.7378148312143087
0.544557519169856,2.881523900425238
0.45864765357424525,3.6873066000291903
0.43520269130904565,3.9331860457870595
0.48600694454243326,3.4689047313517576
0.4543928944457129,3.647096546713136
0.46803148310562137,3.634076736461713
0.4993180902432583,3.25034409377819
0.531749646962372,2.9607009757717773
0.48013010877228557,3.524369292569298
0.45714222117967696,3.7531020497294496
0.5132851648465803,3.197574703178916
0.5320772823307409,3.0367186722756756
0.4807980537607172,3.4273674810891452
0.46236704473494455,3.635274923974462
0.49498277644970123,3.267284199794237
0.4922139598424627,3.280945179800073
0.4560967474728451,3.6896113068533563
0.45480639827079694,3.705704973817151
0.5160149307396373,3.200169839292325
0.4408769183985375,3.817654752266277
0.47648787990764063,3.5244454316097165
0.5028797958100766,3.3032085467968457
0.4487163928478856,3.7383310351402903
0.49441941460986005,3.35010667753367
0.5070421142299095,3.2143232685065395
0.47515005967180235,3.5388727061575116
0.47151688160253324,3.5719139599624796
0.4789805951524057,3.414538420781822
0.48034654050708614,3.496600740159075
0.4910640458468752,3.3089187963586775
0.4827329277817333,3.459392143948585
0.46238367557756854,3.622543418434202
0.46465107084277024,3.500811124138851
0.4657668173833261,3.5753556770105126
0.5080865579088487,3.186348882001075
0.4755649406297765,3.521605894454618
0.4618680471093285,3.589042965524441
0.4719526856754048,3.572632311843155
0.5087424962931744,3.2460576290727814
0.49092404174846843,3.3462466562402806
0.42075869729945636,4.034895065652371
0.5100560678218966,3.1525550637835136
0.46555529525737693,3.642541038578981
0.48432663517595337,3.3637431955371695
0.4750841528664313,3.437496676131639
0.5295256413491198,3.0055250900313704
0.4815302106125727,3.5009847970504038
0.4459499234537182,3.821537247987299
0.45859005774877365,3.647977883145806
0.46660435989537397,3.6587399093082076
0.4766152289151712,3.55321949191068
0.4361058879988414,3.858209189680061
0.46927518027768444,3.542373161440268
0.4573854723818654,3.6672121538032876
0.47529221537040756,3.433459606668535
0.4784218942256731,3.3472544842250898
0.5007244040346712,3.307036644865818
0.4890214067958771,3.392680882554434
0.4583239106994972,3.7789108590211242
0.4677276487757159,3.550941793174363
0.48545054960916517,3.4368797418292996
0.4947269726877816,3.1779884661416533
0.5164009515735966,3.164991687266388
0.48359078816603984,3.3560722015494937
0.47300829336435685,3.5890850407913986
0.4967193131189722,3.3287982540435914
0.48353763685035966,3.3900351695686872
0.4772358979201834,3.3921216188370478
0.49292837489070335,3.3748196647134345
0.4634404363498842,3.5666221876434774
0.4511958664087263,3.649229301038113
0.4895399847758628,3.395094436830313
0.4628408823212198,3.6272415748789464
0.4704785006893994,3.595108749250418
0.44301681511861934,3.755563684325699
0.5438229324596897,2.8888589821083084
0.4912299417071636,3.357594367957802
0.5327469758723249,3.0045362684515973
0.49587374893861,3.287118425629212
0.48306897279341565,3.402960610291234
0.4640078050135624,3.59594015443269
0.46446659310028826,3.5550194645960653
0.5102556980157849,3.142612634586674
0.426809414419054,4.083018485016115
0.4771163202129876,3.4562349857396644
0.4585670004972344,3.7025395947254696
0.48658035234649977,3.360463588566754
0.4910519126170856,3.3566955144431425
0.4413972966312654,3.858807248550822
0.47784969644115594,3.4737544765918145
0.5136918914862756,3.197779698249057
0.4412312631805657,3.7988392141922334
0.4502475390680619,3.76281025874408
0.4699261309883016,3.5433265298096264
0.513205835247482,3.2008297944367476
0.4856873170390763,3.4754006067063368
0.45739789275183895,3.7042753717132912
0.4557083049380969,3.6552168075605245
0.5218288304084416,3.0491939603420812
0.5021404786728256,3.2784183685887243
0.4841879830157856,3.37228383691
0.45759380278118006,3.618921063210028
0.47351068941537067,3.527664855832973
0.5165541799569092,3.163580092519074
0.47185366943278684,3.517858541833617
0.5213255663901881,3.1035593258279013
0.49848504842709324,3.2282427056833933
0.49146268215927225,3.411871040137906
0.49167111313641076,3.3379592325146863
0.48196335222873543,3.5272672087901045
0.4886289285397206,3.4247362990884955
0.48376797516150494,3.447889148635455
0.48731194187953875,3.3861618310897144
0.457961686066942,3.7119424868809583
0.4520129741423217,3.705964710921728
0.5105498584567285,3.203699788148072
0.5236590428346048,3.0861454561763995
0.44060244986002806,3.855190610297438
0.511334691106478,3.1592279308834126
0.52823460265916,3.0152175646477573
0.5251434984185639,3.067126846390485
0.5056865594196365,3.20953886714684
0.5004234801825191,3.269651122210134
0.4668343798598358,3.5871622480141214
0.5070941693108446,3.2469645607829225
0.5386197570860833,2.955539200588637
0.5047545910694824,3.219706838436559
0.42906849593313257,3.988609503114222
0.46674423871505916,3.542172210146467
0.47030796423658283,3.5082144318098782
0.5165590575640531,3.126014615982588
0.4678963603281569,3.6154654491546294
0.4593581861339272,3.617630554861385
0.4778887565797634,3.4667879632543293
0.5098897436545915,3.234309940534962
0.45788924476837006,3.646089077947778
0.5220851584555692,3.138670411399555
0.4661228681309897,3.54962992722893
0.44554309631322747,3.76077977598613
0.48149419655039377,3.5092806255785822
0.4848254632356469,3.41479311334309
0.4603740517768674,3.677075970361729
0.47980315351963787,3.4592295890251425
0.4903603073766311,3.338082683596368
0.48773711808034637,3.400826302753423
0.5156921619955672,3.1975639586579403
0.5002545767463273,3.2332854270887967
0.4901349672376753,3.3548641840764843
0.45437564009093634,3.756714247396942
0.4697819698103786,3.4584686425481364
0.496739491068484,3.4061011368345233
0.49497765625040097,3.3573410866151288
0.40631101970305894,4.331155094797437
0.4425871661940092,3.7506244623586684
0.45106988778919926,3.789890048722845
0.49406284262405376,3.361591873218461
0.46136320596481867,3.6708054411118667
0.45222361401181443,3.7205851342045166
0.4680696116347877,3.6446703526303583
0.4872090225627409,3.4069791594632775
0.45069523564832137,3.746692225969982
0.5185950362434892,3.1329033382495335
0.44073517073721347,3.885294950398128
0.4385112611079167,3.838596499150444
0.4829605106352081,3.4715011680410415
0.4699486719668151,3.583089387491918
0.47701138188946646,3.4590893478846363
0.4672043636302144,3.6273848513849076
0.4114867577912907,4.371707052746154
0.45415326388753763,3.71856604323586
0.4863883885109872,3.370285069558892
0.5254590178935112,3.115005953502229
0.47291917401934935,3.499938637643497
0.49749474774015723,3.313494742581819
0.5087379592182495,3.200998516221537
0.44938171536275284,3.6838739775513467
0.43399074427260687,3.9092843118165113
0.4869993453361414,3.4155980657791263
0.47283337080966703,3.578568657786999
0.47386128810108885,3.483395883402414
0.5041007501525993,3.222131915090381
0.4431046686103247,3.836767422476793
0.4664023327124328,3.65634928862682
0.5044112728382364,3.2206982342669703
0.46121425571224955,3.699371327103184
0.4855741006000263,3.4003223344219404
0.469755910263666,3.562522689606109
0.5251946950937343,3.0756438303391302
0.4676633732732468,3.5332297651790037
0.47000907242880885,3.5713747597654915
0.485010924841038,3.424440971930949
0.49590290782656443,3.2757456652664634
0.4830761858283349,3.345915128380736
0.4785274942376294,3.4194058629400446
0.45478691523923026,3.736154010939683
0.48095932961088106,3.4929883293849446
0.44649971061862265,3.7715593964893697
0.4753844948136683,3.51886285167266
0.5144983791354956,3.2073273542458627
0.44701088449285803,3.8035513944596753
0.4793291820882485,3.428194018946971
0.5109176688701935,3.1686278208115017
0.47387090110912244,3.5199075193870906
0.49598277601697016,3.308277657091163
0.4754913173453151,3.5289609147096246
0.4692924253463794,3.551910516557726
0.48229735342579994,3.4196260424363736
0.5020648197551949,3.2430188559248685
0.45589064552522734,3.6510139286070253
0.47023856954720217,3.526999224910444
0.482108428349134,3.4067939453777933
0.4588317838933803,3.698606763237386
0.4760565771313271,3.5062819033359434
0.5223695521334448,3.1707573329411667
0.46956100516431004,3.4814626629471492
0.5095147527513204,3.1756353739552106
0.4737236977710184,3.5564340600790514
0.4676880626261434,3.592456443536815
0.503975253831052,3.2583535613002037
0.4749406251015471,3.49056892981603
0.45501843655720675,3.67785600619448
0.4215635237474936,4.087352658789447
0.488233943447193,3.3477173727101524
0.4592763383869221,3.6869111416091096
0.45201798183414693,3.7221958816313663
0.46068789640720686,3.6226042397563902
0.41965896254748924,4.139376672060971
0.5170763962085759,3.1508137708011685
0.4461916603702784,3.8154083504953413
0.44638215880893284,3.885861057490455
0.4720974503364663,3.504831686417509
0.4971567389402886,3.352024143974705
0.45157291778827546,3.7368178270085157
0.48255142280331687,3.362311922622045
0.4621267674331272,3.6306256271551955
0.453241677040308,3.7297032994983663
0.4658750219009861,3.577100755059333
0.5180648862474786,3.136244691148078
0.4631160044096367,3.5740617059934348
0.46076187560361087,3.6431194049942333
0.47085627387373985,3.545678153835855
0.42356385739717023,4.11491920865455
0.4435469313889975,3.8975548435623018
0.4545761327837813,3.6540894705937457
0.4832701685833959,3.4068677274810804
0.49120316834314903,3.305480278365491
0.4978012831528724,3.281696746399191
0.41518859278597264,4.224357146813932
0.4262353616867071,4.028730794094992
0.5095841563091931,3.1990181421869566
0.44103831883860756,3.9655032091589266
0.457388207288221,3.6675488621181036
0.47440685795885007,3.4539225843470494
0.4666890222949704,3.5406070197793644
0.48090684629705177,3.4836725233457453
0.4655827144513382,3.5590601510593327
0.48274554879649534,3.4449649623781493
0.4813374406684295,3.4584600415666182
0.5045891593859791,3.232308701756125
0.5436726651594046,2.9432260062162907
0.42611782126207803,4.077841827863718
0.5085357107488664,3.192862324130123
0.4906221580905904,3.3607841713392
0.4951351821636951,3.261021296325142
0.45493603644029773,3.7844865964601206
0.4543712914547822,3.776850438555846
0.4948123107976463,3.283488258215857
0.47989703298879205,3.4754426320248073
0.46653221156214825,3.6150238345851466
0.5252332623960172,3.1623007368489358
0.5040671874690943,3.23697799023111
0.46189308343528224,3.620347004892915
0.46004364886670934,3.6108358762391988
0.47538755804082955,3.536813430830015
0.4432702686410602,3.889867637628833
0.4810910007869579,3.4304190080571018
0.48565025064498224,3.3912232302726744
0.48812981385622783,3.307625475991378
0.4775753976115009,3.507552563959089
0.5274219114273826,3.0886584624459763
0.4251119215217536,3.9875461891348976
0.4860900556045334,3.4109160056325933
0.4731303087664833,3.450905051819326
0.45652850386743404,3.7096821044956303
0.4736056103872827,3.544898943342686
0.46628850239195735,3.6283956250999045
0.5468815561831988,2.8947900721147963
0.4592905010142867,3.6055159707920357
0.44425662107562447,3.855101511290178
0.46618968366067814,3.519630250916862
0.5278849796576661,3.059307920035515
0.47471178766952604,3.4071288332050282
0.47052431546100704,3.577342570170873
0.4943938444251607,3.335980660702978
0.4700787281584119,3.5795472358290437
0.48005543533373696,3.3725020545339173
0.4990598327141733,3.3222028889672695
0.4805946882596441,3.5148310984525337
0.43508119913631704,3.861661239662356
0.456731806855714,3.666827771332104
0.44557967728908005,3.7443420879566633
0.4763753044594897,3.436507858941055
0.46662277781683786,3.621287551541812
0.5052069681981114,3.1863161868216756
0.5260231442344941,3.015737444897427
0.4714896551229754,3.4873857070856054
0.5137865222378273,3.196436800546963
0.4499387768014565,3.792093043644985
0.48297695955182834,3.460195765694596
0.4501671989052791,3.7206575291271373
0.4183710910774987,4.098362015178724
0.5074967399121617,3.2259397881018335
0.47417943995285533,3.513383711247466
0.4936987601293472,3.3748235633948855
0.470219564388369,3.566656039083729
0.4605459972271319,3.5750181669359518
0.45582433017852425,3.65967337200334
0.47836933654215225,3.3823646239862257
0.4629415113317096,3.6898244044817994
0.4721867212476801,3.4513738087573476
0.5283484412274115,3.032488414408702
0.4417397187773773,3.8299491976920637
0.49085966035429474,3.389275113749375
0.39819329821561084,4.659557396597432
0.4832273822626144,3.4960822582194293
0.47434145484876256,3.5143922563124015
0.48481694211821774,3.407592170161178
0.5081691575838607,3.2272579903642695
0.4519455946753137,3.773857815702661
0.46449942625686735,3.5703056360176073
0.4805635314157974,3.4407805148315895
0.47834959918936165,3.4273920196105885
0.46267471686505107,3.6595066468973703
0.479885413989062,3.496429576193196
0.4380366614792162,3.7360139590582424
0.45975460626008713,3.687572230971553
0.4854568872673047,3.4095575345522646
0.4904277692046267,3.293987494024717
0.4743980442703135,3.479970649297596
0.4505704067635322,3.7581565886402055
0.5348200214812698,2.9829396671159887
0.4682967150120507,3.6571561399940076
0.48835646988728953,3.379882279833465
0.47906761251014207,3.3982649543727335
0.47800775544520074,3.471866350278256
0.4426791696503016,3.9462507510131752
0.4759406475044548,3.5445839257183196
0.47048605401403565,3.587811730508808
0.43035643353534186,3.9836350108493774
0.4935040311527392,3.2949654428233988
0.433823274442657,3.8677717011078774
0.5217024784956509,3.0810184764729693
0.5121837705432877,3.1893472531508857
0.46728120815738095,3.617265925857163
0.48355456567486854,3.41288293197832
0.45847981050268527,3.652474556997289
0.5114195521455109,3.1339783582631195
0.5162365403980822,3.175509575446797
0.4808884929691021,3.4987549330741206
0.4993218344988279,3.283260263297684
0.5196231975197234,3.1399441070373726
0.5093300155621345,3.260871147346074
0.47068326999640914,3.5769206659166355
0.4838273882218138,3.443496747123264
0.4686608993008627,3.6708933443990026
0.4808765892002864,3.462157148506886
0.5192856286895546,3.1410298657515456
0.43733819166944976,3.962034983558242
0.5150204661310546,3.1320921842694585
0.4846806296531942,3.4350251334143134
0.44541377717192465,3.8352810062399314
0.47445664566575035,3.502357779952502
0.4932673192830134,3.3051908260576504
0.4447397444982713,3.702484381557964
0.49523044102269215,3.3223124416079695
0.479020033606941,3.43377543868604
0.4663617310757088,3.6188904779701123
0.4753717445484198,3.4898019625484356
0.4826732036277819,3.415097086042957
0.46326237956899485,3.5719394074552877
0.507678695760494,3.2387471073206444
0.5302638480701125,3.083248768565004
0.49177409078513823,3.3755260792034836
0.5065075800076789,3.246206003843535
0.47027147728101,3.572444140208408
0.49944173146829646,3.224219311752337
0.463516227844944,3.682200634559526
0.46538692990613817,3.5606748580062813
0.47384118692905824,3.3686796189307064
0.48335683737206603,3.4166432889674994
0.47407851536754975,3.49260591635799
0.5060860928985191,3.259173566658894
0.4897037794559373,3.340266278839471
0.5098311544071338,3.1847365769467397
0.4664624825812428,3.492977377904729
0.47480902273349873,3.4995085279441818
0.4747579376843848,3.4982763182436236
0.4764349562945325,3.5247295574983233
0.48723505917991555,3.3468476736071886
0.4740226679545857,3.4817643267224554
0.4867219973683634,3.3643878622441945
0.5020754840729247,3.277523325518366
0.47393439188911013,3.4472448089378585
0.46321219348714937,3.6316111416805015
0.48182544949077144,3.42389315144777
0.4544301794811605,3.7514473010839446
0.46879930788403024,3.5876490941995685
0.4672010662821591,3.589530288345333
0.5008426493081675,3.189544994688694
0.45932178139857055,3.63414225052427
0.4489229353731201,3.775306269629052
0.4592742272810967,3.641768898378078
0.49817249814038744,3.37751565364258
0.5156675702720958,3.145718665228991
0.515400748618184,3.1539938914632817
0.49322347845443726,3.285272477585619
0.4608372616038652,3.603407483209801
0.46033041999947866,3.5973114696128956
0.5322211914704185,3.024403260774167
0.4899339481647807,3.372831223024072
0.4575752733905638,3.7234402106254736
0.48992606922560733,3.3944484783003133
0.4870771945679597,3.4720631797594557
0.43945094261203343,3.940833160070693
0.4720405660848632,3.5673053743463186
0.5052306467147241,3.2074054141471025
0.4736653853599426,3.5502732144067366
0.4853372162831407,3.374826107218365
0.4839527220365533,3.317823075924466
0.47539433817125065,3.5881463101063145
0.46969137522826343,3.5199242714882013
0.44799175359512233,3.786578541010742
0.5334352151846644,3.0354473662597976
0.4976495643547048,3.3456254438555817
0.504360563156145,3.278179605597492
0.46131852865498457,3.730004023990061
0.4538561094850571,3.7523650493081235
0.4758638425429257,3.4601957371974503
0.5113123574046773,3.234765496591885
0.5092596287368092,3.2211862134736413
0.47740455148054156,3.43243194060625
0.4788776531653631,3.473115452065974
0.47941619093131893,3.498563720350978
0.5258588548768082,3.1652548926030653
0.45415947473088625,3.7931531381889307
0.507151236458298,3.2465897751490616
0.4780005531076128,3.378213342765989
0.4773888693971253,3.449905807140558
0.48974872269467884,3.3767688875086552
0.5126246470969853,3.1214418171456226
0.4662615552401952,3.599387439382927
0.4627829775935757,3.594187493859909
0.4500348341218101,3.7114840614437083
0.48964537372214145,3.401951858206501
0.4715679760133161,3.504120817519012
0.4874552881055399,3.409233191096144
0.4796239569947504,3.4713786688916235
0.5091552687297001,3.245190636563689
0.485518630641578,3.4223519306128596
0.5005021687948306,3.2295872158299592
0.48874234734425887,3.3803100394331387
0.4889717858893805,3.4294154713285203
0.4840067791833744,3.4479192554027196
0.548833310972453,2.909267627322708
0.4716903289534391,3.551173952806594
0.4506384513287757,3.7948454656246637
0.505879631729474,3.236381508649596
0.48070858271141664,3.449008929748912
0.49947559798811736,3.268569626263316
0.4482658694403181,3.7933351793132353
0.5142442322461236,3.167450121438139
0.46706409526318754,3.5192718236077956
0.44281334278313067,3.9391808672824036
0.4547331698254291,3.6592577016371246
0.46633500095734476,3.607452991045508
0.454931954807716,3.745186552524445
0.4694834119877079,3.5203947648542586
0.4339501623693323,3.9637059412063005
0.4827575182577385,3.435645001283973
0.46352140192582075,3.6372396358049532
0.5188599539501926,3.1649384803426805
0.4641985631797998,3.6167079237249817
0.4635619562906952,3.556839176105999
0.4768005149640828,3.4447574712889892
0.5087534345350181,3.2547275379341096
0.43259707787146606,4.0435548721727255
0.48217034783421675,3.452045104154165
0.4717088223248611,3.4259620392999937
0.5023932571921375,3.2204373713639143
0.5186923415613227,3.123251934349896
0.45149325031504284,3.7520197522493293
0.5065330128958256,3.220823612919798
0.4767613702495813,3.540990215694259
0.5089828225248463,3.19320350537557
0.4542870350928414,3.692737598449352
0.47604289406800304,3.4797016468277424
0.47381520045089803,3.4842047338630815
0.4486073669415164,3.8146727468212305
0.501453636821706,3.341423909156414
0.48429344934580665,3.422712546504662
0.48312129388430014,3.3436154895300243
0.4681794965384769,3.4567593735251525
0.46110014176483327,3.5989879912010863
0.5052738959853175,3.17958311130094
0.47586765033066175,3.503993070214097
0.5165694122313143,3.1079252946964817
0.4795968782232669,3.484844698453937
0.4557715495222827,3.6140056231416433
0.5471853365505248,2.93620263931697
0.4907760476643188,3.417675562065666
0.4321154067168764,3.9396691881725303
0.4902740188299766,3.40541392205084
0.4924152024433491,3.43683177336864
0.49293603781104184,3.3802925853530765
0.4536432309717766,3.7398213520098555
0.46462480036151016,3.584481011173244
0.5392929931722328,2.9570959309071934
0.4658205860783,3.6616513662627956
0.46745679107854965,3.5529930562433716
0.47345204878661834,3.48503254760387
0.5023355462404713,3.1662537361547054
0.4664176623158878,3.582384311167153
0.46509302558920435,3.581842548380109
0.4537951676417342,3.727182131103529
0.525808319143322,3.0891128685807248
0.4606333493933082,3.6709665888053786
0.45518275356597687,3.764008903322553
0.47090318455365954,3.584630881268386
0.4957608613544502,3.424792705480667
0.47804060313003277,3.4837445172232684
0.5034161052550953,3.327126049862765
0.45227323075225767,3.571543575033898
0.479829101368175,3.482131486799781
0.45163826798053575,3.709350604221281
0.48955994542002523,3.3521643854226477
0.4816624182023588,3.4027074317751915
0.4582094907511711,3.6523974860116515
0.4265577797290453,4.022890138017712
0.4604315501773014,3.634421953586054
0.46182779743946434,3.6607159218682694
0.48267607712914773,3.501611433859031
0.5068445437385818,3.173102322288414
0.5006807587395412,3.292702649277322
0.5226402213333453,3.116601023719374
0.46618869537430874,3.5254022578694046
0.47517464379032937,3.5553901940776127
0.4846211067553333,3.4849866188670373
0.46652632605649047,3.5457889831792926
0.49978554903905464,3.2690227543794177
0.4623740075249129,3.6872821011925048
0.44411002350943785,3.838223063205214
0.43863513401662807,3.9292713632200917
0.48626298314011207,3.444714415933818
0.5295854088110797,3.0218548668014016
0.5073346592995716,3.1706959308625193
0.5017722487133114,3.3062364683437595
0.4417630664481301,3.8720282397475203
0.4836075898604419,3.4756532261063686
0.49086728020062564,3.3508177444279554
0.4713187884280599,3.6047189512456113
0.5196607609282732,3.177387701078607
0.4235445045941978,4.034301021261136
0.4951216294162195,3.3461672456871456
0.46210641303982336,3.6441497316232123
0.4825949132212354,3.4566112545560346
0.4749831474059658,3.472199672048621
0.5170107617925401,3.167101380795318
0.47067184410068585,3.5212226717331476
0.4726869118743722,3.48666115565385
0.4621318704389387,3.6422769580546084
0.46584836423699744,3.6862379119734636
0.5057008239541207,3.254541422206898
0.47582945641829,3.433382192784957
0.47590919588860126,3.479872926462226
0.44883521531303855,3.755583935502905
0.47541378148857677,3.484732270645668
0.49868511703072005,3.309553934000369
0.4948028975575232,3.3841349033632704
0.46249142717083846,3.6069806690446287
0.4654617012123585,3.621957284342534
0.4674446150665492,3.593317526472979
0.4655190803367517,3.6325974488534643
0.38994209384390455,4.394466838628535
0.4583367044054305,3.648082866738311
0.505304746050022,3.2575813541116085
0.48539944399237434,3.406297239103934
0.47134005914705945,3.5617973420068854
0.4813448109560141,3.3626173599337204
0.4804889720505974,3.467923872577912
0.5202248038695988,3.140211212005364
0.49930679687298846,3.23625781033558
0.4814605301364576,3.437279010869236
0.49935881256395076,3.259842679868847
0.476074479867894,3.5019043647577113
0.48934273579309895,3.356186614205703
0.4812230942938476,3.3283668737316074
0.44514356964336627,3.8954438404121876
0.51406528123631,3.1849928654884114
0.4565072660538391,3.734913945806072
0.4662828403057893,3.546445066109329
0.4879346164563807,3.362057380713263
0.4361676557703217,3.887599742748569
0.4292734157517113,3.9912815766755108
0.4457902400655825,3.8066227108255206
0.46802293344115037,3.563004561098685
0.46477267269965594,3.588901032698052
0.4553754889392763,3.7557128437259992
0.516981337418636,3.1418071452583254
0.4760220331415413,3.560852042989387
0.4608337574580886,3.6171735591508987
0.5183490576237468,3.2091823208915597
0.47838373061184947,3.4467356813847574
0.4919453873553927,3.4527033108806964
0.44800957599696034,3.7686544619177
0.5390724659277408,2.9836284957015167
0.4341980106258491,3.894854249862649
0.49401263319859484,3.3177450892261726
0.4604953374395709,3.718719797007871
0.4679430853399582,3.631553342659166
0.48177433181314433,3.40972568378188
0.4544068689627174,3.791518822238875
0.46249845834182707,3.659263179440241
0.49656821321115285,3.35085239121945
0.5370350524600244,3.017473622757191
0.5464430640797098,2.941641479941332
0.4557261806317796,3.646294558747777
0.5048177197941157,3.220137921949802
0.46479494088625195,3.6539563972714855
0.49575808194010146,3.289069225860417
0.5270827325784265,3.0586320609274975
0.47342065505277864,3.5735098101600973
0.46908170032693935,3.5284830591588445
0.4983360886804409,3.306017002964507
0.4742665270057127,3.541608750830322
0.4707426478139659,3.5275951660960634
0.49271246380774,3.3705545896706384
0.44460555211986574,3.824820726235876
0.5353518261351478,3.0060907551029734
0.4772416425657431,3.412143370054448
0.4846101319318178,3.4148316235321183
0.4899104414384611,3.287791069550512
0.4624986488898074,3.5935929855930193
0.5141980352579956,3.1737446298061065
0.49521995558386134,3.26320116343391
0.443471202512984,3.7612484515384037
0.49180812637483134,3.359036466729503
0.4696651268415602,3.5918379066728487
0.474880239454759,3.4800394531866257
0.4691756192239418,3.6276449710399072
0.5024125730374966,3.2808843682697115
0.4867260221084238,3.440968044518843
0.461302597867581,3.6892852357878008
0.46916514118414715,3.480963384289948
0.4628275924480317,3.623448280425646
0.4637811365036128,3.6303740650521816
0.49467034105848207,3.28897554543333
0.5197177153877559,3.089087601248234
0.512237153025447,3.1875799203316184
0.5038784749920628,3.1757976588997394
0.503978562807315,3.307333121200207
0.47769679195524545,3.4650317253061784
0.4555803467314086,3.7569036632368435
0.5187502738056771,3.2228691996855163
0.5339869301750697,3.065938644641637
0.49900803013787054,3.3402461008685393
0.5023602862335809,3.207721481308707
0.47637295916421396,3.5878566443937037
0.46565928680772467,3.5790096524286272
0.42478581270462684,4.029832898700803
0.5407760255928631,2.972952228284
0.4731307071716145,3.4199020987098048
0.47073278815950054,3.5162782043224605
0.4521613626215039,3.75579905702931
0.4542857138738665,3.817587822764652
0.4689450234363651,3.638062598351353
0.4792148197806179,3.396109194881074
0.5085780098832885,3.1563265642121667
0.4709811035610029,3.6062792629977474
0.4720636003601261,3.493297350880005
0.4554121931022872,3.602621646116435
0.5025791605222238,3.21760829945394
0.47199748725378876,3.614729719723442
0.48629280530741387,3.379008321451086
0.48813664576725696,3.3555843123002735
0.4887944732731064,3.406475960487523
0.4781620827972673,3.498569148749935
0.4742386713397218,3.530578232996351
0.4792442282430984,3.3389162409671713
0.46992985071751475,3.559663303492669
0.5082240068623711,3.2228393735829206
0.5176615422830195,3.0699749607269724
0.5206019745596526,3.0554305391876575
0.505384696613567,3.196133819383462
0.4998015582986394,3.3097547098306705
0.4845278069892273,3.4014434725562737
0.4847120327276728,3.412140567884267
0.4488564699635924,3.7765360335171714
0.49068990598376855,3.3196174478763076
0.5264615754847866,3.058691645644774
0.4950227937401699,3.334783161820458
0.4812085833041092,3.5195740675038847
0.5160427542290065,3.1205358952963618
0.43916275795692916,3.8323618608589385
0.5081831382257298,3.2210041433932473
0.47059499390450826,3.5507356268773522
0.49520883635746693,3.2968348830581484
0.4431702481718981,3.7553988581331086
0.4709248362293239,3.522453233265618
0.5044628313620516,3.1968088146963436
0.5229720772360278,3.0899947332597786
0.5535357297402125,2.922279777470398
0.4933312642096862,3.298354897911652
0.49522513790714723,3.3560311998069334
0.42125697086242775,4.045067030287893
0.45217746341491355,3.7429084364993375
0.45863817986751443,3.6155704303607115
0.4898243503361071,3.388001590683845
0.5207544555767321,3.1717924542436813
0.4799671350804759,3.521023136108204
0.5211141019282126,3.101723767905682
0.4763673695816965,3.4596684171370704
0.47136567032460536,3.5512329653407333
0.4012702904217435,4.301542566725517
0.49756271762910476,3.26778275962265
0.49697959234401595,3.236738144266708
0.4612817631295327,3.660730901425986
0.5111573935665807,3.1494285028472944
0.47982683088704164,3.5162325413196966
0.5278938594400334,3.11329931669269
0.47921199193072583,3.476398176978243
0.5125720432787799,3.17140941400136
0.4903343177354577,3.372925886243673
0.4931656637595491,3.430131522042909
0.44722427733060965,3.758833309665583
0.45606565305590796,3.7639094031122364
0.46339893709485047,3.6891687503418593
0.4834161819519077,3.384877352447973
0.5094563536445427,3.2288225143770846
0.4673857105331016,3.5261006982737055
0.48490516101720577,3.424182315001123
0.5068297378500064,3.241696426601225
0.46455890992511706,3.582832923341368
0.4929876343367833,3.3040612133448914
0.41760937144436305,4.149909173548615
0.5027017893490535,3.2802649289184194
0.503911001368076,3.2676380152561166
0.5066018491268527,3.249308425303671
0.5238554308216985,3.071770452302281
0.4913365153273799,3.3768805368100754
0.4944247518998601,3.351715248710069
0.47497516326816563,3.554146996503761
0.5006083364292514,3.2899843176537544
0.4716012824339667,3.5846539982829997
0.46979060508489207,3.50172896115452
0.516694679893037,3.145476930564118
0.4901473037966901,3.3592234496770867
0.46265857216670286,3.6674515315771394
0.4631688904436051,3.5515252236932167
0.5090493644423262,3.224601092915636
0.5245639719053536,3.051275958689654
0.4807430741249459,3.384153657767596
0.4978545461861018,3.311572878397218
0.49261851888550456,3.3394067588022964
0.47559818882282306,3.4835044679222804
0.4696958852871844,3.512938873904913
0.46520321807772613,3.6183390937954893
0.4737999554711578,3.4459001907609093
0.47153649324162095,3.6010675977549074
0.4492208802639039,3.771370468414262
0.47946965568943456,3.464918547331154
0.5336838133876127,2.974891341813146
0.4611757682468513,3.680686002473551
0.45898375635725597,3.7536388194595944
0.4514664988211654,3.6956262166543765
0.4893699143155156,3.399412858685612
0.46988288735961625,3.5425556056690577
0.458295461482425,3.667147415668221
0.47478803073257647,3.45456847841212
0.48665479286369034,3.3554825000099022
0.47298741599210414,3.5941630532202686
0.46645182674672186,3.5098221271876886
0.4531974082159392,3.7806571859503317
0.4516130268474308,3.780626611728331
0.513075772863576,3.1191438189850618
0.500472644400038,3.3754986710010626
0.507566455390237,3.225753954803849
0.46487625124548493,3.642146257884659
0.4579268283204322,3.719472240976506
0.4656043843848614,3.6328657877188477
0.4754486503649291,3.5730692533819335
0.4454502463074837,3.8642081365146197
0.5178921998254833,3.129489448615615
0.546898113416926,2.9083558220863033
0.4860151539138716,3.2735838803495674
0.4892574159922645,3.328208742641649
0.47309148990154587,3.5517317966363287
0.48838648735033857,3.411264325638957
0.48829118935330307,3.417892939573221
0.43715373648491823,3.956837551123083
0.430769423699205,3.990784669291324
0.45649632743587765,3.6648167427664546
0.42287522048263393,4.165074030392205
0.5067271462850922,3.1989208704774454
0.48427346146408795,3.3893280902290512
0.4386726215418211,3.8694774410155635
0.47829713610658137,3.472320946675031
0.5110233251256298,3.2557137579764523
0.5186033422765266,3.1267580798657777
0.5289944779350193,3.0519240283006845
0.519105640939034,3.04670308859417
0.5048754206242032,3.242068150137757
0.47886746690246373,3.4098137659525296
0.5167972961475207,3.2141402291456522
0.5018651704637425,3.28808953566886
0.48411438279979224,3.378781865561819
0.45784624575876653,3.59714958379576
0.5199384939047116,3.144030451087396
0.48775527271104324,3.41100429305216
0.44429645912032195,3.8414696213750683
0.4947146645757807,3.3074575528632355
0.4234139695919157,4.020238486794882
0.47602960197759714,3.506337488018659
0.48441727144099167,3.3360767320576525
0.44625904880775946,3.743233606934377
0.4232034233559496,4.094507865441296
0.4895570910114222,3.4333736948899722
0.48790781531385746,3.417456320263853
0.5225237172786347,3.1281255218292663
0.4679549549458535,3.5378051192734405
0.5403915082756743,2.9572921564787897
0.46768623445909796,3.5615903760157623
0.45345939796414425,3.7156447349441746
0.5725272987382388,2.7258214052669105
0.4700697114583331,3.5778579805911828
0.4296423141649466,4.044737822548558
0.42475904428791444,4.006327986724566
0.4712724044160274,3.527054498989336
0.4677912775302895,3.673530957048471
0.46801414321775203,3.5783709277740323
0.5006173178783948,3.207061301438796
0.4734396330334749,3.4617578597549015
0.47134949368754375,3.579507308324117
0.48636309095883945,3.3452718066553007
0.46979188010336936,3.4515822896504544
0.4597867686215529,3.6259020340871366
0.4638864290081427,3.6514304623269878
0.4672400012778064,3.6383351531769277
0.4998749257944886,3.2826479901350623
0.47255065430255194,3.5706927891888065
0.46735328454182534,3.5248973542126225
0.482131820085337,3.4618250075821697
0.4715331696792183,3.4922256276163743
0.5264321851482954,3.0712778986823026
0.4438318475833814,3.904852313600318
0.4665665273711801,3.548657648290577
0.47300206601736783,3.515522124749562
0.4844277181179207,3.458936722668524
0.4111764784990981,4.276602076052314
0.49930930649601546,3.2605554253002036
0.46602528882550914,3.5363614584050977
0.5139546697597683,3.157227793982849
0.46405657740525247,3.723769482986731
0.4910550234245266,3.358420868316932
0.49148282978011726,3.3184929609719775
0.5059526174043888,3.1440552420078265
0.48507947455198813,3.4231732970362283
0.4730020368723791,3.5684017005204915
0.43066366963481634,3.979799141695519
0.5276366786735258,3.0827548674117207
0.5443454935044881,2.995856435543515
0.43728053825977986,3.928229782454809
0.4740703101864746,3.44084683524759
0.49849694588660587,3.2995894896620888
0.4501527282092726,3.7643704101486537
0.49087987013422946,3.338691317945954
0.5020311316406458,3.2579613929759765
0.47835822746001033,3.50046692946513
0.45305931806563393,3.8394004362392398
0.47936475411511426,3.5238333450640575
0.4334909039838673,3.902632631006256
0.4458939168402809,3.7999718852218702
0.5026297038062428,3.260869371584509
0.46299415059523863,3.579256423635829
0.48580997084457617,3.4313969710018686
0.4998436336022172,3.287707769601406
0.5206997647441435,3.139180035013055
0.4943957541160197,3.3392533328323473
0.4929428683126995,3.3269843754703574
0.5255642663197915,3.0494141747905252
0.512715077935316,3.1913447271305775
0.5212471751045344,3.149412751083792
0.5087940957409818,3.2721026404154934
0.5053029817000928,3.148763959797836
0.466331651389142,3.559421945605323
0.433965525415956,3.8486670048560243
0.5022587811196386,3.2028448065808943
0.4535894274666282,3.6918818778005433
0.4765223145870565,3.495957109162042
0.45718894807676125,3.6789922735469425
0.4873154132523823,3.3411792495175185
0.5076668307341689,3.270032491853867
0.4669660935813528,3.6015002983123625
0.5024021682295183,3.230478677080674
0.4810084198573153,3.4810481701051494
0.5304653348558626,3.0554253819610793
0.48769673976180283,3.3757586311442234
0.45468977457811915,3.6203298716923125
0.46524775361642273,3.6062769888784336
0.5012984646079617,3.324475273817207
0.48851138379298586,3.402760104433034
0.45204357132551903,3.777650118081454
0.5131119668546689,3.161649727007707
0.48976807057851773,3.4863918817505692
0.46611704471755244,3.56135889045611
0.4781484487899197,3.4445820509831413
0.4815226015548043,3.409845208538176
0.44402545634750257,3.872251752807314
0.46516409695694216,3.6327867201261537
0.4580601168201591,3.6533570897204504
0.48022215046492167,3.491144330116844
0.47676988740116943,3.5311734288523677
0.49792568069730836,3.3037861646520716
0.4979711546510668,3.3543976430113913
0.46298363184874686,3.646420217755965
0.4831784815397878,3.379888595602564
0.47321719685984137,3.466648183624953
0.5021552578651631,3.2862719198338226
0.5128553676753432,3.113032819187502
0.44739269244935803,3.8951065183014237
0.4536716136147605,3.763914242914721
0.4821846742557298,3.451014443385973
0.46190767187244086,3.6533474302778246
0.4827633845627191,3.39577333434657
0.4662446276001844,3.6181784494810767
0.48443142153094826,3.485507167615116
0.5167938230491693,3.1396530044904023
0.44504110696902943,3.8465090676622875
0.4627770387711934,3.6763712061487217
0.4898884333376193,3.3177866006145313
0.4537374345779894,3.67083708357302
0.44343372729314,3.91847335286075
0.4857986183573445,3.3993989669013427
0.4748362822896808,3.3860228792006803
0.5067109531043715,3.223428020114237
0.45939377918537105,3.678054243796236
0.4362918131081824,3.9497752466412672
0.4825492607029101,3.456526809654232
0.4527402102985906,3.741612070874761
0.48159508854552546,3.4217711097287653
0.4341598769917688,4.021813750720639
0.476055502789265,3.5605648375318744
0.4537168534305609,3.727725326741648
0.54427494366697,2.919273344836876
0.4770313584518469,3.473563601906669
0.5025442100424642,3.207947148932693
0.5257212018830015,3.0748859097937316
0.48183186908140274,3.39321053183993
0.4616060720970755,3.606172979626083
0.4764902940812008,3.535745757807103
0.5129589246494237,3.150316623825326
0.48850016357130716,3.3669871724441642
0.476260269033086,3.5040649273929234
0.4632222207726521,3.6065281694588087
0.48020954172886066,3.4713792696455195
0.5001505864361706,3.247133894387598
0.5536133825379194,2.9087555124681144
0.4238310377532063,4.021395021713667
0.46669868403568304,3.574172393255327
0.5201338459364699,3.1193270119667
0.463661198034332,3.6560008132220374
0.4288338007424057,3.920972654342229
0.4388532857518961,3.839835514497461
0.47201903595397304,3.5005963733841066
0.4390920265345416,3.8245601333491606
0.47929491825317955,3.4041665166619883
0.5065178858487391,3.2553289155936436
0.4680339767832474,3.516619188558651
0.4622084882907173,3.7123890343193318
0.4905230526536382,3.4142528479985206
0.4966700050575692,3.248722471859862
0.4959166668020456,3.3593979620728596
0.48904244893274673,3.3480159593086865
0.4908265320174041,3.3335603970531316
0.46342828592443924,3.5597325021919564
0.4973365123875157,3.2551438411894766
0.451185766378629,3.7075025012386575
0.5106011892016797,3.2440902129585005
0.4447442409217225,3.7592924841102593
0.49863936639633377,3.2803106669169573
0.49382441500477,3.3443079969896483
0.5009733266404266,3.2157949843934603
0.47879318503333246,3.414834372276526
0.5230029759025765,3.078341367027748
0.5605777795944178,2.8531000592752145
0.5131891980468637,3.150495456275851
0.45021074377675613,3.8182217897861825
0.45774187434630953,3.662225375715252
0.4790594942834367,3.442473624020832
0.47756073913553465,3.4473326984592108
0.47242270797872,3.567645459160751
0.47293559019804626,3.6013863515433973
0.47768953462462665,3.505989464064003
0.45213842507983326,3.851384379319087
0.4513626278469715,3.799802382873945
0.41165414881166845,4.367668063450468
0.47165483657512214,3.528273879210524
0.4368874237089927,3.967143311573361
0.45690641143463234,3.61757631727373
0.5015751319587569,3.3117954471170696
0.5259730283344997,3.146368870844916
0.4697400896892383,3.5678907220147633
0.4937295165258295,3.3518270941125317
0.4639186333083736,3.6575802951246357
0.4798588837918471,3.438419202159877
0.4425729496507137,3.874717573245488
0.48999531518130246,3.3755591298181455
0.4601423410370725,3.678455042024217
0.4653575186779884,3.7059069691831836
0.4469410857435648,3.8678138209021515
0.5068243836820874,3.2134890258094506
0.45898349144103684,3.6274772194054727
0.42418306068062944,4.083867712395227
0.5030828605055959,3.312773395767275
0.47976825345136515,3.469653330004774
0.48511835173252205,3.4460694529751814
0.4806845166540299,3.441385267829584
0.45090767860065545,3.7738824022193396
0.4856737839857075,3.509912561000933
0.46290568728557435,3.6477699883238923
0.5016364704465099,3.268835326106194
0.4668032936625337,3.558809295263782
0.44800678426709495,3.744360208587598
0.5059800640197316,3.198822192479357
0.4374171739339535,3.917837397585659
0.48635136125547274,3.4266386342459834
0.49776222201980214,3.3462482981092987
0.4653160966580161,3.603976136417566
0.4512235146221817,3.753583490629478
0.48194588462293764,3.4893823719957786
0.4595100353211712,3.583847085814763
0.45618981692817906,3.678349235238178
0.4731933574307961,3.611777330259818
0.4829266460006744,3.395077419153395
0.4440976809935325,3.810546434380441
0.460133654436941,3.6565515447468955
0.48526044900983656,3.362955593659607
0.4941682257777158,3.3490636387638895
0.49063015512800323,3.4109803442562985
0.4961136928609504,3.346475487570084
0.4648615118501644,3.6689253546786587
0.47556402333062286,3.5090082892204606
0.48428001512302477,3.4298426833841247
0.4972555154924716,3.292154785536236
0.5129087501663636,3.17144877359058
0.4671115457485148,3.6270576989161047
0.43330471719137115,3.8700714081451792
0.44777156466219975,3.8074997126358725
0.4744408089669559,3.486752031121405
0.4850996364660265,3.391766095602923
0.4808219273889627,3.5209903178813264
0.4975143718431449,3.326516853728998
0.4754084059753704,3.4912015883326593
0.5048589182271059,3.2673010445369233
0.47169979849125193,3.5665801840240965
0.47378445796077745,3.517300170287072
0.45971146418250863,3.7095598126927416
0.46734239938719624,3.582993997902304
0.4682657560808525,3.6104616756801757
0.4698351165723501,3.5585253470810843
0.5140770501029814,3.1908541046046768
0.44942018736583905,3.741069384703971
0.5090035477904987,3.2425645137535404
0.47072517341392417,3.5031071489908423
0.4832690121579505,3.3451187887144327
0.5107608670230801,3.2175462550042115
0.4769646616840504,3.471944433819822
0.3851801247605747,4.5588378607245215
0.49614429225969214,3.3190615528904037
0.46958847483579624,3.5488955642322217
0.48177922251904026,3.499496858952235
0.44436463957201244,3.856366092073343
0.47449578152073246,3.4331786455161586
0.5231228395044141,3.119101862175083
0.4553570627775842,3.6864568020362456
0.45356544710983693,3.695912850430925
0.5637302186227824,2.8943579541320688
0.5060139219202535,3.206347526174009
0.46723965517650107,3.633045839908389
0.42863850209348175,3.969888704955741
0.467160384636543,3.5888373584652826
0.46219527191582027,3.6692966796940065
0.4844703185756173,3.412873374085909
0.4561791394651587,3.76316183235852
0.451878234265364,3.794967076450112
0.47879409755528374,3.558870224736422
0.4274967435979334,3.93282955089999
0.4477195874909064,3.853940592609036
0.4533088688783941,3.724630168572481
0.4889415624288216,3.303920964607882
0.5013530127853736,3.236306708726942
0.5078494483893523,3.2279438088825994
0.44530993756768256,3.823950710174624
0.4799032062873897,3.420511034850388
0.48876506533233277,3.390991996563459
0.4712633973191357,3.5064509187551787
0.5370282775930955,3.0254597647913677
0.46742952527346093,3.654854112472609
0.4946475267923456,3.3486425906578736
0.5401564770130397,2.9869247139110717
0.4549857319335604,3.707001581556764
0.49710964090542,3.2538835003709887
0.44994511748650845,3.8020327670419656
0.46194085664840995,3.6852081132906696
0.45356117137990554,3.7045617849462826
0.5140739790526812,3.229433482282709
0.4719013428137318,3.6137780727424067
0.45277027594607966,3.7705230378686636
0.5450387620073932,3.0242881101994934
0.4652739116218847,3.6326527322666236
0.49162494092702547,3.3195802166417017
0.4362343431347415,3.943384777679465
0.46746663980827835,3.590305295457613
0.47459506491153486,3.5047260723591935
0.4820852939914417,3.425621085222704
0.4425939687527243,3.8623902593550707
0.48420562220907937,3.424379366048571
0.4855180454154325,3.4683729082520927
0.498656958570195,3.3518027723529675
0.5006377546211582,3.2340730443732024
0.5546456340509902,2.9143584290599476
0.43535209095369903,3.895998516362319
0.49064480994430354,3.375945948106888
0.4541938185051857,3.734464561803304
0.4494395312286007,3.7876877967023606
0.47351794334368075,3.525344858282973
0.4622539007564874,3.6594838818992512
0.4013982677211921,4.28798344697622
0.4952881539540268,3.3139551704535735
0.467431150603654,3.533355152362783
0.4743766679855847,3.4868400334714535
0.4678565307873888,3.5650562763344014
0.46987825983583204,3.5079523318074477
0.44336305837377954,3.8151428588348364
0.4904330557147254,3.3268999286724767
0.48694469735208806,3.407597765470439
0.48666523628336716,3.4413264373030206
0.5059362764471307,3.2587572819171737
0.49924241984077306,3.14288890984267
0.47149784230552527,3.5240997631774156
0.5374497805123712,3.004185446178651
0.4592335973374672,3.641371127826482
0.45130429036748043,3.831784716575522
0.46867756585031567,3.6286930196968217
0.5129965959972762,3.2183923317211462
0.510148762429236,3.271033145612341
0.4881569128586409,3.4076613289640947
0.48224920645494174,3.444751037037497
0.4676513465239163,3.576904364756904
0.4747663865777694,3.475981165537739
0.49919814236300813,3.2928826575631973
0.48802647739175453,3.3955583267472345
0.45957989104528174,3.6865261060054064
0.47947345724065915,3.4144367857577063
0.5031541847078242,3.173753287750333
0.4741273887580689,3.5076173828101034
0.48792371467117907,3.3977662411959133
0.5437658270713888,2.900821276302929
0.4922383980319724,3.3509999190965405
0.4786931594658891,3.3404230386433515
0.4960767375381261,3.2155906530792775
0.4669735502267925,3.5477891883229846
0.45635251035588204,3.754170913130678
0.44380312228826013,3.9313188177100447
0.5174364447798783,3.1918278082385836
0.4826646424496796,3.4255944503481466
0.4785874811557414,3.4931209608167784
0.4347838568408914,3.9442082187538188
0.4984635586851923,3.2087927595318426
0.4668693587979416,3.5911721489157364
0.4368564930696263,3.9314512305224465
0.4704667792170735,3.5313744035315096
0.46992532907594947,3.582284193029251
0.4732625460465983,3.5895294550454677
0.4825883277573274,3.395440522511547
0.46219704296642283,3.5634182869833797
0.4661548452780786,3.6503230443095145
0.4429889938554066,3.8385225412244135
0.4252640071114111,4.0612249003143575
0.4939814826575238,3.3215411923106237
0.5262489407875433,3.0578883320408528
0.525487593429703,3.143394894291808
0.49701826853571873,3.294787172772034
0.5003142885155603,3.231018588558367
0.48049261272118254,3.457973216516124
0.4659847160085628,3.594669312092069
0.461497366076955,3.6315385009111942
0.458749086535829,3.6761533089837557
0.49046291677933185,3.388013258995594
0.4980797702279461,3.271757005598182
0.43539283286134906,3.849274312434152
0.48859869078903484,3.317258589899984
0.47004904028830624,3.5698292300739127
0.4334456753340148,3.9989990500394508
0.44629344212668776,3.8049622169157415
0.4836173012268766,3.414578750482652
0.4761676259319682,3.5210879007984497
0.4494044235591252,3.8343944706630184
0.47058627831082595,3.5182216820351737
0.4621034046949588,3.637532429586312
0.44846871784967274,3.7442064988055277
0.5051555651937067,3.2275573830144886
0.49933008204713203,3.181244055370757
0.45960809184614126,3.6414538614168914
0.4556645113489684,3.6788939203147324
0.48045739752504646,3.4126904069466355
0.4827659918270866,3.4529724061558174
0.4387729426443725,3.957802696691839
0.45224546413514516,3.758581405748458
0.4753976355870797,3.5081638523484644
0.44893815450550667,3.7543720919707737
0.49577013621743093,3.2797504377002173
0.4737071323546477,3.461496611087801
0.4911520657562883,3.3279520337625916
0.43459376993655147,3.958435855813892
0.4550384545770592,3.6727428674853986
0.5142635899300336,3.1712545792031688
0.49745659127399955,3.2742151244313416
0.5249890584444615,3.076463072642784
0.5056698973773138,3.2802961417457546
0.44667445146965346,3.7851547537472676
0.4650330121451089,3.548423920468071
0.4542366158536795,3.6843290563786226
0.43303105187996316,4.013017500608882
0.4753928260489624,3.5450194223977136
0.486448284182844,3.35897601135595
0.47376158701150217,3.480783889879658
0.46053740805105703,3.6524363553049835
0.49691249394570103,3.3910063751041273
0.5018915707446103,3.2779516950165575
0.43435120813565675,3.8833672753015174
0.4643222588094003,3.6541314597288883
0.4940191728783198,3.3437322530819586
0.4873488746510844,3.3760920320360013
0.4966498492135119,3.252837121356015
0.5049886634364367,3.212348727628759
0.45057076002265894,3.8017094558882722
0.46424388329049737,3.63227638977388
0.44961968366781113,3.758858978077372
0.49000673036401743,3.3626100649382464
0.48246861676207653,3.412511823618617
0.4686874368527965,3.612084056763588
0.5030978611310911,3.2500095057233507
0.4935638817452464,3.3555462008926593
0.4983565337394105,3.29500842809761
0.47256989438136987,3.4654625842151283
0.44206538008356755,3.8665641809905535
0.4667730065339903,3.5920916686816207
0.44817996896998835,3.834103501657998
0.4751580169714415,3.4077390227355004
0.505037720965316,3.1976536399586344
0.47181203004895744,3.491804653170927
0.4525067650473666,3.754068824237542
0.5289145701133389,3.1170683887860164
0.49313169159030085,3.321676425689567
0.466070728311423,3.5359886777606455
0.5319280407794771,3.0196928455197614
0.4552780599292494,3.741960653224674
0.495505119937689,3.3165210754346557
0.5011143629468926,3.3626125700099854
0.5039265473142507,3.3147803743642896
0.4600447297480674,3.6473649723291843
0.4645767113864588,3.559165873815336
0.4321719490358251,4.044259372696983
0.5215596871425795,3.1785100851258377
0.48607061706051646,3.3179523817657444
0.4511896946590951,3.7383393928588426
0.48520576959478445,3.4284037487891013
0.513634516353953,3.1519450423032773
0.44882479673039527,3.782252358966406
0.487599790190183,3.405324495822531
0.47029005883666763,3.550943438800075
0.46647374343818765,3.6314183215395386
0.5003167812531069,3.283481788866452
0.48558921878052996,3.3895434530296296
0.5180127612895855,3.197739186678111
0.5036328859047144,3.2776984367152955
0.4595537378121548,3.728051859369769
0.4955795674876263,3.354825780717308
0.5303694376038408,3.058557224962092
0.44802436690748243,3.7066096973038483
0.47719902391171704,3.471346113937648
0.4581788283321858,3.735963038245739
0.4658810440339867,3.6714053573610017
0.4961342871103469,3.359330954821522
0.4812954080701043,3.447893915755713
0.4835110084945792,3.4936837743713705
0.4822035102543152,3.4733072706390384
0.47590276125927966,3.4919700164408916
0.4924621193925116,3.2923064057467726
0.48323835283567645,3.42636372436284
0.48454770384723683,3.429363314796855
0.5036307589154128,3.189486184838176
0.4636656860356734,3.586285881485191
0.4677376275617946,3.5549999258996077
0.4566746802164667,3.568615456245187
0.4786801509922322,3.510127120477225
0.4694006754219098,3.6402116337282395
0.4502464242974304,3.6904807452626733
0.5024593151178647,3.3071926468791757
0.478551347046235,3.477377083139982
0.45864391890773804,3.6390007989081887
0.49707488435335195,3.311068128104925
0.5049704766267139,3.0969477905365
0.5150307826332712,3.173006202320355
0.4768974345285202,3.445358301225462
0.5085169732600164,3.2881913795906637
0.4825186860506262,3.542385058365474
0.5228405397121945,3.081598337779741
0.4759515549033002,3.526644923716969
0.48765637387954247,3.3272565903370133
0.5085972607484325,3.2402721605872804
0.4798395496226644,3.4987127739618042
0.5358179715216759,3.0677490079610292
0.5161452767641751,3.1307545348933123
0.44284622336495644,3.7812902739073793
0.4712607242732427,3.570504382303684
0.486827960687769,3.441860854239925
0.44932457434364736,3.8086734985458737
0.47070348115450655,3.5560160465988324
0.4641269346616585,3.720396431074267
0.5485817516026678,2.9082860620800957
0.42977615280455633,3.9921913278478396
0.48765439346748285,3.3231840846782545
0.42881710283265145,4.054886249107659
0.4662645684934341,3.6092143865835515
0.4839622606147558,3.479823463773108
0.47132300182568776,3.5316662554193075
0.4669208946982096,3.5075890569712125
0.48958457767564856,3.296222773732102
0.49744995952051735,3.344197771329681
0.5042706017328824,3.1633729917376576
0.48673507538028016,3.4625291129057265
0.48558415950726136,3.4111093060204762
0.5013626220301848,3.26013921176942
0.48642997717322584,3.4375627790863
0.44958255845445244,3.7559107928025304
0.4452968077385124,3.806589927128305
0.4431735397550344,3.80973745895439
0.45853460493580084,3.6613064500085493
0.45975760066491905,3.6035396214825957
0.49841792285895403,3.2837304959475664
0.4683207975451,3.5443994231640357
0.4507707295436697,3.7329290331773755
0.46214801759880847,3.5464445966312286
0.45048345748248375,3.7514933264834402
0.5104521117822651,3.2389843015134994
0.47109645343121864,3.5580091940215426
0.46739638499781544,3.5633707802911068
0.48542108379299664,3.3399243111117842
0.45542024247055957,3.6622786822854
0.45309854527530424,3.7890628164042415
0.4978178554787506,3.284485154794108
0.5013753770439568,3.224403818715652
0.4839518216180464,3.38535456331409
0.4877845162582482,3.256429901155737
0.5357335934181402,2.9617915022625927
0.44144606842353007,3.9083381585053933
0.48481983532205203,3.4091381850712117
0.48427501572449994,3.4562836779257746
0.48765452284095245,3.281193568177173
0.44290729527134554,3.9464058426058566
0.4711864264799412,3.5476387159218015
0.5493253694635059,2.968161937225397
0.49077984710850014,3.3890812550903524
0.4532334867608233,3.6666983119893124
0.4489702525221715,3.794614372717055
0.48146270814793934,3.501037161007396
0.5507593433254885,2.9169800497763148
0.5060690652723506,3.2835831883816273
0.4419581450635342,3.840243840008657
0.4295744130727605,3.916173539318787
0.49602606307585395,3.2586201857371235
0.4884069713403558,3.3557198482227806
0.5223349614575599,3.0726599572019704
0.4742905573776859,3.5057704575244184
0.45573445141873925,3.740987736675771
0.4823907468910636,3.415255606875395
0.4574313831095871,3.642943558751238
0.47366523946480854,3.5713922148190953
0.4687530488711109,3.665780472852552
0.4677393500517725,3.598546210334534
0.4514873819932864,3.7184462691071616
0.45677827781438174,3.653268211809488
0.46132460263699193,3.6772292324364115
0.4199963658746542,4.190140222238204
0.43699915017778174,3.856474794043353
0.4877838294479597,3.438551112867082
0.5387109833954951,3.0492621659987207
0.518700990258038,3.2731840473612444
0.5296511839886968,3.0101124731093547
0.4916248708501516,3.395066083376926
0.5110232429697082,3.2364673645150517
0.4547253570771086,3.6875803979661255
0.49688827670222746,3.312100772913949
0.5161220258815402,3.2058785934180167
0.48412954556511845,3.4962793686867246
0.4716352886221173,3.5587270365265047
0.4533828414526142,3.6975801521072986
0.5014004818077815,3.1982783424235524
0.43241893636287276,3.9482084678438065
0.4860913363054702,3.4351024223868727
0.47373659636728915,3.5098028813736954
0.4702523646478989,3.5629615453393306
0.5208736671564405,3.0992015990578206
0.44861240245856165,3.7875803108825457
0.4362247206309293,3.9485991707570776
0.516899096828642,3.1871664641191866
0.463847024206546,3.631292355335422
0.4655259608845991,3.594682905681138
0.4201496978357886,3.9786457350041617
0.44234285689355296,3.8325993782297054
0.4701063880241858,3.621392729050419
0.4758815733767221,3.5489954698558197
0.5064490159078867,3.199662423945144
0.4686315388845811,3.59881903240628
0.5203945430531749,3.1425282265109145
0.4330985403254511,3.8769351216724752
0.49979196890340466,3.2442906059700958
0.4369501208247101,3.863829857017529
0.4796105058858423,3.4528231741291053
0.50648069759921,3.2577013743381933
0.5162075643676953,3.11612264555422
0.541816417673018,2.9598035170556374
0.4789665695070229,3.4857841223463573
0.4476062951479335,3.7392634257785526
0.457636440019547,3.635068107357762
0.49451147093251363,3.3325641597757447
0.4792536647853874,3.4130000958691475
0.5032816346516557,3.1958607991552084
0.47981765076006955,3.4908765447050922
0.45772545329937875,3.7382131561457057
0.5014375925065898,3.2816283841848057
0.4367522072342942,3.8380649498327237
0.502642642523974,3.266715527381929
0.4400444631514269,3.88995123672234
0.4963744390527465,3.2845980927126526
0.5225159338424863,3.130027497358869
0.4675330753590816,3.583241327973897
0.4661946155250066,3.5686548868306387
0.4497169823663613,3.738659372214896
0.47916399906033713,3.4287965899707578
0.48255104764380363,3.479203243000265
0.482347014143682,3.3930004524275232
0.4601612889679519,3.5971292367874095
0.49447875025827237,3.305025157749953
0.42872790671289496,4.005105577855306
0.4633936115344758,3.7100298389890325
0.4654616149758874,3.612213986989925
0.44634929666399126,3.868451187864559
0.47686041543308394,3.6074469443903197
0.4757723069156034,3.5073129956211684
0.4685877229083812,3.5626759101935153
0.4549566609455784,3.661880579939558
0.5219825371362637,3.1291760483897613
0.48489492450162025,3.419420949339127
0.431160673046616,3.9807998842084893
0.4387630252659156,3.8199666053679264
0.47233039152781764,3.5214883326567272
0.45905770188761563,3.746594181590414
0.5311257801627467,3.0271746320299107
0.42316892944665885,4.035639212984476
0.4850941052581206,3.48225863118451
0.5269002419050464,3.0157474265486175
0.4725880381245239,3.595521710317819
0.49299652168399,3.3497425414082644
0.4688005805927503,3.5924144412905403
0.489187368532647,3.38898734618229
0.46232450804821335,3.7032278950299427
0.445205663169501,3.7439009750008188
0.5272097415604535,3.043571160939741
0.4643312940705239,3.6110783755663878
0.4743647774674226,3.4895551982620443
0.48473398608130464,3.5135078017209573
0.47430482223599757,3.4988408702297438
0.5020902924854054,3.27659461708647
0.46083694822398513,3.6252819122028455
0.49496981004421947,3.3043278301589427
0.4869488725865575,3.3809097229394554
0.4965230688469543,3.291704186910391
0.44647921211932884,3.8347857838767494
0.49114438269208593,3.3373598446441983
0.47136189250508354,3.579321204375679
0.5036757424096521,3.2581019228928447
0.4583030484099233,3.716935707108755
0.5189883377315776,3.1739565659543514
0.47830356751279396,3.4819042027234395
0.4299937022659535,3.9021986245813176
0.5058371661214816,3.1979991935442764
0.4689915591799033,3.6007664997151134
0.5367076465142102,2.970796754939455
0.46089011162703153,3.7009751749040323
0.49767023261027543,3.328807661602789
0.5124285692175465,3.1635324643145517
0.4960922025249263,3.283728677945756
0.4954517479903952,3.303318619898013
0.5202669142445002,3.0767197226290026
0.501935620622344,3.2429075133991354
0.4554086052125735,3.7243286948097154
0.49790375279564303,3.2289847198431465
0.5168747517139509,3.1631374941073522
0.49457447381216085,3.3527301683054853
0.4607930674637206,3.5526018624394267
0.49277906514886144,3.385996588783708
0.4810271411657094,3.3819609705587976
0.5337422081249774,3.040332067950361
0.46879011940106685,3.5757454862396223
0.4749962205732669,3.5318865354425157
0.4585236398920985,3.626253639647215
0.5403627107185063,3.0550510232947103
0.4918393997527109,3.394208206969446
0.4660132701236215,3.5958647038562406
0.46631669855982427,3.593031127556152
0.5022516800216092,3.2624448135818507
0.5109541937112767,3.164355588830305
0.4395735812616885,3.914670945771692
0.4628654323078944,3.677712876231912
0.48402091020527793,3.363965559041283
0.4607890223831901,3.6804294567581777
0.49681350187022827,3.28514915874519
0.46960936043153145,3.622265676771615
0.43265458075915053,3.981301060388939
0.4650083404507693,3.58975290654114
0.45354063531628025,3.6979605343830997
0.44662899731490047,3.877804000545593
0.48718120689625755,3.4101388482577795
0.4859883323885046,3.4175818157976745
0.5330101968086212,3.0349807350928426
0.4744027286558841,3.5089270394301053
0.47861246440184824,3.465952356160699
0.48752865452555616,3.3935381792357933
0.5242779983142104,3.078892766500151
0.4972424878032202,3.2051311084574134
0.45918477384605794,3.6259356993009773
0.4624454315895446,3.6817818987204576
0.48324319576235664,3.420844629614429
0.4715817363537659,3.5775123086525595
0.4630536241731228,3.6268418452152162
0.4623816181244855,3.615961454983742
0.5143767758652409,3.2375631965452665
0.44772472396456775,3.796039115867683
0.5315900965402252,3.0064749617850883
0.47586727931435174,3.51316398285735
0.5066345277003858,3.2092083769005004
0.4837699634201016,3.4029616157891796
0.4902115174877133,3.359476437146873
0.4481475570763127,3.800320446330902
0.464499474078291,3.641170930002031
0.4985675360358168,3.2985965332366822
0.49789885420624436,3.257851526514004
0.48895830432121484,3.3383060283444226
0.5065752291690636,3.2474524760910812
0.4598002444505289,3.629073815218719
0.452032081992556,3.7188095107202654
0.4798749059654205,3.502688778892481
0.4838631812092152,3.477771558847343
0.5068594520799095,3.2034971256083833
0.5056409411437577,3.2376384269045406
0.48973355825753406,3.3327925243055807
0.45126833243627995,3.7134343941234413
0.4584400677788491,3.6538961211491596
0.44497171924551004,3.89639178031457
0.46453647960750266,3.5747945433655346
0.46223324610756467,3.4933496358525735
0.44908775153348146,3.7339415519537615
0.46281425525176373,3.670451836561723
0.4590658398796111,3.598342892974575
0.46277455077770174,3.5465933074779845
0.5467567195491143,2.9435289035696943
0.5144097447452908,3.1289025754897284
0.419207643415072,4.0914684096495835
0.4773891043316354,3.46817890054048
0.4738539519669669,3.5508737943533597
0.5752767160613237,2.724460040772123
0.5005752499355268,3.305371841263396
0.5178247278036553,3.1485355292683
0.4833372251380845,3.4970007579021454
0.5211778194346084,3.0275827747025765
0.4602689301920433,3.6499391230637888
0.44406084794935524,3.787535621086511
0.4677246561381977,3.577434048733614
0.47802310112472113,3.5408534966556684
0.4541932563939954,3.734202423547852
0.4676450542357348,3.5354202969813766
0.48433639720976324,3.394100983950321
0.48282894476740235,3.4279672564395174
0.5163510279502521,3.1558568271713323
0.48349508937026286,3.5107417243419476
0.4827246324181974,3.430965689429196
0.47186598248615774,3.5904306817328755
0.48736211445857314,3.335148575218159
0.4903613066138832,3.3258933998544746
0.45517677349008445,3.644359508411611
0.4945271834268723,3.3367226029326775
0.4454074174404953,3.8246709724957677
0.4915884919110678,3.2864238196985625
0.48283696495792605,3.423808934864679
0.48295669731454627,3.423961331286623
0.4808876462086677,3.393773855239685
0.4891236020187141,3.318901690311578
0.4880801999739093,3.3815913020436015
0.4510293231782243,3.79765054297108
0.48093397360213763,3.458791795998062
0.449318613102145,3.7785447458487535
0.4905979076524751,3.4383634587051524
0.4265846253489798,4.010855637799442
0.5001411445367763,3.2858569960730737
0.4852692735057107,3.363679965397656
0.479282967124504,3.554005855327589
0.414462134275158,4.1227253101219805
0.4626110082979613,3.6614367865574544
0.48243985243628323,3.4861382739216626
0.5149843386737045,3.1712840074387585
0.46054012240469033,3.6044224618321468
0.47080037723931634,3.5546245955617226
0.4800795453742943,3.389932582475661
0.5098373587468086,3.1689467225184624
0.4895459030447512,3.4266530831700477
0.48818624397851174,3.326730418108216
0.5158708281783533,3.1742257675805305
0.5239402811800209,3.135421090498606
0.4691148185207349,3.50120899761237
0.4725893486903663,3.469881918754491
0.4721077706205672,3.5322040778963104
0.4757168028812062,3.4886372977345173
0.48100807517788263,3.4280686731520458
0.4162259551973918,4.134769851694747
0.47256838000222856,3.5706428617087274
0.46554205098387613,3.6012555599306264
0.48276404625378044,3.422374597833115
0.47711673115868175,3.492855242848441
0.4514432508636954,3.8023829390500863
0.453878943630071,3.6808074506631305
0.47530611487483204,3.4867377669373285
0.4463843509331768,3.7779432302394076
0.4572475491839493,3.617236437878921
0.4752131554834751,3.5164394828369896
0.5085528103569587,3.253009850358161
0.525795534325286,3.0838835358296612
0.4783400396033466,3.478496260378933
0.490027124374967,3.435868023903829
0.4374657540368549,3.914176897418437
0.515498223487301,3.147463303484943
0.4772220111799919,3.46097133406707
0.44130128099939037,3.8801872456766597
0.4602122470852412,3.6216282938254465
0.4957576086351108,3.2904411108213547
0.48867259332969354,3.369110894693089
0.43497973561554604,3.988151825559588
0.5142444590110167,3.15990885967628
0.5247084893762923,3.046610533904021
0.4519644573341678,3.738297230256303
0.49565915793704607,3.3257191453281174
0.4307206050908165,3.874473646233723
0.47507310575288386,3.46661636713556
0.4360838624627328,3.8882148438423543
0.45892571469715604,3.6614215600494573
0.4949392006108721,3.3534126695929474
0.4872724948519875,3.413853689005561
0.4566017513203833,3.6674315776577133
0.44957257727769184,3.7681207391394604
0.4378368694469368,3.8710322395626533
0.44373180716578137,3.8283857743815903
0.49847711352470503,3.1965817325982395
0.45119045797812257,3.7459360214463575
0.5030597346849559,3.2506529581481454
0.4345161413431132,3.932522654404256
0.47417480606577056,3.527780620204393
0.4246116170915005,4.044510156655658
0.4881724298046979,3.3629264377409678
0.49191958748560327,3.3566805987645654
0.4786859390413905,3.5442665367225756
0.4823455732163573,3.4635199299037267
0.45986328809734184,3.6802254970315005
0.5329857086180632,3.0710523470747786
0.48382955473791567,3.3964552109699593
0.5447991350138999,2.9154864952684116
0.48603046114673254,3.438904083123174
0.5137951349011858,3.1910481472055716
0.48336011931786493,3.439599204630781
0.477690034114171,3.498267483541949
0.4930252408310191,3.253019125254788
0.46239385818686807,3.5473836403838472
0.4737872208257168,3.495585847654126
0.5147060347552761,3.225318291627488
0.48287007402717635,3.4137609385314036
0.49986442402948356,3.2901101932551144
0.510224774257132,3.1332222510715533
0.5242393835954399,3.12651921064943
0.47423236238001637,3.480054775040818
0.486426063533478,3.393131847625075
0.45703793366678125,3.8319967973270614
0.4854069811452215,3.355909241780917
0.49476572855040224,3.3462722968741208
0.4609363278736635,3.6651170996407783
0.4593050900774873,3.6291269265207977
0.48567259340814134,3.4143208522546207
0.5090565670653289,3.2103407721320787
0.4693085418228504,3.514981264953019
0.4847589321919956,3.4137666862806193
0.5063821227988232,3.240130277998916
0.4903352769662437,3.4161557899759027
0.5283389825436471,3.031999760403818
0.5297727462178667,3.047058639469459
0.4438919048816514,3.770644464106522
0.467082384875245,3.571860816813508
0.45833078940122807,3.7066718372053438
0.45948654704976444,3.6786462746102195
0.4662637815912581,3.563994150789775
0.44867268490720147,3.62894878717333
0.4825999683772124,3.4302689160937896
0.4888644694122539,3.3536803780838955
0.4874154941922084,3.40373433560662
0.49898505850712205,3.2888589384177975
0.4554833740998287,3.700075721380814
0.45743392020831053,3.7188431772486736
0.4531808423664538,3.759521404632684
0.46754830273201287,3.616275018500677
0.46900845770152744,3.663859094756623
0.5076456377693972,3.2690170914568006
0.4789134929139144,3.465633626675587
0.4420863287039891,3.8694016544239207
0.5016616345569567,3.2799093049635104
0.5215540201758166,3.110354327698648
0.5159422569875709,3.1837494763015535
0.44765101749909997,3.692969786042429
0.49082644202412573,3.3882171567320984
0.4691990652898112,3.5868365770182704
0.4228711382784236,4.06045450189913
0.46244965180758774,3.678771197351168
0.4636378801503967,3.586807853494706
0.49386836388487354,3.3616281697904538
0.46621336470357894,3.5862535361739933
0.4708929155471971,3.5520243972339176
0.504654965137981,3.2502756734057563
0.4657883702267237,3.5913231795550846
0.476348382989395,3.4684665018218843
0.4784546568683674,3.4786187726358735
0.4313034759406592,3.848995297336426
0.4612664512831084,3.652911206534965
0.487345393153437,3.4067818070365603
0.4770254104133747,3.440108113150884
0.47713499896258366,3.469783819239319
0.4782950870908139,3.3894476106397295
0.4945797418998067,3.3306349518564793
0.4792381500491101,3.449848959693002
0.5057773955801581,3.2645345911795274
0.47492097348556167,3.508143864139936
0.44787520434912365,3.673691753138477
0.4647828927898565,3.6350621277574464
0.49918936003233044,3.26310797386476
0.4702297242366797,3.4986956794800377
0.4496807492392562,3.781800634389679
0.47081225093201384,3.5474287246622067
0.4391209968913184,3.830454492530677
0.49424241237420363,3.3876131193370456
0.4819746457767307,3.360895341464989
0.46562735874418026,3.5596825186459964
0.45912641532844933,3.7131729453321194
0.46005701782619135,3.578650208830742
0.4632692304427488,3.626181845783667
0.4732213078776922,3.5333348773783646
0.49288143633640735,3.3631935879784765
0.5005133382973339,3.2804007034005624
0.5108540288139153,3.215115549323515
0.4911373099479474,3.3147289286255845
0.45401301223856855,3.702481667191873
0.4525938790802869,3.7900671627492097
0.46071336825613596,3.632436794507338
0.4922533880190094,3.370959595594742
0.49712665153994573,3.339791549110196
0.5506380159652385,2.9490935456798884
0.45950642676890663,3.668108860304122
0.47173300614124236,3.544044642346385
0.47995312581083344,3.5024730239714437
0.48643658273558277,3.331860807857176
0.47017715798461734,3.559886171391069
0.46057459406944323,3.565579476104674
0.48878819282378805,3.4149354886608396
0.47876905767196004,3.509923807450328
0.4705386980392064,3.4799850526463616
0.4770103840573979,3.361135551400834
0.4954982141759756,3.2586701295424656
0.48761644833515616,3.4273309695134326
0.46151686887589566,3.635680502866192
0.5116852234214149,3.1788670719987446
0.5118369211290623,3.1708089118563443
0.5022077643862679,3.311883231480758
0.45419130774701066,3.7121857693653633
0.4298364794477851,3.9943347806114495
0.5024104798714834,3.2568064115504143
0.4550970493937162,3.734547107288169
0.4790373488683013,3.5191230101618682
0.4979646091369409,3.3193771881104133
0.4429721959463629,3.770355265308048
0.45753081136916324,3.6082558640639957
0.4729408551325168,3.5087201001484694
0.4452089701714645,3.855818758669804
0.4698572384227963,3.5298614113470332
0.5050622100833375,3.2839283982627148
0.4866551406437536,3.3591010199105
0.474767000516027,3.5103080674786797
0.4869422220471517,3.3499933130828143
0.4725620215957197,3.5467936151014996
0.477527820086542,3.4498981403363143
0.4737032026376976,3.5815195195188774
0.4536346594299416,3.6462441268233627
0.5159451588692636,3.1705409357197754
0.47082789904727923,3.5990804149758824
0.4605693927971886,3.6000635141454427
0.47553874938142354,3.490483234203379
0.3947439907381791,4.392809612763443
0.49276717229857325,3.366570646211415
0.5110189914115493,3.2016741114925282
0.48056200609000443,3.469137463191543
0.4998260234581215,3.339206605274709
0.47519551331853305,3.4894684384330525
0.4312641821645986,4.101763173436818
0.48646120767372664,3.371683336934236
0.4674584838161248,3.550394261023563
0.4419483438849112,3.857376706024932
0.4940610945765223,3.325510114469729
0.4524833531688934,3.7171071069501886
0.4957389989339447,3.3590342948217513
0.5365010213918551,3.0722273891420895
0.514875480224718,3.181682285146509
0.4707012752095931,3.582918270422798
0.45438518098774283,3.6682310525768718
0.49260588692383833,3.376469933011426
0.4485761368790318,3.7417650354869147
0.5599237146195739,2.8335101922606984
0.48834880882821596,3.423427867063717
0.4740825742016736,3.5121793516366453
0.480610828248292,3.4286107883293147
0.4721488499468438,3.4799338665661903
0.43741674101419026,3.889843901586477
0.5217597296947416,3.1095609638190913
0.451249330419984,3.7410412321355664
0.4675109805633164,3.665174174308215
0.5044463070029492,3.232375364139323
0.49965324527413657,3.263814551898311
0.43852392165309106,3.883991075717711
0.4518331711578901,3.7303151043951357
0.4797227222564966,3.4283708876500394
0.49570512407598666,3.330274634703162
0.47488150656241035,3.5591307503502034
0.5717342988506788,2.7630581962545886
0.5421837912647192,2.9947223784665793
0.5059080556515041,3.2101412954632513
0.45067741017922647,3.7230069851453735
0.4288553714277574,3.9598450746797074
0.45356863755931504,3.5844325218617414
0.46087231389515537,3.62968775483979
0.49866464263966614,3.2221888617741032
0.5062733184401003,3.2155478902497
0.4871458945419442,3.4126714326323535
0.44332268393174923,3.85912176516267
0.539781116834787,3.0013712721246617
0.5003934724311194,3.2328872513721088
0.49393907353480965,3.3353016061747978
0.4837384685586713,3.4674633074544845
0.5106499157334952,3.215534569331898
0.48106618102001153,3.4270996277391794
0.521518559524438,3.117306073017863
0.4248461491663289,4.063305498830096
0.4563867948132803,3.642654620593608
0.5067335419143029,3.2080018324997384
0.453144590241304,3.7009614244359414
0.4813660552203895,3.3849513640356146
0.4561857622867481,3.711878946867829
0.4869500754566938,3.4132477256938656
0.485437775302418,3.376785101973324
0.5183496063803785,3.166614222164641
0.4525699680229377,3.7112198001820467
0.47452816947891746,3.5402405048223153
0.4579694283717084,3.681650974527406
0.4933529718965526,3.3682227293619706
0.5014529467366884,3.2739024267319192
0.43345014080879185,3.968925678665378
0.45949253266559476,3.569740640386673
0.4706947445031148,3.5846356948226212
0.4615365435934189,3.657334116442373
0.4807801860673129,3.5080520939248694
0.4644975803532574,3.5891147378257875
0.52795021301391,3.039644429548968
0.4566146602095746,3.6223592170674968
0.5089569858170309,3.1137078824940194
0.42375496914737965,4.0398297999293655
0.4440912945432898,3.799328227989814
0.4836237986300656,3.4298746873960066
0.5421952000755348,2.986893142336023
0.529716596624149,3.0442656488420354
0.4971030324923702,3.265682849358068
0.4895072106899352,3.2754435795961263
0.5094078087035774,3.2292140135245733
0.4751704309675521,3.4956412310113936
0.5106598420408324,3.209412041212321
0.4284583802960007,4.068094744698486
0.4774259608389697,3.479522746374659
0.4530634023284782,3.7579625838869193
0.48318761307452,3.4473976102004755
0.47940488565243233,3.4337235975975844
0.4468754288119182,3.8200310890715587
0.4693880792468218,3.5655555581239726
0.49939911204302,3.2347101728089642
0.48150058312702204,3.377909083896053
0.4740459289368728,3.5809846762009583
0.4844770030074042,3.341342153189668
0.43967664945293417,3.8474634034814224
0.5031958553894389,3.270167633396261
0.44962001764144643,3.765763561933986
0.4856413216940665,3.435114767347128
0.5081308911379793,3.175770664085338
0.47196330390772895,3.485076292665785
0.4749718097682427,3.494694665237651
0.5451776089003846,3.0295716936870893
0.5346190126005104,2.980197918930342
0.5023202860741924,3.321091014628139
0.466022957962584,3.6062400047512275
0.49550582461101067,3.2154361685765545
0.519284219164287,3.048930963054945
0.5337905022150895,3.0447321779912104
0.4639441230269041,3.6144064714945854
0.4902965491074556,3.4512299719968746
0.4550805767972325,3.7518561041592466
0.500162105308886,3.3409942056052886
0.471360671984247,3.567931443471708
0.46832927485151554,3.58207767258973
0.4984009630220118,3.3231001364283226
0.5235283989497396,3.1022342306713067
0.41649438128243843,4.11099351920793
0.4792109707659742,3.4696239678761804
0.4810835842989827,3.4907770170167867
0.5212061696631591,3.1406503983109366
0.468612194263997,3.639281176595291
0.4923616743122755,3.3645509670475824
0.4846360439134312,3.3184211844379954
0.5245175943399598,3.117915509876671
0.48252867669847577,3.4112697881769707
0.4794559526221409,3.4305487444247196
0.49794102354844516,3.2954377819676557
0.4893776470267788,3.3891433995680376
0.5310192754181106,2.9954518431486417
0.47707663594983174,3.3940500050365956
0.4599887355740416,3.639746068330623
0.4461619147510381,3.78447989279061
0.4464930220155989,3.8790813942033586
0.46377230180654283,3.5791949662529543
0.4805549207556779,3.4362044132736163
0.47779283997364524,3.3884352123907773
0.4572698469773233,3.71829395401095
0.485692635091124,3.394689160141549
0.4933998720418298,3.3908398444341374
0.5248703552108285,3.1063423638166405
0.46490172074830777,3.6308914448708736
0.48463521186091163,3.4388693470392666
0.49820896408790727,3.261387494561263
0.5104021959412446,3.1631770801240067
0.4630656990245891,3.6352972131435197
0.4870884799983093,3.4064162828942948
0.44786958560822143,3.7966076327232243
0.4648130757552753,3.645256199423325
0.4864687075887319,3.3774663058045356
0.4759466236010124,3.4793321531510966
0.48408543401277443,3.3678305355391576
0.45177428060200114,3.7692332825353456
0.4445798670401711,3.813485535366916
0.46580942536477693,3.6281373113308946
0.5139349375615249,3.191002933312193
0.49721350682513676,3.272395850801769
0.4891064570193138,3.4408271059662807
0.4770909791153323,3.4207994603448393
0.469656705991643,3.548336600173587
0.4815130805086877,3.3949789359063867
0.5020623517484804,3.349695661273229
0.5657590774750839,2.8300628461181834
0.49764861526468146,3.285142177091134
0.4501944139659538,3.7102261671203514
0.44712397092686035,3.7243824785752087
0.49425071275641175,3.3532660816692235
0.4980902568462607,3.2981422887740424
0.4958060686350084,3.297363879260084
0.4335267047185489,3.971113790790177
0.5388633618179063,3.1003747831377693
0.5157123045799645,3.159720684558155
0.49755681178083244,3.2957842423664863
0.4510940290966178,3.76968388153813
0.5240119854517166,3.1215762311814945
0.450099381908713,3.8035542564775673
0.5577189522762912,2.9074284664260555
0.5631136487286543,2.83334254180175
0.474039300920469,3.5168087250938975
0.4432517679548979,3.7753265780399197
0.48382969323691505,3.412683568331222
0.4745592636356157,3.5680030767326527
0.5028988187938053,3.250102175650515
0.47986201938633394,3.4209861290479164
0.4678522669484834,3.5802924866328567
0.4848312695507271,3.471148532072245
0.5118311236670542,3.1167194457856087
0.4504003253847735,3.793755984882419
0.483235002342995,3.5269431355940157
0.5017717613912029,3.3679135814280077
0.5145873626030033,3.1612544447026627
0.5018675261441505,3.262011329227918
0.45489789564389627,3.739502195659035
0.5012721152608868,3.2401691003612387
0.4641757755642506,3.6153081940532177
0.48327435940800895,3.4518375558339067
0.434350509941698,4.056895921392236
0.4382798583274745,3.807878341808938
0.44745572019088353,3.855011446141637
0.5027753556474545,3.2651060292174883
0.4561032092675661,3.640880217970158
0.4573138327083078,3.7612647806991513
0.4578609150312851,3.6801993367194776
0.49006071292129305,3.343483668366554
0.47609296919523214,3.4311751157600487
0.4592502767967599,3.680220289458231
0.5359522528366317,2.978950100602988
0.4848463206377346,3.3955741773526475
0.4815361835916388,3.4606995821457
0.5394870761578612,3.0671317919236
0.4880841235371279,3.332939050412513
0.46819791077550843,3.6219988466717483
0.4483643032865028,3.791196578553274
0.4951087510242124,3.3504739590916315
0.4736987282404763,3.5473784158170663
0.48056659191969703,3.504080143751003
0.534148203909211,3.0350259547904885
0.5443193030938951,2.976502851125556
0.4922058740888622,3.3839562989629957
0.49827982980138075,3.2686582784983678
0.47877918339221087,3.405364665989791
0.5042579619164221,3.3309007586376613
0.4877208350777089,3.411167654472433
0.45119389292931267,3.782731576995082
0.4766163238377165,3.449886583377436
0.4431858011230779,3.8394582806761672
0.4687481031110484,3.56630407340484
0.5195714530519646,3.171084401250702
0.5358503286302654,3.0105305036591443
0.45781038623321113,3.7024500820082
0.4672595948215357,3.593975284040181
0.48805583258038937,3.3624867686743496
0.5320101477124223,2.9679909741196093
0.4547041047968108,3.7332331047836034
0.4525807143098255,3.6532639593403804
0.4809389560980666,3.3218864616953407
0.43455556275316587,3.863806620448429
0.5662866472320889,2.8544391113121734
0.45107562053768707,3.658158071857832
0.4925008099834832,3.4005177547786873
0.4488679080634481,3.7707965680321527
0.5130983373152413,3.197287603549106
0.5260245372467094,3.134187791321388
0.49269357353710186,3.4117234118246516
0.4327966092355029,3.960357810804958
0.5256311817746997,3.0633508480465323
0.4839024489869099,3.4696711990209725
0.46166572715571785,3.6166156336107997
0.44914426972088006,3.7669069635644075
0.45152718557246635,3.7511729779213554
0.46831711766474426,3.5324107292871294
0.4491062380180104,3.781260452096218
0.43568717608433466,3.888877380664698
0.48979361902642515,3.474583539658859
0.4780758242912795,3.4513806271903307
0.45416834616664264,3.8122206909873104
0.5216719060590009,3.086102614044425
0.5046086111512261,3.2626128223367337
0.4933965298127774,3.277802628727701
0.45594472738128994,3.724126237292431
0.4885964683588402,3.311537541434898
0.5003893377181272,3.2012231594295217
0.4459150599524799,3.803811402744533
0.4419882702797904,3.934294765922366
0.4494941083414392,3.7832300817953253
0.4940937757481079,3.3413694140111687
0.4657131308455505,3.6837915439649667
0.5242873058574893,3.1144354424896394
0.4834249017181731,3.404366675769358
0.4367001643327207,3.9610581351437433
0.4641729940904904,3.6165359552764547
0.5101571645346152,3.2304705697097447
0.4839963988231565,3.376130456071211
0.45935156775411395,3.6219992677111996
0.4724857360153853,3.5527157103723805
0.4579023764995301,3.7031262079035705
0.49309604567377585,3.3885321314885823
0.5027480711581594,3.3130309877321205
0.5101956367793609,3.203561874250796
0.44225391810926457,3.8980652094123087
0.48796853759563324,3.4438274607164203
0.46231770783954534,3.657577010183301
0.49376234291455173,3.357583788914033
0.4557669532254382,3.754445045817411
0.523199204689702,3.0893332222064096
0.49662262610480207,3.333584284223987
0.47186983158276874,3.581314831487808
0.474313965563827,3.47821965168181
0.5016964941568786,3.285943823378715
0.4771964111115899,3.4556478130285195
0.5021054769908129,3.219667489004305
0.4967041170040313,3.350079247125828
0.48576020596358027,3.435113665620817
0.5436993253294305,2.9287962275190997
0.49438950241046703,3.3307846809369175
0.4581077812185673,3.7046830861069853
0.47146112203469354,3.462407305910995
0.4573985623479322,3.692774193794835
0.47877909508577154,3.4810099960921455
0.474264647849709,3.471053993887756
0.47520917644075783,3.3952761787037447
0.5108412561962703,3.1809212293408544
0.494375883533312,3.3231479980065277
0.44544418016320564,3.7380256811048382
0.47209337659232276,3.5765711288309623
0.44857146273674564,3.7235212993280555
0.4807810425233475,3.3989593470016364
0.47748586612925464,3.502558664816167
0.4563634175007678,3.5961243450950575
0.46636861297896653,3.614451233400215
0.4691202596279867,3.5886842481630046
0.42597890979528147,4.003749643811911
0.43222401219723194,4.0232093127028605
0.45643355281703535,3.7255869447449
0.4543983679837107,3.656892417448108
0.5222451737734264,3.1457344186952256
0.468768715561914,3.5713273061927504
0.491953049382394,3.372561398117145
0.47118506108929104,3.547940255374047
0.5327615323617272,3.0711561759764106
0.4951211565336336,3.3247084408357024
0.4866457208381525,3.4004285400559704
0.47057577334924056,3.5996440926906184
0.529158005337133,3.098433640500783
0.418467298075512,4.146525757734264
0.4739155920448173,3.4789772193716297
0.47633803492080234,3.518456319660062
0.5374004653685867,3.0191704260704406
0.47138315518164103,3.5101319904215362
0.5170429580541842,3.193009193546166
0.48697624091726954,3.2925913775263296
0.4685899878359133,3.5775780011007305
0.47277045931791956,3.4607718074032983
0.49185145685709564,3.3611373948063576
0.48082073614666043,3.4655388683048667
0.4764620381222974,3.4482919130669902
0.48216795026294995,3.455235568861191
0.4638123313500098,3.6617069169311223
0.4829584953022185,3.4777853205915443
0.4966847769561466,3.3550471770169077
0.46596285785165054,3.5993869019739893
0.45450496454165606,3.717843745460746
0.49122440885918633,3.313309366200328
0.4661677019198234,3.664149790854117
0.48838190444336327,3.4131916608933484
0.49100656246225255,3.357703952761439
0.45774673470399063,3.639002371275946
0.45218325647803914,3.73364046659814
0.4779656401550161,3.464515652506228
0.4735551576437256,3.496849251492188
0.5088107397552695,3.147388346776944
0.47622831170753516,3.528484575854462
0.5014656626682372,3.240783223287612
0.5061395873046617,3.1788942414289307
0.4656370299352482,3.6014637894777106
0.4991754784955151,3.240757922861059
0.48662126774040704,3.446395528511846
0.46396612658867425,3.649425642085863
0.4691636939568846,3.585993240175798
0.4733805817049106,3.5616573184439253
0.4712902931359526,3.5478133186186964
0.5311456942444899,3.0617953997804532
0.4476992177015801,3.7731629745894923
0.4573591803373921,3.772191460250885
0.4590570584241641,3.637670917728034
0.4686266906165292,3.5189260575091117
0.5086464241603108,3.2171496935074386
0.5089234464168517,3.1937352644962784
0.4951309060276266,3.330008590124831
0.4684829297438764,3.558745244034527
0.4718923643563433,3.5491632788113083
0.44530787021378615,3.822471052089924
0.4908753301312416,3.3282039583483507
0.48776245905770615,3.343690205598313
0.4498569406398791,3.7480720963198624
0.47166043844470756,3.5829397708973834
0.4295948935660438,3.9569919677806875
0.5246271961143947,3.035034605615817
0.5072150136969004,3.145403490480897
0.4494996359713513,3.783770580974629
0.4455431238926135,3.8591061226855166
0.5111551031142358,3.1960222249858075
0.47252958027721265,3.5285640284478648
0.5033555712831148,3.18560860776221
0.4553579173902619,3.7527004221243483
0.5010402560291335,3.2077766143842448
0.48060373250558674,3.4342985329573117
0.49517306482234413,3.217711488665616
0.539676178357815,3.00014894002331
0.45918440470645283,3.665831765319888
0.5091923937391623,3.1807724571751304
0.45659791920699916,3.6436583888077325
0.4566793510515909,3.658719766531361
0.48455432966900064,3.4128966942790617
0.4418561235315632,3.975759500471004
0.47996936676243507,3.465588830904143
0.4797738160985033,3.5257618316800574
0.4706512664731482,3.5932456560770603
0.4679803796919753,3.6005111867785806
0.43792604326889717,3.794040419803985
0.48475967524046937,3.476392904145943
0.5044166414505724,3.2313626385074823
0.4628931299119293,3.5607918991725467
0.483268221440925,3.4437941949606996
0.49207369000297224,3.3522670070032556
0.4600525330220578,3.669720746393666
0.4952295957416638,3.239754600199088
0.4768296087153545,3.487560486801074
0.4502082821924478,3.7288626738534725
0.46859471048114965,3.5253533661722445
0.43120878324983924,4.012134176369709
0.5046088964609291,3.237117927083045
0.5254066088630327,3.120710538414945
0.4672180627423722,3.6181695584145768
0.5263633290699659,3.0201418546666674
0.49137911541573137,3.2683833998668295
0.4981590499476308,3.3615543388286593
0.5079024245151582,3.162274117443818
0.49650944947396336,3.252021008342485
0.5110190222198656,3.213121180627544
0.5464701738852683,2.9164189228541786
0.4815594452501073,3.356149840150626
0.41525010490473385,4.266545000239376
0.44356014595256077,3.8906587784026874
0.4785766818894113,3.474934100527966
0.5165892021651053,3.200850223778536
0.45624587041384745,3.6872093425893153
0.4897405164853178,3.407741205018578
0.4791070959450048,3.4728261021851017
0.5157884911619646,3.1982021020409053
0.5105555959325792,3.2070342940741914
0.4341996391257894,3.8970190681510886
0.4221809345773663,4.09569367509983
0.4640608394732501,3.6659206904841626
0.4480460919379234,3.755142512933549
0.4525324559823405,3.720965985458069
0.4908066837890577,3.306492677851023
0.5117466742746145,3.187084082332135
0.46381187286962333,3.7003814298561806
0.490468243540367,3.3456700655270275
0.45824198781639364,3.6990655907950027
0.460932139174163,3.6615544594706164
0.4841175697215992,3.366103355909512
0.45346666609922043,3.7494270094877926
0.466095353784466,3.585832899789803
0.4432039972327339,3.7949456974953364
0.4521510084067187,3.7944755850167846
0.4718659533998861,3.584918281520667
0.5238029216066342,3.091965697003041
0.5015060851101342,3.2942332962958045
0.4569394064440909,3.68223134768271
0.4442094636245784,3.7956499419636387
0.47767394292729687,3.4497425086293774
0.4609385504629966,3.6218610495248145
0.4274063976815984,4.005050506912408
0.5306222582599083,3.051090568575773
0.4489919859738065,3.770300098694242
0.4322745863047954,3.8926150562537574
0.4881251829363925,3.365992829842969
0.4952302196394685,3.3146703704000893
0.48014678716007286,3.3620781604475027
0.45495974812946566,3.7168252252903735
0.4718895719496769,3.5656211706147753
0.4816379203973927,3.429192276271101
0.4685779404575505,3.5445004700470393
0.48498395696822777,3.4307574349488115
0.4914294143639043,3.356301635864655
0.4868550456243266,3.3793902480038485
0.48483230993700643,3.459431430851941
0.4719009452763981,3.440763390091124
0.4386932845494383,3.8624708108788486
0.5288385495947752,3.098804742437734
0.47011879772343157,3.5533168938729034
0.47780516298423287,3.499926678069776
0.4920301050823341,3.2917837240000325
0.4843996461580675,3.4192217423014744
0.48932499651727696,3.3382292498133848
0.43222055772453455,4.032766876400409
0.4826699351595169,3.4023822293099633
0.4601999457226129,3.6671455852028356
0.4434433336685839,3.67286303675402
0.5105275863326522,3.2214637934755554
0.4945374475036384,3.3044390810313398
0.5414275447095358,3.0048987898031365
0.46358452605507683,3.6111479043232775
0.46704286548822305,3.606863108567965
0.484412231352223,3.4674489088305367
0.46713544077881136,3.583805557552355
0.4710070564047345,3.4800052518847115
0.45549150920463255,3.7248121593796655
0.4930329048209714,3.341316750064476
0.4606881812139151,3.627895590894911
0.4638412546391566,3.7124855664150678
0.45670071881063723,3.69205663175761
0.5033301178973704,3.2301816810746313
0.5079782114741049,3.2231520295066813
0.4590072209255738,3.6663970739877842
0.4897223673425293,3.3841196446955806
0.5092440517890818,3.2017102957677177
0.46105909781695015,3.6582471477757723
0.5703151185901467,2.735650333513743
0.5099274344974527,3.223771093926514
0.46654131358149264,3.658465223960028
0.4879793007293577,3.3383712945283874
0.48672099367164057,3.3930883732498276
0.4702145957010123,3.5765852944711245
0.4738952165144923,3.5267367453136274
0.5006867097614973,3.219419759298074
0.5033017864693721,3.277450857158089
0.4645439690265952,3.5909553233286484
0.5006916875688296,3.2652353420669495
0.5232493514446319,3.1159374430676583
0.4592225127163996,3.7018537843904014
0.4527405838891112,3.7727628902630803
0.5272935973279067,3.160011989524289
0.4253019683234849,4.046631126342926
0.5343727929979911,2.988358649801679
0.5000948485290271,3.273880878356807
0.5100237255835175,3.20562009860037
0.4884743358622044,3.3586763383895337
0.47050938196250364,3.5345316871147987
0.4659763908122141,3.5872051302050685
0.5045818332558452,3.19400090204154
0.5072388330502151,3.0996276276862376
0.5168442256070613,3.010699434409032
0.4500485118108911,3.772630862855049
0.4737661786385393,3.4691257718445803
0.4956190142450818,3.244826564542188
0.48087488586768695,3.4076589509026283
0.4840911939734909,3.426548393504659
0.527865678535981,3.074827915047039
0.4286927211028878,4.004243925978555
0.4496630558980581,3.802271360707408
0.49609239395030297,3.3580200640136817
0.47628586741720236,3.5319110055128053
0.4471415928120244,3.7625121885900485
0.4932597530559295,3.3632672150966867
0.4987478480294399,3.358329697584766
0.5339859580169115,3.0295126936611947
0.5027034767109926,3.330423636521897
0.49502998662972325,3.3425108983878618
0.4742725247676247,3.5295765631828315
0.481202672612276,3.4259727959700443
0.4868674205853805,3.387428292203533
0.46001062621946076,3.70470617396657
0.4791231767144693,3.4903192216259358
0.4860366655436792,3.365827903419296
0.4698360246133142,3.558205193393715
0.510333484367572,3.21112644717153
0.47544462092205664,3.585468612836123
0.4709983052917515,3.6333121646702544
0.5358548759572763,2.9586974358247082
0.4610527040014206,3.6917933361316106
0.4852911865441859,3.3738986789460617
0.4652252267825199,3.458930057249378
0.4867561836083477,3.355274439068845
0.45264165816309854,3.7945532242339177
0.46843934737433457,3.615250575852526
0.4924164953479274,3.3290168930810453
0.4852849992573074,3.3838288582196476
0.5207154482107583,3.0655649945668517
0.48948769071249215,3.3185052038019824
0.44917206341728116,3.7806875709386505
0.46928854588226954,3.589399760626485
0.4371784699390659,3.949502841412353
0.48537646614065794,3.389633683530811
0.484841911296289,3.4030043218535373
0.48443931363564224,3.445002352054194
0.45977356796792584,3.653874550839641
0.45026571950093486,3.736468417030721
0.5003275325449948,3.2647076179942878
0.4593564155430214,3.6919622437677058
0.4862082283369755,3.390715231034297
0.48508392518525556,3.368381012819385
0.463307656176996,3.5579115819922857
0.450775556439753,3.7512587601711167
0.4858948727592163,3.4762541518479897
0.4640894898853367,3.6330137882934075
0.4626162304830647,3.575724451032161
0.43617637774057505,3.9228662810270385
0.48675707803993484,3.345861884095231
0.5686932813502974,2.848012087393485
0.4880860654108163,3.4230651630260183
0.45820007267043605,3.728319849330989
0.45350719010532553,3.693379091969148
0.5416801277444732,2.9617541948909403
0.4770059623121052,3.4991412079433135
0.4218644141299027,4.052487616259966
0.45615199060620004,3.7146272729917977
0.4832995345972428,3.424472014597341
0.5127053851612686,3.198535934224859
0.41243235951938606,4.234601729171051
0.5017728578663834,3.277185059091232
0.5001466860663486,3.222945947343238
0.49644640651955885,3.2876205899447126
0.46327738863513,3.646003010318566
0.44262203843633696,3.8254201267754127
0.47675546405392666,3.476324214914607
0.4822281291452344,3.3882822271128705
0.5250117468310814,3.106234479848098
0.4761606902579232,3.55606820681862
0.4739730055168046,3.5093757376679298
0.47161257237530485,3.617145933750061
0.5018020571721995,3.250347789374257
0.45579436246549987,3.6832118085704773
0.49966318723965486,3.2896822888021084
0.5417007797291591,2.954163127772551
0.4761843011923459,3.4711261916064537
0.488849125659078,3.3930283953078
0.4705475096084174,3.483103931698648
0.5053779139164865,3.1699358472628405
0.4727639141279707,3.5070171531934258
0.45872458451247233,3.6863270375929083
0.5329138274237267,3.113707282576168
0.46956885488074157,3.5602464138385717
0.5033657142108092,3.259347828460344
0.4930662200848122,3.374963062380133
0.4767953711430775,3.4635410135880083
0.4952397190542947,3.3806172768990983
0.5114739559758901,3.1458226349057914
0.4749621685644685,3.556379185158657
0.4893915960665425,3.3547470541394504
0.512279493191697,3.123985635936266
0.447165175856421,3.7373256441329428
0.476819173916939,3.5432897141583357
0.45757821691298095,3.737086346203
0.46236733048369727,3.58324239716738
0.4848292878672765,3.389635768373541
0.41575850157827654,4.162639995778824
0.4055347982983694,4.273458646434364
0.47012184220168973,3.514342151845099
0.46342039259588796,3.625135059242096
0.5213146246745128,3.102043997781238
0.453879027890944,3.655048128212383
0.5042019662010058,3.2698828362289305
0.46941213288429895,3.501150619438538
0.4772299086729285,3.495353652746783
0.48406238479827457,3.419889763407591
0.4509357747803333,3.7311503767471015
0.4889079403188233,3.330119058019219
0.48445425642143836,3.400812738878941
0.4621620706127802,3.609648765923303
0.46606729407450853,3.534524263655639
0.44381085970861245,3.7602702298401307
0.4558095998938736,3.6783803401113033
0.4711463086321939,3.561037022182042
0.47148144868297237,3.583811201560717
0.49225346818024507,3.313547002811975
0.45657224388500345,3.7346481582432447
0.48263608629091775,3.353293626321907
0.4824813212650385,3.4351707864530767
0.5170319673607329,3.138431838412987
0.46843314225432714,3.5153877862568677
0.4434856774534323,3.836588247987278
0.5001672924051004,3.2586171668950974
0.48147017849020207,3.4229808303596254
0.5276046536390384,3.091885767509718
0.5216614695690891,3.0811127999800534
0.4599096565900523,3.6349023739641337
0.49006398896800807,3.366105119952464
0.5242480397484683,3.1071133482079882
0.4712156718213064,3.60745035685764
0.49883345955450425,3.338076517729835
0.43057501950576493,3.9592991003149023
0.5056491238774043,3.270824077078771
0.44772205409952526,3.7590997938344017
0.5246861880572613,3.1463111866127984
0.4363225930115605,3.895591710643513
0.4819193142925819,3.459774238161342
0.4362383181046479,3.8886862464597636
0.5042713045167032,3.2131524936683746
0.48990913331430375,3.3991999983529997
0.48048958210739534,3.4096653213660106
0.4525549460416056,3.6845265287496636
0.45421591936982336,3.715041490110658
0.4835870896779199,3.3848780184602374
0.44630283514323016,3.8477477712720307
0.5044569938023435,3.215602997659074
0.46397180199619475,3.608598895332359
0.4866750140997375,3.378708544111638
0.5049842186395637,3.254345114797385
0.4781148698842599,3.4806490036783635
0.47819233160846,3.5081064952428163
0.4921755658827028,3.3472244818576953
0.5498539367329747,2.951424469537332
0.48661206701656257,3.3657349712827855
0.4569656099537711,3.644931180073791
0.48177418390933546,3.434088990052611
0.43469431180657503,3.8871160404323413
0.48610703254432236,3.428111506525567
0.49969339866759466,3.2679278574565664
0.48270320323988214,3.3038140992562894
0.48114164804603393,3.5011435100963304
0.4714053680371122,3.494870630725576
0.5576938732441699,2.8909766443087728
0.5152523374278755,3.228226897644428
0.4716508241978384,3.5132476123724388
0.513164778172299,3.1830967927416944
0.5172134597967648,3.1641188880254503
0.46420188964326115,3.590656104101382
0.46825959147701124,3.5737886472014164
0.4941629808615278,3.346846524046543
0.5163503563969043,3.2060178786572373
0.5075076820985398,3.2792956993151607
0.43818988520454394,3.8679700573815583
0.46254687885908896,3.635687691883023
0.5055067440073097,3.20278445546727
0.45319600589236225,3.752502789844722
0.4771571030770199,3.3763304411637374
0.5345265487548683,3.1008087775136333
0.5058253790223324,3.2471802963075547
0.4965900605487806,3.2955782835309475
0.5071425274036369,3.1881609368617556
0.5265708138987155,3.0507202280902477
0.4647765674108977,3.629648682917989
0.4791683583201358,3.43924145240998
0.444132198767714,3.861899485305732
0.4439080699369522,3.818602827035546
0.49124995238246616,3.3860789033244068
0.44341615275257673,3.8626655009359343
0.4567464521696321,3.6695428085939343
0.4835488501679641,3.398369883079048
0.49256244877324906,3.2887059614317833
0.5465170150794798,2.959818467725994
0.4722006423084093,3.5771263051025994
0.44149468187326607,3.9059894033255844
0.47985343831522353,3.4490148341994176
0.48197357066153795,3.3524808737360225
0.5017459642201325,3.249888942105243
0.47964760769809084,3.4897382255927796
0.4681606880825689,3.554396171768552
0.4844736657341423,3.464658525909867
0.4771737379723755,3.4228872741030916
0.44980379581413876,3.742354546287996
0.4677482705209426,3.639205576182708
0.49307596116395197,3.3189003087241393
0.4608426175809531,3.6521245641318516
0.45075306855654707,3.8084029269318624
0.4504505653018559,3.642161513021072
0.4647463482730001,3.6146312475669293
0.4857662390681074,3.430164713717667
0.4009070168782349,4.333525179147572
0.4853550856774722,3.369346302376917
0.45398852349200514,3.788260352611137
0.4530494393429092,3.757362571041582
0.5067354217893477,3.214562603434797
0.45306501922035136,3.732848458607935
0.4649359500321497,3.6375369027002824
0.4908971904245985,3.385137414599018
0.5193852231557312,3.122206772500227
0.4708920057669069,3.633061714934972
0.477401614729146,3.446645484334317
0.438745996159079,3.8947286121481155
0.5121421445656643,3.178424650927467
0.507111157178773,3.2511347542188687
0.5219619019101902,3.1140736226396557
0.4744483181959007,3.471382731134673
0.440307097823283,3.9613462458426896
0.47479481357962716,3.5430175385375793
0.5048808739315573,3.207750027811908
0.46420792130213284,3.616447032579768
0.47079895473572675,3.559969935289098
0.5048778261906779,3.240011224636155
0.4806011638867466,3.448183873692662
0.509721750184597,3.1380386783686536
0.4857636690380429,3.4462318054895227
0.4755563336883246,3.412509301336129
0.5172311952728281,3.1196502578344303
0.42511146710673453,4.08523894505553
0.4636660107011066,3.618855807049257
0.4844400662128603,3.3909238316071195
0.47265794892653745,3.5505210126110973
0.5156364547485954,3.1758728511214356
0.5044323298249438,3.3062936293577923
0.49228921100078343,3.3826205140452226
0.5077582674692127,3.191717939170834
0.48461958136238753,3.3744522455227757
0.46687623765010633,3.5757861942215037
0.4693420984300185,3.550792221297522
0.516493956047753,3.089838152094407
0.4901495313937869,3.3570149436715617
0.4762981394063458,3.498243924467097
0.47176912387874315,3.5585585191524696
0.49518729272226825,3.3419061908946825
0.5071914608227797,3.235513920838486
0.4578521549497575,3.6696455765383766
0.4699420438764037,3.580879321298574
0.4942604603036268,3.4107818151670872
0.4860716495322964,3.4447809124946946
0.4698548812924175,3.6196055540468532
0.4942974620158928,3.4048343374020873
0.49957608311274415,3.243153881611312
0.5146698993362093,3.1265940711123252
0.4693459589713011,3.5436132734943
0.4711626439841385,3.6325526072371845
0.49970582175052297,3.257186972746304
0.4760144351055494,3.444145885097552
0.4542905583613637,3.7256215509672117
0.48244391924028857,3.4233659174314206
0.47306485751928845,3.5848223001542223
0.5072501909351685,3.2443655845125052
0.46560581246567373,3.581009783847724
0.4730863790299673,3.5035937798190733
0.4856976456095259,3.3689673309637764
0.48629605275931753,3.3986575021192373
0.48639930440714013,3.4366023725850385
0.5050188091943255,3.2239404532569655
0.4917373234337986,3.2710431498176877
0.4542196388616917,3.7066348990290465
0.4517660972869515,3.738695176907335
0.4793558854646985,3.4136158467848565
0.48305815339694574,3.4229606055196955
0.48147761935657274,3.4485974364619345
0.4639762831277047,3.6452019060172556
0.4937536265498377,3.3098932936106094
0.4791818584804557,3.4936674009289006
0.4631516332037746,3.5955912482648182
0.4891890443187223,3.3807626647873295
0.4901670028032526,3.4143233200687084
0.4536281279443919,3.7430246097333932
0.4510378750450833,3.8036754810536597
0.4940300925715247,3.2928347972403103
0.40968191988505637,4.29452187940522
0.4546755948370461,3.7565071567486363
0.4974580448170713,3.3107454456414445
0.4809470995136638,3.4710982734169136
0.4529150270705922,3.6765399780320744
0.50169379385152,3.180765251909884
0.4869805058279226,3.4658403699892832
0.4835483359726584,3.3941280190215775
0.5026488426147215,3.3232199276320364
0.45082348402552264,3.686339007130766
0.5522747342126916,2.9565908761700017
0.43065875690465466,4.004175675572281
0.4905311384734285,3.3789253574772657
0.44758231021282735,3.791622124176017
0.4308175564855943,3.9938117543214977
0.4817307214449139,3.5253463151116056
0.4848986306363928,3.486123955223437
0.48189802137366955,3.393994850851831
0.5214188589655578,3.170222341418631
0.4958699921112125,3.31950651440495
0.48164123271976766,3.4844800710182877
0.47927045650102695,3.4987227650393278
0.4449053718225291,3.888768513730048
0.4730436477284107,3.533254363089451
0.49604273588862613,3.328839827001607
0.4861867209184588,3.3843298332665723
0.44433438472801023,3.761034170132721
0.48384300906848055,3.327933741058577
0.515055666523729,3.116842779326927
0.47484083379627484,3.4362899015967217
0.4828890394400074,3.482563536087419
0.4938703625397941,3.356071514978099
0.444071476069918,3.796876629482984
0.42478239015037056,4.004896608843207
0.4758153003131558,3.511996956019793
0.533082530294877,2.9921965459196604
0.5158197151564836,3.1094599909258984
0.5066160583727282,3.2553259534533936
0.4532409571127806,3.8064602595681194
0.4800360359025708,3.4959290104977176
0.49268674549292846,3.3890280331696445
0.47305832835571604,3.5550504795932767
0.4651935261115654,3.5773405544718617
0.5029233531332507,3.237216663484313
0.4940152952728494,3.370039368958881
0.4857807663809243,3.42737035470528
0.5026231379726247,3.229387240946073
0.40751020510182795,4.327725541215884
0.446364999823807,3.692390793596283
0.5275620282339901,3.1117658667369534
0.4905471804664281,3.4050935494561383
0.4819628689286607,3.399147727168505
0.4519703037011509,3.760278831511709
0.5046054931304664,3.2504352709466993
0.47772701709708293,3.4849096510488633
0.47436997771287204,3.4688418780900494
0.474622275371575,3.5142136722981885
0.5131240215558068,3.1687205254893183
0.47658871677166265,3.5223603792005282
0.51617522179941,3.12290019961978
0.4663650616370161,3.6350837510124383
0.4431735671849993,3.7952176707270837
0.509437667199458,3.246497467700049
0.45547227074913116,3.713697411498184
0.4853532709493087,3.3852975268318954
0.4610427856717355,3.692125318435752
0.44947622747383276,3.7326249274535335
0.5024830530501321,3.2583885394763388
0.5060164227864495,3.206132288443947
0.5039470110135358,3.2612438189253368
0.5049646659064451,3.3542613765040454
0.4828758524903881,3.4350054725183132
0.4713611466309216,3.5359601392010758
0.48135087081746536,3.4178175771517383
0.5307753363757399,3.0384354687110546
0.46450135824586647,3.605691518528905
0.5121526331364654,3.164240540132968
0.45346820953997424,3.701012171969128
0.42887757885629263,3.989536694346288
0.48628696589363996,3.372534157375782
0.4799633795813555,3.4360813993600923
0.488800055944609,3.3486137507420706
0.490434534745753,3.3748516008826637
0.46359001588835796,3.4790197839041728
0.44448670708413285,3.8586778564358175
0.5128798818444941,3.1886535085326257
0.4880309482976829,3.363892932277174
0.5117566133004207,3.187960290023542
0.520290320067639,3.1305600518011465
0.4614880666147162,3.679811061910327
0.454134950334476,3.7536325534075567
0.470709924885996,3.5318767241101607
0.5216687423726447,3.212240085048082
0.4713537848096013,3.4853559661096494
0.4658627477018835,3.5751807856173428
0.5107510421997923,3.1731136156994326
0.47422544986499887,3.5700454517697873
0.5168183934344112,3.1845526807584954
0.481859875448884,3.3952402193368454
0.43494455752641914,3.956269176424369
0.47601871265091145,3.5005775921057607
0.526196716372725,3.084016033739745
0.4643969071876582,3.662776273668779
0.46655612869871255,3.6095033669795766
0.5242513209809452,3.109425338223397
0.5021653850771746,3.3119379191595746
0.49318375416539284,3.3661210515164743
0.46979757908577086,3.4624466338088085
0.4688187748678308,3.6597605424644293
0.4576106156953953,3.7239073985327793
0.47369063550685037,3.540615278301664
0.4616382861017582,3.609535297849134
0.4815623530191622,3.3841387319148355
0.4656310680898897,3.628896583111714
0.4729845695789069,3.451240824134512
0.4934577864823767,3.253271145563209
0.4738988945650786,3.4436360887241837
0.470494477881908,3.566069038780779
0.4896994569976507,3.3592679359507365
0.4803641397280556,3.5237857604262803
0.4664485820394797,3.6181974932696805
0.4508711840282496,3.7888756865114157
0.4718247493647158,3.51538168802597
0.4597244831655347,3.6512357574059466
0.46941836847009477,3.542339287694293
0.4678465497997852,3.6281550297933585
0.5037477315585147,3.2714403954411115
0.5055453052703257,3.238627592088166
0.4454377556560679,3.8132625447655353
0.44949039856025796,3.7974464934605896
0.48285035851074,3.458311949214297
0.4624271793082978,3.6978959740433535
0.45596408812596756,3.6490668253000207
0.45068533252486537,3.7816922623916547
0.45239583969780933,3.7802607533932777
0.536035872324583,2.987707735413803
0.48101132502023686,3.515595365891936
0.47257231157188473,3.5201276890765034
0.43412228376247397,3.9162753684356737
0.45636033072565263,3.668943852748165
0.4790125638551832,3.3905491348286354
0.49465045268834995,3.287752003128188
0.506889167396747,3.207299188890748
0.47209661618644966,3.5082446176737303
0.45461961147823815,3.70496799191713
0.4626070916939794,3.717239102121638
0.47378351430926724,3.5470909024985304
0.44511974496081796,3.8200703295029452
0.507922570252622,3.176989425657303
0.4673849604435607,3.552292683448002
0.5397638420802178,3.00325048890969
0.4825610388111731,3.427372101414546
0.4918701437849903,3.385856923368184
0.5243106974901972,3.1362706018611215
0.46908639829966764,3.4526993316314827
0.4798004801681212,3.4044502868640265
0.4695608217159469,3.5915604007637207
0.4809151468293932,3.3862448446156064
0.44786492802094163,3.7284833277484677
0.5124643352207643,3.0994962763164775
0.48421062105975915,3.429585198115955
0.5031619653709778,3.222332826860918
0.46789884375602653,3.626323628204407
0.4658778219925229,3.5764591099725336
0.4993951042623759,3.3681998068737076
0.5020287754576189,3.2256151573267857
0.5132169337533294,3.205735087149455
0.49527215286407245,3.335516681707514
0.4585565168459224,3.6731057728973133
0.45454377715334177,3.714980118994833
0.5048407343896815,3.2276441487802714
0.5027683819495402,3.310069361770077
0.47384790021372925,3.473621203687034
0.5057366700747192,3.1894157256670512
0.4883052949011622,3.4347496954720085
0.45213244601958447,3.751141545857584
0.49625371315058836,3.2700363483848474
0.4933013081104855,3.290598476638761
0.47050408182811965,3.522299312493729
0.4996145720842785,3.3556082008443835
0.4764571025100394,3.586940293178367
0.4678029801881134,3.589514098559799
0.4920903193153256,3.371630309161397
0.47101150945761006,3.5509595424704465
0.49839886075714745,3.301100042935163
0.5072327299136028,3.1899022653755056
0.4855352949321041,3.4527627728882484
0.48773980541178713,3.365553938992073
0.4526755182426938,3.714545104619397
0.43088793015426247,4.0192067924507455
0.5488382420457273,2.9062992077263816
0.46568826432186605,3.7009322588381908
0.5066854941958826,3.2144827879210176
0.4974290956303079,3.3096272287990383
0.48424103076025077,3.465739865942308
0.5284108737534917,3.0837693531524843
0.47375018592787477,3.4966884035114143
0.48410096227424887,3.3904307350934513
0.4536053339530725,3.7455377003626587
0.4926548821778838,3.4187429835344645
0.4874292725608233,3.4231139128384735
0.46672140806387036,3.62859434713835
0.4574604426365954,3.715762919600134
0.4827460722087269,3.43619734823741
0.49258879404165845,3.3395294020769586
0.4850598187853894,3.405429604780229
0.43546949981736405,3.884497722494553
0.4548332649561676,3.6498276453378478
0.5038090898991068,3.2756306532708837
0.45257689566186493,3.706869568604149
0.48191591171579407,3.421306707325078
0.4822116506612233,3.4301237670344658
0.454288796723844,3.7336659400665484
0.5016788205268163,3.2754303604744988
0.49648482234884095,3.309243796353072
0.5021350952575689,3.2188788542323867
0.5023743482510956,3.2983416715102383
0.47500672026645074,3.5168498064956863
0.48433502101130865,3.4887460768983987
0.441676024960475,3.8482706335346633
0.44303768224433976,3.921058634732341
0.4860870673122314,3.4298999524911773
0.45870188977828424,3.7195653241798365
0.5388824710723586,2.966353560831886
0.49125560550472386,3.3761001926036904
0.5233773103777983,3.0857546977831194
0.49045044452755404,3.3850379492670353
0.47616304447044366,3.473394925718847
0.4669077796660949,3.614633887852216
0.4925084982425776,3.324345926246199
0.5373315813125246,3.081384954267306
0.5121105870726569,3.233179826518183
0.5508396746983806,2.8838836806530637
0.46450096610890784,3.7113425874473362
0.4652896108805733,3.6517153468648944
0.4826903065871675,3.388499315327561
0.4705459910294005,3.5808827638240155
0.46871130536903305,3.585730707229045
0.5469486406586967,2.9391855159981293
0.5316855052420939,3.038120372914801
0.462207374217122,3.6428753180337843
0.46974591369383967,3.5990165300301795
0.4852405794669127,3.4853361322713754
0.4821767118029129,3.4312920784893013
0.4875570720435609,3.3304524203628727
0.43833752515574065,3.919701018003589
0.5016635328110777,3.2664019150482857
0.46985686166767177,3.531209453825582
0.45331834158375917,3.790229525450656
0.47761266722085893,3.4691411792774565
0.4653086728428103,3.643732158029863
0.47696345851164534,3.5197881633972803
0.4660053089627502,3.554775239960984
0.4637468682694961,3.6327923936122484
0.5106277025760149,3.189995258419865
0.46212379705020995,3.6225135195637552
0.47325146597090983,3.500597124637729
0.4909546045475649,3.369223146142425
0.45738534978297274,3.6430663594332153
0.45106952484160456,3.791189924878365
0.4920515215514567,3.3752807702242205
0.4601196291192681,3.560421923003565
0.5061998135986436,3.2317618365292122
0.46078539513195516,3.635121924272898
0.4558850703234257,3.6184576899376015
0.4719973611837207,3.5059905061640553
0.5301361619257836,2.999137759556027
0.5034588379465221,3.2009460030801264
0.4814425741544529,3.374215739498318
0.48174554053946217,3.4309890460212786
0.460300357165526,3.6066309337390163
0.4707750339974769,3.5572689056468896
0.48659758061213254,3.4076300226451055
0.44987939400183696,3.669731249552602
0.4799364625747039,3.4527652457612366
0.45172289027717727,3.7460237935653593
0.4723443452561661,3.604248062519874
0.49339969138039036,3.2937571991485286
0.5261583898597582,3.106022937396137
0.45602791167085516,3.7199809132098025
0.43771182744036286,3.9252088100145532
0.48535538317438304,3.4133627461159803
0.4825935210858783,3.416103399569108
0.45961141693630464,3.657781473845376
0.522253989479315,3.172959763374646
0.4714969218470589,3.5600855344475835
0.5106388193471008,3.1635294030793113
0.48514369950082326,3.3869219830618147
0.47317930497927785,3.5033523342637967
0.4514028863827654,3.7412112123853225
0.45219564510523974,3.6951742783899864
0.4779213429492699,3.506072022684736
0.5341601500146138,3.0836794229583933
0.4744768463690347,3.5119953316817796
0.4961914785429219,3.271048178541674
0.504493099750162,3.1979886929230217
0.502578489750821,3.2981020215623054
0.4856492386909762,3.4182146282656767
0.5448752912846166,2.940579281353137
0.46942585898905737,3.5193665586723766
0.48383632143887767,3.4152878114506517
0.45355576361927696,3.7396656073359673
0.4871305709073061,3.3459127479614232
0.455713680734255,3.7045399944297315
0.5086613754941953,3.155406808748958
0.4326794311608806,3.878226367034111
0.49522094173179076,3.3969779663672086
0.48894065504824613,3.2911117829451597
0.4631475216966356,3.657718083226249
0.46475023321968906,3.6272834485368084
0.473057900853582,3.4031523876038814
0.44307290180821357,3.8758775142758313
0.4685697002046823,3.5451026578228135
0.4629893918610317,3.6112255865683953
0.47403459030644235,3.53141083966659
0.4657986484043607,3.5805799550955313
0.5232256825716943,3.0256262749333493
0.46815697076930146,3.5610059458328447
0.49780215165057645,3.352871021948259
0.5470655163819017,2.893657791142522
0.45015480869204155,3.7867521901365575
0.49479356489601756,3.3020081907069945
0.4712828935091672,3.5033268835592435
0.4406447040405635,3.873439174445124
0.47618227903523425,3.5176320885131145
0.4550146076078696,3.604531496296667
0.48762344408615166,3.3849350463511887
0.5580983355588123,2.8305342413648997
0.46914149397142596,3.6198867857094417
0.4495320796859134,3.773197829822448
0.495302927606831,3.337544341538879
0.5420316671089596,2.9341100834511824
0.4785181671851801,3.449175649979078
0.4862430428778933,3.431095902051063
0.52017207253323,3.2139788832414142
0.5024525881483106,3.2220127645824435
0.5037186114404266,3.27315235945415
0.5011930016808557,3.3399249117360044
0.5148762744629491,3.143245711778458
0.451445039126787,3.715743407687049
0.4413567336167059,3.9234307204440957
0.5123557559500975,3.232112027636084
0.49546020348337594,3.2967712880606923
0.4494218565066928,3.717616650195441
0.4457943701124233,3.8311469499987654
0.49241508217327895,3.3087970226075787
0.46362978311248293,3.6217302952203387
0.4924121054957252,3.3234216718330423
0.4905145671445387,3.3797777947199648
0.4720921738735122,3.558160301525234
0.4816787637578356,3.378125004323114
0.48269042508505905,3.409988622534378
0.46897633938446953,3.5198402792638515
0.46143562007295014,3.636062389295702
0.4675626936209823,3.593891179080003
0.5057328435550041,3.313784768604022
0.4692376618287666,3.573833592740024
0.4772800753888747,3.45542432897524
0.4728382074567753,3.5216663649299704
0.5194288411225871,3.1202970104956504
0.43302236237452385,4.030226140817385
0.542212681077703,2.9863990778399545
0.4849002458836904,3.4838377729022323
0.44257798062797055,3.8796979960167057
0.4890088516387673,3.393514601593059
0.4877066524736287,3.4129105967935383
0.5092478947590899,3.1730910289285066
0.47495010997506387,3.504551368956787
0.4193289500689985,4.119992776477631
0.46943595590748977,3.6543287128085598
0.517100126245774,3.0997091023266012
0.5219891419548252,3.0995796910262925
0.46822442568100353,3.585601351426678
0.4824556459988321,3.5015519493743943
0.5350310099121871,2.9572118011697954
0.49104384058828554,3.356435037363773
0.531836781648888,2.9913831068619348
0.46082043432893627,3.661993700510936
0.5018440813545162,3.293347489441868
0.5092613606653691,3.2234672836981133
0.4875550023787858,3.467285272349241
0.47848361618647967,3.51698188676163
0.4846499512381728,3.405095226558206
0.5455301239421706,2.913609166623026
0.4434783758742969,3.7507571220435416
0.4941548020856408,3.353738658974183
0.4420885722827317,3.9260450232125335
0.5095943776724499,3.261710899660237
0.48888070087674973,3.359075671334126
0.5380216049725008,2.9820499673766294
0.480342812173987,3.5112351232017134
0.4565550241960059,3.688601926941479
0.471710780254271,3.4589441856774448
0.4981436823292912,3.3162670458793087
0.4734889087384371,3.5427004319529716
0.4519417252671898,3.753767965429202
0.49330649639454865,3.3615777564854064
0.43294709105495977,3.968410000184951
0.4944560427009308,3.3852625838901167
0.46240144050442256,3.6035945711401105
0.4590946267295013,3.648978674482436
0.4587952474386394,3.680048689333275
0.4512974467866095,3.7397937716874563
0.49361751271506527,3.292324349698276
0.5116364687455244,3.186064293738382
0.5243394963432098,3.1368186764720907
0.4992086549897571,3.232177544688442
0.46595424527573315,3.552711005827376
0.46851969274456945,3.5454746937471024
0.4393352443820485,3.9215484401116316
0.4615890766311473,3.666308013528087
0.4551255750740084,3.7391706552150885
0.4772596108469749,3.5163005713166555
0.5153773516730698,3.114311000252859
0.5081707541898404,3.1950935699157967
0.4364139210235245,3.9652508642160402
0.49790852011409864,3.364015189808168
0.45562984581140253,3.6763259856072734
0.476544796451416,3.479170485698804
0.4950874720053687,3.316770608534768
0.4885766561716715,3.3551311832650206
0.5133462653579122,3.202293692824873
0.4735769603049327,3.4836154696007817
0.46965685084462006,3.5520320991796166
0.4475049243647176,3.768273357517593
0.4689933435310254,3.5626797452323276
0.5164599914258847,3.1228929418790883
0.5104531380433588,3.2077409666315515
0.44434216827372125,3.822889533824597
0.5461456584344072,2.9529196382360263
0.47065364635712226,3.617512230444248
0.46582852528584984,3.605809991948501
0.510154774183561,3.277142575490546
0.4919594895575213,3.330236712232935
0.4934218829774936,3.3778150253533736
0.48335637276064414,3.4655999369932404
0.5015899205494283,3.2716347959986782
0.5109006956707802,3.2356556812829598
0.5275358466912186,3.046706012976551
0.49425339583068195,3.2629324798312784
0.4894430443994109,3.3956618447999114
0.4871353837427506,3.334376193495502
0.5032717064364738,3.239732346242524
0.47125597867988894,3.494152762341357
0.4742476188877513,3.506264243837871
0.4810675106249178,3.4423860815015335
0.520380348558628,3.0981079940192844
0.5033625095604151,3.3001474672134012
0.44396301730367155,3.819012210008668
0.44835396029490054,3.6963578111068873
0.43601148327879574,3.890479221923445
0.47998729916577937,3.4172327723196596
0.5003672254961431,3.2454983483048876
0.4812881171946197,3.373467512733673
0.45432624229441043,3.6494027066868013
0.4659568347882941,3.545964710905515
0.5066834101151797,3.2528539789059683
0.45344231781896305,3.6599865150195794
0.46409266274308414,3.596563512416579
0.47483013245240296,3.4818619980519365
0.5302358416534967,3.0244386441674105
0.48822699100257494,3.4334470147705067
0.5003567371118863,3.301394677337868
0.4856231764639952,3.437009291790638
0.4467311097705002,3.7863881321352575
0.4920209196451095,3.316880996218227
0.5049468975992695,3.2879287571730105
0.475841084207646,3.5057387338945696
0.4820205223862308,3.4962997959952844
0.5351726415921081,3.0066035873854604
0.4934462032095248,3.4038211688245728
0.5261306411924014,3.081820484547491
0.45415328262299137,3.7152210273882282
0.48819424179033405,3.404085959646909
0.4485784971078345,3.819530461641938
0.47105446388868133,3.4708143869796024
0.49800527712014897,3.3471446322715477
0.48695948973195,3.3485526483736803
0.49167873205066237,3.303929207991241
0.5067487445068986,3.2154285774095257
0.5033696818914545,3.2863348892456496
0.535786283653509,3.056809659869799
0.5126261595165641,3.195331550371004
0.46246087413649123,3.5938980337569477
0.49495159309771125,3.3170535706389277
0.4878490696768047,3.4102236110188344
0.4718193106585241,3.522871199720751
0.48928410219905166,3.307775145511613
0.4698282869931827,3.5102045767314047
0.4687449023702223,3.535378666741168
0.4817693918450965,3.4037420186177982
0.48282173458556366,3.4571981964080694
0.5026682766639634,3.299815178921437
0.45843210071589846,3.626462887203031
0.47801782906502077,3.4220891334472507
0.5046489223561861,3.2507065511719095
0.5022175164274104,3.2602085010123028
0.430715709377409,3.985927717613123
0.480141909470988,3.4761713105354364
0.47854605069898226,3.5486597624942524
0.4778914998011468,3.4810130959181897
0.49450321774069467,3.3180846186444186
0.4161141955817548,4.2418061354239285
0.45506360732940054,3.642392891644249
0.41304306912097855,4.246445801148601
0.5141739379151016,3.1513577515670788
0.482507757729225,3.397969373784896
0.4540458282018606,3.7867260535983283
0.4359387395652406,3.932574395973358
0.4617027677902492,3.6412575920691275
0.46979438185277006,3.5431078702097767
0.4778636566923386,3.4812319864008687
0.44498650120679384,3.8609072153472423
0.5219268838129247,3.1383059102381123
0.4974129964233117,3.3094671976621273
0.43595284870504025,3.8525444418948176
0.46778032576652806,3.657642162154792
0.47562028377296917,3.5127535882280108
0.4739650937924353,3.459576930947703
0.4528336265191356,3.757164535387326
0.4365156905978272,4.0066585387437055
0.5015587805972046,3.2474063329774325
0.4569614734557572,3.7186817298751125
0.45973126757338706,3.641608985189986
0.4656171797432753,3.652569546986879
0.4840648886009797,3.462457585254771
0.4988128698162328,3.28290121583537
0.5021369946846844,3.356189223287328
0.43824238823492645,3.9796368686354535
0.4970987950683246,3.283351870571384
0.4557019330055711,3.6565269765685575
0.41303813793828736,4.196674523409989
0.490599576966402,3.3625156171379658
0.5497380911813139,2.886879346146561
0.4751325169433029,3.5071336796058747
0.527532205046737,3.091159941724192
0.503413521019768,3.2067924215952037
0.4533245788982867,3.666873711750361
0.44244096919247805,3.8658988566301575
0.46199364077969235,3.630046419256968
0.5024512163414792,3.2739003757664924
0.43878110475199456,3.8970595801003656
0.46691077735935355,3.6088615842344134
0.4780055212413524,3.422126618167404
0.5556262886611034,2.8582091994350667
0.47201581620360367,3.5750076814383784
0.5252480682853855,3.119150633355656
0.48752365969703637,3.468281432385581
0.4661113173040757,3.631727165269877
0.5104660074628318,3.201316337178188
0.4645835317737251,3.5897216556882716
0.4836746725501123,3.479611277203385
0.47530252535682926,3.5174148350951757
0.46980038030218346,3.484746869922626
0.4382606077113643,3.85620591949899
0.49457604217002316,3.329266143000548
0.4493942330117819,3.7983785934168393
0.47711826731536083,3.4623641000260403
0.4702886569805241,3.542931723030912
0.4736834474659659,3.456785986789922
0.4386777600571188,3.8569803061605987
0.45759067047250807,3.7282927384454867
0.46752364864817575,3.6125417446811943
0.4459597784808068,3.723402895596267
0.47038394296007713,3.6900085720071805
0.4793004863620489,3.424663006228445
0.5381502198772816,3.019849406023061
0.49473443408217754,3.338073762192232
0.4637889684688873,3.664200691308285
0.471626275666278,3.502452727282209
0.46905627216636037,3.5387252546119483
0.5118085201045885,3.2012846128517216
0.47185371790884434,3.5975138835842224
0.4705935235616554,3.5047130517094276
0.4426231251005207,3.8491403772225636
0.48337453240351164,3.3985406829548976
0.4771311340077527,3.454756825083746
0.4968995026706966,3.250727592675844
0.48751841616305625,3.3872450048966503
0.4890482630622887,3.3840915134802265
0.49863861823271116,3.323751414282145
0.5018068087640486,3.2492649933579845
0.48879859048879487,3.3568364070512695
0.5064873057680106,3.260743613628303
0.49620006369631625,3.2934032478972264
0.4798144859091537,3.462442384430782
0.46472708663530204,3.6368140937924585
0.45672413119193034,3.674298571369541
0.5320238345237487,3.0789051058615513
0.498816217126635,3.3177925579439282
0.49049751649074214,3.379890396153403
0.4820256912390761,3.4053896014134764
0.5105251641460704,3.2028729355104715
0.5383929329353644,3.034449096439672
0.5291228742344953,3.0562074543691353
0.5028637115349381,3.266284203900222
0.47803486053402194,3.482851183215846
0.44303018714647036,3.776292820482566
0.507278141614923,3.2493658431335635
0.4795384114739947,3.450496240855971
0.4350306973042703,3.914333430569952
0.5002884901801514,3.2871618462200884
0.47168933063893737,3.5012659896972016
0.5220566061347314,3.0970631705718934
0.45014632892630285,3.725080816182953
0.5119549655065843,3.223774751677212
0.5018706941395675,3.289410382378157
0.48039235463283386,3.4523377829440065
0.47240789828672203,3.512302289366211
0.48067499876536557,3.3114980175398725
0.49629986858820685,3.326092899229363
0.4842047808222524,3.472621121700888
0.4941933456505747,3.2830459729455956
0.442766232640903,3.9061083010511264
0.47123999891793633,3.4376258864985214
0.5124647364008388,3.1625336050774226
0.4324097971345439,3.937484393118579
0.49824903931042436,3.333409969907121
0.5094667169595928,3.2474532407553016
0.5133905540399111,3.1493883119528068
0.41649025268792483,4.155574332189087
0.462539618348702,3.6830416427072743
0.4622953839796907,3.6954810626024646
0.46871672316686275,3.5416424991635655
0.4739468184196449,3.5499145101041965
0.4807892822823498,3.515597631110715
0.46505104992623686,3.65010746976655
0.4732718184866297,3.5524309809801293
0.4704107188135841,3.6129461227325104
0.46482221520145234,3.54513316045749
0.5039075705098566,3.2637804031827216
0.47879087920448454,3.5311392726739705
0.46167536278825905,3.731890183772653
0.45869458040393,3.7157733879445067
0.5005047837814964,3.336314144287705
0.4923506504987455,3.3534080054356883
0.47077159886292536,3.5318840242055756
0.4351420751754739,3.8791714331504408
0.49492928275392467,3.337021841937684
0.4572513015532966,3.6705147483093166
0.4850441382193835,3.480480605569714
0.5235853440705971,3.0353952952093146
0.4571428244438039,3.6903476226426726
0.46324613057568254,3.6745482661147206
0.499040926023745,3.274268909303244
0.45338254217233165,3.7664488765177566
0.5588459829994217,2.857995124747963
0.45569684867732363,3.6415927037953195
0.46012246449671634,3.6785843049399016
0.4563976744941321,3.7112970597392585
0.5044356203482208,3.2596968902942343
0.4334679138960935,3.853419841867991
0.45250632629726284,3.7803100838290145
0.47494517743146075,3.450506039369209
0.47574611608260015,3.491400848721633
0.44653195736241463,3.775537679282765
0.5322314282862415,3.0455870660337294
0.5158852126239073,3.1652785316497667
0.4574554342018011,3.6758076165934273
0.48623859413837606,3.357742341451082
0.4602840695331807,3.705668664152373
0.51378706825347,3.1318612912799573
0.47146380572992025,3.5504619552286663
0.48727106262952713,3.4747338689653184
0.5419966306809556,2.894145745813706
0.47580303847550187,3.478362053421125
0.5112058950767739,3.166131155492088
0.4368241958374428,3.902873805034544
0.44840365137449656,3.7795294721267307
0.4637114849672569,3.6054722349862995
0.4773326444232353,3.43869496582726
0.48105854815874105,3.4266760100735607
0.44534445921940813,3.7325025210172162
0.5046445711742621,3.167571170141831
0.48347479059981124,3.4156130757812964
0.46708610438410053,3.652390137339518
0.4990531257913251,3.264586452903018
0.44550459717331703,3.832919985381506
0.47790836109361945,3.38798628304413
0.48387006699199936,3.380858596696026
0.5526447235417079,2.871230141696565
0.48685430015226294,3.2441096603692476
0.5209268364608941,3.136063777936783
0.4792091739129731,3.452566854194976
0.4539127896181986,3.663782112587098
0.46996463381837783,3.5839236680195343
0.5510348351370181,2.9109081756373656
0.4931213778638766,3.341584751309891
0.5348837363923609,2.953023270086894
0.4252162420112773,3.9953813246172714
0.4571326915904972,3.6381214241799484
0.48319382931446264,3.442591588326692
0.46999224930161426,3.5102336813266803
0.4805913815829441,3.469279992786884
0.45251513871849824,3.7673527183707005
0.41467968794914817,4.125644206994994
0.46732828363204304,3.6224534820527157
0.48470641572323053,3.4126854181190027
0.4727538537167473,3.543470748324404
0.47823657056416163,3.51514497019306
0.4682075515334395,3.4159695236186134
0.49456652148712577,3.3521227016455666
0.47152363513765266,3.5410896835825665
0.47720471926894337,3.4512642614824083
0.5069951009167573,3.229063771229335
0.48114555855864705,3.4472203546816975
0.4685925322764074,3.570934452119153
0.46063866523689023,3.6865785300175657
0.5267884371361349,3.1451760174149936
0.4982959581869597,3.319420106519253
0.41520681240466994,4.210078427764612
0.48419917820437064,3.334753705249314
0.4861505789470354,3.416975754715671
0.4723785614949616,3.505959880154685
0.4711576765145815,3.4726024618103217
0.5104212219043158,3.144027312693666
0.482210298852921,3.34738073867299
0.47638279969531416,3.511643567453076
0.49179506868481865,3.3737979569313414
0.4541346224767807,3.65112162351458
0.45427561276059264,3.72430944217551
0.4527239033619809,3.8207321802687644
0.47426145427228544,3.604441840139908
0.48299355709559233,3.423012532172063
0.4886091054155166,3.384916647444155
0.44924610172652785,3.722988361088956
0.5110723428100785,3.229075028951851
0.5491770041570858,2.969384561443423
0.48075074242915256,3.47981141382505
0.4632166585150711,3.575587340581186
0.45042326072254535,3.7139184145145454
0.42324522378245755,4.056005195196236
0.49325940184048916,3.274660221333911
0.4651759718488298,3.5841514653388606
0.4896826965050455,3.3995643896040293
0.4817194422128498,3.4054839778434376
0.4653267775563848,3.608912675197618
0.49711007474227376,3.2968164250380725
0.43192504575524243,3.933346516348729
0.4573325219478778,3.648307098142532
0.4832420196195798,3.4330530801879986
0.4813628330607224,3.4824050206200083
0.4679646683860545,3.5587585609219587
0.478169414513276,3.483824040055397
0.5196800253192475,3.106389787693174
0.49820021371216816,3.236895715052708
0.48831754784616116,3.3868910464717925
0.5113062244705787,3.147913256450692
0.4585602886660385,3.63959055240572
0.455452723086698,3.8079622113969127
0.48898193713217303,3.4008465370501457
0.5048935644834761,3.219464634481962
0.4508803190292321,3.74735772903051
0.49715275344844695,3.2319266649547687
0.459406931929475,3.6559142323561837
0.47437839169293444,3.4845425441502225
0.46166161803718614,3.7508683123576643
0.5424969944977502,2.946692793649972
0.5278598407075539,3.0709955635481787
0.5055711872454938,3.255770126947253
0.4975701782476412,3.3206006849419216
0.49914042168720607,3.3041798082035423
0.4409573653359699,3.836495453398015
0.49445553005535303,3.3695720432697995
0.4894482233785,3.333847710745248
0.4719458009016213,3.489332460376753
0.5039115103987636,3.2531939804154715
0.48623040178522686,3.387134521718439
0.4909420632325553,3.2994190048624974
0.4825348271474233,3.427816758334912
0.45648149197587473,3.689489095457656
0.5111621901839469,3.163402148319454
0.4665659704657569,3.6004209302786223
0.47070424549711737,3.4823451775241647
0.469017100070263,3.561395750031861
0.46956353482694735,3.498386147924924
0.45249610446962085,3.7500168249813672
0.5053078872144705,3.220238656401
0.45588011568712494,3.7364244706775036
0.4811508481329907,3.482646587841751
0.44792293875316436,3.761099106240664
0.44082066465150693,3.861821857998537
0.4825903912610143,3.434642335260897
0.4469664935119011,3.824206265645089
0.449515338144394,3.7974965841260087
0.4922434480981055,3.3802948017381174
0.48926810032298995,3.3944523767189247
0.4956346807900029,3.274205188069587
0.49149773319656087,3.3527415241049296
0.4753652183161252,3.4774148943044483
0.509660486343658,3.2126277680747104
0.4955997335898492,3.2714242692234485
0.49141363174405256,3.3038064758010974
0.44174166892420724,3.841105712223666
0.4942434474044135,3.3292261679249826
0.5018053670386189,3.227684405846346
0.4516874683678614,3.781981683460052
0.520264393172468,3.088692574996941
0.47132089027990665,3.509777201160124
0.42025218589532237,4.159741798655318
0.4535813247208531,3.770123521274772
0.5145526858363538,3.152873834723104
0.4477812013323902,3.7758297866379533
0.46865373737213606,3.6031619960392494
0.5111758509331233,3.2488033033610844
0.4632743352614963,3.6234409990881717
0.46028086329380763,3.639306820667755
0.4513206222597714,3.7188630177227027
0.47013166196682193,3.5496054299165247
0.4610280415407846,3.6439423916096954
0.46279572293823645,3.6659213613967565
0.45233331342655825,3.7628477707278187
0.47160972321837935,3.5678085124317995
0.49956108084758394,3.2317040612779615
0.49088091013919,3.2754730030405175
0.45718066190407924,3.6372409655251494
0.4886789623901524,3.352920425301271
0.4984483868599425,3.2678403194513845
0.5018025648194941,3.3041370789634104
0.4961663484134007,3.3332948741231534
0.4909608752919233,3.3406233362485134
0.5334067683075503,3.0241479179697874
0.48297053800134004,3.3855986815527763
0.49506862828134257,3.3236806917041575
0.46361266325882095,3.614180391711902
0.45256708309297644,3.73495650122533
0.45419801562306567,3.6902235396133674
0.4762067798448904,3.4963154339460205
0.46130014555928406,3.6173509681073197
0.47991486494955804,3.410831866259865
0.45578547967090915,3.716537605943581
0.4798645062486736,3.488125686943459
0.47048834614447926,3.566152914345397
0.48958622451599365,3.322566987621452
0.4513078378960919,3.753184749335178
0.4474877406082863,3.7680128720502273
0.4895520808551358,3.3630446876899884
0.45688014515943287,3.714998573557971
0.44124008304238743,3.8051732100559237
0.45703049820051267,3.722799146689121
0.4420469311907875,3.8157586907318177
0.4679274425029616,3.521451260913949
0.42728365547607533,3.9668073035179705
0.5040238004565107,3.278893691065747
0.5109251338990134,3.243710431785823
0.5339058286676788,2.993929888318558
0.4509501863644223,3.799331213483963
0.44512068175892494,3.75407684584159
0.5037633048029331,3.2206061450861996
0.43040187422051013,3.9804152698116986
0.5311204282149746,2.9883113408898425
0.42208720073423756,4.050697410381966
0.46083302624374184,3.6705581153814135
0.5113127580501393,3.1669323166661787
0.4214582015343369,3.9931123093400975
0.4668640267877038,3.5607263319779743
0.46794376882194244,3.5616196889501346
0.4614398604732697,3.578756436032416
0.45295595221530377,3.7471135122429184
0.4831928311541305,3.4871156187255035
0.4953011865541499,3.321327387178737
0.471214190149519,3.52046550817445
0.4857165867141613,3.4164360263802784
0.47455126588642993,3.4972842257042425
0.5015680574905761,3.278452521280608
0.5180006516577844,3.097947490670057
0.4723461404410485,3.549883841542855
0.4688415016927072,3.58437856651908
0.4124824281208632,4.1329940651936
0.489699267329219,3.445461754755212
0.46340758408921556,3.5963374187411663
0.47426347946566144,3.5474310728201806
0.500330754922519,3.2970946254164506
0.4519710776276316,3.769683377830576
0.4667484073112957,3.6307349794335217
0.4748256102684293,3.4481684641523467
0.47258661106740235,3.5273989355339452
0.4494496393260353,3.755835925656487
0.49239432587778964,3.352443436253231
0.5065775172661282,3.180522211570468
0.43779315639813593,3.8581388175763514
0.5083986808877661,3.1097934308992086
0.4648702597270284,3.5493994136269196
0.4732603494530076,3.4935450065722544
0.5070642727502241,3.2628257196453294
0.4790456140386039,3.5057970292210388
0.5007943127229876,3.254030313542557
0.4839168448161424,3.4136720321538183
0.4661767881074151,3.722201653678259
0.5048276471772473,3.2183368642829167
0.4308858006580083,3.9149698770073282
0.43684336131599144,3.777163484805342
0.44967318750201407,3.765336569475272
0.4901369950128231,3.3993909889197935
0.4634289826811102,3.573787107576773
0.4870294697979209,3.4029961660344
0.4966770330153436,3.3264754522827586
0.4799631829590056,3.3925614741537276
0.5097568084387842,3.1853988099704407
0.4758325219926064,3.4477179064366403
0.46211921774368836,3.6262429788770567
0.49031034740070867,3.4295833372690723
0.4755450921610197,3.4496346986455806
0.5023536007690175,3.2192170939437355
0.458012749757753,3.7885365994377973
0.43225743667924316,4.01020136484727
0.48210863552638883,3.4102140901323947
0.47703502709104684,3.426553716614953
0.4771303610198264,3.5084319970855566
0.4847179965150577,3.392097969670901
0.47563535254246453,3.491611702723301
0.4679061882239408,3.59114201514053
0.48339553972258925,3.413453997674861
0.499838276591023,3.278232110790997
0.528680237642484,3.106898488099126
0.48799176666944144,3.3745237127420444
0.47091039523251005,3.602791530234875
0.46577522557228734,3.750914767975313
0.44772982354328017,3.7500352897054277
0.5025552570280902,3.3023770718041026
0.47626092363428923,3.50587315642869
0.5018769489382109,3.246316288956243
0.5369951255320544,2.985981782212927
0.4746386724140821,3.4325130542171287
0.5334603693979296,3.065355763706775
0.4728983873520029,3.5489142412225365
0.4839470622844144,3.4538410616027715
0.49389386473882785,3.373415500937843
0.4597932790505855,3.686456310959419
0.5390877526391371,2.9974467589620684
0.4866251726226808,3.459715030336306
0.5785844092510171,2.797625470908387
0.4738253672399205,3.4669849628651344
0.5157748206769455,3.108204327955171
0.45812882415153244,3.660519367383924
0.4812212619299961,3.4711414666310723
0.47064839321222135,3.544135473980724
0.4858291236589885,3.3811896176883516
0.45450509578671383,3.7204783747827914
0.4591585466852277,3.634176789363839
0.4691283249151205,3.6048891897897533
0.470900755205099,3.5535774124916513
0.48497539408935886,3.4118767840412256
0.47964025789973846,3.4084767866939867
0.5000272128640391,3.2999879217039365
0.4739162829184183,3.494659657955597
0.4791776954896278,3.5157298880343273
0.514810891412468,3.1630532994020797
0.5357612328767105,2.9871483405823174
0.4852665963985974,3.4134458676160344
0.5109787464294573,3.1985826931315677
0.4362201522695901,3.8570704870285257
0.4813021669859846,3.4879347621865078
0.45177934165356426,3.770544891746594
0.4747494401910966,3.5522708104385576
0.505119235335876,3.2553497300133745
0.4344291270731184,3.9034278148427393
0.44823001084942055,3.763191304648133
0.5128132361960085,3.1324280699058025
0.4674021646839248,3.508743453254995
0.4353768766199492,3.9194657353861464
0.45933407065821685,3.7277363308339906
0.4643863503964525,3.5665686641454553
0.45349469202663734,3.642317700809196
0.5226633615379812,3.111926402196404
0.48478233368170165,3.4798599582050938
0.5039632398190945,3.306141670032994
0.46246978167761427,3.6483473122733567
0.4935975938810283,3.366035716738482
0.471362938667927,3.567272106578385
0.4633988225660936,3.6735554122061176
0.4816560003734755,3.476958326482272
0.46638914403952886,3.6441745673037733
0.47447275552316603,3.5421986981457825
0.490233925790312,3.3558290836252853
0.4912697235069217,3.3998151923755704
0.43884874239565025,3.816122791684771
0.5278251227476862,3.006322343426324
0.4604287510106587,3.5839487997572044
0.43857650322412967,3.8927765784306727
0.48273952464960485,3.420713986428485
0.5048977437457978,3.2186181246424908
0.4868428796270518,3.379816186725356
0.4742591369924862,3.52474091843616
0.4664468732962799,3.5960941031920237
0.46356129754330233,3.645585191389691
0.4759942099677579,3.5343761490323593
0.448330740308809,3.794079424454278
0.4599738421385859,3.6112713217000145
0.49566004400334474,3.2521803167883885
0.4930697413036297,3.2979355830412387
0.4961200201897979,3.32290302838625
0.5198406357661569,3.1439893232617875
0.44139309902191326,3.869529500679922
0.44085900296002306,3.8582734240479013
0.5314443060562574,3.058676868395916
0.4965327063972615,3.333131689416621
0.4524321274291835,3.8059765802473935
0.46282222511447435,3.726236633521619
0.4585124576883443,3.7205741541378723
0.4971949099606648,3.2816312158787744
0.47098503367876954,3.5788203164774863
0.48782589541456034,3.3911631532803024
0.505707252260829,3.232494996380516
0.4969542733671699,3.338110512017464
0.46873222492219524,3.5788598198157358
0.5102998591835122,3.1857033339123615
0.49091879140607486,3.3688751483856616
0.49183597493282655,3.3731664548065274
0.49602871256643244,3.3069404697312397
0.4154487735994442,4.1305409952708505
0.47035087381646756,3.519512534507359
0.4701219195219915,3.537789846541203
0.5436421932368458,2.9093621462738595
0.5345138892277655,3.028182226539039
0.47992814587419436,3.4212857634951104
0.5166447092647413,3.1392687106255353
0.49904087544469494,3.1844772403944566
0.4879869574968518,3.3864177372453006
0.4852782567692,3.3667244789987545
0.4740763156277492,3.4937555533916114
0.4993003913009727,3.222866261459468
0.4752247611810032,3.4729501221075423
0.47769655689861085,3.482955152104159
0.48824108521800336,3.3075139306990495
0.5577277927820317,2.900320607855515
0.4871759959414812,3.3588259646103014
0.48309664956212306,3.3634540727063165
0.43657620650182927,3.9428140139571997
0.45830531600739693,3.658283229101307
0.47982383307867077,3.4798017165220365
0.4917757029064348,3.393096555955115
0.47678513253069404,3.5977648308916628
0.43945579163544335,3.860225448549824
0.4719382956248197,3.5318510279160003
0.46439513814525957,3.561906404430367
0.4707062676237926,3.5453390613245657
0.5615765707930003,2.817070269727267
0.5066544174306138,3.1063432609490906
0.4725640407460505,3.524839614763758
0.48388846902171345,3.4430289624830412
0.44811299312175207,3.8536789489839887
0.44812616927663323,3.732008894565425
0.5012466799257154,3.278384696601963
0.5147020024487066,3.177005789431181
0.4581003295156082,3.7095315588708924
0.4686803613308703,3.5498277341578564
0.47843743688959395,3.4915831270858297
0.48420632501540384,3.367724077176576
0.5051486213009463,3.304097448607846
0.4784060970177195,3.485041744934455
0.47323389380302244,3.5573414656998903
0.5387623703045428,3.0046945113678976
0.47249302536076027,3.573457704980255
0.4987351173720754,3.2875529580707905
0.4955956258203887,3.361500817435332
0.5213789473086266,3.2074816332446625
0.42711716203544314,3.9675271302773316
0.4724446612005242,3.472944769649963
0.49773233176540355,3.3326292336754797
0.47367730998180213,3.5627026375647706
0.5120236016960991,3.1451436948028775
0.4890534988141728,3.4330867858056613
0.4421176486686109,3.866909199596855
0.5211349010410786,3.114913130637676
0.45358735966266117,3.7828980109629438
0.4551677331086441,3.6965801604853232
0.45243137140609835,3.721108001793876
0.4645920071614854,3.629389602580228
0.47216456467475915,3.5429356503264566
0.48462900121757607,3.415717250197514
0.518757576441798,3.218121497780908
0.4319244763771489,3.957867828683373
0.4886358652783075,3.4809167732319466
0.5027174229999836,3.245732420212535
0.46485756865360167,3.562374668281223
0.5809681123807471,2.7512545626362677
0.5342361916701275,2.999705709803255
0.4460664955203439,3.7749256673892853
0.472750746290026,3.553882016579209
0.48289662576640285,3.42733077230712
0.4776819346003338,3.532095033861452
0.494544514824458,3.3086589542779543
0.5115057984557829,3.184858349979528
0.47482596112626146,3.5359400220190667
0.45199381112528597,3.7186936335562097
0.45262874416524274,3.731135315943143
0.48470876356561643,3.402539729280613
0.4741646817370033,3.568009400872158
0.4299846374654256,3.972777108618148
0.4844717148733295,3.43569583184231
0.48788393215509473,3.3944584471244346
0.5270215054534784,3.05605000280733
0.4881057433870165,3.4487490323973775
0.43325661751378564,3.892135754203593
0.49852287432018255,3.275056974347371
0.48194452353150974,3.360725163038116
0.44616887454987136,3.8023519129085375
0.4837234833341171,3.349555875014308
0.47402887727907883,3.523333132803407
0.44022258868758873,3.8960751406039567
0.5187825197723905,3.170795927480286
0.4613470931625161,3.6703284598408756
0.5295161043999216,3.0835027847112113
0.4629931778644332,3.5953924192300377
0.48331636804176464,3.4371968005334126
0.4777941232004928,3.4355469028424275
0.42328678553479865,4.096626693769784
0.4767804288917751,3.494429727573159
0.5460342709054673,2.9564267633316725
0.4719319443385686,3.593389279353676
0.5092604998246897,3.1821637568725833
0.4514246142192901,3.769676577786022
0.508748917883998,3.189619994385193
0.4766929246060665,3.5566317829020577
0.5047447461323882,3.2491213775798644
0.4498539147646008,3.767035933778095
0.4492931651335298,3.845461508372844
0.46562001680855375,3.6040885041279935
0.4517563110512093,3.8023124312826093
0.4874382062718278,3.4083373393664043
0.4686981659875043,3.62548127959729
0.47017053680952414,3.550441388252322
0.4446789463780334,3.813101306654459
0.43388052636602226,4.031022511578293
0.46375987617894127,3.586265962916843
0.4698436754010155,3.5860820641503115
0.4379186023504818,3.885676991040089
0.4394566436191979,3.807031037609469
0.5012526455362922,3.38024321583465
0.46749849552955236,3.556000269192506
0.46124724322058347,3.6580349881416563
0.4227070195932452,4.168902853247355
0.46046464794451,3.7494146184814663
0.48296258524948527,3.435705240822001
0.4820097606574161,3.433055931317788
0.4999373115416132,3.3013372173087485
0.4591823507808295,3.6144226721099177
0.4743927074285475,3.53310087776935
0.4199263922888705,4.133798633638409
0.5119945571075875,3.0911051728956913
0.4728007876487417,3.513685820835816
0.4897499506397552,3.291471649783116
0.4914473591556269,3.3528653437743055
0.43637250061939836,3.890251609901711
0.47629090906310534,3.4168617099305028
0.5359556162441546,3.0316078752312885
0.44080182413759067,3.863999896463958
0.5121133736280863,3.211042670663947
0.4831666226024721,3.4098907071124063
0.46764914325256063,3.5153448665932356
0.49947799684060723,3.33387775677609
0.44422847264191834,3.819226184534702
0.46910329975988974,3.584206189124693
0.4633328582158518,3.6188913192104195
0.48729488368205465,3.3757157038180834
0.49003814059409134,3.3543781289027783
0.505914128397225,3.2189260538499362
0.43605479058416313,3.896788289585979
0.49401522495377703,3.36927634852069
0.5002661073449443,3.3561215527512216
0.44650629797756597,3.7847138967123075
0.4741068986092248,3.496183754611718
0.4890469865423601,3.3939103537431494
0.4291295240341282,3.992229635976868
0.47702703437844457,3.470012932952045
0.4779914988641049,3.3924769368692056
0.49031103682319976,3.3295885214043355
0.5155843949004046,3.148679505103014
0.49104786158693353,3.350272498971188
0.4699263628667901,3.5053513625917274
0.5067923105032164,3.212929551116231
0.4693334316140925,3.4893392533729792
0.47016144128113324,3.557769322657812
0.5083029045062275,3.218727495369051
0.445851753243766,3.7883701394914957
0.4587433179072393,3.725868713402054
0.4592308711225546,3.696871066576314
0.5238512033281968,3.1086485061450952
0.45427306409054335,3.7814520871241015
0.48190877129667525,3.37786534821476
0.4782223859014333,3.536671754389783
0.5014973367123663,3.313494310013024
0.4490425902209836,3.7653797064357426
0.5028299275105133,3.277162630438323
0.4384100449095362,3.855642338738863
0.4797671625495301,3.4560073016269413
0.4609867564593222,3.583895209397409
0.49067548012279527,3.3648156851171316
0.4830072405210679,3.4104137834573804
0.4762956087760438,3.5861330766710586
0.47766813532073327,3.516735918856795
0.5145828565064234,3.15351033139207
0.502345198299325,3.306894352202016
0.46251248286224556,3.6078603592090253
0.46041225047684015,3.566158053275624
0.4849297273432051,3.432273360849689
0.5408727880265589,2.9903237844706014
0.49837309839284916,3.2837176897555267
0.46072033692479636,3.64576373039619
0.5289925840194792,3.117293268264666
0.4997420999542996,3.270336377254035
0.44478752824247797,3.8434539521735203
0.4854316461058563,3.403668681640322
0.4787989545503336,3.5392963111075972
0.44541798640886193,3.8701001981167353
0.48087428527177367,3.4900920494117615
0.5249166028125546,3.1283147434924263
0.46143549647436854,3.565298909364671
0.516907677213507,3.0975535853483107
0.4766903140516008,3.5059069077498224
0.5058613021503882,3.275391476386434
0.46195630300840224,3.6320229452899015
0.4869845023429711,3.4317634197979117
0.48221261764999135,3.484414323367723
0.4704283186728727,3.534860325132787
0.42094741446515355,4.147802758958981
0.5154847328507319,3.2159298121691493
0.5565713318889736,2.9142655229091705
0.4267714398835583,4.063601179205875
0.4420812943750151,3.8522302629231224
0.4451205623629766,3.8177792906159236
0.46977913005178007,3.547185817602949
0.4855075511117823,3.4594931969840057
0.4988907214543779,3.2869363185337828
0.5094784745057636,3.1875795854904743
0.46462602488486543,3.5904720019765133
0.4549635672568191,3.8191948765852257
0.5286606973972818,3.0142339620509757
0.4628857882332019,3.572267935900029
0.5191269562237273,3.0767231653686604
0.49058895140377584,3.310546756082304
0.48020680757566647,3.467221425772357
0.44955632586565253,3.847901174665451
0.5088977242306193,3.2025505793220175
0.4751226780361413,3.4384274888240607
0.5308719759338888,3.071293872644412
0.5184388819634584,3.1360833734887277
0.44515351687672206,3.8398206660401364
0.4664930784915411,3.5710663247462526
0.4495632270795513,3.7780110208091937
0.46752288874704634,3.549644378974129
0.46218753078272995,3.556195608696761
0.4684973070087834,3.5757813945622434
0.4592405454665809,3.6752610093480746
0.47188732252109217,3.532615350419449
0.4562117088151875,3.652164826828236
0.45695577287246997,3.7154324716928206
0.4761472098876385,3.4557166683849263
0.5270163250197137,3.093231828083749
0.46721815887772955,3.556212446869309
0.4936952758954678,3.2835537813199975
0.46654623910617904,3.6411844859222477
0.5316639768820213,3.0180075203758907
0.49197578557378085,3.264783876576381
0.46346530122823654,3.6120498812797637
0.42955796579863836,4.018129307000487
0.47157298590085367,3.549115995329362
0.47575021594880096,3.5112752575177812
0.5143870127885024,3.260018761497278
0.4925883028155163,3.4453340331381845
0.45094960021634145,3.747955245022889
0.43927928719156856,3.923892211801304
0.5041845001821283,3.2173583585190584
0.4785525632511158,3.4220998192134706
0.4862858933539847,3.362352632794013
0.5078488857025887,3.2307847588449503
0.4829545338087644,3.4701366613017743
0.4935999331098321,3.3181421408703566
0.5165131553475322,3.096619193944859
0.4479234470848144,3.793910661235037
0.46128836894153574,3.6081577765522823
0.4821633031450434,3.4364683472858863
0.48219366297153976,3.435334810388323
0.48874309496202767,3.4172828255365792
0.4784681311614547,3.5048342327756807
0.4858505993059109,3.4693076933940947
0.5101086304479523,3.206186245363698
0.4771459970992339,3.489749740748702
0.4720520976522959,3.4662630676320543
0.48142628413658906,3.4750396493857365
0.48007242632305486,3.444518478297217
0.48994323524595557,3.345457387294573
0.45672217226890477,3.6971592889533063
0.4531701197482245,3.7611545604194134
0.46583713581709013,3.572543403886444
0.46010453266351176,3.6175024403511413
0.5674548018185039,2.7782593785211067
0.49431453651992746,3.375680742878719
0.47159135910304983,3.5195169546045575
0.5054296780629919,3.2560118051993925
0.4422195593056577,3.8868922944095314
0.4897374716278312,3.438977318806193
0.4842513161424743,3.3997944075340385
0.4468039272392557,3.807216818993437
0.44351801449857686,3.9252688106101514
0.5029992996106822,3.202040031622763
0.4699247880273121,3.6247194648182393
0.48331416375409286,3.3717576327632854
0.46680086332843757,3.562933045521637
0.45214988904589265,3.7122606386933117
0.4279744919515843,4.065117416057411
0.457479571367166,3.7615237970279565
0.48882037327758493,3.376935934240824
0.5167573459721129,3.135080405269647
0.4738418679833264,3.4908428500575193
0.47016736640639417,3.5903390527981487
0.5014087217084453,3.3045705187614516
0.45637502131582997,3.7022358414203604
0.4608376034730469,3.6582519545391396
0.4666420126445141,3.5814859183990477
0.539966164343932,2.9915761560999066
0.4435205858273859,3.8664898827288057
0.47835048162040616,3.443204684399921
0.4680207286509763,3.562917291078839
0.496064456460221,3.3364834099538347
0.46499696716127653,3.5451927588046814
0.4936118803662088,3.329154594978375
0.4747184819208583,3.501730059562552
0.4497065157545104,3.8202191149082503
0.4700317037762859,3.5609077065647683
0.47525999906501126,3.4772119122965814
0.459434336961259,3.6213288042759197
0.4940111866417247,3.2966230668324905
0.4489797202492291,3.782391528668767
0.43025353827336943,3.8971040130950763
0.516356090445206,3.115641128565223
0.46204000508987497,3.616906684007022
0.5138991425172847,3.1708363903451877
0.513202520136572,3.2148660084771232
0.5050465500108403,3.2267200451696105
0.46843465498666614,3.522204542238592
0.5273634229791417,3.0510263461871445
0.4864052143640208,3.3852169006100135
0.47237192380902915,3.4976177148457417
0.48177010177819285,3.432560470340266
0.4697335703543875,3.5119447456006707
0.4839003811593758,3.455535201075767
0.5414382598980431,2.970510009784606
0.4886763609355307,3.4135180857854905
0.48010076536199886,3.423885188329464
0.47139495413732807,3.5576016242715123
0.4344680564142518,3.9278037835179282
0.470663185344311,3.5808643641640034
0.48496895218448105,3.5045213943869817
0.47446286943256843,3.5334035324192046
0.49223563253526254,3.351191344392637
0.4909649958125616,3.4524648782905576
0.4519168779054903,3.7210396917242066
0.48848559550340415,3.387020460346211
0.48027822414961113,3.418771436014884
0.4630463469702733,3.606104579586762
0.5070519873706572,3.2266412097239083
0.4541083196588551,3.763631597666035
0.5307908685754388,2.9986017672878917
0.45227928625836644,3.690897111616722
0.5301028011737385,3.003067221467347
0.4850116880058024,3.4557162984963883
0.4435949505029115,3.797800699277067
0.4947537214474466,3.3630562238706765
0.4772835204699784,3.434754920947091
0.5165514104796551,3.191103060093066
0.5626609881011103,2.778575387392135
0.4497630828488433,3.7436322124067747
0.4868320556590112,3.3916669221767646
0.5099979696158741,3.2186202888050808
0.498028521309754,3.2794597441737876
0.48697062400296026,3.3606617270874746
0.5377386436136189,3.0528150815129376
0.5167479607751704,3.142046862548167
0.4722348304041358,3.5303954070108823
0.49742104093557016,3.293775421265431
0.5353415831434042,3.004891338722273
0.4834489756243406,3.3857602637874096
0.495927978368492,3.295514154603649
0.4866042375616559,3.458621841143203
0.4633209107122005,3.641130746724191
0.4962081955030679,3.310705528302728
0.45906281177400454,3.673160912208238
0.4844153702633142,3.4856280769507237
0.500700021160793,3.31239459397191
0.49767839102745587,3.3119087648679972
0.48084463035094116,3.402997674300538
0.49661969211989576,3.362431412402157
0.4726090560845373,3.570329532206862
0.5018338974619969,3.3204083944332945
0.4712856732003753,3.5476505749644174
0.4995246697215167,3.2244037533826027
0.4781355501888867,3.4621279192594945
0.5195728319004278,3.1530543895249368
0.48028674237261515,3.41325784550894
0.48540653486396534,3.437884324756177
0.4835084772279758,3.3406972603000193
0.4553478405703951,3.646214910620304
0.47055656313415023,3.516813141172068
0.4512904822665218,3.823737527275899
0.46220698381583775,3.6514831021036387
0.5039570903451338,3.297377342666754
0.4388505796432938,3.9685896394578766
0.4887216635867669,3.333506032052511
0.49062121844489864,3.206136906976492
0.4414818768175817,3.862421185743669
0.4716885358655594,3.4772409211456976
0.4966731913255076,3.319901576533447
0.4769927755343464,3.444703304979331
0.4836388902698745,3.4569071869867902
0.5213357240678538,3.109415438433902
0.4529004144797355,3.7922175979441035
0.46761081354706896,3.579620803472706
0.5303788823782705,3.035494797536718
0.4800621018804937,3.48998408399676
0.4644162427336836,3.649071678823177
0.43209904728136367,4.056899607591714
0.4578532310720545,3.7664836617499353
0.43807125833259064,3.8944467924640698
0.4835616063015013,3.4132105265744728
0.48479848339083076,3.410829177426488
0.4458347619823682,3.7767102997331636
0.5147006824136734,3.1349784913811587
0.49045543140187764,3.2915198341367735
0.47083098614255847,3.4925775039340063
0.45070959323030363,3.6565624302134747
0.42891212827341857,4.023382373901928
0.47585651018077385,3.4550341625037477
0.4273477556452645,3.9906814599405793
0.4500723582078721,3.7304165229827655
0.47700368297406986,3.5187698188471863
0.48587702803769967,3.4870573473369615
0.48945580731238836,3.3659939598875748
0.48610658577702787,3.5131629382287737
0.4620709137946729,3.6253809018541383
0.4673827774966284,3.592334906691877
0.4727574661217896,3.4610270614739087
0.4718996654020195,3.4655407811428076
0.4889361381062269,3.401234477655006
0.42374305873739515,4.029525355523985
0.5315699806073981,3.0003528097827448
0.4855214873463581,3.3900909685216303
0.49492153766801555,3.2964311464366984
0.4302429260445397,3.9614198238386438
0.45812766242220015,3.6199610197120515
0.5182988736327622,3.13032316270886
0.4701607260174654,3.5143595112344967
0.46892683458653484,3.561978603669358
0.48127610714374297,3.367091258680468
0.44497683319686354,3.856660880600686
0.47693882825442335,3.437589328136977
0.47830155769090366,3.5079645556723063
0.44350901954320315,3.811168893368414
0.44845792830692166,3.761895147559367
0.476234574072395,3.4409047218002486
0.4585187907735485,3.6150617636834976
0.47074786314863254,3.6196547181717627
0.5191854435963729,3.137105006655643
0.46582534191779235,3.571950296679881
0.4313199265003956,3.982281204114806
0.536532596160777,2.9491088371192165
0.4207512543018177,4.234578730023818
0.4913958879915763,3.382660719954469
0.4650740288883914,3.551045175474254
0.523694246706645,3.035739127368716
0.48650427128140133,3.39812645895536
0.45398190285079054,3.743746411969706
0.48551701383166224,3.418890894612518
0.5043377153230142,3.2512240578819767
0.5077526412433464,3.225736854737461
0.46219108235815454,3.685125768189072
0.4576513106159627,3.6906584965047062
0.46673178114569414,3.60446725940033
0.5010467373063536,3.2460420278138296
0.4482827592038639,3.816101598207225
0.4095275631191268,4.190939133090916
0.4125948654689178,4.349839535221064
0.504832641492958,3.268880546936934
0.46523411480589033,3.6498872371880573
0.5385670730988845,2.904026241051759
0.481231231631622,3.435706794860669
0.49331388249037406,3.3629391848137873
0.4938463087548828,3.300935865917453
0.4948168766664603,3.295371830428224
0.5280805452394604,3.0268607551265974
0.4885904887630502,3.3421891142355604
0.4880584315933137,3.3621002889727087
0.45188611190064387,3.6966195088672547
0.5044138094266102,3.2561797181107552
0.5004447123258828,3.258830427541026
0.4691333320133818,3.5906048378167905
0.4673912689215816,3.529801241403178
0.4787915071740153,3.4940437825558437
0.5078014679385003,3.216053459392481
0.4516238908954969,3.767052920470569
0.4762101697906094,3.531617961834416
0.468244979719852,3.5127945555014346
0.48531483561971,3.3474537783848213
0.4995794743548196,3.2788406656710847
0.4581553746632211,3.7491124925439037
0.5330615690823979,3.0140930590223634
0.42860140189181634,3.9533477228655456
0.4802601061088867,3.409683799519318
0.48805026614659913,3.436107002095025
0.4632957760509088,3.622965702873276
0.4895686484472855,3.3839265049361344
0.4592994948703659,3.7404237463564702
0.4300637846145102,4.0817681530419705
0.43733921965796835,3.7636813118252923
0.4845179132635085,3.361930311234279
0.5170903136204998,3.1361225146073535
0.47420198687944515,3.485608241267763
0.4719171669678057,3.4137425177749123
0.5116285453436793,3.2609013354772363
0.45438447806643084,3.7239840276928895
0.4820566855327945,3.4220151215609738
0.4516127845988235,3.6897554595885915
0.4668567734177589,3.6260524162115155
0.466854294805305,3.628479705223925
0.48119995371313873,3.413895410888993
0.4850309854752424,3.4549594636664533
0.43907986483739697,3.849663256677989
0.47024765668057544,3.556261136797408
0.5107893873714031,3.2546305519752448
0.5265342432392732,3.1111582715656754
0.4962629339237976,3.3128787000522557
0.5304922468686244,3.0532216592971033
0.514060210984557,3.1632532951865246
0.49084178105088955,3.3596064731306985
0.46928937581506286,3.585880460024251
0.49134390035288017,3.3377877743974924
0.538166302276077,2.9261610984277984
0.46348011572737957,3.641934267561854
0.4533492764805363,3.694202597616639
0.47301082901199487,3.529976443776856
0.4626258554523849,3.669310417472715
0.4793659130403114,3.449711303796467
0.4572824341298459,3.613541841090557
0.46047393810448534,3.5842735702413613
0.4939153789811297,3.3626258661981314
0.4660134044092881,3.6272103055631804
0.450379333304521,3.7927231517885502
0.5054834959329412,3.2651619905540805
0.44070990683559347,3.8635773699095366
0.5434680845595234,2.9150385914756516
0.48784970678146644,3.3702431379817264
0.4866935764570513,3.393649055278831
0.45600341379323406,3.6657352190665162
0.49590811525546274,3.341417325975717
0.45420082621377267,3.6778926161683554
0.5052172165652995,3.338107483616655
0.5058344412961626,3.2185529789912746
0.49345838873752523,3.356721802493811
0.4810428198397454,3.4046162588992255
0.4716108279917897,3.5182181940040533
0.459313146907423,3.705461126402108
0.47245585165556625,3.520013559451793
0.49191843572832034,3.3330286146827603
0.4912357347372067,3.270649635448258
0.47070495178932803,3.5805948514925547
0.45381857924217583,3.676825894722825
0.45800427025008594,3.640443534697145
0.4812471519650088,3.421254474544715
0.4891408372273033,3.33112000287115
0.4881724497239903,3.332827514488893
0.4850742210604259,3.4114175888607585
0.44858731799344653,3.7560904432193403
0.49130843694979576,3.3630110981311745
0.4533503425923099,3.7542615987794306
0.5013902632369964,3.2287675014034862
0.429374882706211,3.9735700701532606
0.5207273225594296,3.111143651558864
0.4693276023407674,3.6002475328974546
0.48899448180930616,3.3812481497379645
0.47908850247784507,3.5060264588409527
0.46714480300005606,3.57422711653038
0.45323609529330816,3.7375638370467064
0.4672032388765575,3.643324813577027
0.4631284050495386,3.614040180102668
0.4688115530080448,3.571765836098137
0.5139510942322612,3.1536339661802955
0.4967779124090656,3.3569508240910144
0.3005115084696356,6.145023907082938
0.48264646391367855,3.443866224026028
0.5061432422048535,3.274783743935431
0.4737330944571055,3.496577886942866
0.4491800617178816,3.8102077182147482
0.49423839285384663,3.3713808713183147
0.4805161398490504,3.470748203237668
0.46631218784023093,3.6379049892471063
0.4655712999965822,3.595320082993134
0.49701639217834465,3.269527468212329
0.4649874704618114,3.5981678812374085
0.4696966385768693,3.582296900606909
0.5158593042641868,3.1306449604375883
0.45597324690285657,3.674526371943234
0.46887730535719657,3.6971569485826272
0.4721822006150193,3.4790195544441107
0.5126264784625245,3.144081931440721
0.4727489789487017,3.5092530952273315
0.4391898401288508,3.9013909593366205
0.4623452806732291,3.6013621525866624
0.46702472137738216,3.6280990422048403
0.447173267821497,3.8318988678769648
0.4746295531456075,3.4971044793604174
0.5043755679113353,3.2026287256536405
0.5712215592232621,2.780969427246432
0.437271197619045,3.902160278561828
0.49032190781012996,3.334820221420331
0.47409910183782966,3.462775594536207
0.4503156845592179,3.79934563282257
0.5106028520370942,3.1908815458887685
0.47566653559590877,3.5125893186296278
0.49141616374409103,3.366141117700344
0.4159250865651356,4.17852675836501
0.46238491386349806,3.6051338567916833
0.47708392489550155,3.4961714640719603
0.4780005531076128,3.4785253393673097
0.5122091604915986,3.188858385419376
0.46859127933073497,3.5000198138109204
0.44553408713948794,3.8289399205593733
0.44459833262532045,3.8561754358786944
0.4882993777066869,3.365067340993628
0.43833154117085577,3.9012537059725716
0.5028778437184334,3.244147765604005
0.46694753890068647,3.5551285187348376
0.4801350158683206,3.419087803040291
0.4753473276466329,3.5212475200630786
0.49432306890222893,3.299109933145108
0.45763088253287054,3.754957648240057
0.498864921699857,3.2329495237248924
0.5234086638673663,3.188458194613707
0.47452116573270553,3.5116761665378715
0.4447979997001196,3.8246656608381415
0.5442438070870255,2.949601356251095
0.49933754033821093,3.2790838920755023
0.48808354595528897,3.358140879068537
0.43573481399942404,3.861722562259824
0.4888949785124041,3.3455383365751805
0.46292005665293406,3.638448220782747
0.5438134853387262,3.0145062851838933
0.4617454810595812,3.6772403111693657
0.4608546877303468,3.744585600056512
0.44993121079870835,3.7876986847389
0.45185498436448834,3.7464227984967517
0.4583887330370237,3.658929598461827
0.49731014148899017,3.3314380024743175
0.464527612962671,3.5800948232179017
0.4604134744771634,3.602011646550625
0.4745053272555634,3.497787100468258
0.47511265402937175,3.5575162766033954
0.5025843539387074,3.324785081683442
0.4340968776819408,3.9352484176587157
0.47856264607715476,3.460896224913888
0.4729176295631363,3.6087898307030564
0.5232945470657917,3.07527528150904
0.49971924741701224,3.274075992142509
0.509717423119112,3.177607604399293
0.5496194790621114,2.9152188142769617
0.4673898552775331,3.648491674907465
0.4785027106868103,3.4594766727049007
0.475088930589066,3.454538700172403
0.4618999255792463,3.6397175776738
0.4655346527355504,3.6056553192209857
0.43340225567594964,3.9086190542336317
0.5254563898180785,3.0109914927629093
0.4077143526052017,4.245057343949435
0.46055621901197696,3.7309038736847553
0.4932702795666539,3.285897078093364
0.43452190834040594,3.853828936648526
0.4589811639688985,3.6908083511238012
0.46092279308537976,3.6031301307692796
0.5387674400009363,2.9765657794622866
0.44229297882264573,3.887828486794825
0.46988294532467056,3.4880967424564635
0.39278914508955254,4.6096506192976845
0.46750031344015985,3.53818315880138
0.5247430469581358,3.0686908540778814
0.49096985645884933,3.34579301828333
0.47627817801383776,3.403597358026794
0.47977986037551745,3.4846361126618763
0.5194538332103975,3.101773687524646
0.4795014735452705,3.407161672425405
0.47079769674239513,3.5742850389876035
0.48873264832610325,3.4438907913948964
0.4869393391737471,3.389283479852698
0.47619945294006416,3.5350302700302634
0.4526426292951664,3.7053566524397583
0.5113744288633404,3.1486745096750806
0.4823957707777304,3.401578865562807
0.48946032777707105,3.4131348403536714
0.446022796953367,3.8232506857782105
0.49421991340450777,3.3505024897402214
0.48638307465180997,3.3291047506510862
0.4536371859599849,3.79428276331092
0.4956555633384458,3.2549845628963623
0.5102047267439567,3.296056184005752
0.5073818046646741,3.2463906671772
0.5074895304206957,3.19080151824233
0.4899427758819333,3.384940513319844
0.4367799961775693,3.994667416174567
0.4740023956606477,3.4889786130968283
0.4824695545370292,3.422467180965637
0.5412378784330957,2.9307759187250326
0.4209005411115027,4.112832705632918
0.5052698269253979,3.2405257596080217
0.46226069059488006,3.686845942606893
0.5112398333872161,3.159565914071974
0.5180211035716438,3.140568180733349
0.46798583832254903,3.6382804952140106
0.4754613340240115,3.5357099121144135
0.4677786608869545,3.6262276202042676
0.496506767969685,3.3064717800297063
0.49979057151499173,3.3023362829269773
0.46946909557260846,3.5552784230953254
0.43952821645296414,3.822603441047841
0.4828964677169964,3.445219329513015
0.5109355460289855,3.1556455903191125
0.4626579717538202,3.5222936075650546
0.4985226923630868,3.309209731719126
0.5344573330702727,2.951437388986585
0.4803275547743592,3.447939913197463
0.49763832680410514,3.277331023345603
0.42314511247548814,3.9943941224742385
0.5302280531980622,2.977411283369472
0.4833727332211051,3.4841175577883052
0.48119710676281535,3.483265702200127
0.48585319945596445,3.4514107137187935
0.5073171760234763,3.212701139130185
0.535943304849358,3.0511073567368237
0.5032683597613162,3.2173386952775282
0.5045305216798808,3.2131014199160592
0.5179015862740122,3.0555927087407713
0.5025074929086107,3.2395796627144033
0.5323280975051157,3.1130674925007673
0.4986554520975248,3.2499934056171735
0.45690094702836836,3.721873097683488
0.476506910120444,3.4414235734371283
0.4918417530745371,3.390889235260423
0.475361306514057,3.504035073473398
0.44442803485847127,3.805450015285037
0.5096660024697712,3.2397228558361486
0.4752871531074554,3.525565954736768
0.48221992931793695,3.427397118916587
0.46807146998792315,3.631842951799967
0.43816997013613257,3.916070136471918
0.4797744942338942,3.400562684130124
0.47151669750444114,3.4846145019780916
0.47666601787486607,3.4291311593429756
0.4881014711448751,3.3859545301848053
0.4818757134142134,3.4301910530109967
0.49549147961269235,3.361876424757717
0.46253199587613475,3.695733701339588
0.47854982679361235,3.4857588808357387
0.4679754409785295,3.536125584751498
0.48145610515043646,3.4031401811716733
0.4924021833299871,3.3429689379489362
0.4760612358920658,3.4642838621093643
0.48434292181720195,3.351888434165555
0.47237286511352966,3.547736231514104
0.4557656749175325,3.682091332555027
0.4843627732740747,3.4673746599183572
0.45559311565429345,3.6861122686878027
0.4736213364522664,3.4755851559412254
0.45256730716457066,3.7089036702510008
0.4629827831106566,3.6521331874716947
0.4970371130821487,3.2982419648365684
0.47464504429640675,3.4821490592713493
0.46569555927559025,3.562578501831895
0.4852137406998831,3.4079373376204485
0.41789812722345315,4.075663118765432
0.5276938025548836,3.0003611747640613
0.46699452740417396,3.6292236263685673
0.5367568129698522,2.9427135925640164
0.4629633769525594,3.705064859420218
0.47632532238828995,3.48587347559362
0.45648200970320546,3.67995685855077
0.43323337321337113,3.986031061416981
0.46300696792554397,3.6435202427144597
0.5293439301176571,3.1037471707631545
0.467004223500735,3.565893734508292
0.4513035454830309,3.7533210828861807
0.4632612345850261,3.646742965496301
0.47632044655556965,3.4205820845182813
0.486551053423132,3.4061433872879383
0.4797742485325778,3.4884972720889715
0.4925934757450647,3.330222185401473
0.43932556731084543,3.903054712697745
0.4262733344839913,3.964181672668557
0.4445587880561366,3.922588076472719
0.5367667360359368,3.011648430227438
0.5718880970949567,2.7504782740725875
0.4541173868476967,3.7226636987482156
0.510263926757661,3.183958943423656
0.5110391710966484,3.203234065609954
0.5132791415174544,3.169666878140915
0.4703737415949453,3.5508221938500784
0.5115410844657051,3.2034898291776526
0.4778412224838311,3.5244736856886387
0.4457723221804377,3.806802040068166
0.44573395937942606,3.839788076793229
0.43350514171399274,3.9393254721268107
0.4421497645022072,3.8608188749389445
0.505153709404395,3.2823212245194733
0.4800199799746756,3.3726235886846756
0.46855206359250656,3.603569876559614
0.4893422369318817,3.4005812421156296
0.4396042896099701,3.9982262459581728
0.44679871835309487,3.889603485361624
0.5001891859927858,3.2844920277430494
0.5189812819730745,3.1152796222485586
0.44987522626274684,3.809438960910452
0.4988560624070077,3.280938636551062
0.4835962370477818,3.4070371707298226
0.4585692882126109,3.6866897650607573
0.4971111341124246,3.3411118948096705
0.49936352856309535,3.2986410021150476
0.45946395010293084,3.7577149493903432
0.5233194976265019,3.0913159657978793
0.45298427487330406,3.7191085535699786
0.4829619826227238,3.42562888427657
0.4580267724265552,3.665935267616879
0.46398181532412175,3.654036544415826
0.4602986496429098,3.6977141894021583
0.5067663075340538,3.269488591534953
0.4934652845960339,3.3591119072233067
0.5211876328820405,2.9700826721036244
0.4773744798363862,3.4842540983961543
0.46469276574102014,3.597748000969025
0.4820549592025649,3.4504319407161663
0.5214951500684124,3.099396377555504
0.448544270367326,3.7997730321301284
0.5319839548966504,3.000763084474839
0.45981762520451674,3.670838671812926
0.5169165988309514,3.1837529739207673
0.44899420940344925,3.7686340681112873
0.4711859229312265,3.4934315527693114
0.48075918850327004,3.5103228521664236
0.47361810756492484,3.516844402544751
0.46346512941307877,3.6793600531900115
0.48262992496775525,3.4029427069019524
0.5214054441047065,3.1881654582659005
0.45571480853126267,3.6351437291441058
0.4545881717757565,3.7620939677763277
0.4645179717331276,3.6661787582888627
0.46057744150399454,3.651098857938293
0.4629693846777001,3.5585805555072136
0.4952548237876292,3.367283835460547
0.46867397030508623,3.5606096471040534
0.5498258624891361,2.9477636727353307
0.4764305681985404,3.550147413334451
0.4903613765605462,3.4541003102188967
0.47505536061095593,3.4970667305600722
0.5064811469938315,3.2542245087460877
0.47547450580966866,3.4884285566489304
0.4581321204553558,3.7150496028270044
0.4495123980035459,3.794898245580724
0.48172043801088194,3.440681532416364
0.49054528139443576,3.392420116339246
0.47877231515244467,3.4957962522672346
0.5314857765411497,3.063895092752852
0.4442651182085553,3.8296609123556618
0.45900907543064157,3.6615590885148235
0.4478570638312549,3.7715004301284347
0.45337932492127003,3.754641853715993
0.47215115862624046,3.532388416324235
0.4846667810927512,3.342724166900333
0.5008376806475554,3.2602956782338266
0.46557802788211716,3.6278446698723217
0.44995245162406916,3.786330169990794
0.47360098115214444,3.5231538362664985
0.4755099052456562,3.465913323263423
0.4627184073051138,3.6763158890918852
0.47611785696943904,3.483955452828701
0.4633729778917588,3.6257705083532548
0.47419507473078953,3.5103140973031985
0.459601640665948,3.741598647788245
0.47518165547774444,3.5919159988091924
0.47799160665190726,3.461779386807882
0.4971565169629528,3.3229881914024686
0.48024190008716855,3.4731094981924198
0.45248320381457185,3.780081818219411
0.4746661480067327,3.486141781725887
0.43652173818422846,3.929053779072167
0.49299160654562413,3.295728863681769
0.46717017025125057,3.589543145000456
0.49649862270955447,3.316837739298438
0.5073668049659446,3.215275990625892
0.46038057931749776,3.6320469009516345
0.5307145249592148,3.081395783749854
0.47240613201917214,3.4966484670190283
0.4548952779737079,3.6431390853665913
0.46783679036275844,3.6729267295208916
0.4715653887195488,3.6111518003772574
0.44911810868326224,3.7448976867224677
0.47194090403650363,3.502895527505504
0.5083945551908815,3.26771805282819
0.49137958576277574,3.324841878216703
0.43283293579527266,4.056141554845721
0.47418993448275004,3.5323682062972432
0.4413307862439755,3.9093248331572994
0.475945090511575,3.507175495869665
0.49749913889018,3.287567683787098
0.4797720568812487,3.4661368201246905
0.4675487837047021,3.476289111531514
0.4729578839366779,3.4957805016884778
0.4888821266324428,3.348230726352066
0.4535476146711508,3.798066870093578
0.47869457216782213,3.4985018719588292
0.4423228903680929,3.8745811616065664
0.513312471122805,3.1156074377230287
0.4636729051150535,3.6037793382969117
0.49581724752973266,3.200037242498057
0.486733296516685,3.447899108520709
0.5015068361373558,3.2408358105688406
0.4752596772036104,3.498641278107304
0.50679099245448,3.1880699952447236
0.4650985600394789,3.628352109248551
0.4515377681416751,3.7059864492542363
0.4826129618960994,3.4501057191774445
0.4754069621073559,3.479797757277409
0.44630977873624056,3.771501438091676
0.4748219750040137,3.4603717979247812
0.4762995073191762,3.4665957465811617
0.44518440708990914,3.8632792761741674
0.4689469137228203,3.5090055074503863
0.5556690696963642,2.889935558870662
0.4577305588649321,3.7478096871103768
0.45292216535547225,3.7239986830689786
0.5277124473796975,3.0384176693148275
0.5030871013310355,3.2863291890205226
0.5278209731826344,2.989128603838261
0.47945300576660554,3.4178453464543654
0.5371394775454885,3.0077129061442234
0.4503061612348622,3.714105566891746
0.489372787880344,3.3062170284846824
0.4559998403101946,3.667927350555914
0.5029492812728986,3.2634984213371157
0.4400887582579082,3.908359593638802
0.4736405156421092,3.4544509315250504
0.4473354609357098,3.7245315996200192
0.47049087040039184,3.544387635559403
0.44450446253443504,3.844510428726423
0.46713151907562106,3.5640349381509027
0.4914805177278607,3.3978349912584136
0.47618552230510236,3.478362110773207
0.5126313141091211,3.177596996159971
0.4617835074437904,3.6380908321934418
0.465911453016044,3.619894178976223
0.5311998084360454,3.1010447764187528
0.5439666064713503,2.954253957830172
0.45214373260929197,3.723140026073496
0.4647204653119239,3.56257454892379
0.5098476036986483,3.251847182813125
0.4769417333582346,3.563402057905556
0.4798710429118016,3.4736907166981617
0.49820453836521744,3.2821472225459845
0.4991499015324923,3.2806382254040423
0.49001887481317863,3.3490816632171723
0.4572442493854516,3.7092725254325822
0.5110285728514805,3.2420352853945755
0.5273436193386151,3.0770284445995695
0.5049003838277286,3.2785205611643917
0.4529272388358438,3.7006800767845833
0.4547738394464239,3.738704970244666
0.4899337184859052,3.3363747820643423
0.4704783266063093,3.57328286307754
0.5019722597006842,3.2765534228133704
0.4753665059973953,3.383014113305834
0.49932968737709443,3.333617841015314
0.48856589326008093,3.3043777294690715
0.4786974858760843,3.4476028521676607
0.4931599547940501,3.2733398828583202
0.46800967595203163,3.534934802721428
0.472179688090271,3.4948943358295543
0.48528308557331634,3.396969549338488
0.45657791173456697,3.702953877723633
0.5180561088470106,3.163446993494273
0.4586050233211448,3.6440079296907295
0.4750222605526533,3.5005010813041273
0.46843813332352885,3.634361385373304
0.45791679254189127,3.67338533045844
0.45842319817113164,3.6229843547350877
0.46364304589749317,3.644534161410698
0.4543973088866936,3.77701001844584
0.49507325616509834,3.374611355910851
0.48843416143002377,3.4053290802802643
0.3977699111798066,4.526202106405215
0.49804857392951724,3.3427068129316084
0.4189605678789432,4.047765195930565
0.48221305180870416,3.5102977472305925
0.5166557573453199,3.0996291622218997
0.47940987527154993,3.48326219784367
0.49332728002439413,3.318662632053556
0.46123883220004364,3.637090348068081
0.4789341714205533,3.4696249399380026
0.4813078717264711,3.3604146269221182
0.4552723885258916,3.710308597551555
0.46287862781361805,3.571515586437253
0.486905868953984,3.3999630342351415
0.49529686916443144,3.3146942533467616
0.4143245389738221,4.123662236248247
0.4301952720496018,3.974327418763741
0.4654095115623545,3.6091544253244217
0.4837509911385293,3.3928451574449854
0.48391913036975265,3.4230458940004302
0.5104335058838774,3.1998704224292256
0.5190890512020738,3.2030198692156064
0.5489589147954607,2.911874350717027
0.4488585630680038,3.7232144022221094
0.5457740357265748,2.915467335626314
0.4322966521884045,3.982254641579954
0.48248948505696454,3.4062234160270037
0.44100350302496566,3.8475703446728926
0.46897349415934064,3.539565632230046
0.3996020839174176,4.357340107045305
0.4921744637912693,3.3741045292100758
0.46934102713464243,3.5934128199070727
0.521013892355884,3.1674385470632136
0.47360406406295824,3.594595263857063
0.5016892053845848,3.2327578345735466
0.5153513030304693,3.155036114315821
0.5305433379952968,3.1283905896790385
0.48363609146529973,3.3718311019764893
0.45655596566132167,3.7351361372712066
0.4848960640862215,3.4118836207023655
0.46980878403712506,3.563214456061644
0.46985686166767177,3.59959416962298
0.434553879069834,3.951722732902129
0.44391590997639435,3.772285977663042
0.5337637437234086,3.033317029482995
0.4966594178757731,3.2732563185201826
0.45835056620238857,3.659482116705678
0.4806058090597543,3.4659413058284594
0.4718522733241321,3.419640539989767
0.49563263687037235,3.3056588331499546
0.5224160856175559,3.2045219706796555
0.5153203944633238,3.130157158367027
0.4792506109037995,3.4143421091784636
0.4502059135105718,3.83110270957833
0.4722481899383335,3.4713031751404957
0.4560498338562974,3.727154035083291
0.49449710581676665,3.368320241712172
0.4826436794156264,3.4104494614707113
0.4949962259508352,3.402224570630873
0.508973766268039,3.228942609838782
0.46000681495999624,3.651209834080997
0.46608615387327,3.687731337582394
0.5280232753120147,3.096099999788068
0.5258488184769918,3.0471786447825107
0.48648188976894685,3.291106742689083
0.4490922178734151,3.807677241543747
0.49593719495935146,3.289591078614135
0.4842613344039479,3.446896256165148
0.46979245965820104,3.5327557252186916
0.4814726226324165,3.472919381389106
0.53560645055467,3.0778238957225943
0.49566244041542934,3.311431749458418
0.4832410213824838,3.419414010147447
0.4613757353290989,3.6765970124565324
0.48647774733677224,3.346317914263915
0.5146100584141274,3.161016051727836
0.47046418737390616,3.5154004473857863
0.48767561105754725,3.4370414045812403
0.4951552652552411,3.3266466312679173
0.6003178726194078,2.570438684951018
0.4627126503244117,3.5949171660270762
0.4330139763798218,3.966393515867054
0.49659653321416525,3.3353926657299873
0.4235472543004544,4.080225765568788
0.4788219056107515,3.4790695197985633
0.5246121073945132,3.0896159823901805
0.488957097774076,3.460635567107807
0.489450847809043,3.421348482996954
0.5026258517082398,3.263886592025091
0.4898666955541006,3.3570841472467827
0.48631900387047483,3.4606155021339533
0.5146862755953716,3.252424885193937
0.4988374036267112,3.213127333928426
0.440288661652143,3.9134948373046345
0.5320535431799078,3.0796258396987075
0.47332417076262756,3.5395389332314426
0.5249267552579145,3.134109470809618
0.45765585869290804,3.5994214754727887
0.4582086594589765,3.6957865215850836
0.5044289781914975,3.1970634516479053
0.46794480848633846,3.6043179167577697
0.4911743651408408,3.3633653233988507
0.47856142985176825,3.498835325821441
0.4907504719600957,3.365963503969243
0.4479794964812621,3.813267902492067
0.4715870080105933,3.5623838124743483
0.5025732455581131,3.242953510706192
0.4689459107128642,3.5871081257152144
0.513956802718202,3.151310497656302
0.4406215541518981,3.8282388756337284
0.4864775387257804,3.3600549780959494
0.4735054289166078,3.5647510196515984
0.47489386588147625,3.543435220682625
0.48482693958036827,3.440076446977731
0.49773423016414337,3.324255997367451
0.4700198275176367,3.5510591638003635
0.448964462668922,3.8253253933855813
0.5112521702551045,3.2138735805468994
0.4129960400822555,4.2476568783286
0.47399653697501354,3.5522200092212093
0.5189259049015853,3.1178285409162654
0.49381548697008737,3.300165195081292
0.4847319254455069,3.432326530228246
0.4899686006163604,3.435160955486575
0.4833010370354671,3.3213511123401127
0.4739909995017375,3.4873575753146793
0.5131053579427897,3.153924123175091
0.4664223851130221,3.545670761446659
0.5035543946740786,3.23753055975437
0.4414626335291771,3.8699772588147985
0.45105660781514856,3.7694404107561006
0.4690763464237645,3.552720414924709
0.45521550918071607,3.689664211263803
0.44479603570914117,3.786823449623072
0.4540481227817966,3.6194202038515746
0.4655584386648654,3.6534116448613503
0.4737558183460063,3.404985350534474
0.45842749821254425,3.6973021163610715
0.5289543663435687,3.0598212603880026
0.47710391370165706,3.4944868768860475
0.529045478863341,3.1207729923476437
0.4600050515512397,3.6887537744704533
0.5130435124708957,3.1838102352696307
0.5454706541279024,2.960383685276038
0.5184059229403335,3.1457418015843133
0.47455680877263295,3.454120614320205
0.4510828610260744,3.692055770877464
0.4708137412096869,3.6145317584498424
0.4681214938629912,3.5823585984269255
0.459160912846547,3.7139549402668006
0.4474620077567162,3.8029048311508915
0.493737871092321,3.3594327723933746
0.4990030432812922,3.318436650087944
0.5246308537036029,3.0545372204681476
0.4686715025988006,3.6177230552512554
0.4816784384198777,3.499406685776245
0.4817254071656674,3.441549648652288
0.5059699181553677,3.1972704220465453
0.5105108569645409,3.219142074930242
0.46461069941625377,3.605744890842036
0.44731444403733467,3.756905419460751
0.4611150020142415,3.635633381986693
0.47770716392201173,3.5117480946128654
0.4792148492374575,3.4620651843110815
0.4591045728693917,3.6627695102421947
0.43612045247873665,3.8920296574809066
0.47362474041957614,3.567574188890939
0.48148632183490103,3.4090685421467213
0.45196280693761365,3.7626858501651075
0.4689975970618498,3.613349053849793
0.43389098708464674,3.99941949277842
0.5068343767950291,3.134797211662862
0.4887845342402281,3.3895563230675516
0.47541793754565087,3.464914522672477
0.48503017272978455,3.485586163448334
0.49084383094710526,3.4098974549634753
0.48399798208919037,3.469456606554335
0.48847491378602526,3.3827598230704123
0.45827258802685455,3.6319826977764698
0.4994040914368876,3.2523712831737432
0.5000696857694547,3.252295624044502
0.5178671352624082,3.165537018620413
0.4550421523243282,3.75178132850339
0.45071782300439633,3.758834000011472
0.5144921722764959,3.1079007134381675
0.5079901423911767,3.254371711271672
0.4634723456988048,3.6150243747114668
0.45986445389195674,3.6697013278536383
0.4855652123871328,3.4417376817582555
0.49570101570055913,3.2933605032211886
0.49559130664710443,3.309780060974481
0.4893395730192919,3.402063793582415
0.49020448445142606,3.2971354148182295
0.4937192742847605,3.3679654346612122
0.4797683812147717,3.463253330121497
0.4687095123019263,3.5584164651078343
0.44602915635442275,3.828101976536999
0.4772792826315788,3.5306923589705144
0.486152703721266,3.4187184073377526
0.45801225873550877,3.610442679192789
0.47549726931159575,3.4434820427011834
0.4789304027169916,3.433696999757726
0.47655204948028906,3.4570822787405584
0.46809533065445075,3.56319274008197
0.4858165402949303,3.3938639440613776
0.5303720201104712,3.005490694828246
0.4467936478144344,3.8505985390495274
0.47327013699517617,3.5109724076548745
0.47921216867095484,3.4799412115987507
0.5014646884153828,3.272950764070077
0.4806222544372966,3.4728463949515005
0.4755524791470636,3.550503383420738
0.4663090975395403,3.5942525307501194
0.5106354011554796,3.212963268332194
0.4720637943369841,3.4818827270728874
0.4861659688249882,3.4662266863116016
0.48193248096173646,3.4689549520575502
0.48135719678532224,3.5070264774539996
0.46980373212128307,3.555436163226001
0.48934151857238384,3.3875451479704632
0.4631278994791619,3.6284437222708283
0.47960001246019246,3.4734526100423584
0.4621988806759485,3.6154185118764377
0.4689578505088876,3.516256186069347
0.49155754030363646,3.3735930691447096
0.5175502022559588,3.150357134360532
0.46398706093258346,3.598024512711911
0.4662874947281419,3.6656441035554033
0.4435795750215112,3.6957694072384455
0.4813260898100942,3.445824849742484
0.47242665794269045,3.4957205579496775
0.49610714393279826,3.314572514744395
0.4714366302789146,3.4839586707057237
0.5272079343518705,3.0649948741078603
0.4540906728573887,3.7337528876710135
0.4748969265108561,3.4023264641500552
0.4976744632632588,3.2950679803621066
0.47932163975266723,3.425087337312497
0.4609516772367911,3.636617751050758
0.4632459302096066,3.6269803441056223
0.4988702110313967,3.244299217726125
0.5323466158132483,3.0748355943121344
0.49253449060503846,3.352783738467704
0.4860936495159287,3.402192403315754
0.49225473072093817,3.341952500334043
0.4642982133476195,3.62422525452132
0.4808848794763456,3.3971615586459567
0.46001226639724985,3.6862390782018455
0.47799776038793307,3.5137833382814043
0.5213939094449522,3.103663691992731
0.4574373061709433,3.6957321007395727
0.49862601077863195,3.291786432486354
0.4749035254389975,3.5601841008008344
0.48046837807202464,3.4229270759218378
0.4701862344399827,3.613535422654659
0.5115641023286194,3.1716041579073115
0.49456034869479837,3.3415703548946345
0.46167846373149296,3.671949594754928
0.4543091590275278,3.7909151712548037
0.4643135296528018,3.6179180358475613
0.5094374519438782,3.240553648077354
0.4711289764476154,3.5586319350102142
0.5508024799045773,2.865578088366226
0.4604547791165466,3.5914360404909957
0.4397162259641101,3.8689905943205978
0.5472297427903743,2.921259344565755
0.5183986126758683,3.1335671128185725
0.4915604131784404,3.346392512789075
0.47226237448251973,3.504898297554885
0.4614952171063542,3.620775365492812
0.4677322869155887,3.5738025630747767
0.4707460440652911,3.554345570171442
0.4662993181038831,3.628026362286403
0.5267893717087673,3.0788494945580096
0.5003027065140329,3.262137466374191
0.5123604049551107,3.1740026135655426
0.4573013861838904,3.6961670006210467
0.42103065444250287,4.0674434257206205
0.5218456231342772,3.1068898138319025
0.4728622164859974,3.565830065175463
0.49392078275544404,3.311267396551713
0.47421855690486747,3.4446842860729485
0.4804225877439873,3.375027076653905
0.4800450620179417,3.4592313837456525
0.4692725071959833,3.6396236389698946
0.513270678037544,3.204096269181136
0.4813977160539671,3.3876636753307063
0.5106451527895037,3.2446588433441885
0.5578462061644546,2.8578787948508166
0.46072350798571154,3.670788581550187
0.4694684198238966,3.497711412640732
0.4579410373691694,3.620998857800705
0.46377089781988023,3.530119321268952
0.47689624127431246,3.4456333727962836
0.4452152443574776,3.7728854693008738
0.49380617743084576,3.2716607703858256
0.4875186748563479,3.3693441223286245
0.4939774043594971,3.2815859358530886
0.45843083431439813,3.619309203351429
0.5058164699272212,3.2147846734330936
0.47679410964251884,3.512119131995152
0.5032384742847984,3.2193975893437714
0.4536637621298466,3.6775318608832057
0.47069875966909397,3.5619875107206336
0.45748477813317207,3.708874185897472
0.47102695989165144,3.6253521198683907
0.4534727089323857,3.718712667136509
0.45994908076698704,3.7230688798548752
0.4411498815256165,3.889174337235051
0.43370316512823837,3.9313385440721573
0.4330801413559495,3.9581247126869616
0.451703608719308,3.7560790932892023
0.4853373253622817,3.3760614923619463
0.5530989504486465,2.968663599098719
0.504263492447742,3.1886446314695736
0.511970561358436,3.1606132008452055
0.4699044604427608,3.55319655349942
0.48698150992516814,3.401893895918779
0.5697364678152523,2.7948352136164814
0.5042714674811569,3.3013079898715914
0.4702080417421872,3.485276459099249
0.45510801266607004,3.691526250162179
0.4479670455918593,3.8829895208025293
0.4297529024075349,4.068007521450778
0.4687232207393685,3.557089103202704
0.4665380395249786,3.6325037831106552
0.44747720537994357,3.7891778858685905
0.5032872295008073,3.2259882685665375
0.41781153012340105,4.104854877098947
0.5269034218801505,3.0746660107110415
0.5049068974265014,3.190308371421412
0.44122149692199447,3.863932643478594
0.46995797654917265,3.5719276305659378
0.4766148183197436,3.4981824292409485
0.4508129270661077,3.768075301119103
0.49717129878366223,3.3498658967176116
0.5331569792597266,3.004896770432531
0.46950584790477,3.59337503591632
0.5126949310797696,3.1505662315801617
0.5220538309804739,3.0688232216686036
0.5218870502262878,3.124689935302803
0.4891104265610629,3.3871273285210504
0.45052555435185887,3.7434764125921496
0.5228393694809926,3.1003658900201025
0.48696696557862984,3.3577754270514077
0.5578648126010177,2.8400440131441087
0.49993321984968203,3.2078965300314133
0.43535499838968983,3.858589378788018
0.4860282176514895,3.363554280527031
0.4900835756654725,3.418503437905282
0.4747005820372281,3.4801756311375533
0.49415933355782193,3.2974473481036073
0.5005203623976748,3.2053463650910015
0.4762662484026488,3.4824006558230134
0.44060613068633175,3.8757504747773255
0.5417659682734156,2.951116161024866
0.438741942574427,3.908827921332753
0.5267428372618141,3.127568717444211
0.44898726122194926,3.798188342887807
0.4643811294536012,3.596700966380769
0.4310973876129958,3.9938248424973217
0.46809807498751166,3.5938986894224985
0.5223853455123275,3.161639454172037
0.483082638106737,3.39194467228253
0.5079031202459623,3.182892526513794
0.5061912781185955,3.2435754429044037
0.5015883269812785,3.2445906121721837
0.44968358840235473,3.817850758521712
0.48564613339108503,3.3333218364931247
0.46606469442950965,3.567364701783686
0.4626436668861267,3.622903009367132
0.5008232514363697,3.320206577340649
0.4629175870383748,3.6176648517634953
0.4629100352402971,3.6580285998437594
0.5356950981542232,3.057816141510973
0.461115448588586,3.674375930013437
0.5428223717186289,2.950411082192808
0.4620080797984811,3.659866282470145
0.46340691599399153,3.6374701088900827
0.4562590332919004,3.6661306930248427
0.49647406651673204,3.3221967862646644
0.5173648272401037,3.140173496398872
0.5051253632702764,3.2938441511689107
0.46766056380055115,3.5514934218856236
0.47677823843660355,3.516930402070396
0.4654638188012413,3.5855447599775303
0.4681436811018035,3.528442867005603
0.4817112787014368,3.450516377546899
0.4464340266329061,3.860506015320525
0.5001791458648341,3.257676888069603
0.4536715668236424,3.7803524037308347
0.45620155770546233,3.6511273301113767
0.4164108465933219,4.254924126092158
0.4139530996975386,4.128558339700477
0.4770331487449223,3.456167142474437
0.48511136318168885,3.4076529078378197
0.4286667133655682,4.0080721363626175
0.48333155114843435,3.319418887236839
0.4752220986768809,3.472664022731664
0.499345990459779,3.2826823579210145
0.466813437785145,3.53570739766919
0.4596373079251537,3.7316039758194495
0.48970255159543663,3.391813777992698
0.4678955710240185,3.526421124053693
0.462991299164055,3.622554788502324
0.48062074864821536,3.456840381081823
0.47560034558085634,3.4399193947291886
0.4938209502308899,3.3653626402666785
0.4759192922483955,3.4262610448355653
0.4435525685773299,3.8559852422193766
0.5038061175528668,3.2547758471727737
0.46720308506427505,3.5564998288639904
0.5425415298139568,2.943064662203591
0.4964183141614183,3.353817521247488
0.501547981379737,3.273615120693111
0.4761932300277193,3.54567950324219
0.4613475304353558,3.7354058901622893
0.5007479765832545,3.298008855566565
0.4173756865083994,4.18272042272556
0.47358047098093786,3.539460886862121
0.4684395304457237,3.5374859294855305
0.5033080020014398,3.2556567818508944
0.538979134931239,3.0016708951870257
0.4842735802609275,3.418894265255027
0.4534245367902576,3.6718403365629237
0.4445683734558901,3.8483475715124618
0.5055656986053096,3.209873272088144
0.4997583006696049,3.2642671772222904
0.4608509745380287,3.628624906969183
0.46912189968868384,3.5727669809604725
0.46451056876684477,3.640917069862812
0.5070318937134421,3.2095293189331464
0.44531207843773735,3.8244685593721943
0.48446789239186305,3.4610395183352636
0.45829809752496414,3.623316256165715
0.4627783923972283,3.65412094720145
0.49783548860319027,3.325424844733799
0.47411188236891544,3.530299445354733
0.5013430282285931,3.257872175761141
0.4899696492054302,3.354816914256887
0.5233931925544526,3.0943333727205338
0.4643376809949877,3.601147059073069
0.5255921511464345,3.111418999492384
0.45240186879170474,3.727582898575701
0.5070193226541759,3.240262405252752
0.4785666871018452,3.5070864198313063
0.4775057510530913,3.4456875283148785
0.49999514452664134,3.2509468885463804
0.45824919603104775,3.7093852240786216
0.45580037841923704,3.6535578183891317
0.519796573829042,3.1201285187785928
0.5118966249170394,3.139612644739297
0.47032730117388666,3.5386264503247715
0.5017405937260133,3.3238410549622364
0.4712375874664016,3.4987642312609553
0.5030108005218694,3.281570976251125
0.4766196281699293,3.4557009908431096
0.4727975731376106,3.5537050624579667
0.5067643867190841,3.2028386910741715
0.5058068874027029,3.2457334083472076
0.4612690174821158,3.576426097790757
0.42330708121790717,4.0313621798949635
0.47718975684142473,3.4999373087995758
0.48412211259752796,3.44619859691812
0.4388463168791731,3.8944650095064985
0.45841069518632177,3.627666181656942
0.5105507821979876,3.1868274259059057
0.5010673986486942,3.2850327200028717
0.539208211117408,2.978128403752665
0.45453751442173257,3.6514048409762623
0.44335362757646085,3.862506914094674
0.46800758674776965,3.5262544657108723
0.4506104197299665,3.772973136550861
0.5047701026989047,3.3065244428519533
0.4639762257995525,3.6492899737313103
0.4884553543345702,3.4134417745607917
0.48994132788870115,3.395457793099065
0.4509374122262644,3.7417293222976937
0.4589182033627395,3.6041281537401297
0.4748670617001907,3.4903601087346496
0.4210528458260006,4.149917145532392
0.4643315809067725,3.6642725019558102
0.5495811859097908,2.8542987547550407
0.461395328528307,3.612184067180846
0.5230820891602139,3.101754348834566
0.5045960066788449,3.297227126077184
0.4798542050039174,3.491172152631436
0.5073176770010339,3.1277274618859665
0.4628252472119178,3.602723085300116
0.43865776724783273,3.9684832546110744
0.4693521648485178,3.5928327019777577
0.47969982528151217,3.5113731016911105
0.5143115839584596,3.199645303945301
0.45370139241999125,3.731863479104405
0.46274346617241646,3.589465113073489
0.44653778045236003,3.7072154576398884
0.5172907744834215,3.1537963192887917
0.4900206026185884,3.377500569661752
0.4885057039056606,3.3953793799169536
0.47543745970526197,3.4744562713070932
0.45264085511309904,3.762980982527622
0.4540824397808299,3.783574071741285
0.4723723702006579,3.543659532600512
0.5253283052989238,3.020879821372257
0.4677753503902513,3.6210650607746393
0.4758177898101473,3.480874410625273
0.4840892640839,3.3754180244215717
0.4545571841754175,3.735468455555693
0.4875747440628391,3.4600396340504496
0.48008938828842784,3.439205099706201
0.47351568742041533,3.5235097612141697
0.4592474842263293,3.605375970524915
0.43591336232239997,3.9274217919938033
0.5338668931006318,3.030305864780213
0.5247762143695484,3.0559394607662784
0.48014475150684266,3.3954358984691027
0.5123152633455517,3.164220776841916
0.4433014463300661,3.824813686383367
0.45372911403373994,3.778357569439815
0.46576594493351753,3.4691932335655866
0.4502401166045715,3.7807216833115347
0.46301930872179214,3.7104482331630435
0.4962606060453088,3.3594431110884684
0.47936191573993164,3.481228656708588
0.4596925901015355,3.63230644240651
0.4600341391074316,3.6726915249232803
0.4539670044045352,3.7044644386452563
0.5051551675242043,3.2053430968094863
0.48487722651880294,3.3785321707611033
0.4354752625437527,3.941173778514609
0.4355956882155701,3.9379878842639298
0.47304461930019975,3.621188030062119
0.4859226134498099,3.3889242325008597
0.4572505567339751,3.655822181977613
0.4633377155466747,3.6207711567517005
0.5191697747618426,3.1832334508628444
0.5045358809142746,3.2602793024731014
0.46853996886998805,3.558507317652875
0.4645635491513964,3.6174094059710975
0.5093693622043367,3.19403147636131
0.5224501748199825,3.072487495383073
0.45629427091840635,3.7082959881359328
0.41662089040165984,4.217482031875392
0.46788507916406746,3.5569551858827304
0.49672638189177515,3.2820602525733267
0.4789268401361625,3.4275933223627235
0.4567439751498889,3.593835746165918
0.4784553923568739,3.4341930818147888
0.5082533622928533,3.2165471702596395
0.5171238879135556,3.127900240295902
0.4677154570092904,3.5175600176678206
0.4821036632913909,3.45986681336636
0.4457501557823964,3.8092583456871543
0.4789073002961669,3.468175157110793
0.5122156494959846,3.2239279508011247
0.48001677473926624,3.364446701168432
0.4728187931335823,3.6099092669307113
0.5021257607080467,3.2934013964186755
0.4750670996438415,3.5260076722387566
0.4482684685358441,3.819154751714653
0.4341210849885355,4.019229905113053
0.48112285429281143,3.4636140801556845
0.5073003985647686,3.214665903932239
0.5313131248174823,3.0647189446331216
0.48608956913740176,3.4016914281828
0.47337378643182426,3.517355032167203
0.46955757758661576,3.5636049571209436
0.4992438465583827,3.2371089190024622
0.45226731527962594,3.72567895958259
0.49911067781400875,3.302126990594462
0.4946140558062961,3.262416782232148
0.497807211175138,3.2428372226692947
0.4365231780989774,4.007418758706724
0.509638350432259,3.182686426022107
0.42228260098693604,4.174538051307158
0.44807504794761127,3.8011403989629495
0.4965866024351404,3.282084112253296
0.5091845136309707,3.1281256852756365
0.5430879064385445,2.8855988726288553
0.4797621503231264,3.5064095180584385
0.48489110938539054,3.3810352009806426
0.48762858894639105,3.3544645574228067
0.48073769947870343,3.5211236296314414
0.4806223528550129,3.445567253412665
0.5267028149973791,3.1293037521192093
0.5582523950058057,2.8263141258247764
0.4408222559495625,3.8247266494031327
0.4687139949807808,3.539754756932959
0.49133512438979315,3.366605133784014
0.5129390912331003,3.181000403418399
0.49310204505554855,3.357460443018694
0.45009433922103065,3.804278997160332
0.4643140555014752,3.6436663834183776
0.49234912722201146,3.2506714383763837
0.4189577672524746,4.091731835885496
0.467648219613103,3.542910914311729
0.4715168525344094,3.5155641757475884
0.518042415024701,3.166107814775921
0.48677150837301897,3.3666640751737704
0.5026620154315828,3.2056751212360655
0.47460205007333384,3.5417508948106873
0.4861406402594746,3.393067415613866
0.5091339044088097,3.231281380873435
0.48765595590263006,3.3897024841631334
0.49674647936518296,3.3190306957750155
0.5251746300315319,3.021410446552874
0.48013566490603476,3.4706765583195303
0.5002621455815512,3.2866916460521827
0.44648723636305626,3.7323368499890246
0.46579401744699406,3.5867901913372173
0.47786859429131073,3.4957829825432696
0.5100049752433106,3.167531973990669
0.48398722585367954,3.425641441642936
0.4732866313778894,3.4502239123473446
0.4996283504440213,3.285610523715159
0.48737167394527964,3.3605793670686808
0.4851970946865918,3.4045729135145444
0.5034574338351891,3.23301192868753
0.47562423635928225,3.5397700396659104
0.4696168632183936,3.57357772586075
0.5104631441540601,3.152860943899884
0.5050718856338313,3.190645906178481
0.4757643899945642,3.4497710447375383
0.5010744278933623,3.3067755290595953
0.47780331157759887,3.3900163477519003
0.5038425601103145,3.3126328253081634
0.4648335464219269,3.6124872359290556
0.4500746054789972,3.788727763097149
0.4849912612740118,3.40285559359834
0.49935211306287486,3.2185395250631994
0.4695714907885933,3.679501602945586
0.5038457260102422,3.22132047757324
0.47398410936381136,3.576853920627939
0.5048457899438987,3.2065784048064856
0.48117714892810043,3.3830204916585527
0.4561829118282876,3.67627525858825
0.45082310266860104,3.762307186603443
0.48001815121865615,3.513389341058281
0.5014676619201797,3.300851722719622
0.49421609498174934,3.3090766354660137
0.4554872349696082,3.7377684971860496
0.5093643399980601,3.211182992997578
0.47140124120333543,3.5591811962598485
0.5135912557028368,3.2159635299933815
0.45208214472615926,3.7956589521683517
0.4768471243369079,3.412803975227462
0.45209139684741506,3.7996793274544602
0.47562373862471113,3.5860953820226786
0.5104446714264548,3.2501222620487566
0.4581420189442895,3.71200837924704
0.43216137343655797,3.959851259003002
0.5195641545188403,3.130336243958929
0.4362285156472935,3.8670181667544656
0.48191727274426277,3.399611758643457
0.5007097539392339,3.295955085617611
0.5120852000118863,3.224984394710334
0.4486622978320668,3.695214594475128
0.4931424770223697,3.3652174527864864
0.4570024065424576,3.736706360883539
0.4779805927992732,3.5245071831394315
0.4990347756365458,3.389924214426511
0.4596420637520632,3.6309595465695885
0.47637064319435135,3.492100066504876
0.4838655259285338,3.462973034564132
0.5097966878252266,3.2391863496362987
0.5163105703241315,3.1726697795837926
0.5357914201791895,2.9736644772060563
0.484552101245896,3.357973124565603
0.46152821336393174,3.634986749529769
0.5111763336853898,3.1643531135111163
0.4639674833302936,3.588870326080942
0.4683316639345571,3.6023180657462164
0.49812739563175235,3.29753786073897
0.4759585173872673,3.5321376113753953
0.5214644023094734,3.0897013051356845
0.47075763598578685,3.5373335729525994
0.49024250767819555,3.3532112126681324
0.47330117249203313,3.5102556549058668
0.5047951135476711,3.2716500718879016
0.46830247545652365,3.528867799513489
0.48238028470342015,3.4127698930523884
0.46313394727803076,3.659920036510879
0.4556890766192614,3.7363466153879714
0.43968524641564294,3.8329001630629915
0.4385282625004203,3.8796085937341775
0.550972898832718,2.8848956032251145
0.4728086928988747,3.5894533876232715
0.4715986368412123,3.498481602600365
0.5154088401597358,3.1548497965284326
0.4582726447131667,3.6882916200435583
0.4705697954766974,3.5416246289051863
0.42954353522196476,4.03874200625262
0.48033431284035877,3.510785389261675
0.45400603539247664,3.7301235998077065
0.4812847673619113,3.4612717901930576
0.46826816414829264,3.5813277724953743
0.4627728539921078,3.572468704264431
0.48318518193863486,3.428651628699683
0.4700010424860322,3.5116902619827535
0.4642413595612589,3.606762730773154
0.4916098044889854,3.380418368001278
0.4690206014260505,3.47335879845217
0.47304321052164905,3.5813475402867962
0.4880889433777322,3.3455383365751805
0.49192313290711387,3.420483885803616
0.4471088867761291,3.7727601173188217
0.4749565047978956,3.4956775192143033
0.4778470905639473,3.562906611147251
0.46811383832128195,3.584155565132628
0.4843828629871735,3.429600564246548
0.513787923335248,3.13918536480539
0.43935434547659846,3.9456905290582043
0.48214270232846823,3.3984597573737023
0.5124299990065404,3.1543969241709187
0.4881895805382795,3.402629318310293
0.4893525235255813,3.351131006835152
0.4791212132275071,3.371537374917759
0.4586267114410722,3.67366472904774
0.5494687520539048,2.9306336199722045
0.4657888496148973,3.590230518611648
0.48301752551668214,3.4589829822406086
0.4831719986262337,3.416934380319358
0.44163443320667845,3.751173290991221
0.45428929335503826,3.717030267150944
0.44548549593561826,3.795760033083552
0.44826459302166044,3.7760595292169863
0.48638466383876766,3.3992401925998363
0.45150162444543845,3.7812124344824176
0.48813047115071195,3.4051422696786147
0.43838312198315876,3.965114742409131
0.49904101706604376,3.3150939117175886
0.47707498249684793,3.4731129617423795
0.5214970562534795,3.117877286467989
0.44410199671096606,3.8325011108817364
0.4951669269902264,3.3206838506346155
0.4752882357842512,3.4164089725063524
0.40154703466298813,4.356322021219373
0.4341237509235347,3.9162496152485273
0.5444146482738126,2.9474965363727135
0.43989094596233275,3.876971374797167
0.478833661132848,3.501916390172631
0.5093276378092042,3.1753280343077073
0.428584678873525,3.970393855432093
0.47243859534857746,3.625219051788553
0.5023487848320105,3.280277905292842
0.48308043464124173,3.3442180332665195
0.531467088679962,3.0757541841439293
0.45025393976179934,3.8026263896795687
0.5132336744364996,3.2127250459859993
0.49653116397731384,3.365533381045197
0.47957556780830635,3.479936907866492
0.48162896932949717,3.449943403172812
0.46937799286356263,3.5569068970092297
0.47639586528370403,3.6473349574896496
0.5151981844152773,3.083040055198399
0.4767526380972061,3.5019805072750603
0.457930623654088,3.650405891475299
0.5154040822419578,3.1571089027612267
0.5132884287874653,3.193065065537174
0.4122750212200487,4.2013538192643365
0.4936668102545111,3.3126017445813276
0.4492066804815926,3.6779548785730447
0.43544815510777624,3.9102853505000335
0.4375218637159528,3.9299079716456538
0.4707846621640748,3.570357095865836
0.4612675537966469,3.6476341484554786
0.45509260971515314,3.6705322172280694
0.4489771448597065,3.7383571063026158
0.5007229035274203,3.243612605613299
0.46111636074166185,3.615615449115369
0.4812634273857888,3.498184623414712
0.4543315557557657,3.748973391221973
0.47703290416904465,3.3997997641496096
0.47841585377899815,3.4377885245672943
0.4167524483956037,4.03098427539954
0.4530441122085227,3.750731704061355
0.4979808922215825,3.3074909747958414
0.4865342436517111,3.3752806596050013
0.4787621110558513,3.4239436319470027
0.4686157604850585,3.598609966157113
0.4847306276446549,3.40828028073002
0.5240849237505258,3.0994398626061077
0.4838994511338901,3.472562738393026
0.4464665634048078,3.8474728090197927
0.49498118707150257,3.3394377671296063
0.5072687666826039,3.2435952682151754
0.46868645360037015,3.63570714459928
0.47462665956177585,3.4345016235199153
0.5189750033246936,3.2094345142602827
0.4506068031735725,3.6965192607263044
0.5010011463981257,3.2485524806574286
0.46679357239251446,3.575271666277
0.46917142219491415,3.6060970993590877
0.4761895568797971,3.5452637973521113
0.45585244775123934,3.6969435508528967
0.4359169567361824,3.871416944545114
0.52195572337827,3.1386414510904914
0.48713113770633,3.360050055116965
0.46459859816178234,3.533484167583858
0.5076224509204101,3.2506946444490135
0.4752959706422252,3.562228600904811
0.4762190208655064,3.4869728472551746
0.48972089985905637,3.422006545080472
0.524165663446474,3.066088395101113
0.48406895606446215,3.4566722203592417
0.5649517996075644,2.7557796265786907
0.4982256567794856,3.281754370788362
0.4764616960488195,3.528273354237449
0.47760415747920265,3.4775648537987265
0.4573531733503554,3.6665052918961054
0.46392629537875113,3.6511139135544015
0.4578179940108124,3.6492144970776867
0.5485657283519272,2.9600053099185826
0.4741502743468804,3.5279690603741702
0.4752172905960732,3.4701227641177947
0.4079868019359705,4.306496315124387
0.4998018114522376,3.2957921114971445
0.4592359354572858,3.629901272204443
0.466244570024098,3.68182511223189
0.5006207543753364,3.3284809448030876
0.5290754589778718,3.0872524930396024
0.4038233237109193,4.370244610756314
0.4384444740885503,3.833692503390501
0.46895239173284897,3.601009466821067
0.506233313168332,3.1665066289417774
0.5152503561627608,3.1399920147405282
0.4965017376558453,3.311520116269298
0.4937163221372322,3.3768135466898554
0.45264255459262825,3.731052607222732
0.4615065230756315,3.6750481422542154
0.4950574007583052,3.353854318929945
0.4704911025164565,3.4931869617405167
0.4743322234436036,3.5328162467221076
0.489506881360437,3.389767005408092
0.5089293572027298,3.127121061960925
0.4953588649641379,3.285418541604807
0.5125963540170868,3.172412240785962
0.5002816303631497,3.2139154434429558
0.537713463537979,2.9777212314481436
0.46981201033273484,3.6242255554782306
0.47614537345547836,3.528295753170668
0.5285008739134449,3.030535125611202
0.4598953152629315,3.7461397638648597
0.44963280159359065,3.710584968087004
0.4766198236931286,3.5037219147950345
0.5076252328985518,3.2144109925375233
0.49905173990381435,3.298392238655252
0.47008529990848535,3.480012252789723
0.4961768175145382,3.3035287059338048
0.44471079414346093,3.849700129365728
0.46353369773497144,3.625786647660221
0.4666558125963986,3.594421299238688
0.4553868154624816,3.6587005366883956
0.4640238198951674,3.5965557569500857
0.5213933173949461,3.086936728686841
0.4715016113565481,3.5603281242654505
0.4446240004423345,3.84630658860763
0.47666678047599237,3.5852949259584515
0.4921110764672443,3.3136196767725123
0.4371720520772544,3.9066327432646446
0.47090324262586675,3.607407192416135
0.47127777968839646,3.5858999599333887
0.4637657690029148,3.64565130903638
0.4557297144961295,3.701870067464493
0.4663976580871769,3.507843419981226
0.477165978224577,3.490603773170216
0.4678420165481934,3.647281841018054
0.5251883872508907,3.0699419110168527
0.41416037960279345,4.176385470574073
0.440332237706058,3.9012268185443104
0.5164837055637275,3.1562121038433526
0.4847829083269004,3.34785397100437
0.43472199570071,3.872735095961989
0.44639628806857967,3.8235166167579675
0.5005903839881873,3.2898979206540124
0.4180073291795144,4.128582542887445
0.46302911290341653,3.6400210073466273
0.47827754819600227,3.4886794851531184
0.44373765732956905,3.776094793133226
0.4568812756729764,3.731855635816536
0.4911719740996334,3.3558734325724418
0.5334710373849737,3.0307757912967195
0.47811969195743176,3.434853274646407
0.4521903276572512,3.7122683732261845
0.46334296418726534,3.663222630675902
0.4470637296263394,3.892596914022988
0.528695541623927,2.9714030818493233
0.44201588084817617,3.8381751979680643
0.44580689846403293,3.772386610137969
0.419914762953424,4.1154449956557695
0.5167416247877976,3.1436079429370882
0.5267489508929357,3.003356286929249
0.5114614515233882,3.1623242712926882
0.47073059177361054,3.5638665388785453
0.5125980309994931,3.1321823726428657
0.5242751805464737,3.014185719534546
0.48674395983338004,3.384983888685045
0.46540311157172254,3.610955924824743
0.4769037236050333,3.3912386947446285
0.45825631932432187,3.6898835188362837
0.46917796378523435,3.5079961293958712
0.4866185253943827,3.4403954169086535
0.4590903776780496,3.588234006446476
0.49131143885940376,3.3695253481639535
0.4896644191616494,3.411843525602179
0.4842768768821127,3.433443259798222
0.484043106839288,3.3648676454623874
0.4784864504111976,3.4640282349685507
0.463090526799305,3.583452916748905
0.5291460593798006,2.994485870356963
0.5008809293681551,3.289855875489032
0.5298901120148249,3.1245282692214498
0.5098909333261847,3.2040675433521746
0.496458925964066,3.3119070085954863
0.5001163043983488,3.2938830926406673
0.4501927698704257,3.7941701833603108
0.5225725146248206,3.0730520802876455
0.48301825663712317,3.447181233978706
0.4360963404565219,3.962134392926191
0.5126982442692096,3.195949412169786
0.4998497602877161,3.2810215367082116
0.4870572988797426,3.4275124332883973
0.4832616684119559,3.417481334701363
0.4727522902905421,3.5331952933880513
0.4821700222375748,3.4413255030455048
0.47584599509019365,3.445012046803359
0.4569996266776468,3.6441369504101657
0.47939413060988706,3.4275584420130247
0.5015067853922499,3.2237432690652716
0.48816645404411446,3.336497506813029
0.4381573565509045,3.954560470187203
0.46578972210248826,3.6417696247244744
0.46320167029413106,3.6168243560792974
0.4708959255755937,3.558920430599625
0.501576837148839,3.2516541684669495
0.46973341582294514,3.653936588661235
0.5267323381880116,3.0906714806078828
0.47428684759894524,3.5131675229902632
0.5020016290947535,3.3212109335563555
0.4574576035740522,3.639087098869679
0.4652903005475769,3.582305867200426
0.4779863544689791,3.4940041126110373
0.46693677728871363,3.6294759402146233
0.4848232140459036,3.4268956276313376
0.4583878447434337,3.7490643101374848
0.4787883477089854,3.4594581827184308
0.4765012508400551,3.4191312876597553
0.4990491299912958,3.303159935089586
0.4834832541087575,3.4297761105523366
0.5271518131761599,3.070114904829843
0.4858312969936271,3.4309181587914703
0.499086681244578,3.353368771956453
0.49187225686193825,3.3110977594692725
0.4500390590263448,3.7813835319586375
0.5075392311835154,3.218959550460662
0.5281528792748016,3.111881535616045
0.453253130580566,3.6915329516343145
0.506958084954125,3.2083905974949505
0.4672098336196805,3.6426660032386344
0.5045394469649022,3.2764807944790015
0.4470848731208214,3.9226113745324125
0.5449163413688896,2.943622540233294
0.46142219554120006,3.739719330929002
0.4791775580328747,3.4500421376915638
0.4959777795872516,3.307780028526196
0.477024676695685,3.4326650990635645
0.47237394227834256,3.502659921986561
0.514927787986595,3.19115793548693
0.45054183085681954,3.7670874603453726
0.47712445112031066,3.507220556162188
0.44950009042712497,3.768590259615112
0.4247179961711345,4.058905022943075
0.42835107443178944,4.003930819094068
0.47384337603495336,3.531474136828267
0.47800602099674766,3.481164876611858
0.5098251552130644,3.168276883142122
0.4472875028691854,3.7836778888941858
0.4800511778281747,3.468917107802434
0.4785564374686367,3.369310842311286
0.5173723052427324,2.999744041090789
0.45559283377596305,3.6499573288359715
0.5019944897506505,3.2645400055591463
0.5344596619237818,3.0486793866953157
0.4683412396392602,3.6085510435474673
0.4866260370654447,3.404254397134357
0.4635477218052639,3.647304761029802
0.4525590072507433,3.704350058932599
0.5076563466942505,3.1475161990768443
0.4665412847773886,3.618705590876595
0.46759510338986515,3.6084122236473912
0.44846415585892885,3.8657389567682534
0.47592669375287533,3.5069371163402483
0.4499535378291077,3.7616666917268007
0.4992233567277111,3.306974667336103
0.49136191294560505,3.336743818283026
0.442729412307485,3.8663591034978846
0.4904746397066695,3.3394059126293025
0.45430750977034434,3.7588069511116315
0.4975019552968717,3.3082686177951963
0.5061731864669554,3.250079054049184
0.49735288240406544,3.3427818047325197
0.45541916232580215,3.719486193985798
0.496756654365246,3.3243047209128616
0.4795648784964448,3.457157829658509
0.4644406857243274,3.561007891780852
0.44188153774969063,3.900425196012397
0.4763595129860328,3.590630976965481
0.4961222267077128,3.352930492612379
0.4768589581900699,3.5382991550903338
0.46942573350271505,3.5401846939878605
0.46667508703085203,3.604198124882693
0.5386309556155882,3.0307918052447023
0.5506889216886431,2.895189200061422
0.46793122562135986,3.541210713144847
0.46832127920668254,3.5021438994484604
0.4688995910243499,3.5721489134902003
0.5005980372917285,3.2292334277160637
0.4532069534758855,3.7168459209826543
0.4329490533867297,3.8962278061339335
0.4532361607405453,3.7520541989161384
0.497925630194708,3.3109320225147743
0.4899818728787119,3.3757408460953235
0.46958878381708263,3.56909326873891
0.4905281500071344,3.3584287569125864
0.48564507183833494,3.410424733254911
0.41828670872871987,4.110405341364306
0.5268791624103306,3.101613013235476
0.46857954033400706,3.6012998336761957
0.4494692904794375,3.722270298372113
0.4750084068644873,3.4827925372040514
0.49549998591021416,3.3176884690495014
0.46689551043653116,3.608289518735707
0.4736530233113797,3.4325510999486513
0.4577740857298592,3.735052019274484
0.4940699152286012,3.3499017371082944
0.49782393512200884,3.315788579547945
0.49842253179748564,3.2961576354244055
0.4382806536773578,3.903470167692681
0.47937668722271654,3.4450148248369374
0.4418887940236473,3.90241889320859
0.5242023640073914,3.1430872279385125
0.5220888016123085,3.081567129201003
0.43499608855760075,3.8901730252126256
0.48770528896924514,3.3450074362171422
0.4806839162450881,3.4838423696854575
0.5119483345275798,3.1974748623497677
0.47966832124691994,3.3790530166888226
0.5046954417562707,3.285860233650319
0.4576143519767981,3.646264614695497
0.4789281061748616,3.5780726963355622
0.4615244952347728,3.6092843528341123
0.4818479232804771,3.515012332830408
0.4774039249723532,3.5238071938043407
0.47339686541513615,3.5608255677701415
0.48405613028307287,3.4721897711344987
0.49306327070159045,3.356427731287225
0.5127394441101616,3.2476599456649424
0.47697949123041306,3.4824950172956357
0.4931307284342734,3.3853279461437116
0.4611584830991533,3.6608484264220618
0.4790080486757704,3.451060235118285
0.4920862420912737,3.3378986685081413
0.46929726988996584,3.565918186721425
0.4870826334249859,3.4162215108622394
0.4879570577774497,3.3835914134543366
0.4558472866297513,3.747139715433734
0.4492061429006261,3.8640149136698576
0.4955278208353713,3.4013850462095028
0.467809447555383,3.5830513144541865
0.5035516776936896,3.3162141102881653
0.469233174841047,3.571050173148845
0.47969074534774875,3.419941212369422
0.46844323042809616,3.6021713369486488
0.46039392878125884,3.6392682336758044
0.42534542478363846,4.045679659249016
0.501530301035852,3.2095851927303567
0.5124996500623535,3.2001158419850304
0.49200569432723534,3.3741595947454575
0.4725189319328904,3.579454922803909
0.5057814468147125,3.229559223123395
0.4719160034118486,3.567919327451528
0.4548963757046251,3.792898385871418
0.46667298380758515,3.6003197457813263
0.4535790698243642,3.6924971865797604
0.4716091320685918,3.598413031772517
0.4841733731471136,3.3980674882506277
0.46219870928307116,3.6455850095832223
0.46126635623895007,3.608144842166839
0.4693787360644048,3.6323363746320334
0.4598917418434648,3.6160463415488215
0.49836710515916793,3.2889086022538723
0.48153790847260747,3.423468239145785
0.4881437167701439,3.403212554637212
0.4822199687873635,3.4406119325901754
0.4695443019598208,3.488322148732937
0.4704308233137936,3.577485925349988
0.4465808847460494,3.775594509229003
0.4915289223251107,3.3574831663840143
0.4583040310342166,3.7295368366453365
0.4657061903411359,3.645669974947195
0.47942589537100716,3.4939560827116027
0.49236258629019874,3.3381158321892124
0.4702515719277955,3.57329505964783
0.44588424728565246,3.805666893640777
0.4736200526755901,3.518929371927675
0.4333247693739748,3.974513759275392
0.5090934725189131,3.191129266007504
0.46444772429367637,3.5910710292317516
0.5206846523916626,3.147279837839378
0.5085609711924493,3.180718899816545
0.4654733528474583,3.585672686672822
0.470354219318163,3.638423913927763
0.5005283393412914,3.257058269099804
0.4748698297834199,3.496629710905526
0.4767769183001534,3.4877845859948855
0.4534652162049213,3.695274053925445
0.5027289502245234,3.332633590142939
0.45914673497620273,3.688206247898115
0.49282448247388616,3.3394565742889775
0.4826651559195605,3.464028976876695
0.4871921758931252,3.4781968841066115
0.47370612074175555,3.52013612390651
0.4406252533225707,3.9018531982027804
0.5098037327987968,3.2633947950702216
0.46426731440530483,3.6325749977891513
0.46358290298507127,3.5548545666681424
0.4215907332578279,4.137303091588021
0.4834405224638697,3.3836135482198664
0.4025007859689156,4.431767083798395
0.46991606369152444,3.5806176413398094
0.4682217192326398,3.514990382034723
0.43041628378946545,4.041937659787781
0.48193123825289375,3.4494718414004324
0.4520255447629646,3.6938762464440136
0.48600487980766216,3.4571201393527216
0.50234725064743,3.2536746878265705
0.4823476655228847,3.424136783013665
0.44689719043185216,3.8029567831422453
0.47887471895436473,3.4759723118914043
0.47703702284036625,3.509384315873782
0.4641026592827641,3.653754914239746
0.454146725259256,3.750445608705443
0.45179138400846575,3.689324310963477
0.4837401797654066,3.3538125545586057
0.4501162098422123,3.756595209461501
0.44521249766765714,3.8088801997108206
0.4749377689471483,3.521452832234337
0.508625943318167,3.153739871184162
0.4643051065853797,3.5331804531121356
0.43846024302898545,4.013402494434782
0.4263625489229448,3.945018006662256
0.47139787969697805,3.4681556684938077
0.4768686308303861,3.481029283952119
0.47536957888471326,3.6225771678049643
0.42696117533822553,3.9199264514566643
0.5016659284754141,3.2668245182445443
0.4707203259620299,3.519515849579642
0.4102603721438904,4.167825525934626
0.5365789065872912,3.0813238316584024
0.5105451781831184,3.166799880907392
0.46745008750541744,3.575211770049494
0.46559832706488546,3.6170835372790053
0.4604142145718261,3.6679930200050976
0.4425183340141172,3.78455717552773
0.496127324898319,3.378522923236851
0.5146972070182456,3.164741360472192
0.45664643015346656,3.728745693759081
0.5359636221388888,3.0677301064697624
0.5175545885647919,3.1672279181769554
0.47332448181916004,3.574457095302941
0.45615218814957265,3.767072360902551
0.45655644580933497,3.603750157507676
0.5474540076008245,2.9109717085532325
0.477127758308436,3.452787359593397
0.4799243906165542,3.4595668736268217
0.4686300063259874,3.585760609644826
0.49612248866919395,3.250540416393904
0.5012586720679444,3.258843113033309
0.49529385002634313,3.311931164198212
0.49096919636904074,3.329408290447733
0.48225075570492315,3.38812511057506
0.5048569306236876,3.2302108199250226
0.5157956259152792,3.171724116155921
0.44839604609247363,3.7670091956411156
0.47002799302189807,3.5046063424141387
0.44037223936973435,3.864773625764602
0.46568288663464946,3.5534949428911244
0.5247143930543696,3.0690669141172378
0.46880211363220625,3.564911615090157
0.4705843436804534,3.5482513376050893
0.45088834718840665,3.7999967267963224
0.4777996577602863,3.4094932003869847
0.4777957198912074,3.4624145497330816
0.46127143162192125,3.627705590400886
0.4523805246551522,3.781636529583248
0.47014790942311696,3.5739424951494128
0.4457747504344025,3.7928077245548906
0.5025500028303067,3.2511176701596587
0.43591533924603754,3.973649702859276
0.4982160776340953,3.2879522413651454
0.499736358910035,3.2290398160071154
0.49989745900804106,3.2841447923261735
0.4480608285762132,3.7920514631828177
0.45150552745657174,3.703413692067503
0.4995983846080296,3.3487563099854523
0.45203887110966506,3.794033950783601
0.4711690349458629,3.538240102937961
0.4648618468318213,3.6396042829851956
0.4498884814754063,3.7608313942569263
0.4525992384614761,3.817117692796927
0.4548233867711253,3.5934100784662824
0.5023374664825433,3.3631970572749434
0.5176592040261109,3.113134747652716
0.47325567443033384,3.585201369749876
0.5082334950620818,3.203989067497355
0.49008236708680764,3.2940632077211487
0.4753378850296036,3.433341510400951
0.44704670116956136,3.8105742214371143
0.5077573672704836,3.208696761574873
0.5123976184622361,3.1431144887581755
0.44381738855046216,3.8271882174532723
0.46306811212121657,3.640796531283499
0.4878682428155623,3.4351952227664673
0.47863256357727146,3.472641126839277
0.4750021382041668,3.3939167013779628
0.47708469782254337,3.463504523790392
0.4798580384619415,3.46555177284799
0.4528819718706202,3.666016876395116
0.5089256386271708,3.1570260448742347
0.5064569311077249,3.2797398397706132
0.4974814936936751,3.304754752630326
0.4827157940272955,3.4829463634306914
0.5348515577291286,3.030685990128682
0.5723814579152628,2.755128204178664
0.47750332292219727,3.5062883302614316
0.45801451555333134,3.5699497587652367
0.46773807021232455,3.593261865505798
0.5314531411505319,3.034494305735975
0.5019154028561141,3.24633262984255
0.463724033587016,3.5580572059201745
0.49908715671713133,3.3114146221405596
0.5030395687990878,3.317202683851608
0.48471171571728344,3.409600928747908
0.4928595327651701,3.324625449638761
0.47930088899625517,3.479989528601892
0.4492206763474458,3.740582959611421
0.5071707606160998,3.213121609927123
0.46664467273271415,3.5408392627688343
0.5477878473238251,2.90694534691251
0.4776086718378626,3.5082326244049558
0.5106073273386863,3.157616326313775
0.5180373743409026,3.1629665571021737
0.4889446933998769,3.3924206172007714
0.49132343662345984,3.3511331999080016
0.4894573340884318,3.3671088503315123
0.4294132955104266,3.9902280839712074
0.5084689437413741,3.2377752997694667
0.46817710812687396,3.6067637483015753
0.457229947373368,3.7124217682796607
0.46218555981183224,3.6246583013043847
0.45730723223926195,3.580359425680648
0.4548646832554799,3.6722739693867603
0.531071936847801,3.0240398247005262
0.4788999104571914,3.4831184079554287
0.4680294515852532,3.5921668482041555
0.43630064567682864,3.9399382723756196
0.5378661857980194,2.9806142882688835
0.4782717641011982,3.4179348053322465
0.5062732673856558,3.237854003966594
0.4879382205566141,3.4012037731568823
0.4578081397903828,3.7104507686746646
0.4337310128182026,3.9321106623937245
0.5069198750469747,3.280895104327449
0.48127013668898555,3.484056702728153
0.4886323570336248,3.322093367897089
0.5138267222523802,3.229952877269241
0.41815316215510906,4.174469936756836
0.5001677381728521,3.245942163531973
0.4620809188298499,3.6665956389736185
0.4374408589479346,3.9151083185175395
0.49009051754364796,3.3541574452528526
0.48893766369248315,3.394295692414832
0.5025907771557244,3.244660094463321
0.4807757462972133,3.3999479958036645
0.44609420051069026,3.8904855483129257
0.468516869180727,3.6310158265921317
0.49361884802011435,3.396442894314824
0.4568337869419328,3.6432550506707746
0.4801853478506732,3.4737973943434692
0.4704401553770058,3.593991735739549
0.5014469186676482,3.28235577510732
0.4604885616759059,3.6306396804886303
0.4656852064145802,3.57722666963657
0.46076948111243615,3.5598124893685394
0.48242948812888853,3.3788965865045575
0.4813740466433629,3.3494673547171305
0.4704296628609904,3.551968191262927
0.46802125818491314,3.6022875240664676
0.45214876035977547,3.731147265005082
0.46026469011996124,3.651468894742013
0.511544074697909,3.143535785963501
0.5488575467120342,2.934879656174373
0.47011068886182406,3.572004684204398
0.5143913632587498,3.1441308818038247
0.4923501093342571,3.4522092438716334
0.5177675149403742,3.145913691132647
0.5301035081808452,3.0279631565748573
0.4976448088202768,3.2351314873444323
0.4589776065528794,3.6482660960262265
0.4389191337869696,3.9781132435803936
0.48240223576041075,3.4362619798399114
0.47153603782519526,3.520242637507184
0.557271025874285,2.8523405967797553
0.4985820936300317,3.2654653918903955
0.40519316661028393,4.300394130376735
0.48765221402594644,3.4039439356794086
0.46913276280336585,3.6099226879979587
0.4316243870048,3.8904448509131733
0.5081132169172347,3.280237721459745
0.4682763516577004,3.5798016450034265
0.4491988856197269,3.88668543647839
0.49918875296261617,3.3096753641898653
0.48337612399224733,3.5133760500787834
0.49580958342182885,3.323167262259974
0.4783370197864648,3.513461833082272
0.4608292562333185,3.6652672277220213
0.47997312229863054,3.442557317283524
0.4543023465077957,3.6418540031038544
0.48058557525947293,3.471977710807163
0.4431988400665028,3.930847792339245
0.4707782175637105,3.5369376810783026
0.44027717351038237,3.8124022925466354
0.5080879701494756,3.212986058925232
0.5210637726116188,2.988394787290522
0.4780136741661354,3.4768318141299885
0.5033469544763199,3.194724946654711
0.4819435372352449,3.3876363694246856
0.47642248597861264,3.448987611377126
0.47036850077730274,3.5759981570642534
0.49077317809822474,3.3815151069878007
0.47073576829171754,3.5437519356820806
0.45710229429162674,3.619859857536325
0.5022211226822704,3.3175530836903384
0.5017450505228195,3.3540246209753453
0.47934857850193135,3.4610067657415327
0.4610324780350182,3.629266430870347
0.4927905971970475,3.324366013395519
0.49023716271772605,3.4121708034474483
0.45949970223979975,3.755652338999669
0.4640912292206232,3.675190724939789
0.4631889530677965,3.648363203971405
0.4266140349159131,3.9424108337753103
0.4474959122749138,3.777938748788227
0.4964645809535248,3.358884162421412
0.5142227826099632,3.2104470595185615
0.5058622206605379,3.2298687833668245
0.46315623126215205,3.6164143701877673
0.5013956617101487,3.292781599249397
0.4810794673496814,3.3918981004765154
0.4666975795534829,3.6078540123810563
0.4645843066059546,3.6243686938697524
0.5096909792856855,3.147045703942341
0.4535212976149739,3.7248594910704025
0.473119503348685,3.5849535844008575
0.43223277316107206,4.14948080809055
0.499116879414437,3.2912051366517407
0.5271095453648192,3.0373122347279065
0.49767374637284334,3.3371974519130254
0.460505074200733,3.675660662749674
0.5136030285700828,3.231057234730668
0.5250829164500876,3.0644929029981953
0.46479942908828253,3.5925797130118853
0.5194442654444227,3.1148005550277396
0.5034933106895101,3.176865790290851
0.49997653822667887,3.293188672802311
0.41547945819896714,4.170870535930224
0.46860250775468776,3.555730594230788
0.46678824113874395,3.6039333791530823
0.44239301457202757,3.7832987378835448
0.4750336186799894,3.5029692665297656
0.4425230813363672,3.833988186175849
0.47057446749778437,3.537799560223972
0.475724972945682,3.4966066266223086
0.47895067940610186,3.4920560435961603
0.5391663419796774,2.971928731116905
0.47408278833760653,3.4686310337751056
0.45693445987693504,3.690691626191659
0.4467393321369639,3.7728333490272754
0.466321804356695,3.575096483485885
0.47877341406551793,3.4876278585943963
0.4635459461021243,3.5571531194228947
0.4867921009734036,3.4085288678293635
0.4643142084757342,3.5638792880236485
0.43211732930684116,3.8815838423483418
0.46867102062622457,3.5777271187099577
0.4697879101692128,3.6514841342648743
0.5133209967854453,3.1696955971442184
0.5269679320097522,3.030599175010196
0.4490714062153962,3.8068578078549686
0.48207047661790575,3.449520873634563
0.4335399253663284,3.909057912250954
0.46289611428658217,3.623969210884288
0.4724937727423786,3.562769486523506
0.46339585437132036,3.6757390332146063
0.4666936034364956,3.5940369187571166
0.5130691642244278,3.21739695572613
0.488137571964727,3.375357181504574
0.4882376288701775,3.3692057617699436
0.4291632482214442,3.9831715283851263
0.5063685099634393,3.268625634988234
0.5336111642000365,3.0563661060755556
0.48905248157915454,3.3260103815689277
0.46009171241189806,3.6533912321373707
0.44939428864654474,3.721463535024565
0.46856656797762175,3.558458414841982
0.5068134506625896,3.2619589882080735
0.45651219886748035,3.644892948268267
0.49705513086318337,3.3344473867516693
0.46054208699843385,3.6772660800832098
0.519307414411979,3.196349372310305
0.4436795711728463,3.6850518312031637
0.46709230362294485,3.559423006477066
0.5063552956225408,3.226783620108121
0.4894630221083096,3.392737986673367
0.45424758751004285,3.6904844329481685
0.5080563488192009,3.253777294632758
0.4851602053343141,3.454184257514378
0.4533306292656321,3.6824381325070137
0.4799066075265401,3.5022331734476677
0.5057876410592521,3.2355155743592166
0.47150142726349065,3.576877808871957
0.4429741425693113,3.7557479557828426
0.4923767371351914,3.353782260695267
0.46979533812292545,3.6379368489852895
0.5117335183463048,3.2528920012728952
0.5250064669022914,3.1276163013509337
0.46067284934806846,3.630078139034444
0.43477337274981737,3.9141954131452943
0.4732832683122476,3.5178473233855594
0.4658693834054336,3.682139270496962
0.491420527212841,3.333505677975416
0.4789897919920325,3.4370847121907966
0.5528622915217158,2.950043346826379
0.48922415699581795,3.2920532721527516
0.4444939522478444,3.8502697720603236
0.47873808305705184,3.4894573849431625
0.478983156904682,3.4247911292389253
0.453781791440594,3.7490595545094396
0.49818728032219345,3.291944575332422
0.45428667901928166,3.7278909515640493
0.4961932721463076,3.323169622818796
0.4758007150035289,3.5128969761617865
0.512838150535792,3.1469959606445115
0.4765437407619715,3.4554202606164077
0.47731653358709736,3.526609070336624
0.5027286757648006,3.22757105444622
0.5217199807996318,3.146484446047178
0.440455370320611,3.8701653654832713
0.5117644248178412,3.233262953498282
0.46940200744818056,3.5286945872986553
0.5137122054422814,3.14502899284146
0.5085251132646085,3.2256545328474155
0.482596167133051,3.379605868201183
0.5149831935952914,3.116934937881189
0.4474623586073346,3.8182735291461447
0.5088702102587337,3.2184717871754103
0.4937631663555399,3.344977239712779
0.45843928335295475,3.6680047991478495
0.4469758269647222,3.7834295423612887
0.460926753754354,3.6045102034720125
0.4697615509205799,3.5459527998208578
0.47054850587589664,3.6225576159860093
0.49491093609022707,3.2643035615378335
0.4666782562870553,3.6300357455637458
0.48424506965847014,3.4265521675606645
0.5185728733716286,3.135881742952064
0.5087590880647626,3.238413106593299
0.5045028498616657,3.2733840095213487
0.4653475556374772,3.681423647408338
0.4770917226995951,3.4639798401402886
0.5149079414171314,3.185136690298028
0.5342527272249569,3.007223830138816
0.513027742985378,3.2278856090496215
0.473296166652034,3.474349454956789
0.5001619533437165,3.2517795944690184
0.46310768660893803,3.6828982811340394
0.45120789364426517,3.7090192613872586
0.4345193472102449,3.992439163674446
0.4233137249518681,4.082721705480131
0.4369823018691758,3.9907932534353643
0.5257957638351194,3.0829987959505325
0.42272212582974955,4.059914209481803
0.465131279597899,3.5573593703959845
0.4676270629307402,3.535241267664874
0.5024187509586736,3.247144123830482
0.45566381594637434,3.6857284333880767
0.5035414204147006,3.2464268818667628
0.4921452690301532,3.2725622885285177
0.4759452467498045,3.594596277387723
0.4436549200935028,3.8898203613288564
0.45656931583578775,3.7042690758445023
0.4632940966334267,3.6792066891552846
0.4688083422520255,3.600901990203611
0.5258332372100172,3.0683414950321626
0.47585791611256795,3.4884678635249946
0.4274213102141315,4.044029014535013
0.45052535914883707,3.8333659215545253
0.5229872247458893,3.1792244563553744
0.5317065934658028,3.069425637310834
0.4985373299439888,3.3074898957923082
0.49299570917912416,3.3031156332236793
0.5289703490690932,3.049758269388572
0.45444936675817754,3.723323858679047
0.49198673326841824,3.372688543541572
0.5135361838418913,3.1018517589653416
0.5392387615668444,3.049551394751228
0.4818380126230623,3.4040775492140694
0.47588038219145956,3.5179358514613335
0.49807787093352507,3.308966811067634
0.45296178293659745,3.7333004863275594
0.47146788458383815,3.578402359705075
0.43946929668869383,3.9367278349772463
0.49194642898541247,3.3767284347694817
0.504166891975867,3.196860647439565
0.4589393848605481,3.6489445796430813
0.4734561615038266,3.5423527082158257
0.4879877440878946,3.3756354657985166
0.4584553974118212,3.7513489278505374
0.4439634111838524,3.8708668508491364
0.4473401684131524,3.756737829707298
0.4614798798056478,3.656752901517134
0.48640479718882434,3.4593442539644537
0.4618366178399996,3.5746314713898255
0.48958236193321397,3.3253620075485
0.4921538149318269,3.3772958231132226
0.47330496335167493,3.4706148392838845
0.4790833191850604,3.4193242516899134
0.4994113176896247,3.2873238364661037
0.5152375915538876,3.2323136299424498
0.48959798207569794,3.419621350414635
0.48817236008717885,3.4151779022244177
0.4554458003423594,3.789763490110297
0.49962656865798744,3.1840713162560665
0.4900185851814924,3.378082953886733
0.4716486144951076,3.505233748841877
0.506370960869603,3.227477082810652
0.513336318473821,3.1357983799426736
0.5268006910675405,3.1025148747136204
0.49199202187876734,3.3416253457861016
0.47566336353437816,3.5169985061639824
0.4464501104810763,3.971737662938924
0.42103393812737966,4.093005822995983
0.4572605788915484,3.7659239340545314
0.4623023648432436,3.591483449274287
0.4898745138857769,3.3743883827591756
0.48350746867927863,3.44684187928001
0.47298142202602095,3.490071722819211
0.5001777578859528,3.302610374614001
0.4560337142290051,3.7592589664975407
0.458082168232443,3.722733780873205
0.4882968972823501,3.398198452296584
0.4566202908900314,3.7052405124628316
0.4875456292672758,3.3920218207156045
0.4607742001936028,3.7436115344620076
0.5502140067216117,2.8669170886503053
0.5435390119523877,3.0211645831472618
0.44239896525368017,3.8600960682762473
0.4637668864503384,3.60759781495392
0.45868529491179694,3.673811774654247
0.4857828800132018,3.4033870854276413
0.48762523532884977,3.3759670815298506
0.442132671026254,3.861934870994696
0.5116469820099259,3.1996040766657807
0.5097195866490714,3.227370189839456
0.5063384767549131,3.2568330331492676
0.5333787002806656,2.98558103394748
0.4544619556060627,3.6566479949303146
0.4488658797477867,3.8887001313712974
0.5204601019135799,3.114376227238705
0.4886016108543918,3.357176732764413
0.49199685979095226,3.316562784476265
0.5060772829965965,3.2039304390368195
0.4555696639411683,3.710903234549413
0.4712156718213064,3.5667180714964495
0.5322394561965218,3.0343604101137096
0.43319891988438847,3.9371776933133527
0.4715947993003557,3.5525672855073847
0.4450294543534732,3.8742718041362654
0.47365995808609757,3.5517119264562065
0.46119935453949734,3.6231933233691294
0.45942101304142396,3.5867002170074773
0.423882838933642,4.113974135869349
0.4822902678204452,3.4458662487776506
0.4814873172564557,3.450895536000696
0.496540035457367,3.2140594247790113
0.4695466963763739,3.518540098383228
0.47202716299641473,3.6379835207594104
0.5183820560690517,3.1523167077839327
0.29634400420885426,6.1225793777268835
0.5059901385610519,3.219104220699377
0.4415342743373398,3.8758113960064047
0.4602222723968979,3.699437396072662
0.5002071896660518,3.320039356522447
0.5016312834335677,3.270607017795596
0.49901160086916524,3.285116791845192
0.4738747638714786,3.5430815500589694
0.4588609544573396,3.6956605670411347
0.4699667112120508,3.6167801605111323
0.5040310399440378,3.319671669830337
0.4949616219164897,3.356554189582103
0.4619288463082742,3.543918221471828
0.46510005377653013,3.5568178590568684
0.43436857386454886,3.9381500236847824
0.5174553120191985,3.229599863710328
0.5423325258937559,3.019438963510666
0.4915780811234428,3.3212195826746256
0.43873987960456634,3.8970028635014637
0.4538066065119953,3.7482190420604433
0.521714983078186,3.1696680800872192
0.48569533382093455,3.3936642269597748
0.4808135690518612,3.3625444934314217
0.4918931576466789,3.3310990219244556
0.4726892227602173,3.5372444678601225
0.4888335031114994,3.400515745532569
0.47156197777379205,3.5755584853626474
0.4602561816268404,3.605616607371291
0.45759483116399063,3.6517074532991245
0.5120685636134413,3.2628768578939855
0.497760929442987,3.3200854834978877
0.5075485171748881,3.2152377770010165
0.4574954842479517,3.736278174069142
0.4476942385602528,3.8047812034041977
0.43601399997373597,3.905569133454314
0.47273886054050923,3.5991637062120145
0.4806888376472631,3.3821593522426903
0.49519160944694096,3.2716190943932166
0.6074943413079896,2.6219194798633003
0.42081508607303303,4.13539642382378
0.46320677444528857,3.528764361034777
0.47966428263877675,3.4520474911605548
0.4871761451094555,3.299572491792683
0.49435264661784695,3.399230987759629
0.4556009989183993,3.608008794861521
0.521416952932697,3.201615044428441
0.4586844249968056,3.64520996513568
0.5266261055520884,3.109818031472651
0.4593443150954591,3.6652503974143262
0.480292713068841,3.4550018193194534
0.4994794341314506,3.3494708341052446
0.48482163862698036,3.3763426692442153
0.5057738239797676,3.2212290446270546
0.5126535275621433,3.1699141716285184
0.5030917184670638,3.278897987583752
0.47104940057266653,3.6256897528482153
0.4670859121607875,3.5690096668331295
0.46480774528275354,3.595236478014249
0.4789851199406413,3.482853997794494
0.497334211329619,3.294665719717674
0.494991960711195,3.270193540087426
0.4987470491969966,3.315573201419225
0.456886749279797,3.6407490311528297
0.47353917085256403,3.5552873693305065
0.46533579182839013,3.6286862686346644
0.39599424478553563,4.415298095984571
0.4877285983170953,3.38398653717483
0.49718079361347206,3.3396449806103092
0.4880060948266993,3.356435119763244
0.44560897919454917,3.703317676061239
0.530369390458745,3.0339562545163816
0.44009584772370025,3.8227093559050633
0.47730612931341215,3.485642048251607
0.44035955904882584,3.8014179556105634
0.47520328594735994,3.5282225489464447
0.490437492817525,3.3381664425485313
0.5130035231728425,3.1583740609316537
0.45309944257635526,3.746239920466231
0.509691204859654,3.155616461317626
0.44225158242614904,3.821426893969718
0.5202669453688875,3.1159411584874994
0.4577328427025622,3.715801448228702
0.48244877574982464,3.412926209174656
0.4546140322567934,3.777789286355814
0.46697886411101314,3.633745322677993
0.4752385810420323,3.577060207401218
0.4490067997790764,3.749917117251233
0.4996390210016084,3.296666481875285
0.5124370862686988,3.1167223802887856
0.4608162940695514,3.6222722936779292
0.487187193578862,3.3280186822236355
0.4758445794239778,3.5062086605327147
0.43601218435653233,4.000844649062962
0.44698891441753186,3.7623918120043047
0.4659201320272336,3.5974656658440267
0.4576032470015749,3.7349432298568535
0.447795116198688,3.8354877818824353
0.41529273988135307,4.174415051915476
0.4954610993688646,3.260992458570525
0.4816480742990876,3.451471654818184
0.47067977738176725,3.5913683829897622
0.49178031900144026,3.3758733654308357
0.4874821205172486,3.4026438404919275
0.46974494785132426,3.5075354181914333
0.47157613527288245,3.5244791035116876
0.5008017652991779,3.274567503257918
0.4831935229482509,3.363466739610727
0.5118355848311751,3.1426261927621253
0.46312860537001366,3.684361139445421
0.4667707012092231,3.6019866657895503
0.44186637836932946,3.957061005582796
0.48957965714045454,3.2457986392435614
0.4539295590227878,3.650512958718971
0.48650304936796407,3.347717947673631
0.46644214068223566,3.5667431802136322
0.48746581400024636,3.3774694055868086
0.4913658257439166,3.3251645714332656
0.5022391034165126,3.3075229674481874
0.4969396270958849,3.2755369415316
0.5199257684630783,3.169045702964682
0.5111192578200603,3.190026325616691
0.47336853692024694,3.565884166304506
0.4690252506439634,3.5829073420625863
0.5044904304616227,3.21413383914359
0.46031040320766436,3.701263639890514
0.4412998972801305,3.8786129039588757
0.4791844210905457,3.3907278283871323
0.4820735939586635,3.504671328147354
0.49158273592716134,3.4152586085058427
0.48018479710693285,3.41956642343271
0.47275484421260616,3.494802977064232
0.4824984584415892,3.462043056308405
0.4452066828257859,3.8547695407932827
0.5001950115573723,3.3105267448059053
0.4760758570242256,3.47185192980236
0.49591253706716065,3.2557210586285046
0.44079501375293867,3.8960622717958775
0.45676697518680226,3.716712826429145
0.41647447235952373,4.194894070749761
0.4758046981040185,3.47928269962932
0.48047786321987446,3.4127739010499867
0.4365701221053636,4.017445921568408
0.45461609515460716,3.6877177048282315
0.461323423955613,3.6314549419745803
0.4488074422182646,3.7093712524489524
0.46695738788716235,3.5920854733036447
0.47644184635569475,3.488333830970778
0.49194425558610555,3.3596908114497177
0.4702687606751929,3.527376310075542
0.48559967473828725,3.4845619702903043
0.5044838489719341,3.2052962648725773
0.4462387271550762,3.836229862789054
0.43244428858847594,3.935967142185547
0.48420539453959227,3.4341277063225846
0.4177986177655761,4.152562218701341
0.4728004477448879,3.533158660241863
0.4390390899726635,3.965700621838013
0.49103754907344854,3.366476255571357
0.48362238442548566,3.3924561229465
0.4883449434641171,3.440420548869121
0.4594721231470591,3.7149672999470607
0.4855961034242707,3.4373013448971763
0.4615766846599269,3.718569267030925
0.452001728013549,3.72334738950186
0.4648390302846428,3.63377472525565
0.4831663557789653,3.402819285548523
0.5126169409998702,3.1459268369415674
0.47285636953306587,3.5307987831770857
0.5304760796754755,3.113590888832824
0.45590618685743006,3.7351137679049944
0.4596671225914173,3.684273601890502
0.46609919112513215,3.590770429206575
0.48727305182823666,3.419495314942242
0.4970085236357636,3.3104690343092975
0.45095682942795445,3.775848016596398
0.4583499520041026,3.772354535964591
0.4803783453953729,3.481585414640285
0.447304005180557,3.7913722403197014
0.4496322635100185,3.803350486841422
0.4683139965292719,3.4713944601781663
0.4594884980495702,3.6257603912182255
0.47068372471517095,3.5776230617188554
0.5230795920654847,3.1452295855157497
0.53172477129351,3.065248289503596
0.48941800824375226,3.4357570331480907
0.4752125605758392,3.50702977859678
0.45804297689665613,3.650806623194233
0.47306392477703013,3.465534928433683
0.4515187830351491,3.719166219969879
0.46559653480156854,3.614652369911966
0.47098718267117745,3.5316021366575727
0.4839366235390034,3.427711631355124
0.4567711948037425,3.6337018532525835
0.49193287790298235,3.339297058761918
0.46922958527740105,3.587771100368002
0.480269224078216,3.460795265323867
0.5321315248601663,3.0898773552022556
0.5126856089434304,3.1674350594309963
0.502583246142438,3.2567512374318146
0.4518280349488277,3.678107264332178
0.4674289482343386,3.6797227907798975
0.45378958871839997,3.7687711622063396
0.45417669314903597,3.749964936528551
0.4696474934208732,3.510942309944094
0.5106009531203721,3.159483725234193
0.4835204316196322,3.445362270324688
0.48423995174523404,3.4228850800968096
0.4895182483117606,3.3741920485406114
0.4470485921633194,3.8403499791376996
0.470696263490196,3.5570796805062708
0.48779704818367137,3.3705696358676147
0.4745309651566584,3.463768464665454
0.49583473126828037,3.26461134901843
0.4660112174755229,3.5347484953075616
0.46989785220734676,3.5585311212343678
0.47211241675022725,3.5786704338260438
0.5186458885414083,3.1517561775038523
0.48006120710374,3.437110436995451
0.4658259268122945,3.5829231406828352
0.4535186220204588,3.7245856351620072
0.4793639291188738,3.4624210805960995
0.4761731061495623,3.5331796935724333
0.475297833656241,3.4909399032101516
0.527948540448272,3.073847713185095
0.5048808433521594,3.2822366536405814
0.4365171664886127,3.9178946453466357
0.4968839295859677,3.309227735714975
0.46571237352088796,3.513645537779221
0.4759325622948814,3.461978327169293
0.4973512978672605,3.2182265065623743
0.45110094412872637,3.7684050869498753
0.436395333500863,3.9271847483940023
0.4698948476119531,3.5144921774808835
0.5109376099869911,3.1506401430620583
0.4758110047355387,3.5316480941369095
0.48121039592767073,3.438343435446368
0.47506822090945944,3.5322798912489004
0.5292932135697093,3.101349061911226
0.49902861518469266,3.2773105403901357
0.4437740418091852,3.81222234882289
0.47664466544559775,3.5122357433929734
0.4621934532627105,3.6532156030932645
0.44984941311600235,3.803600303497545
0.44102434486291514,3.814242893911428
0.4881790530026107,3.367013448678563
0.46221231615181146,3.6709105710390597
0.4445212189855927,3.853164819358279
0.4767586127137573,3.4238961622439024
0.4908877802119984,3.4072974809345355
0.5178047665414732,3.272151670688229
0.4626681216849633,3.626706605368456
0.45730213108061113,3.734661926832079
0.4994782397628087,3.274227085409857
0.48030716298636716,3.4237009454546197
0.5081214655220534,3.249328716662001
0.46165145952538267,3.620556879207408
0.4740009261175823,3.582890533845485
0.5164295204351532,3.199041002034167
0.5221787882084821,3.1122800125054892
0.4954673001352401,3.3243287708531697
0.466994037318726,3.597033947744955
0.5114578142722699,3.209144912930592
0.5144662111645484,3.1615117865131013
0.4766712876644199,3.446824973582954
0.4659565758364684,3.6161538038159193
0.5008014408317476,3.2954045374613097
0.49052617103003626,3.382361879166856
0.49148147857979607,3.3055624110078483
0.48673872256276995,3.393123803979715
0.4815700611377607,3.4418521045716295
0.4722467928480012,3.5365768197113745
0.4772741248415795,3.5071238916738694
0.4693981561636971,3.595449013231814
0.5043383468636735,3.157435094397055
0.5075154030750646,3.2287454468065673
0.4553731316284359,3.6882808716272693
0.4964291397197947,3.33627889102251
0.45377625011584444,3.725109764104858
0.48553715977249384,3.404426645239558
0.4836792814714933,3.335822030450909
0.5033679218665223,3.2319142546240647
0.4993858540631106,3.303455362483367
0.47513027416479797,3.4975146103067676
0.5214149118716509,3.106877325933121
0.46453156324001477,3.683208865084312
0.4610080825477315,3.6364396088773185
0.45671509007451505,3.7275736356749825
0.4998740447342919,3.2546970509554813
0.4798127265737171,3.4875189483464397
0.49398492813467626,3.3343256809282833
0.46202807808535806,3.6464349480106053
0.5676120603066472,2.8101853907650725
0.47501973547142684,3.5436069415046854
0.46515559316686894,3.622924248005129
0.4493253623829645,3.716436740712481
0.5024452210661812,3.1709329256503818
0.48148526728114804,3.4798207094948785
0.5397274613121631,3.015675835651916
0.49325660215803,3.3864794891960646
0.535818682021473,3.0770584703576853
0.49388740657740093,3.312436239014177
0.4318432239310943,4.012981472735175
0.46612664810736043,3.6759452772308507
0.46884393160030696,3.5873704790705103
0.49872134545422414,3.330850365176032
0.4744651680552036,3.514022675935911
0.4916128477670824,3.2787341644368606
0.4802589946505582,3.4054597963770865
0.491954050960872,3.358414931270331
0.5746400169375099,2.7076795465082513
0.5094354223939865,3.165915913366277
0.5136643777396901,3.1965168262055697
0.49649897553451044,3.311893120573341
0.4741057110791363,3.5379567390044513
0.49927721836519023,3.307129532936519
0.5223981862657514,3.0595199510110325
0.4634092734195591,3.659088868205313
0.4604017849211919,3.665996382514335
0.47710015657623106,3.459953806558981
0.4981192221088718,3.368604136731662
0.4775041061891392,3.481228369666328
0.46873155008533757,3.471167325657292
0.4822900013716823,3.440619036846244
0.4683773475408701,3.5621153386338924
0.46743495908893085,3.5953849052468034
0.5033834570215214,3.2647629868658123
0.4558557193103643,3.6740948182681024
0.4471556170077187,3.873930536356532
0.4782876263799589,3.47719886987453
0.5165473079484988,3.1084371568050435
0.48171197870844856,3.4255785990561085
0.4677315267198028,3.6319548808313993
0.491247911266664,3.334636972082317
0.4871843195665728,3.3895933212824665
0.46706856429095034,3.607249746079602
0.47204973118852206,3.5721014478675484
0.47399297507919685,3.538501544820372
0.4905409335391694,3.2612171258162044
0.4583507835342726,3.6849307132103224
0.4681990761327249,3.5409770355674146
0.5292637717302018,3.0957055920077945
0.4793196363356468,3.4982543181533505
0.4803415038197631,3.495944819569457
0.45531624974759777,3.7818442369383156
0.4547139054882861,3.682302644947881
0.5252838743908252,3.1543496247491496
0.48584701667361396,3.363748896235171
0.4818644315343188,3.44841675794967
0.4609660011962933,3.5755649436938386
0.46714830185985023,3.547303805295353
0.4795362501499665,3.465928770748062
0.5216447682990798,3.0975980860223093
0.45579924102223557,3.60062581812512
0.5548504601698023,2.8660726735032895
0.45035960589709356,3.769267467250008
0.4773185694400733,3.498235955999154
0.438910235773337,3.757299464321488
0.49194468625915416,3.3471147679762305
0.4950459118459847,3.3546059668329278
0.47925782830163494,3.450757176713208
0.5010047773422506,3.25845441940317
0.47776528555057457,3.3829198817813984
0.5308562015424731,3.0260296784826206
0.45381692232560455,3.776058267545289
0.4459297447976909,3.772863221974693
0.49401775644482254,3.3508996749296864
0.4884313218117583,3.366039437676663
0.49445546974413307,3.2507732931912443
0.4491966982627401,3.7838419037701065
0.4765532322603527,3.478872302172539
0.4852724364726219,3.419775573091175
0.5309839647597014,3.0271644431699607
0.44056937839367444,3.877295590572834
0.5251320249984524,3.1040098484700014
0.46117703210980476,3.5516773597088114
0.5223310002939692,3.1560906671846234
0.5241815892545206,3.10169683114345
0.5239796447449112,3.145124957251344
0.4871868455144165,3.35758376143605
0.44837973495210104,3.697656101785461
0.46194071389310376,3.6374832861991133
0.4387738837217762,3.9681281276935607
0.4851917708297813,3.4027568368003966
0.48100943420077064,3.4248834815924574
0.5186340814496448,3.0851443380404238
0.5049089361225467,3.284435092451693
0.4846254848515199,3.436250647301909
0.4972445262024028,3.3222694771305314
0.49194151130372493,3.340720418302623
0.4761354880794456,3.5171900427699163
0.5285021603565776,3.0110655061777147
0.409276130128338,4.330248071618124
0.46155742682329876,3.623151745138345
0.48716442061064963,3.408744534835485
0.5069249743664315,3.24388984860958
0.47895749079996547,3.3698235811894213
0.47523482614241547,3.463752971632787
0.547794410496875,2.9906987654730095
0.4212293889421663,4.059997284332895
0.45659323973849797,3.6606697048973404
0.47724486233190994,3.4834629870105016
0.41995375288298653,4.217434520493708
0.4863187059278562,3.4217200774125853
0.46119280690502845,3.5682178093065637
0.4672033638490695,3.632189854283341
0.48342783799324857,3.5308895649095016
0.4981214145034847,3.2832387185404643
0.477597753220295,3.539948402521787
0.49247678347269436,3.3902029590231266
0.5151012062387896,3.158111253885132
0.45436064496136697,3.7882488929412337
0.45367414034200343,3.807961319833835
0.4821043538771991,3.417752464961417
0.48046018199986773,3.428602220099633
0.5115437767017934,3.2142709869394754
0.445418418363401,3.7442657949427502
0.4620494478958851,3.706092055157645
0.49276512666869077,3.4024586324481776
0.5182712099104214,3.1426585202064934
0.4561777754009361,3.6607140342054367
0.504734310224991,3.2641059087024624
0.4815339067561548,3.384176129927359
0.46931856902008784,3.510818558794286
0.4444951903574666,3.791089360933645
0.4824189463249129,3.4624067640510168
0.48811660835136594,3.4070570581845603
0.4443712042334197,3.85132852756964
0.5043631199544019,3.2864983544424162
0.47486716891443465,3.5496282823192296
0.5103137318471904,3.234720471312736
0.4457858249134529,3.7571932018384637
0.4414746638975949,3.8351757936031716
0.5258712075016019,3.1155078063857102
0.48111890452584877,3.435601715496273
0.45241498187232465,3.845191492031979
0.4578988362786863,3.6574336927197857
0.514943065192582,3.21182246417283
0.47074295744285427,3.5587277436121525
0.45414202274836124,3.7521628648391507
0.4906515576642198,3.3300945485013296
0.5079270516975547,3.2843214662158333
0.48056251781178083,3.476676332413141
0.48748854772461375,3.427469327197845
0.45133559521828887,3.803373445292445
0.5160363818106278,3.1561309800858095
0.4982295066610553,3.270681798666339
0.474970337743905,3.4860161934530165
0.43946151083628093,3.9198858092506708
0.4508145082693274,3.774252797889092
0.47556674595681114,3.4531665330631944
0.46522535129043113,3.586064762893478
0.48122627631503145,3.429125972357828
0.4846504663301161,3.425099244830385
0.44018397222683187,3.9547292659328983
0.47652815978884555,3.461814172583121
0.4446016442211026,3.797733270969435
0.4836705779572746,3.4528932695808257
0.4684112129270629,3.5608010385972877
0.5279775127892437,3.0604823560254237
0.49141943634303814,3.3138133484200556
0.5253596927518303,3.1162211699466886
0.49864245005169683,3.2949484744366377
0.4404531898655819,3.8745560354355
0.4785398520706672,3.5031025797960065
0.518679467061483,3.175291471352307
0.5306404552978974,2.997871518338573
0.49303246343705565,3.335151736589693
0.4769954167792397,3.5077194507619653
0.46556092081998135,3.5915263322198987
0.5201796765394204,3.125815298237875
0.48112182991190505,3.4825472246785947
0.4950753085405935,3.344534204599802
0.4731154416531507,3.606703894256629
0.46389379445524714,3.5814238225998998
0.4439730659398764,3.7580846825817082
0.4670085767112533,3.619662651819564
0.4918389190752038,3.3676010484156302
0.4727395208533675,3.5213363239866267
0.4689037956055617,3.579979708407115
0.5019118081910752,3.2657561357937333
0.4732405318976563,3.5404963226294632
0.45514100724476886,3.686027568119497
0.5160484760170432,3.149643812409554
0.4951551344517062,3.307452481613707
0.43410033066697684,3.98214672071716
0.45713724427905245,3.6262642402230605
0.4742011788352281,3.5523106170819596
0.5005038208977548,3.2881581453170905
0.5414369066183866,2.961953689824351
0.45582432077807167,3.6098279628665266
0.49901235952533735,3.2378120245936826
0.48219301175394214,3.3792821533884543
0.49449087331728603,3.3282456580982274
0.4630830773875891,3.674008538979533
0.43925154694856694,3.8647044155666848
0.5076617267799473,3.140119267806813
0.5161308159056389,3.16101194873532
0.5266798078423889,3.0726036141125075
0.4900804793112532,3.324105190672126
0.46565601819019126,3.6404931478711244
0.4920854406741566,3.3629456547329317
0.508278061376302,3.19783195176365
0.4683101240343337,3.574196556658425
0.49195807732110036,3.3626524037096854
0.42330934216089505,4.0307954052567005
0.47255827453781696,3.473060722687248
0.43663008797325453,3.8870371347792294
0.4710897631626404,3.5676246570521255
0.45909254478438727,3.7525000963641575
0.48418250922466366,3.3926067491226917
0.4834496479273671,3.452550852720238
0.5496911715967348,2.894142614415778
0.4527506242456715,3.727036307919445
0.4377717980939804,3.9239122264695414
0.5345821986478783,3.0719816904680526
0.48489870991223827,3.41527897479287
0.4885867814407695,3.382968106403524
0.5114196754364155,3.186989922148209
0.47178970408281296,3.5919194537320793
0.46770096581320353,3.558892734774109
0.46283895650771717,3.6109335090100982
0.44863567393940523,3.7815310062783354
0.5436206647360765,3.0202593754924476
0.4409712825243211,3.9005460655301096
0.4732601064675128,3.49320396658564
0.4858785862055814,3.354862262523218
0.47741031734488126,3.5640309833466164
0.49935275062609175,3.329761774177278
0.4804749901097145,3.440346427201142
0.46355367904735373,3.6066551739173573
0.5047483844644541,3.2278530946540105
0.49843832975951,3.2586405232901616
0.4748583384262144,3.523605446588099
0.4494486285062109,3.730056718935502
0.5000516853917738,3.310872439664988
0.44743555625766374,3.7125260364916417
0.49376735386921317,3.3135458943330094
0.4735810933745098,3.504613807309899
0.4742144776355883,3.559342617025749
0.4323516352849373,3.915084281322642
0.495862770597542,3.313652310399707
0.46743358379946615,3.602081330792704
0.45587608244386485,3.6918692727617284
0.49219182694602304,3.3206293372392977
0.4990847793574105,3.2311758362516354
0.4995065103745207,3.3503558930567374
0.4498832740246672,3.7263103965067566
0.48225995260609994,3.4213798010981065
0.4997361766553834,3.3199801135159714
0.44306970240386145,3.878307089736578
0.46882935231740663,3.566186819631628
0.5076580036750578,3.2051796621611657
0.4879974620497136,3.449021675428874
0.47505670610262446,3.533604364755216
0.4554610361473972,3.702319673006488
0.4701175219470677,3.5501116306150817
0.46691316976122743,3.5764720897251623
0.5153181240927791,3.117753781281142
0.47477033333512614,3.486269675688499
0.44971991454527266,3.7456344632154397
0.4570178233005147,3.643407780153856
0.5180225319102794,3.1057319178222533
0.49534282202682794,3.309796205917325
0.4864652307961462,3.390549051407609
0.42077272025985635,4.035507938028567
0.5473678798143538,2.9799434297563527
0.45777783269359396,3.6153882611157564
0.4910344783552399,3.3447936882587768
0.46384187553323253,3.634612844699693
0.4703133011636053,3.4692334540749274
0.5024415934391817,3.2879348892852085
0.5238216217801832,3.1493499606345345
0.520885797786218,3.13444775804427
0.4609699147093542,3.5191852910847863
0.44662994653303206,3.8321838137817554
0.49099293000115096,3.3805659343757117
0.49056070401225443,3.376963910087123
0.46474029125842276,3.5541017529499177
0.4477296849670065,3.8076653975042025
0.4788501467273082,3.35656959899491
0.47339817785388094,3.5223939693337667
0.4639256075074698,3.614827114812332
0.47312670369863036,3.428740977861532
0.535515799497386,3.014215100700656
0.4995885042446687,3.2918438745001373
0.4951648642880543,3.2996729206489905
0.4961253299498589,3.260834201152538
0.4614442625406369,3.793763785119194
0.5293384140364246,3.0642690345705286
0.48433263494768836,3.4239239348784207
0.4485077326157286,3.8024629852639955
0.5015257135508584,3.294547574089877
0.47653805180157827,3.4478867650782927
0.4353734844294541,3.8481459512506913
0.4686692180525787,3.5952082722810625
0.5388015093052015,2.9731426304602913
0.4375413505408756,3.836927595671907
0.48618238178924256,3.417755834248877
0.4660696539108919,3.532483744072062
0.4687937349975687,3.6764100632812102
0.5061615475829999,3.193151024863279
0.4520698710256676,3.800190637115825
0.43745229606960173,3.9019862216469066
0.4468202733959374,3.868119042608314
0.4636997101685545,3.607729593225774
0.4841177874621846,3.4158614116990456
0.4940700759704415,3.4010188554405016
0.48616241422705797,3.4304538670744207
0.4731896450619241,3.522379764794453
0.4849628175693819,3.4588222732907
0.4716851047836942,3.5591793693489358
0.49758150561130177,3.2731032838942347
0.4585210120987586,3.6827443186688678
0.47399344221181056,3.5177442086496895
0.46521646341508355,3.586639502178251
0.46497044958959544,3.6087804273999784
0.5077494803442728,3.170497510155627
0.4711804420266026,3.538800647748585
0.48804176224019563,3.351493106961069
0.47358825094946755,3.456710616383867
0.45837297078801814,3.7246347026915014
0.5374086545617693,3.0066792449983106
0.47843949620033077,3.42407839170032
0.5029696075067589,3.2566559755138105
0.4658463601719147,3.603678940793862
0.5060168208842349,3.208961180286634
0.46769300833020533,3.5587207316867664
0.5580817944432446,2.8864103639670438
0.45847169157485995,3.6924652068169235
0.4351555645707976,3.9442254337115603
0.5524452166541038,2.8613422285182075
0.45326457504872075,3.7598699941799905
0.48633857900118316,3.432528746608675
0.4929010538585404,3.41281165498489
0.4680828994816524,3.6187567837350905
0.49497714322657527,3.3007118576781007
0.4505255171703245,3.680725095788527
0.48019686440999465,3.350652876662168
0.4942440101399239,3.3191529342880544
0.47852785712273715,3.441634277594875
0.4722436105996463,3.530069535158457
0.47520488534692185,3.4390950542594685
0.430644054557036,3.9614393827972063
0.5203164136655303,3.1144460067479125
0.5594633912453222,2.8459621087460087
0.4053935157381843,4.235275190393356
0.4672387033990633,3.6143416698769673
0.47006235711023125,3.560770023629039
0.4326408370559185,3.9554095752619065
0.4730793152205774,3.491568320866988
0.45399465726602145,3.708147484253185
0.4773465044005065,3.4678022099934287
0.4548385934445438,3.8121611369678066
0.4638963165000361,3.632895242415436
0.4442453376524842,3.8156929473344197
0.46558144936106877,3.586634090826666
0.4591000966086498,3.609716525236142
0.44850464166473436,3.834857607558179
0.4565478408756942,3.6275879079627087
0.4874441057714538,3.3988511889231567
0.5272354293257139,3.0522270556016617
0.5784958337887165,2.718973421108978
0.46200570975355054,3.5905110006983114
0.4609591811172447,3.6232212430705935
0.45679884926979525,3.660457018067402
0.4776056263556852,3.455855835200986
0.4549732043547946,3.7455190107066945
0.48953596277815026,3.2621380762595518
0.4752536398971563,3.4566843453644465
0.48314794523152554,3.457866436388842
0.46418023933495983,3.601657333042741
0.4609847711364669,3.596174510325789
0.5247252052625775,3.172715509005391
0.4574530479034191,3.7586646185327988
0.4382041082588466,3.863161301270931
0.44681393953480253,3.942008228076859
0.46279449319413546,3.7366435225848593
0.476335250061075,3.4912818323605084
0.5459936079086294,3.008242503830739
0.5271482250734236,3.1653136332409066
0.4374244254078141,3.940986960291367
0.4678077537135986,3.5934473861089704
0.45850382780872784,3.6777451992914356
0.4461996794164605,3.7275439821353458
0.4673442552327556,3.537431223004378
0.48261742477820135,3.389673823976478
0.4843304865080476,3.42239414353446
0.46380260783188454,3.6822615706636572
0.4751070180396395,3.5322208407757465
0.45111520263681826,3.696979270125856
0.464895987370181,3.6000541373067585
0.4891335560952008,3.410440583932277
0.5101313326869314,3.2418993313592304
0.4602280960851128,3.5880596276490255
0.4704759668187174,3.5405259000400373
0.48857214170690094,3.4751719274145936
0.44135478523264504,3.842792531844569
0.47537653440094335,3.5224821088502396
0.5037967527000848,3.2134736469079495
0.4544503041144022,3.768897686545977
0.5258777385938167,3.1016242613291913
0.45948143281462916,3.6680850571594688
0.49132497763597904,3.3129114868547336
0.4912753467756494,3.350689631857523
0.5089637163969019,3.1854275428939767
0.484422687848219,3.4044650979120687
0.4923508609517169,3.3509337471182095
0.4981503607879647,3.331299612952502
0.4780515494947179,3.4690961292028253
0.47580316538810374,3.5412103616482575
0.5339522114885789,2.9942286824138504
0.5285122166293278,3.058878353829251
0.44404418247963695,3.809916315482841
0.41669563349125527,4.199389169943349
0.4744333777514342,3.517078757104063
0.502230488865411,3.277213781913516
0.4864650023218582,3.409318570485886
0.485996084905731,3.3843934811412084
0.49079014570903107,3.3723511043390086
0.5076018011645493,3.2738730741062536
0.4719201340464284,3.4797156471977377
0.48142249009270377,3.4502364646223556
0.45382853022451153,3.776938525210505
0.520084853798163,3.1591792147828057
0.4724704976085623,3.4609034649522123
0.517144692799864,3.144253869465584
0.4810722676794144,3.426580557635101
0.48028165699880687,3.497115965712283
0.43169088767909314,3.953406601469645
0.5060522932086364,3.248993810788162
0.5148961615922557,3.2085840283407285
0.5214947241638088,3.100583566472226
0.4794352365327903,3.4974561898532213
0.45316941862649474,3.770253245573316
0.4635623095323958,3.6077789291944304
0.4491118443435469,3.709450260950634
0.5225468079779074,3.1592936214656544
0.5008163157784704,3.3385955088971433
0.4656865963702439,3.654261501969772
0.4487252627137157,3.834343642365019
0.44179922961036855,3.8304064789498353
0.49027177083916057,3.3871110258605346
0.49734666538771893,3.235283251961732
0.46987667547338324,3.5817146032667044
0.46873173325525896,3.6043966840860304
0.441969186474581,3.736035025671414
0.5025587632341193,3.19972333481547
0.5124699003249764,3.2238680391472516
0.5270644800077632,3.0164579229965063
0.4590843590392426,3.743461982428123
0.46714796543003095,3.5078598723616423
0.4956030862721432,3.3189869166638717
0.4558659101710574,3.5929486572346403
0.49091149099747056,3.3547958050593443
0.5218461998697388,3.150295055694217
0.473917032176648,3.5431908182940752
0.4603792130810563,3.665590496651136
0.4881818616569973,3.3081739633578984
0.433772609241656,3.9118571534394286
0.46603604162213913,3.5799394192460845
0.46480713280823394,3.5981337395857156
0.5044363130917111,3.2490428051935045
0.49622924592324624,3.3294223777831013
0.48931276487277775,3.3407070095766427
0.454414957686583,3.73392043646273
0.4371897555240305,3.9565745131082415
0.46050772194903505,3.654541779374084
0.4876918232715293,3.3553840960359196
0.506677505248952,3.2590558889098515
0.45343059779168626,3.6902596147710502
0.49312170894415686,3.3224308958287447
0.5472930422826399,2.9490421444134887
0.5036323465241048,3.217021446081442
0.4931032890809949,3.363463655489507
0.40526334266129893,4.202185012270739
0.4394472718934014,3.8565685142800112
0.453140159409482,3.7480151089028455
0.5220377622630991,3.088669563195311
0.47183761439332467,3.520206163004881
0.46200994538375234,3.664006237670425
0.4765227446668069,3.4713435965223045
0.489822513207212,3.38562377462298
0.5053549857672652,3.219829768553397
0.46056907958360194,3.5881664193580027
0.4601137497923172,3.7253801848483334
0.47238458788285753,3.4941115917250625
0.47511472122276865,3.539734204414714
0.47009728388987665,3.4943098963965875
0.47254379132528324,3.584936348937221
0.46416394245563874,3.632419655310725
0.4761639627135841,3.4937443107786215
0.4475932450415572,3.7949230499074713
0.47070137196137884,3.508616606961826
0.45468361309131694,3.6762108872195793
0.49391378196286556,3.298239142243053
0.4836961646540594,3.428152029744964
0.4926622212380264,3.324247447086636
0.46853680790326147,3.6147101570603497
0.4707845750743815,3.5137739346737558
0.4848068952727125,3.4553386386020826
0.46270422466093675,3.674721467747683
0.4952559005530185,3.271579627890602
0.4439512651824742,3.7590194572144147
0.4431869257850091,3.9395671543766544
0.44665136438141656,3.7996028409507243
0.48508697819883834,3.442265123722496
0.4846826703106227,3.386854361786241
0.4278573399174752,4.108375098451057
0.5143195213644565,3.170270609501294
0.456774566756065,3.6548880279014395
0.5089481859475863,3.217289440108214
0.4271565246822199,4.032992881439794
0.4810602224556585,3.505091889274966
0.43862373645372993,3.9390002351025073
0.4450223105073647,3.8298785661846577
0.4580213616120917,3.8096889711498187
0.4945338284193777,3.304684097157996
0.47902261515903893,3.483897129421521
0.45689469130053306,3.688223813492658
0.4739673222990478,3.5744046778080065
0.45975273002821776,3.676308240237792
0.47458551768672025,3.505499775600323
0.49042180319283957,3.353638204784882
0.4706235889801995,3.566317305348756
0.5164830339130317,3.183438979150992
0.4508076254242468,3.80508877304772
0.4637448244719493,3.6142822695800296
0.48739773693930694,3.4274143326634783
0.5149522873454937,3.1752390692272883
0.47591559153141033,3.464709586452532
0.49385127009427465,3.32832802650663
0.4310886875582014,3.922384455266684
0.47399545672557775,3.4575916736866312
0.4760661779304872,3.5611476494926433
0.435612856328804,4.01163196125159
0.49259854846164036,3.4228331276488513
0.5104263222485041,3.1965870058312054
0.46719628852810885,3.4965225436523566
0.4695744646485662,3.5999472911353076
0.5061529512521088,3.216609959033753
0.47966932353341074,3.481060971427281
0.4850994183888222,3.387443124587152
0.47320845011242035,3.4833896786945435
0.44465855988720826,3.7675937716467356
0.5091860302129879,3.1706096762894176
0.4207809063314511,4.074255820056465
0.47170082590212853,3.514867448965556
0.5055627706658192,3.23330261676438
0.5071708628380516,3.2807499575884966
0.4882183553316801,3.3380601755228887
0.49669082696763867,3.3098811979554186
0.4545005116057308,3.732616397457343
0.5055430915178752,3.225833089851704
0.4934138634088448,3.3028842251444814
0.4524863496000264,3.7591525785613
0.5247106622176669,3.1543876726276014
0.46227042317105965,3.675763260538251
0.50720143799893,3.2486564683678
0.558364407732155,2.869930861918407
0.4835794949897458,3.4741153031801018
0.4865273589243283,3.401230569791139
0.47687111503264323,3.5741483484901506
0.45940546418345607,3.686638566996814
0.4693254019027524,3.5808245975345656
0.4478875233145141,3.760326109709637
0.4748522078466946,3.4875371860718403
0.4722192010252089,3.556759915129317
0.49544636269892656,3.30231420603881
0.4796266983458528,3.453552921215514
0.46496403579328005,3.617689898951573
0.5103722416896737,3.1787097851460806
0.4830234239046079,3.432078866455068
0.5162495669986875,3.1594948932815248
0.4819600776315341,3.493142922531535
0.5081580121320111,3.216755134674369
0.4930642036683983,3.3079396621435446
0.4557536157530012,3.734518948142647
0.4588998228309706,3.5546298915266297
0.477301392150737,3.4994568265737485
0.4768744012375761,3.5485080721423556
0.4803504557732844,3.4672506493331006
0.474531257388566,3.4392381424559666
0.4936255547036116,3.3298483503202854
0.507645320697345,3.219037641382749
0.5309005905118536,2.991630632747588
0.46786946688414965,3.4879513913647195
0.45808315041680414,3.689351651580596
0.42020602467389967,4.163460202739806
0.47462891986844097,3.451230568579294
0.4336672591414366,3.920611059413631
0.481689923939542,3.3699243242139976
0.48433641701120167,3.4041744243948866
0.4977635246971849,3.2243444839256505
0.4872245568900798,3.4127896247878136
0.4725556535535619,3.560126799875445
0.45979731612772223,3.6859279557409064
0.504996788507837,3.2545354997198266
0.4476064336861304,3.8532492870331922
0.486166981591108,3.3675768073494137
0.5016870126755961,3.2067512206968996
0.4733578922261488,3.526638335990393
0.4414854377865562,3.844888859323419
0.48442894598508507,3.4112258640681374
0.48423839757087267,3.40814498446293
0.4501133679955556,3.875840428137894
0.4567363652213068,3.740604929272763
0.5028969581606921,3.2682160040884884
0.45493446946459515,3.701039056768338
0.5361270307347985,3.0210204397751754
0.48047591501356196,3.4704010350078898
0.4854054340381957,3.434507837059376
0.4650216000260182,3.6664841848453404
0.4702290475520978,3.572671439268443
0.4901260570862561,3.3698736762344015
0.48403088523456894,3.4042694586420765
0.4098925822970524,4.166701719536606
0.43520514915463077,3.9027235356516017
0.49009975684510937,3.382944479284663
0.4759836826265407,3.5285670035860237
0.47495720667300856,3.5503548909601617
0.49099587050887544,3.3379219118322463
0.4197241135579777,4.1703825303905475
0.4881927975954705,3.4162183117743425
0.4681108146529098,3.629600627534246
0.5333432170418055,3.1141623255588913
0.501500340791242,3.2541860175035935
0.4650701606927468,3.6347170818227217
0.46742161027422946,3.602893871686838
0.4384201889239282,3.8683631743932008
0.504670097770386,3.19470343022505
0.4605972790777093,3.678149203830299
0.48698528773065214,3.3039834371567074
0.5230680482855613,3.221335081567753
0.43028732572409123,4.008586673197877
0.5118188710031093,3.165837024861505
0.4008440190410509,4.323827869620645
0.4844075279656249,3.4675542718421295
0.4531630898815356,3.8196174942266654
0.5298750688517591,3.0053622872855708
0.4767152467872733,3.52914476156591
0.4486833962492725,3.8201154501653383
0.44382786420453346,3.8329029856515233
0.4640228547839296,3.622112469235137
0.4486017483332781,3.8192429248214026
0.4487613272648725,3.810274311673186
0.4771051171609586,3.51886285167266
0.4553789263136441,3.7334734925912327
0.48696557379216143,3.386929870003245
0.4989894889115603,3.3359435034822527
0.4384504054544631,3.9169808285090495
0.463449064947768,3.6199451509184737
0.4612140086229061,3.655469873807743
0.48510459278619694,3.3906993245242547
0.4948019119904757,3.283034212471003
0.45022110115341235,3.718034780521225
0.4962006179057512,3.2430439415565777
0.5052366123434591,3.2495872408539817
0.48614061047342816,3.3922956550324566
0.5064195209812385,3.2413264663068464
0.45785109770909244,3.8057178060616974
0.44899249550880516,3.735131214751376
0.5150749695514507,3.152705941785182
0.5217470946606358,3.143633729162681
0.47292615812239114,3.5344268251530635
0.4361540426774473,4.006975918001309
0.5271870419902672,3.0573698566998715
0.4819782558102186,3.4577723307776838
0.4881101052851893,3.349648124376243
0.4346288456524295,3.8959221550681766
0.4904796967185132,3.3843496987939834
0.5230640738017714,3.107030643678265
0.5013625104120729,3.265933040699828
0.4507355663389261,3.784732807470248
0.4916273035229746,3.3734983554715416
0.5172847346873299,3.1784888353741403
0.4840782192906532,3.4383492048455357
0.44300688919253317,3.79816586405955
0.4742209519070408,3.534398944413096
0.46927058683127787,3.5399004437724693
0.48029037199809904,3.4593396103020866
0.44525212882855847,3.846825432734743
0.4736623604751353,3.5564050916494723
0.5244319300603648,3.01689147352142
0.4849060726993628,3.4975057201629367
0.46583345379103963,3.6349607178858325
0.47783920442627337,3.481996768029672
0.42565830412015127,3.9656095069628967
0.4834790717764197,3.4082012288644403
0.4839071980901523,3.4386249051942017
0.4383897937877217,3.8845328818825746
0.4696076899408359,3.601296726725997
0.47620917332037466,3.5248266803482746
0.45577881533236275,3.6532244723998852
0.51298042593882,3.158836586605531
0.5434803934872838,2.9610123387213325
0.4812036675747519,3.416610704093637
0.5042063760501394,3.2867225065693835
0.432445232870161,3.8847984117339154
0.5401144768837378,2.957325966268196
0.46196570619700966,3.6646327988397065
0.45735836934268737,3.6996950902735612
0.48884788940069795,3.3779310350389453
0.44879795956370105,3.7657155775793782
0.480087628155204,3.427838652059679
0.503673371043216,3.246668747806385
0.49577053903722307,3.273428003768863
0.47897980012805913,3.489565215819727
0.47803716344556046,3.4303129670675383
0.5142351616977765,3.127982699040619
0.4666879658528215,3.6784364276141512
0.5173177368618558,3.162413745013125
0.4935585509996246,3.2891759564643124
0.47941038602229263,3.530431014004971
0.4797595459473629,3.5676692753858466
0.47901977839707,3.4854464561098006
0.483735036267844,3.380806972614365
0.44249249854613415,3.9113911161619397
0.4584869465737602,3.6519290878211907
0.48010534771805036,3.4874210303872064
0.49844147322037763,3.2345288865207356
0.45922293867934494,3.733530104610364
0.47241358531767197,3.5405649075257735
0.5056490014418706,3.1875288060592033
0.4684784971519102,3.4934279209364245
0.49190863084678194,3.317509166142702
0.4463609749727137,3.84390530920481
0.4865112849104049,3.4166499126397847
0.48513202175719905,3.3860836229502014
0.4596168545958202,3.631100278682318
0.4251479793846998,4.118971676474078
0.4788528256792106,3.5309130927149095
0.481257299422513,3.464961077753971
0.4294888595738435,3.935585336965262
0.45765918013672185,3.698188353974501
0.48208228510861656,3.4685511815978067
0.48504460407135647,3.423323915112021
0.4748940998143589,3.4662886833254936
0.46147602891318523,3.6868951793960076
0.4857083116946095,3.4407078273824263
0.4931202943295168,3.380093505779434
0.45471289258454484,3.7762397639024203
0.4980359967815056,3.3738867380547735
0.49602506574163097,3.396791404119719
0.4590886364291449,3.6811316209698135
0.47370993375356,3.4838552407169403
0.5383247696660858,2.9697925007217636
0.4948770905584256,3.3271681405972253
0.46355696319728357,3.6232088476550883
0.47352209543271534,3.603352955395079
0.47367419749527184,3.510163935135793
0.4823264861794172,3.3962444141500097
0.45053094570611596,3.772574272273286
0.4559979971555817,3.712013081476287
0.4748778514517512,3.4788085735568397
0.5116118046993869,3.1289544868209465
0.48029463117973387,3.5310215098327764
0.500030879640617,3.296314641600786
0.4530457570716567,3.7274771538632123
0.4864901151084516,3.412812187523588
0.5265123881007796,3.1398604476766656
0.47579554091859594,3.4419368840362274
0.4977715427780573,3.333470270499226
0.49066203425746274,3.352097060953064
0.5290302222833438,3.079859104897742
0.4479469233902159,3.7809561836734105
0.47430012891239676,3.5234653265070066
0.4789034041811422,3.5033205209173994
0.48639980104009584,3.398799928248243
0.4840364170895277,3.4426862181867954
0.5492117635452,2.7689755926898707
0.47397139980743197,3.5942160479259013
0.4405060327331203,3.833204502783582
0.47893333720027786,3.4683410728373465
0.5064759483304084,3.2471140156370972
0.47950783928245144,3.4627941627947787
0.4887372236931553,3.3724361095029005
0.4980654650249138,3.367749588197758
0.48127508250711964,3.46553983899859
0.4504087169093323,3.822591992718088
0.48681494044084445,3.345850283217026
0.45810761121648347,3.6127256063344406
0.4838255184947239,3.4250184829987163
0.4742259658667618,3.437691115919878
0.504818494410916,3.2599328652450668
0.4302013480498361,3.987156109764051
0.5305619057351971,3.0193050037857025
0.484799632710895,3.399204795970507
0.46684278574000077,3.586222974924692
0.4126944180159377,4.18524907156966
0.46210673672355357,3.653759896476251
0.4652046259177025,3.6421551567052584
0.4595068245607904,3.619429038387085
0.495617091190303,3.2553781616685145
0.4946707130909602,3.322541732676006
0.43458293255491753,3.907529486478868
0.49493164653076493,3.299272599419557
0.525182882255917,3.1643341403990535
0.4612394974734242,3.651133704513584
0.49447535262239506,3.3436003715990656
0.47035283663725935,3.59045140132457
0.48291757754486636,3.445054738106146
0.47911741389843937,3.4341073173826184
0.5112531255736816,3.1831458756768116
0.48859060835443696,3.3457089972315517
0.471639252430422,3.575834309740923
0.4603578471438229,3.6240748398848073
0.47340637337322905,3.5350694984467204
0.4502072511176588,3.746811158706507
0.5161802936498613,3.1982944185092497
0.49888834472439303,3.268810655693365
0.5087213473855736,3.2277371583419145
0.4857595907488641,3.3480656036909107
0.4575266889543926,3.7765367906281186
0.5230476662176229,3.170072516800387
0.4640910094141948,3.6513107966115372
0.4751626002696958,3.472924791045046
0.4847555736237145,3.4209841051683307
0.49862736553883713,3.323493228845734
0.4780032184523093,3.488094325633507
0.5127100669017484,3.152282920008049
0.49195920911317814,3.381269517568877
0.44765413031104073,3.7406063023814586
0.5007881276474555,3.231771599089155
0.5118646137984904,3.1856104608139
0.48559217500179547,3.3680885348270264
0.5214225463966153,3.15159106436284
0.4979155600457542,3.2581583434941193
0.45941562486218906,3.608948912557205
0.4731291329871181,3.5123021733300837
0.48050048451568833,3.4347588753670246
0.49787799769230423,3.344891028343253
0.45024387891462975,3.7703735914053174
0.5087557799258424,3.2551516691633027
0.47765012524669404,3.4578447676237563
0.4933745698594654,3.273677629126581
0.45967810340116383,3.7051483937583445
0.4838306429451589,3.4632205809803143
0.4892359580635505,3.295008589193011
0.46952080247517314,3.61140661291885
0.4578818813342068,3.6822290794380126
0.48459336300519473,3.434836778556796
0.4458165203321312,3.8181652606414884
0.4565898125507054,3.7194364595318836
0.4263139237121034,3.958868948193266
0.5601769016316556,2.913903579858719
0.509369925923248,3.2052093343261996
0.4758236474921238,3.46385891367494
0.4607723866179572,3.6780633049803977
0.48217224221807065,3.5119124336131935
0.47505876334594327,3.4758386222382844
0.49253150338829216,3.408701377723648
0.4801168135930512,3.4676534388453613
0.4602725442414487,3.6751896850602206
0.5105936654253,3.127160367482176
0.46723345423263796,3.6241841440797526
0.44796259034612074,3.8823463772877873
0.45594078762583135,3.7643089933381573
0.48291394229670925,3.4821487721386117
0.5022168358121926,3.2061400076252453
0.48694084025451306,3.423718249369789
0.48183186908140274,3.4785439798969984
0.5490377618370638,2.900862852213211
0.47153659013878074,3.5783593039719137
0.41225572982124037,4.118345799200624
0.4594768016358078,3.581777120559396
0.4856250514804237,3.4236275386361252
0.45822726940365305,3.7133050288160576
0.46843387453187507,3.605031860007638
0.4777934375064123,3.4950398005320285
0.4689818273352282,3.6120364510170706
0.49917399120337974,3.22454724183854
0.4748670909404371,3.5118013457157664
0.46289519894938647,3.708546290943433
0.47688045533580403,3.482165483310938
0.4767392516564899,3.5257772762586352
0.4765674258072177,3.514977083880331
0.4535203527354616,3.7482837903400372
0.4985158791130322,3.299418117369578
0.48943890324076766,3.3520142719493204
0.4668553611836723,3.6311673593922724
0.45370106486166684,3.7110857601320872
0.5283630660108676,3.01789542322831
0.5027432019335214,3.2078347345344147
0.47346302582146355,3.5386651404787024
0.46672624881029534,3.4880812633153733
0.4830146504432374,3.4382765225790313
0.47610510038747456,3.5312480483220865
0.4204098034596302,4.059483971035457
0.47317518454772073,3.526798602597661
0.4459326155762974,3.7586924193466835
0.4594248198393464,3.6600346701926743
0.47297051258768324,3.557430636847413
0.4658370015761071,3.5440771279742798
0.5286079049283521,3.119788099729821
0.4738921320300063,3.567997757373149
0.49367576651466555,3.3208770283080358
0.5004337566679125,3.201583640115106
0.45741042661081766,3.684075102298308
0.47042316437032405,3.4685657285916904
0.4627486515755097,3.599635075426119
0.44943806603673697,3.7464926386918678
0.45669922143599684,3.70376772938914
0.440391124308579,3.7960122726607493
0.4927022565804742,3.3355918027104776
0.4563289276696223,3.7764143932473155
0.41978498825805965,4.101434414662937
0.5101995353978124,3.2849898960152273
0.4446316148451583,3.7950662334310414
0.44930071130453964,3.775293151217955
0.4704940910194928,3.6407992542426384
0.44526199583445225,3.821285855725895
0.45474689168403626,3.7225845555504584
0.4583725644537152,3.6601004814135614
0.47612249668361273,3.5164387275497577
0.4623927913371177,3.602669525953088
0.4902932519466576,3.3366764096707096
0.49056860036879496,3.399475177295402
0.5039237272343471,3.230541480601452
0.49637194955054864,3.2927168134217757
0.5001370314717877,3.2702893491876996
0.43786429854690617,3.9087367945023623
0.5095532469257358,3.264879382101975
0.4620914666908153,3.6715758836567485
0.48681775318966786,3.394841159871669
0.4421130244060552,3.8727069980674136
0.4629623852078435,3.6283704919097617
0.48138994111381955,3.510746189383872
0.48709962641683685,3.3747497658804626
0.48149416698306335,3.4727048351069447
0.46760145281641696,3.6110623721849406
0.47671880589941423,3.502335344610875
0.4745097884798787,3.538704006733033
0.48215318024445375,3.392390955222935
0.46699531538563943,3.599097431282416
0.47586238777931206,3.4384572701055247
0.4696754406274144,3.529001172177943
0.4983314398584802,3.2080570235887396
0.47878157748285755,3.466093301561737
0.44454868921650637,3.8533726690327716
0.47798049481217597,3.525057702117764
0.4520030335203944,3.740943667555854
0.4732371205098995,3.58375547485955
0.5113902607831287,3.2638473212866304
0.4952429090345514,3.3051377582579002
0.53956100236248,2.9928804903323405
0.46674304769354313,3.605150547494321
0.4587335019361717,3.6393037965917374
0.4970673581900189,3.3359693744501357
0.479340918071563,3.4449977881631515
0.4877556509378542,3.436233917053677
0.5035798859052911,3.276295606618259
0.49906185593055363,3.3247444397728705
0.4514504784693647,3.766504860161586
0.4932930290138403,3.3508307643337694
0.49868744255298947,3.4227266660751825
0.5181543314103918,3.1869603859594946
0.49301170867834765,3.3269275067286683
0.46801135117234693,3.5644974496486563
0.49087483013276945,3.3704492409780182
0.4147522934662704,4.1557585162917885
0.4155964387656288,4.175042473096191
0.4309732615728983,4.000883921427681
0.4966973610369357,3.311821574080604
0.43675395411800855,3.8903988060246286
0.46053681013596304,3.616692071487391
0.4861059801596335,3.443940748527793
0.46390392092128335,3.6106274354509984
0.4552208982520174,3.699118280639695
0.49545906601241113,3.3330674748952833
0.5082697600271722,3.260395498399106
0.4564552109790807,3.6680285406610613
0.42162618487216535,4.132847152213765
0.4724284630951514,3.5676118921922337
0.5042920420142043,3.19003984834616
0.4670597800438278,3.658533558391252
0.5026063780713164,3.3061666095360702
0.4693963511850592,3.49757089593156
0.5137841836463393,3.2071838180283927
0.4690242474898567,3.604977004475311
0.4517770767562851,3.7314034334829276
0.4530852355104029,3.6847729107990133
0.4531993901737068,3.67553011074886
0.4640194434644942,3.713083324726466
0.5130719332587559,3.1630976791694647
0.4708690488259268,3.516414442262705
0.49483813750944705,3.369696043027778
0.45500091561039174,3.6910360967732143
0.458818116693238,3.6920935268370325
0.44544794851572833,3.773033956661757
0.4495975770116216,3.6936219073852277
0.49267434288903694,3.309723959403983
0.5004490297704511,3.2580739645672088
0.5110286550079144,3.239554899810273
0.4992095959732223,3.2949678860652156
0.4440154339837561,3.8197101525000554
0.44584926936943653,3.8018460615753997
0.4643906629728696,3.517689572077493
0.468663501909381,3.6066537374570604
0.48959665459893775,3.4277783531475636
0.4667007777560426,3.5964860182850376
0.4585375069320001,3.6849031033644875
0.4857752292926734,3.473417884801383
0.49007992995957356,3.3096631615300343
0.48851130407493176,3.353406331828254
0.533020829170576,3.027648623867082
0.48350725114937965,3.4045819123079877
0.4401249602663424,3.854835777409698
0.5069805273411578,3.185412346443403
0.513734394749163,3.174066838272508
0.475263393250677,3.4930459694276825
0.45116570660331656,3.70896375240327
0.5415595690074293,2.9852249093748746
0.4898469154817129,3.343585335765317
0.497916054964585,3.2735010273217213
0.4355848777065121,4.02904735163064
0.4631145926633732,3.6529227476788724
0.47676530122728017,3.4655587961411856
0.48352892540744324,3.4968877478101335
0.460312660986022,3.594007174189503
0.5193722355872893,3.08076424826257
0.4713904398932737,3.6012669121126386
0.43303478111022975,3.980054768114686
0.49688974928116886,3.2928235298008497
0.49589451760004805,3.31159265433152
0.4559793215056172,3.731589161906873
0.462850683107524,3.6062833923239253
0.4900570273878089,3.3396892315086113
0.5042319190340114,3.2425348534724527
0.51735007827209,3.1561906749075526
0.45315422791173704,3.723991790066115
0.48937386547034234,3.368717333214518
0.4658857045215127,3.5641677517321213
0.47574445662116216,3.499893052861756
0.49401469253817165,3.3418050778569466
0.46190276143215125,3.665392055280011
0.49720589850077124,3.2946589008998046
0.49158900244415393,3.3454585636271887
0.4691804434350846,3.57008164792952
0.501994154619487,3.2581989586096127
0.5070410717313533,3.230742527665217
0.45820796041889716,3.7495428488669
0.5101274651589318,3.229992175284663
0.4657318917534739,3.592238931720819
0.463015207806184,3.5673729746258154
0.45813087371320904,3.682525313498503
0.5223219187883763,3.077677086311311
0.5008756562383744,3.3476783576138
0.47883323918608073,3.508160897561305
0.45621077742554395,3.71396106920435
0.4562700041982073,3.6800174457431925
0.47480822358111796,3.5298412767498886
0.4481211854085535,3.9118471798775474
0.48997834756450404,3.3967042029324017
0.49596829049601376,3.2747016790932975
0.5367528205910513,3.035577548967565
0.484570929191086,3.3905357040754724
0.4304431724519295,4.059153366896627
0.4791445300491003,3.4577846027726964
0.5108105472531238,3.2179544389525625
0.4677304970892462,3.5606141870581687
0.4976887305385194,3.232241556157122
0.48827335861879617,3.310825903300796
0.48159177647103185,3.490425183759317
0.4475572830183847,3.8377294728557576
0.4643601123400276,3.6450520586398136
0.43761856714038955,3.8896918382097407
0.49900890005949156,3.279570812549029
0.4858378567376543,3.3840000196393922
0.5263637048355967,3.077824055781429
0.4948378961339479,3.3470822762126873
0.4656580023632322,3.659227573888859
0.5052556312699712,3.1556827426907557
0.4811841823654106,3.385430863578155
0.4521609148669283,3.769001616344445
0.5208615626310705,3.136825168262241
0.5257133209004776,3.0899991574798364
0.44272926616508435,3.7866044232749845
0.49681374391279454,3.3271879770000123
0.47063603932751163,3.478042103717769
0.4589932745122705,3.599127822042057
0.4887393070406784,3.3531969194736995
0.46870011325657907,3.6672758559471137
0.5253675397638773,3.063460866597729
0.5596094700778312,2.8577825217446833
0.4430638886898408,3.798559328629804
0.5423147048071075,3.025251447883737
0.5034889760755741,3.2614706285718715
0.4635262896659337,3.618873052329107
0.48233558551062566,3.4177591193080112
0.4874843491392824,3.452225385540414
0.4692029344698593,3.5396224854938905
0.44162582381091614,3.796587195430095
0.49327123288101427,3.2869591782700756
0.4633992043287152,3.6269014248912472
0.5154926909601281,3.2070737215485736
0.45149125694028913,3.7319925225543775
0.47055998726262,3.472081378361055
0.48381928611113345,3.5064189562082
0.43423944101149436,3.9584013568946235
0.518281262763068,3.2099701979737927
0.4861441450938709,3.4007407900399684
0.43541232581857997,4.026307497106233
0.48102311322940294,3.51116123572387
0.45786107550837213,3.6311726076738258
0.4353391333763985,3.903232356782641
0.4947278575929761,3.2344007121219165
0.4623944963926909,3.6188326131996273
0.5223923637172867,3.1195191013722656
0.479508468000877,3.4425029376265393
0.49374855544289953,3.3477097613002575
0.5169997094492571,3.196926351170329
0.439368943723643,3.850604793597729
0.47877459147461815,3.53798687660635
0.4683236297213502,3.545337066775698
0.47378838823745717,3.4589498541589383
0.44849168581254617,3.7781294366762594
0.45351469285315454,3.7678951284668933
0.47844667442468836,3.371341795129202
0.4856467385761482,3.3494828887124664
0.4822354508636053,3.4209443024967627
0.4924262974475093,3.3416497136895074
0.4566484829360997,3.7633604768658797
0.4749079020223325,3.5622042373616276
0.46580669275172554,3.6374855831668897
0.4261269868927028,3.9356845495750687
0.4804560397292179,3.4666130255676175
0.4572822455558827,3.6604333938412497
0.507195611149673,3.2361672490238464
0.43216317162442025,3.93112888280707
0.4862491698750749,3.3908504122176635
0.4493429406495442,3.7366708271743496
0.4474158086695885,3.805025653461668
0.4915496324527792,3.3269502486476688
0.46501201671823394,3.6246917123275044
0.48888125921427905,3.376265428519253
0.5013537941027577,3.2780758255408293
0.474883884833517,3.4626050060190265
0.45081164350512376,3.7899201371804114
0.48702412086440117,3.3640113889742125
0.4606333873634208,3.6541667042950086
0.5017663094962699,3.235879204062774
0.44543648730951535,3.8880985021097567
0.4763497607913698,3.487050904766974
0.47121138176283256,3.5165078080765477
0.48839325217761886,3.4011953434352433
0.5175341675767883,3.1757871096094465
0.5261794549185945,3.0616067106765246
0.44224395504969827,3.795210882232056
0.4812555950320161,3.4382243734841897
0.49747753670593764,3.2449823633536985
0.4442453101546531,3.783630658646826
0.5113009031328088,3.196702929264207
0.47008567682005814,3.5816056611758196
0.4561143365485756,3.730186064663003
0.4538694316099426,3.6748083167294596
0.49565763753038933,3.3352631227789353
0.4357919078438228,3.9207714933190343
0.4808723456463743,3.4366675503824413
0.4735330932668675,3.5080993111988685
0.4702518716145299,3.596792009140021
0.46886328446585557,3.5297489511457063
0.4405678516614254,3.9308182398695197
0.4806201778271816,3.4984225854908813
0.4699514546291567,3.512842138597621
0.46322103771456624,3.6204168612321994
0.44672737657126493,3.789934199667436
0.48149467948365726,3.4066098341806335
0.5038012417079398,3.2382058641722464
0.49427388601238875,3.3532540926986965
0.47062781645601537,3.5695422987197105
0.5007728375465448,3.262476982378837
0.4822557883270935,3.4980014732762488
0.47472642352807837,3.5153678073375936
0.460614934225599,3.6835326647374034
0.46813989649536836,3.567359383539909
0.48242221347537984,3.3509019226394354
0.4061571369816255,4.280934856564137
0.45697545665623435,3.69600563017167
0.4595004504575733,3.64000170941318
0.4689324088354747,3.583343140626215
0.49612841305436,3.3867560014467233
0.45863310271603813,3.70041219340915
0.5000257947784554,3.3287570351812295
0.49449509532704744,3.3257141481695065
0.5092642096444127,3.250521329922261
0.46684107573309025,3.6428089558070877
0.4640667261536998,3.6641168736284975
0.5117911798010603,3.121483011999366
0.4772231268045548,3.477565685176634
0.5022551137346493,3.233194878334018
0.5305950706658347,3.080514534023768
0.4835413053828728,3.3710214188149235
0.5610080859626034,2.9005206631617657
0.5164930777255771,3.159607136863264
0.4654138421390182,3.6133735264899047
0.48455917280217126,3.467432167663201
0.47539879651605155,3.5227916657169964
0.47179607314523114,3.5958593359013773
0.5320811383498247,2.999525978043705
0.5110394483780825,3.2594728040308856
0.45139795980948755,3.7505814539650966
0.5050050461937621,3.263279447358734
0.4325478523672224,3.920502528880998
0.5116737230710817,3.2067256699872795
0.42370226329904487,4.068451326489168
0.4754416159320352,3.531549522926087
0.46043091443300294,3.6489806158366687
0.4435554512588064,3.7940789804963733
0.49637378391975484,3.237923765315989
0.46503992463983546,3.5840276422660624
0.5045294518750854,3.2571956008551073
0.39122638768705065,4.494313634729464
0.4796666900783399,3.4651551271636354
0.46449484498476695,3.6360596100146436
0.48372204912339684,3.460349910866666
0.4367124451392197,3.8268569390964573
0.4922605424460434,3.4027549376652253
0.466589226563411,3.537249850364458
0.4691927067716574,3.533138853990673
0.4942516171623261,3.28558652519004
0.47488971358859394,3.4790231684421804
0.4284853261206778,3.9824331562204067
0.43119539206857577,4.0046570899371385
0.5024148694300485,3.248500673012135
0.4604238643672143,3.6785058648128848
0.47636543473864723,3.498794551639386
0.4957978104645567,3.316023539961914
0.459739634504761,3.6587282252649875
0.48886509752666063,3.3507595530584857
0.43596264451112,3.9745288485326222
0.501105558187702,3.2854799658045226
0.5291875856168249,3.0840702416634036
0.5104508597454118,3.2453190835633685
0.5445636015827224,2.881951833655025
0.4892472405983002,3.447320669521434
0.4841309411120491,3.34755625080647
0.47661838659913425,3.449381558408713
0.480968398946939,3.3717910803473505
0.4958473911312018,3.2022500389583346
0.45357429808714295,3.6478619867663085
0.5230660662438984,3.0910895478833518
0.5113262054640721,3.1556744145096127
0.48945826213047594,3.4017251252613656
0.4801835874393978,3.5115303435248495
0.4612980734630615,3.6450292761599425
0.4537739100488339,3.7749645770160885
0.4468018713353204,3.825931796401063
0.4946780230661297,3.3339921690046146
0.466031149600201,3.6729580873666317
0.45598702300800514,3.707903267913151
0.4897120550947349,3.3261220988073834
0.47880442975557436,3.4660680017001644
0.4701635870777056,3.5248408382924517
0.48555954819959773,3.3820978346643917
0.4973172160220186,3.25625382334034
0.48666500773860755,3.4293046750807967
0.4479697076684478,3.8009631483295423
0.4941220577924794,3.31472265350297
0.4752542738601421,3.456964031575972
0.4660104309489186,3.6077931194181367
0.49756475692456703,3.3345355839715833
0.5177941703789677,3.185016010189724
0.48215977096407425,3.514482945808251
0.5017027069257166,3.302209370234199
0.45143383465448855,3.7151013760574796
0.48045140553580246,3.4832030840048978
0.43369256635901876,3.9921386632075686
0.5000977254844108,3.2554220395942473
0.4428417374249195,3.863134445227987
0.47160700005815825,3.4831867115787745
0.4774231414552714,3.4419646063895426
0.5019298832311865,3.2543417572100943
0.4750310058034506,3.56075516485927
0.46719889369656675,3.621767223433941
0.47844562514334066,3.460965576104674
0.4784340145269781,3.441598290877076
0.47093048883974054,3.5343140763364755
0.5014823063467336,3.3944985733930344
0.4703469385268318,3.542070714043896
0.4650721809596918,3.6579922172113246
0.41827185817183543,4.123130473446528
0.47511030406849686,3.526398331125074
0.45286795821359094,3.6992135559180177
0.5010039051026904,3.2632442975603024
0.46892398961987136,3.650631562379226
0.47671368234920064,3.4319523054803582
0.4631643781300583,3.6060855499230224
0.4799739284638822,3.4302994584058433
0.420573687318879,4.0979495018539875
0.5150525198909245,3.1498997960245747
0.4761873979392673,3.4404272564229044
0.4739817056205374,3.426680516611965
0.5014497398792124,3.4192195511300496
0.4363219273782643,3.945810356380945
0.47242196069135495,3.4839343643294507
0.49220670570473857,3.332659456812597
0.5204794964845076,3.1475118523190644
0.472221451784221,3.521013127674423
0.44911022267203055,3.756976045520494
0.49813559955583964,3.40247642105016
0.5200924467418585,3.104968106773552
0.4675960942802864,3.58540768459504
0.5103394871727895,3.1807284681335477
0.4882360152500135,3.390782667856726
0.492397673301837,3.353689076236033
0.4567592518755152,3.6762718319428496
0.5351691698987512,2.9526948346538506
0.5119429886590554,3.192035291561251
0.46119450795142536,3.727625172548994
0.49773632042803184,3.2741555601004406
0.4857822945462887,3.384636016741272
0.4962241268557841,3.334413710719262
0.4691944628345228,3.507737987884892
0.433937858051054,3.95436147130391
0.4919540309292882,3.333254104260498
0.4299017540001105,3.972848982637531
0.4309449695049117,3.962266743354147
0.45584736183695435,3.6515220816028204
0.49534439208503905,3.3419580192695646
0.49520728672343056,3.331405016955782
0.4597275721442912,3.6583224140070247
0.4708422604765756,3.54729599800683
0.44931965144653235,3.7369352196329007
0.47122155981090413,3.6104261996843103
0.4687434851807526,3.563769505472019
0.4721430297887915,3.460281315392372
0.4812895950677961,3.4142708233973913
0.46627880970493574,3.6278847437437447
0.4721972857005483,3.50779319444239
0.4847474100980011,3.42010655222306
0.5146541421103044,3.1614467890319786
0.4837633062406064,3.392157009492452
0.485787911081349,3.3730225974878256
0.47000885017851546,3.541437085487305
0.4948206279419474,3.2940286920997854
0.46981217454589236,3.5621149257062625
0.47594505145202426,3.4831809094427557
0.47296039021578257,3.5411411176218754
0.4548252254301974,3.7513583830757837
0.501350841336074,3.3427822146787918
0.45347078195242985,3.743365845413219
0.44772394794679504,3.7339137094321373
0.4830317034776541,3.4682757170257266
0.47957220772849546,3.4996812575379908
0.49410262695113416,3.3419370910880937
0.47286925816235637,3.535314176092351
0.48017927002774563,3.433633583827941
0.4821492830704586,3.3677081363554473
0.4617481733522111,3.56399338344959
0.47599477637925963,3.4912051598076923
0.4824893271107597,3.4151096248825406
0.4750331019534677,3.5386585847745624
0.45782755581391477,3.713583511038928
0.4708841855893131,3.575198736406843
0.4600733455067485,3.654927414016133
0.463316053539259,3.5657389341182024
0.4761696871129455,3.5747318724658097
0.4895503742168394,3.4161176546024326
0.4235538153920682,4.0330448401092145
0.5264069239994662,3.0488822284273507
0.4522706835443018,3.7663386732593285
0.48885242568263637,3.392948992614801
0.47351200211672645,3.502936358455166
0.44019114501404677,4.033315226755518
0.49736367147564625,3.344619338118527
0.4363992560632797,3.8762858125152593
0.4751787883797132,3.5314314519716175
0.4811040118676567,3.4565027602439553
0.4903870474754196,3.4106696725740693
0.47545793867885805,3.4814758105665153
0.48666260305514425,3.4056583701100664
0.5043912045349437,3.2598327978179924
0.5042981126226315,3.244219869509681
0.473730176215041,3.514384418361918
0.4596105832933875,3.7523002211598393
0.42553807603287247,4.137717440915095
0.5164259247391523,3.115522815551895
0.517473259009111,3.120436650063705
0.4422765913202068,3.7576498911469614
0.4749771032377701,3.479505304454286
0.4801703500967148,3.4686149717075017
0.4413342093855744,3.786937240102154
0.44374890927481303,3.838028907938877
0.4582462201498513,3.6915282790467674
0.4305008910107977,4.013404653643461
0.4608857238675901,3.7217594078718714
0.4804067183709781,3.45553417683362
0.46697393459277686,3.6134346489495406
0.46809066050565756,3.59271359318435
0.45863726276181294,3.7269046623845767
0.4554703826413744,3.7220858422996104
0.5263053479578662,3.0449056102037537
0.46203571209767436,3.639622308242136
0.5089114610699288,3.1964837403546413
0.5026285857810984,3.3197846154151582
0.4818165548686665,3.4162239803360728
0.5042080972219771,3.221217925684726
0.45172527606438223,3.789406579889601
0.45530415488118997,3.6733755488933353
0.5261747117212248,3.121588826609582
0.5025425941672914,3.205530147849528
0.4833256696279631,3.4635550219124043
0.46597031004868966,3.633721474793681
0.4694330021051969,3.546929547811963
0.48381918718490646,3.4400815124099484
0.5206895410458324,3.101274967022003
0.5041354751892664,3.30054151637218
0.4378495996449489,3.9117552538252127
0.4731817150568883,3.4999875741827453
0.49107774975507673,3.2199963629616666
0.5065010840246795,3.1787339755699175
0.5550367752839747,2.8469145480467173
0.45975423669870796,3.6714900389338605
0.5181969608699115,3.194316462849069
0.5698195280835707,2.75570785283457
0.4795781124425875,3.464057198062222
0.4698696714867813,3.579123722318308
0.48087645135816565,3.4574498892794074
0.4855589331769894,3.424597511482586
0.5395777940444886,3.0098598097802833
0.5193421150611608,3.158495240567818
0.46716132666240506,3.6304686924935483
0.4346444497785357,3.9013974361521386
0.43813484099302435,3.848312775230083
0.4970177641380982,3.3357269766851583
0.4576449509275821,3.6626012822494065
0.46240395526767575,3.6231365219882146
0.4482603845654247,3.783673336552281
0.468351923396868,3.5717841218750497
0.4847697906932944,3.3777013178703
0.46095723389706467,3.6152596386446416
0.4405450512994416,3.929786101241183
0.5264458493864788,3.054360055601192
0.4805017046529341,3.5122177002348667
0.4518540055448712,3.6860462879805738
0.4695308335616485,3.6305540948552166
0.49241393960865854,3.374097314379181
0.4809297198037013,3.4460246197767077
0.4557531551985227,3.6856736911852694
0.4507890701572311,3.773223356941371
0.4473034421722127,3.806975457971232
0.47685047886779275,3.4484284792867563
0.5233895654428662,3.0900956879606243
0.4641288557143645,3.611741899184211
0.4606675711169213,3.6537290917980343
0.4648110564855184,3.628755588268964
0.4461335611449654,3.7570146835032543
0.5036350943159964,3.2963489988491874
0.48851117453311427,3.3479821151170914
0.5079238389697152,3.217187766369159
0.4734363565643299,3.562632958089785
0.4654730174760737,3.6774841142041184
0.4583529190613503,3.6755579458974283
0.4896112969130236,3.3476445723592945
0.4745785035000829,3.509475084088746
0.47620711200008603,3.4358660741817424
0.5070496468326757,3.276634638806021
0.4691062710752649,3.584016175219066
0.5307700175376531,3.0525183162970064
0.5028874110479074,3.286155833104094
0.5110673002158936,3.1469565442930842
0.4719996692402235,3.6246580605055136
0.4882642541724915,3.4123832741572238
0.4794281938138016,3.4494817215980547
0.5179204629458072,3.1278271939111866
0.4798900242084879,3.400126843966689
0.4974342636016417,3.281561038848069
0.5068182427810515,3.2263251990974684
0.4505577082074601,3.7317869767234524
0.4639806114214468,3.5699048112962757
0.5169752582904474,3.201820820300356
0.4775878434026042,3.47690163313586
0.47146253654392667,3.5536821203616364
0.4925825284282673,3.351111461150982
0.47492373207977145,3.6070999100904597
0.4683020516090227,3.5808672131363846
0.4896207292481256,3.391176002972823
0.4877652758881721,3.3502149494904563
0.5005576023711571,3.268660670954004
0.436708015362905,3.9031767847756123
0.4575620560605414,3.747894443946814
0.46622257641559406,3.636269573494411
0.48626346973786383,3.39614797954652
0.42604870949343565,4.093353159450369
0.4658741396834331,3.609612999667644
0.4363364456272597,3.8433344624834214
0.5059987433604388,3.282436555235476
0.46487723707696416,3.5975616843400444
0.4682100363919964,3.599910561750865
0.47171246679301837,3.5459987428355095
0.48783323185161587,3.320777455769047
0.44566239329328444,3.8407170875817873
0.48896731859391096,3.377885112228405
0.48081366750039667,3.4105935223410784
0.48546169758173385,3.440061533718178
0.48354149325977724,3.418589322611448
0.49743276973116196,3.3247109113356665
0.5188572708404606,3.1374294091406965
0.4489553935911533,3.727681310741786
0.4708343732574567,3.501506339634843
0.47899398312788183,3.5047613152058803
0.42330956825596533,3.9807662430482336
0.4679128204702475,3.569111065480494
0.45537419288646763,3.7234445568296004
0.48790429102495353,3.4480875015718837
0.49700802933273325,3.305282464148246
0.514121375404126,3.140797464201521
0.43447684916740753,3.951667066400861
0.45089703599065706,3.753403599987933
0.4455223479108857,3.8352393444752533
0.5092093838741591,3.2131704334691413
0.47382368411306064,3.500123583898015
0.482210140977691,3.3670491549804202
0.46460208979936146,3.650259438580754
0.5089089410958563,3.2302445690195727
0.47789933764632325,3.497200873754328
0.4931997379271299,3.3536498661722147
0.43674585008137323,3.895215254628525
0.4849083915489851,3.441394752171011
0.4743562565678388,3.536961022447874
0.5178406226135241,3.12272249471257
0.45709205860373375,3.740414259960768
0.47895285825855716,3.419009852631912
0.4646898571318834,3.565216061204779
0.49787897737966447,3.270164069251353
0.5022405154806696,3.26360900299457
0.4785486498264945,3.4521194432822173
0.48245896269793476,3.4163689253899867
0.47153099920016167,3.59831215179089
0.46123542981554244,3.629208735362134
0.4855860939305681,3.4305311450579774
0.4754575581672775,3.4815233491776647
0.4941147937697623,3.339185125060342
0.5198812774150765,3.1208694058258137
0.47795965332358625,3.483688841036497
0.5213290717118115,3.0886661865830773
0.46030174216035147,3.679617554675985
0.44723580325890633,3.813750515151365
0.5180984129490399,3.0872829697632245
0.4409573653359699,3.8452903796867934
0.49378751855439534,3.4294350373225493
0.4373585174640397,3.8121098091254546
0.47854242174739237,3.4642156298843974
0.49100932299391253,3.3355517615399575
0.5114018395361739,3.1844358617064725
0.4966380120764641,3.3254202011407195
0.48813979285213377,3.4397547679499296
0.47782639090045426,3.3858512602790047
0.4641818069208974,3.7169725145581047
0.46207825333987335,3.687674534821072
0.4517300849538873,3.752576078411868
0.5076365552378617,3.233139653809617
0.48972359523933257,3.3565597929949336
0.47227153350277007,3.482461935872469
0.4769010240865063,3.431651121426818
0.48038073599384873,3.517037440092979
0.48952156162980726,3.4556102562543454
0.5183097757653612,3.102661687733709
0.4878221326604409,3.3417136394942872
0.4763429597578195,3.4679347876012288
0.5093373538422179,3.1592693135825134
0.42999522489007264,3.928975781670083
0.48172628465945805,3.442861834110104
0.4596664972894063,3.624019045660126
0.4830389259632166,3.4033840964128284
0.4794996758260923,3.489557386001606
0.5215871601889588,3.1575742332129004
0.4689508486258611,3.559191450554442
0.49169833537626384,3.3861282376901944
0.46097191897169776,3.6967129247072523
0.4639970267788891,3.5500460006873418
0.47422470020288787,3.5102550751259574
0.44796699937539086,3.7272349671924045
0.4609297456471676,3.6669470469641516
0.4929366496447181,3.361170466261554
0.4711491166905726,3.506455435229906
0.5082495750971111,3.231931435150596
0.5208920837647739,3.144422832507633
0.5096586613136216,3.2021093024577367
0.4750584318465248,3.4276697901511737
0.48862427418830195,3.3680299215832243
0.47213776259773216,3.570259914375845
0.44263736156834727,3.9459552275630787
0.46424598640752723,3.651295497211616
0.5155202300684412,3.1362050876455214
0.49377851065262873,3.3522559548417825
0.48035163626049576,3.449626379528555
0.4525620415104142,3.6775585503626718
0.4290407671327092,4.008974307582934
0.42863569695916093,4.055725257014728
0.4823812223451265,3.4074808817694877
0.4411611204024839,3.917769503327301
0.4556540052383025,3.82300786669659
0.49627762694107624,3.3367959574825976
0.43061044875133325,3.993578054315525
0.49529100198448617,3.2721137666403997
0.4958062398419894,3.3244741336856385
0.5361236510613598,3.0248517043071046
0.4438210696518463,3.8497981791060267
0.4335620262692267,3.9486689104353103
0.4481009083835785,3.8650225089718284
0.469820694378219,3.554684028588704
0.4498318710315245,3.7609153541529374
0.48172350429016,3.4569321221819767
0.5005827713089088,3.147387814548127
0.4403228827333301,3.966165356514826
0.4887461751561213,3.393025806961537
0.5008206252075557,3.399959490849779
0.5010916919133103,3.3001824388412393
0.5187657285292702,3.147760884494453
0.4821266996762033,3.4767056798475426
0.47789959237802626,3.4830303451687255
0.47130054042536484,3.5177679816846283
0.48965217132472333,3.447632955934437
0.513463165113528,3.1770440061853673
0.5005778144924253,3.2791933432655678
0.4874970146219428,3.3897714810861728
0.5432847447767277,2.9955646951479653
0.4959356135249553,3.303724370142601
0.4319049400924363,3.9026328273420683
0.4888330744188207,3.4228985254440154
0.45281911921255524,3.7378808100004712
0.4869433851410702,3.4080701335807277
0.46579787178135196,3.612188624087079
0.48815026000516387,3.4031311869923955
0.4656400779786456,3.549453750746331
0.48368955770737754,3.3678508899629893
0.4997654999750889,3.30365848271475
0.5253272104049708,3.1022121392992803
0.45355158153536707,3.6145932037049597
0.45363202062407043,3.7261631207589505
0.5042806444713552,3.262313782198464
0.44643810741668144,3.888445192265939
0.4748842747149617,3.5209302102587414
0.48388248335637274,3.4337708926705575
0.47844584088328035,3.452953531430394
0.4398359939775316,3.8038257775610744
0.4868230308536854,3.386610161279357
0.440222052954156,3.9166327131213436
0.47046913896545045,3.5465230591743118
0.49060304555401935,3.3634194042375327
0.49389990111458626,3.2180491568526186
0.5096833200600361,3.1880385915236737
0.4385212267332355,3.859451113830408
0.4655901804624652,3.562196509498952
0.4508941986229165,3.840341107298495
0.48508467852491327,3.408989552134441
0.4874607102135278,3.4109492531404215
0.4519284762840211,3.6680809068857703
0.45946998280043294,3.647038220061697
0.502775904600103,3.2766332789641366
0.44836181465597647,3.8689226615930212
0.5154662261304341,3.16732556559601
0.4726947766926025,3.476785813605694
0.4919187862629409,3.381363942622449
0.5078619810579927,3.190474045192617
0.4673588425946022,3.5802396129409395
0.46545464903196276,3.5843941350337505
0.43249157672218413,4.023512276560392
0.5171821779346972,3.2047075608758626
0.5216350281872257,3.0573982825429566
0.44990199698929273,3.7311336978443492
0.4900477886731139,3.415894857768818
0.48923343423353777,3.34663747627484
0.5032237252382973,3.1598479288551182
0.49292976905446517,3.2857836298879444
0.5208039228680601,3.1911135579020513
0.4783384316470008,3.45836355284103
0.4917708565408091,3.263911163070499
0.41583917014970506,4.30166394690802
0.4909754072394358,3.331768179149697
0.4629808090847743,3.6785657510128327
0.4217723731633819,3.960700805857888
0.433630069746774,3.93904182201518
0.41842541870308014,4.0404305656132795
0.455963317066428,3.733638971828622
0.43795712680883403,3.8721956298966034
0.4849369814776641,3.4877596149149617
0.45675524898799036,3.630634734673111
0.5069122210182899,3.266102495037846
0.45557422077522447,3.7504688960684023
0.46625281306397665,3.5897016553091103
0.5076374859881563,3.2045919835508467
0.4729939540533763,3.5884710489706353
0.5095719667016592,3.2859433952555857
0.5102258720620002,3.20952403170642
0.5088117742557682,3.2688751501713376
0.46367252315066393,3.573501935115618
0.4320199299301391,3.994798330434852
0.4948525095572402,3.3572916860119144
0.5084139758343358,3.236629645153059
0.5193456494575618,3.1130097351585566
0.49550134491389075,3.2214527779262725
0.4514000366005417,3.7513955154466654
0.5057342619161811,3.237368879104568
0.5152639155329477,3.1980683409655213
0.4904287585483596,3.3818686597040366
0.45551442163015204,3.7357367399852905
0.504976491276675,3.2518039989675103
0.4892376838500461,3.382192620540172
0.48085523388764223,3.416582806575662
0.49708868588513244,3.3481158240219413
0.5341716810377175,3.0777076804733787
0.4792526730086397,3.3783264898427228
0.4768160738297608,3.5257593255861677
0.44427244219177253,3.8286687628050795
0.49655353443002725,3.204288750996448
0.46093642285591385,3.677947715579932
0.45756919771425625,3.699168198126365
0.487621632945732,3.3766246216849702
0.48030646458218945,3.4667875348226107
0.4697024621204803,3.5011768605736506
0.4845813090649006,3.406187763529873
0.5116723356397291,3.195011587271806
0.46657517868362786,3.573125496169536
0.4439702446037965,3.8111845742280335
0.4694992637753188,3.5718307540614544
0.5120795653986214,3.1098007368003446
0.5191550802829761,3.068610987605372
0.47446614205061977,3.5407659856778047
0.47021873304845574,3.5063803931605317
0.48014981606735857,3.441782193133506
0.4822444403152404,3.4280324061879996
0.5045519995911134,3.286715761655479
0.5028391485831805,3.3062829250561148
0.4657693196924093,3.706279313372951
0.4878463321247393,3.4463260166959895
0.4713014218172818,3.5162873834841117
0.49073759448845516,3.3427278563409946
0.44913273198959003,3.7881264478532066
0.46394902430418195,3.580019760749678
0.5381923931081667,3.016378585820173
0.5101033473663945,3.1723260676202587
0.477816810325592,3.49462955317998
0.5150609074972334,3.1254559332244174
0.4681499792078647,3.603811569037537
0.4764764053887369,3.4898582157371534
0.4746946187809403,3.4705253804702747
0.51244186943182,3.2390389022290536
0.5032669763374895,3.21362024465913
0.47928394913106626,3.413978183546039
0.4719767345626087,3.588242811916049
0.5041858852283685,3.265043857255791
0.4643660024011658,3.6472104141116986
0.48999997910392773,3.376112834615302
0.47647256430952895,3.4607896502271314
0.4892310799975515,3.3960197302913837
0.47736297822851537,3.4914478574817096
0.45738866939459655,3.750062141979474
0.5029882259500589,3.278878746709782
0.45362443179980555,3.6647165691346366
0.46103575555573184,3.6980286691169826
0.4707408480994768,3.5660079646492058
0.46715516507427857,3.5494683191349803
0.5109212524866096,3.182641632190726
0.45942395809896425,3.585360072245734
0.46588207969433604,3.5910999712753506
0.5008904819390383,3.3113842849042445
0.47294548870391706,3.4947447257987703
0.5031731228760798,3.3082095258357485
0.4531771123259992,3.681346118385609
0.4536886739645538,3.74811557256177
0.47079733869866086,3.4986510379398936
0.43438123162836234,3.844310190773001
0.488458622506285,3.3617292743652687
0.46378162361020264,3.647272867090506
0.4396396065424758,3.9353780693968408
0.48933732815738495,3.4217940816000048
0.42916363688837855,3.9692296805249914
0.5465418607772257,2.9193111693832887
0.5074787316416359,3.277444429254696
0.481804544373727,3.4376649617685215
0.4381726808422226,3.842298093606258
0.4532722890012688,3.731434055542503
0.4742760786658888,3.449615533480391
0.5013738346602168,3.1704394400389275
0.4594253217327825,3.609643014537801
0.4720351446813,3.464509145455495
0.4462722164836083,3.789402399798677
0.5544578890500718,2.8942358662419805
0.5321172071848637,2.9713399168152987
0.48523148767127733,3.430466417553232
0.48214597789146096,3.492908211604839
0.4489518364129603,3.8022049240661655
0.45544039935590386,3.6430320861778127
0.48730305962552084,3.380358523564222
0.4844612278613617,3.377975353070997
0.49821208636035674,3.3115764715547735
0.5174354000590877,3.1327078083696205
0.44136808722861937,3.7712708744182253
0.4590512294402549,3.7078996221099465
0.5001833908672488,3.242766012643604
0.4824369898960179,3.398115696360668
0.5045171033760087,3.2994522726131468
0.49322938862710336,3.3457807337024605
0.47007138335405946,3.5218452809206005
0.48185125645271554,3.4052579381650063
0.4837314160620489,3.352178536112247
0.5153103739163616,3.1609813931226527
0.4811321328977728,3.4904186186028454
0.46728057358973774,3.606888547702482
0.48298900260668,3.3539369440120494
0.46915873482055703,3.5953999332315845
0.4944478504681686,3.3530612887243794
0.5065075697938283,3.1830333514497373
0.4390717874208681,3.8916336826026834
0.5074227254876915,3.2146677263071886
0.47908586174165646,3.516027240769251
0.4341226416061381,3.9493270620841248
0.49855326178477155,3.268803823518744
0.46757619023908237,3.5269336319992943
0.4367696043682867,3.8613728827019225
0.47303460247500295,3.490815491440351
0.4741350204308365,3.48004163382014
0.48926128667307633,3.3455067663437963
0.47234148267590065,3.5867936999732115
0.46668619871790396,3.613374186294143
0.46229031743709037,3.6704247787835813
0.41936223329429273,4.158772514267236
0.48713483682784375,3.3923100681081775
0.45331178641398395,3.8109272515371346
0.47104295289856846,3.5888972241087234
0.48017365448809235,3.5199268890125217
0.46942610030902726,3.5547098617239756
0.46218110373170684,3.6498179966612136
0.49508964515252774,3.389906310777691
0.4530298040107946,3.738424592901607
0.5003125253647192,3.2318528721996094
0.4397426365683267,3.845212801567204
0.48545371347135996,3.433581011227424
0.4701330634239493,3.5801386154526953
0.4576074266696333,3.6993483388695845
0.47299335173253976,3.5206303303448827
0.428978534775936,3.9993005809341984
0.4994902139010886,3.1641075970728063
0.48195033284841715,3.473922572349441
0.5010768825655622,3.278084362563581
0.4728057696915353,3.529091082482384
0.4582475238670238,3.7430681445203287
0.4365778986282225,3.949430035507968
0.44096908121310174,3.9197968320568095
0.47539187975508523,3.4936581188418376
0.5131866551361722,3.288394650652264
0.48975906545683945,3.321231024497533
0.4577488864893505,3.6966463571775297
0.44758785147786495,3.8307289328486305
0.5368567688585123,3.042972680278177
0.5153927913182876,3.127563004421126
0.49418844218089925,3.3644802531398277
0.516739454231204,3.206970339287764
0.4777157339086636,3.5098471121509363
0.520991891448378,3.070569765940942
0.4976679809839505,3.299268054632725
0.49649191906818724,3.3254915395591826
0.4528795334642831,3.7612657855732
0.48667233114765934,3.3618849562542006
0.464448699755063,3.595756034412344
0.45066945077655385,3.7925407633153805
0.5186259408567298,3.08542941124865
0.44633214815872335,3.805058740195008
0.5396061625053195,2.9537794420631656
0.4459973142500081,3.7606622249572776
0.4926886705734512,3.4031933647331845
0.5015261195218697,3.2716793464881477
0.4909415431830269,3.4124716074940977
0.49871252832581414,3.244904917174233
0.5046844358243733,3.2561807499077777
0.47047179852999743,3.5406523540751182
0.5238735905019094,3.036029273028748
0.48807649551434606,3.37263903293828
0.49747967670684334,3.3079195084478523
0.4374192303090597,3.9240153301219163
0.4914012721158741,3.309431699472247
0.47036047526733504,3.605085699533732
0.45350598331535463,3.7568060688255107
0.44723459436057117,3.8216460070843326
0.4736486465685195,3.446467963259728
0.5143080585358815,3.1561834514268314
0.525044542414796,3.0741786923281444
0.4436182435661533,3.8525186355664416
0.4600045111530235,3.5878209511865813
0.5377288656510335,3.001029925370632
0.46779720581861783,3.56244534476117
0.47757330212243654,3.4919478330221128
0.48953974525174865,3.338361035191723
0.48077904412779954,3.4138479410793217
0.4682798964060589,3.6322596738759296
0.47110590320962475,3.553086510362755
0.4487144948302522,3.7773591141216816
0.49659491000135075,3.3027209077567696
0.4728888102005337,3.509810765185985
0.4928253850342553,3.355131869601172
0.49438557250819604,3.345357318808221
0.4458657091972671,3.827743387042534
0.4711502883329135,3.5898238025105735
0.5369468187786057,3.006701615894518
0.4628654895131141,3.558897272157974
0.4566021467736066,3.6954249233447505
0.4572168053527056,3.666757245232238
0.46614628714890116,3.6301179399699
0.4645284833601999,3.5643263092369
0.5124313876527773,3.182722403053036
0.5612961616974463,2.8154536129660857
0.5043265208394812,3.157303037457565
0.4939887352559303,3.2975369469974756
0.5051322457819793,3.2530677727609163
0.5238325026081083,3.1048810988591926
0.45916453782751027,3.6247160935697744
0.5010809094623511,3.25529606776241
0.4557801030746689,3.7158728698653887
0.5209101529353415,3.037656273145577
0.5310879815929499,3.053142319149582
0.46853752104658564,3.526626909525687
0.5195295390829013,3.090380147642631
0.4687992307502642,3.5891484820988264
0.458875351197739,3.608014842612344
0.46585461620171076,3.592627377737552
0.5390212881674978,3.0347623560533497
0.463211420697774,3.629083581361059
0.4673125336568589,3.6698377486511484
0.46914142643699347,3.587000002923513
0.4450792624973633,3.7526571988439157
0.4435389241453369,3.7688842785156624
0.484578159428781,3.4760755774531575
0.5084139144082822,3.251348538890316
0.48541611510320415,3.390022603142219
0.5016055011520528,3.3078062782544015
0.4857769559064765,3.2946085656787396
0.49869775582689724,3.241808440584369
0.4604641165411542,3.6080911889957474
0.4489531518245662,3.8103377200537727
0.467158394852666,3.5916889950467232
0.46631315716185084,3.614135513709752
0.5165868149494031,3.172268364496744
0.498180904648867,3.279825532057581
0.4456110571569849,3.8137486651969565
0.45826602190641563,3.6218560574245866
0.44236106301429307,3.9378465057136127
0.47013848564681804,3.5507040684558415
0.504146636406396,3.2457800355566993
0.530686397193145,3.1072909254482615
0.48238026496361,3.4575269303040908
0.49903933784321997,3.278011025103475
0.5262490764658725,3.139098232996233
0.4676521354704373,3.526399380412083
0.48191716425637643,3.415543497377248
0.4629486726256163,3.5300072599132104
0.4868487141087859,3.372961144008728
0.4888799132228187,3.4541803615322535
0.450901873510265,3.7583221792779358
0.4954017821009267,3.2545712728042577
0.49836086941806396,3.264457623268099
0.4575755658551418,3.6262813457734766
0.5022984834584499,3.3415995848875335
0.44194459670302355,3.8603564501746805
0.4764831004597688,3.483296839453503
0.494951472390626,3.3832149829736435
0.4432016472397736,3.860405657884674
0.4479590686996741,3.7905917814716097
0.4611189356826446,3.655675600001173
0.49036577322248787,3.349630068791479
0.4436325129018701,3.7365247689581893
0.4437133508281036,3.8456435913942553
0.47775734172948897,3.4570879151009737
0.480682046122658,3.3856503946204315
0.5199802391017174,3.1657384783921336
0.49972788411572727,3.276946567744229
0.4797041491074041,3.4515238748382058
0.4674888962940086,3.539035561021432
0.4947492263784101,3.3496391650651143
0.4908940903401483,3.3506728576131817
0.5018774769430309,3.289170518028999
0.4980211368306984,3.3259299577939276
0.45625740555422917,3.719658472053799
0.5039207137305619,3.2363696675907576
0.43777531861736335,3.8790015637717543
0.4743963594590689,3.446869961110886
0.4648215070083047,3.550884608238038
0.5073463354736167,3.230882322855832
0.49713596417353545,3.295611825616382
0.4372604687671195,3.8960771656490936
0.48660536030763535,3.418233162422056
0.5477609258696037,2.8871852093338437
0.48981605334282907,3.3797653852963556
0.48915086138182695,3.389718635183608
0.44063733265837046,3.8758686161648743
0.5184003936415743,3.213536021809184
0.45336791507965124,3.6423576570682252
0.4914761138404546,3.420638071112487
0.46208666871985044,3.625870898603698
0.45566800717179934,3.6402642077441576
0.49440767472434527,3.4167282471607443
0.48394135311032427,3.408793878050142
0.49476675429226225,3.3509215490615154
0.5013575687902398,3.3179333713866446
0.430439343761006,4.090704135047888
0.4616572711585417,3.6735625653750903
0.4565000457852602,3.6807943987451353
0.46606204683367874,3.549808757760065
0.4583367610991043,3.6877445405299905
0.5079438010582702,3.2355433300439924
0.49456819036207156,3.3966612582510636
0.4891319702153384,3.4590893478846363
0.49254823397335956,3.348253236382858
0.4600310482374568,3.5796650042380955
0.4865298127798151,3.4158372252742533
0.49760588729791194,3.3075958829906065
0.5112129722950904,3.2333615686510306
0.42220037088472795,4.117229293958634
0.48094474608497206,3.511743860089113
0.434394355305469,3.947415856595783
0.4858726215196405,3.4055201525869228
0.4971667784406966,3.312061646039563
0.5047045931013209,3.196232599269272
0.46923097478311165,3.5731720304596792
0.48642579534075714,3.4101622018662954
0.44910653454920013,3.6895642404776714
0.4649520029570008,3.6105531241196402
0.4519933355567704,3.8128349743464294
0.48924421793764666,3.392603743754764
0.46127490077994693,3.6625596074392677
0.46641762391933494,3.5370405248667236
0.4843217938173969,3.4136863029669247
0.4365604556621616,3.958488502195911
0.4568998353118334,3.6971204882898663
0.45390738720589724,3.7533290400267094
0.4823731191935258,3.509713610258259
0.45083255297195945,3.7215662931954334
0.46805398438948903,3.5445805827551657
0.49602629477996274,3.361165788910147
0.49033844443592167,3.418576655998213
0.5090935032570617,3.2455238136506845
0.48181814248029714,3.4167091615168657
0.49872580461539934,3.26365551342221
0.4941193450781145,3.3442818005598727
0.4654204530436862,3.5693696325312025
0.5005162371244696,3.2326375084789643
0.477928730486566,3.3805642996320517
0.4513146630077909,3.7526643400426787
0.46625449239511746,3.58681380037194
0.4816678798174695,3.443988581243849
0.49845970757938846,3.3042457354265387
0.49988593407075765,3.22765104359212
0.5026592100906648,3.2262915145151245
0.5075917372818983,3.198864467794402
0.45768271396474086,3.8070273450050616
0.47368609312135534,3.494934248504696
0.4443733496888742,3.80193817340529
0.478651064439806,3.4349270562687324
0.4370384896239421,3.9123268611478847
0.4547079875347555,3.7396137564758583
0.43261712984802503,3.9440596438424245
0.4823042910815412,3.401257617903232
0.5028635488638225,3.2767818258403483
0.4354806842492368,3.94719193683473
0.49751660280597565,3.310139943481375
0.507910138974927,3.278810884386821
0.4548997158244342,3.7273704179522245
0.43842208756384093,3.9356031712536863
0.47591796428392397,3.5470249274029135
0.46650532886882673,3.6109921860439163
0.48045077583920437,3.440267609587519
0.46801137042778307,3.5583696847690653
0.4647017882728157,3.675144481210398
0.46482815831948826,3.6345747984078267
0.5189082097871538,3.108016951399633
0.4763302080329781,3.49230791656332
0.4999741884165141,3.3423610957063303
0.5134914861872328,3.181075058490178
0.5034930257845688,3.2817364982773105
0.5086006092158029,3.1918602912872047
0.4719076355764007,3.5722617212883083
0.45231243897789475,3.735090214809226
0.5066367546721008,3.221732749421058
0.5268043719737209,3.086826984533057
0.4627363363285416,3.6768266291307623
0.5202561141428159,3.1659089296089933
0.46092104546193113,3.6590797999007743
0.4389460100210273,3.839629505902428
0.5299717979189407,3.05320755012371
0.5312329712391438,3.0248668161663232
0.45516067365608026,3.7425064836873227
0.48021495106097767,3.3575366096226853
0.46660029805152425,3.588246024728798
0.5149416932249058,3.152673875786992
0.5179480231580293,3.13025052183477
0.44676443341666827,3.7932669523704927
0.48372207879668894,3.5252230699256693
0.5116057210099736,3.156254733352672
0.468330584992524,3.559685996248111
0.4457494935668769,3.859980011608387
0.5258206346550419,3.0559726312167106
0.4674159361667268,3.5195646455447505
0.45058815372153127,3.80080014186299
0.4528152145535936,3.72102858604404
0.45496381123159124,3.7117093685459146
0.5079400357477213,3.2229322744171496
0.4770879656518713,3.525594102878327
0.5031956824774342,3.3015551144403434
0.5010657047423226,3.25012606290899
0.47251035128032715,3.4883215732544444
0.4892404171857727,3.427444590795164
0.46600484856192353,3.6484291978320282
0.5035560838876232,3.2288758138175475
0.4984648929312661,3.3798815319143913
0.5042799416792032,3.2535355063846265
0.49400592280716893,3.338978410546817
0.44553988792309657,3.9022810110347
0.4891508115100381,3.323774482292666
0.4530531964107664,3.7364013445344546
0.4880121687053405,3.388834163885005
0.45833806505539715,3.6818935807881488
0.4868844179035323,3.3548778820451997
0.45702477796325147,3.6933773079863377
0.47913357348477126,3.5304803975216275
0.46385226845501254,3.5764664592320914
0.48422266795715535,3.400341839569431
0.4596267637930307,3.5848371577544507
0.4632459302096066,3.651042035774502
0.4723654899863882,3.5569574236784667
0.45525758122049237,3.7082520480776133
0.4572521689392526,3.6146869340586334
0.4697973762396197,3.5476399487903953
0.47950038312480225,3.483402605184136
0.44651176141366655,3.796306671163737
0.4474223172455154,3.7411661414836903
0.4991505490396793,3.2857282988945755
0.512355262251911,3.2247272507760205
0.4707435960529827,3.6041588332002603
0.4927237641259046,3.337210134234293
0.44540462359908883,3.8375951498970364
0.4685597735164173,3.573148467206249
0.46305928005176333,3.6077941372847797
0.5164930983919716,3.117809079276859
0.5304276056946576,2.9801973819655805
0.42802090142637106,4.067423026740395
0.4897987208455592,3.415486657580809
0.4694432825643223,3.551141684488321
0.46718905949228673,3.699477703737239
0.5183616169832053,3.1072108947200623
0.4379757672190184,3.868834765866083
0.5192514793823342,3.1771861571182214
0.45052797115803034,3.7535019715780047
0.5232734787641231,3.110721020593705
0.46937106280560403,3.531438283843434
0.4854614992175388,3.4976786209597455
0.4555282034297492,3.6451101668266457
0.4626733158587323,3.6975090702457454
0.5085339803291377,3.271384779035641
0.5259539863841134,3.0239900458435676
0.43082641016169493,4.02255962686038
0.5221956544602686,3.0693582778588735
0.4396139731347818,3.816816631641157
0.4749087403026615,3.598841420407879
0.4488572479304762,3.754862681064958
0.6005806896235817,2.573527336745212
0.4754310205395029,3.5216228889203345
0.47350106303126316,3.495382149718366
0.48619632271073926,3.3819733897905673
0.49528804325342635,3.328593253502851
0.4703765360733876,3.5870183204883896
0.4856508062282516,3.3852739354410772
0.46632165079817917,3.6510765781862204
0.4859443999100949,3.359974616379236
0.4854266872518518,3.387793402870638
0.5214727435824613,3.1393836867896305
0.4490033441077575,3.787845106930145
0.4999746340696002,3.2754263627693323
0.46037658498388856,3.7035255086366954
0.46210711752820444,3.6478376678668045
0.44816782695206536,3.815249116836835
0.4923488766833973,3.4060616272227118
0.5374412274255768,3.008690745985311
0.48822526784353176,3.349228492975986
0.4747882841133586,3.4824405135534735
0.5000286106938805,3.3208119655192827
0.48285305503510423,3.4016237281495387
0.47362455563225736,3.4799611809994873
0.4959256817938066,3.3146868423077556
0.5020214530556708,3.2054981502758833
0.5050548693859512,3.160390742281627
0.4850681349940442,3.4945490446055554
0.5050010192868192,3.194668327584005
0.43724528656877315,3.884806941838652
0.45330728855414565,3.7393784100018137
0.45978102586799363,3.6711772292881815
0.47837032685871755,3.504550848160506
0.47366596894085206,3.5144001523427146
0.46687637215368494,3.536712817640246
0.464543662943508,3.615920693445902
0.5068492747315851,3.220993142870744
0.48240767429410725,3.520960234824577
0.4655223960213106,3.567190563676841
0.5226989517021807,3.0939601433484856
0.4787104456727997,3.4884438649742813
0.5295149894930378,3.0971032992046132
0.48480727177885735,3.4707109648201664
0.4905605041056905,3.3950879194099057
0.44470258195098955,3.8677145486004005
0.4846327256152284,3.48050287442814
0.5378274763374409,3.0028558957012823
0.47788347591426195,3.370920000743467
0.5195736923858166,3.1097551173941635
0.5117313702489485,3.18947240731816
0.5039963398846471,3.228601317803607
0.5029459461538179,3.3461604868666153
0.47337595429982265,3.477441239143428
0.47352210515661275,3.5106338695302797
0.46308886712592146,3.6435794733977502
0.4461111373053108,3.8739859081500163
0.45016396664349334,3.7734498950209345
0.5333911217699756,3.063197692763271
0.4559003952317566,3.7304317049306803
0.46278689553801294,3.6769699031009173
0.4790043384015683,3.495181003924807
0.48803877494550674,3.438372791627919
0.46416161027530417,3.583673074866292
0.5536498732761104,2.8683411826065632
0.46838217431299783,3.5728428718470355
0.47998296348676983,3.4795707695692286
0.46761479647671167,3.551273522432274
0.49540966327263136,3.378372945985103
0.48605264834509676,3.406210133671362
0.4738143248507419,3.527920009962032
0.45519798103436926,3.6926963907422174
0.4505947172013225,3.7880870688383625
0.46189273133856196,3.66352850516704
0.39781141334670733,4.5454545522330125
0.4690341923010409,3.520124431493384
0.4651260991048398,3.564157008373274
0.470485512414981,3.5325727661077972
0.47664810681025727,3.526755576377459
0.4699431163462588,3.5876144741216005
0.48273929751077854,3.4361075390201785
0.5027606560601856,3.2727294023906377
0.48081795987195175,3.4568813411443253
0.4671139678832423,3.5734726851283356
0.45196482098165136,3.6810939321908727
0.4766721187116181,3.517934165741236
0.4885357181778073,3.3697226762411763
0.48117388835634983,3.5235046945758217
0.48226153148696266,3.4530631714351507
0.43211198880240986,3.905639677146843
0.4514715285805107,3.6300328510091395
0.4753960649221711,3.543011852598352
0.5222720473672048,3.1224754732521443
0.5182652258742126,3.16088526899731
0.458684765398142,3.5905681004821157
0.5416683690502622,2.9654956848322556
0.411978226236275,4.317184683946941
0.4751078956122838,3.483016328896916
0.4507682370621831,3.7694165494339136
0.4324157474072446,3.8545083510284917
0.4574034193047469,3.613963147403077
0.4733819232705714,3.5523251992627967
0.4532842575651374,3.6754498489947967
0.48107286846945996,3.4599676550454923
0.46358800135147765,3.6531961636039822
0.48384763900744265,3.478705784700812
0.47976706427018206,3.498604780085142
0.47174985304061595,3.529776963669868
0.4393808057414109,3.8285806027109253
0.4722651008278297,3.5481311402693247
0.5160017732311584,3.1925948192082276
0.47019187950995,3.5573104272176783
0.4601867247018794,3.7647056137572634
0.4694309170778801,3.56175581791752
0.4799181384591054,3.4207857719777435
0.48874670347563887,3.324741344822772
0.4828342783801643,3.3619162202866613
0.47450293106640523,3.4988226199251193
0.5028925251948737,3.235515220033256
0.4939320725596029,3.357435192002554
0.44701274766401294,3.708885930157173
0.4650153292104389,3.6118895613083573
0.4793254600124069,3.476490510403781
0.4760386554111334,3.5083080611363266
0.4927675332927093,3.290292759664961
0.44715237848661243,3.7669028743465134
0.5133169501743959,3.15734473152141
0.4967008902656005,3.32654874740137
0.49377515656943394,3.3885547779213536
0.4525251089033149,3.7529206816822205
0.45700953060728655,3.7123700995133873
0.4446819099299278,3.850060045481738
0.4809018443698654,3.481522775035232
0.4842280827014074,3.443706187079977
0.47099212925736084,3.5891498509219524
0.4808019620805988,3.4221949524277258
0.5058324818769329,3.2772407981870315
0.4788808131009492,3.4509235438434516
0.4918526385448476,3.346556631243303
0.4691453048565105,3.5729708013981467
0.4956600641412279,3.322746328946871
0.47710420722808944,3.5418465791893814
0.460631061699297,3.64227859259777
0.48154375339088246,3.4939032103689405
0.5039928373816762,3.232102158938695
0.4251143159485722,4.002611780653735
0.5000261189120667,3.2507787054949646
0.47028092266581994,3.575265682525889
0.4688951646769062,3.6231023453838818
0.503148265353489,3.2230821190420977
0.46227989880213344,3.5945025570209315
0.4829926778098991,3.3887651623428603
0.4648852386515039,3.6416075325714297
0.5131553377873299,3.1179955080525796
0.4599131353479236,3.6393314367546385
0.42967159015187606,4.00566831790903
0.4885881069057608,3.3719554240630254
0.4360027288972484,3.9396198571490904
0.49370321836746267,3.330945928519602
0.4936448518375698,3.2684152429528597
0.46304660448421775,3.7251221881841934
0.4610837807924429,3.670758649938981
0.46083382393217254,3.6670934783957194
0.503959737463781,3.219134590101604
0.47665059985691927,3.5102804116139175
0.49688339502358875,3.2979047263957972
0.4750028596328385,3.410917294071259
0.544357688315602,3.0095420749597817
0.5081655754662995,3.2303465130944136
0.45772532117823894,3.695013265274454
0.44152686014726134,3.893335600166227
0.4422466282654559,3.8692081435182346
0.4508713979824183,3.7402474411614315
0.5204056974991,3.0860726342772793
0.4650207383827991,3.537828116292785
0.5085994418586712,3.2361127352457384
0.492533678642161,3.324854964394104
0.4657349403440623,3.5917884076489592
0.5346083710325145,2.970100705538888
0.49579352028191037,3.3314376758830573
0.4310721579899197,4.065432531200768
0.45187154071067903,3.795867208807005
0.4922794409118838,3.3262334675353267
0.4574380890012896,3.66189501675132
0.504313350463202,3.1872703014641446
0.5109295698205152,3.1781839546678525
0.4935284747115087,3.353678567115628
0.4835562170507241,3.3623863519520474
0.49740369033550635,3.2832283204512076
0.4700171314783297,3.616751037415701
0.429568559177284,3.9928999921342454
0.4977962539655065,3.277128814471027
0.4967888240385057,3.2480948206709246
0.47910477909302757,3.512044468300591
0.46291324855498556,3.6534394695600665
0.509919578253496,3.161668896283835
0.4467142230544794,3.8398079388419357
0.49997126129260083,3.2873160994732613
0.4777768439512218,3.5258170245606384
0.5417462035807086,2.91764820340443
0.41879165960791415,4.121735705774844
0.49461168303599495,3.3302039861663704
0.48174767025893117,3.4736469702601895
0.45108671397995975,3.753459865673875
0.4677501373907851,3.547456256929474
0.442589092813797,3.760702664051864
0.483493715005148,3.4650088039115348
0.4384772965836195,3.885337281529584
0.4867959074955902,3.410545687939016
0.495875864051177,3.3320184173099068
0.467602703469874,3.605280068010817
0.4598567198905956,3.7667740980033364
0.47846037408952763,3.466226143736495
0.50955515374033,3.2401937771200644
0.4699996220390352,3.583301500387185
0.4478844458519392,3.7838897060653256
0.5128179699688307,3.242198494923871
0.48336775089674267,3.3936430423051207
0.4802622896878004,3.4526900941098657
0.47873954492083337,3.4940089560058243
0.5079280953252209,3.217395535359426
0.4727352094127532,3.5591361131348256
0.4574168587081404,3.6404854033241834
0.4596868010558095,3.6982648724303018
0.49272155819304664,3.3116364482785654
0.44846088939079076,3.7888065365725074
0.46835975571728555,3.532090011039677
0.5081596087164268,3.143825995645315
0.5012808001970975,3.290695913566275
0.5005381205880217,3.3321140490655683
0.4797668677115339,3.509534554428525
0.4736166779128196,3.510767760850064
0.5135986613639131,3.208618493194944
0.49936825471237456,3.358413364551839
0.47488394331571687,3.4561144398310994
0.5359077819890824,3.0146972573630983
0.4810688894774955,3.4434282404586782
0.4869835678322806,3.3890728895932782
0.4579838935893401,3.63944024579412
0.45236492081256086,3.745724977803427
0.5134000587370922,3.201257265506291
0.46564637540703085,3.6024928942762853
0.46603253087241026,3.5824160218644514
0.48603179136441155,3.3957532759296867
0.45652033247111135,3.6900773994108165
0.4730533149418832,3.4887231120719933
0.5170688172010085,3.215130143948254
0.4475736290351987,3.7708087240484103
0.5200817419533221,3.1370484862355137
0.49730501476623706,3.37754424423862
0.4126504742648034,4.29321438575109
0.47227065058224593,3.5071280037597
0.5020566946601386,3.317753483519212
0.4753615894115752,3.5326043099841726
0.4903335183775113,3.3657073292615953
0.5099573729962195,3.1522069277719478
0.44278722465586007,3.873061839795761
0.45290537560897615,3.700267564099057
0.47770259984251917,3.5051089629951906
0.4479834619815862,3.799578383421817
0.4977833276987663,3.3145989121601516
0.5065046997068929,3.1603372772363443
0.475966690844124,3.4868034517811624
0.45862210712694185,3.6931213474363687
0.5012830120307998,3.2315485764208582
0.44324060208134464,3.9317102644429465
0.4727900370744107,3.542922403051562
0.4923340850450173,3.369349944993092
0.4673557077688323,3.552962944518422
0.4444049367819618,3.8782576289872805
0.44841929719290535,3.8120911910186805
0.49221926022071244,3.3279684239129876
0.4809998226253547,3.386115883194717
0.4544201221695543,3.7196329832569512
0.479336282576369,3.378577079834943
0.5036549601208891,3.2102899106588647
0.4616227352426201,3.6500918727415197
0.5032641993250211,3.2439769811031245
0.4648476629386722,3.6221136120982313
0.5031324094356358,3.308626219417585
0.46076966151915494,3.7198100445806923
0.46881836025913537,3.579558626832347
0.4975950340656247,3.2959635998662042
0.43747899595223916,3.9014073803768117
0.5161992591082476,3.157370038392275
0.4850620192496095,3.4165396417429443
0.4337738427215074,3.9441032755008867
0.47717618432008224,3.4985004860153444
0.46694389722381846,3.59958306244731
0.4924658680750963,3.401751396420867
0.4737876196911262,3.574439859620549
0.48327489314711686,3.502582027098737
0.4696663243123664,3.55533651523902
0.45325868447897055,3.737472112027841
0.5028455027489409,3.224416101358556
0.4769334582517968,3.4664439244107825
0.47948819216161265,3.4354610694706222
0.4782606568357758,3.4332005240334285
0.4283486239941783,3.9662207796028457
0.4933433674412725,3.3053922453239157
0.5056601125427881,3.236698598804995
0.457077270958389,3.6686992351320273
0.46223205580050125,3.6633634670215742
0.49850916701131726,3.270022597883046
0.4499601386689478,3.8628795496338375
0.5024726879385065,3.2950848152610512
0.46249884896526294,3.605206123994826
0.4562776538707158,3.692269768157759
0.4370771299377044,3.931133302851968
0.4755399984156184,3.5062978838251495
0.4890215962718658,3.3973984597957996
0.41908716918744987,4.273972794188483
0.5462840494363588,2.9355378091796718
0.4756910830573252,3.492665393154003
0.4317790273825495,3.9496350628075017
0.482884574613902,3.392105509559788
0.47754704059387126,3.4813972127970803
0.43827786995945406,3.9443306453742033
0.5112210562139632,3.2118578830897717
0.49465564090486386,3.2833861405801175
0.47095707817465066,3.5343111539248726
0.5351117148308064,3.0500473224243594
0.49746132539368526,3.3085429132959256
0.4364475534602444,3.8802529913640518
0.49192672842390833,3.369515413136855
0.5514773498006833,2.9269954651994246
0.5218543001809683,3.0974943868911975
0.451349842325375,3.6830717506772785
0.49176221527559777,3.343912561572101
0.48464377016739935,3.3223949277275864
0.5273478506315559,3.159988706283613
0.49211207827614345,3.3906401764609395
0.5016443373141561,3.309482638846583
0.4818627649104266,3.415970337349745
0.4886700317686405,3.3274486625888002
0.47783492342396716,3.54765304071181
0.4464967348227531,3.7621718030014577
0.4526872848654676,3.7787962667930532
0.4695278889022068,3.528873867081986
0.4916150401369982,3.3568431922745363
0.47290127218497274,3.470333945577909
0.44638972076224387,3.8083966214943725
0.4779899604403267,3.4444910996789075
0.4824116816651779,3.3948799548226205
0.45703210967978547,3.674647525649065
0.47786083522564105,3.4252788489081527
0.47519573762128964,3.506293135989624
0.4367373140033496,3.9789145165387674
0.45341134876874856,3.7218164384566106
0.49184012076960354,3.3130345017492924
0.4840048396560186,3.4193813652713554
0.4912668018268985,3.4106127347473136
0.502562360922939,3.336142462742468
0.4570160799385353,3.642088688570817
0.4213534983618321,4.020492263599083
0.4686316738270543,3.5431406974466766
0.49714634643777283,3.2706880238508025
0.4821647041832924,3.4414942122463
0.4681157834926766,3.516838708069458
0.45743807956959126,3.715248835184875
0.5061737173674261,3.2846412847844566
0.46596428690061786,3.560252603945349
0.46960215708025044,3.5682834792427762
0.4549116691407163,3.7116538754801462
0.4883389262928439,3.3709368160608344
0.5150868548926828,3.1604109973891688
0.483924770082901,3.4582807368722297
0.4730826479284827,3.5257034344113727
0.47966553057563943,3.418091716180968
0.45774631944825167,3.743239416071347
0.44687304985176207,3.8570137038163295
0.47245901569269877,3.5079713338561094
0.45612209663812286,3.7496887333995024
0.444235933495426,3.8655560102762068
0.44013159642894445,3.8760501550952324
0.5208473612876102,3.113952623907332
0.4577442809251702,3.595050372646587
0.5236178075073321,3.182330462465476
0.4667486570439011,3.6075724298692498
0.5037836217363336,3.319335272874877
0.5047495564797422,3.2042236856348203
0.4479378931860869,3.757001511413169
0.4992760040827809,3.2673252490805824
0.49390195007924004,3.325454037095277
0.4558030198226126,3.7245776229390937
0.47808420358899767,3.4173205274505696
0.48099416998644634,3.440290193371282
0.5105275555421014,3.2547658256424095
0.46484684943416693,3.4930803810725433
0.5120564206838734,3.2051155725058096
0.474600988167398,3.5230264892875724
0.48253634749248836,3.364384611815891
0.45635740395397295,3.6927334776549463
0.4724725261370342,3.552219950423999
0.4983851456475807,3.316607769255085
0.48436329803423567,3.3994062196315338
0.47248420245006567,3.53791536612942
0.403080141169223,4.247766798608076
0.4564220981954325,3.683881092454105
0.4481554910706178,3.732230080343089
0.4367381964166487,3.8945358544544355
0.471789083660514,3.5471777758238994
0.48793291397391053,3.414365104975353
0.47247554467856406,3.5516752433901906
0.4702821794845835,3.5366822248802956
0.4896518119783664,3.328863155991524
0.5071856749343258,3.193431755385611
0.46204690631702183,3.6912940435358252
0.4837785298199215,3.4172951494874546
0.4996592387853729,3.2356737792009564
0.48267472431070296,3.4449196645455475
0.4845231918787701,3.434769608820177
0.49667573228342715,3.2913060009504678
0.46326473633564996,3.61474388172808
0.4809933920140935,3.4538176601389172
0.4681922670149152,3.591566416402416
0.5719233704132634,2.7336120030538833
0.5235279253313834,3.063473364164568
0.5165878483753514,3.1610902125767733
0.4425064933256811,3.8569225554599544
0.5393458073253197,2.946568018921102
0.49516273115844645,3.239909160724343
0.49107495893677744,3.3320261755247422
0.5090689745745416,3.211426323362968
0.4927694786532377,3.323469566248622
0.4617553179857174,3.632840558301055
0.5266153048678945,3.0811822581611983
0.5139560505148837,3.211628969077813
0.4776693791035232,3.4383282201259653
0.45923247087880137,3.6214201515563245
0.5147926976396151,3.2106667827016016
