0,1
0.3919806577445162,3.8180583953283467
0.39540860400737227,3.748861502106604
0.3209733418081015,4.896278234713617
0.3294933210701373,4.784443680929242
0.35360882502721247,4.455665483533371
0.39874840610109474,3.652233891537551
0.3569485343779903,4.282609194357963
0.34223849943474466,4.585369283938878
0.34558152948372256,4.496006497051564
0.287101427616116,5.776012489759061
0.3606278866408518,4.159844489455795
0.33812106199191705,4.6574012737199375
0.3789333368730494,3.961162603168415
0.2995826756813561,5.563826612270268
0.3488747346521425,4.442573413565637
0.40226167800074764,3.6336976251443898
0.3510012011930612,4.339863509262349
0.3183746772316305,5.029158133247884
0.34279412413535826,4.566765337444574
0.3865849016345074,3.8411640522924952
0.2791969378550352,6.084342239935869
0.3649323328459936,4.1414315798563495
0.29969362168084307,5.283145814575409
0.3921442256946369,3.7226378254391244
0.3815235754026705,3.9382937377745524
0.37674731944992934,3.9894446051060335
0.3273394313284754,4.834887125018741
0.3919806577445162,3.8180583953283467
0.3641794977689902,4.1344298539170445
0.3538967838750152,4.338162945182752
0.36804047176119037,4.0961935557746765
0.36593887141886805,4.157576122795368
0.3584960997870105,4.244493257533206
0.38801424832146925,3.8376375824733944
0.33029531074907914,4.829559490487627
0.33666920100150616,4.640036223140945
0.3743559701560282,3.9697667481136802
0.37034255690452345,4.021056011499659
0.2865180966415013,5.757332491553911
0.3447988727211263,4.412500262592538
0.3060484284183759,5.214478352146433
0.3031552213772394,5.372306144131863
0.3881440769322099,3.8274389928009045
0.3699310075715466,4.072438671802881
0.36367426409302184,4.186969625676787
0.3410788493353598,4.519621411353189
0.38251951368834675,3.9229672780227585
0.4166090974134688,3.4620950919005447
0.4042353940693784,3.705347261340251
0.3411564165311567,4.55683917642667
0.4248351514782408,3.468996680391049
0.29278642973795704,5.496519928478481
0.29341582492539414,5.571611851239217
0.29117509023002547,5.5819199105493436
0.39240905820212213,3.801618175291666
0.3510012011930612,4.339863509262349
0.3379286779524307,4.58661273032302
0.32665640505423565,4.7619784390017355
0.39653973991688624,3.7226275464633978
0.32854252262877637,4.822253651727314
0.37987559837664536,3.940506909662081
0.40712366551259405,3.6282342437996045
0.3160902322397667,4.951979987606585
0.3615362803788025,4.209460825089642
0.3714471386379862,4.034860236308016
0.34517755404701106,4.555622595915059
0.3394392108343775,4.509294606957157
0.35816091397295896,4.2444412017519655
0.3379999629785302,4.598235377612383
0.35240761812192484,4.367347391419234
0.3055692738669012,5.3350020540129535
0.36114037641988017,4.188426883074204
0.3489347677148053,4.371364730318156
0.4434271642473217,3.2162144078133004
0.3518673612045629,4.32831709146517
0.3534130569726896,4.344868030060384
0.3207958873277802,4.962224410934804
0.4135909002318324,3.5280569436618294
0.3053548848545343,5.32165402068085
0.42455105011890104,3.3961426225848736
0.36735582972065584,4.168688977503897
0.3470601812282875,4.447183860974806
0.31311866599773946,5.175036587491489
0.3455528003807596,4.408858158794973
0.38804591349298867,3.8716990018835564
0.32384141849508075,4.880754047085119
0.41797938697951587,3.4723119668038005
0.37043926896970664,4.04841996637983
0.3471318455536313,4.41256585660619
0.34335213541327003,4.499060473100428
0.38100852681111147,3.921991644764749
0.3711369615604957,4.086427356520877
0.43930227257955995,3.2798413477837585
0.34616382079807856,4.390576468163097
0.3868883167505136,3.906721739418514
0.3723942163270724,4.032465159474356
0.346629131261838,4.439480828498241
0.4106236974375164,3.508996376597749
0.3748500191991512,4.0708421519331734
0.3403295304566819,4.564997725919098
0.3456433236308599,4.41269797092961
0.44358489433873016,3.2139034621313933
0.41937230480617366,3.421541453275738
0.3150965724130703,5.062897799686523
0.4269469630187992,3.405403417173892
0.40086864606690376,3.7375013451008887
0.3390796021825132,4.688302969230927
0.33756592719143697,4.587583957194922
0.3949034124159676,3.6836570162444007
0.40553284663379835,3.6147704724613763
0.33573288328267115,4.6261909708573805
0.3398566205856255,4.492428406458971
0.34252265602759063,4.567910479730536
0.3724345142451779,4.063546275970747
0.3343061621262897,4.670743576096672
0.3255906604684148,4.795531238000832
0.3915766218415755,3.7810204295421195
0.34224464014053235,4.529796317685077
0.3647170000318788,4.136076313281791
0.3118159788788561,5.093121433659372
0.3753088399358136,3.9390104178260286
0.37226186515496607,4.030688031538543
0.405588549648986,3.609064644264946
0.3662327778699562,4.150521476113962
0.3488747346521425,4.442573413565637
0.3602772875377507,4.258133225420391
0.3982424754213697,3.703671675381682
0.31997767860359666,4.971256308677438
0.33888878613985424,4.651875520767173
0.39076058989267376,3.7656226295424977
0.40988055685701724,3.607956684319124
0.4111970588834091,3.5240566712204346
0.3376265545510128,4.598144555227545
0.3311374668477532,4.730968231140691
0.3464211170389357,4.472504037699784
0.44397827013676405,3.253265277340348
0.4040812783152983,3.6472622487404127
0.3273394313284754,4.834887125018741
0.33623581761205085,4.644496949638114
0.3560272019714368,4.279784658946534
0.40992119478915984,3.5970419323318983
0.39882204125996623,3.682556644377971
0.4018261974579838,3.6516748783325346
0.33854166359676224,4.527726873302521
0.33128167190018565,4.771207211725704
0.3536138821040347,4.36575502878863
0.34661330874813384,4.423910949603954
0.3895453730581742,3.8019358549419957
0.376819905752545,3.988848489073834
0.3322841776402883,4.743008975860714
0.38713254617133536,3.8618767221396992
0.38639907491476,3.8730804063757427
0.37603555785488124,3.9718170699166113
0.314630472573013,5.131958293081772
0.29758958978780076,5.429557620764774
0.351485220442108,4.307888484584113
0.5023396964561216,2.739119557525494
0.4193996354057982,3.5006177047247227
0.3546278047066144,4.271831176282869
0.3325661216929158,4.697368819271564
0.3331946200308499,4.664700863413212
0.33568570841245843,4.650775153430466
0.29941512358984007,5.46535127212969
0.32689543714874575,4.804565657145218
0.33073146644461165,4.712500497977566
0.36629513198890545,4.078902605537841
0.3461126981507282,4.484120643635503
0.3879449225848809,3.8072519776330203
0.34212826038701877,4.467420199430074
0.4195350261538365,3.4768342290653944
0.34921687364279597,4.428192199165277
0.2897171246812146,5.748250326042626
0.37991586004296646,4.004085480920317
0.3535643051029564,4.319685951608632
0.3491825046300146,4.415546536534503
0.41185228193890516,3.5435812168676217
0.37838057948212184,3.9851720979041625
0.37075228082066036,4.092974737202629
0.39137626656523083,3.8222960377658106
0.2618200239219743,6.663472534389991
0.35618896606942246,4.333143896820681
0.3222341793611107,4.908162101936143
0.40134015748648755,3.6572259133982836
0.35411321320801004,4.34416951467387
0.4099839777467698,3.5440572101867693
0.36108410661776746,4.196755946484538
0.33301713967077196,4.778896763940533
0.32509121879864,4.744262569869216
0.3548336395223079,4.3204190283272155
0.3273952298011649,4.86703835306812
0.32076007397074274,4.917912952377141
0.42818969411715146,3.3329721934698533
0.3316662905057497,4.717440925390675
0.3759691160010607,3.954708295178644
0.3302154094723761,4.79249586735473
0.30763226747554845,5.289837204888958
0.36918719261546706,4.001928706535647
0.29997862014077276,5.403626237723204
0.4049545653348263,3.6297051767666297
0.33929541451142176,4.5822902370398495
0.34705559509763095,4.4411153159697525
0.3630814120913021,4.187611766272021
0.38931717498457735,3.778826074568877
0.29118757113175564,5.695620333267889
0.32962442018588345,4.70540678131395
0.35639918164846,4.362250044682426
0.32117641010289977,4.912277434439931
0.3810619898736162,3.979194170102687
0.3193071455354117,5.072038113242297
0.30922851765782366,5.187123625997204
0.3504586487113837,4.440420559304939
0.3242538640462415,4.82254898899761
0.4142904437449889,3.513695972137713
0.3358240952514912,4.691766636622901
0.37912851564251276,3.8212321662669866
0.31086371523862133,5.16186390887603
0.4163533083995074,3.49418311495996
0.3601314569477667,4.1766465060568745
0.33555422848025207,4.677870415934027
0.39137626656523083,3.8222960377658106
0.39476223288120643,3.7662809121244467
0.3268618211636501,4.737828282125299
0.40940291870978457,3.5631887726878095
0.38921692950626696,3.805592825493743
0.3144890342826882,5.025648757560183
0.3309064790988592,4.745777586194719
0.36536368646772366,4.114037170637973
0.3315436480267133,4.780361846165632
0.3928030689801445,3.817127018044994
0.3346277089462172,4.703717664466621
0.3724178379213644,4.057838524139033
0.30574344931798414,5.227661650412736
0.35612855187581866,4.305679501892449
0.378569125809975,3.9643092283268344
0.35901562149132815,4.292126298949619
0.4030825391044171,3.6571656545768465
0.33426167608007273,4.701873633565177
0.2917733189202756,5.616034104756124
0.32401408022657824,4.936606231222747
0.3560272019714368,4.279784658946534
0.3797896045678409,3.963111966908009
0.4439052895617609,3.2562955554591824
0.3361189612188954,4.651337997905605
0.31610866589326414,5.0876771718221
0.39524601936857084,3.7601800667665923
0.3995213397655787,3.685314986043476
0.35554961318365036,4.224400367354152
0.34417644297415545,4.499809935840303
0.3128555597477559,5.093965462712066
0.36058664404731594,4.217032082809787
0.34888297330243867,4.38928686117134
0.3447338445736684,4.616124223490255
0.41963382922247955,3.518339978443074
0.3636397807351179,4.097384030269261
0.33921745686658134,4.566783492238129
0.3061794291918193,5.276161599883903
0.37665449912864435,3.9435316966446776
0.41617437760804815,3.509809815417952
0.3841401427609572,3.896766098282765
0.3415724464758627,4.542221131111903
0.310138559113721,5.129260644894159
0.3275930071272857,4.7596593295635765
0.38814972014372207,3.8476593078292343
0.326709798571034,4.938163251581925
0.33134554906862873,4.7317875122405075
0.3715684870976942,4.045143395658671
0.3709511242901035,4.042293077951453
0.3292751999111269,4.836910775038593
0.331226605304367,4.773835104997268
0.3308475542913317,4.7453463415152255
0.3109741635948885,5.143833442368924
0.3790396856696458,3.9111949702659743
0.3331465165859476,4.723869782683954
0.3550827884967695,4.31510039435779
0.3852844851208107,3.9122003671510415
0.37301315196413126,4.010386676936148
0.3087623795685001,5.2249848212997785
0.3086548485779262,5.153801404835381
0.4025028255279986,3.687001908798958
0.3760354754797291,4.001490833630195
0.3346952912125103,4.694700372745992
0.3505843195368103,4.414938215329151
0.3265414831972986,4.862907542702455
0.3832209867802997,3.9091317850425957
0.45533858405658145,3.1701084452947277
0.38001945235679285,3.939087903945612
0.39282584327022174,3.8156694682803374
0.34135891469390933,4.530261731304021
0.3844854856558133,3.9369993548875795
0.37698959733003035,3.8901874555119367
0.3641618286713514,4.2631631111379376
0.38851307973691734,3.74721716087758
0.3537532333396122,4.275493047894179
0.31103889449516914,5.159059729132187
0.36461875964621554,4.159863276602198
0.2987724815038738,5.396368549540556
0.3189302576360418,4.956127681026543
0.3446703685212382,4.52209381108538
0.3555133717480089,4.273547500769957
0.3996201939699397,3.7172281612594986
0.3843623948174333,3.93639851688713
0.3704729698915969,4.034475818558507
0.3662327778699562,4.150521476113962
0.45193085907624464,3.212218280818979
0.3951788767169414,3.744072904104454
0.3134745558611403,5.06581344748292
0.31335643242331174,5.221235945880865
0.3546278047066144,4.271831176282869
0.2731329203110641,6.183874770118583
0.37206558259601324,4.073622196301424
0.34596273988253434,4.491730259425857
0.29517778369469105,5.5949746872835115
0.3546951235370517,4.345929841825293
0.3926853143910883,3.7528763003452044
0.33614444505902374,4.648242160656993
0.3151992690290782,5.169138725323605
0.3412100513696147,4.440761217171641
0.384673075029409,3.9037119378063245
0.3570152867852671,4.241380871720422
0.34227610496735505,4.591864579432295
0.3554763222578519,4.239752552723788
0.39674607735248624,3.747950341614758
0.2800074089076018,5.880549503678529
0.3467299685585164,4.371033463665506
0.39829408748166417,3.710722422279784
0.3029708865786334,5.3741745127791845
0.3821441086721856,3.9042644841951466
0.3338982610260455,4.734105130576574
0.3753323101431745,4.0754531542682155
0.3420590101838604,4.513178638936236
0.3755047267388306,4.027410736374776
0.4442724620311917,3.2345412523476433
0.3644309176483951,4.1905928094492815
0.3874759741964996,3.846081408733963
0.4439052895617609,3.2562955554591824
0.35070367998804663,4.354808320727062
0.34661330874813384,4.423910949603954
0.26151270679538174,6.7010500094755185
0.34861112042478226,4.494090691292319
0.3722327963669144,4.06739698683899
0.29195074676017235,5.665687734031554
0.39369980144992245,3.716425974175022
0.39823915595803366,3.7111714746318736
0.36340425396628045,4.170279066446458
0.39306152940451966,3.804719199920409
0.3576610336040671,4.277213999776625
0.42575173791939935,3.4174541986950255
0.3483488619647295,4.436200375493627
0.33409875417329893,4.653272805173889
0.3298958209311358,4.75153237426722
0.36786443484426923,4.112371342310434
0.30615460846664905,5.196747194769176
0.28725154479639325,5.742774655474964
0.37821013309095486,4.038133728046271
0.38081792338788956,3.9474248817910143
0.362290291028328,4.1627024655584615
0.3161606410625537,5.030312286549227
0.3910221723579979,3.74957109111852
0.40698944929709974,3.5841160643634318
0.36227180240111934,4.171478074339977
0.3896044522426761,3.811507980653548
0.35130639190848845,4.414716026574414
0.39418074468111974,3.8246419076687657
0.3283153375908907,4.750225868894934
0.34683693109688013,4.445170750670368
0.3966780191744451,3.7461583759415973
0.3262023291179685,4.830095757610729
0.3471858325731761,4.412766673375329
0.29317188568320096,5.655524042883673
0.3505843195368103,4.414938215329151
0.4206355102516785,3.4829921001006015
0.3292751999111269,4.836910775038593
0.3760354754797291,4.001490833630195
0.3391453688699061,4.485744142419356
0.3829087158110036,3.889249658083416
0.34056484706212,4.55141608501207
0.324391485888686,4.8103462267856045
0.3704284082810846,4.005370503123839
0.35599713565576185,4.250268496504787
0.3725732858503658,3.9958946627725176
0.3358689215004188,4.677592459755709
0.4418838584297221,3.2309616242579025
0.34641131876199543,4.5554910570516896
0.3276567634907262,4.793448678452344
0.33342840375741456,4.769479133975326
0.3407470410181713,4.59899781531616
0.2919496414424188,5.584299170552989
0.31086371523862133,5.16186390887603
0.350940619711237,4.299715997170875
0.41452967791810086,3.5268356594186856
0.3647828504410172,4.148078544172312
0.28725154479639325,5.742774655474964
0.4254306284098206,3.445186337498114
0.3410695764872946,4.540329769549644
0.37375670485606627,4.01884723731454
0.3958634397586963,3.7852469283620183
0.4296030679683436,3.3847909912999903
0.326258899590545,4.868797903575464
0.37992572374062894,3.900427097225759
0.35114449995449054,4.404046016668333
0.3311374668477532,4.730968231140691
0.3421470227669094,4.565389059264169
0.41948718960989106,3.4629950757120205
0.33258858951624687,4.639045605818013
0.34289932297034903,4.496642822912856
0.3509330568191853,4.3871682337478175
0.3375565442078429,4.572709202253375
0.3781352746029749,3.9680964443251647
0.3488747346521425,4.442573413565637
0.38174677734678886,3.8684783628685153
0.36938415465589947,4.079586373882194
0.3933884345119128,3.736769733448555
0.3447432823518755,4.4384164284628875
0.33368333925683175,4.6497818651690785
0.33078706172709127,4.711770892510895
0.3966259393053119,3.723713205183125
0.3538834348097876,4.308135604613845
0.2825042672428475,5.943620580003503
0.3939689038737196,3.7684952984891704
0.33921745686658134,4.566783492238129
0.3792388346940149,3.947851977224895
0.3715921447411476,4.090515673044605
0.4047979550251604,3.651702348599874
0.30807356280452824,5.227095584130309
0.29203402145422197,5.623048570586457
0.3393285443194314,4.619971990516412
0.3570875969687916,4.268957898301631
0.3815419648045457,3.949871115956448
0.386114466022324,3.8968399870754595
0.3184670757770901,5.072691720846459
0.3497842557774567,4.404087932417109
0.3393511493413106,4.589152613996521
0.33368333925683175,4.6497818651690785
0.37211136151080604,4.02164945648684
0.34770899484834256,4.307466436749099
0.4210956405583961,3.4477756405567197
0.35450151788834683,4.3895963456008475
0.3686893961554299,4.1500436289123215
0.3381347367422309,4.551423101847785
0.3796054437747132,3.983660903434359
0.40407561941664843,3.6520138559300106
0.3470601812282875,4.447183860974806
0.34808497614509176,4.426175315169423
0.3253857377379265,4.845136393515925
0.3710669958820854,4.028390859161529
0.3213198269738427,4.929120118954972
0.34818954591298373,4.517566225611792
0.33736587064653956,4.583863357833256
0.3915858645751711,3.8202107253811186
0.32962442018588345,4.70540678131395
0.35150575828635344,4.366650355945026
0.34666137262288127,4.498840887419111
0.33757394896534737,4.62333360106102
0.3448116383463539,4.439867954931341
0.3290977066170716,4.813260255011663
0.3989922526673303,3.712148955178382
0.37881225068572805,3.988750310838976
0.34143407924031366,4.583790121058203
0.388132774761547,3.818512367855694
0.40185009056060456,3.6795925872438415
0.38723669475857453,3.8161246691843824
0.3799770265500742,3.9496225485500225
0.3704476854970474,4.118470235201837
0.3518436336419431,4.308787720905357
0.33573288328267115,4.6261909708573805
0.3221059155653434,4.976235882656
0.3580388920215996,4.2281521158168704
0.388999290005052,3.864037226977257
0.38540259849352115,3.8355321227495085
0.389959071956384,3.82405020154093
0.34880643117278776,4.419175138893598
0.3399041248275836,4.546306633755817
0.31546050558729105,5.057188703092091
0.4008914763122282,3.699928108736848
0.34962329637235307,4.4142016653038
0.34289024001802765,4.519971918332648
0.3633052873164334,4.165679959287169
0.3789522573614973,3.9224079545157378
0.32458500154793973,4.81940248880068
0.34153625103834684,4.577480636154442
0.4322706749939003,3.3075857508505444
0.3721401416857437,4.083391107955075
0.37976726338115524,3.9180521500733003
0.3691996078533522,4.086867273582236
0.3394358367658689,4.504860647899162
0.3867574818388621,3.9068054154570944
0.33301713967077196,4.778896763940533
0.34483684332256,4.463284005516774
0.3882652200637863,3.884374407077325
0.3520711766149971,4.390352631348291
0.30987683085308,5.089292978650892
0.3132581348449177,5.0939453014704466
0.39137626656523083,3.8222960377658106
0.367799103984975,4.124733828746844
0.414051864989937,3.5393373786122853
0.3826401536045964,3.98137969500565
0.29997534403897325,5.353202428777196
0.3712383908578648,4.08169562490184
0.41667542677706276,3.5389679190139227
0.3377803698367647,4.6410871127539854
0.3450666643678451,4.4720611638849315
0.31801081372507034,4.9874186931594
0.3219133460454702,4.903190263946646
0.4090681051088524,3.576079142531377
0.3988882138831172,3.7396028667809054
0.3577479776321697,4.346129617240381
0.34392012009851575,4.539849790996132
0.3129668700151183,5.1511082635649394
0.38163944039132663,3.920113940507786
0.32969394285334686,4.772619528145324
0.3139460690881907,5.068266259024035
0.35114449995449054,4.404046016668333
0.41098319430756924,3.5911811728559297
0.3259793795435401,4.896818590901367
0.40692138885081364,3.6386489767512353
0.3508016763066625,4.336368326837524
0.3673884714171393,4.168794120737222
0.3112310564273237,5.186130078542972
0.39361003491483515,3.7438051519029703
0.3699310075715466,4.072438671802881
0.36832343155196245,4.111591245572227
0.3445550754158111,4.44231915432479
0.34582868887790313,4.5118279699114066
0.3435573573280053,4.4696259349793905
0.36542562626368535,4.114928389762863
0.3233285000869178,4.888838656118314
0.32572856439972653,4.860954266907913
0.3442930425159057,4.494409219952454
0.4049049000476376,3.5508276733538917
0.3342134232903134,4.751001431361578
0.40147140832751443,3.6228041426265407
0.3510715414511219,4.323651985524651
0.3933198576849043,3.7544166454755827
0.3827119248496287,3.9014839713305065
0.37678551893428397,3.9911206835394686
0.38100852681111147,3.921991644764749
0.3691763988930711,4.156737368711166
0.3223324713920825,4.8792032933676674
0.3743689662526445,4.056244794628216
0.3382461247420575,4.638516136333665
0.34289024001802765,4.519971918332648
0.4294893578659716,3.340836791299458
0.3780944310925609,3.9157746126161177
0.35738389042286445,4.287853114198497
0.42514468441947617,3.4233639495488326
0.39527541967289737,3.75792797064669
0.37678551893428397,3.9911206835394686
0.32358029224666207,4.899144303391964
0.34057692326266303,4.56782344354036
0.3394391607848339,4.582090434590162
0.3490748296242911,4.399707124203752
0.36110412757470495,4.279586824503186
0.43680880537554045,3.32658111294079
0.35655565336331846,4.389297270797118
0.37366046158053223,4.00255754800806
0.3824431914847832,3.884622218886022
0.3701879808882321,4.085212900227811
0.3073576351805449,5.23105170281378
0.3786267159881635,3.9755517921039076
0.31479213681885054,5.089512726175649
0.3444870875960836,4.44048842268132
0.3601677346242122,4.190513151544637
0.306753368182588,5.282972077360906
0.281545556734191,5.948345252356672
0.3497008451313261,4.403651665917628
0.37021635990277313,4.126365531421161
0.3835287352727095,3.889053741033433
0.3640206325741893,4.090467631744351
0.3815489043235658,3.9281036060497385
0.4016858469548162,3.6650144508703346
0.32883915311105333,4.696900759249436
0.38873171790386146,3.8647737058515856
0.3765653517458743,3.96891305199714
0.3172940045203679,4.998025340662046
0.38856138123937256,3.809875293581739
0.3596699974003419,4.255613680121097
0.3613622230392675,4.240127037852863
0.2836223718663452,5.880069328645186
0.3357906984280244,4.653514839625943
0.3372615591256607,4.614595772384404
0.4352813581739309,3.3512682082724212
0.3953396809838506,3.7127062523304235
0.36542562626368535,4.114928389762863
0.37399916224552726,4.0570659926377095
0.34401285494605344,4.485013684421384
0.3476325038305744,4.381725171300754
0.41864310519951764,3.4884037343255576
0.3562162284018735,4.28664969996403
0.38135973816504204,3.9639246378424287
0.43731722569824144,3.293356650273637
0.415595578792446,3.534555223098869
0.2917355658289751,5.5106256864073275
0.2914255904233863,5.558348930729841
0.3290875391478505,4.768944165541735
0.35309250511078,4.373922172301965
0.326938752254009,4.863936749768546
0.39109117386972786,3.778846574457516
0.31103405917791727,5.158673754090069
0.3869262917887989,3.821482462000575
0.30600916718865245,5.24979527231525
0.3506786672993427,4.381902977203985
0.31388782024239636,4.9974747136987965
0.34037244302721315,4.5905123276229425
0.33854166359676224,4.527726873302521
0.4352813581739309,3.3512682082724212
0.3743609403082003,4.03240428529252
0.3467568625707662,4.402936634744718
0.322349363557762,4.913152431430861
0.36368734720323104,4.1192217049766615
0.3642742422446252,4.184596088934268
0.4070028450348114,3.6414636218735583
0.3692496974288152,4.12812118001539
0.38031904780049386,3.899432958208749
0.3739970624435839,4.020092875771447
0.3562016328534648,4.3279531834513785
0.37736629500983,3.987321807511201
0.3314664909061786,4.751104954396191
0.43927613854158754,3.250814173475376
0.3203352101610443,4.922655096526292
0.3200171876508468,4.932232947260784
0.394715470552494,3.7451213642818924
0.3554763222578519,4.239752552723788
0.33088492524248175,4.7873946594659476
0.3498176438628656,4.354896266048927
0.3391453688699061,4.485744142419356
0.3574044224509776,4.29377362215105
0.3691763988930711,4.156737368711166
0.37224211788124695,4.116331603348428
0.3174468481578718,4.993694517955671
0.3410920811788526,4.547607395445049
0.38909519058183767,3.8383892185918747
0.3710346797486382,4.134981263356335
0.40397572980786006,3.651487393234655
0.30982556266683514,5.139057694667977
0.34795532744350954,4.414530109239139
0.3724345142451779,4.063546275970747
0.298607487258172,5.493941541981411
0.4127562312197724,3.5826514432514416
0.3159442050234054,5.033579887452468
0.36110813324203156,4.288816687107178
0.37835809120300756,3.9433832937719955
0.33320308568866003,4.652190436457614
0.3442502498639462,4.477114577788897
0.3409697699079761,4.643679238606974
0.3265414831972986,4.862907542702455
0.3494728463171552,4.332376081120084
0.32858226997705686,4.804057080919548
0.3348524850380384,4.668244467514249
0.31985674326319075,4.925351965426698
0.30558375414315125,5.296579506278582
0.34168539588369246,4.526738098979619
0.2799828573779867,6.076148094095665
0.32101221915450734,4.9439719111105305
0.34661330874813384,4.423910949603954
0.3074568086354844,5.231097985953995
0.33372825946398016,4.6255808994683605
0.3702723010036977,4.007724846112137
0.38922460385390983,3.8191818458349847
0.3315311213067293,4.677017736225895
0.3858820116491264,3.862159443357494
0.37568510736028066,3.9713019396843703
0.40388979251884444,3.6744338338451255
0.3153566558648965,5.040148935193653
0.39403972802451437,3.794799010464823
0.3127827957153996,5.038074550907024
0.3790396856696458,3.9111949702659743
0.40150722367270086,3.723833080285689
0.30927422198977345,5.32968265307516
0.391593502398855,3.8224118983398925
0.41215865159998755,3.577282914573266
0.33973805521439593,4.620054960451128
0.3328276164490929,4.681853654571073
0.34973113741754863,4.432933203051416
0.3754758285457347,3.9549869398293396
0.3092625665696796,5.1781103196992575
0.3578038543810448,4.286578712212205
0.4015671261341919,3.6519090034572637
0.3838321843089699,3.8874805759259945
0.4107330954715563,3.6287038315273046
0.3673772460814084,4.126246338604019
0.3665402824431979,4.153098305618352
0.36256893536510226,4.210761720102264
0.32773318032047966,4.7751327394834195
0.4007233534716424,3.655625838816468
0.3530316527084382,4.339796445645041
0.3290977066170716,4.813260255011663
0.2862381152920734,5.697095146679604
0.3391519261782109,4.587968622034984
0.4037015285424201,3.700717061954619
0.3444870875960836,4.44048842268132
0.35750339258945624,4.258656110051797
0.36556160894572626,4.103689663213272
0.2940454989365805,5.467496289999562
0.40346567772614655,3.656614372043948
0.324431764237791,4.798383402294431
0.37838057948212184,3.9851720979041625
0.36936845567227916,4.081125063146146
0.45888265628026903,3.0950832369848333
0.34666260996943216,4.409735803225486
0.3130697645262712,5.138759940509601
0.32843713184583345,4.719180780653679
0.38921692950626696,3.805592825493743
0.3504555004666355,4.405986037038973
0.3583681299247732,4.227723643091872
0.3685084895196259,4.1373318695535035
0.3766283404199976,4.016054376393101
0.344313197934951,4.434787001768845
0.3728182707015097,4.09884199574559
0.4214132814547587,3.49862046988698
0.37012225450968833,3.986639769945408
0.3510715414511219,4.323651985524651
0.4211251330193453,3.4277384456293576
0.3858771143597226,3.877949255746687
0.3090133703033969,5.177387489329467
0.38199035902635164,3.955579757429049
0.3094424660839897,5.082563618223458
0.3219577480979148,4.914717310117297
0.3687791861883857,4.043683494840518
0.3510715414511219,4.323651985524651
0.42779419738255364,3.4003941824601496
0.3715558810371703,4.093001796451752
0.35679322977814354,4.25049815843569
0.3877906072915926,3.8006901001566065
0.3670939242653712,4.110698414862062
0.3640444043071038,4.137517403115443
0.40368370614239135,3.680262969816529
0.3838139516728427,3.841096839356915
0.33250064604759855,4.7026534864160325
0.3661896696203691,4.180493121599586
0.3718739583840124,4.080504182228673
0.40474577536675804,3.6341745434319215
0.3523643963576361,4.395951291189336
0.3785569420980353,3.9877675116314135
0.32509121879864,4.744262569869216
0.37347152993263183,4.002304642544081
0.32491944217794544,4.88363764655038
0.35727963218462444,4.274930669053311
0.33655025559435975,4.553082294900262
0.4009909814269693,3.7471829196247324
0.3587402316537994,4.227317330078746
0.35133392365969485,4.294063416887139
0.30611085103086916,5.312079108834824
0.35676694386473856,4.347302305548315
0.3638457457254353,4.105441925654187
0.3889291977125836,3.878324469622259
0.33707985439129795,4.625483965051629
0.359422863041371,4.249138468573414
0.38856970847615124,3.8111320083157896
0.38135973816504204,3.9639246378424287
0.3077806019373827,5.210087454673582
0.35722481304545844,4.235426696241037
0.34487254682429275,4.459644290399511
0.37301315196413126,4.010386676936148
0.2910414934764008,5.650898692387032
0.34879179961436524,4.370048442057745
0.40698944929709974,3.5841160643634318
0.35543287298296333,4.375924481329207
0.342369892131805,4.574170649669905
0.298943002177105,5.429850853586091
0.3862222063425458,3.8781426229611977
0.3691829015374788,4.104245723533315
0.32469314453689596,4.91903542119654
0.3411162950869459,4.528973668477034
0.32419713800980493,4.840168442472488
0.37300275773048625,4.047076296198372
0.3573201054301027,4.280180279524626
0.38486276529879865,3.8939707215472454
0.3869369206698964,3.831892797610873
0.34873363087775594,4.352885623589871
0.38667040724127166,3.831859893267763
0.3771051290312149,3.944676420748411
0.42157951678229255,3.442998285740891
0.3022003196954813,5.3689507280412485
0.3667572927162147,4.094924269408737
0.3981087860076426,3.7478650555967215
0.4107689857186293,3.5971003674203885
0.36127850214299967,4.201540430664716
0.38755810627553644,3.8219355948768685
0.3418709584693318,4.553371843265285
0.3236604531828723,4.870577492399009
0.38063691236949426,3.8740142614996835
0.31148152373220683,5.189008526134133
0.3953396809838506,3.7127062523304235
0.3283521715436777,4.757575489257873
0.37178567324753625,3.9795739370134036
0.3291847798842988,4.735467381010927
0.3592713940531162,4.197843947108239
0.2815886759074041,5.847063680232925
0.369782070686281,4.136768354714807
0.3582902749366942,4.260054724873222
0.3310115307567336,4.741503448913634
0.3082283888555765,5.2544084639155155
0.46550982234787414,3.0079263033555894
0.3031008401981248,5.251236888327871
0.3543856371251298,4.226049172921175
0.2923205429091651,5.620432845586525
0.3828677183962619,3.87507271485103
0.33614444505902374,4.648242160656993
0.3433857400122469,4.511053945129352
0.39482760614519513,3.75017315692558
0.3360438884060441,4.659192457119773
0.36079817724168267,4.167541444197266
0.34982545409262533,4.435126672993111
0.3633115295679775,4.265218608279539
0.3505995528736046,4.415352874304524
0.4009909814269693,3.7471829196247324
0.33812106199191705,4.6574012737199375
0.3316662905057497,4.717440925390675
0.348421008161516,4.36573024822985
0.32934946633619167,4.723426700001416
0.42601911290493333,3.3880961731893953
0.3490152339590893,4.429449206854801
0.41426068596502086,3.5612585947823443
0.3459379390000317,4.45082254104286
0.3993355083397376,3.7647002172616193
0.3411334997994599,4.558653042905574
0.3915766218415755,3.7810204295421195
0.2866911713739574,5.708926619267914
0.32314900026210525,4.952737082707726
0.3611085064518492,4.343306447601586
0.3659911840452265,4.185601666292339
0.4206474400654763,3.4796778000314923
0.3135949454597826,5.100648772016056
0.41828135448516707,3.5339810504401705
0.3871636797523761,3.8068609582419133
0.3753622081156891,4.051994757454216
0.34311140900807807,4.47969264550903
0.32384329093460745,4.7817843671275915
0.25999613480239997,6.589929626726807
0.3844136579104672,3.8532307937434314
0.370456564975024,4.068891052349436
0.35968297898494256,4.2239008660652395
0.3290977066170716,4.813260255011663
0.39685687399500785,3.7268964011347627
0.4185046718381677,3.447003127482044
0.3172663006635302,4.980118237688887
0.38175822561932643,3.959099649703856
0.3939689038737196,3.7684952984891704
0.3791776266545106,3.9164272611086566
0.364608938435023,4.207630086431894
0.3460114782810479,4.5173058960974055
0.3785569420980353,3.9877675116314135
0.3965734543743932,3.764370561135234
0.3416752990536442,4.51355397046528
0.32577654367672,4.819670803359188
0.3638689671206377,4.282300354338665
0.3466242116656263,4.48016275440749
0.4130475536346708,3.574628714947693
0.3873594362118505,3.7310388091377504
0.31879175025631734,4.955991282013863
0.324431764237791,4.798383402294431
0.36042368239338546,4.205021014342751
0.38647400867466675,3.844054980397584
0.35020105977004656,4.369780326515409
0.33178572801340084,4.748692811968581
0.28150820460475967,5.815091825173336
0.40522354016699136,3.6397926317587337
0.4082840027534527,3.6614872528943345
0.3719327962120942,4.021865981037693
0.3148538578369898,5.108538377192303
0.40710283836740846,3.616681858657788
0.3398845452803206,4.604907819897239
0.37959192921656865,4.033688571204022
0.36361614052007907,4.151913151859703
0.30294847455230106,5.35828281876798
0.3541556134069485,4.349033650323324
0.3733021980439819,3.9919232083885388
0.3529064945894951,4.438524502387906
0.40971197875262727,3.5566750311674626
0.35360882502721247,4.455665483533371
0.32320281677255314,4.9675822643517
0.3867574818388621,3.9068054154570944
0.4630331725329314,3.132693867309832
0.3331810924742216,4.680534821575862
0.366766939929243,4.155192287819739
0.3074076092926647,5.249898730308315
0.3724799730762447,4.002686612231573
0.3544382576324966,4.278264062149866
0.3535643051029564,4.319685951608632
0.3293399386267284,4.806454452838381
0.3357906984280244,4.653514839625943
0.31222829767380106,5.115242160389463
0.4341282641493889,3.330082991723942
0.4471354296359304,3.2242363853576896
0.3586649416580016,4.263595515567589
0.41609739100206494,3.526657581492955
0.34431408175461675,4.491487087671807
0.4010557476410255,3.7222090735518325
0.3085979094155609,5.069706536589246
0.3662327778699562,4.150521476113962
0.34550564797477024,4.40553905289231
0.3533129410823628,4.341594884991529
0.4919925338259807,2.8647245800435406
0.33878764704090036,4.573031722010085
0.3878570994193149,3.8517187219311446
0.3644379752591764,4.215661738469428
0.37954397228738973,3.959732218069856
0.33184540302651855,4.681804813728482
0.33573288328267115,4.6261909708573805
0.41633840673461076,3.4603238844375537
0.4152087478777874,3.4741145204970607
0.37366937285311963,4.022826851316232
0.38856970847615124,3.8111320083157896
0.38444246641197577,3.882693236347442
0.4098670586184337,3.6043083496934654
0.37144687575058466,3.973356890009667
0.3255338874534243,4.866361642253293
0.3686994976364967,4.07455064786675
0.43282836933339247,3.359066568719375
0.3638330174749435,4.212689159675013
0.3123291273870708,5.043140821980639
0.3646876890099198,4.126758821143451
0.3019723779065481,5.355794788883692
0.3453841302148142,4.543500691071657
0.41795583380491413,3.5297468574755873
0.3494370430814069,4.394397556572202
0.39709430773377874,3.7538016327906014
0.35398541284753204,4.259705231105114
0.3062073610748086,5.188130011555084
0.33283789615357295,4.681564113597715
0.31171441265023603,5.1739704430284705
0.2868641428422077,5.8347357997599705
0.40755512998582866,3.6334754955950763
0.2978446618058779,5.497173406730917
0.3992560106387713,3.686915250434076
0.3483488619647295,4.436200375493627
0.3412299275559663,4.5420553472264045
0.38856970847615124,3.8111320083157896
0.3741268753804819,4.013175087805462
0.3724345142451779,4.063546275970747
0.3393597332997592,4.576548185667596
0.3668133270875278,4.232440954779729
0.3359688228856169,4.704526546617238
0.34078913034138436,4.529801956626348
0.35150575828635344,4.366650355945026
0.33129235813525443,4.763356715740022
0.33830492023384445,4.587237064665146
0.40523456428223553,3.686225543296349
0.3167845457235496,5.052303153726179
0.3569485343779903,4.282609194357963
0.3411564165311567,4.55683917642667
0.29548568909865325,5.599434291693769
0.3407470410181713,4.59899781531616
0.37097448780472353,4.049406022601844
0.40733337636267114,3.580006402204286
0.3577730156578639,4.263218014670201
0.3169942608971736,5.108173456693571
0.3571266263417297,4.3136482937585345
0.34962329637235307,4.4142016653038
0.32920264690466755,4.8209710062582065
0.328778952938912,4.786489118077794
0.3318144034879596,4.72476460993597
0.32600240886538123,4.800888429525089
0.3957109397660437,3.729925293528454
0.32027381125232246,4.875762892351806
0.32308052856778313,4.915349812747863
0.32444705527736256,4.820289849776556
0.3710669958820854,4.028390859161529
0.34626131219357464,4.47214795627456
0.28795159420733724,5.692539835501627
0.304823168163492,5.2149574088141355
0.356044601491384,4.299251429544357
0.37396654167115645,4.003773206225942
0.3389502044639047,4.529306224400453
0.33950233815908504,4.648669241863092
0.3624970314816643,4.209207464382956
0.36994592442596735,4.120121233270682
0.33534136466244285,4.626482638981488
0.33221459109749363,4.655173000171335
0.35612855187581866,4.305679501892449
0.3533129410823628,4.341594884991529
0.3738245284545293,4.081954139351394
0.3447792951135706,4.454978409161316
0.3830791371032177,3.8635015696255195
0.3995213397655787,3.685314986043476
0.34425541898563905,4.540903717904676
0.3636229843733494,4.218374871284561
0.40315290413440674,3.6637999107284944
0.40346567772614655,3.656614372043948
0.31649719527617753,5.0441743112993285
0.3816694965964146,4.009903438335517
0.3870404666559542,3.838611243547537
0.39240905820212213,3.801618175291666
0.3394916268675311,4.566354766351312
0.40505102121385556,3.6408802027078475
0.4076932024690243,3.5680130469019837
0.3112310564273237,5.186130078542972
0.319995470202622,4.90361742287493
0.3985781937593098,3.7081659977510286
0.3412475718147226,4.575869567948953
0.3154688094345881,4.920110248466538
0.3189302576360418,4.956127681026543
0.3815419648045457,3.949871115956448
0.34712399045075226,4.478798049147904
0.3441663046725319,4.446940372181998
0.3415039775912292,4.628587231285481
0.31969660847169434,4.94523149942317
0.3138203236125684,5.059369978105678
0.3792507483864982,3.92181848797072
0.34748784645342395,4.525570857490317
0.37948585797876805,3.9876508389695027
0.3242870397350937,4.910153920923462
0.37786694039922425,4.018649923306055
0.3585360707415055,4.209221558643358
0.37276742299661403,3.9953237900353407
0.3955145284908737,3.7215383797779955
0.3936052580831913,3.772771334613731
0.3844136579104672,3.8532307937434314
0.40239302863564536,3.6751542788559264
0.34666260996943216,4.409735803225486
0.3298093862032741,4.807119511617214
0.34645891379025,4.479173480231276
0.41545004632916044,3.56439464272592
0.36243581580681616,4.139631585623217
0.3453074049238329,4.498506785756017
0.4050905750118541,3.659685926717495
0.3974946308853526,3.7385141025610893
0.33112201378860817,4.693475498848909
0.34153244558467266,4.448056517389506
0.36918719261546706,4.001928706535647
0.3215764682197174,4.938614349466627
0.3419801091877328,4.571817982196188
0.3734931280221949,4.049703153887686
0.39564995045798435,3.8006849195785177
0.3039276366228847,5.312199715278684
0.3685084895196259,4.1373318695535035
0.3725699897722425,3.9999428734053843
0.31260961740738163,5.033756667923872
0.3374990801482298,4.595723691059143
0.41354669897997565,3.5610216224784765
0.33702258573619914,4.631674363952094
0.37335988651950747,4.057124030821911
0.3720870325300307,4.040883721711905
0.3495791916563397,4.375977795993147
0.37613041367949485,3.9790210434054307
0.3476325038305744,4.381725171300754
0.38885549967968,3.79623826274514
0.3829506039886841,3.862334028367618
0.3579041527793508,4.2714867835905235
0.29039442543931915,5.756959417296305
0.35650119774804095,4.310282241279754
0.4156750689941893,3.5746967395585467
0.3305610317192019,4.771926759973485
0.31029499344191014,5.251208547609433
0.3585360707415055,4.209221558643358
0.38174677734678886,3.8684783628685153
0.3960509565456862,3.7449455016337803
0.3230473097587166,4.916234717291475
0.3392572314530133,4.53440196423358
0.34875607819567367,4.3780630374872285
0.32336831719071113,4.885387830772852
0.2939695043876045,5.493812231368227
0.3832209867802997,3.9091317850425957
0.30977589849610127,5.1749817788784815
0.3774532850812954,3.9153763725423203
0.3562016328534648,4.3279531834513785
0.3861638276524567,3.8703588511775484
0.3326444328128237,4.715318321764381
0.34903520289385837,4.371921123073146
0.34214931198222354,4.5086587722698965
0.3891878539248237,3.78629565341756
0.4330124009758816,3.3529439943890695
0.3925088982800293,3.760849780714128
0.3165598559962182,5.056338921234382
0.40261094810578063,3.6525691633381556
0.34263896884629,4.530973017032664
0.4034217523144536,3.653367090736537
0.39770521213234944,3.7198744283943768
0.27605844816197767,6.095046392211711
0.38365987290441267,3.852662501285381
0.3503313639793329,4.413549421567201
0.31693353105181377,5.0174657127297
0.3363747464125022,4.6261731305241875
0.327568895071296,4.849519077581957
0.3308475542913317,4.7453463415152255
0.34442144806946573,4.412329133652395
0.2895714290959607,5.6429294256520475
0.3964441186952802,3.733773367780125
0.38167884898414584,3.914950793274886
0.3372769904438162,4.58949239734293
0.34184508258276414,4.552169535782615
0.34984345756607504,4.434004363982503
0.38790903723791864,3.8229779641966566
0.3752523449399416,4.085776859439903
0.35032861054636516,4.380021246264217
0.3262115982804432,4.852481505785255
0.30966373961405236,5.168508464232072
0.39863371330749664,3.7945579721373788
0.39203614539506304,3.837147057981216
0.40407561941664843,3.6520138559300106
0.3471046045137248,4.462264340104552
0.3691777328106665,4.076374997769368
0.3979729599210237,3.7534960457254094
0.3815489043235658,3.9281036060497385
0.3283521715436777,4.757575489257873
0.32822746738442926,4.750261353786685
0.3533859818007841,4.241134831726956
0.348421008161516,4.36573024822985
0.40941789201942225,3.4852878039086734
0.3897095641572928,3.8716799409337335
0.38767854211038194,3.8878076890150015
0.33112201378860817,4.693475498848909
0.33282946680629805,4.64433200128184
0.3646876890099198,4.126758821143451
0.3748337762739452,4.024308766571971
0.3769212653484403,3.987144044046234
0.32792703227517084,4.7890883454850615
0.320710080576413,4.959234529744975
0.3636229843733494,4.218374871284561
0.3330860753836066,4.6826611685563
0.38114747844287555,3.940013680014469
0.34223849943474466,4.585369283938878
0.4301197044746578,3.362647244056026
0.348116238346619,4.41719511556779
0.3766283404199976,4.016054376393101
0.3762131197690995,3.982475278376722
0.36541159447308624,4.142271618991866
0.28563602897444174,5.685720546883045
0.33069805412246983,4.714002350032534
0.3374580425945177,4.618931809004192
0.38478421013577524,3.852856350334509
0.4096459115538837,3.5395331296830985
0.3449987132433573,4.508644215334305
0.3565512136789261,4.2925639607157455
0.3806587087336681,3.949881346796461
0.4654389006988834,3.0608433942891806
0.42848175192658244,3.4480369203340464
0.34401285494605344,4.485013684421384
0.40473520219113734,3.6716466190643877
0.34666137262288127,4.498840887419111
0.4120407592105788,3.551776588270577
0.33129235813525443,4.763356715740022
0.3203261688743818,4.924167442162877
0.3595765137996639,4.22144656703527
0.3721401416857437,4.083391107955075
0.35067861066082634,4.294843199253831
0.36738834644036544,4.182013669876989
0.294720233059016,5.558336677252405
0.398787934906168,3.726005926518876
0.3846142110265203,3.941283308984436
0.2995826756813561,5.563826612270268
0.3672978927632998,4.095927756902806
0.32458500154793973,4.81940248880068
0.3071997103236691,5.151671725405051
0.31879175025631734,4.955991282013863
0.35440776198488566,4.351296342638586
0.4094652638172125,3.5314220590830767
0.3734931280221949,4.049703153887686
0.3642871844321024,4.169872333556411
0.342369892131805,4.574170649669905
0.3290576643635937,4.717996711065747
0.37457308772463,3.9606011430750914
0.33659523869884805,4.586685015049753
0.35287309157218844,4.394221010392213
0.32822746738442926,4.750261353786685
0.30469111010407557,5.254510421977072
0.3744616621420327,4.0227138122001955
0.36612144429981425,4.168411969717622
0.35456605657792656,4.307733829791903
0.3486439325792173,4.50395566776152
0.343031393642485,4.4785822101782085
0.3933198576849043,3.7544166454755827
0.32505757177507144,4.793863655270948
0.33117848852407955,4.6929617703234205
0.3735803638044494,4.091019600429942
0.3403604499175291,4.523715302707521
0.31610878881134963,5.0386655465656585
0.366766939929243,4.155192287819739
0.3408562389764946,4.560890979701664
0.38940208068817683,3.8016608196634705
0.30035107401988664,5.462329809545377
0.3835358408805372,3.8995871631259695
0.3553683916833926,4.286523469709742
0.3842427634368869,3.8479733732546553
0.40765791093699166,3.6524739415681093
0.3820260677582057,3.9098917947131735
0.38814972014372207,3.8476593078292343
0.38830968078380984,3.8345194489122085
0.3219133460454702,4.903190263946646
0.35627272512682795,4.268577872312971
0.3720515961177069,4.054790542693343
0.4214132814547587,3.49862046988698
0.3626480509216593,4.257193380659886
0.3225676039397168,4.902819578167699
0.3541069846545012,4.430731749760169
0.3426658814934771,4.4649828181242635
0.33026742478035737,4.7185430142156175
0.39656942996655037,3.759568868880865
0.38763381936241204,3.8129627457683437
0.3820925263626916,3.8673446446403497
0.3832209867802997,3.9091317850425957
0.3774165796750443,4.028603605363189
0.33573288328267115,4.6261909708573805
0.30904968977453845,5.213023638492392
0.3516400253152279,4.437617684985609
0.35867957774116427,4.180676076033944
0.37921665290041107,3.8552248035646492
0.34248814412921186,4.557816813578365
0.31249895790439824,5.195501185366322
0.4094652638172125,3.5314220590830767
0.39959728891424157,3.6806160959745777
0.4366417322825449,3.3040826976913884
0.40941789201942225,3.4852878039086734
0.3560509187770133,4.215116418494113
0.3975167689360189,3.7375709121980307
0.4100694026979969,3.6092387494189566
0.38540259849352115,3.8355321227495085
0.36677127975886864,4.127850919697023
0.35777290519975524,4.269788057203811
0.33613866000754955,4.643076715029385
0.34973113741754863,4.432933203051416
0.40844441193471226,3.6045677330299246
0.298607487258172,5.493941541981411
0.39347439660733347,3.75005246879753
0.39623932911476745,3.7156293774557057
0.36691880951049094,4.098440234094717
0.3520446022997467,4.309616243194045
0.37782731922172885,3.8910396146510693
0.36354267061093004,4.130650492650353
0.3165598559962182,5.056338921234382
0.3177998009519098,5.003900684989366
0.3613622230392675,4.240127037852863
0.4100628861229705,3.584875249124591
0.37051325068510205,4.085015163880131
0.26427712755123284,6.643958125981229
0.34311140900807807,4.47969264550903
0.38444246641197577,3.882693236347442
0.40755512998582866,3.6334754955950763
0.33301713967077196,4.778896763940533
0.42325213471752454,3.4306318328042287
0.3242282656943611,4.800964080583912
0.39011862753628046,3.830026115166179
0.3104707909587441,5.113096734863135
0.39247421051210085,3.792028480405511
0.36502814354299806,4.178200099799459
0.3303432261844717,4.698416529237969
0.35771452173127044,4.228668047715635
0.4091381772103575,3.538643272604174
0.3272070065331434,4.740136926747271
0.3810649571090428,3.9491057859867587
0.32681357550182194,4.814204742243859
0.3479261960227522,4.441322678366917
0.38441673941764504,3.867880044093825
0.3380459985710264,4.650243013115953
0.34480329427350725,4.4496517825745485
0.33982489066638527,4.590499177890253
0.34136496651918063,4.528449923629276
0.3474905910218532,4.402948212617478
0.3722327963669144,4.06739698683899
0.3823987777925123,3.9346393707252814
0.3802794678620912,3.931733133530139
0.33216226042257374,4.683368486619026
0.3372769904438162,4.58949239734293
0.32825975665955376,4.72822154754766
0.3111489507840478,5.143660645762597
0.39421741416643435,3.7759382562791255
0.40094718911996263,3.7079536000259576
0.46161209044035584,3.0511923937183565
0.31419524619731815,5.173444336265606
0.28930308917187875,5.680935084296606
0.3504901388731528,4.33827918783814
0.36007223584122006,4.250622500617335
0.36058664404731594,4.217032082809787
0.2910414934764008,5.650898692387032
0.3441681606808932,4.579406663644946
0.35415525276693177,4.307386761650336
0.3721401416857437,4.083391107955075
0.3572893003076562,4.272036372477778
0.30905606869112623,5.277588152461218
0.37889961312943726,3.9424341906278926
0.3259793795435401,4.896818590901367
0.42601911290493333,3.3880961731893953
0.3590377845306034,4.163909592188073
0.36143940553406956,4.234937218961148
0.3704752653960417,4.029344224825771
0.3587966457044459,4.201683618562843
0.3743689662526445,4.056244794628216
0.3379286779524307,4.58661273032302
0.34077617836557045,4.612945674181181
0.34226439240682205,4.5301833755795196
0.35861595549962977,4.270860590644411
0.3529064945894951,4.438524502387906
0.3336882273958809,4.707881049341158
0.3577730156578639,4.263218014670201
0.40529095989543035,3.553422823309649
0.33099875860789313,4.6965633536114915
0.33494475287478154,4.558510463657789
0.363139602115881,4.139010103183125
0.27531956048035905,6.187895011538277
0.3492166660440714,4.336942429323475
0.3949034124159676,3.6836570162444007
0.3523485614802176,4.307081214431089
0.396210116481402,3.71154155841611
0.31997767860359666,4.971256308677438
0.34135891469390933,4.530261731304021
0.4051573424293972,3.6370427090319337
0.3581780464914122,4.244603255997163
0.37051325068510205,4.085015163880131
0.3598264380180438,4.229355588812479
0.36666457567259747,4.0671269014125215
0.29681045773627196,5.502992059310246
0.3598848923870401,4.1788865898498235
0.3882096706217722,3.774829667227558
0.31335643242331174,5.221235945880865
0.3932923073270838,3.7465879725504605
0.34788879653907745,4.430662680757158
0.31801081372507034,4.9874186931594
0.3194280938558453,5.019799205138717
0.3104707909587441,5.113096734863135
0.3833509683361776,3.9185137132730046
0.3780944310925609,3.9157746126161177
0.37190041608532337,4.09778613455584
0.35155228749056106,4.419348035611351
0.3452846754766635,4.549078008414848
0.28264987029934535,5.835062301215882
0.40701845073787296,3.575889120703123
0.3714319938010523,4.128238496591332
0.32822746738442926,4.750261353786685
0.3647394372415075,4.165888150150579
0.3232821279467952,4.939845962400054
0.35816091397295896,4.2444412017519655
0.348421008161516,4.36573024822985
0.39339799300976547,3.810027349206846
0.459010734436928,3.1000402743495257
0.35898898609946556,4.274637923140904
0.32704234612405814,4.810299607810585
0.3337896129211476,4.712819012595098
0.33090172319608,4.694214817796592
0.35415525276693177,4.307386761650336
0.35069936853576184,4.353799055017373
0.36340603400615107,4.107984441952696
0.39611769833713995,3.72244558433891
0.35962356738005635,4.300835920435034
0.39011862753628046,3.830026115166179
0.36341571113830534,4.119657164096181
0.3523485614802176,4.307081214431089
0.38822734110411794,3.785274764284127
0.3614988120206506,4.2296812395290715
0.35968297898494256,4.2239008660652395
0.3659840998002307,4.128433812764409
0.315504708164877,5.0656601318840835
0.31103889449516914,5.159059729132187
0.3355728732803503,4.582430376269822
0.4009250107241885,3.648050796198065
0.356870618302564,4.236773431564985
0.3503565571762563,4.38471837513335
0.35291572528728826,4.294972786493644
0.3727672908160737,4.1186546654816505
0.3187701188964634,5.072056478157199
0.3537891962863025,4.338579208246732
0.4041928174540691,3.6769585207118975
0.37399916224552726,4.0570659926377095
0.38921135879465324,3.851284023472844
0.33301713967077196,4.778896763940533
0.3472136336849927,4.500910676455426
0.3546267438318605,4.3696144504687435
0.34463515522048993,4.458048984104465
0.322349363557762,4.913152431430861
0.40172383827158875,3.6568475118099903
0.33702258573619914,4.631674363952094
0.3290576643635937,4.717996711065747
0.3566797402627052,4.322666311042183
0.36953694081547883,4.167165960915415
0.38728207441673457,3.8177288622176255
0.3164274229514298,5.129222225305246
0.3454710447084568,4.418899598952562
0.34449120980296416,4.558740118794426
0.35470940870493467,4.281773266008951
0.3140617548624797,5.146892224337106
0.35221003757425934,4.321626739822791
0.35656915314904425,4.226699091478479
0.4179966179038639,3.4803272821572167
0.330373499791378,4.790440912477869
0.3822184489703516,3.8733282457406975
0.36080168311561445,4.220671510660182
0.34662048936196493,4.469475448818764
0.3495908200860022,4.3713177297306745
0.3754435122822364,4.011313102053599
0.33722593097867787,4.652493294249933
0.3862392172398686,3.8567494288366593
0.3490748296242911,4.399707124203752
0.33402259055279987,4.721529642298077
0.29997862014077276,5.403626237723204
0.36804047176119037,4.0961935557746765
0.31249895790439824,5.195501185366322
0.4189397280339829,3.460084922834492
0.3420038313864759,4.470510092444967
0.400136893937426,3.691633939675272
0.34822852940192445,4.38842703684915
0.33134554906862873,4.7317875122405075
0.3993355083397376,3.7647002172616193
0.38767854211038194,3.8878076890150015
0.43720439228286795,3.3463792965673536
0.40695769222576583,3.637889941040228
0.39547897149250816,3.7885449681434147
0.3435176862500802,4.522532095453529
0.3813238507271012,3.911219046624319
0.3595578916229287,4.219141715234755
0.35538091885205964,4.390712419347428
0.34453184309539997,4.486738274266082
0.3070895455565702,5.149145974930425
0.298943002177105,5.429850853586091
0.3605552535868528,4.174280912612585
0.33549077407836303,4.660360472195261
0.3275821660939936,4.762230046619555
0.3833768467678062,3.858704953268116
0.38922460385390983,3.8191818458349847
0.2900273993123458,5.663205207760866
0.405176082164332,3.6050429405802342
0.32797264073499793,4.806647060943524
0.3455719488703471,4.478026560925674
0.3579946043278373,4.251952750230762
0.38633107950097434,3.8530263371658005
0.3756201875630725,4.071893417736784
0.33620454878011996,4.6340051744076085
0.36361614052007907,4.151913151859703
0.37624934983892133,4.002744571075598
0.3602772875377507,4.258133225420391
0.3512685720835633,4.43435130131575
0.33166543089221584,4.769644872599517
0.3367208826262094,4.596053030293554
0.3061141911898908,5.249582905154396
0.3743609403082003,4.03240428529252
0.40407561941664843,3.6520138559300106
0.376416080958858,4.0115572404091004
0.30807356280452824,5.227095584130309
0.4014382002656667,3.659137309834818
0.36549803717107565,4.171064414110666
0.3224498608096903,4.871788409163525
0.30769697248271616,5.224331395158572
0.3273394313284754,4.834887125018741
0.3587966457044459,4.201683618562843
0.3877012095620358,3.791214452378888
0.3347665896315107,4.701950104325577
0.3491521221770961,4.436323193520482
0.34758890386829183,4.387063262110525
0.3919393877451038,3.8128700870718477
0.3427979830497217,4.584593869081397
0.4090681051088524,3.576079142531377
0.3852705803565365,3.869289168214635
0.32224817399815203,4.973518952586844
0.39347439660733347,3.75005246879753
0.37678551893428397,3.9911206835394686
0.3227186639072942,4.960911568130848
0.26308846153996934,6.5504069615613725
0.3462555349760005,4.486491491186
0.3425419715532713,4.546078685076472
0.3856358608268327,3.837178815251069
0.3855577277563242,3.926054419086352
0.3551863885827132,4.232105273056487
0.36457242428725434,4.067434340235345
0.417323524391124,3.4554078885049884
0.3792386382226837,3.944656577579747
0.32384141849508075,4.880754047085119
0.34383395452962207,4.421020567658356
0.35155228749056106,4.419348035611351
0.3725735424467459,4.058064471089326
0.3175940469906494,4.955570657512856
0.36700021050250103,4.159167602331927
0.33191170057324765,4.637058881695131
0.3954633381111339,3.7039607512142734
0.40941789201942225,3.4852878039086734
0.34791109956079436,4.319579897283472
0.34822852940192445,4.38842703684915
0.29812202589906217,5.445597994078395
0.3596616897322465,4.263067254519106
0.34941726889312524,4.389568191364164
0.2990394011961518,5.338060004632587
0.32798869037909456,4.71919315151996
0.3376437010650223,4.559638477316446
0.32871074612145235,4.785816148376303
0.38670324002815815,3.862947691601843
0.32697228526426125,4.871947237585359
0.4058885506033141,3.669859177651232
0.32355607915198836,4.859662425428753
0.3666049278278667,4.18019006175427
0.3498367463267375,4.3672278228204116
0.35933036030551063,4.260971637343704
0.37465796220926545,4.061835285452317
0.3995213397655787,3.685314986043476
0.3832209867802997,3.9091317850425957
0.3806106587861852,3.926537508104048
0.3133453256028659,5.097597756792401
0.32222589022002396,4.8994024308149315
0.41502446832178264,3.469286525502494
0.359422863041371,4.249138468573414
0.38801424832146925,3.8376375824733944
0.39108902313525623,3.8331767471856764
0.40014344909925437,3.7163359657102526
0.38370375762940273,3.822424850410201
0.3509900127247372,4.417757323778098
0.36867657833505446,4.133135435306924
0.34425541898563905,4.540903717904676
0.3293763411395809,4.788341459457911
0.37680752690994523,3.9665818370947568
0.38083682450645473,3.872796358591448
0.320721634468008,4.850758749372176
0.35434714400748424,4.297888788649527
0.3653497428122496,4.11851792095847
0.420923923016616,3.426804623425839
0.3585360707415055,4.209221558643358
0.3172597832891184,5.096402456037768
0.3434580983780407,4.499648385033266
0.39578120744597456,3.7604368974939075
0.3617306577689301,4.147058828997095
0.44087908146121246,3.2563683536976704
0.3567568343410925,4.277590215736769
0.3618885767581376,4.227786496790281
0.35360882502721247,4.455665483533371
0.39537898208733857,3.708303807956058
0.35526400999569707,4.276884586075075
0.3580388920215996,4.2281521158168704
0.36820441180254937,4.164887713641647
0.3414513340001505,4.651215471681869
0.301131561062513,5.32716602615986
0.3655942265038195,4.0999704172420515
0.31379490382049163,5.076760347516511
0.37890614240040754,3.924038199721098
0.3476724293927336,4.402491641518395
0.382036850186822,3.9945562266430783
0.3763882036124034,3.9518010673126285
0.3566699671444276,4.313609224635932
0.4163533083995074,3.49418311495996
0.3657009717231787,4.160116476224494
0.33089199495452193,4.723965240984568
0.3462555349760005,4.486491491186
0.3790789294923782,4.05110402827414
0.35703081880803,4.212906796344663
0.3704476854970474,4.118470235201837
0.339859438325671,4.581234139559034
0.33346625576700983,4.738048011007653
0.33426167608007273,4.701873633565177
0.36110412757470495,4.279586824503186
0.3887910492613507,3.7338907289920087
0.3327864922244791,4.720127066673559
0.35180230959186815,4.369369921305396
0.31719764293651037,5.038046576982706
0.3584960997870105,4.244493257533206
0.4330056122644633,3.3556579229177217
0.2915057841423852,5.519018720369025
0.34729503287597296,4.4693494394129
0.29799368033202656,5.4525792267891635
0.3851671389915491,3.8762252206899626
0.3167845457235496,5.052303153726179
0.3381821412724383,4.627005806747543
0.3672946010595322,4.143088230622773
0.33614696678156625,4.652051160518379
0.30944740283041927,5.226218247950164
0.3317529435230731,4.759204251922962
0.3074398891402999,5.234140445817419
0.33903995717093866,4.579336132182305
0.34222972154020576,4.553325487687957
0.31605759313861814,4.9667626854395746
0.38526962953226424,3.8867821051901594
0.4123044458772883,3.5444755586482404
0.3004535810086547,5.392890110696277
0.35155228749056106,4.419348035611351
0.3789642066640472,3.916104811350909
0.35723226355216586,4.230863159158072
0.3421914536213602,4.471268484945692
0.3726563759586788,3.996800834633214
0.329319514313654,4.7123468480615855
0.4186239695604178,3.467825068079835
0.40074674372292063,3.660985885202303
0.3655568012545652,4.197747661503731
0.3548336395223079,4.3204190283272155
0.3659840998002307,4.128433812764409
0.3140558047967256,5.03096163295828
0.3752523449399416,4.085776859439903
0.4152087478777874,3.4741145204970607
0.3583046646181062,4.371779431171549
0.3128555597477559,5.093965462712066
0.3697579149584601,4.068263018905716
0.39559942699463885,3.8301780508338115
0.37881225068572805,3.988750310838976
0.28878679000128155,5.790802835828411
0.37332713943026896,3.960919949141772
0.4567696724027316,3.1482603074204154
0.34768237689341364,4.417973905384992
0.3706666053754477,4.084461783593387
0.4140741839052534,3.5485950594749287
0.33141751411344766,4.72225741450966
0.34903864775136184,4.389764699922623
0.332443461500635,4.7701651604033914
0.39882204125996623,3.682556644377971
0.38524748163282907,3.8744434552975497
0.3374990801482298,4.595723691059143
0.3554763222578519,4.239752552723788
0.3422243162621487,4.595236443681789
0.399991695493917,3.6514097725467245
0.35470940870493467,4.281773266008951
0.3211262212736844,4.8839660694966005
0.3882894712073457,3.7826698728037025
0.35744284308487967,4.327657086258524
0.38902396422270996,3.8331212251566273
0.3592018532155043,4.245089076085765
0.3394637436895753,4.517113181249223
0.31975461629274876,4.973573993444824
0.38456986456607056,3.8671235595320295
0.29537768748451704,5.581232350359124
0.3427233475207327,4.566327724186586
0.4097984922100026,3.5641780312465765
0.36209400711482853,4.203489994980101
0.3493197418074601,4.426485860575974
0.3821441086721856,3.9042644841951466
0.39536537454867793,3.713436446640509
0.2826996804087678,5.973969737930325
0.3781352746029749,3.9680964443251647
0.32384433043337535,4.931546446481183
0.32509121879864,4.744262569869216
0.3607011605630414,4.237946675532978
0.41401809875464873,3.528514645173538
0.2525512629794122,6.917555785460366
0.3528372738909188,4.425796560612518
0.33375695750252166,4.687205977536047
0.4090681051088524,3.576079142531377
0.4106236974375164,3.508996376597749
0.3189302576360418,4.956127681026543
0.3534130569726896,4.344868030060384
0.3576610336040671,4.277213999776625
0.3626794039415929,4.230878917110377
0.298607487258172,5.493941541981411
0.28635227916729805,5.815277720072576
0.3317973094343795,4.67092864496979
0.3417478920746452,4.501764544334709
0.41037295431440607,3.586020720001626
0.4131564376501137,3.5177459750245874
0.3583586644496385,4.302402789707441
0.30062628356231147,5.384308073681977
0.32854252262877637,4.822253651727314
0.34822852940192445,4.38842703684915
0.3391523481032841,4.551782252143524
0.38767854211038194,3.8878076890150015
0.3337687535616699,4.665016072555749
0.35172342475037405,4.330131081798768
0.37484532653047264,3.9409792586078316
0.29955806195981366,5.440412820354591
0.33461013347933843,4.765313326786235
0.33859490464250136,4.660402168089945
0.3531159028769035,4.349513777985892
0.37023930715092,4.121134873617306
0.32822746738442926,4.750261353786685
0.4090098653539911,3.6140738371671195
0.3537490008689562,4.381427042370018
0.3785317183365945,3.9879178487257523
0.34849005968103647,4.392874412691594
0.37835809120300756,3.9433832937719955
0.37860374950430153,3.969487724408162
0.3354955952537178,4.671560486256867
0.3373057559262359,4.5371881961500575
0.37023930715092,4.121134873617306
0.37943459553965075,3.9469728254960676
0.2722917596187679,6.199761531366875
0.34966752115460303,4.363285174444443
0.3840700172283554,3.8554345074491008
0.32641637936618223,4.746160765429552
0.32778966716429236,4.821010242333642
0.3952258917580946,3.730233332124167
0.31445555453530116,5.075788593806107
0.26554414795194214,6.377412345742736
0.3720870325300307,4.040883721711905
0.3412747544251836,4.59286217986109
0.32000372079742795,4.923527991723151
0.3375780775175167,4.624992081663714
0.32820755431497634,4.8101927199809
0.28715521085767737,5.916901121202151
0.39247421051210085,3.792028480405511
0.34818954591298373,4.517566225611792
0.3399220340430579,4.496218538296881
0.36779016824771144,4.1343639148233295
0.3335856398339347,4.671145631629415
0.35155228749056106,4.419348035611351
0.38265994814256765,3.924368568287501
0.3617325658770941,4.2308398873648345
0.3405873747938746,4.504514145957214
0.3544382576324966,4.278264062149866
0.367063848545691,4.149852010470366
0.2850355537242836,5.768745901192677
0.3449898859543378,4.5273764373942385
0.3812039494475098,3.938823257165872
0.295340440216931,5.516312911192741
0.34729503287597296,4.4693494394129
0.4121042286407667,3.554701328064799
0.38790903723791864,3.8229779641966566
0.3815235754026705,3.9382937377745524
0.368157718273892,4.149922957494119
0.37134660711568707,4.026107744760742
0.3533129410823628,4.341594884991529
0.3466818767787491,4.347578356465317
0.3886368388720752,3.841635184500093
0.35089234253699114,4.336446231948564
0.3035541318588226,5.384493388683636
0.3617325658770941,4.2308398873648345
0.31066624827174116,5.233012714572155
0.31707716064477076,5.036171661355291
0.4038600718185333,3.6719371946612007
0.3726407134713401,3.9899629929927
0.4012374875753259,3.6431877356290094
0.4073161953284543,3.595514691553621
0.3724345142451779,4.063546275970747
0.31219516647541445,5.145046250029269
0.4071571507501953,3.5973051790397923
0.35089234253699114,4.336446231948564
0.3459899464772427,4.464539055798581
0.3090133703033969,5.177387489329467
0.3156487658318502,5.055992778778962
0.447050324621072,3.1756749291322763
0.3452314191681112,4.528401582723344
0.39556987817187134,3.7841907845642457
0.31697376154550927,5.071919333095169
0.3108870675683477,5.06178739111617
0.3368504365211894,4.633646024654996
0.31445555453530116,5.075788593806107
0.4191270119241558,3.4552485063578953
0.3666049278278667,4.18019006175427
0.3472136336849927,4.500910676455426
0.38237198744833095,4.002747283264044
0.3704851666384678,4.161094361484598
0.3692496974288152,4.12812118001539
0.4090681051088524,3.576079142531377
0.38920799092933367,3.8205480621720436
0.3411420950593744,4.54704365015414
0.3679730372220624,4.125614240425354
0.3647394372415075,4.165888150150579
0.40239302863564536,3.6751542788559264
0.400136893937426,3.691633939675272
0.3755047267388306,4.027410736374776
0.3584960997870105,4.244493257533206
0.3575389136047786,4.320290038533089
0.3840406697309835,3.84049403829581
0.38538833009375095,3.8728227427112993
0.4400447997953407,3.29554551999589
0.34720940498317504,4.363203816910837
0.3104707909587441,5.113096734863135
0.35104136016186166,4.381151482187036
0.3476825570354288,4.438913385937884
0.4174746297354442,3.5095465971852398
0.37930748132103725,3.890574515979965
0.3021128881775239,5.336762306364623
0.38763381936241204,3.8129627457683437
0.3563950426057079,4.232105074928295
0.3743100488792068,4.050411097913615
0.3384454027813929,4.5193541028955355
0.24269422358341436,7.356187099750309
0.3326444328128237,4.715318321764381
0.3510012011930612,4.339863509262349
0.3148978611570734,5.028097003477536
0.31610878881134963,5.0386655465656585
0.3791776266545106,3.9164272611086566
0.4199857528883006,3.4518755222710573
0.33033488895566654,4.742758025713147
0.3807914129751193,3.925289377578282
0.34666137262288127,4.498840887419111
0.3303217021858006,4.798961084109184
0.40394496696429755,3.644709450987239
0.3479182302649097,4.433317443080468
0.34378441103956786,4.424248694946191
0.3699652961333878,4.072456614581331
0.372475173765284,4.050638840973338
0.27829789632392926,5.903730918575838
0.3831094388450461,3.95376627939595
0.3737097520345825,4.050567947613147
0.4515289590410981,3.178710156834117
0.35450151788834683,4.3895963456008475
0.33721623455519045,4.688632861044634
0.3441727252677763,4.587390683130114
0.37522006251362006,4.032973631035605
0.36918719261546706,4.001928706535647
0.32267010019405395,4.880584696961846
0.3330882310340619,4.7218611420249035
0.38609112374899657,3.8790074585083794
0.3523285298074329,4.3766247160566945
0.4008914763122282,3.699928108736848
0.34728114262568544,4.435163477723584
0.3503565571762563,4.38471837513335
0.39182099920201735,3.787948633790114
0.3565975761680456,4.2603049162734195
0.38611474132919815,3.8316431725491733
0.36779016824771144,4.1343639148233295
0.3497762237506401,4.304791488997962
0.3455110549528891,4.412032792382752
0.36769814947318724,4.106217140734115
0.37203887640787464,4.087293875676196
0.39693362793978865,3.6899424187875027
0.30373067956750294,5.300825335743228
0.3281745651866911,4.737627641941408
0.3673772460814084,4.126246338604019
0.3364290891132857,4.578047549648724
0.3596051065155355,4.3514923447962675
0.37134660711568707,4.026107744760742
0.32101221915450734,4.9439719111105305
0.3493197418074601,4.426485860575974
0.40734171729645274,3.6045105772834476
0.3474037465518257,4.541629319048032
0.3781130603743145,3.9929312670261115
0.36462629935576096,4.125811910022355
0.3164163627097337,5.037145930388272
0.3293256337785747,4.781797930283978
0.3673827321224111,4.14380138405912
0.3759625312253747,4.037778350109293
0.3668133270875278,4.232440954779729
0.3293399386267284,4.806454452838381
0.33253304414642604,4.5575095844689795
0.35712359042536834,4.285526287599178
0.333545438910564,4.717171206648637
0.3225715509538305,5.02942346009564
0.37014264925832374,4.093882969663286
0.3077806019373827,5.210087454673582
0.28714266432800595,5.736932738152535
0.32838940455043814,4.83455487618544
0.3433953448530147,4.476141436701228
0.3599986481696408,4.261345437941322
0.35783972056368196,4.238256083592479
0.3413338873427501,4.586912201326838
0.3754784106987281,3.9314622414786733
0.361476024747923,4.226299491564362
0.37905698456868636,3.9609022208433973
0.3548336395223079,4.3204190283272155
0.3979729599210237,3.7534960457254094
0.36734671707862776,4.023759766600794
0.37501208456118623,4.005552067610049
0.3053548848545343,5.32165402068085
0.3491462936719479,4.452369387248327
0.31839276973145714,4.95720724958541
0.32714959226705986,4.706946203012377
0.3472334606479834,4.376181737000591
0.3471088386687571,4.506786699053654
0.36056051480983115,4.275827461201672
0.34347785869371816,4.516354416888386
0.3509330568191853,4.3871682337478175
0.39309168389955385,3.791202911038251
0.3276021217317862,4.79550762853612
0.3389549933796945,4.640793127958295
0.3888914824384523,3.877630625650944
0.3829087158110036,3.889249658083416
0.4193996354057982,3.5006177047247227
0.37375670485606627,4.01884723731454
0.37898362438340044,3.937649518716165
0.34199424860882904,4.530549628315828
0.34795002481910425,4.531024233019812
0.3939763399078917,3.784726023063108
0.31681256547786696,5.0285324470240536
0.32464141314233624,4.863905612655943
0.33142303296315895,4.764315905069301
0.3939403860266477,3.763616266848063
0.3367208826262094,4.596053030293554
0.35348369823234105,4.3872933285806415
0.3305883825063948,4.782162671298173
0.36239404282458676,4.245760698447916
0.3167845457235496,5.052303153726179
0.35840878451076574,4.2150523447069
0.384994950701413,3.833680090969344
0.3560272019714368,4.279784658946534
0.3936724677634524,3.771263055594953
0.3629181915045396,4.142952110572951
0.3272025437807559,4.717821622895757
0.3643786199916314,4.21309425864659
0.38265938412860223,3.8212086363702413
0.3855668253064967,3.8413314377266574
0.4007316523165985,3.715083764190734
0.3139460690881907,5.068266259024035
0.41102692997737533,3.555837045517972
0.3510948954764296,4.441098835067314
0.29190872207460117,5.70109757161328
0.3426307465501274,4.431607982182571
0.3398845452803206,4.604907819897239
0.304162358790969,5.262149644404801
0.34641131876199543,4.5554910570516896
0.38265938412860223,3.8212086363702413
0.3207582570105295,5.00757673668497
0.4126089893418776,3.5442124248627396
0.3648047532034402,4.148320792651343
0.3413663885488088,4.530067085862438
0.3360317835665206,4.646020554774997
0.356044601491384,4.299251429544357
0.3578115920423122,4.292561895292053
0.4040812783152983,3.6472622487404127
0.4193996354057982,3.5006177047247227
0.3486439325792173,4.50395566776152
0.3362883585219944,4.627763939323819
0.362737465324612,4.22872727815141
0.33826344432884936,4.721062745878972
0.39801702433171254,3.7239859253908123
0.32845600709727557,4.804022244426361
0.3560182210294744,4.273956376868565
0.4014382002656667,3.659137309834818
0.338694594675534,4.584726844843685
0.39487070219615916,3.736898766501937
0.38856648792486104,3.8396727340312142
0.36289206087594506,4.177631906068907
0.35660574275751683,4.364699732106074
0.3815298000691688,3.9231681999686208
0.38370375762940273,3.822424850410201
0.4095433739789058,3.5601086516062352
0.3382722142820406,4.658680533095848
0.3230753182332399,4.909099332126652
0.37249324481545876,4.070160366766406
0.3468119932952204,4.414647566781435
0.4317034818811589,3.379386743257067
0.4011681340978374,3.7138619715356267
0.3394391607848339,4.582090434590162
0.30197769208561215,5.47453447385406
0.3402534612255533,4.50933421701954
0.34455954550655005,4.4506148388483044
0.3610173295746444,4.2747011746410735
0.3418963929370319,4.473857834992958
0.32298773472887293,4.844026179997372
0.34801086944928006,4.382429772223827
0.34671754047498304,4.457736163857587
0.3244498215514951,4.864313483857087
0.30031561118326233,5.420961877244706
0.4137133767200786,3.532225539283206
0.38960927316530763,3.8721997023061303
0.3622971415533752,4.165937126298625
0.3928257425360534,3.8005546897143097
0.3585360707415055,4.209221558643358
0.33926542924954683,4.593288934821607
0.3509595080773345,4.412790249742178
0.36056051480983115,4.275827461201672
0.33287511778911816,4.606701688787888
0.32000372079742795,4.923527991723151
0.43152935519482144,3.343360545839267
0.39339799300976547,3.810027349206846
0.4619400604403706,3.111102865778859
0.3513933817611349,4.3981022926613385
0.38767854211038194,3.8878076890150015
0.36691880951049094,4.098440234094717
0.2955512906055271,5.522067782712857
0.3594268983428838,4.260132991760783
0.3341018674420668,4.6675494337878884
0.3294060437710558,4.771711787734201
0.31721006780354455,4.954933743731054
0.35371870258106947,4.296380216447793
0.34729503287597296,4.4693494394129
0.33951228131716593,4.613695310933688
0.3236607633879376,4.9325434523336655
0.3822184489703516,3.8733282457406975
0.328778952938912,4.786489118077794
0.35043623911826804,4.387166314868895
0.32384433043337535,4.931546446481183
0.3888914824384523,3.877630625650944
0.3650776516651745,4.104214190057885
0.3108706232694564,5.1756646513284235
0.3825836809507298,3.9004210887413704
0.3744616621420327,4.0227138122001955
0.3393580033857732,4.621419300315115
0.3184598721083819,4.998946257911567
0.40692138885081364,3.6386489767512353
0.3627709171802361,4.193130209946186
0.35205832150548816,4.40079790441219
0.3379999629785302,4.598235377612383
0.4616690414151722,3.061526471280232
0.36786443484426923,4.112371342310434
0.3645753927893333,4.098871210901748
0.31881206730843775,4.9530939429560705
0.3862222063425458,3.8781426229611977
0.33342926542335094,4.614514582429224
0.28563602897444174,5.685720546883045
0.3565868336714789,4.258427107077951
0.3673417638073811,4.092863185155492
0.3683042231281272,4.148951559251336
0.365381557195378,4.1010097509138905
0.3971163206657955,3.6947334805115126
0.33826344432884936,4.721062745878972
0.3206313418227021,4.91974119115283
0.3740711190291037,4.010065363164595
0.31405665079897493,5.240254875462104
0.3559089436833843,4.305469104991738
0.26554414795194214,6.377412345742736
0.29019339177474124,5.661748024576795
0.3005648661357455,5.313703536396105
0.35652983951544504,4.323886711252034
0.31985674326319075,4.925351965426698
0.3077983910626349,5.205441884799627
0.3442502498639462,4.477114577788897
0.3481825547001523,4.483915064652894
0.32509121879864,4.744262569869216
0.3222178279713894,4.816979322763078
0.37444115333527345,4.078135258056332
0.32309869365405275,4.845617284462313
0.32572856439972653,4.860954266907913
0.3939488210949365,3.7259146071572142
0.340173811127757,4.570657945810237
0.3010878641815163,5.357535635532351
0.3574044224509776,4.29377362215105
0.339206148645379,4.645531035526514
0.3889785322172467,3.7341233062737067
0.32309869365405275,4.845617284462313
0.38318786331458654,3.8612070070009517
0.33993599587405554,4.63056373793642
0.42601911290493333,3.3880961731893953
0.3587966457044459,4.201683618562843
0.37223326092089387,4.061397253823006
0.33027678321291665,4.8309166470229625
0.418977785956732,3.4658512868990288
0.3378694624542052,4.667631356682912
0.3828625584760544,3.9852719770170215
0.41452967791810086,3.5268356594186856
0.35309250511078,4.373922172301965
0.4142904437449889,3.513695972137713
0.35026073759989923,4.3653155935576144
0.36762874368745685,4.125731312037986
0.38767854211038194,3.8878076890150015
0.3441681606808932,4.579406663644946
0.3411564165311567,4.55683917642667
0.38894633661948946,3.7891590543826696
0.35861595549962977,4.270860590644411
0.3506786672993427,4.381902977203985
0.35775964736045757,4.1844704542453925
0.28725154479639325,5.742774655474964
0.35032861054636516,4.380021246264217
0.3410605770319059,4.527156450422805
0.32148822379451714,4.943908499453141
0.4352813581739309,3.3512682082724212
0.32773318032047966,4.7751327394834195
0.3973237971341883,3.6711204483708175
0.3470792374175534,4.432535646875101
0.3147339481974945,5.086647338096341
0.40335734088794023,3.6702188991496745
0.3546267438318605,4.3696144504687435
0.4028086290225812,3.647952151939382
0.3623026353230585,4.174891798200361
0.3178838814291159,5.018585054841792
0.37188141035336586,4.075155242938224
0.34666137262288127,4.498840887419111
0.37049531596585183,4.1209792294679355
0.38499777893618736,3.855661947571798
0.34909450375272694,4.435155326881373
0.34901479334494656,4.399566785347326
0.34898542471065114,4.490031549028405
0.2964852958319637,5.453011599077141
0.40898711708942725,3.5796523147276536
0.3567020725120202,4.292362256710321
0.39597943337565034,3.8136036740426493
0.3646876890099198,4.126758821143451
0.40354773948219697,3.679714724886289
0.32224817399815203,4.973518952586844
0.34557695124977333,4.481675456704979
0.31610878881134963,5.0386655465656585
0.3493197418074601,4.426485860575974
0.2879421958065507,5.761924048202544
0.3384485092181615,4.56802097619759
0.3882894712073457,3.7826698728037025
0.34159907045041366,4.525659993879258
0.4342200887101729,3.2565242963025174
0.3412299275559663,4.5420553472264045
0.3935943370097059,3.757715868736676
0.4135909002318324,3.5280569436618294
0.3705508216957255,4.014299941620188
0.3456433236308599,4.41269797092961
0.3929084687936174,3.802645318567947
0.3727672908160737,4.1186546654816505
0.33921745686658134,4.566783492238129
0.4294815840448706,3.376500617698413
0.3759625312253747,4.037778350109293
0.3485945646546875,4.335390178388715
0.36804047176119037,4.0961935557746765
0.3432399240498297,4.4868820633809205
0.3590955471173871,4.236672827959421
0.37776946628663394,3.912598802168915
0.3663658099343592,4.103528960325376
0.33218322727480837,4.698317002848604
0.3375117051126422,4.594543604933815
0.3583820290404647,4.222427135667581
0.34671754047498304,4.457736163857587
0.2731892089442163,6.166990880494724
0.34382843448345934,4.429092035977641
0.3701673442063761,4.130275259077434
0.3483160947523809,4.412924603855065
0.2806179869895919,5.865995906337643
0.41997260306571516,3.475392324453294
0.3469955848998363,4.500282099588922
0.3265414831972986,4.862907542702455
0.3374894701350466,4.6023866214986
0.32929473086283695,4.814336973685343
0.3577730156578639,4.263218014670201
0.3802098474504846,3.9249561832369255
0.3271428928037001,4.858179292426359
0.3537891962863025,4.338579208246732
0.3860997493202641,3.847322348997787
0.3226359961664049,4.921709797347506
0.41373125520215137,3.52509020937619
0.3195721041476748,5.002602588336773
0.3422153439360584,4.462163321614409
0.3728665560940354,4.000947925068062
0.2867293733234494,5.803901815511173
0.43927613854158754,3.250814173475376
0.320202302823377,4.941317921458767
0.33283789615357295,4.681564113597715
0.4034250374210112,3.6014909089544234
0.3985572646090879,3.707860029952986
0.34633112415812006,4.504183958069468
0.3565975761680456,4.2603049162734195
0.336070049289091,4.624747540578051
0.3344006156497294,4.702058701781953
0.4209945266173871,3.463406434547537
0.3418810986456435,4.5675926475645126
0.3436148850191732,4.511108391308346
0.3502073093426433,4.3858235413040045
0.3367588031881506,4.582570477272347
0.3695573437318517,4.098988676523231
0.3754758285457347,3.9549869398293396
0.3570570333880475,4.243351419169987
0.37530067309859155,4.019204200796886
0.34235274311763614,4.610299508026512
0.31086371523862133,5.16186390887603
0.3293763411395809,4.788341459457911
0.3839724226178702,3.89307726336629
0.38538874416257474,3.8963795870287234
0.3441663046725319,4.446940372181998
0.3608654319716467,4.181892369692301
0.4189397280339829,3.460084922834492
0.3090133703033969,5.177387489329467
0.4224602522533332,3.4660556097716118
0.35805496663017067,4.270905708688396
0.3269024060117887,4.760969241735229
0.39535924016120494,3.714510698506273
0.3516882949793371,4.32474404304677
0.40717352865454703,3.631859367094703
0.3642717215422491,4.127486104656088
0.36180403742391926,4.18336391702436
0.3957109397660437,3.729925293528454
0.4191270119241558,3.4552485063578953
0.3115818175495193,5.153357118950889
0.3631476793426831,4.154539804736349
0.3546278047066144,4.271831176282869
0.35221304053066244,4.400263651619357
0.4131564376501137,3.5177459750245874
0.3824849578953327,3.930037015054534
0.32165745113002664,4.837291345242127
0.3274506597341103,4.836682530749001
0.3362883585219944,4.627763939323819
0.3692021664583482,4.117060514960234
0.4015671261341919,3.6519090034572637
0.3520262635206989,4.324008762197095
0.3354055584947649,4.634988941542166
0.3319939616919048,4.687862599990122
0.40185009056060456,3.6795925872438415
0.3375302845448298,4.616682965671539
0.3649562875647713,4.170150505890001
0.31154952795008756,5.230342996576773
0.40394496696429755,3.644709450987239
0.4412007237478235,3.254933750993289
0.3300473523024362,4.695501701746042
0.3835957684280561,3.8918254468323314
0.3310115307567336,4.741503448913634
0.4073293895582776,3.6321340634187735
0.34158583943862225,4.457933353052709
0.3052286131328256,5.226653498516191
0.3293256337785747,4.781797930283978
0.3655942265038195,4.0999704172420515
0.4144723689284487,3.6257719232272887
0.372475173765284,4.050638840973338
0.3031765069893182,5.321479807758208
0.4156750689941893,3.5746967395585467
0.37526265145535687,3.965351798213384
0.37962636755530543,3.913873146233413
0.419710507975305,3.5003140855174975
0.2956513824119661,5.4135803854146065
0.38463420470365683,3.845881485327693
0.3348170741046611,4.7145958788390185
0.37798738172350616,4.014360512114694
0.3254779484063549,4.8001703589167874
0.3311643088726641,4.685051287229305
0.345554628049565,4.349242353565599
0.4014382002656667,3.659137309834818
0.4298082085582343,3.377117347469327
0.3033525851758485,5.298968632470553
0.3702420422750211,4.09729734818689
0.34715180147913427,4.401322429372255
0.3546278047066144,4.271831176282869
0.3410788493353598,4.519621411353189
0.36356071855150796,4.202847444540362
0.32833123302539924,4.692169223704335
0.3706906860249635,4.045431028357331
0.3761918519091631,3.944602373621968
0.35170390277981556,4.260245608388135
0.3999938597465991,3.7334592699011377
0.3774022640280347,3.9798915058194555
0.33257167327568515,4.665243355467549
0.3582902749366942,4.260054724873222
0.37768927361239923,3.9591639602777873
0.4042353940693784,3.705347261340251
0.34384901002104107,4.525181292576543
0.3613622230392675,4.240127037852863
0.3420238252588091,4.41671420767163
0.3640052240945852,4.112802319360929
0.32133559742457285,4.939057769587118
0.3636229843733494,4.218374871284561
0.35575353199611737,4.3244987255689455
0.420923923016616,3.426804623425839
0.4515289590410981,3.178710156834117
0.3573055525816008,4.230870828402744
0.35727963218462444,4.274930669053311
0.3403341341864457,4.576829803695709
0.3815235754026705,3.9382937377745524
0.31258357504951434,5.074370418295067
0.3422153439360584,4.462163321614409
0.3827119248496287,3.9014839713305065
0.3640179773490611,4.225726669372342
0.3743689662526445,4.056244794628216
0.35693606009194034,4.251167097628343
0.3427070116157089,4.559520844366011
0.3238684303502601,4.832407317401227
0.3011344624351114,5.410624819133853
0.3443499405693087,4.435626929271663
0.3018065066614391,5.308322927947946
0.3403341341864457,4.576829803695709
0.314630472573013,5.131958293081772
0.3053548848545343,5.32165402068085
0.3402441580796024,4.5314901816767605
0.3500129910298228,4.361045742172217
0.34666260996943216,4.409735803225486
0.33178526128432484,4.6724510062890054
0.34092461006512703,4.578578910471644
0.382036850186822,3.9945562266430783
0.3255744583061011,4.836015418132679
0.3314747961236738,4.743348397023644
0.33903995717093866,4.579336132182305
0.2806179869895919,5.865995906337643
0.31610878881134963,5.0386655465656585
0.3232260220232421,4.917592877756535
0.38885549967968,3.79623826274514
0.35816091397295896,4.2444412017519655
0.3476724293927336,4.402491641518395
0.34596273988253434,4.491730259425857
0.3630481480646249,4.175286524236277
0.44181161951085446,3.2548427624639467
0.4248351514782408,3.468996680391049
0.34415868672050415,4.56992836614395
0.3509595080773345,4.412790249742178
0.4098033514230358,3.5553183593179707
0.32358029224666207,4.899144303391964
0.3609336145438989,4.210899387372874
0.3745056178331146,3.9818934076371124
0.2852037063710707,5.834861274407608
0.3171301038207474,5.054369574778428
0.3194857481111986,4.985496929180146
0.33367213335668805,4.7171492220057845
0.33320308568866003,4.652190436457614
0.32451878374983945,4.871835101335293
0.3699310075715466,4.072438671802881
0.3239947937793241,4.857531625191735
0.33129235813525443,4.763356715740022
0.36444463445124514,4.16999460490858
0.3844876768889315,3.9229954474778337
0.3499742429459414,4.469280655360039
0.3242870397350937,4.910153920923462
0.38486276529879865,3.8939707215472454
0.3233285000869178,4.888838656118314
0.3745250193601165,4.0174992079223415
0.3440473087827883,4.567142927136199
0.3324209569163899,4.7247586954673695
0.28264987029934535,5.835062301215882
0.40172383827158875,3.6568475118099903
0.3574892276084766,4.351030726382391
0.3755443131102086,3.994251015906922
0.36780625334771344,4.114078506197862
0.3907257434780344,3.7773527908666806
0.362527615068246,4.24723707634954
0.34193638915010577,4.477493328757929
0.36393540155470694,4.125373413225349
0.3541556134069485,4.349033650323324
0.3316662905057497,4.717440925390675
0.36696453358852443,4.050009903210258
0.39935291788585736,3.714418670375016
0.362248319115561,4.24656420657243
0.38236805090057213,3.88345986498622
0.35575353199611737,4.3244987255689455
0.3380660377215212,4.528968130794448
0.40172383827158875,3.6568475118099903
0.3565512136789261,4.2925639607157455
0.4274888995170513,3.3776725209158234
0.3494964248429566,4.411202197442145
0.3073874610510777,5.197057588890099
0.37465796220926545,4.061835285452317
0.42728918026751306,3.371319596370466
0.3749363635306486,3.9982490612707124
0.3882263264564828,3.8212645152205598
0.3655942265038195,4.0999704172420515
0.3623829354996197,4.157855065528826
0.3219593722184042,4.970086788264138
0.3393087160993399,4.538915540015615
0.39361003491483515,3.7438051519029703
0.3409035890235762,4.522688318002071
0.4189165211357311,3.4092689712120174
0.30217320281499305,5.48505466579459
0.34596273988253434,4.491730259425857
0.396104763901127,3.728252413486291
0.3438668018482428,4.500289365474311
0.31103889449516914,5.159059729132187
0.411178652586892,3.548548769023092
0.36625107645842525,4.167893020935328
0.3542763001356243,4.321788057008865
0.3940072012986365,3.7483900577562768
0.34097002399510934,4.5369887404308535
0.3437278143356274,4.593206280787918
0.39482760614519513,3.75017315692558
0.3612476504693673,4.129859391981308
0.3323964101276314,4.759488630289726
0.40356797388021104,3.621032616145296
0.34972409056930853,4.376343492243702
0.3732457232041447,3.9962250890084543
0.352403640516278,4.291398316203525
0.31935450154458567,5.041218499115471
0.34081196589614215,4.544902748328756
0.33707985439129795,4.625483965051629
0.2922060843788934,5.674015765963261
0.3499375727399355,4.38506246486163
0.3279141907780912,4.816615430359689
0.363151859586461,4.16256115287664
0.3582902749366942,4.260054724873222
0.3804977879424942,3.9199342108532327
0.33968984350179066,4.650525024080193
0.3329708160107772,4.6141108307032175
0.4719921004515136,3.0174870586031823
0.33707563138346447,4.586339608649049
0.3238684303502601,4.832407317401227
0.36235042571370024,4.272998440233844
0.3379999629785302,4.598235377612383
0.3290075769326448,4.761883541162662
0.3815298000691688,3.9231681999686208
0.37419411128070995,4.091888084407721
0.3114002901617526,5.1008947697920615
0.33166543089221584,4.769644872599517
0.34808497614509176,4.426175315169423
0.30217320281499305,5.48505466579459
0.37566706116000564,4.019538981979016
0.3750295511334257,4.011195373071466
0.3096106296860941,5.163071202024812
0.34611035029360704,4.542853550969712
0.32656758715322276,4.844368401545227
0.382036850186822,3.9945562266430783
0.43828999590425965,3.268241536966469
0.36542902285726836,4.1559801349068035
0.3867574818388621,3.9068054154570944
0.3037914419014989,5.335526102996366
0.348542713807686,4.4149414440378845
0.33573288328267115,4.6261909708573805
0.36002593006616107,4.256645867485935
0.39223066374747206,3.863292255222029
0.3447172685616554,4.51518392371768
0.3306994482231497,4.754974309224294
0.34558152948372256,4.496006497051564
0.3095954255661856,5.1820401614235685
0.3841401427609572,3.896766098282765
0.40407561941664843,3.6520138559300106
0.3949034124159676,3.6836570162444007
0.40988678003768075,3.58648286911063
0.4145845177500546,3.5501080783584027
0.39524601936857084,3.7601800667665923
0.34222972154020576,4.553325487687957
0.322822744303935,4.87685279927391
0.36526063119209534,4.105115768463936
0.33878764704090036,4.573031722010085
0.2932259812371717,5.621788146795614
0.32581583441576417,4.91617818975168
0.2790221552639205,5.96507494182699
0.33135263600632037,4.636593699550857
0.33642529973036756,4.607343081377426
0.3422207307445804,4.61148262829449
0.3407470410181713,4.59899781531616
0.3182551296570298,5.0054045174768795
0.30007286716678583,5.281836218408372
0.34671754047498304,4.457736163857587
0.3054951934614781,5.252199010933567
0.3870404666559542,3.838611243547537
0.27788194716234316,6.004442923768124
0.3710669958820854,4.028390859161529
0.2989207120608094,5.315574793864767
0.2922060843788934,5.674015765963261
0.3493197418074601,4.426485860575974
0.3801220450880051,3.879137379012842
0.3492377923154272,4.420504719580044
0.3364586192510073,4.509115323760485
0.484953768210488,2.9055958284456262
0.34822852940192445,4.38842703684915
0.42934874631522635,3.384123805194356
0.3384502098446131,4.644380044340557
0.3268594381651243,4.857159822408288
0.44646252410546605,3.2176958017355397
0.4037015285424201,3.700717061954619
0.33258858951624687,4.639045605818013
0.4009588196942591,3.7139964836912256
0.3199340767517561,4.911399950242619
0.3366226803950183,4.691643000913648
0.4080674987193357,3.601435021930689
0.31379490382049163,5.076760347516511
0.3360424525523117,4.717356619218109
0.3476549717092835,4.407739179131483
0.3820260677582057,3.9098917947131735
0.3646541694799197,4.205751592176185
0.35901562149132815,4.292126298949619
0.30836271176351054,5.259420116563794
0.37409401595571035,4.042869760245097
0.398548022580414,3.6950897030934193
0.3452846754766635,4.549078008414848
0.417323524391124,3.4554078885049884
0.324523610685742,4.825556332422582
0.3459379390000317,4.45082254104286
0.3791776266545106,3.9164272611086566
0.45469878430446276,3.1516221061079595
0.3942857971458763,3.70524023681056
0.3392572314530133,4.53440196423358
0.32451878374983945,4.871835101335293
0.3713179999670113,3.9914540912580505
0.33120732484423004,4.666085035302006
0.35459502966277806,4.322103634207537
0.3232503458479646,4.86734096591797
0.37021635990277313,4.126365531421161
0.2964852958319637,5.453011599077141
0.3820198711468588,3.9297969096327914
0.2985814927481562,5.500732648041479
0.32397520227019844,4.918875882407667
0.3347278329125442,4.626417974991643
0.36696453358852443,4.050009903210258
0.3191438109841039,4.979032574445425
0.3685139282004676,4.144965345421536
0.4202942390490868,3.4384198815705345
0.3284979466888762,4.812711386181611
0.355259123052827,4.350071751521498
0.3412747544251836,4.59286217986109
0.35032861054636516,4.380021246264217
0.4340879677165945,3.340786397970206
0.33658105383594783,4.5972885698315675
0.34058222158905355,4.675313963222104
0.3752523449399416,4.085776859439903
0.32401408022657824,4.936606231222747
0.34795532744350954,4.414530109239139
0.29005126080230975,5.642078137741421
0.32577654367672,4.819670803359188
0.42085779346975083,3.416400840250116
0.3341162878844236,4.583490431701888
0.4163533083995074,3.49418311495996
0.3054712707443519,5.297744581503948
0.40388979251884444,3.6744338338451255
0.3633532493357471,4.18389676591469
0.3832209867802997,3.9091317850425957
0.3766283404199976,4.016054376393101
0.38434208106505613,3.871004194912817
0.4045608413447569,3.6178111828041817
0.3389502044639047,4.529306224400453
0.3860997493202641,3.847322348997787
0.3837058611655735,3.897587533794148
0.32720768206916917,4.797230950795923
0.3723951803859106,4.041987916199081
0.33521462501229154,4.6362387002368886
0.3987269350535947,3.722352679365969
0.3192211276935565,4.957367158149934
0.3852844851208107,3.9122003671510415
0.3640441231711742,4.253902117666153
0.3868162995321598,3.768524301865733
0.39524601936857084,3.7601800667665923
0.30987683085308,5.089292978650892
0.33260448285121424,4.625300093431349
0.3568137342622497,4.2207232723312895
0.3568137342622497,4.2207232723312895
0.3943453468508484,3.705291786844879
0.36056051480983115,4.275827461201672
0.36181758320867585,4.239423560584356
0.40131774540647225,3.664935372653726
0.324838035465691,4.816997468237111
0.33316331281616496,4.654969305665778
0.41303745425288463,3.5568911134617336
0.28462067660884244,5.82691861859347
0.327484009948409,4.822255894118588
0.34972409056930853,4.376343492243702
0.3361266533656152,4.664405090375055
0.29990076317570313,5.5400763362283945
0.37041191474750623,4.163115211022853
0.382036850186822,3.9945562266430783
0.3532289982333816,4.300390165274678
0.3293898816919821,4.743232583203854
0.3253857377379265,4.845136393515925
0.32509121879864,4.744262569869216
0.3565512136789261,4.2925639607157455
0.4275930896730641,3.3709421867397107
0.3380914931247228,4.447619984449744
0.3245737255563528,4.84605595130943
0.3852705803565365,3.869289168214635
0.3538967838750152,4.338162945182752
0.3103613167376922,5.174365932760481
0.34719393710999086,4.370443808822332
0.29869536327515755,5.525425961018052
0.3681179753420899,4.121653189744273
0.3626971326664228,4.205419130293842
0.3704115813328939,4.019715935255093
0.3630331713358243,4.164415621742978
0.4065233797120651,3.6213980965221966
0.3575931063715708,4.267125432878359
0.3789522573614973,3.9224079545157378
0.322822744303935,4.87685279927391
0.38790903723791864,3.8229779641966566
0.33707563138346447,4.586339608649049
0.3925374722968351,3.765975033847735
0.3836758027941602,3.8688679514148547
0.3739232721218829,4.029336707207074
0.28563602897444174,5.685720546883045
0.2720601159922132,6.11860350826782
0.40748504479400705,3.6388716899741365
0.37401823985763333,3.9852483551685416
0.3717359181349746,4.078746633686285
0.39955474785590683,3.6877093562647136
0.361476024747923,4.226299491564362
0.3678147048468452,4.118990559158588
0.36147836844212866,4.093049800042743
0.41297290428756916,3.580768548303531
0.3713179999670113,3.9914540912580505
0.33398239042769134,4.627090105910115
0.4126089893418776,3.5442124248627396
0.3164163627097337,5.037145930388272
0.3599077217465258,4.193178408210058
0.3719342451288406,3.9690576905868302
0.352049769117665,4.409072547589898
0.3646541694799197,4.205751592176185
0.3426307465501274,4.431607982182571
0.4224602522533332,3.4660556097716118
0.3270991016178276,4.764015413601565
0.36108410661776746,4.196755946484538
0.35157256629126066,4.325411849464628
0.4073293895582776,3.6321340634187735
0.38584250224747746,3.820136947533343
0.2977408968389144,5.460751030372593
0.3656150467697766,4.168126777877192
0.37950594914553587,3.922592635268306
0.300738771346488,5.522398323089115
0.33434396356991564,4.752449151127642
0.3164163627097337,5.037145930388272
0.32958289561190635,4.7483313647292595
0.3449987132433573,4.508644215334305
0.35352342201470033,4.371348087489773
0.3264369540880002,4.817654855947609
0.41144045544486496,3.559973979364511
0.33498443666490807,4.675112319466367
0.3510012011930612,4.339863509262349
0.39900355801854936,3.6826633486276728
0.34739818697594727,4.564852451301647
0.3826006992698185,3.875350846170461
0.3464211170389357,4.472504037699784
0.40086864606690376,3.7375013451008887
0.35309045470092776,4.342519465042447
0.3726216775523682,4.038656481952948
0.3494757452166462,4.3058844844734905
0.3588249201216066,4.158802675777537
0.3132581348449177,5.0939453014704466
0.3925374722968351,3.765975033847735
0.3646876890099198,4.126758821143451
0.33233022132607043,4.68620150244452
0.2776183192746043,6.069437325378579
0.34795049739576167,4.381447942314876
0.32578994388600874,4.7269868901867245
0.3506952341877678,4.452296493391247
0.2852191976601873,5.804753756320034
0.3577730156578639,4.263218014670201
0.374908169960078,3.9804308915262867
0.3925847252991377,3.7243961836440738
0.3475206570410757,4.421743951200876
0.32882526806362977,4.742372416227715
0.37976726338115524,3.9180521500733003
0.40368370614239135,3.680262969816529
0.3237641843705606,4.921629482090108
0.3265414831972986,4.862907542702455
0.37846455749422947,3.9952284801040197
0.37841293035902673,3.9021133118428684
0.348000516688138,4.456365846384886
0.38176256474672327,3.929915384459841
0.38762103914686485,3.830578255185549
0.405588549648986,3.609064644264946
0.39421741416643435,3.7759382562791255
0.341284126684777,4.571070659232632
0.3079155488989684,5.243898717386363
0.33301713967077196,4.778896763940533
0.3734931280221949,4.049703153887686
0.361924901547437,4.148422659739553
0.42325213471752454,3.4306318328042287
0.31605759313861814,4.9667626854395746
0.3582902749366942,4.260054724873222
0.28264987029934535,5.835062301215882
0.4071571507501953,3.5973051790397923
0.34948902410920824,4.416042055707987
0.33092455124072195,4.652368191515311
0.34849005968103647,4.392874412691594
0.3844136579104672,3.8532307937434314
0.37231888688945264,4.035323067794104
0.3314747961236738,4.743348397023644
0.3378258905682528,4.669306173240769
0.3009010534354504,5.383178195369553
0.38885549967968,3.79623826274514
0.3883951770295998,3.875432747325945
0.3213155292894552,4.904956207154614
0.3290977066170716,4.813260255011663
0.34782027944687816,4.4532602235343335
0.42325213471752454,3.4306318328042287
0.3741290391298863,4.050008777517366
0.3749363635306486,3.9982490612707124
0.362527615068246,4.24723707634954
0.37626705146476086,3.977117099431515
0.3111489507840478,5.143660645762597
0.3329299241063075,4.720023125164162
0.3384454027813929,4.5193541028955355
0.3870197883126583,3.8135310023362052
0.31879175025631734,4.955991282013863
0.3054712707443519,5.297744581503948
0.3157191989570852,4.924545549190078
0.3440147467344991,4.47503015713961
0.3867574818388621,3.9068054154570944
0.3220681981866808,4.828923750005568
0.269609106246702,6.225790495370816
0.3907460781091281,3.812129413228585
0.35898898609946556,4.274637923140904
0.42617991752432005,3.463007954557055
0.331866295576881,4.687081497934632
0.3821441086721856,3.9042644841951466
0.3470601812282875,4.447183860974806
0.31816961094200513,4.922479619510556
0.3245839145864828,4.822952985723225
0.3505175824751231,4.334325016532768
0.42402202791901533,3.3910949433375395
0.36340425396628045,4.170279066446458
0.38596872675075056,3.7463259592857723
0.326745460003083,4.753323889871301
0.3622971415533752,4.165937126298625
0.4171308993508091,3.5006021886709213
0.29990076317570313,5.5400763362283945
0.33555422848025207,4.677870415934027
0.3437342615251676,4.502363257696018
0.3388754584095483,4.593908231187626
0.37118210601725,4.13602936598227
0.3807914129751193,3.925289377578282
0.3667942999939153,4.170777649404049
0.29134777806081075,5.655777274009283
0.34984345756607504,4.434004363982503
0.37930748132103725,3.890574515979965
0.3867115201240024,3.8706873875603036
0.37786335443366525,4.0507273750164945
0.3083589221426858,5.114628863264372
0.3962973156915497,3.752985169135496
0.35309250511078,4.373922172301965
0.38505537384114913,3.8984506007636757
0.38339343469009346,3.832281152484061
0.2954019649786146,5.536364195653023
0.34168539588369246,4.526738098979619
0.4304712047056209,3.338615595078182
0.3641735508035524,4.204942612479514
0.44181161951085446,3.2548427624639467
0.3341018674420668,4.6675494337878884
0.38026941464500996,3.9331395153678677
0.3155056382156603,5.066590401918021
0.39718305151220595,3.6896830655281763
0.4034217523144536,3.653367090736537
0.3040316868551896,5.3213819414015004
0.38055069090304694,3.906532612717119
0.3654926821756766,4.154451677096238
0.3244427507843373,4.9041452241961325
0.34226439240682205,4.5301833755795196
0.3335385315031881,4.718626082336144
0.32370472750009277,4.833032618383394
0.3327864922244791,4.720127066673559
0.34895480407283164,4.425044438319635
0.3606015157129695,4.219278852393764
0.3376265545510128,4.598144555227545
0.3666208735770846,4.033134316576551
0.36691880951049094,4.098440234094717
0.37855561901885737,3.9464917325135596
0.3461686655748187,4.500112927188916
0.34380738932474453,4.446889394589085
0.327217059548589,4.845987011426949
0.29587603606900426,5.432767151348416
0.38836100562702325,3.786685755044383
0.3455191536276014,4.487230210751765
0.34195713100973457,4.487354860730865
0.2841571061321799,5.902543447872641
0.3418963929370319,4.473857834992958
0.2977408968389144,5.460751030372593
0.39050778220744603,3.8417058482742195
0.30904968977453845,5.213023638492392
0.33726154908841927,4.643001445553527
0.32133559742457285,4.939057769587118
0.345542032918771,4.399192614455382
0.31258357504951434,5.074370418295067
0.3031765069893182,5.321479807758208
0.37921665290041107,3.8552248035646492
0.38273824172021564,3.9143859751562844
0.33173234266442625,4.7760818429699095
0.36277377021325874,4.113538504620963
0.3774022640280347,3.9798915058194555
0.3004446917362282,5.301440914599517
0.35694702522683547,4.29078098645429
0.33707985439129795,4.625483965051629
0.32794965683619587,4.810642710353765
0.331226605304367,4.773835104997268
0.3147339481974945,5.086647338096341
0.35285727593274396,4.375778991318049
0.35274982689645284,4.353362133181629
0.3411420950593744,4.54704365015414
0.3607924988225977,4.284625607177034
0.311766881101899,5.169929395290429
0.37812423898727865,4.000418716176758
0.4258747777141557,3.386047942710203
0.4172588430060111,3.4802829917748133
0.30119187516300283,5.347376933692299
0.365463042662646,4.163133614043063
0.33802209725733934,4.518580767796228
0.32934946633619167,4.723426700001416
0.42749329542321757,3.33192085230407
0.42729273556050823,3.356128276808426
0.3320128511952827,4.697880983098345
0.33826470464865155,4.570174371671078
0.35925013772284126,4.244703943440369
0.39108902313525623,3.8331767471856764
0.3836449988999265,3.876094401871513
0.3352399087037335,4.622984201806385
0.3302154094723761,4.79249586735473
0.3904384501599705,3.782640313365461
0.37907146613771425,3.9446519142236083
0.35770021645279054,4.221073004816448
0.35104136016186166,4.381151482187036
0.3247140179924142,4.748632916003676
0.3926145205233061,3.7840949116782276
0.37700591241813425,4.048833064460625
0.38339843929049444,3.945442902009673
0.34222972154020576,4.553325487687957
0.319093310028708,5.041967790272563
0.33075333139651625,4.6684948954822465
0.37962636755530543,3.913873146233413
0.4028086290225812,3.647952151939382
0.3494728463171552,4.332376081120084
0.334646499352864,4.703933029098438
0.37876471922558896,3.9449572830697055
0.33182506068611944,4.727184740263629
0.3379999629785302,4.598235377612383
0.3456433236308599,4.41269797092961
0.3814559698747709,3.950438955024253
0.3447957462301196,4.42001931018407
0.3809930744988721,3.906713045965163
0.33847146042556736,4.586892356000892
0.3167845457235496,5.052303153726179
0.3696863670228922,4.125772168063725
0.3656891318664951,4.122122980713025
0.3554763222578519,4.239752552723788
0.3300473523024362,4.695501701746042
0.3199633076441541,4.995928986469115
0.33294681184222036,4.6407782463128475
0.32892485986258063,4.743514055300282
0.3520711766149971,4.390352631348291
0.3467568625707662,4.402936634744718
0.32651898557876485,4.824812269933047
0.37735001296806686,3.9579720906405695
0.4051573424293972,3.6370427090319337
0.3837487921963394,3.9322092412455243
0.3832209867802997,3.9091317850425957
0.3876489270389703,3.888375709256808
0.3393087160993399,4.538915540015615
0.3453009025710676,4.3594494279859655
0.35983966839032566,4.27496900337905
0.33573738341621506,4.622333734934308
0.37188141035336586,4.075155242938224
0.34791109956079436,4.319579897283472
0.41623070157405656,3.532951763554046
0.3638933615951212,4.1757198095741845
0.4131564376501137,3.5177459750245874
0.30169153156305833,5.378169039323608
0.36946522305547447,4.11628469099335
0.38365987290441267,3.852662501285381
0.3771586963622419,3.975404600868933
0.320710080576413,4.959234529744975
0.36677127975886864,4.127850919697023
0.33534136466244285,4.626482638981488
0.2979120017125924,5.464134323963594
0.36177437508829524,4.246786014249871
0.334287033120993,4.619643225338175
0.37750525183130235,3.946625776078911
0.3657009717231787,4.160116476224494
0.34770899484834256,4.307466436749099
0.34649383682024365,4.374889127443423
0.34335496272324234,4.477108694661016
0.33354172073316035,4.678741635672462
0.3633052873164334,4.165679959287169
0.40943948723013923,3.569964124355222
0.40692138885081364,3.6386489767512353
0.3275930071272857,4.7596593295635765
0.33069805412246983,4.714002350032534
0.4264568892541376,3.3886765581374054
0.3472334606479834,4.376181737000591
0.3864283317710458,3.899175956718391
0.34153244558467266,4.448056517389506
0.4145265031532619,3.557169143901888
0.3503313639793329,4.413549421567201
0.3071775998273254,5.11162523854918
0.331226605304367,4.773835104997268
0.32727180016115254,4.717107144798626
0.38158775624935637,3.9116155769065775
0.34153625103834684,4.577480636154442
0.32854818896085264,4.745273500756607
0.32471640152185083,4.8101342401224505
0.32572856439972653,4.860954266907913
0.2910414934764008,5.650898692387032
0.3727988718325191,4.052570305214531
0.4181728275544055,3.471028833950529
0.39542864076899487,3.780649205134047
0.3245839145864828,4.822952985723225
0.33342926542335094,4.614514582429224
0.30294847455230106,5.35828281876798
0.2680980146100955,6.3321255148889595
0.3341044281689227,4.716350101316787
0.33449445023203916,4.614763471914558
0.3823937557158851,3.90908551685359
0.35411321320801004,4.34416951467387
0.3374894701350466,4.6023866214986
0.38486276529879865,3.8939707215472454
0.34353122714724205,4.564112854154127
0.3878570994193149,3.8517187219311446
0.3252800710291386,4.794461948877702
0.36007223584122006,4.250622500617335
0.3668568204483823,4.116999583295576
0.40958859828310634,3.6129263069748916
0.37578641768349874,3.953425552874973
0.3762559343643358,4.069637750715503
0.34816705096200107,4.4170255377083665
0.4219670476544708,3.4294770014346128
0.3570699453656803,4.17881902505381
0.41811138944598597,3.510350217998578
0.36622883001507406,4.110927213094081
0.3213975884505491,4.985097983004826
0.2812814500645841,5.946682288389118
0.3310115307567336,4.741503448913634
0.34100819791515324,4.487827912084511
0.3699473393110311,4.0606151882450865
0.39401614796074774,3.7759052300024156
0.38308114565634166,3.9499969259860457
0.35732973427942805,4.297688052914177
0.3050913964588573,5.2541657713157175
0.36762874368745685,4.125731312037986
0.43387335559311047,3.3640899430613884
0.4125586512988055,3.5578306570757983
0.3816153913987316,3.89866091094666
0.334389345962557,4.644572004757309
0.4193996354057982,3.5006177047247227
0.34298645655960025,4.452673333441272
0.35679322977814354,4.25049815843569
0.3942857971458763,3.70524023681056
0.4388245869883533,3.3306248000065097
0.33702258573619914,4.631674363952094
0.370456564975024,4.068891052349436
0.37298761909491296,4.078656774497082
0.4180230235291803,3.516094472177726
0.34200956488716444,4.537131946852596
0.396104763901127,3.728252413486291
0.32337073260892885,4.953798334915877
0.2914255904233863,5.558348930729841
0.43828999590425965,3.268241536966469
0.4174990686001171,3.4476472832498306
0.3587475699927559,4.339632716360193
0.33802209725733934,4.518580767796228
0.2937188342728805,5.633857377541814
0.3503565571762563,4.38471837513335
0.34558152948372256,4.496006497051564
0.34056484706212,4.55141608501207
0.35627272512682795,4.268577872312971
0.35575353199611737,4.3244987255689455
0.42818969411715146,3.3329721934698533
0.33512728630960326,4.589567463973308
0.3802098474504846,3.9249561832369255
0.3120953437108638,5.063972371061818
0.4006043080440927,3.709996735386422
0.2907602804468293,5.661897534650763
0.3012719048090562,5.452209754190308
0.3467504713622788,4.443375522801321
0.39801702433171254,3.7239859253908123
0.3140558047967256,5.03096163295828
0.3376265545510128,4.598144555227545
0.3376265545510128,4.598144555227545
0.3914502601095929,3.833566743170188
0.39137626656523083,3.8222960377658106
0.3155056382156603,5.066590401918021
0.3752480937806845,3.991806067008269
0.3925374722968351,3.765975033847735
0.4165662587437681,3.5255409533167117
0.29614012272155715,5.444255443440464
0.36956603020699114,4.082445010257182
0.3472334606479834,4.376181737000591
0.3352161739540163,4.604445877548438
0.31029499344191014,5.251208547609433
0.38156346166817,3.849483193006263
0.3916679223360395,3.7831479975371396
0.4070179995669546,3.6574062280180453
0.34143407924031366,4.583790121058203
0.3293763411395809,4.788341459457911
0.45502480955816144,3.122039958959548
0.3151992690290782,5.169138725323605
0.4329484556961942,3.352657107639399
0.29799368033202656,5.4525792267891635
0.3498024423905942,4.34180232323939
0.36080168311561445,4.220671510660182
0.30250189799323035,5.332434672198379
0.3331779771737771,4.688736852602379
0.3728182707015097,4.09884199574559
0.30574344931798414,5.227661650412736
0.28323026480724456,5.786711037124683
0.42728918026751306,3.371319596370466
0.38670324002815815,3.862947691601843
0.324431764237791,4.798383402294431
0.40356797388021104,3.621032616145296
0.33886507951909445,4.621309692938075
0.42594703316895904,3.383728542658301
0.32312900599479333,4.920219013854195
0.39952171650894175,3.678293048669707
0.3322841776402883,4.743008975860714
0.4116619396916389,3.5251706435743153
0.37845528931134137,3.9669327046555423
0.3915766218415755,3.7810204295421195
0.32882526806362977,4.742372416227715
0.3786253501173644,3.9822665670959094
0.3080098667871379,5.250087411613109
0.3886168968884819,3.808644244884512
0.36599854022318995,4.131747634268872
0.38767854211038194,3.8878076890150015
0.35465864445643264,4.369531942757697
0.3509330568191853,4.3871682337478175
0.3053548848545343,5.32165402068085
0.3897084378175808,3.8459378136001114
0.37715353016239256,4.022109123883346
0.3990879253154834,3.681501967908743
0.31438252943669276,5.075946917239941
0.36283029350798957,4.221868241723533
0.35694702522683547,4.29078098645429
0.3337154114324669,4.662653083039288
0.418731999635746,3.4967512535214658
0.3891929382211546,3.876112611928216
0.3219593722184042,4.970086788264138
0.335100030400317,4.645277839393285
0.38030438448662257,3.945526313149813
0.4274888995170513,3.3776725209158234
0.32419713800980493,4.840168442472488
0.4093717693852456,3.6684193934075497
0.3235032089176729,4.8430765820403
0.3360438884060441,4.659192457119773
0.41613410648160193,3.482784985903302
0.30197769208561215,5.47453447385406
0.3565868336714789,4.258427107077951
0.407945565962007,3.583367358915737
0.3673909575955799,4.1813951922479
0.34903864775136184,4.389764699922623
0.37898362438340044,3.937649518716165
0.41185228193890516,3.5435812168676217
0.3966259393053119,3.723713205183125
0.34056484706212,4.55141608501207
0.3559747979968395,4.2316468483099605
0.4111859763216953,3.5310125688641656
0.36819901860412,4.112688012185407
0.32587631566665337,4.786299967546969
0.3154688094345881,4.920110248466538
0.3444740961158675,4.453973764197834
0.3799465905337132,3.969301811354536
0.3219133460454702,4.903190263946646
0.40332479842394187,3.6053563049078274
0.306753368182588,5.282972077360906
0.3885390302396459,3.7908747619590724
0.3800900092185402,3.9137887524402517
0.34056484706212,4.55141608501207
0.41155508238160987,3.5842646703962546
0.35020105977004656,4.369780326515409
0.3636397807351179,4.097384030269261
0.3461204004844854,4.425736267969076
0.3481751122508022,4.332889910349306
0.38830968078380984,3.8345194489122085
0.3768169903352186,3.9943215523166336
0.32469314453689596,4.91903542119654
0.300738771346488,5.522398323089115
0.3596699974003419,4.255613680121097
0.29758958978780076,5.429557620764774
0.3129668700151183,5.1511082635649394
0.3139161222769252,5.099600412006205
0.3633052873164334,4.165679959287169
0.33799899900030506,4.572929289385595
0.38781866880122917,3.895526192666326
0.33573288328267115,4.6261909708573805
0.3531159028769035,4.349513777985892
0.33491457858027684,4.714886077201973
0.3827119248496287,3.9014839713305065
0.33166543089221584,4.769644872599517
0.3453841302148142,4.543500691071657
0.3844462213524937,3.8711602453167475
0.3551963062031631,4.260412725684597
0.32794965683619587,4.810642710353765
0.3492166660440714,4.336942429323475
0.3393285443194314,4.619971990516412
0.3631476793426831,4.154539804736349
0.38325584709616184,3.8554108342925484
0.35415525276693177,4.307386761650336
0.4340879677165945,3.340786397970206
0.3933198576849043,3.7544166454755827
0.33853341868755144,4.633610908860133
0.33686066862172004,4.626703407516815
0.3795700203567285,3.9652954265602305
0.3148538578369898,5.108538377192303
0.34205284533620833,4.580798947451747
0.3565868336714789,4.258427107077951
0.36519580311488364,4.156419907994906
0.33347419402978573,4.621768729668487
0.31702696148284987,5.000927463653057
0.357153015145122,4.287379173220524
0.3877248751476107,3.8540613797322303
0.35026073759989923,4.3653155935576144
0.2852191976601873,5.804753756320034
0.36961729804336685,4.136714846791837
0.38484794131245054,3.831186265893064
0.36340425396628045,4.170279066446458
0.33634205354601476,4.607804814163449
0.3544038319038661,4.361959968363221
0.32412656625842834,4.941782881963717
0.3366472980417966,4.673680873234882
0.2812814500645841,5.946682288389118
0.33121391272310574,4.726987290106607
0.3929287091865667,3.739667195369378
0.37923281955704,3.952010101197481
0.35180230959186815,4.369369921305396
0.32464141314233624,4.863905612655943
0.2943880608459452,5.5356065683885465
0.32361735420859905,4.860740754393493
0.3699525046449371,4.0479374655467195
0.3753323101431745,4.0754531542682155
0.330373499791378,4.790440912477869
0.36556160894572626,4.103689663213272
0.3468527585009666,4.39107648965043
0.43282836933339247,3.359066568719375
0.3713179999670113,3.9914540912580505
0.33815416638257423,4.5881759657035985
0.2933215492336887,5.498450506077802
0.311448008713007,5.1699755775620435
0.38304117472788546,3.929886986293808
0.3307236483122721,4.748283895246759
0.34795002481910425,4.531024233019812
0.3320189493045156,4.731090688680677
0.3706906860249635,4.045431028357331
0.28264987029934535,5.835062301215882
0.3412747544251836,4.59286217986109
0.32605227329278097,4.811867789505823
0.37530067309859155,4.019204200796886
0.3579237751774516,4.277716514123267
0.3393285443194314,4.619971990516412
0.40172383827158875,3.6568475118099903
0.36414622740174146,4.205005083765775
0.37936248663765587,3.912417462155239
0.3572893003076562,4.272036372477778
0.36089279499532084,4.208611490542766
0.367063848545691,4.149852010470366
0.35032861054636516,4.380021246264217
0.3376265545510128,4.598144555227545
0.39297618140487633,3.7974692935465084
0.3379286779524307,4.58661273032302
0.3528556400969079,4.316800036077311
0.3532469814515968,4.361601256106497
0.33702258573619914,4.631674363952094
0.298607487258172,5.493941541981411
0.40474577536675804,3.6341745434319215
0.37909643857475434,3.9985124037941726
0.4471904024520798,3.2475757824887106
0.3547854930650003,4.244815795435591
0.37561669546543364,3.9999620638866045
0.39604438223716787,3.776735256072377
0.3852844851208107,3.9122003671510415
0.34996368471803846,4.368537103983555
0.3590526927286413,4.201784888329217
0.3399041248275836,4.546306633755817
0.3606278866408518,4.159844489455795
0.33614444505902374,4.648242160656993
0.3660080410926858,4.1449963112794475
0.3561506268635669,4.237894548575802
0.341250299533851,4.6246790447563475
0.38767854211038194,3.8878076890150015
0.309742997070079,5.266154730128475
0.32605227329278097,4.811867789505823
0.38001945235679285,3.939087903945612
0.39223066374747206,3.863292255222029
0.4025028255279986,3.687001908798958
0.396104763901127,3.728252413486291
0.2783642158743005,5.914149582599765
0.3426658814934771,4.4649828181242635
0.3464211170389357,4.472504037699784
0.3987269350535947,3.722352679365969
0.34666137262288127,4.498840887419111
0.36804047176119037,4.0961935557746765
0.3721401416857437,4.083391107955075
0.39647713456051825,3.738555348764737
0.38921135879465324,3.851284023472844
0.37564643624172034,4.015442479116856
0.29390469946229225,5.541917607796115
0.44358489433873016,3.2139034621313933
0.31524953534240474,5.039343298930211
0.3283521715436777,4.757575489257873
0.3435522408688622,4.492465287115594
0.3465208482432682,4.410061767335815
0.37784134276122466,3.988115862867054
0.37721413953599625,3.9592667463523235
0.4213149629859831,3.501080793043075
0.3596743259387752,4.2288934331020585
0.3136127110366942,4.987057032663593
0.4130475536346708,3.574628714947693
0.322349363557762,4.913152431430861
0.326816841853337,4.752274472011252
0.32572856439972653,4.860954266907913
0.3379999629785302,4.598235377612383
0.3520262635206989,4.324008762197095
0.39849811005046437,3.691745629003689
0.31999646951663535,4.924713022672318
0.3293763411395809,4.788341459457911
0.3649323328459936,4.1414315798563495
0.3978762292788077,3.6459927014731823
0.3593146142049102,4.219874034998236
0.32400149781298543,4.82487768095138
0.3657009717231787,4.160116476224494
0.3391910510235766,4.626447693511772
0.3269711128489412,4.936178254021676
0.3009010534354504,5.383178195369553
0.3938013109398126,3.7086473968274185
0.36368734720323104,4.1192217049766615
0.40883744087185475,3.5864917275311776
0.39179823510314216,3.692029496421103
0.35579835359278833,4.271936428832405
0.35898898609946556,4.274637923140904
0.31441934189886767,5.117085261174724
0.30551654917731697,5.289825935135776
0.33886507951909445,4.621309692938075
0.42543735492769197,3.3941758248078715
0.3416269436588873,4.526338653173543
0.3368544592280547,4.556499770747246
0.3260293209313454,4.789283110249713
0.34791109956079436,4.319579897283472
0.3394562263264494,4.52623979357453
0.3720876438534518,4.029578372587437
0.29981890699670377,5.451671464488519
0.3931330844683937,3.827926290676938
0.2922060843788934,5.674015765963261
0.3838139516728427,3.841096839356915
0.3860313218583726,3.882456532128885
0.39467777407776544,3.790839475945018
0.41972372441634226,3.4632191153617935
0.3575931063715708,4.267125432878359
0.2956558545205796,5.444543947146384
0.3227186639072942,4.960911568130848
0.315284197790728,4.972036858971737
0.37446099297783314,3.9947406909742202
0.32714959226705986,4.706946203012377
0.3192513149450203,4.94083656004179
0.32509121879864,4.744262569869216
0.36786443484426923,4.112371342310434
0.36613004959705053,4.152243066479079
0.38470888684972737,3.8213631485403945
0.40408233479230143,3.5902396362533713
0.32581788157564956,4.76533113831241
0.3805722417388588,3.9689566959619857
0.34816705096200107,4.4170255377083665
0.3147339481974945,5.086647338096341
0.32871074612145235,4.785816148376303
0.35282739306180844,4.344878357220365
0.3584195981456714,4.304340862092574
0.3410605770319059,4.527156450422805
0.3237128884175501,4.848977827326103
0.39647713456051825,3.738555348764737
0.35450151788834683,4.3895963456008475
0.356044601491384,4.299251429544357
0.3626794039415929,4.230878917110377
0.31731882229495756,4.979752167868253
0.319995470202622,4.90361742287493
0.3591065924955492,4.29173541305545
0.3997947484933722,3.660234168925549
0.322349363557762,4.913152431430861
0.31864710887818537,5.085269993450734
0.3136127110366942,4.987057032663593
0.316193039581456,5.053031904738282
0.3776847129025888,3.9877390064202816
0.28714266432800595,5.736932738152535
0.35773091613318625,4.297135035419924
0.3599986481696408,4.261345437941322
0.35543287298296333,4.375924481329207
0.36148609547701493,4.119287465218597
0.3185398094624525,4.89130337499882
0.3581512392688422,4.26930999288239
0.36558022636567084,4.163430330174787
0.339063735419706,4.471482815376612
0.38308114565634166,3.9499969259860457
0.3065435536655173,5.278558930262404
0.3034327456757378,5.343599962715962
0.3346224968264055,4.741069197939273
0.3463388167263751,4.437624551253586
0.4381675203902406,3.3606064487412444
0.34563366821069635,4.445006622038383
0.3160877150201447,5.104127261039969
0.35105006570776204,4.3238814571640605
0.3513615149777335,4.3893189642889805
0.3735798556726173,4.023580288528871
0.36602378520498474,4.184788500754865
0.332443461500635,4.7701651604033914
0.37397588471846677,4.059644525557856
0.3336449960580332,4.673350293588212
0.39647713456051825,3.738555348764737
0.36227180240111934,4.171478074339977
0.35224831344254465,4.3879675810807734
0.39658216538355645,3.6964616673347455
0.3360317835665206,4.646020554774997
0.35327207655786474,4.375802837228756
0.358360550117406,4.23126977825623
0.3699652961333878,4.072456614581331
0.29350460447014715,5.643240315566876
0.3809930744988721,3.906713045965163
0.4381546890429411,3.313692270746043
0.3422243162621487,4.595236443681789
0.3230544432490815,4.889137383599399
0.3933198576849043,3.7544166454755827
0.3238684303502601,4.832407317401227
0.33427553898986184,4.728368385208867
0.32484241459364477,4.8274703657798455
0.31643422620553685,4.940657454303971
0.39874840610109474,3.652233891537551
0.3425341518222476,4.496263051543758
0.3631473984003156,4.193706584244469
0.4070660660162251,3.6462022981352047
0.3817807687727769,3.981857470110007
0.36476287401855534,4.246803403604887
0.3088366907455635,5.057538854844117
0.3602772875377507,4.258133225420391
0.3295915475854772,4.833254293570262
0.3774165796750443,4.028603605363189
0.34118626136504737,4.576053702635606
0.30806710298124634,5.135249507932737
0.37773556572037353,3.9873694027826794
0.32900534614495064,4.780353892130344
0.2955512906055271,5.522067782712857
0.3721401416857437,4.083391107955075
0.38842559207532196,3.805313326938014
0.3712383908578648,4.08169562490184
0.372129310873908,4.057908936278769
0.3644379752591764,4.215661738469428
0.33854166359676224,4.527726873302521
0.3680503344599118,4.1482668570074805
0.3389336632598551,4.5688943091627445
0.3570364349780232,4.290875044054187
0.3100322349551833,5.164783379700792
0.37555211817341116,4.049923248868297
0.4388245869883533,3.3306248000065097
0.3394837724164992,4.59903405257945
0.3237128884175501,4.848977827326103
0.4040274362342722,3.647617527838737
0.3290875391478505,4.768944165541735
0.37940862635469874,4.026247335390298
0.3623026353230585,4.174891798200361
0.3194736155776112,5.002569312185017
0.30574344931798414,5.227661650412736
0.3481825547001523,4.483915064652894
0.36235015592998765,4.183840611542287
0.4645859913023138,3.0677309610501284
0.3546278047066144,4.271831176282869
0.33117848852407955,4.6929617703234205
0.3372769904438162,4.58949239734293
0.34729503287597296,4.4693494394129
0.29310244454305623,5.535538752441415
0.38167884898414584,3.914950793274886
0.32476806470494995,4.7961315430953615
0.33212609789583386,4.707611889741355
0.40698944929709974,3.5841160643634318
0.35655565336331846,4.389297270797118
0.2805908870404791,5.898307521250265
0.358811366625865,4.169919256025985
0.3446791985380992,4.41704180203912
0.3840634348265244,3.8972492744777942
0.33650740241941973,4.664886699821794
0.4527980927037481,3.121372748025161
0.3361196140352966,4.624180996245164
0.32581788157564956,4.76533113831241
0.34795532744350954,4.414530109239139
0.396104763901127,3.728252413486291
0.43452503630705835,3.361627543176674
0.35341517688089186,4.37037421054688
0.3582580265596514,4.222752654398922
0.3766283404199976,4.016054376393101
0.3338982610260455,4.734105130576574
0.34986641197468504,4.337314151226675
0.2897611415520623,5.6046706635247165
0.3195873371905307,4.983678254423948
0.34808497614509176,4.426175315169423
0.32681357550182194,4.814204742243859
0.322715285996939,4.951718587720321
0.38151160835995884,3.839506653541465
0.33655025559435975,4.553082294900262
0.36625706590984924,4.08490338427964
0.40958859828310634,3.6129263069748916
0.3618885767581376,4.227786496790281
0.3883951770295998,3.875432747325945
0.3360625603771634,4.676561213716444
0.3728312047017542,4.073228149033162
0.3201382631979975,4.897235661728166
0.42259566787011643,3.4323709407613108
0.32854818896085264,4.745273500756607
0.3799568234938533,3.890868057956358
0.35274795110901186,4.307280506143054
0.3828677183962619,3.87507271485103
0.3376265545510128,4.598144555227545
0.3497076464019162,4.331558933071161
0.44646252410546605,3.2176958017355397
0.3667431801468564,4.096459633346555
0.31741235282027874,4.993942631931463
0.3718739583840124,4.080504182228673
0.3655942265038195,4.0999704172420515
0.38486276529879865,3.8939707215472454
0.3342134232903134,4.751001431361578
0.32397520227019844,4.918875882407667
0.32572856439972653,4.860954266907913
0.3205565418433225,4.960497176959492
0.3166907832392842,5.005062591275565
0.324431764237791,4.798383402294431
0.34919480259163765,4.427617640052099
0.33218322727480837,4.698317002848604
0.4139239730041007,3.5336719722924617
0.4069002146041159,3.6844050948699874
0.37391080691720574,4.032178403062268
0.4322706749939003,3.3075857508505444
0.31066624827174116,5.233012714572155
0.4037922733942836,3.6621430648303255
0.40709215061222537,3.6456663969673313
0.38411232702573844,3.861054885071839
0.35797185899557993,4.319130328360221
0.2949923529239461,5.492651284631386
0.41004208242295237,3.513628486668725
0.3693524112921834,4.068822797710666
0.38199035902635164,3.955579757429049
0.33069805412246983,4.714002350032534
0.39413222606572074,3.7640780820597812
0.4423358299792265,3.289169041171127
0.3438847805700079,4.440215684206497
0.3191500456109507,5.024533611600609
0.3667635731859115,4.116691084125944
0.3446729868414341,4.480954530145138
0.3292751999111269,4.836910775038593
0.37962636755530543,3.913873146233413
0.36758375540064464,4.094117878011093
0.34042585144880777,4.605119482538881
0.3418701061397531,4.5157937026674455
0.3429862769705734,4.5907492390303295
0.36602378520498474,4.184788500754865
0.35411212387288343,4.297397789574352
0.38351462285649107,3.834225548703909
0.38081792338788956,3.9474248817910143
0.42250592847766033,3.418769836880506
0.370456564975024,4.068891052349436
0.3732499314772335,4.077386687333737
0.3677159803728397,4.093870841133419
0.3388468199822768,4.578447755442013
0.3067474483604198,5.264618860094122
0.362290291028328,4.1627024655584615
0.3411564165311567,4.55683917642667
0.35146244654301556,4.380475331003984
0.30806710298124634,5.135249507932737
0.3412747544251836,4.59286217986109
0.3228934805858493,5.038971637769983
0.2956558545205796,5.444543947146384
0.3805814920139821,3.8620181847028525
0.39542140271992265,3.7293759854104396
0.3172671240299166,5.1717737038821125
0.42544428499773607,3.404372113000973
0.34822852940192445,4.38842703684915
0.3415724464758627,4.542221131111903
0.3759625312253747,4.037778350109293
0.33613875050613595,4.606023100711943
0.33379046336145696,4.666944748072416
0.39647713456051825,3.738555348764737
0.33088492524248175,4.7873946594659476
0.3735499494742039,3.977991145570218
0.39028099551681616,3.763018518804271
0.2852191976601873,5.804753756320034
0.3293898816919821,4.743232583203854
0.4009909814269693,3.7471829196247324
0.3710769309967237,4.101153648229903
0.35939323848804616,4.1314662521779235
0.3932765309937043,3.7838438483278374
0.4121042286407667,3.554701328064799
0.3965029547429654,3.7056964793887186
0.3391523481032841,4.551782252143524
0.3073874610510777,5.197057588890099
0.3191500456109507,5.024533611600609
0.3048293164151666,5.288584388282381
0.3479182302649097,4.433317443080468
0.34903520289385837,4.371921123073146
0.31932648294897675,4.9196091874330925
0.41707354798210555,3.4661575823505135
0.3325661216929158,4.697368819271564
0.3492377923154272,4.420504719580044
0.33039066718149035,4.7526172198756305
0.38050930095857505,3.951924205117045
0.3034427297353338,5.355488396299234
0.33799902921803104,4.5996318096849285
0.3408562389764946,4.560890979701664
0.38611474132919815,3.8316431725491733
0.4110057307799244,3.538017668437898
0.3951827322572871,3.735227040640578
0.4375347274074662,3.300668463322386
0.2917355658289751,5.5106256864073275
0.33051585133304473,4.753646742309043
0.3987269350535947,3.722352679365969
0.2940821225518234,5.543985553412504
0.3483823866767445,4.459472730689404
0.4027596434857406,3.6595617613481934
0.3958973618894766,3.815382475149492
0.30205419354527313,5.428505801582832
0.3363187543913968,4.680645421518162
0.3735575398248262,4.004624522832865
0.3781130603743145,3.9929312670261115
0.34501414304980604,4.498488950176352
0.3555592469970571,4.316653227136111
0.3376437010650223,4.559638477316446
0.38733211921017846,3.8471642313577776
0.37224211788124695,4.116331603348428
0.31816961094200513,4.922479619510556
0.3283521715436777,4.757575489257873
0.378569125809975,3.9643092283268344
0.3259567958113184,4.895871329254527
0.3898347679861742,3.756279591571799
0.34093980971733956,4.613113207879319
0.3280944534231494,4.752043070326173
0.3622971415533752,4.165937126298625
0.3456324691958335,4.4396655332454005
0.32293899687615973,4.884129187454577
0.3238323064928042,4.947464570227068
0.4015671261341919,3.6519090034572637
0.3953021089108436,3.791659654356219
0.32928758736127384,4.697120301770589
0.30795006285646326,5.173696620908105
0.3281345864343659,4.750620410120723
0.3412611093312458,4.595144692608709
0.38893675251605153,3.7957850663128
0.39776836041895536,3.6638629140406
0.32880575383493604,4.78585748583262
0.3826947596131815,3.9463832256200293
0.321359825888436,4.856637765124657
0.31341652533670644,5.137919235099005
0.3641949212783071,4.1861187679905445
0.3395964003796423,4.579326001531823
0.38023515786566947,3.9844560350859584
0.3602772875377507,4.258133225420391
0.3566699671444276,4.313609224635932
0.32928485496281557,4.816604357426221
0.3554414399652468,4.369396676197422
0.3253873366727577,4.817393139279257
0.3939488210949365,3.7259146071572142
0.37188141035336586,4.075155242938224
0.34475467780039715,4.496521860913123
0.3459379390000317,4.45082254104286
0.3734869230086971,4.071110480802998
0.3526623614752251,4.217248737071554
0.32047702272415485,4.853813759221695
0.38842559207532196,3.805313326938014
0.3539472329931839,4.381641029413452
0.3518436336419431,4.308787720905357
0.3306994482231497,4.754974309224294
0.37619088054289745,3.988828769120444
0.3898765812967435,3.837574973046491
0.37567481615784104,3.990926313892184
0.38814050699861724,3.789211496370861
0.3434580983780407,4.499648385033266
0.3308106920322362,4.823265490276225
0.31546050558729105,5.057188703092091
0.3625469447133167,4.144604516269036
0.35465864445643264,4.369531942757697
0.3371021167691839,4.60105558837258
0.33585846647194684,4.716767749485029
0.3516882949793371,4.32474404304677
0.36225136882201336,4.1367012439279165
0.29026561795715594,5.669038192785397
0.32282710605096904,4.894361463353819
0.36181758320867585,4.239423560584356
0.3498367463267375,4.3672278228204116
0.3959414505149392,3.736126487392887
0.3236604531828723,4.870577492399009
0.3883801033303948,3.8904475287687283
0.3510300408092501,4.403350560282816
0.36786443484426923,4.112371342310434
0.3164163627097337,5.037145930388272
0.3450666643678451,4.4720611638849315
0.35780947997685986,4.270532070035413
0.3379260806838909,4.596615106245216
0.4136686320926264,3.4974571569067816
0.35309250511078,4.373922172301965
0.3362883585219944,4.627763939323819
0.3710669958820854,4.028390859161529
0.38441673941764504,3.867880044093825
0.3981561544182815,3.667232022197015
0.33573288328267115,4.6261909708573805
0.35026073759989923,4.3653155935576144
0.3785317183365945,3.9879178487257523
0.32628854794551126,4.707054605130369
0.42514468441947617,3.4233639495488326
0.3833720369020922,3.854057948089142
0.4145845177500546,3.5501080783584027
0.3383218504958372,4.652198347555472
0.35775964736045757,4.1844704542453925
0.3302300445446946,4.759160581818522
0.349259579056885,4.3693365352912545
0.3443104133180206,4.4647553008758605
0.29614986934165366,5.541600693224504
0.4119411610332025,3.586005669116585
0.32049550717026154,5.029820316881826
0.3743100488792068,4.050411097913615
0.34121032371796706,4.618078482413092
0.3973237971341883,3.6711204483708175
0.36786443484426923,4.112371342310434
0.3330860753836066,4.6826611685563
0.3570364349780232,4.290875044054187
0.3824849578953327,3.930037015054534
0.34523683032560953,4.538850493087618
0.2790221552639205,5.96507494182699
0.3544382576324966,4.278264062149866
0.3559089436833843,4.305469104991738
0.3290977066170716,4.813260255011663
0.3092625665696796,5.1781103196992575
0.3264369540880002,4.817654855947609
0.31333530583296826,5.051186378865869
0.35655119887913617,4.338136213626426
0.31259697967143135,5.161079123905386
0.32723203041981236,4.924652699407823
0.3622971415533752,4.165937126298625
0.34081196589614215,4.544902748328756
0.3538967838750152,4.338162945182752
0.34895480407283164,4.425044438319635
0.35693581462484475,4.291299897013405
0.43390596671564846,3.3145970522939723
0.3154015815857006,5.050848846248187
0.3569485343779903,4.282609194357963
0.366766939929243,4.155192287819739
0.4074558895395657,3.652539890580868
0.3697235193602384,4.135423669270828
0.43855995241801815,3.3060098917871845
0.3325661216929158,4.697368819271564
0.3699310075715466,4.072438671802881
0.37058649992162557,4.061037698967597
0.3713380990573626,4.058194993359058
0.4096912865859381,3.6353942834372712
0.40736275551104145,3.5980284653010455
0.3606229013214154,4.2041618614975675
0.40315290413440674,3.6637999107284944
0.4037015285424201,3.700717061954619
0.3398012739545479,4.6481712227555985
0.3268618211636501,4.737828282125299
0.4144723689284487,3.6257719232272887
0.383668078732457,3.9249192641034774
0.2895714290959607,5.6429294256520475
0.363889981567267,4.236755063952294
0.3926853143910883,3.7528763003452044
0.33573288328267115,4.6261909708573805
0.3582244256726051,4.346228548878335
0.3376437010650223,4.559638477316446
0.3488747346521425,4.442573413565637
0.37015581778470164,4.072420110788404
0.3618885767581376,4.227786496790281
0.2915684718487319,5.6357518536327635
0.41795583380491413,3.5297468574755873
0.4390015748421452,3.26056578094178
0.32646457017451846,4.830061685889768
0.3487660842625765,4.398678793518232
0.46911677131881724,3.004096649732946
0.37624934983892133,4.002744571075598
0.3292751999111269,4.836910775038593
0.3149583809104854,5.004721611526725
0.34442144806946573,4.412329133652395
0.35773091613318625,4.297135035419924
0.39874840610109474,3.652233891537551
0.3486152899544561,4.4834340468185285
0.4073605384186226,3.601790321948245
0.2722917596187679,6.199761531366875
0.31702696148284987,5.000927463653057
0.3832209867802997,3.9091317850425957
0.3584960997870105,4.244493257533206
0.3656886924726934,4.194151931456059
0.37043926896970664,4.04841996637983
0.3379999629785302,4.598235377612383
0.3472598176401128,4.468510869949341
0.3451731724901904,4.520747634960987
0.31584186913021284,5.020559324348875
0.33921745686658134,4.566783492238129
0.4135015319163991,3.539231647597304
0.4100694026979969,3.6092387494189566
0.4166090974134688,3.4620950919005447
0.411178652586892,3.548548769023092
0.4014382002656667,3.659137309834818
0.2790221552639205,5.96507494182699
0.3987701064916099,3.7211847094910158
0.33398239042769134,4.627090105910115
0.383668078732457,3.9249192641034774
0.3401073054251425,4.56278870819719
0.4391903581880115,3.281644294897927
0.34582868887790313,4.5118279699114066
0.3583586644496385,4.302402789707441
0.3416458987914317,4.562929760082025
0.39037977506959,3.7997996500749536
0.320202302823377,4.941317921458767
0.40441269559971116,3.66764745028803
0.3839947316313401,3.9181999597870076
0.3743232532206334,3.934648570259508
0.34047977222031967,4.537017303806796
0.40205122808548527,3.5964200261138792
0.46951031534242615,3.022100149490646
0.36856877421133283,4.070882059639456
0.3562122909308396,4.298882367388143
0.32681357550182194,4.814204742243859
0.38167884898414584,3.914950793274886
0.36308632597980245,4.148499719579572
0.3962940577258339,3.767933580416581
0.3795700203567285,3.9652954265602305
0.3701258129914435,4.000021776798237
0.3160877150201447,5.104127261039969
0.3491825046300146,4.415546536534503
0.3399220340430579,4.496218538296881
0.348421008161516,4.36573024822985
0.33619807625867815,4.564592231575039
0.3929084687936174,3.802645318567947
0.3401315418046169,4.581175169001284
0.3130697645262712,5.138759940509601
0.3144890342826882,5.025648757560183
0.34093534586108093,4.578648911804026
0.2988966853697356,5.464358817022751
0.38463420470365683,3.845881485327693
0.3213975884505491,4.985097983004826
0.36281504618223315,4.1940326995100214
0.3706312113397442,4.099213763938807
0.35107317842611363,4.36156142897054
0.38713254617133536,3.8618767221396992
0.4106596235919374,3.5586878872606715
0.33242446960262384,4.666473515073304
0.3426658814934771,4.4649828181242635
0.3537679246958172,4.340239893479986
0.3957493843766356,3.6983940833550215
0.3583820290404647,4.222427135667581
0.3666731592834447,4.178038683127157
0.4020187004871508,3.674842605477026
0.3876035093360133,3.881855062050668
0.31380213976591026,5.035288917738942
0.36877542683741293,4.074442625932755
0.4106952789922887,3.58382483215469
0.33959469779086815,4.456713119105397
0.41261351512819777,3.6072313184966895
0.37739425329542264,3.945139071239022
0.4393476712902889,3.315287229061462
0.34473508318868556,4.447404835779629
0.4070028450348114,3.6414636218735583
0.38075865072800935,3.9802087179434147
0.3903664017011974,3.844334556827743
0.36256893536510226,4.210761720102264
0.3687024905674047,4.157438443356153
0.37501208456118623,4.005552067610049
0.35114449995449054,4.404046016668333
0.41544378866319925,3.548299705135637
0.4385650092070311,3.3000675135140964
0.36841306988019984,4.157426640790755
0.3436148850191732,4.511108391308346
0.3347789500530692,4.766207779212218
0.4054641039633265,3.57110607153436
0.3374894701350466,4.6023866214986
0.40261094810578063,3.6525691633381556
0.3588249201216066,4.158802675777537
0.39076058989267376,3.7656226295424977
0.3416269436588873,4.526338653173543
0.34635756622642544,4.365382436126706
0.40246322963131975,3.632464161637904
0.3475206570410757,4.421743951200876
0.3704115813328939,4.019715935255093
0.4564934609405442,3.1084572138434248
0.38466415893952755,3.8741377429192183
0.37314910297396225,4.032885607107338
0.3880045947944302,3.838218918790893
0.3273952298011649,4.86703835306812
0.3452846754766635,4.549078008414848
0.4186239695604178,3.467825068079835
0.4012498650433325,3.6775030577059526
0.3964441186952802,3.733773367780125
0.3377262851121279,4.665118249038553
0.33506321814970147,4.609724419761625
0.32704234612405814,4.810299607810585
0.31966865178850046,4.834747155754852
0.2944771450607991,5.576515875080713
0.3415724464758627,4.542221131111903
0.39770521213234944,3.7198744283943768
0.3327808022131749,4.67155240581274
0.37428263182055826,3.993903960471227
0.3373306998759807,4.611955107361187
0.3994050348262544,3.696037522628035
0.35543287298296333,4.375924481329207
0.3103613167376922,5.174365932760481
0.35664367877359204,4.352537561527453
0.333545438910564,4.717171206648637
0.38814972014372207,3.8476593078292343
0.41906209298339037,3.540644412141729
0.3425341518222476,4.496263051543758
0.4135852294251656,3.512086586989913
0.36938415465589947,4.079586373882194
0.37335988651950747,4.057124030821911
0.2793382660657182,6.018847821346746
0.3599077217465258,4.193178408210058
0.3414275232427991,4.4704243410273055
0.35221003757425934,4.321626739822791
0.4433069808530092,3.2436369518014367
0.36530264404913165,4.135047012476643
0.35221003757425934,4.321626739822791
0.41795583380491413,3.5297468574755873
0.3915766218415755,3.7810204295421195
0.38146151737593365,3.86945351925445
0.3584279252834675,4.185513271741323
0.3908087955499682,3.7995984281854422
0.3071775998273254,5.11162523854918
0.3641080572418527,4.158542377141919
0.38987820762768044,3.7655579849710024
0.3420093700668218,4.518370579203255
0.3607661576377999,4.196261668364134
0.4030130729127474,3.6905455723948584
0.3208970256521271,4.910569218921729
0.3502011870884186,4.386659648664149
0.3999938597465991,3.7334592699011377
0.3476881416288417,4.478305028107314
0.3435573573280053,4.4696259349793905
0.330679912263887,4.771792780643651
0.28878679000128155,5.790802835828411
0.4071571507501953,3.5973051790397923
0.3221787441598211,4.905828072063274
0.3368504365211894,4.633646024654996
0.3647394372415075,4.165888150150579
0.3696827076894723,4.145371802043781
0.409192374030273,3.610490885368838
0.3660080410926858,4.1449963112794475
0.3596699974003419,4.255613680121097
0.39972516006959397,3.6927213127222465
0.3456779322793335,4.402975613039948
0.3585455794797979,4.2197415150958415
0.4270717014836036,3.3700573330376034
0.38444246641197577,3.882693236347442
0.36758848337545025,4.213290445892481
0.38666203806070254,3.818925098363993
0.3741290391298863,4.050008777517366
0.4418838584297221,3.2309616242579025
0.38781866880122917,3.895526192666326
0.3158249663201114,5.090472668175359
0.3183746772316305,5.029158133247884
0.3156397035078625,5.00339562907518
0.36414622740174146,4.205005083765775
0.33686066862172004,4.626703407516815
0.29823672538795704,5.5059223532247925
0.31892756532458727,4.953339979240833
0.3452129473827998,4.402251707796127
0.3641949212783071,4.1861187679905445
0.39028099551681616,3.763018518804271
0.4189165211357311,3.4092689712120174
0.3447957462301196,4.42001931018407
0.3478594630528797,4.385369547940718
0.37712663477724206,3.997299375536647
0.29517778369469105,5.5949746872835115
0.36738834644036544,4.182013669876989
0.3058616187622577,5.311395079025328
0.3074906787940559,5.209103228183313
0.33826344432884936,4.721062745878972
0.3486680347208559,4.361865290387521
0.3381821412724383,4.627005806747543
0.33039066718149035,4.7526172198756305
0.3786818759005908,3.935880428986143
0.3653497428122496,4.11851792095847
0.39863371330749664,3.7945579721373788
0.32122433179272086,4.9875282541125845
0.35768616190137587,4.248748296594857
0.3568353702051396,4.332474123815519
0.3640444043071038,4.137517403115443
0.3774022640280347,3.9798915058194555
0.2972569556052705,5.4569040167558285
0.36909417099147257,4.098693552614504
0.3553933652434966,4.3261367212344455
0.3455191536276014,4.487230210751765
0.3198162166952119,4.997740088228847
0.31249895790439824,5.195501185366322
0.4041258096462992,3.6392188976930173
0.35107317842611363,4.36156142897054
0.3563825586198927,4.23682871071771
0.3467568625707662,4.402936634744718
0.3030547401670044,5.298235483605643
0.3575293835489734,4.306459065184902
0.3747932382133053,4.000758673194537
0.37991586004296646,4.004085480920317
0.34569354643900085,4.447779649614113
0.34195713100973457,4.487354860730865
0.320721634468008,4.850758749372176
0.350169995782249,4.394363467384483
0.34909443478862817,4.374646670382447
0.3272070065331434,4.740136926747271
0.3607011605630414,4.237946675532978
0.3620046203218932,4.246802911854679
0.33613866000754955,4.643076715029385
0.3925847252991377,3.7243961836440738
0.321965310855859,4.8380647652311595
0.34211541271383844,4.52453507963906
0.3866559282631675,3.8533325654877464
0.3462225183736948,4.446301799759775
0.35348479575274183,4.313858782964109
0.42914313431487955,3.3336717113513576
0.3823937557158851,3.90908551685359
0.3420590101838604,4.513178638936236
0.369782070686281,4.136768354714807
0.418874077552465,3.4478100623214973
0.37377370475050553,4.031240126501294
0.3532688392703087,4.32406110743381
0.3416695920863351,4.574386896654015
0.3515989040336632,4.335233781324192
0.3071987034550847,5.129282728643938
0.37985013804750745,3.917061360556336
0.3411564165311567,4.55683917642667
0.3774738535883285,3.9699641584774548
0.3596699974003419,4.255613680121097
0.375247473456721,4.001948193947979
0.3027297788522725,5.444292550142775
0.3756615906053129,3.947222999548382
0.42204228578768005,3.465390671001497
0.3112310564273237,5.186130078542972
0.3395345539841141,4.581318907991766
0.38830968078380984,3.8345194489122085
0.35775964736045757,4.1844704542453925
0.3405808719541307,4.4921016884796385
0.3984447987285212,3.675802917633946
0.38822734110411794,3.785274764284127
0.3386567733656637,4.62502833940908
0.3821612604399004,3.8532857112522567
0.3306572688178264,4.792126892206113
0.41667542677706276,3.5389679190139227
0.3691829015374788,4.104245723533315
0.3366755953466365,4.548520851086284
0.4340879677165945,3.340786397970206
0.39239612180751193,3.775630647264421
0.33306130480175333,4.7123437312108365
0.3982424754213697,3.703671675381682
0.34477498588090083,4.40438390333156
0.31567194246952607,4.943741344262541
0.36949348730686904,4.062735904225568
0.34226237852668057,4.52194772867463
0.34482542777657227,4.485422965075784
0.3755047267388306,4.027410736374776
0.34042585144880777,4.605119482538881
0.3405873747938746,4.504514145957214
0.29898726531608144,5.492802854459922
0.3690172316090311,4.054053048305041
0.33650740241941973,4.664886699821794
0.4054641039633265,3.57110607153436
0.3781130603743145,3.9929312670261115
0.40875661949759456,3.5722917799589204
0.3590526927286413,4.201784888329217
0.3397027546609217,4.522618150911611
0.3579491448797763,4.202316476710801
0.32297306331884895,4.895730870240402
0.3151992690290782,5.169138725323605
0.26424484157699507,6.483753301787463
0.34730063453189336,4.430434079480611
0.3798129227263607,3.8451950322088737
0.3187042313940985,4.910974544100582
0.33178572801340084,4.748692811968581
0.3538138213727442,4.310057388476128
0.369782070686281,4.136768354714807
0.4128571926529211,3.582637437330321
0.3584960997870105,4.244493257533206
0.35554961318365036,4.224400367354152
0.3054712707443519,5.297744581503948
0.31956620666810964,4.879999443972972
0.3452858426732526,4.490600192339695
0.3310708614204934,4.793047360742196
0.34968770045122904,4.395982989908067
0.30966373961405236,5.168508464232072
0.3895192192934453,3.806221026717711
0.331226605304367,4.773835104997268
0.34570259751926374,4.438193239554186
0.3727988718325191,4.052570305214531
0.3752480937806845,3.991806067008269
0.33489048591619985,4.575956374367591
0.35189355950492046,4.297837390165559
0.3343919442125813,4.699744896881408
0.3435522408688622,4.492465287115594
0.35252232682028456,4.386512704964898
0.3490152339590893,4.429449206854801
0.3395345539841141,4.581318907991766
0.37043926896970664,4.04841996637983
0.36612845191915705,4.146788821360496
0.35833771787700286,4.319502347285017
0.34671754047498304,4.457736163857587
0.33620454878011996,4.6340051744076085
0.34666137262288127,4.498840887419111
0.38873171790386146,3.8647737058515856
0.35453072575479305,4.264900223363627
0.33519822420259143,4.582109946411094
0.3869262917887989,3.821482462000575
0.4135909002318324,3.5280569436618294
0.3306369745110308,4.8639617957995265
0.3533780619768348,4.332199038200137
0.40835802296371704,3.650638937113725
0.3526623614752251,4.217248737071554
0.32727180016115254,4.717107144798626
0.3819239407002609,3.9235388709307797
0.31970670163314807,4.848041173047186
0.35240761812192484,4.367347391419234
0.4171308993508091,3.5006021886709213
0.3074076092926647,5.249898730308315
0.34671754047498304,4.457736163857587
0.3963858541196621,3.687905471551344
0.3401426430288822,4.6135591379109595
0.34311140900807807,4.47969264550903
0.3354955952537178,4.671560486256867
0.3310708614204934,4.793047360742196
0.3820104181793814,3.950787138202376
0.3293763411395809,4.788341459457911
0.39437702184876977,3.6943731653125473
0.32605227329278097,4.811867789505823
0.4193930844469851,3.451151824317285
0.35313781870503147,4.37893654176222
0.36056051480983115,4.275827461201672
0.35771452173127044,4.228668047715635
0.3590075448185493,4.20631698353715
0.35783972056368196,4.238256083592479
0.3599127586954286,4.247467758238907
0.3327864922244791,4.720127066673559
0.43720439228286795,3.3463792965673536
0.3058616187622577,5.311395079025328
0.3599127586954286,4.247467758238907
0.3537679246958172,4.340239893479986
0.3672946010595322,4.143088230622773
0.3703828400880558,4.103299081438756
0.30944740283041927,5.226218247950164
0.33193570179556187,4.723216014172519
0.33607269015299224,4.53699327732421
0.3479017896413856,4.432169317209508
0.34142541751442057,4.593596063364612
0.37860374950430153,3.969487724408162
0.3636229843733494,4.218374871284561
0.38534505975244615,3.847540631746569
0.3412747544251836,4.59286217986109
0.33802498246966217,4.630044565746255
0.33112201378860817,4.693475498848909
0.4327413642166054,3.3349502639193727
0.32929594493270115,4.8326360659883685
0.39297971499055717,3.7901627735211925
0.2981213804253763,5.479384682186717
0.3426307465501274,4.431607982182571
0.31188309728210484,5.147872372024152
0.31231936465936827,5.0837316936325525
0.4038349947054427,3.6525165862464375
0.35721573716414207,4.250227697532771
0.3554954862884768,4.274254158573738
0.3706855536633074,4.1383023943475745
0.3886161271915941,3.8166810013391252
0.3138882121383034,4.908561830020125
0.376042631898697,3.9704460998406454
0.30015827678366364,5.4383907957278215
0.41953347976338656,3.4902786283870353
0.3646876890099198,4.126758821143451
0.3294933210701373,4.784443680929242
0.4231781955185369,3.3738381864782134
0.34544183737220563,4.451154539372562
0.3880240200152049,3.8336415984247467
0.35526010273854386,4.286527441107451
0.3952163929857348,3.71967891030654
0.3167845457235496,5.052303153726179
0.3497008451313261,4.403651665917628
0.30600916718865245,5.24979527231525
0.42327788957675927,3.3863227599036763
0.3239181689627637,4.827735438636955
0.32232287504676777,4.9148146885969695
0.3315924615180721,4.86742686738536
0.3939689038737196,3.7684952984891704
0.29510434935052676,5.5019390550349705
0.4230255029338912,3.4752567637859024
0.34603172271416827,4.418377205205621
0.36625706590984924,4.08490338427964
0.3650351767835407,4.204150785385622
0.3330962363670355,4.811513254798771
0.3618885767581376,4.227786496790281
0.3743609403082003,4.03240428529252
0.39592879140507786,3.6974866828496338
0.347048173533625,4.459620053314389
0.376042631898697,3.9704460998406454
0.3243245761862025,4.8399791656781455
0.40522354016699136,3.6397926317587337
0.3818189689072135,3.908948982759336
0.33951228131716593,4.613695310933688
0.349817063170413,4.299378305082298
0.3759691160010607,3.954708295178644
0.38081792338788956,3.9474248817910143
0.37773556572037353,3.9873694027826794
0.324391485888686,4.8103462267856045
0.33534136466244285,4.626482638981488
0.32834575833098756,4.764822404934637
0.33802498246966217,4.630044565746255
0.34928384196080575,4.385055048912782
0.3852844851208107,3.9122003671510415
0.31892756532458727,4.953339979240833
0.38918335890559985,3.7898107903335694
0.2583448649609165,6.716100142145027
0.3429650304693949,4.524264261036224
0.33951228131716593,4.613695310933688
0.3095549279341372,5.1230248453669605
0.34017973029694515,4.613455521849121
0.36681685190477925,4.166260062619539
0.3949776266416766,3.69686823868611
0.28207848094092425,5.944701353369906
0.34770899484834256,4.307466436749099
0.3646505045752531,4.238361305093258
0.3302154094723761,4.79249586735473
0.32628854794551126,4.707054605130369
0.33757394896534737,4.62333360106102
0.3095954255661856,5.1820401614235685
0.27418981500432354,6.130914264685932
0.2826996804087678,5.973969737930325
0.3488747346521425,4.442573413565637
0.35075554963809613,4.372240767492473
0.29870084754818343,5.328552973048345
0.2900273993123458,5.663205207760866
0.3378694624542052,4.667631356682912
0.3699525046449371,4.0479374655467195
0.4007316523165985,3.715083764190734
0.3459878026818586,4.489675303559681
0.34966752115460303,4.363285174444443
0.3977095711252656,3.760788397966288
0.3826401536045964,3.98137969500565
0.3169939130615861,5.013065489065645
0.378569125809975,3.9643092283268344
0.38370375762940273,3.822424850410201
0.32455514949207603,4.8243764225347805
0.31340521382050124,5.02185192979669
0.3844524190508589,3.8626736136960673
0.30297675917064104,5.244802100903995
0.3560272019714368,4.279784658946534
0.3595765137996639,4.22144656703527
0.3196906843570657,4.989596052955487
0.3662327778699562,4.150521476113962
0.3444740961158675,4.453973764197834
0.45533858405658145,3.1701084452947277
0.35612855187581866,4.305679501892449
0.28909411350021635,5.634739625950786
0.3806617647042025,3.9050113466951935
0.3952049434813895,3.7477447968272246
0.3575013427197425,4.32023206006345
0.334646499352864,4.703933029098438
0.2809813608276991,5.899369409448424
0.3306994482231497,4.754974309224294
0.3453841302148142,4.543500691071657
0.3609336145438989,4.210899387372874
0.3455191536276014,4.487230210751765
0.4060980178923606,3.613136384171845
0.3411162950869459,4.528973668477034
0.3269293583893071,4.805748788104898
0.38339843929049444,3.945442902009673
0.3628582898939876,4.098041594543299
0.3781352746029749,3.9680964443251647
0.40204083923662876,3.715187911569704
0.39535924016120494,3.714510698506273
0.37097448780472353,4.049406022601844
0.3376189023484666,4.59821678918501
0.35632211847549083,4.211083905188094
0.31881206730843775,4.9530939429560705
0.3658728630354286,4.1555871718681345
0.36256893536510226,4.210761720102264
0.3248220162843658,4.814214056275722
0.3677159803728397,4.093870841133419
0.3766283404199976,4.016054376393101
0.3859368560292228,3.856640455752962
0.3533780619768348,4.332199038200137
0.36324538587141253,4.221446633712261
0.34974942274870396,4.36405993895747
0.3447432823518755,4.4384164284628875
0.2877657025813948,5.881960087277661
0.44570196775050375,3.205407727955076
0.39068924045198355,3.763160188245442
0.33978637280561214,4.536825418264543
0.35431438024135264,4.322822176379969
0.38921692950626696,3.805592825493743
0.35880744094845873,4.231457432882216
0.34066860157435047,4.545954583679289
0.316470941606102,5.0143362331731645
0.3887910492613507,3.7338907289920087
0.33702258573619914,4.631674363952094
0.33921745686658134,4.566783492238129
0.34822852940192445,4.38842703684915
0.3951788767169414,3.744072904104454
0.3393597332997592,4.576548185667596
0.2903614122698345,5.612858756188343
0.32337073260892885,4.953798334915877
0.3509595080773345,4.412790249742178
0.3655551882475367,4.057116501489492
0.36779016824771144,4.1343639148233295
0.34595280007703727,4.497717946217954
0.3384485092181615,4.56802097619759
0.37391343002222743,4.026935762925664
0.4206355102516785,3.4829921001006015
0.33674369539933674,4.615967447613517
0.3347665896315107,4.701950104325577
0.37375670485606627,4.01884723731454
0.26588433323214317,6.511650361526959
0.3724799730762447,4.002686612231573
0.3027197861866984,5.335132633013203
0.33614444505902374,4.648242160656993
0.34739818697594727,4.564852451301647
0.36379224283791917,4.181556912637558
0.3882894712073457,3.7826698728037025
0.34475467780039715,4.496521860913123
0.3988787330963846,3.6703501878629208
0.3315436480267133,4.780361846165632
0.36256893536510226,4.210761720102264
0.4018154662935726,3.6330590630534507
0.3872002625465332,3.8921380478172334
0.43522379033079783,3.296144620981986
0.4021013270033749,3.641524639267618
0.3733766282526755,3.9586224029779147
0.4139239730041007,3.5336719722924617
0.39674607735248624,3.747950341614758
0.33099875860789313,4.6965633536114915
0.3603125170613138,4.263094720857225
0.34972409056930853,4.376343492243702
0.35404411908798644,4.323971504336765
0.3331085243753053,4.669800617488469
0.3681238408801531,4.11702943739077
0.36653320590567573,4.134491746471436
0.39680901238882493,3.775195867711598
0.37658109685621954,3.945468517463993
0.29237983685920865,5.562571174431235
0.3581780464914122,4.244603255997163
0.376991928128795,3.963740468728302
0.34972409056930853,4.376343492243702
0.3828677183962619,3.87507271485103
0.4131564376501137,3.5177459750245874
0.2960821851035178,5.52635115983638
0.37199655667628845,4.066673062829656
0.3430326053948481,4.5340045174265855
0.3401418448609716,4.6115460990888275
0.3935943370097059,3.757715868736676
0.39597943337565034,3.8136036740426493
0.4163533083995074,3.49418311495996
0.3579237751774516,4.277716514123267
0.3881446916601315,3.8137811155973664
0.3870404666559542,3.838611243547537
0.3530429829383401,4.366249655088547
0.26904607686327164,6.335490801828732
0.3799770265500742,3.9496225485500225
0.31041850778731717,5.249644641983793
0.4100536363831721,3.5658380047460376
0.3393098084498021,4.595048918770749
0.3667572927162147,4.094924269408737
0.4469132597422094,3.226247290110585
0.3774165796750443,4.028603605363189
0.34057692326266303,4.56782344354036
0.3419801091877328,4.571817982196188
0.3381347367422309,4.551423101847785
0.35026073759989923,4.3653155935576144
0.37339843980677917,4.104030050262526
0.40698944929709974,3.5841160643634318
0.3167845457235496,5.052303153726179
0.3347824505734806,4.683085543500321
0.33134554906862873,4.7317875122405075
0.28323026480724456,5.786711037124683
0.3185578041851625,5.026734030714351
0.4542800803698642,3.1166629540535116
0.3151992690290782,5.169138725323605
0.3006209070881941,5.366836094090343
0.38202281924078085,3.999688062765764
0.28602619697432247,5.7715323292860194
0.3229346894025309,4.842821837379546
0.2899913637948204,5.647834369879595
0.3962940577258339,3.767933580416581
0.3900053278938616,3.8043670583231
0.3269149452618073,4.858409053712674
0.3130339191587578,5.104485506677903
0.3630771111906254,4.187603266055687
0.3326011991141906,4.693873399724542
0.36356071855150796,4.202847444540362
0.3490152339590893,4.429449206854801
0.29050552770987514,5.684624929453835
0.33650740241941973,4.664886699821794
0.3623026353230585,4.174891798200361
0.36143940553406956,4.234937218961148
0.38609112374899657,3.8790074585083794
0.3416695920863351,4.574386896654015
0.3485945646546875,4.335390178388715
0.36462629935576096,4.125811910022355
0.4000172849750518,3.708858892089147
0.34257933347070263,4.453024350184836
0.37168365731871467,4.009138872383605
0.3634571473188188,4.177485521795756
0.33886507951909445,4.621309692938075
0.32659114751987434,4.960332828388312
0.36007223584122006,4.250622500617335
0.3072639106472108,5.224365034329511
0.3897546705913598,3.7925367292593313
0.3599127586954286,4.247467758238907
0.30000938493122725,5.3845687407608676
0.3541069846545012,4.430731749760169
0.3672978927632998,4.095927756902806
0.40529095989543035,3.553422823309649
0.3491374607549462,4.415571224209259
0.322822744303935,4.87685279927391
0.3393098084498021,4.595048918770749
0.3915141570006493,3.7628611632051974
0.33799902921803104,4.5996318096849285
0.309742997070079,5.266154730128475
0.2967117705798298,5.5992493112000705
0.3624848975854772,4.1471086318344526
0.326258899590545,4.868797903575464
0.3925088982800293,3.760849780714128
0.3645325204402482,4.231375181211066
0.29303483832576344,5.626186572858224
0.386114466022324,3.8968399870754595
0.31970670163314807,4.848041173047186
0.3701879808882321,4.085212900227811
0.38732273232622766,3.860655528942218
0.41795150197539,3.5579590829133134
0.33210414303440555,4.687138438739075
0.3459878026818586,4.489675303559681
0.37937655208731724,3.8951009685327764
0.38526962953226424,3.8867821051901594
0.39028099551681616,3.763018518804271
0.34903520289385837,4.371921123073146
0.3567568343410925,4.277590215736769
0.4155932066803712,3.5371826758593423
0.39309168389955385,3.791202911038251
0.38030438448662257,3.945526313149813
0.350940619711237,4.299715997170875
0.3074398891402999,5.234140445817419
0.3554763222578519,4.239752552723788
0.3531352015269896,4.355448511872287
0.36038559139039683,4.174416158589624
0.30015827678366364,5.4383907957278215
0.3614068368776126,4.196229386511152
0.3862762172595583,3.8194794425000973
0.4163551574868487,3.5485815048177343
0.3942770487152303,3.739575773287251
0.36256893536510226,4.210761720102264
0.3319939616919048,4.687862599990122
0.35981559548925235,4.187791783656891
0.367063848545691,4.149852010470366
0.39028040146491,3.7858647456333525
0.3656914225481693,4.156025888769756
0.34582868887790313,4.5118279699114066
0.3543298102031611,4.307208823038893
0.33265431383505834,4.7514025652048515
0.3886995877501067,3.763531678769346
0.41452967791810086,3.5268356594186856
0.3667635731859115,4.116691084125944
0.3523285298074329,4.3766247160566945
0.30638504908590297,5.2459409753202815
0.38856970847615124,3.8111320083157896
0.33250064604759855,4.7026534864160325
0.3004710111322118,5.356916391473213
0.34803072254781164,4.433379128628744
0.32605227329278097,4.811867789505823
0.3586649416580016,4.263595515567589
0.3402500657333715,4.650107646479912
0.3293399386267284,4.806454452838381
0.3493197418074601,4.426485860575974
0.41264819340432823,3.535607525333688
0.3213198269738427,4.929120118954972
0.3699310075715466,4.072438671802881
0.3305883825063948,4.782162671298173
0.3174617777952002,5.097844054493945
0.412486433470101,3.5398811832876325
0.3570152867852671,4.241380871720422
0.45469878430446276,3.1516221061079595
0.36462629935576096,4.125811910022355
0.368671325243213,4.11684054637547
0.32505757177507144,4.793863655270948
0.3254779484063549,4.8001703589167874
0.34708269902416466,4.494402852528478
0.33193570179556187,4.723216014172519
0.3352554422128973,4.7168556741138765
0.31962071872336184,4.893298986031759
0.3510300408092501,4.403350560282816
0.3293385469480652,4.7207426129165295
0.34958811227682346,4.399554464949992
0.3191316843951669,4.916533128663939
0.39403972802451437,3.794799010464823
0.364265039399194,4.2096731266149625
0.3555779608469879,4.270884129125127
0.31741235282027874,4.993942631931463
0.3206921201063379,4.936090831812687
0.37339843980677917,4.104030050262526
0.3115818175495193,5.153357118950889
0.3348170741046611,4.7145958788390185
0.33573288328267115,4.6261909708573805
0.3433953448530147,4.476141436701228
0.35661130016258563,4.340452519588499
0.3393098084498021,4.595048918770749
0.3994504652420676,3.7269632515821405
0.3591940884243833,4.241746759205485
0.3960509565456862,3.7449455016337803
0.3453616708266848,4.413842236968813
0.33707985439129795,4.625483965051629
0.34175643164489167,4.509832761386547
0.2966200488913414,5.435873307250578
0.33659523869884805,4.586685015049753
0.41974098201581095,3.459579587665968
0.3503313639793329,4.413549421567201
0.3666208735770846,4.033134316576551
0.3960514103382804,3.6971723754647727
0.338241285303331,4.548856585476604
0.36185372844601155,4.190811351189277
0.40957917785875336,3.547594518007969
0.3841401427609572,3.896766098282765
0.3329866323015662,4.709187296740446
0.3891929382211546,3.876112611928216
0.3651930364170469,4.200932012565743
0.38670324002815815,3.862947691601843
0.3844136579104672,3.8532307937434314
0.36843263489772193,4.143370290191925
0.40913468106788026,3.6170008607987096
0.3910221723579979,3.74957109111852
0.38599156029151693,3.8299713721904602
0.2907488635859749,5.741220888582218
0.38856648792486104,3.8396727340312142
0.33878764704090036,4.573031722010085
0.3376265545510128,4.598144555227545
0.38160993234611856,3.8834234480791685
0.26904607686327164,6.335490801828732
0.38444863494622017,3.9224643695655232
0.3555592469970571,4.316653227136111
0.3679730372220624,4.125614240425354
0.3582902749366942,4.260054724873222
0.3475227567896814,4.404286468123184
0.33051585133304473,4.753646742309043
0.33951228131716593,4.613695310933688
0.3597789733373538,4.185372256095188
0.3684141013456693,4.130622369131423
0.3726407134713401,3.9899629929927
0.37276195060714595,4.0246748527841625
0.4381675203902406,3.3606064487412444
0.3329299241063075,4.720023125164162
0.3172663006635302,4.980118237688887
0.3810092919336849,3.9438274931297337
0.3491374607549462,4.415571224209259
0.3594268983428838,4.260132991760783
0.3554886374144155,4.292333612210439
0.3249974429513883,4.908531261574088
0.38640088887564283,3.9012682559455536
0.29030686207898426,5.636017015245313
0.33191170057324765,4.637058881695131
0.40135870840781535,3.6674144268198186
0.3374108616308882,4.6058069077039985
0.3361266533656152,4.664405090375055
0.3537142338778024,4.341767891268035
0.368671325243213,4.11684054637547
0.32890387988328884,4.788354386379714
0.2999417968860226,5.402573067988276
0.40441269559971116,3.66764745028803
0.3515989040336632,4.335233781324192
0.30795006285646326,5.173696620908105
0.4037922733942836,3.6621430648303255
0.35025679225499445,4.429302371411735
0.3647814308777519,4.164947836114087
0.3374365162234537,4.550664268794115
0.36850204266798253,4.106586359096658
0.33135263600632037,4.636593699550857
0.35875662604939534,4.276891998690898
0.3161538842123605,4.988621667592881
0.3414275232427991,4.4704243410273055
0.2899088144652827,5.7698319513952425
0.3164163627097337,5.037145930388272
0.3125406992557738,5.2246044955794355
0.31969660847169434,4.94523149942317
0.3271482451106078,4.77356929346482
0.39882204125996623,3.682556644377971
0.40135870840781535,3.6674144268198186
0.36485292608659325,4.11502333709685
0.27749838915843345,5.9837202755828685
0.4193156487681624,3.4745121328799327
0.33580273426400226,4.58177116388546
0.36042368239338546,4.205021014342751
0.39361003491483515,3.7438051519029703
0.4054641039633265,3.57110607153436
0.3873739511712622,3.8232525904519243
0.28068936962730234,5.7996862400341165
0.39027954390965186,3.823288088664158
0.40251672525844884,3.650732793850759
0.3881381892139818,3.8432135465707726
0.3906763911950619,3.800404715640718
0.33773286160575766,4.690927627891716
0.3020021705155949,5.351931015962496
0.36936845567227916,4.081125063146146
0.372475173765284,4.050638840973338
0.40405589774280365,3.6305450365068137
0.2525512629794122,6.917555785460366
0.3555133717480089,4.273547500769957
0.3642513736553834,4.110310871580961
0.3151767704901568,5.125005909735012
0.3832209867802997,3.9091317850425957
0.3051654831836869,5.2825426953075185
0.3276567634907262,4.793448678452344
0.3465208482432682,4.410061767335815
0.34523683032560953,4.538850493087618
0.3815235754026705,3.9382937377745524
0.3785569420980353,3.9877675116314135
0.38801424832146925,3.8376375824733944
0.341250299533851,4.6246790447563475
0.30075305962695986,5.370073074014778
0.3242538640462415,4.82254898899761
0.3412475718147226,4.575869567948953
0.33911946251362035,4.627821832936214
0.3807274424463792,3.9522187377451172
0.3220598417445225,4.967815186700531
0.3683297168865373,4.107164620318951
0.39255839227534234,3.744579041338226
0.3497842557774567,4.404087932417109
0.3884879433381887,3.8415511657254973
0.31958603643634964,4.943218060324978
0.361476024747923,4.226299491564362
0.4285079560748293,3.4154074311600207
0.3614988120206506,4.2296812395290715
0.32659521736159197,4.832219858933614
0.33895959777893075,4.527669722065026
0.3851776671313409,3.8239759567320526
0.3306572688178264,4.792126892206113
0.404466553679884,3.6443518104311763
0.37300275773048625,4.047076296198372
0.33849769431357585,4.598428562512395
0.3735499494742039,3.977991145570218
0.3606127214118415,4.20503006115708
0.33178572801340084,4.748692811968581
0.322715285996939,4.951718587720321
0.37782092564199043,3.9752180179192056
0.322349363557762,4.913152431430861
0.40808337026766167,3.6071604439638434
0.3765554610192744,3.944326747080963
0.36235015592998765,4.183840611542287
0.336070049289091,4.624747540578051
0.35530667675071614,4.298610950076853
0.3235846380549109,4.877749677269713
0.3599077217465258,4.193178408210058
0.3272025437807559,4.717821622895757
0.3340354547783281,4.725821283738462
0.33826470464865155,4.570174371671078
0.3760354754797291,4.001490833630195
0.34784987319199956,4.445752048705886
0.42601911290493333,3.3880961731893953
0.28011609884952227,5.96189282146539
0.3748337762739452,4.024308766571971
0.33128167190018565,4.771207211725704
0.25859427335397495,6.75575049768709
0.32265080908410604,4.884670199536552
0.40726285662129286,3.615825915542149
0.2866911713739574,5.708926619267914
0.36860853783339603,4.093175092440075
0.3842536624635952,3.9611741964311795
0.376042631898697,3.9704460998406454
0.3740521213644803,4.0270395733232025
0.35607497696342577,4.257351570230072
0.3462225183736948,4.446301799759775
0.34567321669831635,4.367977800639884
0.3476881416288417,4.478305028107314
0.3532289982333816,4.300390165274678
0.3789522573614973,3.9224079545157378
0.34822852940192445,4.38842703684915
0.3966259393053119,3.723713205183125
0.4115213533752605,3.507301562809492
0.3764105484583873,3.917485029335095
0.30217320281499305,5.48505466579459
0.3570364349780232,4.290875044054187
0.3995213397655787,3.685314986043476
0.3833449940961011,3.9323431806367775
0.35954014453989863,4.246972260502881
0.3605932727024013,4.163774857423319
0.3743232532206334,3.934648570259508
0.4408983965345835,3.259501936665822
0.3565975761680456,4.2603049162734195
0.33271670872345044,4.751816194586764
0.32047702272415485,4.853813759221695
0.3125406992557738,5.2246044955794355
0.33903995717093866,4.579336132182305
0.4577687882232593,3.10820748706339
0.33426167608007273,4.701873633565177
0.34729503287597296,4.4693494394129
0.3579237751774516,4.277716514123267
0.36080168311561445,4.220671510660182
0.3324752067920361,4.6743404362550836
0.2982058372753585,5.444907042795402
0.37235518311049887,4.0855845359540375
0.32155646571670776,4.9482701302685905
0.33573738341621506,4.622333734934308
0.3766283404199976,4.016054376393101
0.3740521213644803,4.0270395733232025
0.3011130992614891,5.414284817391922
0.3347789500530692,4.766207779212218
0.3582902749366942,4.260054724873222
0.32626756077647584,4.741946525867388
0.370456564975024,4.068891052349436
0.3493197418074601,4.426485860575974
0.35458665589674304,4.332288441253144
0.28602619697432247,5.7715323292860194
0.4059952716306568,3.675432553009259
0.3710245684007196,4.060986097359026
0.3693524112921834,4.068822797710666
0.39783454315366684,3.774002194861175
0.36734671707862776,4.023759766600794
0.36934557992446904,4.050360788427496
0.396104763901127,3.728252413486291
0.3332861882105276,4.7805720602846415
0.376098405752418,4.003579679026779
0.3447432823518755,4.4384164284628875
0.3419801091877328,4.571817982196188
0.3358689215004188,4.677592459755709
0.38214313659332444,3.9222656154398186
0.3034481364981994,5.345015911114319
0.35679322977814354,4.25049815843569
0.39559942699463885,3.8301780508338115
0.3460114782810479,4.5173058960974055
0.3759625312253747,4.037778350109293
0.35777290519975524,4.269788057203811
0.4648734960359483,3.0476640211485666
0.35155228749056106,4.419348035611351
0.40849376935373194,3.6176802679855453
0.3691065470645899,4.126871130864657
0.3100322349551833,5.164783379700792
0.3469955848998363,4.500282099588922
0.37113903741886267,4.0371114685195915
0.34924017860539164,4.465961801825208
0.38470888684972737,3.8213631485403945
0.39403972802451437,3.794799010464823
0.3195919443396046,4.951452173947373
0.36770199515185653,4.167754736988837
0.30189235754625726,5.4090453830028675
0.3503226225602868,4.373471585983424
0.3613622230392675,4.240127037852863
0.38599156029151693,3.8299713721904602
0.3260293209313454,4.789283110249713
0.31883660605751185,4.908538845830911
0.3840700172283554,3.8554345074491008
0.2865180966415013,5.757332491553911
0.40539048133232325,3.625332177788063
0.3584960997870105,4.244493257533206
0.37947702204197875,3.8884738434290513
0.2962136532131834,5.540751721146255
0.28909411350021635,5.634739625950786
0.349769397577029,4.481895015222461
0.3479017896413856,4.432169317209508
0.3222178279713894,4.816979322763078
0.3290977066170716,4.813260255011663
0.38746158666484265,3.850211717078693
0.3372769904438162,4.58949239734293
0.31038243699001555,5.161721254025346
0.31794558791344024,4.959969360773538
0.3478674504401861,4.398132199922641
0.3789522573614973,3.9224079545157378
0.3590075448185493,4.20631698353715
0.30251051133253276,5.512868198265638
0.3839947316313401,3.9181999597870076
0.301217882588081,5.386042377121455
0.3737442232919194,4.014861240413964
0.3199340767517561,4.911399950242619
0.2829013114324231,5.899925429205751
0.3169942608971736,5.108173456693571
0.36079817724168267,4.167541444197266
0.4357517720505339,3.3562540855149647
0.39224634449480383,3.7892367153231343
0.3588445262508936,4.261945525252624
0.3037914419014989,5.335526102996366
0.3677075640533472,4.114518069736508
0.4412007237478235,3.254933750993289
0.34648956923894997,4.417837073345934
0.3456779322793335,4.402975613039948
0.40204083923662876,3.715187911569704
0.3215764682197174,4.938614349466627
0.3152170164220079,4.958831174766574
0.2934271468182678,5.519528768444818
0.32243027942188407,4.8205548314146425
0.32671092991211953,4.793407711523027
0.3447432823518755,4.4384164284628875
0.36938415465589947,4.079586373882194
0.30806710298124634,5.135249507932737
0.32858226997705686,4.804057080919548
0.43656936747290437,3.3730970975908527
0.3373481924175749,4.590773207449213
0.3287534854230698,4.709766048747356
0.31975461629274876,4.973573993444824
0.42848175192658244,3.4480369203340464
0.4010557476410255,3.7222090735518325
0.33343208681143904,4.756045241290825
0.36786443484426923,4.112371342310434
0.3559415153665465,4.354425614837902
0.38251951368834675,3.9229672780227585
0.3500997003095345,4.39747444660587
0.3155056382156603,5.066590401918021
0.375247473456721,4.001948193947979
0.34421744186777226,4.497400222124983
0.390020365635516,3.8778368378667767
0.38501695004550074,3.868676540685301
0.33812106199191705,4.6574012737199375
0.3620046203218932,4.246802911854679
0.37669852396392384,3.956403289376797
0.36315350309556094,4.244960958680914
0.3312417614895234,4.793104217857857
0.348542713807686,4.4149414440378845
0.3279887429038135,4.745208210601749
0.37274565402777954,4.092090177540126
0.32231595637921856,4.9787781373001785
0.3067507802291952,5.386155780016556
0.4208161783182704,3.4376665380742777
0.37962636755530543,3.913873146233413
0.3461204004844854,4.425736267969076
0.3389502044639047,4.529306224400453
0.32681357550182194,4.814204742243859
0.47167155205424965,3.0085561298111183
0.31795612269020423,4.969043095446152
0.31259642107125973,5.123932047949673
0.3502011870884186,4.386659648664149
0.3725865289881844,4.004714645218171
0.37168365731871467,4.009138872383605
0.38836100562702325,3.786685755044383
0.40539083742909005,3.604788790214998
0.3937743354162668,3.724564373960569
0.3447432823518755,4.4384164284628875
0.3565512136789261,4.2925639607157455
0.41667542677706276,3.5389679190139227
0.3245839145864828,4.822952985723225
0.4248351514782408,3.468996680391049
0.3743609403082003,4.03240428529252
0.382036850186822,3.9945562266430783
0.4654389006988834,3.0608433942891806
0.346629131261838,4.439480828498241
0.3659840998002307,4.128433812764409
0.39994635834035364,3.6429587324254817
0.4034693419927326,3.5792584593312435
0.3305883825063948,4.782162671298173
0.3717359181349746,4.078746633686285
0.35619596840424717,4.26483190256229
0.33996543549735253,4.6424434996920345
0.32581788157564956,4.76533113831241
0.33210414303440555,4.687138438739075
0.31627405506130557,4.96321564289123
0.2898158435675152,5.6216107006053395
0.34586610164939596,4.441469744188099
0.3331085243753053,4.669800617488469
0.35996020180943933,4.231753524533369
0.34967548354563904,4.35084269491538
0.33921745686658134,4.566783492238129
0.37378673125976736,4.031730417649386
0.3869369206698964,3.831892797610873
0.33878764704090036,4.573031722010085
0.3326364091174996,4.688933361270593
0.3876035093360133,3.881855062050668
0.3254640947080764,4.875272351965983
0.3446864766645183,4.474544418676184
0.3773784191493281,4.006548941649845
0.3437296878974269,4.45838337436625
0.34801086944928006,4.382429772223827
0.4020178800283848,3.620859898208189
0.34903520289385837,4.371921123073146
0.3384485092181615,4.56802097619759
0.2985814927481562,5.500732648041479
0.34027742917324666,4.560063088830034
0.37944261032128634,3.977749826996205
0.40315290413440674,3.6637999107284944
0.35267756906817344,4.326996789633419
0.3422413448072363,4.441562898260627
0.33812106199191705,4.6574012737199375
0.28019164188276374,5.891509850222748
0.36308632597980245,4.148499719579572
0.2880052873962035,5.698973669055921
0.3135318240962202,5.1708341280683845
0.38856970847615124,3.8111320083157896
0.3083589221426858,5.114628863264372
0.4258747777141557,3.386047942710203
0.34487254682429275,4.459644290399511
0.344208707800848,4.546869313523088
0.40356797388021104,3.621032616145296
0.35672902584504157,4.3077874573889
0.32629370540768965,4.813208761811846
0.3199849821274398,4.902033695859675
0.3804852048633399,3.8751318981438607
0.37948585797876805,3.9876508389695027
0.36758848337545025,4.213290445892481
0.43419591221409,3.288736980501273
0.3391523481032841,4.551782252143524
0.2972569556052705,5.4569040167558285
0.37338577309553517,4.064607639457138
0.33912927676131044,4.586064145914459
0.3878317575600623,3.888779032714247
0.38284304091028043,3.9307396587731023
0.3140558047967256,5.03096163295828
0.2899913637948204,5.647834369879595
0.4040151146788825,3.6343035911469155
0.33325536568471503,4.699457785208449
0.30615460846664905,5.196747194769176
0.3394391607848339,4.582090434590162
0.40341894335752615,3.667327434448616
0.3127827957153996,5.038074550907024
0.37338577309553517,4.064607639457138
0.3401828989910015,4.491457191659504
0.3627709171802361,4.193130209946186
0.40538788003684223,3.615880526633763
0.3418963929370319,4.473857834992958
0.3518044133603679,4.4021578356789215
0.3509330568191853,4.3871682337478175
0.3554739768042099,4.266296443483168
0.3191438109841039,4.979032574445425
0.3314747961236738,4.743348397023644
0.3565868336714789,4.258427107077951
0.41864310519951764,3.4884037343255576
0.465684563320984,3.0574206447185714
0.33033488895566654,4.742758025713147
0.32407585089892554,4.792806420945504
0.33973805521439593,4.620054960451128
0.3595765137996639,4.22144656703527
0.4822536159459244,2.910089386660898
0.34392012009851575,4.539849790996132
0.3846142110265203,3.941283308984436
0.3797896045678409,3.963111966908009
0.36056051480983115,4.275827461201672
0.30912573509801966,5.131850058050816
0.41139136126854176,3.591037748131879
0.4490317260932419,3.2115433700339597
0.33901591628690264,4.632454044913723
0.3760354754797291,4.001490833630195
0.4179966179038639,3.4803272821572167
0.4366417322825449,3.3040826976913884
0.3725732858503658,3.9958946627725176
0.33607269015299224,4.53699327732421
0.376042631898697,3.9704460998406454
0.32858226997705686,4.804057080919548
0.3951788767169414,3.744072904104454
0.41413256157770717,3.5134125806105083
0.29155953604033646,5.45655386967745
0.3189302576360418,4.956127681026543
0.363139602115881,4.139010103183125
0.3526623614752251,4.217248737071554
0.3426413590025048,4.527782340415635
0.30205419354527313,5.428505801582832
0.3405819474367826,4.615954934023318
0.32969394285334686,4.772619528145324
0.3586649416580016,4.263595515567589
0.33512728630960326,4.589567463973308
0.39306152940451966,3.804719199920409
0.3442930425159057,4.494409219952454
0.3071775998273254,5.11162523854918
0.414051864989937,3.5393373786122853
0.3870197883126583,3.8135310023362052
0.31821466531915177,4.944847505208968
0.34598119216425255,4.370604363032471
0.3345445712533323,4.646303763529781
0.34808497614509176,4.426175315169423
0.37232347007642036,4.033347615741878
0.34728114262568544,4.435163477723584
0.37944261032128634,3.977749826996205
0.37235518311049887,4.0855845359540375
0.3583046646181062,4.371779431171549
0.350251810699052,4.31071246663331
0.3915766218415755,3.7810204295421195
0.4285079560748293,3.4154074311600207
0.29310244454305623,5.535538752441415
0.4319688345000741,3.3267065222869325
0.4515289590410981,3.178710156834117
0.3253637918278217,4.933410858857848
0.3743293826243147,4.026523550872863
0.36081435769970954,4.151732807748312
0.3852844851208107,3.9122003671510415
0.3244804761594153,4.791628487122399
0.3257948269706063,4.935899847166363
0.3469955848998363,4.500282099588922
0.3060217738624928,5.268860307947542
0.32495059470416354,4.897114688272298
0.4275430335441645,3.339940019529522
0.3383045767117271,4.671691420508731
0.4159445038698458,3.516088808119535
0.397160735540138,3.758970853967331
0.3510377913177455,4.320294593203352
0.3774738535883285,3.9699641584774548
0.3409710041131325,4.521183633284381
0.31253871320912985,5.171062131583911
0.3530429829383401,4.366249655088547
0.47167155205424965,3.0085561298111183
0.38370375762940273,3.822424850410201
0.3574015869982675,4.294058013608956
0.30735968894215715,5.195884113094227
0.3195055463080205,4.991510421506151
0.43284878690943446,3.3679193924740156
0.35157256629126066,4.325411849464628
0.3080970649986191,5.337306482343705
0.36235015592998765,4.183840611542287
0.31605759313861814,4.9667626854395746
0.36938415465589947,4.079586373882194
0.3540870336952613,4.380588401402626
0.3981087860076426,3.7478650555967215
0.2786957151529563,5.9955250069413415
0.3764105484583873,3.917485029335095
0.43927613854158754,3.250814173475376
0.3156397035078625,5.00339562907518
0.3442502498639462,4.477114577788897
0.33573288328267115,4.6261909708573805
0.3184069696403901,4.921761868664649
0.360848145677405,4.2654964159211195
0.3867221732877862,3.8941919573115733
0.3904699335743768,3.6816149244574237
0.40879292088265423,3.5820955080496457
0.3214052838556124,4.946549868666486
0.3644675941433784,4.114154830804597
0.32505757177507144,4.793863655270948
0.34057692326266303,4.56782344354036
0.3606127214118415,4.20503006115708
0.4524222918684094,3.1090289188938387
0.3412943963311672,4.470478157848886
0.4172588430060111,3.4802829917748133
0.3421914536213602,4.471268484945692
0.3460114782810479,4.5173058960974055
0.2696902068146129,6.271897791086148
0.3330882310340619,4.7218611420249035
0.3288842257006955,4.79427382111466
0.3494370430814069,4.394397556572202
0.3000385036105493,5.564143991855713
0.3717714506586161,4.0066467003949136
0.3882263264564828,3.8212645152205598
0.39373635734797285,3.8205734526680386
0.372196265615036,4.065605544625846
0.37789305886639574,3.964315404580528
0.33549077407836303,4.660360472195261
0.34403523656363144,4.480876182393033
0.37678551893428397,3.9911206835394686
0.36779016824771144,4.1343639148233295
0.32158750752587373,4.860850167873865
0.3141247890270714,5.137293362146495
0.3417478920746452,4.501764544334709
0.32794965683619587,4.810642710353765
0.32101221915450734,4.9439719111105305
0.30044749962472067,5.364287390907153
0.4303462073936796,3.3200089170936025
0.2865478698496077,5.781778063696491
0.3459826947411905,4.425822206052666
0.42125093138334924,3.4693906528869265
0.45045140721913896,3.209806837511863
0.33113454264080106,4.755122046720043
0.3412475718147226,4.575869567948953
0.4100129053926973,3.5268540340267003
0.3489525978297019,4.364845245358463
0.32455514949207603,4.8243764225347805
0.3656150467697766,4.168126777877192
0.3484833617565177,4.399341216466728
0.32697186756347885,4.875074870825737
0.37578641768349874,3.953425552874973
0.3933198576849043,3.7544166454755827
0.3429486021943036,4.4595582859833645
0.3307236483122721,4.748283895246759
0.33410643236795723,4.6649622203123196
0.41884896216011425,3.469730786640054
0.34667021550099514,4.554786473627888
0.3646507265492406,4.1434001545045795
0.33941132575299343,4.610514038873256
0.33620454878011996,4.6340051744076085
0.30116438407271057,5.466866877867023
0.3392080728831344,4.5525189658640075
0.3680662359486296,4.077552259584522
0.3420590101838604,4.513178638936236
0.3196131241836619,4.971643500722107
0.4125741630265938,3.5370969659688303
0.414051864989937,3.5393373786122853
0.40324030054627286,3.6253280136160755
0.4553565624751993,3.115085120109277
0.3377262851121279,4.665118249038553
0.3238516883933841,4.889196153355058
0.3598076788498871,4.259745584141818
0.3638933615951212,4.1757198095741845
0.3054712707443519,5.297744581503948
0.35783972056368196,4.238256083592479
0.2863660468267195,5.70337682189071
0.35189355950492046,4.297837390165559
0.33929541451142176,4.5822902370398495
0.3580312569505623,4.271366033084117
0.35031104621706,4.392190845120058
0.34671754047498304,4.457736163857587
0.35020105977004656,4.369780326515409
0.3248118651432278,4.8652013150745885
0.28795159420733724,5.692539835501627
0.3411334997994599,4.558653042905574
0.38477425567802287,3.8951278848941846
0.3866559282631675,3.8533325654877464
0.323091506382361,4.904974660576337
0.3906506842166183,3.7885960133005523
0.3393597332997592,4.576548185667596
0.36860853783339603,4.093175092440075
0.34774941104219886,4.432617383300022
0.4023408705355567,3.6950484147798077
0.3725907760437402,4.000640369530267
0.3602491303970679,4.269744509620907
0.41437262973008915,3.522894254622872
0.38246140463875683,3.876265632726395
0.40261094810578063,3.6525691633381556
0.3381821412724383,4.627005806747543
0.40544860871156324,3.688742864485272
0.3309064790988592,4.745777586194719
0.32979583443961924,4.738351582942321
0.32848570511406316,4.768186440609403
0.3698569228374,4.04656383251101
0.3623836854377524,4.169086497658508
0.31887416287241677,4.901915813221066
0.2959123837131659,5.554171233907917
0.4094687915413512,3.5305377217723324
0.3483823866767445,4.459472730689404
0.3086548485779262,5.153801404835381
0.35357304257897537,4.307896848437182
0.36948596921446286,4.108587643896205
0.40473520219113734,3.6716466190643877
0.3880240200152049,3.8336415984247467
0.3447143583672375,4.521722261269941
0.3931754490447158,3.7943208977862652
0.3565150319853955,4.242642913406198
0.41613410648160193,3.482784985903302
0.39482760614519513,3.75017315692558
0.38007277349542645,4.007216308353716
0.34227271208815,4.618327790654825
0.3383511953718138,4.517213571164802
0.3659911840452265,4.185601666292339
0.30075305962695986,5.370073074014778
0.33757394896534737,4.62333360106102
0.38160993234611856,3.8834234480791685
0.3930721010768078,3.8216443698196216
0.3951788767169414,3.744072904104454
0.38304117472788546,3.929886986293808
0.3197945858396854,4.910673862008097
0.34226439240682205,4.5301833755795196
0.41165602060534867,3.563672612934776
0.3298746598813638,4.7446861474880215
0.38444863494622017,3.9224643695655232
0.3733021980439819,3.9919232083885388
0.34037244302721315,4.5905123276229425
0.3164163627097337,5.037145930388272
0.3036322238742929,5.34487734522289
0.3378258905682528,4.669306173240769
0.307169155460596,5.225329459964183
0.3951827322572871,3.735227040640578
0.32984204545359425,4.722506804195598
0.33178526128432484,4.6724510062890054
0.345542032918771,4.399192614455382
0.38856970847615124,3.8111320083157896
0.30600916718865245,5.24979527231525
0.3982569100656739,3.689900976775165
0.3283521715436777,4.757575489257873
0.35526199408345616,4.341443996132947
0.3056148159011176,5.129497610414728
0.32573691752932604,4.870336539926553
0.3050127448349275,5.33224968030396
0.44358489433873016,3.2139034621313933
0.38308114565634166,3.9499969259860457
0.34222972154020576,4.553325487687957
0.382036850186822,3.9945562266430783
0.3860997493202641,3.847322348997787
0.37906681802775605,3.9587678101696873
0.3465102787035512,4.390925816423779
0.3266347626116052,4.773742921838565
0.37399019212560725,4.09880974101227
0.3151767704901568,5.125005909735012
0.3443104133180206,4.4647553008758605
0.3495908200860022,4.3713177297306745
0.32037972509003587,4.895598966353284
0.42543735492769197,3.3941758248078715
0.4027596434857406,3.6595617613481934
0.33421050425009724,4.678306034205277
0.3753622081156891,4.051994757454216
0.3870265549386195,3.8986141150167146
0.36588627358014525,4.125916617871878
0.4026376454365117,3.6402001620089783
0.34558152948372256,4.496006497051564
0.3389502044639047,4.529306224400453
0.3919393877451038,3.8128700870718477
0.3565868336714789,4.258427107077951
0.34808497614509176,4.426175315169423
0.4131564376501137,3.5177459750245874
0.3690754635738,4.087632030574763
0.39011862753628046,3.830026115166179
0.3560272019714368,4.279784658946534
0.3982569100656739,3.689900976775165
0.3856358608268327,3.837178815251069
0.4031857447577208,3.6503146675598694
0.3160821963618651,5.073605125216669
0.33166543089221584,4.769644872599517
0.31697376154550927,5.071919333095169
0.36227180240111934,4.171478074339977
0.41373125520215137,3.52509020937619
0.3944500809723749,3.7585025494350934
0.30042599685853794,5.447397817048521
0.32913926186229314,4.728485201962131
0.3727672908160737,4.1186546654816505
0.302894243311906,5.332202307644594
0.30682894089017676,5.098450639862381
0.331699772658608,4.775110946273305
0.3370794981338036,4.659982113386237
0.31086371523862133,5.16186390887603
0.3800900092185402,3.9137887524402517
0.3164274229514298,5.129222225305246
0.3918217809531306,3.8164523175466925
0.4391903581880115,3.281644294897927
0.3448225012632926,4.527851108345629
0.3713380990573626,4.058194993359058
0.34755147910108686,4.497716398695456
0.4139239730041007,3.5336719722924617
0.35309250511078,4.373922172301965
0.37624934983892133,4.002744571075598
0.2925652923729046,5.610782116029973
0.3418816249383512,4.447274594876709
0.3147339481974945,5.086647338096341
0.38842559207532196,3.805313326938014
0.3355728732803503,4.582430376269822
0.3338093959657421,4.671841248390326
0.30035107401988664,5.462329809545377
0.36779016824771144,4.1343639148233295
0.35326646436134795,4.421944951865423
0.36016505584089664,4.271092258462847
0.3704476854970474,4.118470235201837
0.3693524112921834,4.068822797710666
0.39463594319245127,3.71328063700813
0.33120732484423004,4.666085035302006
0.35386782642540354,4.355036881780983
0.4368534866885456,3.32056195627491
0.37828754795770575,4.009939637398353
0.4189397280339829,3.460084922834492
0.3766283404199976,4.016054376393101
0.34532719736411704,4.411035508530695
0.2836223718663452,5.880069328645186
0.409819289288502,3.617542213718045
0.34153625103834684,4.577480636154442
0.2789497390285166,5.899343991079731
0.41286639844755857,3.4831975074410177
0.38635892281645084,3.8407739084479178
0.3858271770539891,3.856722005073431
0.34057692326266303,4.56782344354036
0.4454314627165895,3.2049660228677195
0.32822746738442926,4.750261353786685
0.34475467780039715,4.496521860913123
0.4178248756903909,3.518942172979905
0.35458665589674304,4.332288441253144
0.3510377913177455,4.320294593203352
0.326709798571034,4.938163251581925
0.33996543549735253,4.6424434996920345
0.3112310564273237,5.186130078542972
0.3483823866767445,4.459472730689404
0.3004710111322118,5.356916391473213
0.33635785120685446,4.671349303884832
0.4135909002318324,3.5280569436618294
0.3515174063781043,4.3646798841777565
0.34927217060510773,4.483675589025444
0.29813290486390437,5.33156887980094
0.38603465904848794,3.901487533840163
0.3191500456109507,5.024533611600609
0.31935450154458567,5.041218499115471
0.3576988302930807,4.227070524437702
0.38694561177847664,3.8446048414287533
0.39734364121819093,3.7264262043353815
0.33218701375110776,4.763739317392359
0.32985806727181255,4.821037318602643
0.36599778287602946,4.087104913923154
0.29548568909865325,5.599434291693769
0.3591065924955492,4.29173541305545
0.3316476423415879,4.6739741656024725
0.3350933168492491,4.589338813731344
0.3936724677634524,3.771263055594953
0.4473307054094522,3.2020389214709675
0.4076932024690243,3.5680130469019837
0.36695795501885226,4.0507027446247
0.3509900127247372,4.417757323778098
0.3502011870884186,4.386659648664149
0.3255807638528741,4.7908229513374065
0.3667635731859115,4.116691084125944
0.3416423587509316,4.514102130735138
0.4171308993508091,3.5006021886709213
0.34801086944928006,4.382429772223827
0.2996236087312337,5.370313585099872
0.3806587087336681,3.949881346796461
0.3754784106987281,3.9314622414786733
0.41215865159998755,3.577282914573266
0.3834905527010747,3.90747565111084
0.3988882138831172,3.7396028667809054
0.3242870397350937,4.910153920923462
0.3429862769705734,4.5907492390303295
0.3523285298074329,4.3766247160566945
0.3227397178216421,4.861679099284411
0.39240905820212213,3.801618175291666
0.392803774159454,3.7358424802134675
0.38339843929049444,3.945442902009673
0.3264369540880002,4.817654855947609
0.4616690414151722,3.061526471280232
0.3061794291918193,5.276161599883903
0.35880744094845873,4.231457432882216
0.3953809691501239,3.714084410708279
0.36433205268073443,4.204322588822517
0.3546278047066144,4.271831176282869
0.399991695493917,3.6514097725467245
0.4059952716306568,3.675432553009259
0.3715921447411476,4.090515673044605
0.38100852681111147,3.921991644764749
0.40172383827158875,3.6568475118099903
0.376042631898697,3.9704460998406454
0.3570152867852671,4.241380871720422
0.3358689215004188,4.677592459755709
0.3341543962970334,4.738909797548675
0.3217900328655526,5.094554268011102
0.3399220340430579,4.496218538296881
0.32626756077647584,4.741946525867388
0.331617141783767,4.6757138616776635
0.39826567325947426,3.6913625965480383
0.33624273278374245,4.645986533146136
0.3724345142451779,4.063546275970747
0.3447432823518755,4.4384164284628875
0.34875607819567367,4.3780630374872285
0.3360317835665206,4.646020554774997
0.34226439240682205,4.5301833755795196
0.34788879653907745,4.430662680757158
0.2866911713739574,5.708926619267914
0.3883345409524724,3.7720271020360885
0.33316331281616496,4.654969305665778
0.3567568343410925,4.277590215736769
0.3484150379050759,4.46935907499752
0.3759625312253747,4.037778350109293
0.3739298900913387,4.087102209506039
0.32402658946059926,4.831118769712159
0.37962636755530543,3.913873146233413
0.40522354016699136,3.6397926317587337
0.3661896696203691,4.180493121599586
0.2966568433756064,5.512621083196067
0.3829087158110036,3.889249658083416
0.33969132666806895,4.607148858490689
0.419322131292811,3.4907846361823553
0.3098129741468173,5.132393631567422
0.28462067660884244,5.82691861859347
0.4040274362342722,3.647617527838737
0.3935943370097059,3.757715868736676
0.3455191536276014,4.487230210751765
0.33573738341621506,4.622333734934308
0.41165951529360895,3.5348653266620285
0.3285870177230989,4.707329048770198
0.3418709584693318,4.553371843265285
0.3014316728436834,5.310812949182858
0.30279210302433235,5.310536585738728
0.312585639428983,5.150350511547981
0.3669086451671811,4.133801545074019
0.3372769904438162,4.58949239734293
0.3562195966632618,4.259268589282977
0.4135852294251656,3.512086586989913
0.42617991752432005,3.463007954557055
0.39011862753628046,3.830026115166179
0.371929702656193,4.043331925779684
0.31362565508192747,5.242254277526224
0.3510948954764296,4.441098835067314
0.4297569648156715,3.3979466967442433
0.3935943370097059,3.757715868736676
0.35528165940884643,4.299564389944663
0.41185228193890516,3.5435812168676217
0.3346000210674167,4.593477588803982
0.29005126080230975,5.642078137741421
0.31750120256977843,4.910342721090881
0.3633115295679775,4.265218608279539
0.3370794981338036,4.659982113386237
0.38909519058183767,3.8383892185918747
0.3693524112921834,4.068822797710666
0.3490748296242911,4.399707124203752
0.36869555752733435,4.058584602622926
0.35531140118363075,4.309703064886463
0.32788740221517526,4.794683638438714
0.3663001003460009,4.228298249089982
0.2870245936828707,5.770771410261347
0.3226603043591796,4.956395830549422
0.33736587064653956,4.583863357833256
0.35221003757425934,4.321626739822791
0.366766939929243,4.155192287819739
0.34803072254781164,4.433379128628744
0.30574344931798414,5.227661650412736
0.38434208106505613,3.871004194912817
0.36530264404913165,4.135047012476643
0.3071997103236691,5.151671725405051
0.3656666185533827,4.078725345733791
0.4281662875108387,3.3989359880407877
0.3338093959657421,4.671841248390326
0.3421470227669094,4.565389059264169
0.3884454966704925,3.858851318526355
0.3405658873986618,4.589387517167169
0.34666260996943216,4.409735803225486
0.3397027546609217,4.522618150911611
0.33708758189821286,4.6381822981038825
0.28686512921174045,5.740823856496922
0.3567568343410925,4.277590215736769
0.33642529973036756,4.607343081377426
0.33707985439129795,4.625483965051629
0.36622883001507406,4.110927213094081
0.358811366625865,4.169919256025985
0.3290117486248042,4.74568039766477
0.3430326053948481,4.5340045174265855
0.39247421051210085,3.792028480405511
0.3776847129025888,3.9877390064202816
0.3227397178216421,4.861679099284411
0.3598076788498871,4.259745584141818
0.36599854022318995,4.131747634268872
0.4048363335662915,3.6531426080478018
0.37393115782863356,3.989536092554028
0.33903995717093866,4.579336132182305
0.3697579149584601,4.068263018905716
0.32605227329278097,4.811867789505823
0.3505843195368103,4.414938215329151
0.36779016824771144,4.1343639148233295
0.3936341983202494,3.779770047873558
0.31522183848820506,5.07449784689827
0.2806179869895919,5.865995906337643
0.35114597098621314,4.367383006790801
0.3706855536633074,4.1383023943475745
0.31801081372507034,4.9874186931594
0.33802209725733934,4.518580767796228
0.40445612449280566,3.6532081706005717
0.37346438338245486,4.020793518026737
0.35952820192304463,4.2482632875579025
0.3672978927632998,4.095927756902806
0.34994790872454784,4.381566988654813
0.3223748640821458,4.895212278445052
0.3381569531572595,4.561631624615821
0.33401511276978296,4.623605765045924
0.39900355801854936,3.6826633486276728
0.3640179773490611,4.225726669372342
0.40360789983041767,3.6217118573919707
0.3847399053041425,3.8537495573940275
0.30809081553293366,5.27561652728791
0.28139952464694706,5.999600018139402
0.3560509187770133,4.215116418494113
0.33826470464865155,4.570174371671078
0.3708786332626441,4.055318862975252
0.39261961742209023,3.8075746150632295
0.36653320590567573,4.134491746471436
0.3916679223360395,3.7831479975371396
0.40474086531949716,3.66209130364617
0.3948136438847397,3.788687385958809
0.37113903741886267,4.0371114685195915
0.318060164947148,5.044056060640831
0.33586803521818676,4.5273971949895895
0.32037972509003587,4.895598966353284
0.3725735424467459,4.058064471089326
0.34433548088186805,4.396612699781942
0.39182099920201735,3.787948633790114
0.4015671261341919,3.6519090034572637
0.4012374875753259,3.6431877356290094
0.27944047853843657,5.952202990316087
0.3318040582557974,4.674045453553828
0.36476287401855534,4.246803403604887
0.39482760614519513,3.75017315692558
0.235768477166115,7.7020457713615285
0.327057570864397,4.788621844057882
0.35257996074737186,4.336663792599895
0.41795583380491413,3.5297468574755873
0.3581780464914122,4.244603255997163
0.407103883039933,3.5785784565433025
0.3113218923965621,5.076912124440254
0.36770199515185653,4.167754736988837
0.39185102033457825,3.730138348541775
0.3415724464758627,4.542221131111903
0.358833332690669,4.21163380369516
0.3111650462919856,5.146683153791634
0.3531159028769035,4.349513777985892
0.27504089845072366,6.067663023019457
0.34434590279945826,4.4722605605946875
0.3541069846545012,4.430731749760169
0.3765653517458743,3.96891305199714
0.4180376996752275,3.5267081816147785
0.34880643117278776,4.419175138893598
0.40018843318156,3.6796481307979048
0.40879292088265423,3.5820955080496457
0.35358550674362466,4.258800298530079
0.3660080410926858,4.1449963112794475
0.43578389562267855,3.3133646157030037
0.3280791831463067,4.836519019033351
0.34665345412388016,4.408683394188165
0.4306115092973179,3.398297962247282
0.34614783085343154,4.4482627101381675
0.41667542677706276,3.5389679190139227
0.4210088407563509,3.468073099506315
0.3441727252677763,4.587390683130114
0.3771062281174296,4.004372059770162
0.366562309815193,4.076493033261205
0.3199123354311994,4.925775850844248
0.4281662875108387,3.3989359880407877
0.347048173533625,4.459620053314389
0.29587603606900426,5.432767151348416
0.36819901860412,4.112688012185407
0.32838360038820635,4.809425921743733
0.3914503651738481,3.8244982864451877
0.4016858469548162,3.6650144508703346
0.3790789294923782,4.05110402827414
0.34666137262288127,4.498840887419111
0.3122757650171528,5.0896832544903665
0.3608032689969095,4.2489820294514935
0.3340369489618313,4.614545241258721
0.3315311213067293,4.677017736225895
0.3269024060117887,4.760969241735229
0.3614842251479177,4.237104880943578
0.38895768552345406,3.8338740643664098
0.33051585133304473,4.753646742309043
0.3127827957153996,5.038074550907024
0.3579311498649719,4.244724692119235
0.3655207595393725,4.144286538388634
0.43396803869130324,3.3603129068895696
0.35664367877359204,4.352537561527453
0.3198105712716357,5.003249064895512
0.3895192192934453,3.806221026717711
0.3844524190508589,3.8626736136960673
0.40413392118515534,3.6983313875291173
0.3544038319038661,4.361959968363221
0.37674731944992934,3.9894446051060335
0.4064268166260933,3.5716196470524637
0.3194280938558453,5.019799205138717
0.3378694624542052,4.667631356682912
0.3255744583061011,4.836015418132679
0.39050778220744603,3.8417058482742195
0.39564853438838526,3.737531393926284
0.3852844851208107,3.9122003671510415
0.3646981901893338,4.271689622772235
0.43493191651088514,3.288943092611538
0.35154427626759416,4.329164623952723
0.3443499405693087,4.435626929271663
0.3508019808047269,4.3231222732711405
0.3695696979775953,4.016553760364344
0.34966237167806385,4.49561990561677
0.29344656091759297,5.662703449444869
0.3052323805695496,5.247467564973283
0.3053548848545343,5.32165402068085
0.4471904024520798,3.2475757824887106
0.31656745439765144,5.027556173349569
0.4064268166260933,3.5716196470524637
0.34279412413535826,4.566765337444574
0.34795049739576167,4.381447942314876
0.3386120692998857,4.515318233348911
0.36368734720323104,4.1192217049766615
0.3677562689856655,4.105470527500164
0.38681160053718033,3.819683442799779
0.35927411688740807,4.334528163224835
0.3224035466887713,4.961257647560371
0.376042631898697,3.9704460998406454
0.3135949454597826,5.100648772016056
0.2922231521023526,5.622302388764213
0.40746356748009344,3.585421459635612
0.3505175824751231,4.334325016532768
0.35470940870493467,4.281773266008951
0.3883801033303948,3.8904475287687283
0.3094424660839897,5.082563618223458
0.2915057841423852,5.519018720369025
0.3844738717117342,3.9281475119255904
0.32419713800980493,4.840168442472488
0.3309064790988592,4.745777586194719
0.3388279006095051,4.5333964225419106
0.3452846754766635,4.549078008414848
0.36770199515185653,4.167754736988837
0.33587958764407716,4.590923972797399
0.335100030400317,4.645277839393285
0.3906557074007271,3.846679546970563
0.30638504908590297,5.2459409753202815
0.3676873805481046,4.047313103937941
0.38059460280190877,3.954780468209316
0.3450666643678451,4.4720611638849315
0.3533780619768348,4.332199038200137
0.3554707719141087,4.3090656270528545
0.37689046266967735,3.9763889365766962
0.34224464014053235,4.529796317685077
0.36444463445124514,4.16999460490858
0.31086371523862133,5.16186390887603
0.34720940498317504,4.363203816910837
0.36558022636567084,4.163430330174787
0.3657309519085423,4.143816377089489
0.3953021089108436,3.791659654356219
0.3852844851208107,3.9122003671510415
0.32222589022002396,4.8994024308149315
0.39027326305733806,3.796175360640576
0.36056051480983115,4.275827461201672
0.40878667475080266,3.617075728042327
0.38933550668596595,3.7819188703541755
0.38635892281645084,3.8407739084479178
0.29119876141325884,5.735275410730732
0.3345044151297508,4.717010218208458
0.33134554906862873,4.7317875122405075
0.3806587087336681,3.949881346796461
0.3836765262456957,3.8849795989274565
0.38484794131245054,3.831186265893064
0.38265994814256765,3.924368568287501
0.38100852681111147,3.921991644764749
0.3936341983202494,3.779770047873558
0.37798738172350616,4.014360512114694
0.34818954591298373,4.517566225611792
0.36013427204917525,4.264877417639939
0.37267000347716617,4.0225743691779945
0.36542562626368535,4.114928389762863
0.3437474481096159,4.439751724524922
0.372578660198303,3.974085553493208
0.31985674326319075,4.925351965426698
0.3615362803788025,4.209460825089642
0.44397827013676405,3.253265277340348
0.35514559120910766,4.273874810096016
0.3074568086354844,5.231097985953995
0.3594268983428838,4.260132991760783
0.34974942274870396,4.36405993895747
0.3743100488792068,4.050411097913615
0.3754923572827606,4.02781355660172
0.3432047026256947,4.4966363003515815
0.38544413248700315,3.894391168094541
0.3466995317473518,4.397109223087267
0.3383577577003884,4.632342870255648
0.325644037812994,4.8913345403384145
0.33015257145561666,4.817965577265227
0.36850204266798253,4.106586359096658
0.40553284663379835,3.6147704724613763
0.3469955848998363,4.500282099588922
0.3554763222578519,4.239752552723788
0.3837487921963394,3.9322092412455243
0.3749363635306486,3.9982490612707124
0.3393511493413106,4.589152613996521
0.41954876763546245,3.507009794146274
0.35996020180943933,4.231753524533369
0.3663001003460009,4.228298249089982
0.3468527585009666,4.39107648965043
0.407945565962007,3.583367358915737
0.4043427142772994,3.6493633419347664
0.38633107950097434,3.8530263371658005
0.32778966716429236,4.821010242333642
0.3960056720960909,3.6976656881741388
0.31816961094200513,4.922479619510556
0.33482223312551773,4.678690456168039
0.31864710887818537,5.085269993450734
0.30062628356231147,5.384308073681977
0.38185451717472463,3.8458023195352133
0.3844357124045545,3.818000647170796
0.3506758471828212,4.335125662942984
0.37021635990277313,4.126365531421161
0.3235032089176729,4.8430765820403
0.3496225852637021,4.402406079533035
0.40147140832751443,3.6228041426265407
0.26830418933082995,6.278975809944269
0.3053548848545343,5.32165402068085
0.39837266302785,3.763232721924736
0.326258899590545,4.868797903575464
0.3274590907189837,4.825168562479896
0.3160195275994045,5.120951645023586
0.3154780518287226,5.0093201834161745
0.30174318830804486,5.44114121102424
0.3420093700668218,4.518370579203255
0.36663685540314844,4.149079170830193
0.29237983685920865,5.562571174431235
0.3995213397655787,3.685314986043476
0.4506135533208389,3.1523348212634454
0.45537506835208946,3.148536328892016
0.418470755185939,3.5108656543893795
0.3393873938513366,4.642951011668964
0.3376437010650223,4.559638477316446
0.2988672908659941,5.418971044749058
0.3508019808047269,4.3231222732711405
0.34057692326266303,4.56782344354036
0.3806899714795807,3.9111976656261143
0.3745056178331146,3.9818934076371124
0.40062289772700166,3.680074961876785
0.3602772875377507,4.258133225420391
0.3829966211011355,3.925370591014094
0.38305009464730533,3.940527789613582
0.3251975623375645,4.771457463256089
0.4103322230696006,3.551795766333768
0.34570259751926374,4.438193239554186
0.3814173550601856,3.94944076863013
0.3379286779524307,4.58661273032302
0.34056484706212,4.55141608501207
0.3555779608469879,4.270884129125127
0.36549666698236205,4.207128234115156
0.3242538640462415,4.82254898899761
0.3629002493907426,4.139316252569094
0.4045608413447569,3.6178111828041817
0.41884896216011425,3.469730786640054
0.3461126981507282,4.484120643635503
0.35155228749056106,4.419348035611351
0.33968984350179066,4.650525024080193
0.2747564333953854,6.126154388936212
0.3799074076732926,3.9057011757290248
0.3450666643678451,4.4720611638849315
0.39537898208733857,3.708303807956058
0.3882096706217722,3.774829667227558
0.3515174063781043,4.3646798841777565
0.3319393428867089,4.670578287695746
0.34795002481910425,4.531024233019812
0.3824689085700415,3.961228070327395
0.3835424028296778,3.931815330785944
0.39121392753940465,3.818394095313742
0.37947944779445675,3.956159421455529
0.35823087067681814,4.2539040576438625
0.3431449290362951,4.527277371885912
0.32400149781298543,4.82487768095138
0.37168365731871467,4.009138872383605
0.4471354296359304,3.2242363853576896
0.37378673125976736,4.031730417649386
0.3305488234459355,4.74785836756083
0.38305009464730533,3.940527789613582
0.40474086531949716,3.66209130364617
0.3723942163270724,4.032465159474356
0.34710381797994794,4.430087037029149
0.3581780464914122,4.244603255997163
0.3139082492956896,5.107742131026436
0.3395964003796423,4.579326001531823
0.34803072254781164,4.433379128628744
0.30217320281499305,5.48505466579459
0.3264473889055344,4.754437188377259
0.3691065470645899,4.126871130864657
0.3153698057212403,5.0956326406068895
0.3418810986456435,4.5675926475645126
0.33302656664090535,4.709069418417269
0.38856970847615124,3.8111320083157896
0.3871845115103507,3.809716205721049
0.3824849578953327,3.930037015054534
0.2583448649609165,6.716100142145027
0.3575389136047786,4.320290038533089
0.3397027546609217,4.522618150911611
0.3617334793969949,4.247963825003975
0.4189397280339829,3.460084922834492
0.38763381936241204,3.8129627457683437
0.30015827678366364,5.4383907957278215
0.3414275232427991,4.4704243410273055
0.38435082055479985,3.8849632994556735
0.3691715483311255,4.099191426808292
0.33240759655839963,4.716146590961468
0.376042631898697,3.9704460998406454
0.35413612851278675,4.29313752301973
0.3725802693084814,3.9972946441535613
0.3761918519091631,3.944602373621968
0.3629181915045396,4.142952110572951
0.3970618056110326,3.6813834273088175
0.36340425396628045,4.170279066446458
0.38526962953226424,3.8867821051901594
0.3154015815857006,5.050848846248187
0.33655025559435975,4.553082294900262
0.3014851660573927,5.398926896404111
0.35363981589703525,4.3283925861277694
0.3350140514064371,4.586425145920017
0.3701175572833101,4.0505715714402015
0.32425012937664976,4.914971383637303
0.30966373961405236,5.168508464232072
0.3444870875960836,4.44048842268132
0.3677075640533472,4.114518069736508
0.37546802102093846,3.9835684087950125
0.4832739396402781,2.9115968294632157
0.3911110199640005,3.8207291829269594
0.3365929811868372,4.59874816306242
0.35541258712437523,4.2635026367933575
0.3960187109961617,3.744258367556104
0.32128151449485925,5.068758893866115
0.4375568883188037,3.2996862150896904
0.34057692326266303,4.56782344354036
0.33616540499206593,4.583838439702086
0.3314747961236738,4.743348397023644
0.376343263040803,3.9590108327389366
0.4159445038698458,3.516088808119535
0.3826006992698185,3.875350846170461
0.36534341758574385,4.128674955145148
0.3551863885827132,4.232105273056487
0.3510715414511219,4.323651985524651
0.38786169892533084,3.8410309222401953
0.3599986481696408,4.261345437941322
0.3829966211011355,3.925370591014094
0.3776045177155956,3.9893116967716824
0.38498261240190434,3.845791036778481
0.2940024752032877,5.485690083465871
0.33996543549735253,4.6424434996920345
0.33495017851406667,4.713372229101985
0.3186825524278604,4.994571156772748
0.3871207703479019,3.799758799500037
0.34958811227682346,4.399554464949992
0.3844462213524937,3.8711602453167475
0.3412492867465395,4.464741514905611
0.3635248447562935,4.1925500174493555
0.33174037497282277,4.711790493011613
0.37619088054289745,3.988828769120444
0.3574044224509776,4.29377362215105
0.33634205354601476,4.607804814163449
0.41344146986224606,3.5700006210574315
0.3746577269203533,3.9939592938674338
0.36877484522225445,4.094139421349618
0.2922363809134954,5.497325572266279
0.36909680398376044,4.078310599124712
0.3380660377215212,4.528968130794448
0.3598264380180438,4.229355588812479
0.32962442018588345,4.70540678131395
0.36181758320867585,4.239423560584356
0.38339843929049444,3.945442902009673
0.35326646436134795,4.421944951865423
0.4473307054094522,3.2020389214709675
0.38404412250112846,3.9074472290316398
0.3623086159931322,4.25932860663636
0.4030825391044171,3.6571656545768465
0.31721006780354455,4.954933743731054
0.3592018532155043,4.245089076085765
0.3879449225848809,3.8072519776330203
0.39372315183654844,3.7520886129974143
0.36581959244387385,4.098780416491452
0.4048363335662915,3.6531426080478018
0.3528556400969079,4.316800036077311
0.459010734436928,3.1000402743495257
0.34582868887790313,4.5118279699114066
0.3276300450433155,4.831905636900042
0.3391519261782109,4.587968622034984
0.27888664416276593,5.957838223372646
0.39078233270997154,3.7687346183676254
0.3221059155653434,4.976235882656
0.3275754848309504,4.8853843817478175
0.3219133460454702,4.903190263946646
0.35012828457351386,4.390754581169729
0.33301713967077196,4.778896763940533
0.3528556400969079,4.316800036077311
0.28977058225410246,5.691220487737131
0.32396505883469645,4.89673071702446
0.27504089845072366,6.067663023019457
0.34400405896665254,4.513236276883846
0.3720540947024844,4.02499386910653
0.374908169960078,3.9804308915262867
0.2923205429091651,5.620432845586525
0.4135909002318324,3.5280569436618294
0.343506639097148,4.450875971448512
0.3348524850380384,4.668244467514249
0.352049769117665,4.409072547589898
0.34289024001802765,4.519971918332648
0.3127415860264851,5.229049543115804
0.3361400484898693,4.60696746922482
0.3715684870976942,4.045143395658671
0.35224831344254465,4.3879675810807734
0.37560144890176034,3.9855893939058866
0.31702696148284987,5.000927463653057
0.35348479575274183,4.313858782964109
0.4037922733942836,3.6621430648303255
0.39076720741481824,3.7521947123235537
0.3785919706716748,3.9819199267890864
0.3377854243542318,4.619578772795692
0.31655505568190684,4.996317596981325
0.41492363530105447,3.5326054788483945
0.361476024747923,4.226299491564362
0.3846142110265203,3.941283308984436
0.4193930844469851,3.451151824317285
0.38047716038320645,3.986446737987826
0.30225756984014807,5.305754783806224
0.37735001296806686,3.9579720906405695
0.33929541451142176,4.5822902370398495
0.3633052873164334,4.165679959287169
0.32311040473356106,4.7973975209151405
0.37206558259601324,4.073622196301424
0.37113903741886267,4.0371114685195915
0.3657009717231787,4.160116476224494
0.36556160894572626,4.103689663213272
0.40733337636267114,3.580006402204286
0.31693353105181377,5.0174657127297
0.3644309176483951,4.1905928094492815
0.3860997493202641,3.847322348997787
0.371929702656193,4.043331925779684
0.33078706172709127,4.711770892510895
0.3434580983780407,4.499648385033266
0.4270717014836036,3.3700573330376034
0.30763226747554845,5.289837204888958
0.3344006156497294,4.702058701781953
0.3951827322572871,3.735227040640578
0.2925652923729046,5.610782116029973
0.4096459115538837,3.5395331296830985
0.35712359042536834,4.285526287599178
0.3479182302649097,4.433317443080468
0.38692792020740974,3.8427934466241593
0.35465864445643264,4.369531942757697
0.38767854211038194,3.8878076890150015
0.33702258573619914,4.631674363952094
0.3867194367035249,3.8637092868286986
0.3316343227123794,4.627205302161221
0.30836271176351054,5.259420116563794
0.316934170800367,5.030078463969827
0.39027326305733806,3.796175360640576
0.3505179350170085,4.370313490264269
0.4294830492091879,3.366538027534544
0.419322131292811,3.4907846361823553
0.3436651656569626,4.4217735027538225
0.30600916718865245,5.24979527231525
0.3458062553361573,4.427937968263819
0.4005771166235025,3.7151449652115947
0.36235042571370024,4.272998440233844
0.3638933615951212,4.1757198095741845
0.37058267699888603,4.043938398846364
0.38245822776562893,3.8888582722083447
0.35431438024135264,4.322822176379969
0.3022003196954813,5.3689507280412485
0.328778952938912,4.786489118077794
0.4142059401509442,3.5073511930042014
0.3646949779500065,4.095063669374308
0.320710080576413,4.959234529744975
0.3483155914996584,4.383605525842216
0.4011590591709847,3.684827403494305
0.38767854211038194,3.8878076890150015
0.30902250387673774,5.257076543403386
0.36089279499532084,4.208611490542766
0.36462629935576096,4.125811910022355
0.3408562389764946,4.560890979701664
0.3474905910218532,4.402948212617478
0.33842172622919053,4.673891675944305
0.4189656329410139,3.4419004933471182
0.32076007397074274,4.917912952377141
0.367063848545691,4.149852010470366
0.31249895790439824,5.195501185366322
0.36762874368745685,4.125731312037986
0.4125508121633902,3.5699542528845885
0.40522354016699136,3.6397926317587337
0.3460114782810479,4.5173058960974055
0.40736275551104145,3.5980284653010455
0.36340425396628045,4.170279066446458
0.32198377379547055,4.930376998235258
0.3305610317192019,4.771926759973485
0.38910998852539735,3.812438179682025
0.28686512921174045,5.740823856496922
0.3575931063715708,4.267125432878359
0.3331176297522151,4.660560872543732
0.38237586480839447,3.8699480089746845
0.3760354754797291,4.001490833630195
0.3626971326664228,4.205419130293842
0.3533859818007841,4.241134831726956
0.32794965683619587,4.810642710353765
0.3418810986456435,4.5675926475645126
0.3292751999111269,4.836910775038593
0.37906681802775605,3.9587678101696873
0.33178572801340084,4.748692811968581
0.37133951232000056,4.040200613738132
0.3104707909587441,5.113096734863135
0.3847354225955603,3.891016108965219
0.3613918316005833,4.195807263073997
0.3157502683412798,5.062218404999921
0.3651144176970489,4.163508419004509
0.33842172622919053,4.673891675944305
0.33634205354601476,4.607804814163449
0.367799103984975,4.124733828746844
0.3640206325741893,4.090467631744351
0.38856648792486104,3.8396727340312142
0.373093462585185,4.068356859770641
0.3201382631979975,4.897235661728166
0.3827311927668389,3.8507249933817884
0.4094687915413512,3.5305377217723324
0.33704606279204735,4.656198886908961
0.3135515132199824,5.037694069751063
0.34136496651918063,4.528449923629276
0.34431215855029945,4.375165342330252
0.2959934762620297,5.46458996778829
0.356141855274563,4.3525510880147324
0.36556160894572626,4.103689663213272
0.3644675941433784,4.114154830804597
0.3172671240299166,5.1717737038821125
0.34532719736411704,4.411035508530695
0.3434580983780407,4.499648385033266
0.3698226344577111,4.037916777165141
0.3645356089321315,4.1170989751638425
0.3275930071272857,4.7596593295635765
0.3626971326664228,4.205419130293842
0.34118368244794667,4.5280594799142895
0.3432399240498297,4.4868820633809205
0.3348524850380384,4.668244467514249
0.3420590101838604,4.513178638936236
0.36932502134423983,4.17335933015932
0.39467777407776544,3.790839475945018
0.368283158757514,4.179087532985068
0.38576119012036747,3.8705517251599617
0.39604438223716787,3.776735256072377
0.33959469779086815,4.456713119105397
0.3546278047066144,4.271831176282869
0.37689046266967735,3.9763889365766962
0.376416080958858,4.0115572404091004
0.28150820460475967,5.815091825173336
0.3833449940961011,3.9323431806367775
0.3440793775299563,4.494594842641293
0.32133559742457285,4.939057769587118
0.28799698169119914,5.6635892410970445
0.3681310717833217,4.165991225453388
0.31892756532458727,4.953339979240833
0.2947520526484311,5.496151356292239
0.39011862753628046,3.830026115166179
0.39086223533848935,3.807955483833004
0.38732273232622766,3.860655528942218
0.3754784106987281,3.9314622414786733
0.3505843195368103,4.414938215329151
0.3128555597477559,5.093965462712066
0.4381546890429411,3.313692270746043
0.34603172271416827,4.418377205205621
0.3095954255661856,5.1820401614235685
0.2897171246812146,5.748250326042626
0.3463388167263751,4.437624551253586
0.3524854343651737,4.390399904798203
0.4102328151144276,3.6256666342733075
0.3907257434780344,3.7773527908666806
0.35441154401287944,4.320809278021487
0.3924716206760047,3.799964397342993
0.3575389136047786,4.320290038533089
0.3492377923154272,4.420504719580044
0.3411576954546042,4.584725089473387
0.34292600111960836,4.479977195130735
0.3572826876839569,4.24950046825
0.3781130603743145,3.9929312670261115
0.3584913503986529,4.299815672707321
0.32984204545359425,4.722506804195598
0.3593387888648313,4.253036620672237
0.35514559120910766,4.273874810096016
0.3880240200152049,3.8336415984247467
0.35152968850107374,4.325314723155208
0.3440473087827883,4.567142927136199
0.3112310564273237,5.186130078542972
0.38237198744833095,4.002747283264044
0.25999613480239997,6.589929626726807
0.3389336632598551,4.5688943091627445
0.41742581179295785,3.500427557056304
0.3281745651866911,4.737627641941408
0.31997260171406594,4.892063357913842
0.3765340620448867,3.955693731658978
0.3802356655492289,3.9470671066595733
0.3383218504958372,4.652198347555472
0.2514699019448592,6.838776768926171
0.3870265549386195,3.8986141150167146
0.28581020552006786,5.806853578187071
0.3865849016345074,3.8411640522924952
0.3465208482432682,4.410061767335815
0.3146755305773631,5.085976720214882
0.3699866803954575,4.045266010837063
0.3755880597533825,4.014220537481713
0.32969394285334686,4.772619528145324
0.34401285494605344,4.485013684421384
0.36323616800694747,4.213637743883489
0.3528556400969079,4.316800036077311
0.32476806470494995,4.7961315430953615
0.33655025559435975,4.553082294900262
0.4352813581739309,3.3512682082724212
0.29734369804104155,5.563444029298855
0.36994592442596735,4.120121233270682
0.3294060437710558,4.771711787734201
0.3497008451313261,4.403651665917628
0.3539876161331332,4.414292384983395
0.31935450154458567,5.041218499115471
0.36519580311488364,4.156419907994906
0.3521031249357911,4.410984944975136
0.3305883825063948,4.782162671298173
0.3637805483730367,4.201115781478313
0.3787800236083869,3.9847118286748757
0.32997091727564215,4.695094120511005
0.39535924016120494,3.714510698506273
0.3250518081741906,4.823280580831784
0.4782116159095472,2.9495087361691503
0.32037388074876605,4.993481429159562
0.35683300570367754,4.312668699801327
0.38633107950097434,3.8530263371658005
0.3416488934300671,4.4102671075557645
0.3240428003436643,4.781560019532775
0.41997260306571516,3.475392324453294
0.3652189154772126,4.121969228875184
0.37608105582414547,3.928684296600181
0.3533342007125858,4.394675678216732
0.3993355083397376,3.7647002172616193
0.38463420470365683,3.845881485327693
0.3957493843766356,3.6983940833550215
0.3834905527010747,3.90747565111084
0.32880545199510336,4.713011834983454
0.31103889449516914,5.159059729132187
0.4580583638542968,3.1208977545332535
0.3881381892139818,3.8432135465707726
0.29517778369469105,5.5949746872835115
0.38681160053718033,3.819683442799779
0.4008914763122282,3.699928108736848
0.3559747979968395,4.2316468483099605
0.3837058611655735,3.897587533794148
0.35364102797425234,4.392491418494004
0.3071997103236691,5.151671725405051
0.3374894701350466,4.6023866214986
0.33309773146237565,4.57028283249474
0.38639868545262196,3.794322709727851
0.4027290904475682,3.6764605075975876
0.31584186913021284,5.020559324348875
0.31280710987874133,5.032686853564758
0.30902250387673774,5.257076543403386
0.4145845177500546,3.5501080783584027
0.31627405506130557,4.96321564289123
0.4017842772286535,3.654178734457051
0.38030438448662257,3.945526313149813
0.3886168968884819,3.808644244884512
0.32778966716429236,4.821010242333642
0.3531634941050125,4.336875155828734
0.3438668018482428,4.500289365474311
0.3454710447084568,4.418899598952562
0.37578641768349874,3.953425552874973
0.31985674326319075,4.925351965426698
0.34340450574321796,4.484853086839096
0.35616725203341787,4.331532751465744
0.3383511953718138,4.517213571164802
0.3375565442078429,4.572709202253375
0.36341571113830534,4.119657164096181
0.35431438024135264,4.322822176379969
0.36560763238029603,4.1688407003949095
0.3877248751476107,3.8540613797322303
0.3258224319373966,4.759074297537729
0.32037388074876605,4.993481429159562
0.2933215492336887,5.498450506077802
0.3435522408688622,4.492465287115594
0.3836442563192645,3.922373921386679
0.3149583809104854,5.004721611526725
0.37740080782567564,3.898856175460469
0.3574906527187199,4.271698117196178
0.41452967791810086,3.5268356594186856
0.34649383682024365,4.374889127443423
0.3442502498639462,4.477114577788897
0.394212547852778,3.7312878842017048
0.3799568234938533,3.890868057956358
0.29019339177474124,5.661748024576795
0.38236960832066225,3.9822526844095845
0.3195919443396046,4.951452173947373
0.324431764237791,4.798383402294431
0.3334298248689903,4.667834661550903
0.3820198711468588,3.9297969096327914
0.2890916983250882,5.684085813872202
0.30600916718865245,5.24979527231525
0.32628854794551126,4.707054605130369
0.3638933615951212,4.1757198095741845
0.3160821963618651,5.073605125216669
0.39692767594539163,3.789518668330892
0.3120953437108638,5.063972371061818
0.3067807808456065,5.302146654694469
0.418731999635746,3.4967512535214658
0.3836758027941602,3.8688679514148547
0.3315436480267133,4.780361846165632
0.35810451820205136,4.258964098264355
0.3872851683935701,3.8462777011941527
0.3805136052526502,3.9509254061122903
0.37041191474750623,4.163115211022853
0.40261094810578063,3.6525691633381556
0.3296917960180974,4.757759844807151
0.372475173765284,4.050638840973338
0.33903995717093866,4.579336132182305
0.37311262211014434,4.042291375707508
0.358811366625865,4.169919256025985
0.30904968977453845,5.213023638492392
0.3006634251129651,5.476090053199565
0.3422243162621487,4.595236443681789
0.36294938200713356,4.09246405733303
0.3305855565506459,4.74621698729279
0.28953623224961333,5.766408360260342
0.37247389497781264,4.039896765100899
0.3312417614895234,4.793104217857857
0.348116238346619,4.41719511556779
0.3805116227021554,3.8878765486569047
0.4168781999333878,3.465339604157938
0.38931717498457735,3.778826074568877
0.32484241459364477,4.8274703657798455
0.3651930364170469,4.200932012565743
0.39068924045198355,3.763160188245442
0.3497476959166216,4.3384570203777395
0.41703163317410663,3.6056387164533055
0.3684004506560729,4.129536007300404
0.4542800803698642,3.1166629540535116
0.335248974186032,4.635307047813627
0.31188309728210484,5.147872372024152
0.39020617966046417,3.855277108557125
0.3504901388731528,4.33827918783814
0.3382597612042769,4.5895029262949585
0.2977408968389144,5.460751030372593
0.322822744303935,4.87685279927391
0.4258747777141557,3.386047942710203
0.38582572798422043,3.8144928825332234
0.42424710272783267,3.4224785914381313
0.3812039494475098,3.938823257165872
0.37540734700262945,3.9476884003373622
0.38499777893618736,3.855661947571798
0.3864283317710458,3.899175956718391
0.3593387888648313,4.253036620672237
0.3979729599210237,3.7534960457254094
0.33655025559435975,4.553082294900262
0.34211244921512907,4.430477951912121
0.3490748296242911,4.399707124203752
0.3074076092926647,5.249898730308315
0.32697186756347885,4.875074870825737
0.3378258905682528,4.669306173240769
0.3331085243753053,4.669800617488469
0.3395345539841141,4.581318907991766
0.3647170000318788,4.136076313281791
0.3169942608971736,5.108173456693571
0.3872851683935701,3.8462777011941527
0.38599156029151693,3.8299713721904602
0.3966259393053119,3.723713205183125
0.34875607819567367,4.3780630374872285
0.3138882121383034,4.908561830020125
0.3449987132433573,4.508644215334305
0.33195928021209065,4.717407365433537
0.3951788767169414,3.744072904104454
0.3200171876508468,4.932232947260784
0.3389917794881331,4.627354581034873
0.3330860753836066,4.6826611685563
0.3576610336040671,4.277213999776625
0.3410605770319059,4.527156450422805
0.29028084470402693,5.737008566424879
0.3172663006635302,4.980118237688887
0.31478661524773305,5.104206127912594
0.3764473839371361,3.9509721091479033
0.34875607819567367,4.3780630374872285
0.3715606263003802,4.10526755324113
0.37527342124348323,4.021437548672986
0.36148609547701493,4.119287465218597
0.32314900026210525,4.952737082707726
0.3482521121531879,4.457735109742322
0.32738382502944374,4.87940645691375
0.3610089765152319,4.177941643582895
0.35199589867496633,4.400754887656549
0.30626035930990014,5.175766507537416
0.3925088982800293,3.760849780714128
0.362290291028328,4.1627024655584615
0.327484009948409,4.822255894118588
0.34909450375272694,4.435155326881373
0.3646505045752531,4.238361305093258
0.3138040971631012,5.1019871068607445
0.387636430527428,3.829348028644457
0.3641949212783071,4.1861187679905445
0.36004941737129814,4.2817988012941655
0.30966373961405236,5.168508464232072
0.3080098667871379,5.250087411613109
0.3596051065155355,4.3514923447962675
0.3707579098962211,4.044790945218886
0.3602772875377507,4.258133225420391
0.395075943193456,3.7292719750671637
0.39011862753628046,3.830026115166179
0.33325536568471503,4.699457785208449
0.4097984922100026,3.5641780312465765
0.29119876141325884,5.735275410730732
0.3437296878974269,4.45838337436625
0.3412475718147226,4.575869567948953
0.34994241543585436,4.3500412420842665
0.35880252989934963,4.296168475390252
0.32336831719071113,4.885387830772852
0.4030130729127474,3.6905455723948584
0.3053548848545343,5.32165402068085
0.2776183192746043,6.069437325378579
0.3005648661357455,5.313703536396105
0.34788879653907745,4.430662680757158
0.42514468441947617,3.4233639495488326
0.3448457904220855,4.484090132044859
0.34822852940192445,4.38842703684915
0.3858278538507495,3.8648457261670033
0.4490317260932419,3.2115433700339597
0.35019290303583644,4.332255202128632
0.3713179999670113,3.9914540912580505
0.3374894701350466,4.6023866214986
0.33849769431357585,4.598428562512395
0.32929594493270115,4.8326360659883685
0.3442930425159057,4.494409219952454
0.3345775051801175,4.696146454533339
0.30638504908590297,5.2459409753202815
0.34641131876199543,4.5554910570516896
0.38635892281645084,3.8407739084479178
0.30901724449769663,5.2865394451713135
0.3729947597973763,3.9619040089456803
0.3171289398528979,4.9272242673103035
0.37782092564199043,3.9752180179192056
0.40354773948219697,3.679714724886289
0.37947702204197875,3.8884738434290513
0.37179471802402453,4.140556998576687
0.3663658099343592,4.103528960325376
0.3534631534003756,4.322022641951914
0.35023860537616863,4.3327066179572284
0.4112638808870709,3.5440505107420925
0.34598119216425255,4.370604363032471
0.3544038319038661,4.361959968363221
0.33616540499206593,4.583838439702086
0.33929541451142176,4.5822902370398495
0.3187324425773494,4.956759633000561
0.3905415810233407,3.8182462324544466
0.30189235754625726,5.4090453830028675
0.3393137754563803,4.549424489575853
0.31526700175328604,5.086051387742696
0.404466553679884,3.6443518104311763
0.3033324423699152,5.2326748468953665
0.3375302845448298,4.616682965671539
0.38776206998734053,3.8689281979716124
0.2800074089076018,5.880549503678529
0.3454710447084568,4.418899598952562
0.31958603643634964,4.943218060324978
0.3951788767169414,3.744072904104454
0.3834905527010747,3.90747565111084
0.3287837629925637,4.715189431688083
0.3049810281595109,5.290223761987194
0.32962442018588345,4.70540678131395
0.37574251784779983,3.987513886719699
0.38160993234611856,3.8834234480791685
0.3964872286716262,3.7327725524479485
0.38081792338788956,3.9474248817910143
0.3516076992118959,4.28333363594495
0.3413663885488088,4.530067085862438
0.3673909575955799,4.1813951922479
0.33512728630960326,4.589567463973308
0.31089636906645857,5.224287426791313
0.3563397829128244,4.262960747100177
0.3855577277563242,3.926054419086352
0.31427618244819483,5.07345802583227
0.34179873111884695,4.587814179577744
0.39917466228524195,3.683961301771887
0.31355277264348086,5.033507174497242
0.42934874631522635,3.384123805194356
0.30069908040823234,5.393534803937268
0.38151160835995884,3.839506653541465
0.3570152867852671,4.241380871720422
0.40246322963131975,3.632464161637904
0.32297306331884895,4.895730870240402
0.36534341758574385,4.128674955145148
0.35348511690649553,4.3610950960753145
0.3857282918391613,3.9117926622317545
0.3804977879424942,3.9199342108532327
0.3622971415533752,4.165937126298625
0.32923473593423025,4.758907172970266
0.41492363530105447,3.5326054788483945
0.3481825547001523,4.483915064652894
0.3646505045752531,4.238361305093258
0.32629370540768965,4.813208761811846
0.42259566787011643,3.4323709407613108
0.32384141849508075,4.880754047085119
0.3691829015374788,4.104245723533315
0.363139602115881,4.139010103183125
0.36054346430943196,4.251816174873985
0.3485141217932761,4.467354929117985
0.31958603643634964,4.943218060324978
0.34473508318868556,4.447404835779629
0.34132458866433474,4.504343475848244
0.2906629446565778,5.711932245161211
0.4308676116371739,3.3302195915088393
0.3388754584095483,4.593908231187626
0.2899913637948204,5.647834369879595
0.38114747844287555,3.940013680014469
0.3564496743158257,4.282424697860012
0.3587274294503161,4.2818155634827715
0.3230753182332399,4.909099332126652
0.3979729599210237,3.7534960457254094
0.37451125593583634,4.007296194224293
0.35221003757425934,4.321626739822791
0.3725732858503658,3.9958946627725176
0.420127137366515,3.412354254689448
0.31445555453530116,5.075788593806107
0.359019127663735,4.218318692705439
0.384420600481574,3.846944241866373
0.33623581761205085,4.644496949638114
0.3736834234823624,4.037912745742992
0.3506952341877678,4.452296493391247
0.3388723850982217,4.5940849829154216
0.40407561941664843,3.6520138559300106
0.3482378854476047,4.42866888017976
0.3621424256770603,4.231430287169733
0.26427712755123284,6.643958125981229
0.38817052727760126,3.8040516299648495
0.37778196658317054,3.9263205523080424
0.35343073428768934,4.3212215464658295
0.36256703566561954,4.2381747442540805
0.34480329427350725,4.4496517825745485
0.422697446378093,3.4646697043297956
0.33903995717093866,4.579336132182305
0.4164480692799304,3.465064739483359
0.336505008985737,4.604135301423665
0.367799103984975,4.124733828746844
0.3627327036968969,4.145439692181408
0.3844462213524937,3.8711602453167475
0.3623026353230585,4.174891798200361
0.3542580769143826,4.2848404028209774
0.3381569531572595,4.561631624615821
0.3908766201572738,3.786678032409782
0.3418701061397531,4.5157937026674455
0.36838965182882594,4.034769696229771
0.2917355658289751,5.5106256864073275
0.3495908200860022,4.3713177297306745
0.38075865072800935,3.9802087179434147
0.3377090833538875,4.594301859092457
0.4333829943690667,3.339713967302424
0.324838035465691,4.816997468237111
0.4285079560748293,3.4154074311600207
0.40701845073787296,3.575889120703123
0.34015451893510273,4.537990798163336
0.3697235193602384,4.135423669270828
0.3636229843733494,4.218374871284561
0.30535052962882786,5.10937633964164
0.3260106765919192,4.869856908489028
0.3672726021545548,4.146622705112638
0.33291825944283077,4.678640555458156
0.3603125170613138,4.263094720857225
0.4096459115538837,3.5395331296830985
0.3291735979936008,4.798706026483844
0.40778999231737934,3.6190742929178423
0.4185046718381677,3.447003127482044
0.3554739768042099,4.266296443483168
0.3602772875377507,4.258133225420391
0.4060980178923606,3.613136384171845
0.3880240200152049,3.8336415984247467
0.3948136438847397,3.788687385958809
0.3405658873986618,4.589387517167169
0.3991248963727728,3.7419344574133477
0.34199424860882904,4.530549628315828
0.31684255301825237,5.096545682545321
0.3592941442813894,4.2488485846867805
0.35076601038875904,4.38569999238547
0.37199655667628845,4.066673062829656
0.32600240886538123,4.800888429525089
0.36992565325899907,4.101349555381203
0.3510389210358711,4.375924672874812
0.3345775051801175,4.696146454533339
0.3421914536213602,4.471268484945692
0.3805722417388588,3.9689566959619857
0.3771586963622419,3.975404600868933
0.34729503287597296,4.4693494394129
0.3502657913514413,4.536785676616983
0.36992565325899907,4.101349555381203
0.3842536624635952,3.9611741964311795
0.3022003196954813,5.3689507280412485
0.3515174063781043,4.3646798841777565
0.3636229843733494,4.218374871284561
0.33642529973036756,4.607343081377426
0.3476549717092835,4.407739179131483
0.4164480692799304,3.465064739483359
0.33258858951624687,4.639045605818013
0.3246409771026397,4.872073766119882
0.3771062281174296,4.004372059770162
0.35637248724597725,4.319800454312528
0.3497076464019162,4.331558933071161
0.37574251784779983,3.987513886719699
0.3432104320733829,4.454645156886791
0.31406541366260243,5.027010894145569
0.34132346216043197,4.532442488155788
0.3505843195368103,4.414938215329151
0.3413937807310715,4.613127721256736
0.27471069920569074,6.086272985194418
0.37188141035336586,4.075155242938224
0.3934671029380092,3.810628301427727
0.39524601936857084,3.7601800667665923
0.42403004801726074,3.434227986204615
0.3647170000318788,4.136076313281791
0.3364586192510073,4.509115323760485
0.33650740241941973,4.664886699821794
0.35898898609946556,4.274637923140904
0.30807356280452824,5.227095584130309
0.33078706172709127,4.711770892510895
0.38851307973691734,3.74721716087758
0.37939747946497826,3.9390084879724556
0.3371668640204162,4.589794848633526
0.3856358608268327,3.837178815251069
0.295522727495372,5.4817609417019035
0.3554886374144155,4.292333612210439
0.34057692326266303,4.56782344354036
0.4392565025112762,3.259534026625345
0.28576207670557546,5.819371829258403
0.35076601038875904,4.38569999238547
0.37207179086604913,4.059387213568742
0.2979336332354377,5.4367641162441736
0.36281504618223315,4.1940326995100214
0.34982545409262533,4.435126672993111
0.3936939465932015,3.7891280170969734
0.32037972509003587,4.895598966353284
0.3397027546609217,4.522618150911611
0.39599144014423693,3.7327367661484834
0.3597789733373538,4.185372256095188
0.3353893154368405,4.630489971605007
0.3529280338606702,4.378203398459679
0.4027290904475682,3.6764605075975876
0.38790903723791864,3.8229779641966566
0.3295485999980383,4.717271789294107
0.3584960997870105,4.244493257533206
0.37465796220926545,4.061835285452317
0.3567568343410925,4.277590215736769
0.35805496663017067,4.270905708688396
0.3599986481696408,4.261345437941322
0.3272025437807559,4.717821622895757
0.3559747979968395,4.2316468483099605
0.2657897256455449,6.432152914233042
0.3924716206760047,3.799964397342993
0.35276381541526924,4.333887767261951
0.3533859818007841,4.241134831726956
0.4258747777141557,3.386047942710203
0.38746158666484265,3.850211717078693
0.3503580744215899,4.410793979381892
0.3895298614790564,3.8664549981242184
0.3127827957153996,5.038074550907024
0.36361614052007907,4.151913151859703
0.3565975761680456,4.2603049162734195
0.3363144274124288,4.694217685117336
0.34401857374024813,4.435645011017994
0.3352437448359295,4.698193673162316
0.39542864076899487,3.780649205134047
0.38451532985000514,3.8654347492644985
0.29899688283891246,5.4279434367261565
0.40138432516953354,3.7165272055969374
0.3994050348262544,3.696037522628035
0.34482542777657227,4.485422965075784
0.3638933615951212,4.1757198095741845
0.37314910297396225,4.032885607107338
0.37947609237163726,4.0154294317407775
0.3764597659316937,3.965761523134423
0.3615362803788025,4.209460825089642
0.4145845177500546,3.5501080783584027
0.3415039775912292,4.628587231285481
0.3636229843733494,4.218374871284561
0.3022003196954813,5.3689507280412485
0.3340369489618313,4.614545241258721
0.34645891379025,4.479173480231276
0.3595578916229287,4.219141715234755
0.32412656625842834,4.941782881963717
0.33636958194055677,4.6917142019585745
0.38308114565634166,3.9499969259860457
0.3941862180835901,3.7725863207081325
0.36007223584122006,4.250622500617335
0.3907257434780344,3.7773527908666806
0.3426413590025048,4.527782340415635
0.3725735424467459,4.058064471089326
0.31154952795008756,5.230342996576773
0.3636229843733494,4.218374871284561
0.35093201845852695,4.4535516368392205
0.3422207307445804,4.61148262829449
0.37113903741886267,4.0371114685195915
0.37012225450968833,3.986639769945408
0.3587402316537994,4.227317330078746
0.3447143583672375,4.521722261269941
0.38339024806636496,3.8976090288721816
0.3412821931952191,4.439704850970153
0.409192374030273,3.610490885368838
0.31063163766651825,5.2592098918594425
0.3902716997059958,3.8428847998749576
0.35358550674362466,4.258800298530079
0.3393343146416297,4.604209995076213
0.38224839159028123,3.869009996536709
0.3715558810371703,4.093001796451752
0.3415827647694926,4.5659779262585785
0.361201155385902,4.23354433648704
0.33642529973036756,4.607343081377426
0.392686542260436,3.8062461210273644
0.3382597612042769,4.5895029262949585
0.35515325367843054,4.362602032256791
0.3048713755889813,5.222466564523215
0.3542763001356243,4.321788057008865
0.35071362644583065,4.394389912330708
0.3663001003460009,4.228298249089982
0.32923473593423025,4.758907172970266
0.36832616087007736,4.176184695493835
0.30189235754625726,5.4090453830028675
0.36411421361566776,4.132939189638118
0.39182099920201735,3.787948633790114
0.3497008451313261,4.403651665917628
0.3705508216957255,4.014299941620188
0.3585360707415055,4.209221558643358
0.38723669475857453,3.8161246691843824
0.3321249662845328,4.701958313215091
0.3392604227221706,4.645248035851656
0.38106298077657696,4.02364502197313
0.35482507441299804,4.266775885025414
0.42424710272783267,3.4224785914381313
0.38081792338788956,3.9474248817910143
0.37750525183130235,3.946625776078911
0.31702696148284987,5.000927463653057
0.29647826690341567,5.549468345509675
0.3193725785530983,5.0387531450384255
0.37106624953499995,4.1079295628764525
0.30625669901934555,5.264719168435626
0.3968911441534032,3.7607978613602984
0.33912927676131044,4.586064145914459
0.3273779142333315,4.850803142309501
0.38969702006047735,3.850094338592844
0.41565136175369255,3.4747355437838836
0.39535924016120494,3.714510698506273
0.32605227329278097,4.811867789505823
0.36528176037481974,4.155003912184133
0.34401285494605344,4.485013684421384
0.39108902313525623,3.8331767471856764
0.39148305709056996,3.773195704387492
0.4229492663438417,3.450074050847507
0.4023408705355567,3.6950484147798077
0.3603125170613138,4.263094720857225
0.35789453141821487,4.2089907277232825
0.3478789896494596,4.462789394699283
0.36235015592998765,4.183840611542287
0.3448891044070817,4.47140204724014
0.3759691160010607,3.954708295178644
0.4388245869883533,3.3306248000065097
0.3928731200184112,3.72801806078495
0.2870245936828707,5.770771410261347
0.35360979150189037,4.352873896539171
0.36948596921446286,4.108587643896205
0.39361003491483515,3.7438051519029703
0.35205832150548816,4.40079790441219
0.34340450574321796,4.484853086839096
0.34093980971733956,4.613113207879319
0.35556386242121424,4.314337134627588
0.3019298332738762,5.2719809766096
0.30810797018380554,5.216238182217424
0.3260293209313454,4.789283110249713
0.34205284533620833,4.580798947451747
0.36918719261546706,4.001928706535647
0.37469240541998744,3.9730034884647485
0.36256703566561954,4.2381747442540805
0.41286639844755857,3.4831975074410177
0.4296030679683436,3.3847909912999903
0.36330522876082505,4.135561716259405
0.39863371330749664,3.7945579721373788
0.3280944534231494,4.752043070326173
0.3330860753836066,4.6826611685563
0.3378532466732007,4.580426968835893
0.3454710447084568,4.418899598952562
0.3426413590025048,4.527782340415635
0.3393580033857732,4.621419300315115
0.3516882949793371,4.32474404304677
0.294720233059016,5.558336677252405
0.4096302155710408,3.5827402821500476
0.33142303296315895,4.764315905069301
0.3171162870108138,5.048132976212018
0.40473520219113734,3.6716466190643877
0.4254306284098206,3.445186337498114
0.33426167608007273,4.701873633565177
0.3395964003796423,4.579326001531823
0.3135515132199824,5.037694069751063
0.3135150248840608,5.123581937142616
0.3555229990454593,4.358741272343168
0.38633666387313714,3.899081372971573
0.3315436480267133,4.780361846165632
0.35274982689645284,4.353362133181629
0.3322538510272192,4.710108402310565
0.36156974451810864,4.123614110636323
0.3175940469906494,4.955570657512856
0.40453561872927835,3.629288294790486
0.299341712089116,5.491736816429525
0.2776183192746043,6.069437325378579
0.32155646571670776,4.9482701302685905
0.30373805713204755,5.241117093529581
0.299341712089116,5.491736816429525
0.30569980070924524,5.275278362154686
0.3771586963622419,3.975404600868933
0.3329637976715896,4.692125935306306
0.34728114262568544,4.435163477723584
0.33666920100150616,4.640036223140945
0.30804814189994406,5.129635889468982
0.3765653517458743,3.96891305199714
0.4471354296359304,3.2242363853576896
0.3414133425057939,4.522145654955222
0.3360317835665206,4.646020554774997
0.40988678003768075,3.58648286911063
0.32451878374983945,4.871835101335293
0.36784724903258376,4.139688531807378
0.3174468481578718,4.993694517955671
0.34705559509763095,4.4411153159697525
0.3095954255661856,5.1820401614235685
0.35773091613318625,4.297135035419924
0.3305488234459355,4.74785836756083
0.3154688094345881,4.920110248466538
0.400136893937426,3.691633939675272
0.37168365731871467,4.009138872383605
0.44254968909123793,3.24792399246539
0.352491716092084,4.438648026102341
0.3147339481974945,5.086647338096341
0.38097650362191615,4.018984357101781
0.33802498246966217,4.630044565746255
0.32756480625537915,4.860605066230146
0.38732273232622766,3.860655528942218
0.39309168389955385,3.791202911038251
0.3853919200531512,3.9313648397136784
0.3138882121383034,4.908561830020125
0.3399220340430579,4.496218538296881
0.30682894089017676,5.098450639862381
0.3376437010650223,4.559638477316446
0.4073536469032352,3.6786372544808867
0.32222589022002396,4.8994024308149315
0.3441681606808932,4.579406663644946
0.3647394372415075,4.165888150150579
0.3059282693608273,5.312755165823815
0.406275630623118,3.5438153401068586
0.3807274424463792,3.9522187377451172
0.3317529435230731,4.759204251922962
0.3386567733656637,4.62502833940908
0.34434590279945826,4.4722605605946875
0.3422413448072363,4.441562898260627
0.3584960997870105,4.244493257533206
0.38026941464500996,3.9331395153678677
0.3608654319716467,4.181892369692301
0.4230255029338912,3.4752567637859024
0.3852844851208107,3.9122003671510415
0.33781224685890704,4.68456149124837
0.32572856439972653,4.860954266907913
0.40270115553145014,3.6393734251514305
0.3130697645262712,5.138759940509601
0.3651144176970489,4.163508419004509
0.2619285909365849,6.594477281337961
0.29310244454305623,5.535538752441415
0.3440147467344991,4.47503015713961
0.3852505066023541,3.873886346237022
0.33506321814970147,4.609724419761625
0.3895493203478263,3.868078295651168
0.3667572927162147,4.094924269408737
0.3446864766645183,4.474544418676184
0.3242282656943611,4.800964080583912
0.32101221915450734,4.9439719111105305
0.34768237689341364,4.417973905384992
0.3354969252839366,4.572807074534235
0.3976718249646934,3.7094056371424116
0.31258357504951434,5.074370418295067
0.3659911840452265,4.185601666292339
0.3481751122508022,4.332889910349306
0.38628594705308983,3.8028163021434183
0.342369892131805,4.574170649669905
0.38763381936241204,3.8129627457683437
0.33555422848025207,4.677870415934027
0.388132774761547,3.818512367855694
0.315057510504047,5.132533510316195
0.4186239695604178,3.467825068079835
0.3510300408092501,4.403350560282816
0.3397027546609217,4.522618150911611
0.3507866791537606,4.3285546477059755
0.3725907760437402,4.000640369530267
0.3867326718446383,3.9160419520544854
0.3199633076441541,4.995928986469115
0.35522599312417186,4.33463215545479
0.3568137342622497,4.2207232723312895
0.3878570994193149,3.8517187219311446
0.4308676116371739,3.3302195915088393
0.35556386242121424,4.314337134627588
0.4017579474308508,3.623683682818813
0.35681084342934777,4.2362753663620625
0.271479180096752,6.1201256980494
0.3326364091174996,4.688933361270593
0.3246409771026397,4.872073766119882
0.31883660605751185,4.908538845830911
0.39099018546912,3.813529800393715
0.32838940455043814,4.83455487618544
0.42575173791939935,3.4174541986950255
0.37937804505438333,3.9814417853129616
0.3904750276478865,3.8414485632859083
0.3483155914996584,4.383605525842216
0.3029313909175575,5.356780040761626
0.3805460312159376,3.919088050677629
0.3463072244929403,4.507937755508974
0.3683297168865373,4.107164620318951
0.36143940553406956,4.234937218961148
0.3031008401981248,5.251236888327871
0.3293763411395809,4.788341459457911
0.3697611253248818,4.016947461163716
0.32618917724032315,4.847084880649508
0.3592887543434734,4.204887841351076
0.4333829943690667,3.339713967302424
0.38681160053718033,3.819683442799779
0.33974218983762106,4.528395559544592
0.33291825944283077,4.678640555458156
0.39841804419181137,3.714709686425331
0.3382461247420575,4.638516136333665
0.35371870258106947,4.296380216447793
0.35352342201470033,4.371348087489773
0.34517755404701106,4.555622595915059
0.37002571964646075,4.0701232688474835
0.3800900092185402,3.9137887524402517
0.3781130603743145,3.9929312670261115
0.38817052727760126,3.8040516299648495
0.40687538616163005,3.642704119603485
0.3462941897284647,4.423544242411997
0.3948136438847397,3.788687385958809
0.3683297168865373,4.107164620318951
0.3027297788522725,5.444292550142775
0.32923473593423025,4.758907172970266
0.34665345412388016,4.408683394188165
0.38658131946075613,3.9254772682312606
0.3787800236083869,3.9847118286748757
0.3460114782810479,4.5173058960974055
0.3294857187748317,4.778148709007309
0.32465496337807626,4.9408359881294235
0.3518673612045629,4.32831709146517
0.3221056827151075,4.888208799316978
0.3179203484008934,4.981613106686408
0.3341962776043732,4.661238940961449
0.36780625334771344,4.114078506197862
0.3293763411395809,4.788341459457911
0.3865849016345074,3.8411640522924952
0.3346176152489446,4.670986977018844
0.3114002901617526,5.1008947697920615
0.33368333925683175,4.6497818651690785
0.3345775051801175,4.696146454533339
0.36943015073317353,4.0764665691426885
0.378569125809975,3.9643092283268344
0.3073576351805449,5.23105170281378
0.35880744094845873,4.231457432882216
0.32465496337807626,4.9408359881294235
0.4127562312197724,3.5826514432514416
0.3479261960227522,4.441322678366917
0.41261351512819777,3.6072313184966895
0.32714959226705986,4.706946203012377
0.35631491061276527,4.278435905809557
0.3628159529662227,4.158054428511898
0.3862717315882062,3.8026301969356995
0.3935157343624239,3.7782594066176625
0.32681357550182194,4.814204742243859
0.3872851683935701,3.8462777011941527
0.31081616825680736,5.218397780817121
0.3721401416857437,4.083391107955075
0.3510012011930612,4.339863509262349
0.3646981901893338,4.271689622772235
0.39182099920201735,3.787948633790114
0.4140741839052534,3.5485950594749287
0.3384485092181615,4.56802097619759
0.34510117581958705,4.457008415147014
0.37391343002222743,4.026935762925664
0.321638250030122,4.871155404554877
0.36451888194978843,4.201952280530009
0.32876557002275825,4.759889906363467
0.4081277403980028,3.5565113278045413
0.35537058626421786,4.330974293361071
0.35526010273854386,4.286527441107451
0.35028015517661554,4.41093143605669
0.40695769222576583,3.637889941040228
0.3138203236125684,5.059369978105678
0.37700591241813425,4.048833064460625
0.32361735420859905,4.860740754393493
0.39035327975226564,3.8400881167540657
0.33692115930479255,4.719922479526635
0.316193039581456,5.053031904738282
0.3395964003796423,4.579326001531823
0.34822852940192445,4.38842703684915
0.36932502134423983,4.17335933015932
0.3614988120206506,4.2296812395290715
0.3006634251129651,5.476090053199565
0.3339321647693349,4.620070479348111
0.37179471802402453,4.140556998576687
0.399991695493917,3.6514097725467245
0.3377854243542318,4.619578772795692
0.4121243228422963,3.547335722418079
0.33707985439129795,4.625483965051629
0.32969394285334686,4.772619528145324
0.31610878881134963,5.0386655465656585
0.3331085243753053,4.669800617488469
0.3579237751774516,4.277716514123267
0.347048173533625,4.459620053314389
0.3447432823518755,4.4384164284628875
0.29119876141325884,5.735275410730732
0.291065404191307,5.5781922204602745
0.3437774312419468,4.47920316217727
0.34558152948372256,4.496006497051564
0.3113427543747333,5.177156982658677
0.35155228749056106,4.419348035611351
0.3493197418074601,4.426485860575974
0.36663685540314844,4.149079170830193
0.37768927361239923,3.9591639602777873
0.3554707719141087,4.3090656270528545
0.3721401416857437,4.083391107955075
0.3311374668477532,4.730968231140691
0.38251951368834675,3.9229672780227585
0.35185170586978015,4.413618869181737
0.42402202791901533,3.3910949433375395
0.38599156029151693,3.8299713721904602
0.38308114565634166,3.9499969259860457
0.3757619979826036,4.001500258151728
0.358360550117406,4.23126977825623
0.32681357550182194,4.814204742243859
0.3572893003076562,4.272036372477778
0.30863350044470944,5.14035639551149
0.3608032689969095,4.2489820294514935
0.3570152867852671,4.241380871720422
0.31402488718204596,5.083071586953197
0.33521462501229154,4.6362387002368886
0.37735001296806686,3.9579720906405695
0.3982569100656739,3.689900976775165
0.3548336395223079,4.3204190283272155
0.41286639844755857,3.4831975074410177
0.35224831344254465,4.3879675810807734
0.34611035029360704,4.542853550969712
0.37178567324753625,3.9795739370134036
0.34168539588369246,4.526738098979619
0.36038559139039683,4.174416158589624
0.3855577277563242,3.926054419086352
0.3529672320331365,4.382920185033699
0.3835287352727095,3.889053741033433
0.38047716038320645,3.986446737987826
0.33398239042769134,4.627090105910115
0.3255807638528741,4.7908229513374065
0.35655565336331846,4.389297270797118
0.35577397854370985,4.230293459629907
0.3833502057563932,3.8501979592744635
0.3936724677634524,3.771263055594953
0.33342926542335094,4.614514582429224
0.30550329709441193,5.26754798772953
0.3437296878974269,4.45838337436625
0.3771939101051394,4.028202134319953
0.40445612449280566,3.6532081706005717
0.37366046158053223,4.00255754800806
0.36850204266798253,4.106586359096658
0.32838940455043814,4.83455487618544
0.34223849943474466,4.585369283938878
0.30551654917731697,5.289825935135776
0.3316662905057497,4.717440925390675
0.3449987132433573,4.508644215334305
0.4103322230696006,3.551795766333768
0.31975461629274876,4.973573993444824
0.322822744303935,4.87685279927391
0.3797896045678409,3.963111966908009
0.3576315134265526,4.3487766954473175
0.28953623224961333,5.766408360260342
0.3388754584095483,4.593908231187626
0.32457531454238625,4.891953513514236
0.42455105011890104,3.3961426225848736
0.3334298248689903,4.667834661550903
0.3295485999980383,4.717271789294107
0.35570659721572434,4.282930434085272
0.39140820440565216,3.8040691625189367
0.33270014778030654,4.722964804715439
0.3656891318664951,4.122122980713025
0.42729273556050823,3.356128276808426
0.35363559357559043,4.272474627871872
0.3381347367422309,4.551423101847785
0.3832209867802997,3.9091317850425957
0.3965029547429654,3.7056964793887186
0.34816705096200107,4.4170255377083665
0.3415724464758627,4.542221131111903
0.4041097157262572,3.6555885438382316
0.31965639703251897,4.9452018042304955
0.2722917596187679,6.199761531366875
0.39674607735248624,3.747950341614758
0.3803591752167891,3.8975612327967175
0.3959628834748955,3.734338648643294
0.31522183848820506,5.07449784689827
0.3631473984003156,4.193706584244469
0.4300902508222732,3.35340109129656
0.3526623614752251,4.217248737071554
0.34415868672050415,4.56992836614395
0.28506395084396274,5.818640211261327
0.36736375877061944,4.05231988309248
0.3654926821756766,4.154451677096238
0.4012374875753259,3.6431877356290094
0.34816705096200107,4.4170255377083665
0.3435573573280053,4.4696259349793905
0.3605524985536374,4.266478792038437
0.38767854211038194,3.8878076890150015
0.29330219521877265,5.601004793341569
0.4210956405583961,3.4477756405567197
0.37947702204197875,3.8884738434290513
0.3972735482075676,3.781428491226931
0.30569980070924524,5.275278362154686
0.35172342475037405,4.330131081798768
0.3380459985710264,4.650243013115953
0.40569934844475847,3.630768280058468
0.3232260220232421,4.917592877756535
0.36110412757470495,4.279586824503186
0.39239612180751193,3.775630647264421
0.45045140721913896,3.209806837511863
0.31538321886618975,5.0947657133731195
0.3466160284143322,4.485323249948948
0.3699473393110311,4.0606151882450865
0.35663364778524737,4.2859528429019385
0.3199849821274398,4.902033695859675
0.42996367838910227,3.353022223324369
0.37232347007642036,4.033347615741878
0.3520711766149971,4.390352631348291
0.29039442543931915,5.756959417296305
0.3390853813317152,4.52500949683635
0.3636397807351179,4.097384030269261
0.4142817077683317,3.4922015719811856
0.3435932591870773,4.465004444159046
0.39129902612866596,3.8184197854413116
0.33287511778911816,4.606701688787888
0.38273824172021564,3.9143859751562844
0.27905286067624324,6.080404994312066
0.323091506382361,4.904974660576337
0.32665640505423565,4.7619784390017355
0.36542562626368535,4.114928389762863
0.37134660711568707,4.026107744760742
0.3054712707443519,5.297744581503948
0.34984345756607504,4.434004363982503
0.3353965208352231,4.579205475703479
0.43138103946247897,3.2867223620957473
0.3611807979105866,4.194859502039994
0.369038261438737,4.131179493597241
0.39900512219257955,3.6712369114440118
0.3239947937793241,4.857531625191735
0.36014689008986955,4.221855194740318
0.3156397035078625,5.00339562907518
0.33411941624081853,4.641589747972793
0.29388842844013574,5.60048658706805
0.3948859046681641,3.6967111515672717
0.3771264954302812,3.985883775310171
0.38633107950097434,3.8530263371658005
0.39341167713469205,3.7462066090555632
0.3656150467697766,4.168126777877192
0.37658109685621954,3.945468517463993
0.40692138885081364,3.6386489767512353
0.3074076092926647,5.249898730308315
0.30922851765782366,5.187123625997204
0.3761918519091631,3.944602373621968
0.3308475542913317,4.7453463415152255
0.31188309728210484,5.147872372024152
0.3290117486248042,4.74568039766477
0.3569485343779903,4.282609194357963
0.37680752690994523,3.9665818370947568
0.33888181676244816,4.616846819200689
0.35049875176879014,4.429467206844062
0.3465208482432682,4.410061767335815
0.4045762967277042,3.662528085470836
0.38156346166817,3.849483193006263
0.33294681184222036,4.6407782463128475
0.30189235754625726,5.4090453830028675
0.37116853774186503,4.095649816323955
0.2783047065001388,5.986867063817985
0.33285275972144374,4.709324094678041
0.406092723740458,3.5502402939685616
0.3305320413290872,4.780412173475167
0.33911946251362035,4.627821832936214
0.29946514564358534,5.376337085764737
0.3857972955230853,3.865185238349992
0.3453074049238329,4.498506785756017
0.3951788767169414,3.744072904104454
0.337806607149557,4.552528326350899
0.3580408085713558,4.231870534223943
0.4118179995968023,3.532181104876403
0.34603172271416827,4.418377205205621
0.45045140721913896,3.209806837511863
0.34558152948372256,4.496006497051564
0.390939492440446,3.8684295229781416
0.3613622230392675,4.240127037852863
0.37947944779445675,3.956159421455529
0.38836100562702325,3.786685755044383
0.4055868986278279,3.6428461381230135
0.3442502498639462,4.477114577788897
0.27531956048035905,6.187895011538277
0.31860880016225546,4.933507461208065
0.3940072012986365,3.7483900577562768
0.35456605657792656,4.307733829791903
0.34880643117278776,4.419175138893598
0.336070049289091,4.624747540578051
0.3393087160993399,4.538915540015615
0.33573288328267115,4.6261909708573805
0.37947702204197875,3.8884738434290513
0.2899088144652827,5.7698319513952425
0.3358689215004188,4.677592459755709
0.36293728579572926,4.1986310606294905
0.414051864989937,3.5393373786122853
0.37496136159924565,4.063620653142446
0.43728062520292593,3.2454823485536686
0.31810141234846373,5.077306630889001
0.41401809875464873,3.528514645173538
0.3354055584947649,4.634988941542166
0.3661896696203691,4.180493121599586
0.3490152339590893,4.429449206854801
0.4171308993508091,3.5006021886709213
0.3508289547303843,4.40928193589113
0.36613004959705053,4.152243066479079
0.3153521421120806,5.062124525216498
0.42327788957675927,3.3863227599036763
0.4100129053926973,3.5268540340267003
0.3717359181349746,4.078746633686285
0.309322201351378,5.197415656840312
0.40014344909925437,3.7163359657102526
0.3882652200637863,3.884374407077325
0.38333651674026314,3.920798502649728
0.3405116192851255,4.588540167876261
0.34855577968576007,4.415559886323373
0.3478674504401861,4.398132199922641
0.30584093191299366,5.195594909048606
0.377715586991512,3.98786915808203
0.32361735420859905,4.860740754393493
0.40474577536675804,3.6341745434319215
0.3034327456757378,5.343599962715962
0.31874828585775633,4.931317999738007
0.3939689038737196,3.7684952984891704
0.31280710987874133,5.032686853564758
0.33450803657950406,4.747778703507272
0.3411576954546042,4.584725089473387
0.3699310075715466,4.072438671802881
0.35966095859391994,4.200187311673948
0.486710753423234,2.864423779366754
0.316470941606102,5.0143362331731645
0.32794965683619587,4.810642710353765
0.31657648115579434,5.0555370660733
0.3422153439360584,4.462163321614409
0.36340603400615107,4.107984441952696
0.35773091613318625,4.297135035419924
0.34774941104219886,4.432617383300022
0.3104707909587441,5.113096734863135
0.39873321279558516,3.6824316286720125
0.34010231143731867,4.5144778391117635
0.3266347626116052,4.773742921838565
0.37987781706828927,3.965925728059
0.3233285000869178,4.888838656118314
0.3510715414511219,4.323651985524651
0.33891355016020297,4.571492780620122
0.40276765493932654,3.61416009491068
0.39535924016120494,3.714510698506273
0.3087623795685001,5.2249848212997785
0.35360979150189037,4.352873896539171
0.34401285494605344,4.485013684421384
0.3901640214052876,3.7967374621489487
0.3702420422750211,4.09729734818689
0.39783454315366684,3.774002194861175
0.3537891962863025,4.338579208246732
0.40698944929709974,3.5841160643634318
0.369038261438737,4.131179493597241
0.3871066460294443,3.856802810159862
0.33849769431357585,4.598428562512395
0.32929594493270115,4.8326360659883685
0.3251122089506592,4.85318577603509
0.3429486021943036,4.4595582859833645
0.41037295431440607,3.586020720001626
0.40701845073787296,3.575889120703123
0.31643674845680464,4.981869252592218
0.3877248751476107,3.8540613797322303
0.3663658099343592,4.103528960325376
0.3544038319038661,4.361959968363221
0.3328276164490929,4.681853654571073
0.36323616800694747,4.213637743883489
0.3916317461956097,3.82408997823894
0.3454662768491473,4.403801281872289
0.37058267699888603,4.043938398846364
0.33650740241941973,4.664886699821794
0.34808497614509176,4.426175315169423
0.38219842313244334,3.9183274734975355
0.4090681051088524,3.576079142531377
0.3547065192222097,4.325238622669216
0.34621820090709055,4.35874293201936
0.37607676326291495,4.026744609050615
0.3836666302870723,3.900158480238362
0.34222972154020576,4.553325487687957
0.36232145855693254,4.201770739623525
0.3545494632796471,4.310613392953986
0.3590526927286413,4.201784888329217
0.35919363655787956,4.256726601863095
0.38544413248700315,3.894391168094541
0.37369665226599713,3.968955459414752
0.3367208826262094,4.596053030293554
0.36148609547701493,4.119287465218597
0.3056237108376347,5.205499816761131
0.3074403590747631,5.202098010683912
0.4098033514230358,3.5553183593179707
0.34226439240682205,4.5301833755795196
0.295522727495372,5.4817609417019035
0.28668591562329326,5.763317823265363
0.3183746772316305,5.029158133247884
0.3155056382156603,5.066590401918021
0.3885962899196251,3.77035840536488
0.36691880951049094,4.098440234094717
0.3039681845459492,5.218022624391417
0.42996367838910227,3.353022223324369
0.3215764682197174,4.938614349466627
0.3770356746961624,4.040688890359365
0.3597681576771877,4.128943803766333
0.4002932376399948,3.718632528976027
0.3095954255661856,5.1820401614235685
0.3269293583893071,4.805748788104898
0.37890090957507033,4.012950039334917
0.322822744303935,4.87685279927391
0.3506952341877678,4.452296493391247
0.4164480692799304,3.465064739483359
0.33918538064982684,4.644755913361045
0.34558152948372256,4.496006497051564
0.4102622507299202,3.587468830266644
0.3830716351952593,3.914558233760215
0.3816340418593067,3.8780669243111414
0.40736275551104145,3.5980284653010455
0.3533859818007841,4.241134831726956
0.3857986688582523,3.8826792569735358
0.3000091140616595,5.397622299634955
0.36356071855150796,4.202847444540362
0.34289024001802765,4.519971918332648
0.37224211788124695,4.116331603348428
0.34118626136504737,4.576053702635606
0.28270172676823685,5.862235037674495
0.36696453358852443,4.050009903210258
0.40968642291483076,3.6549681444606943
0.2987472635199557,5.451574502207669
0.3918336061456332,3.764531569325028
0.3596699974003419,4.255613680121097
0.3590075448185493,4.20631698353715
0.38273824172021564,3.9143859751562844
0.35307611228514885,4.336234999779526
0.37782092564199043,3.9752180179192056
0.3366319943040786,4.620494727423006
0.3584960997870105,4.244493257533206
0.36058664404731594,4.217032082809787
0.3436148850191732,4.511108391308346
0.38853326318976766,3.8594899313348274
0.36512158431247055,4.184495531782144
0.364608938435023,4.207630086431894
0.35880252989934963,4.296168475390252
0.3199535488877951,4.892134256848915
0.34501414304980604,4.498488950176352
0.32646457017451846,4.830061685889768
0.39480205124755646,3.760140012332067
0.320202302823377,4.941317921458767
0.38830968078380984,3.8345194489122085
0.3346176152489446,4.670986977018844
0.3426658814934771,4.4649828181242635
0.36208167293361715,4.191243407361596
0.3268571177249965,4.791572521718425
0.37987355979731047,3.9352699428213667
0.3222341793611107,4.908162101936143
0.32314900026210525,4.952737082707726
0.28589083703521856,5.760122770158293
0.35146244654301556,4.380475331003984
0.31231936465936827,5.0837316936325525
0.340173811127757,4.570657945810237
0.34705559509763095,4.4411153159697525
0.3296917960180974,4.757759844807151
0.3691065470645899,4.126871130864657
0.34223849943474466,4.585369283938878
0.2915684718487319,5.6357518536327635
0.4040812783152983,3.6472622487404127
0.4497040098160992,3.1804549279795116
0.3691003856271884,4.158299935417841
0.33447270384814176,4.5763734129737
0.30374071294756105,5.259364318141745
0.3333327633453938,4.798506823055615
0.315167989490882,5.080986900471634
0.39372315183654844,3.7520886129974143
0.29898726531608144,5.492802854459922
0.3506952341877678,4.452296493391247
0.3296917960180974,4.757759844807151
0.3630814120913021,4.187611766272021
0.39325060527339967,3.7589909976527958
0.356870618302564,4.236773431564985
0.3904699335743768,3.6816149244574237
0.35031104621706,4.392190845120058
0.3660598096998248,4.1260952713217325
0.35309045470092776,4.342519465042447
0.3503678381480032,4.395684961012797
0.403838687684371,3.6089020689392806
0.38933550668596595,3.7819188703541755
0.31103889449516914,5.159059729132187
0.3316860340197221,4.713040916098253
0.3382597612042769,4.5895029262949585
0.41393976847505143,3.5268874317609247
0.37266867278495475,3.9493674765299356
0.319093310028708,5.041967790272563
0.36143940553406956,4.234937218961148
0.343850717614131,4.522275086760598
0.3555779608469879,4.270884129125127
0.34434590279945826,4.4722605605946875
0.35702425227198914,4.21846925143787
0.3630771111906254,4.187603266055687
0.3340354547783281,4.725821283738462
0.33847146042556736,4.586892356000892
0.40074674372292063,3.660985885202303
0.3830791371032177,3.8635015696255195
0.3577872610945061,4.338293494891341
0.4340405132270439,3.3431419204325823
0.3316662905057497,4.717440925390675
0.3587475699927559,4.339632716360193
0.3574906527187199,4.271698117196178
0.3251122089506592,4.85318577603509
0.33642529973036756,4.607343081377426
0.3151767704901568,5.125005909735012
0.3065435536655173,5.278558930262404
0.33899255881710355,4.597522998125866
0.32572856439972653,4.860954266907913
0.3140463945452167,5.128621310727175
0.4038600718185333,3.6719371946612007
0.34056484706212,4.55141608501207
0.3347665896315107,4.701950104325577
0.30159417843636105,5.388338130343463
0.43720439228286795,3.3463792965673536
0.321132056088628,4.969269063286458
0.38747643360592077,3.874265563304187
0.3049810281595109,5.290223761987194
0.3506964624950557,4.399162110321264
0.404753901325255,3.6559081454035733
0.33411941624081853,4.641589747972793
0.2972274186482462,5.451478466902298
0.3852505066023541,3.873886346237022
0.4186239695604178,3.467825068079835
0.4542931594122804,3.1184002912729047
0.40734171729645274,3.6045105772834476
0.3358240952514912,4.691766636622901
0.316193039581456,5.053031904738282
0.3656891318664951,4.122122980713025
0.316580519949312,5.0605378670735375
0.34010231143731867,4.5144778391117635
0.3785317183365945,3.9879178487257523
0.3250402585357453,4.811147814757538
0.3878570994193149,3.8517187219311446
0.34484632382687924,4.56087812008449
0.37530726520078106,4.000249018226422
0.28019164188276374,5.891509850222748
0.35567488732588265,4.282701387830186
0.398548022580414,3.6950897030934193
0.29522092507259196,5.452106193900278
0.3914419462882512,3.8275581956699596
0.4024882925403757,3.6639094348040713
0.4028086290225812,3.647952151939382
0.37050400364312774,4.053855595617043
0.3992560106387713,3.686915250434076
0.3336598037728617,4.682469307746
0.332106826598233,4.6428202242372985
0.36930145664381175,4.113230015096813
0.35252232682028456,4.386512704964898
0.34093980971733956,4.613113207879319
0.2899088144652827,5.7698319513952425
0.3761918519091631,3.944602373621968
0.3576988302930807,4.227070524437702
0.37113903741886267,4.0371114685195915
0.34226237852668057,4.52194772867463
0.35093201845852695,4.4535516368392205
0.3418963929370319,4.473857834992958
0.3494728463171552,4.332376081120084
0.3347278329125442,4.626417974991643
0.38031904780049386,3.899432958208749
0.38745923894769285,3.889065138621598
0.3614988120206506,4.2296812395290715
0.3774738535883285,3.9699641584774548
0.39656942996655037,3.759568868880865
0.33959469779086815,4.456713119105397
0.3595863340452687,4.2331524008981685
0.3683601099507958,4.133239767761706
0.3153698057212403,5.0956326406068895
0.3426658814934771,4.4649828181242635
0.38308114565634166,3.9499969259860457
0.3828397408990784,3.8865365828579854
0.32037972509003587,4.895598966353284
0.3021984017351299,5.310744585951706
0.33347419402978573,4.621768729668487
0.3445118089872242,4.554140450230732
0.3079068203665869,5.310261868015832
0.3520262635206989,4.324008762197095
0.3462555349760005,4.486491491186
0.37953787743881745,3.9506555686660785
0.36038559139039683,4.174416158589624
0.35309045470092776,4.342519465042447
0.3646505045752531,4.238361305093258
0.38083682450645473,3.872796358591448
0.38885549967968,3.79623826274514
0.3482576816784968,4.362975649924821
0.3579237751774516,4.277716514123267
0.3227959537550045,4.954291384466152
0.3592018532155043,4.245089076085765
0.37451125593583634,4.007296194224293
0.38209614783224044,3.932827186006092
0.31259697967143135,5.161079123905386
0.34487254682429275,4.459644290399511
0.3417478920746452,4.501764544334709
0.3103613167376922,5.174365932760481
0.31995609648077816,4.984995871311483
0.38728207441673457,3.8177288622176255
0.4024882925403757,3.6639094348040713
0.42092373536736377,3.489932945718487
0.35020105977004656,4.369780326515409
0.33401511276978296,4.623605765045924
0.3739232721218829,4.029336707207074
0.34855577968576007,4.415559886323373
0.3827119248496287,3.9014839713305065
0.3326191221821198,4.688556893273719
0.33686066862172004,4.626703407516815
0.3563397829128244,4.262960747100177
0.36358628814055316,4.171556218170752
0.28182916118894535,5.889014932008049
0.3583586644496385,4.302402789707441
0.35267756906817344,4.326996789633419
0.3115706627664708,5.102169922182447
0.4000172849750518,3.708858892089147
0.34927217060510773,4.483675589025444
0.3148978611570734,5.028097003477536
0.34415868672050415,4.56992836614395
0.429699584874724,3.4213092797985363
0.34909443478862817,4.374646670382447
0.3748337762739452,4.024308766571971
0.3363187543913968,4.680645421518162
0.32848570511406316,4.768186440609403
0.29945302229128434,5.396736824611002
0.28150820460475967,5.815091825173336
0.3156254417924225,5.073675638021328
0.3164274229514298,5.129222225305246
0.44046763358775753,3.239059982420032
0.3724345142451779,4.063546275970747
0.3252083040040868,4.793337906064177
0.34431215855029945,4.375165342330252
0.34311140900807807,4.47969264550903
0.386114466022324,3.8968399870754595
0.3861008118796778,3.8630882820750085
0.3415827647694926,4.5659779262585785
0.3405819474367826,4.615954934023318
0.3290117486248042,4.74568039766477
0.3383577577003884,4.632342870255648
0.39709430773377874,3.7538016327906014
0.3244804761594153,4.791628487122399
0.379254032535035,3.953570678617236
0.3584960997870105,4.244493257533206
0.3659784030206881,4.232541799113709
0.33886507951909445,4.621309692938075
0.36323616800694747,4.213637743883489
0.3906557074007271,3.846679546970563
0.3191972638516612,5.021913304310839
0.31879175025631734,4.955991282013863
0.35972523222134095,4.21732272476959
0.3531159028769035,4.349513777985892
0.4208161783182704,3.4376665380742777
0.38100852681111147,3.921991644764749
0.33613875050613595,4.606023100711943
0.335248974186032,4.635307047813627
0.3296917960180974,4.757759844807151
0.35686270980525636,4.3305936101740805
0.36147836844212866,4.093049800042743
0.31822841766236254,4.954120011537494
0.3416752990536442,4.51355397046528
0.3572826876839569,4.24950046825
0.38856970847615124,3.8111320083157896
0.3393098084498021,4.595048918770749
0.3765340620448867,3.955693731658978
0.29850675373600133,5.473260229714717
0.33374345131398847,4.674819328670169
0.3135793658119234,5.139131076239082
0.3626971326664228,4.205419130293842
0.40243379203956214,3.6353957361990012
0.33968984350179066,4.650525024080193
0.3958634397586963,3.7852469283620183
0.33178526128432484,4.6724510062890054
0.34431215855029945,4.375165342330252
0.3193725785530983,5.0387531450384255
0.3870404666559542,3.838611243547537
0.33996543549735253,4.6424434996920345
0.3529280338606702,4.378203398459679
0.3510012011930612,4.339863509262349
0.3871830779287526,3.82899650072811
0.3925088982800293,3.760849780714128
0.39653973991688624,3.7226275464633978
0.3466160284143322,4.485323249948948
0.3666144851641231,4.05368119566172
0.3546278047066144,4.271831176282869
0.29310244454305623,5.535538752441415
0.3195873371905307,4.983678254423948
0.316580519949312,5.0605378670735375
0.3391519261782109,4.587968622034984
0.36697187780846785,4.148895925764802
0.34582868887790313,4.5118279699114066
0.3253857377379265,4.845136393515925
0.32628854794551126,4.707054605130369
0.34669549237810826,4.348005230202411
0.34941726889312524,4.389568191364164
0.33325536568471503,4.699457785208449
0.3349012945572963,4.713659581729604
0.3308475542913317,4.7453463415152255
0.3031552213772394,5.372306144131863
0.38047716038320645,3.986446737987826
0.368157718273892,4.149922957494119
0.33195928021209065,4.717407365433537
0.30836271176351054,5.259420116563794
0.3255799729880958,4.8808330807158
0.3199214737190528,4.906610762895801
0.3382461247420575,4.638516136333665
0.3740521213644803,4.0270395733232025
0.36989739965846974,4.062950044436009
0.33257167327568515,4.665243355467549
0.3238684303502601,4.832407317401227
0.3655568012545652,4.197747661503731
0.3699525046449371,4.0479374655467195
0.3533342007125858,4.394675678216732
0.38007277349542645,4.007216308353716
0.3273952298011649,4.86703835306812
0.3509330568191853,4.3871682337478175
0.3109741635948885,5.143833442368924
0.36256893536510226,4.210761720102264
0.36623230683071684,4.2327152166291855
0.3792386382226837,3.944656577579747
0.3644675941433784,4.114154830804597
0.34595280007703727,4.497717946217954
0.3725865289881844,4.004714645218171
0.3195055463080205,4.991510421506151
0.31567194246952607,4.943741344262541
0.41627579874182447,3.4558962592585027
0.3554414399652468,4.369396676197422
0.3478674504401861,4.398132199922641
0.3392711440714664,4.641340834979411
0.361484981655482,4.220921275700961
0.3887910492613507,3.7338907289920087
0.34027689255249766,4.598426680658659
0.3470601812282875,4.447183860974806
0.3194857481111986,4.985496929180146
0.3288842257006955,4.79427382111466
0.3673909575955799,4.1813951922479
0.3498367463267375,4.3672278228204116
0.38983019161048704,3.7458109104437045
0.3647170000318788,4.136076313281791
0.3420238252588091,4.41671420767163
0.35531140118363075,4.309703064886463
0.363977435367646,4.18081209246919
0.37014347642515716,4.0593175682070015
0.3932765309937043,3.7838438483278374
0.33411941624081853,4.641589747972793
0.4193996354057982,3.5006177047247227
0.29522092507259196,5.452106193900278
0.3803591752167891,3.8975612327967175
0.3209831234660713,5.001158579599914
0.34289932297034903,4.496642822912856
0.3376437010650223,4.559638477316446
0.3962940577258339,3.767933580416581
0.324391485888686,4.8103462267856045
0.3531352015269896,4.355448511872287
0.38681160053718033,3.819683442799779
0.3533859818007841,4.241134831726956
0.465684563320984,3.0574206447185714
0.33815416638257423,4.5881759657035985
0.39693362793978865,3.6899424187875027
0.3388119628376164,4.557843448279004
0.3867326718446383,3.9160419520544854
0.37314910297396225,4.032885607107338
0.35996020180943933,4.231753524533369
0.2864109496331303,5.687858109691872
0.399991695493917,3.6514097725467245
0.3666469257525942,4.176263636915622
0.37821013309095486,4.038133728046271
0.37369665226599713,3.968955459414752
0.3595578916229287,4.219141715234755
0.3387781860079392,4.573104008367517
0.34434590279945826,4.4722605605946875
0.3447047283296108,4.418571022983642
0.335100030400317,4.645277839393285
0.2988672908659941,5.418971044749058
0.37921665290041107,3.8552248035646492
0.31081616825680736,5.218397780817121
0.3804852048633399,3.8751318981438607
0.34070566509005445,4.504987146654763
0.33345392765947035,4.745197303885912
0.36410371087487176,4.156724650523449
0.2922231521023526,5.622302388764213
0.3662327778699562,4.150521476113962
0.36143940553406956,4.234937218961148
0.3432399240498297,4.4868820633809205
0.3898359085625652,3.8383630714340864
0.36416117491622163,4.218253145713602
0.3860313218583726,3.882456532128885
0.3290977066170716,4.813260255011663
0.3118159788788561,5.093121433659372
0.36461455695138495,4.213486314527759
0.33826470464865155,4.570174371671078
0.3254640947080764,4.875272351965983
0.3164163627097337,5.037145930388272
0.33282946680629805,4.64433200128184
0.38715400171282505,3.8967251515351347
0.31029499344191014,5.251208547609433
0.3156397035078625,5.00339562907518
0.40407561941664843,3.6520138559300106
0.3184598721083819,4.998946257911567
0.39255839227534234,3.744579041338226
0.38482659087611537,3.8859382979259367
0.4719921004515136,3.0174870586031823
0.3627607479033207,4.281368278415953
0.31522183848820506,5.07449784689827
0.35838443055139985,4.296400012696431
0.4040151146788825,3.6343035911469155
0.35358550674362466,4.258800298530079
0.3877555059747268,3.866002701756115
0.36779016824771144,4.1343639148233295
0.3478594630528797,4.385369547940718
0.35343073428768934,4.3212215464658295
0.3593554643092555,4.240462509071639
0.3761918519091631,3.944602373621968
0.3543836949511387,4.239738332806485
0.40150722367270086,3.723833080285689
0.3832660575806973,3.952865286498889
0.34226439240682205,4.5301833755795196
0.34558152948372256,4.496006497051564
0.3460202833173048,4.37487535532691
0.3641949212783071,4.1861187679905445
0.3104707909587441,5.113096734863135
0.36256893536510226,4.210761720102264
0.4098670586184337,3.6043083496934654
0.4366417322825449,3.3040826976913884
0.28679642203740513,5.715526096016357
0.3596616897322465,4.263067254519106
0.3948859046681641,3.6967111515672717
0.36936845567227916,4.081125063146146
0.3626971326664228,4.205419130293842
0.3293898816919821,4.743232583203854
0.4231781955185369,3.3738381864782134
0.36625107645842525,4.167893020935328
0.3441367651698401,4.438744620085757
0.34382843448345934,4.429092035977641
0.30569980070924524,5.275278362154686
0.33470035184634384,4.5716953328024985
0.29998666506155836,5.431701162810913
0.38100852681111147,3.921991644764749
0.33117848852407955,4.6929617703234205
0.3411564165311567,4.55683917642667
0.3364586192510073,4.509115323760485
0.35352342201470033,4.371348087489773
0.3852843444039605,3.835926992295438
0.3245839145864828,4.822952985723225
0.3633932291034721,4.2468482533969585
0.33903995717093866,4.579336132182305
0.3221787441598211,4.905828072063274
0.3804852048633399,3.8751318981438607
0.3508019808047269,4.3231222732711405
0.3659911840452265,4.185601666292339
0.3318144034879596,4.72476460993597
0.41884896216011425,3.469730786640054
0.35750339258945624,4.258656110051797
0.3497008451313261,4.403651665917628
0.3393087160993399,4.538915540015615
0.3906557074007271,3.846679546970563
0.3633115295679775,4.265218608279539
0.35155228749056106,4.419348035611351
0.3709594006100633,4.026754541189162
0.3930721010768078,3.8216443698196216
0.3709509961943426,4.052051825253065
0.3901640214052876,3.7967374621489487
0.40878667475080266,3.617075728042327
0.3122757650171528,5.0896832544903665
0.34976761414548724,4.370103990339585
0.33184540302651855,4.681804813728482
0.3655207595393725,4.144286538388634
0.41795583380491413,3.5297468574755873
0.3684004506560729,4.129536007300404
0.37626705146476086,3.977117099431515
0.4010557476410255,3.7222090735518325
0.3609284614088167,4.234336239216176
0.38933550668596595,3.7819188703541755
0.28977058225410246,5.691220487737131
0.39169883030602387,3.80045414305295
0.3653924253567422,4.170646789154939
0.34153625103834684,4.577480636154442
0.2764650588642232,6.06859084779595
0.3760354754797291,4.001490833630195
0.3171289398528979,4.9272242673103035
0.29355806317054595,5.536994321680162
0.2793382660657182,6.018847821346746
0.36992565325899907,4.101349555381203
0.3430326053948481,4.5340045174265855
0.3381569531572595,4.561631624615821
0.4400447997953407,3.29554551999589
0.3301898039882531,4.669603580574458
0.3074403590747631,5.202098010683912
0.3450666643678451,4.4720611638849315
0.3498367463267375,4.3672278228204116
0.4106596235919374,3.5586878872606715
0.3491374607549462,4.415571224209259
0.4035992159186734,3.6818184084439047
0.34799411270091263,4.366257900184702
0.3589480865540551,4.228431988428179
0.37203887640787464,4.087293875676196
0.4319688345000741,3.3267065222869325
0.36281504618223315,4.1940326995100214
0.31986502325736244,4.891995602280818
0.3346176152489446,4.670986977018844
0.2826996804087678,5.973969737930325
0.4254306284098206,3.445186337498114
0.35599713565576185,4.250268496504787
0.38804591349298867,3.8716990018835564
0.36850204266798253,4.106586359096658
0.3098436481128807,5.1613739029800145
0.3704476854970474,4.118470235201837
0.34292600111960836,4.479977195130735
0.2896063428104381,5.673169854903023
0.37244815933296066,4.044588889929533
0.39801702433171254,3.7239859253908123
0.41413551496796547,3.5121226529157448
0.33141751411344766,4.72225741450966
0.3316476423415879,4.6739741656024725
0.34393800481864406,4.434985139048137
0.31975461629274876,4.973573993444824
0.3832209867802997,3.9091317850425957
0.33642529973036756,4.607343081377426
0.3501098940285852,4.308423784058657
0.28658203702252494,5.766160580804445
0.35341517688089186,4.37037421054688
0.3491776008985933,4.337968820804119
0.3431449290362951,4.527277371885912
0.37782731922172885,3.8910396146510693
0.34056484706212,4.55141608501207
0.3760354754797291,4.001490833630195
0.3452858426732526,4.490600192339695
0.3401418448609716,4.6115460990888275
0.31063163766651825,5.2592098918594425
0.3541069846545012,4.430731749760169
0.4142904437449889,3.513695972137713
0.37401759656465394,4.050126966828636
0.3292504367060571,4.863793085811213
0.3667635731859115,4.116691084125944
0.3348524850380384,4.668244467514249
0.3937297434563159,3.8155834795921812
0.3306994482231497,4.754974309224294
0.3844524190508589,3.8626736136960673
0.34666137262288127,4.498840887419111
0.33253304414642604,4.5575095844689795
0.3320128511952827,4.697880983098345
0.3996201939699397,3.7172281612594986
0.3581780464914122,4.244603255997163
0.36080168311561445,4.220671510660182
0.3402154457237281,4.580579108431706
0.34563366821069635,4.445006622038383
0.3219577480979148,4.914717310117297
0.38985789158735895,3.8116027522463254
0.3352437448359295,4.698193673162316
0.3040555609488922,5.332292741331386
0.33820991760031177,4.505695079717354
0.3908087955499682,3.7995984281854422
0.300385892455686,5.4506843069364646
0.3736884110611659,4.013031095949505
0.361201155385902,4.23354433648704
0.40503581433797303,3.700975061088289
0.4224602522533332,3.4660556097716118
0.3171289398528979,4.9272242673103035
0.3574044224509776,4.29377362215105
0.35411321320801004,4.34416951467387
0.3053014153265354,5.278023240703424
0.3229346894025309,4.842821837379546
0.2834185998425062,5.869228144202817
0.35612855187581866,4.305679501892449
0.3932765309937043,3.7838438483278374
0.39239836389786265,3.7727114937012325
0.36902116364570886,4.046303347286344
0.3633052873164334,4.165679959287169
0.33145181110216954,4.693020048081769
0.3494108338223407,4.3732608333509
0.36779016824771144,4.1343639148233295
0.3415724464758627,4.542221131111903
0.30000938493122725,5.3845687407608676
0.378569125809975,3.9643092283268344
0.3067474483604198,5.264618860094122
0.3629002493907426,4.139316252569094
0.3893302357555834,3.8288404351476295
0.3829416169521853,3.8219047635558527
0.34143407924031366,4.583790121058203
0.3270991016178276,4.764015413601565
0.3516882949793371,4.32474404304677
0.29410608782780256,5.655207186214673
0.3759691160010607,3.954708295178644
0.36007223584122006,4.250622500617335
0.3205083358168769,4.878493621589168
0.33195928021209065,4.717407365433537
0.3533180848185024,4.333812298652001
0.33349621137336144,4.705751834568661
0.35114449995449054,4.404046016668333
0.3376437010650223,4.559638477316446
0.32981088186681834,4.72976042268595
0.31627405506130557,4.96321564289123
0.35693606009194034,4.251167097628343
0.37620477922037454,4.026006908023186
0.33398239042769134,4.627090105910115
0.3398566205856255,4.492428406458971
0.3959414505149392,3.736126487392887
0.3876489270389703,3.888375709256808
0.37034255690452345,4.021056011499659
0.3191972638516612,5.021913304310839
0.3442930425159057,4.494409219952454
0.2917733189202756,5.616034104756124
0.37206558259601324,4.073622196301424
0.3885962899196251,3.77035840536488
0.3592713940531162,4.197843947108239
0.34392012009851575,4.539849790996132
0.3343983551493603,4.733448313720933
0.3554886374144155,4.292333612210439
0.4059721794943149,3.6200283056300453
0.36323616800694747,4.213637743883489
0.3908850748186204,3.8330179957375483
0.4454314627165895,3.2049660228677195
0.31222829767380106,5.115242160389463
0.364608938435023,4.207630086431894
0.3114002901617526,5.1008947697920615
0.36545842591116334,4.110468851759357
0.3362883585219944,4.627763939323819
0.3382008559463496,4.653585490458365
0.3537490008689562,4.381427042370018
0.35418367643714754,4.391249553660021
0.3954633381111339,3.7039607512142734
0.35240761812192484,4.367347391419234
0.3523485614802176,4.307081214431089
0.3431884310049944,4.509281115035493
0.3375302845448298,4.616682965671539
0.37301315196413126,4.010386676936148
0.3141078718361404,5.076064620042153
0.32000372079742795,4.923527991723151
0.33566565212436245,4.627907043420212
0.3120953437108638,5.063972371061818
0.35639918164846,4.362250044682426
0.3679888136152325,4.172450804933041
0.3516602412988712,4.385409500430657
0.37113903741886267,4.0371114685195915
0.32681357550182194,4.814204742243859
0.34501414304980604,4.498488950176352
0.41974098201581095,3.459579587665968
0.3644675941433784,4.114154830804597
0.3367208826262094,4.596053030293554
0.36080168311561445,4.220671510660182
0.3107441853218117,5.176250756924997
0.4373880800997815,3.3128497330702005
0.3408562389764946,4.560890979701664
0.3849799891946795,3.9322150865540437
0.3952258917580946,3.730233332124167
0.4005771166235025,3.7151449652115947
0.37127801969502117,4.196558915223996
0.33757394896534737,4.62333360106102
0.3531352015269896,4.355448511872287
0.2906419419703096,5.698354471505116
0.3493197418074601,4.426485860575974
0.3638457457254353,4.105441925654187
0.3401418448609716,4.6115460990888275
0.3662504219895745,4.119641368260772
0.3569485343779903,4.282609194357963
0.3856358608268327,3.837178815251069
0.2967117705798298,5.5992493112000705
0.320710080576413,4.959234529744975
0.36017747856816934,4.313673235917799
0.34544373670474904,4.505620999229659
0.4007316523165985,3.715083764190734
0.3330882310340619,4.7218611420249035
0.28264987029934535,5.835062301215882
0.2649335288817379,6.614116955403133
0.3401418448609716,4.6115460990888275
0.3636198828852342,4.134214519345146
0.4180376996752275,3.5267081816147785
0.4332518089979167,3.3137692249669004
0.3505179350170085,4.370313490264269
0.42729273556050823,3.356128276808426
0.35404411908798644,4.323971504336765
0.36528176037481974,4.155003912184133
0.43138103946247897,3.2867223620957473
0.40332479842394187,3.6053563049078274
0.3248118651432278,4.8652013150745885
0.36182024577597194,4.219050647594959
0.3331810924742216,4.680534821575862
0.3174468481578718,4.993694517955671
0.39309168389955385,3.791202911038251
0.3594268983428838,4.260132991760783
0.3034899451226457,5.343236898251954
0.4616690414151722,3.061526471280232
0.3604926221061305,4.309554657698215
0.36770199515185653,4.167754736988837
0.3656150467697766,4.168126777877192
0.3095954255661856,5.1820401614235685
0.3229346894025309,4.842821837379546
0.4156750689941893,3.5746967395585467
0.36340425396628045,4.170279066446458
0.327217059548589,4.845987011426949
0.3090133703033969,5.177387489329467
0.41355609901848134,3.52027698180261
0.4027596434857406,3.6595617613481934
0.38030438448662257,3.945526313149813
0.3426658814934771,4.4649828181242635
0.34557695124977333,4.481675456704979
0.37564643624172034,4.015442479116856
0.3642717215422491,4.127486104656088
0.402063662307251,3.6550543729210476
0.35155228749056106,4.419348035611351
0.36007223584122006,4.250622500617335
0.3826947596131815,3.9463832256200293
0.3026386273829464,5.4584683380105545
0.3570152867852671,4.241380871720422
0.34745763133388335,4.50274730312011
0.4388245869883533,3.3306248000065097
0.3406501933016496,4.649631968441359
0.36089279499532084,4.208611490542766
0.38047716038320645,3.986446737987826
0.3852844851208107,3.9122003671510415
0.4323173539313357,3.3369766938909597
0.32626756077647584,4.741946525867388
0.3308516355233713,4.746989578086279
0.38609112374899657,3.8790074585083794
0.29583471161202657,5.528936289751853
0.35285727593274396,4.375778991318049
0.3242538640462415,4.82254898899761
0.3199849821274398,4.902033695859675
0.358833332690669,4.21163380369516
0.2789497390285166,5.899343991079731
0.3815235754026705,3.9382937377745524
0.35157363834814764,4.347036996815389
0.4073536469032352,3.6786372544808867
0.30598789524427844,5.234738865935837
0.4340879677165945,3.340786397970206
0.37950594914553587,3.922592635268306
0.4231781955185369,3.3738381864782134
0.3218267727863493,4.87701267665354
0.33195928021209065,4.717407365433537
0.3433842978694295,4.519660781037047
0.3332137785591206,4.7567838365889745
0.4025723458180355,3.6793071214971578
0.3930721010768078,3.8216443698196216
0.4008850790100633,3.633913517408287
0.406389572641233,3.6490680304287144
0.33519979421778184,4.609391323133622
0.33312430754762373,4.705062004291989
0.26151270679538174,6.7010500094755185
0.34803072254781164,4.433379128628744
0.35898898609946556,4.274637923140904
0.33451952578669086,4.577453228884534
0.4253239958721262,3.3686704404816776
0.3166907832392842,5.005062591275565
0.30865135713325753,5.097311527884887
0.35531140118363075,4.309703064886463
0.3579237751774516,4.277716514123267
0.2922251274667836,5.537148017756141
0.33051585133304473,4.753646742309043
0.3449508441572438,4.427024829894386
0.2936320231707407,5.605109039107415
0.3579491448797763,4.202316476710801
0.3559747979968395,4.2316468483099605
0.3896044522426761,3.811507980653548
0.35411321320801004,4.34416951467387
0.3537142338778024,4.341767891268035
0.3071997103236691,5.151671725405051
0.35155228749056106,4.419348035611351
0.4435452629626438,3.2398622646929427
0.351741591739939,4.2941338146556625
0.35450151788834683,4.3895963456008475
0.43632071763392744,3.315018553534752
0.3098129741468173,5.132393631567422
0.34421744186777226,4.497400222124983
0.315167989490882,5.080986900471634
0.38814972014372207,3.8476593078292343
0.36485292608659325,4.11502333709685
0.37664694752263234,3.958061507647974
0.3054083600424332,5.315418654112451
0.4110057307799244,3.538017668437898
0.30280335816456994,5.3876488441892905
0.3523285298074329,4.3766247160566945
0.35751683048287597,4.2505591667398255
0.3584960997870105,4.244493257533206
0.34758890386829183,4.387063262110525
0.34206084147472654,4.4857883896652035
0.3668675696795685,4.1661758889927425
0.3860997493202641,3.847322348997787
0.3651409849271562,4.128976272574774
0.4469132597422094,3.226247290110585
0.3834844133873332,3.866649898067198
0.34666137262288127,4.498840887419111
0.3307236483122721,4.748283895246759
0.36169434084975327,4.141881362778898
0.34279412413535826,4.566765337444574
0.4070028450348114,3.6414636218735583
0.360897100100929,4.227201802538068
0.36250682938505485,4.132438679799179
0.3509330568191853,4.3871682337478175
0.3495908200860022,4.3713177297306745
0.3866258278701257,3.8297154886150606
0.34077617836557045,4.612945674181181
0.3091162748028909,5.145032663149939
0.4658682357751236,3.0623009000338053
0.3499568611567974,4.392440367301505
0.3510948954764296,4.441098835067314
0.3638933615951212,4.1757198095741845
0.383577039127197,3.8466853058513073
0.4041928174540691,3.6769585207118975
0.29981857341639695,5.4314503956672215
0.3376265545510128,4.598144555227545
0.3421470227669094,4.565389059264169
0.3933198576849043,3.7544166454755827
0.36734671707862776,4.023759766600794
0.411605059325337,3.6230040280643556
0.3171162870108138,5.048132976212018
0.41452967791810086,3.5268356594186856
0.33134554906862873,4.7317875122405075
0.3834844133873332,3.866649898067198
0.4002932376399948,3.718632528976027
0.3925847252991377,3.7243961836440738
0.33099875860789313,4.6965633536114915
0.30735968894215715,5.195884113094227
0.3700269195804543,4.1328077846478175
0.4340879677165945,3.340786397970206
0.4070179995669546,3.6574062280180453
0.3014851660573927,5.398926896404111
0.4142817077683317,3.4922015719811856
0.3503226225602868,4.373471585983424
0.287108591347464,5.706072748092411
0.3379286779524307,4.58661273032302
0.39028040146491,3.7858647456333525
0.3331810924742216,4.680534821575862
0.3312861074093928,4.572250402378944
0.31655505568190684,4.996317596981325
0.33099875860789313,4.6965633536114915
0.3745056178331146,3.9818934076371124
0.2940024752032877,5.485690083465871
0.3586151310840767,4.3015960346830155
0.3563950426057079,4.232105074928295
0.2997322315565827,5.397602415986131
0.3192513149450203,4.94083656004179
0.3173484488102558,5.016910419181434
0.3670806282221879,4.187280748978716
0.34400405896665254,4.513236276883846
0.3968911441534032,3.7607978613602984
0.3765849797651283,4.029827375734432
0.3118159788788561,5.093121433659372
0.35418367643714754,4.391249553660021
0.36108410661776746,4.196755946484538
0.325307303668467,4.8124283676892965
0.43365743726161904,3.3640379236099256
0.38856648792486104,3.8396727340312142
0.3602411661059132,4.2440708105141285
0.3074076092926647,5.249898730308315
0.3546278047066144,4.271831176282869
0.36416117491622163,4.218253145713602
0.34311140900807807,4.47969264550903
0.3318144034879596,4.72476460993597
0.39611769833713995,3.72244558433891
0.3442502498639462,4.477114577788897
0.3405658873986618,4.589387517167169
0.3183746772316305,5.029158133247884
0.3458062582671938,4.4890292459259165
0.3408562389764946,4.560890979701664
0.4296906376255981,3.3545677730941312
0.3516602412988712,4.385409500430657
0.3040555609488922,5.332292741331386
0.35722481304545844,4.235426696241037
0.33401511276978296,4.623605765045924
0.38001945235679285,3.939087903945612
0.37465796220926545,4.061835285452317
0.39189604156739316,3.784010484634014
0.3599986481696408,4.261345437941322
0.37049531596585183,4.1209792294679355
0.3925847252991377,3.7243961836440738
0.4008914763122282,3.699928108736848
0.3981297870224829,3.659852064861362
0.3119174353255157,5.1104751077054305
0.3058616187622577,5.311395079025328
0.4037922733942836,3.6621430648303255
0.32091169170153655,4.917443600482964
0.3968911441534032,3.7607978613602984
0.3882894712073457,3.7826698728037025
0.32314900026210525,4.952737082707726
0.4210088407563509,3.468073099506315
0.41884896216011425,3.469730786640054
0.35363981589703525,4.3283925861277694
0.3932840169507648,3.8178753780498083
0.32962442018588345,4.70540678131395
0.3006634251129651,5.476090053199565
0.3750295511334257,4.011195373071466
0.3705508216957255,4.014299941620188
0.3724345142451779,4.063546275970747
0.34996368471803846,4.368537103983555
0.36209400711482853,4.203489994980101
0.3403295304566819,4.564997725919098
0.3307236483122721,4.748283895246759
0.3435522408688622,4.492465287115594
0.3599986481696408,4.261345437941322
0.3824431914847832,3.884622218886022
0.40709215061222537,3.6456663969673313
0.34799887183055245,4.449755979367129
0.3194857481111986,4.985496929180146
0.3835287352727095,3.889053741033433
0.333545438910564,4.717171206648637
0.39719607100360865,3.698350628619721
0.3691980710083057,4.045461199242743
0.327217059548589,4.845987011426949
0.3256144018188343,4.851324012820934
0.36243581580681616,4.139631585623217
0.3595863340452687,4.2331524008981685
0.31072246407496157,5.100728266769778
0.38756232525801076,3.823340213720889
0.32037388074876605,4.993481429159562
0.3591065924955492,4.29173541305545
0.3494964248429566,4.411202197442145
0.33195928021209065,4.717407365433537
0.3269293583893071,4.805748788104898
0.31881206730843775,4.9530939429560705
0.39959728891424157,3.6806160959745777
0.34649837146002027,4.433946952382216
0.3966259393053119,3.723713205183125
0.3825514826214794,3.842820237928192
0.3637242126466499,4.114634824381652
0.3481825547001523,4.483915064652894
0.41413551496796547,3.5121226529157448
0.3420590101838604,4.513178638936236
0.3123410224881315,5.110348375402316
0.3537891962863025,4.338579208246732
0.3405116192851255,4.588540167876261
0.36535442501681964,4.204113586874453
0.3806771896951602,3.8997816501881024
0.3826006992698185,3.875350846170461
0.38475078999276857,3.9125165139313913
0.34097002399510934,4.5369887404308535
0.40003580532690786,3.7226064183891676
0.4240988187995387,3.4109838854557957
0.3432047026256947,4.4966363003515815
0.3804394640075377,3.8673387889751214
0.42593261842471153,3.385069181213914
0.36889818728730933,4.103647102125576
0.3237128884175501,4.848977827326103
0.3532289982333816,4.300390165274678
0.40748504479400705,3.6388716899741365
0.31222829767380106,5.115242160389463
0.3930721010768078,3.8216443698196216
0.4121243228422963,3.547335722418079
0.3584960997870105,4.244493257533206
0.3932923073270838,3.7465879725504605
0.397891992765467,3.7007843939860927
0.32656758715322276,4.844368401545227
0.3305488234459355,4.74785836756083
0.3504901388731528,4.33827918783814
0.3230473097587166,4.916234717291475
0.3932923073270838,3.7465879725504605
0.37772687616626693,3.9798320946706647
0.34816705096200107,4.4170255377083665
0.3171301038207474,5.054369574778428
0.32175849466884565,4.839177102588098
0.33623581761205085,4.644496949638114
0.3319385494462941,4.686652255515508
0.3672978927632998,4.095927756902806
0.3576168080696518,4.266973226807564
0.3347824505734806,4.683085543500321
0.27471069920569074,6.086272985194418
0.465684563320984,3.0574206447185714
0.33356289411723683,4.602446013317282
0.3575931063715708,4.267125432878359
0.3441715917869111,4.553779764079526
0.37161833032388697,4.079770141137599
0.3312521957768495,4.697061879751381
0.29155953604033646,5.45655386967745
0.36074719148178713,4.200326584304868
0.28182916118894535,5.889014932008049
0.31935450154458567,5.041218499115471
0.36218297954159645,4.243123518827895
0.3650790309188614,4.133031324935258
0.3638933615951212,4.1757198095741845
0.33826470464865155,4.570174371671078
0.37613041367949485,3.9790210434054307
0.35025309268363736,4.297775378825588
0.33692115930479255,4.719922479526635
0.32431863921347026,4.835186264729892
0.3622971415533752,4.165937126298625
0.3876489270389703,3.888375709256808
0.38891099890238195,3.813672342062179
0.37828754795770575,4.009939637398353
0.42125093138334924,3.4693906528869265
0.3644309176483951,4.1905928094492815
0.372475173765284,4.050638840973338
0.365463042662646,4.163133614043063
0.32952058639677334,4.768022051373406
0.38108773930856477,3.988746995710286
0.30217320281499305,5.48505466579459
0.4137133767200786,3.532225539283206
0.4206355102516785,3.4829921001006015
0.34677861029527113,4.466355571015404
0.3838321843089699,3.8874805759259945
0.4089741249259061,3.5682358267863963
0.4070179995669546,3.6574062280180453
0.347856118290363,4.360635026031903
0.3133968250596696,5.130638083888451
0.31249895790439824,5.195501185366322
0.2898158435675152,5.6216107006053395
0.37300275773048625,4.047076296198372
0.39504601707332804,3.6967115098580954
0.3528556400969079,4.316800036077311
0.34600168312888324,4.462629699922442
0.3418963929370319,4.473857834992958
0.33993599587405554,4.63056373793642
0.3980250137997578,3.7157359201442732
0.3759691160010607,3.954708295178644
0.33294681184222036,4.6407782463128475
0.3582902749366942,4.260054724873222
0.32923473593423025,4.758907172970266
0.3903664017011974,3.844334556827743
0.38713967529555215,3.805286003460629
0.3844357124045545,3.818000647170796
0.3408562389764946,4.560890979701664
0.343031393642485,4.4785822101782085
0.297073650042121,5.516752533749716
0.3379815693584567,4.657218059246751
0.4095433739789058,3.5601086516062352
0.40710283836740846,3.616681858657788
0.3559747979968395,4.2316468483099605
0.3062073610748086,5.188130011555084
0.33707985439129795,4.625483965051629
0.32068538206929914,4.918299146680595
0.3630705576862714,4.220482731883348
0.406275630623118,3.5438153401068586
0.4576796463981721,3.1353220409871736
0.3720540947024844,4.02499386910653
0.34666137262288127,4.498840887419111
0.3543064658083679,4.327904306345169
0.372129310873908,4.057908936278769
0.3646876890099198,4.126758821143451
0.361476024747923,4.226299491564362
0.3592018532155043,4.245089076085765
0.3215764682197174,4.938614349466627
0.34683693109688013,4.445170750670368
0.38801424832146925,3.8376375824733944
0.32354745826033854,4.988127124460937
0.40748504479400705,3.6388716899741365
0.3662327778699562,4.150521476113962
0.33634205354601476,4.607804814163449
0.35580062235767845,4.246867113834256
0.38040929791815825,3.9882380553470713
0.35522599312417186,4.33463215545479
0.3710636277115327,4.066929636255982
0.3815298000691688,3.9231681999686208
0.3575931063715708,4.267125432878359
0.33623581761205085,4.644496949638114
0.29489403747672555,5.48066465859602
0.4116536936586483,3.5298191382769932
0.3623829354996197,4.157855065528826
0.3092625665696796,5.1781103196992575
0.37366046158053223,4.00255754800806
0.3732499314772335,4.077386687333737
0.31441934189886767,5.117085261174724
0.39934080846646014,3.6895152178352313
0.3494277856287333,4.449447546542738
0.3507866791537606,4.3285546477059755
0.3503565571762563,4.38471837513335
0.36108410661776746,4.196755946484538
0.37133951232000056,4.040200613738132
0.3498367463267375,4.3672278228204116
0.3451731724901904,4.520747634960987
0.4082985884770608,3.5629302972780166
0.3857972955230853,3.865185238349992
0.3656666185533827,4.078725345733791
0.31258357504951434,5.074370418295067
0.33015257145561666,4.817965577265227
0.3966729528316349,3.7240807740747774
0.3724345142451779,4.063546275970747
0.36918719261546706,4.001928706535647
0.3526623614752251,4.217248737071554
0.3281191701149594,4.773997865742908
0.3826436963789058,3.8943305457269175
0.41776252723740026,3.4525153983708825
0.3302731024642964,4.819132846098375
0.4195274548418052,3.4740374862067345
0.3856358608268327,3.837178815251069
0.41795583380491413,3.5297468574755873
0.41023326408377053,3.579091349341966
0.39482760614519513,3.75017315692558
0.37784134276122466,3.988115862867054
0.3260106765919192,4.869856908489028
0.4042353940693784,3.705347261340251
0.39540860400737227,3.748861502106604
0.3335385315031881,4.718626082336144
0.31579185321399245,5.0490302945332814
0.34392012009851575,4.539849790996132
0.3567623438342208,4.188679255482303
0.29970267793502964,5.382093390431975
0.31367885376969273,5.092189231093594
0.34206534490050894,4.462213849661867
0.3932923073270838,3.7465879725504605
0.3949359849014936,3.7352986411070552
0.3638933615951212,4.1757198095741845
0.3318144034879596,4.72476460993597
0.3347824505734806,4.683085543500321
0.3332174854623839,4.700928388298175
0.3238684303502601,4.832407317401227
0.34666137262288127,4.498840887419111
0.3296917960180974,4.757759844807151
0.40941789201942225,3.4852878039086734
0.427871153352926,3.3779808223177183
0.37190041608532337,4.09778613455584
0.3527822225799959,4.400147494564998
0.36736375877061944,4.05231988309248
0.3281745651866911,4.737627641941408
0.35970789403235426,4.255260650791364
0.3412299275559663,4.5420553472264045
0.26424484157699507,6.483753301787463
0.3476724293927336,4.402491641518395
0.2812814500645841,5.946682288389118
0.3901640214052876,3.7967374621489487
0.3251975623375645,4.771457463256089
0.3230473097587166,4.916234717291475
0.3433857400122469,4.511053945129352
0.366505558024174,4.148554579591914
0.3318557772839,4.706220801427416
0.4447599678204588,3.2422979898555666
0.3296596893648983,4.771437179215857
0.3135318240962202,5.1708341280683845
0.3882652200637863,3.884374407077325
0.3434580983780407,4.499648385033266
0.3151767704901568,5.125005909735012
0.3315436480267133,4.780361846165632
0.3628582898939876,4.098041594543299
0.38954290672201053,3.792569655175729
0.4323173539313357,3.3369766938909597
0.40736275551104145,3.5980284653010455
0.3812086669360582,3.9474154436552236
0.36281504618223315,4.1940326995100214
0.3409837188642606,4.455735459427521
0.326709798571034,4.938163251581925
0.34378441103956786,4.424248694946191
0.3841401427609572,3.896766098282765
0.33666920100150616,4.640036223140945
0.3743232532206334,3.934648570259508
0.3567501472623476,4.3302223560086865
0.38370375762940273,3.822424850410201
0.34340450574321796,4.484853086839096
0.37680752690994523,3.9665818370947568
0.40074674372292063,3.660985885202303
0.2776183192746043,6.069437325378579
0.3361266533656152,4.664405090375055
0.3792388346940149,3.947851977224895
0.3614988120206506,4.2296812395290715
0.3105873677612301,5.1243869786459735
0.3718739583840124,4.080504182228673
0.4008914763122282,3.699928108736848
0.30520541596193584,5.271601917618161
0.35734498954869887,4.3146393767685245
0.3198105712716357,5.003249064895512
0.35857949916877463,4.223606146987017
0.3337896129211476,4.712819012595098
0.35155228749056106,4.419348035611351
0.33812106199191705,4.6574012737199375
0.34816705096200107,4.4170255377083665
0.323091506382361,4.904974660576337
0.41355609901848134,3.52027698180261
0.3145748256973857,4.990069772674716
0.35575353199611737,4.3244987255689455
0.34158583943862225,4.457933353052709
0.37465796220926545,4.061835285452317
0.372475173765284,4.050638840973338
0.3276300450433155,4.831905636900042
0.33534136466244285,4.626482638981488
0.39297971499055717,3.7901627735211925
0.3555592469970571,4.316653227136111
0.3373057559262359,4.5371881961500575
0.38921135879465324,3.851284023472844
0.33225569065945054,4.635020110377918
0.34335496272324234,4.477108694661016
0.3235032089176729,4.8430765820403
0.3136127110366942,4.987057032663593
0.32794965683619587,4.810642710353765
0.3415724464758627,4.542221131111903
0.359981677029253,4.109995649790015
0.3584960997870105,4.244493257533206
0.409192374030273,3.610490885368838
0.34487254682429275,4.459644290399511
0.31406541366260243,5.027010894145569
0.37739425329542264,3.945139071239022
0.2824932120926749,5.76598585529542
0.3319385494462941,4.686652255515508
0.3762131197690995,3.982475278376722
0.3341476290802057,4.698262173070136
0.3770356746961624,4.040688890359365
0.37921665290041107,3.8552248035646492
0.38405721605647153,3.880668586277262
0.3273394313284754,4.834887125018741
0.34666137262288127,4.498840887419111
0.32654293814251717,4.747696395450586
0.3130418597422276,5.143359542556602
0.37134660711568707,4.026107744760742
0.34237915794013524,4.462361042113726
0.3705508216957255,4.014299941620188
0.388999290005052,3.864037226977257
0.3432399240498297,4.4868820633809205
0.3867850425466677,3.9021481162903435
0.3280944534231494,4.752043070326173
0.36108410661776746,4.196755946484538
0.34387776904002204,4.529527961624358
0.3315436480267133,4.780361846165632
0.36256893536510226,4.210761720102264
0.3376189023484666,4.59821678918501
0.35431438024135264,4.322822176379969
0.3581780464914122,4.244603255997163
0.32876557002275825,4.759889906363467
0.36180403742391926,4.18336391702436
0.3379286779524307,4.58661273032302
0.4292538019043607,3.4402044760391193
0.35556386242121424,4.314337134627588
0.36758848337545025,4.213290445892481
0.2863010719942502,5.841434821502882
0.2949923529239461,5.492651284631386
0.3437296878974269,4.45838337436625
0.3004535810086547,5.392890110696277
0.31794558791344024,4.959969360773538
0.33331506645004133,4.7577058071412575
0.4095434952141269,3.603945208445894
0.3275930071272857,4.7596593295635765
0.40475605661409136,3.618737580336211
0.3367208826262094,4.596053030293554
0.3500129910298228,4.361045742172217
0.33379046336145696,4.666944748072416
0.39050778220744603,3.8417058482742195
0.3781352746029749,3.9680964443251647
0.3495791916563397,4.375977795993147
0.3172940045203679,4.998025340662046
0.3422153439360584,4.462163321614409
0.37555211817341116,4.049923248868297
0.3364640061485903,4.585412865381718
0.3806899714795807,3.9111976656261143
0.3376437010650223,4.559638477316446
0.35627272512682795,4.268577872312971
0.326745460003083,4.753323889871301
0.351741591739939,4.2941338146556625
0.37465796220926545,4.061835285452317
0.4125741630265938,3.5370969659688303
0.371833781956452,4.108120356000462
0.3330882310340619,4.7218611420249035
0.32758000283191485,4.814143221416582
0.3719577850390584,4.071310367821123
0.39373635734797285,3.8205734526680386
0.3681310717833217,4.165991225453388
0.36462629935576096,4.125811910022355
0.34633240612899807,4.482480925374961
0.3587475699927559,4.339632716360193
0.3242721930315521,4.968638788369823
0.3576988302930807,4.227070524437702
0.3495771722262128,4.376596281332883
0.425655608136488,3.3933187094648316
0.3161538842123605,4.988621667592881
0.33294681184222036,4.6407782463128475
0.3330860753836066,4.6826611685563
0.3554293796681138,4.30581269618917
0.4045220453553741,3.590794548743266
0.33573288328267115,4.6261909708573805
0.363977435367646,4.18081209246919
0.3031008401981248,5.251236888327871
0.32697228526426125,4.871947237585359
0.3701258129914435,4.000021776798237
0.36622883001507406,4.110927213094081
0.35363981589703525,4.3283925861277694
0.3733758518518456,4.031148896441844
0.38269410114430225,3.908425576044805
0.37188141035336586,4.075155242938224
0.34808497614509176,4.426175315169423
0.37442611755855837,3.9349298185926296
0.3538834348097876,4.308135604613845
0.3849935289136058,3.868864056030484
0.333361215506196,4.731470208277326
0.40553284663379835,3.6147704724613763
0.36476287401855534,4.246803403604887
0.3326718616353877,4.721225018527111
0.3318144034879596,4.72476460993597
0.3542903962764322,4.218030843905293
0.3219133460454702,4.903190263946646
0.3050640784789222,5.257237989005637
0.39436414652890456,3.6872362454528345
0.38270810320640575,3.961943529721339
0.28807192315568464,5.74748288081824
0.36770199515185653,4.167754736988837
0.43513145484558235,3.2878423186666033
0.38106298077657696,4.02364502197313
0.41413551496796547,3.5121226529157448
0.40941789201942225,3.4852878039086734
0.31154952795008756,5.230342996576773
0.3542763001356243,4.321788057008865
0.28182916118894535,5.889014932008049
0.3497008451313261,4.403651665917628
0.3510300408092501,4.403350560282816
0.328778952938912,4.786489118077794
0.36361614052007907,4.151913151859703
0.35311443495403166,4.31185587156081
0.3478789896494596,4.462789394699283
0.35660574275751683,4.364699732106074
0.3346176152489446,4.670986977018844
0.31103889449516914,5.159059729132187
0.36079817724168267,4.167541444197266
0.3842427634368869,3.8479733732546553
0.3114002901617526,5.1008947697920615
0.4106596235919374,3.5586878872606715
0.37646640531917275,3.9632970152571514
0.40324030054627286,3.6253280136160755
0.3654926821756766,4.154451677096238
0.34442144806946573,4.412329133652395
0.3599986481696408,4.261345437941322
0.35679322977814354,4.25049815843569
0.30359683090772904,5.354650688982981
0.3637242126466499,4.114634824381652
0.4131564376501137,3.5177459750245874
0.3709509961943426,4.052051825253065
0.399944180548377,3.6622983722084252
0.33212609789583386,4.707611889741355
0.3397027546609217,4.522618150911611
0.3060217738624928,5.268860307947542
0.3597789733373538,4.185372256095188
0.40746356748009344,3.585421459635612
0.32155646571670776,4.9482701302685905
0.27471069920569074,6.086272985194418
0.35751683048287597,4.2505591667398255
0.376416080958858,4.0115572404091004
0.40505102121385556,3.6408802027078475
0.3895453730581742,3.8019358549419957
0.35543287298296333,4.375924481329207
0.3643418245417259,4.230409040298751
0.3509900127247372,4.417757323778098
0.3394837724164992,4.59903405257945
0.3234428344508666,4.835125378768701
0.47397053476391643,2.924321327533265
0.33623259950669226,4.595310574112378
0.40522354016699136,3.6397926317587337
0.3644675941433784,4.114154830804597
0.3256144018188343,4.851324012820934
0.33814827227786104,4.5898886295500505
0.4319688345000741,3.3267065222869325
0.3155056382156603,5.066590401918021
0.3895501823398824,3.7957155045922684
0.3687775921485698,4.139403483418285
0.4297569648156715,3.3979466967442433
0.3292751999111269,4.836910775038593
0.31627405506130557,4.96321564289123
0.35607497696342577,4.257351570230072
0.4183693531075144,3.4867827926823
0.35217559988412916,4.306171952947981
0.38534505975244615,3.847540631746569
0.4269748098955493,3.4264494807969053
0.38146151737593365,3.86945351925445
0.3593146142049102,4.219874034998236
0.4194446510794857,3.4681358364066375
0.3383285077942528,4.652683725103241
0.35925013772284126,4.244703943440369
0.3130418597422276,5.143359542556602
0.34972409056930853,4.376343492243702
0.3080011965297785,5.271015161113304
0.2906419419703096,5.698354471505116
0.362737465324612,4.22872727815141
0.3759625312253747,4.037778350109293
0.3590526927286413,4.201784888329217
0.4167996051541921,3.523355433145606
0.38658131946075613,3.9254772682312606
0.31759222865457115,4.9971167167176365
0.2985814927481562,5.500732648041479
0.34018565696138126,4.5488555297881055
0.35142774395901516,4.2431590108892046
0.3925847252991377,3.7243961836440738
0.3957109397660437,3.729925293528454
0.33015257145561666,4.817965577265227
0.3490595833094427,4.447618897488023
0.3447432823518755,4.4384164284628875
0.3367588031881506,4.582570477272347
0.2977408968389144,5.460751030372593
0.37881225068572805,3.988750310838976
0.34706706260043013,4.472293749011266
0.3734869230086971,4.071110480802998
0.4191682200253324,3.4681431863495384
0.3391523481032841,4.551782252143524
0.3390796021825132,4.688302969230927
0.3584762197915206,4.225940666371587
0.29118757113175564,5.695620333267889
0.3691003856271884,4.158299935417841
0.3703410358561948,4.1613380446463895
0.34570259751926374,4.438193239554186
0.34728114262568544,4.435163477723584
0.4140800305164193,3.5380402736017857
0.33996543549735253,4.6424434996920345
0.3567568343410925,4.277590215736769
0.3422153439360584,4.462163321614409
0.3719577850390584,4.071310367821123
0.3484833617565177,4.399341216466728
0.4118179995968023,3.532181104876403
0.35538091885205964,4.390712419347428
0.3764871045564782,4.041624651854673
0.3819425404842169,3.9292048054404174
0.4109823510687248,3.5457910551440084
0.37626705146476086,3.977117099431515
0.32665640505423565,4.7619784390017355
0.3785056398731821,3.9763523471442888
0.3547854930650003,4.244815795435591
0.3496258367378005,4.429785853090939
0.39863371330749664,3.7945579721373788
0.34803072254781164,4.433379128628744
0.3421470227669094,4.565389059264169
0.4333829943690667,3.339713967302424
0.3811569840248012,3.9060509976690954
0.3691715483311255,4.099191426808292
0.3651144176970489,4.163508419004509
0.39189604156739316,3.784010484634014
0.350251810699052,4.31071246663331
0.3877012095620358,3.791214452378888
0.36786443484426923,4.112371342310434
0.37134660711568707,4.026107744760742
0.34665345412388016,4.408683394188165
0.40520701668386216,3.5780252252555127
0.34270491736980596,4.503313053232061
0.3895469274045874,3.798202780932576
0.33974218983762106,4.528395559544592
0.3533859818007841,4.241134831726956
0.42569093630635,3.4381625829006754
0.36832616087007736,4.176184695493835
0.351741591739939,4.2941338146556625
0.3657489368655026,4.114321205491721
0.3999938597465991,3.7334592699011377
0.3867850425466677,3.9021481162903435
0.3451731724901904,4.520747634960987
0.33178526128432484,4.6724510062890054
0.33968600653401715,4.646477748638439
0.38715294656207067,3.7916178545126136
0.3084005872625748,5.260073969254416
0.4012498650433325,3.6775030577059526
0.3245488621475356,4.819945336309298
0.34972409056930853,4.376343492243702
0.4048738882823403,3.6370417957551613
0.3196746190597733,4.930155413358272
0.3037095035777459,5.36303936497428
0.4333829943690667,3.339713967302424
0.3233285000869178,4.888838656118314
0.37678551893428397,3.9911206835394686
0.29002760740851097,5.655837054453186
0.3378694624542052,4.667631356682912
0.38444863494622017,3.9224643695655232
0.3330882310340619,4.7218611420249035
0.280789442448249,5.860634350223637
0.3021984017351299,5.310744585951706
0.32820755431497634,4.8101927199809
0.3683297168865373,4.107164620318951
0.34962329637235307,4.4142016653038
0.2922363809134954,5.497325572266279
0.3445550754158111,4.44231915432479
0.36416117491622163,4.218253145713602
0.3598228112677306,4.233680126351241
0.2696902068146129,6.271897791086148
0.3276210433546684,4.74787238324632
0.2879421958065507,5.761924048202544
0.3411334997994599,4.558653042905574
0.36181758320867585,4.239423560584356
0.3636198828852342,4.134214519345146
0.3160821963618651,5.073605125216669
0.3341018674420668,4.6675494337878884
0.3957493843766356,3.6983940833550215
0.3207043130134363,4.895166465770837
0.3394837724164992,4.59903405257945
0.3952163929857348,3.71967891030654
0.32418679163197206,4.854348997787954
0.3951827322572871,3.735227040640578
0.34335496272324234,4.477108694661016
0.3363187543913968,4.680645421518162
0.3408562389764946,4.560890979701664
0.28798974725352666,5.714974313355371
0.3914503651738481,3.8244982864451877
0.41291822838088144,3.5378472565283885
0.3618885767581376,4.227786496790281
0.3420238252588091,4.41671420767163
0.4286721050565857,3.322484427581707
0.38842559207532196,3.805313326938014
0.41274873520920513,3.5602453173445068
0.3345775051801175,4.696146454533339
0.4020178800283848,3.620859898208189
0.3896689614453393,3.768391700849835
0.3503313639793329,4.413549421567201
0.3340708122416829,4.735426344130449
0.3646505045752531,4.238361305093258
0.4028086290225812,3.647952151939382
0.35459502966277806,4.322103634207537
0.38873794641460613,3.8082062110937676
0.3207958873277802,4.962224410934804
0.3493197418074601,4.426485860575974
0.3523643963576361,4.395951291189336
0.34224464014053235,4.529796317685077
0.42569093630635,3.4381625829006754
0.32804378989481664,4.705993388824368
0.3749363635306486,3.9982490612707124
0.30638504908590297,5.2459409753202815
0.3393098084498021,4.595048918770749
0.41982760985938516,3.4856265479721227
0.32738382502944374,4.87940645691375
0.37127801969502117,4.196558915223996
0.3172671240299166,5.1717737038821125
0.3294933210701373,4.784443680929242
0.33802498246966217,4.630044565746255
0.31616247698564404,4.996775323784935
0.34226439240682205,4.5301833755795196
0.3718739583840124,4.080504182228673
0.4139239730041007,3.5336719722924617
0.3213441929701377,4.943964813472865
0.35363981589703525,4.3283925861277694
0.3259567958113184,4.895871329254527
0.38767854211038194,3.8878076890150015
0.3276021217317862,4.79550762853612
0.298108622150567,5.4176985696034405
0.33130072321066373,4.651523462993849
0.35574202696917623,4.4031290552040785
0.39214079976494826,3.856787183442856
0.33736587064653956,4.583863357833256
0.32820755431497634,4.8101927199809
0.3318557772839,4.706220801427416
0.32901945759157747,4.731886721654058
0.3479017896413856,4.432169317209508
0.3683297168865373,4.107164620318951
0.3524651453182372,4.3723606751358055
0.32206973231351255,4.897194895354578
0.33134554906862873,4.7317875122405075
0.29945302229128434,5.396736824611002
0.3940205395704509,3.693810219731136
0.3254640947080764,4.875272351965983
0.3090050180468799,5.25763484008934
0.30600916718865245,5.24979527231525
0.3463388167263751,4.437624551253586
0.31935450154458567,5.041218499115471
0.3601677346242122,4.190513151544637
0.3375807101304153,4.511840645642281
0.3538967838750152,4.338162945182752
0.35276381541526924,4.333887767261951
0.40708839594619667,3.607359757145629
0.4090098653539911,3.6140738371671195
0.4331416053954143,3.297634506863681
0.3073576351805449,5.23105170281378
0.3771586963622419,3.975404600868933
0.31864710887818537,5.085269993450734
0.33495017851406667,4.713372229101985
0.33112201378860817,4.693475498848909
0.409192374030273,3.610490885368838
0.3394837724164992,4.59903405257945
0.3651144176970489,4.163508419004509
0.33166543089221584,4.769644872599517
0.42601911290493333,3.3880961731893953
0.39033261982987055,3.89078054308218
0.36771038641088877,4.124403259376895
0.3861008118796778,3.8630882820750085
0.3209733418081015,4.896278234713617
0.3223792281956549,4.969398007609619
0.38308114565634166,3.9499969259860457
0.3160821963618651,5.073605125216669
0.3214052838556124,4.946549868666486
0.38983019161048704,3.7458109104437045
0.3819419449025398,3.864191835683106
0.3092625665696796,5.1781103196992575
0.39212580521662926,3.7680340268106014
0.33305052903273336,4.701492943384747
0.4017299851434011,3.733179304965874
0.3646810256140237,4.209725506052901
0.34223849943474466,4.585369283938878
0.37145765488264576,4.014393020062778
0.33993599587405554,4.63056373793642
0.3328276164490929,4.681853654571073
0.36042368239338546,4.205021014342751
0.3628470110637422,4.198503082206517
0.3271947616780569,4.851404146800806
0.4158742231551416,3.498926446491307
0.3688419697108694,4.006302901803067
0.3764846709137575,4.0475401092334735
0.3698226344577111,4.037916777165141
0.34595280007703727,4.497717946217954
0.33951228131716593,4.613695310933688
0.32929594493270115,4.8326360659883685
0.3516400253152279,4.437617684985609
0.3574271262894102,4.2434699844138395
0.3860997493202641,3.847322348997787
0.326258899590545,4.868797903575464
0.3752523449399416,4.085776859439903
0.3559591561614485,4.2829896284842395
0.3554805247205652,4.252917647950966
0.4168781999333878,3.465339604157938
0.3271947616780569,4.851404146800806
0.3306994482231497,4.754974309224294
0.38216758720583915,3.8880321382062877
0.35954014453989863,4.246972260502881
0.3729571737486109,4.064494655103136
0.32758000283191485,4.814143221416582
0.3824868050150462,3.932809353126693
0.4673130489612587,3.047155387831557
0.37695126358792264,3.9139341621078088
0.3561885447799749,4.3099754888547555
0.34808497614509176,4.426175315169423
0.31649719527617753,5.0441743112993285
0.3895298614790564,3.8664549981242184
0.39564995045798435,3.8006849195785177
0.3627101718759521,4.144096329383572
0.32929981874625336,4.785273424144801
0.3533129410823628,4.341594884991529
0.34447736030885145,4.52109882496741
0.352491716092084,4.438648026102341
0.3495908200860022,4.3713177297306745
0.39716985333099836,3.697398781243541
0.34532719736411704,4.411035508530695
0.34878673069687205,4.439812723847221
0.29587603606900426,5.432767151348416
0.3443499405693087,4.435626929271663
0.3246409771026397,4.872073766119882
0.33409875417329893,4.653272805173889
0.3169939130615861,5.013065489065645
0.3264369540880002,4.817654855947609
0.3554707719141087,4.3090656270528545
0.34248814412921186,4.557816813578365
0.33142303296315895,4.764315905069301
0.2913524720633569,5.6714742147720445
0.3479261960227522,4.441322678366917
0.3971163206657955,3.6947334805115126
0.3976991313529945,3.6845464177480087
0.3752480937806845,3.991806067008269
0.38451532985000514,3.8654347492644985
0.362527615068246,4.24723707634954
0.39963065898987504,3.694595836507901
0.4037253710404969,3.6457830912993194
0.3589725031725492,4.307475982641713
0.3467623808041186,4.364224738003999
0.3226343388245398,4.891284397965077
0.339063735419706,4.471482815376612
0.3844462213524937,3.8711602453167475
0.31970670163314807,4.848041173047186
0.3814013670580179,3.849733242105543
0.3318557772839,4.706220801427416
0.3563397829128244,4.262960747100177
0.3363144274124288,4.694217685117336
0.37190041608532337,4.09778613455584
0.38030438448662257,3.945526313149813
0.37909643857475434,3.9985124037941726
0.381685270504122,3.8305848161251155
0.34168539588369246,4.526738098979619
0.43828999590425965,3.268241536966469
0.43662302666733516,3.350434150408253
0.362831642329249,4.11925707519154
0.3391523481032841,4.551782252143524
0.40315290413440674,3.6637999107284944
0.3270991016178276,4.764015413601565
0.37735001296806686,3.9579720906405695
0.34666137262288127,4.498840887419111
0.38075865072800935,3.9802087179434147
0.4041351245730635,3.6374709139928845
0.3852505066023541,3.873886346237022
0.31852244142544583,5.086678114763631
0.3290576643635937,4.717996711065747
0.3646507265492406,4.1434001545045795
0.3296596893648983,4.771437179215857
0.3329299241063075,4.720023125164162
0.35224831344254465,4.3879675810807734
0.3191316843951669,4.916533128663939
0.4072136203240704,3.6727767990494824
0.3530429829383401,4.366249655088547
0.39050703732245085,3.839629455632638
0.31103889449516914,5.159059729132187
0.3226359961664049,4.921709797347506
0.377911449262051,3.9547976805343303
0.36462629935576096,4.125811910022355
0.3547065192222097,4.325238622669216
0.3387781860079392,4.573104008367517
0.3008307163205535,5.498082780056979
0.3216512892085841,4.957518696130666
0.3332023803316525,4.594101482287196
0.37560144890176034,3.9855893939058866
0.34483684332256,4.463284005516774
0.4477068240273471,3.259883647294152
0.3914503651738481,3.8244982864451877
0.33142303296315895,4.764315905069301
0.32476806470494995,4.7961315430953615
0.3538967838750152,4.338162945182752
0.37391343002222743,4.026935762925664
0.4037015285424201,3.700717061954619
0.3659911840452265,4.185601666292339
0.3472598176401128,4.468510869949341
0.401445224857633,3.690650824499372
0.4095433739789058,3.5601086516062352
0.35770021645279054,4.221073004816448
0.37630366680123073,3.9844780030804157
0.31226319345380577,5.064707989372305
0.37658109685621954,3.945468517463993
0.3031765069893182,5.321479807758208
0.3432399240498297,4.4868820633809205
0.41026632220360654,3.5895219048289158
0.37168365731871467,4.009138872383605
0.3202942465890235,5.070797046395172
0.32076007397074274,4.917912952377141
0.3611910514681607,4.215866361267059
0.35541258712437523,4.2635026367933575
0.4068708586939069,3.588805396814438
0.39369980144992245,3.716425974175022
0.38252727784169677,3.9311790722649818
0.37526265145535687,3.965351798213384
0.4674702067672321,3.06819386241708
0.39524601936857084,3.7601800667665923
0.4057900849063721,3.6755168195973558
0.3283521715436777,4.757575489257873
0.36860853783339603,4.093175092440075
0.32603675598886206,4.809813504164572
0.29799368033202656,5.4525792267891635
0.3565512136789261,4.2925639607157455
0.3160877150201447,5.104127261039969
0.3931754490447158,3.7943208977862652
0.36617557088542596,4.130207603594045
0.36235015592998765,4.183840611542287
0.2747564333953854,6.126154388936212
0.3259567958113184,4.895871329254527
0.38856648792486104,3.8396727340312142
0.34791109956079436,4.319579897283472
0.33184540302651855,4.681804813728482
0.361476024747923,4.226299491564362
0.38931717498457735,3.778826074568877
0.3726216775523682,4.038656481952948
0.3919806577445162,3.8180583953283467
0.3561506268635669,4.237894548575802
0.36457242428725434,4.067434340235345
0.3844738717117342,3.9281475119255904
0.30470864152609356,5.325430158088769
0.362831642329249,4.11925707519154
0.3622971415533752,4.165937126298625
0.34558152948372256,4.496006497051564
0.36204666996210394,4.20504209729034
0.32165745113002664,4.837291345242127
0.36779016824771144,4.1343639148233295
0.45107087819370184,3.1635407794807735
0.35476892087729883,4.343074936748152
0.3358689215004188,4.677592459755709
0.39647713456051825,3.738555348764737
0.3425963913574477,4.4875675324360405
0.41795583380491413,3.5297468574755873
0.3438847805700079,4.440215684206497
0.4070179995669546,3.6574062280180453
0.42104053078624315,3.4741709860103502
0.39829408748166417,3.710722422279784
0.33287511778911816,4.606701688787888
0.31062050884072145,5.008989551286141
0.38666203806070254,3.818925098363993
0.3090133703033969,5.177387489329467
0.3693524112921834,4.068822797710666
0.3107441853218117,5.176250756924997
0.3341044281689227,4.716350101316787
0.3510389210358711,4.375924672874812
0.3171825989653098,5.002408460783497
0.3576168080696518,4.266973226807564
0.41756811256529763,3.4829161396122257
0.35327207655786474,4.375802837228756
0.3242870397350937,4.910153920923462
0.3382461247420575,4.638516136333665
0.35168540203142185,4.417878433471277
0.3867850425466677,3.9021481162903435
0.3884303019459616,3.801550708772788
0.43971700756325893,3.253548840559979
0.3701673442063761,4.130275259077434
0.3412475718147226,4.575869567948953
0.37267000347716617,4.0225743691779945
0.3115706627664708,5.102169922182447
0.4025334125198403,3.6200738124545726
0.3821612604399004,3.8532857112522567
0.28150820460475967,5.815091825173336
0.35538091885205964,4.390712419347428
0.38176256474672327,3.929915384459841
0.39427819888635185,3.816945207231684
0.3812086669360582,3.9474154436552236
0.4393476712902889,3.315287229061462
0.3376265545510128,4.598144555227545
0.3177998009519098,5.003900684989366
0.344313197934951,4.434787001768845
0.34400405896665254,4.513236276883846
0.3844738717117342,3.9281475119255904
0.36209400711482853,4.203489994980101
0.38536563722773354,3.844459070683697
0.32737042865883936,4.848580074626035
0.35415525276693177,4.307386761650336
0.3154015815857006,5.050848846248187
0.29522092507259196,5.452106193900278
0.4294830492091879,3.366538027534544
0.35076234805728485,4.34586493816798
0.3241672085072075,4.8972096320457155
0.35722481304545844,4.235426696241037
0.3531105707478144,4.397514653482289
0.39035327975226564,3.8400881167540657
0.4245657325716791,3.3847521903233773
0.2966200488913414,5.435873307250578
0.3932127526335695,3.7573638101394744
0.37144687575058466,3.973356890009667
0.37516560719502956,4.033820553239452
0.3376582654096917,4.6364986678562365
0.30176125899847567,5.307123356680554
0.3914419462882512,3.8275581956699596
0.37034255690452345,4.021056011499659
0.3157675019897803,5.019176215845815
0.34434590279945826,4.4722605605946875
0.35806577747369794,4.224586019476519
0.4115907115651055,3.47455115891489
0.322822744303935,4.87685279927391
0.33379046336145696,4.666944748072416
0.3662327778699562,4.150521476113962
0.3755047267388306,4.027410736374776
0.3114002901617526,5.1008947697920615
0.3169939130615861,5.013065489065645
0.377021724846323,3.963786922204113
0.37821664424443663,4.002699122611218
0.36918215644386165,4.074300098762235
0.33950233815908504,4.648669241863092
0.3228456934261805,4.868531826347005
0.31524953534240474,5.039343298930211
0.28688990974569434,5.721294785030541
0.34795002481910425,4.531024233019812
0.3483160947523809,4.412924603855065
0.3034327456757378,5.343599962715962
0.3034427297353338,5.355488396299234
0.32164108785489265,4.990889479988941
0.3324209569163899,4.7247586954673695
0.33392752976469353,4.750760297714192
0.38894633661948946,3.7891590543826696
0.34705559509763095,4.4411153159697525
0.3572063024027462,4.279846037946107
0.3462941897284647,4.423544242411997
0.36045523496821397,4.328885959832833
0.3505843195368103,4.414938215329151
0.3753622081156891,4.051994757454216
0.39754860137028464,3.7487471032182342
0.3570152867852671,4.241380871720422
0.32355607915198836,4.859662425428753
0.37890090957507033,4.012950039334917
0.3388723850982217,4.5940849829154216
0.33294681184222036,4.6407782463128475
0.2910654146302968,5.649402915491791
0.3305883825063948,4.782162671298173
0.3623829354996197,4.157855065528826
0.3125957195842198,5.1118759802014715
0.39361003491483515,3.7438051519029703
0.271479180096752,6.1201256980494
0.3673772460814084,4.126246338604019
0.3495771722262128,4.376596281332883
0.38933550668596595,3.7819188703541755
0.39309168389955385,3.791202911038251
0.33500350436894977,4.711051851427854
0.36804047176119037,4.0961935557746765
0.3401828989910015,4.491457191659504
0.3394391607848339,4.582090434590162
0.3537679246958172,4.340239893479986
0.34135891469390933,4.530261731304021
0.2764650588642232,6.06859084779595
0.38692792020740974,3.8427934466241593
0.3363187543913968,4.680645421518162
0.423995339781261,3.432842768220166
0.33427553898986184,4.728368385208867
0.40698944929709974,3.5841160643634318
0.298108622150567,5.4176985696034405
0.34518728791571923,4.502220191406357
0.3852844851208107,3.9122003671510415
0.40726285662129286,3.615825915542149
0.368157718273892,4.149922957494119
0.4369856870842763,3.3275009961591233
0.3145748256973857,4.990069772674716
0.34730063453189336,4.430434079480611
0.3483488619647295,4.436200375493627
0.42729273556050823,3.356128276808426
0.3991238545164568,3.74240836552811
0.3618885767581376,4.227786496790281
0.3550827884967695,4.31510039435779
0.402359332331371,3.6561231223733786
0.3834905527010747,3.90747565111084
0.4174746297354442,3.5095465971852398
0.32758000283191485,4.814143221416582
0.38713254617133536,3.8618767221396992
0.34962329637235307,4.4142016653038
0.32605227329278097,4.811867789505823
0.32398065007399746,4.884690633840496
0.31643674845680464,4.981869252592218
0.32578994388600874,4.7269868901867245
0.33347419402978573,4.621768729668487
0.3459899464772427,4.464539055798581
0.3111489507840478,5.143660645762597
0.4248805714665794,3.429497615725646
0.3340369489618313,4.614545241258721
0.3835287352727095,3.889053741033433
0.3405658873986618,4.589387517167169
0.31972107631877944,5.004326872860281
0.3373057559262359,4.5371881961500575
0.38148379937229093,3.940103418583543
0.34206084147472654,4.4857883896652035
0.38891099890238195,3.813672342062179
0.3253857377379265,4.845136393515925
0.35371870258106947,4.296380216447793
0.3877248751476107,3.8540613797322303
0.391682279926112,3.71596023471051
0.3538967838750152,4.338162945182752
0.3878570994193149,3.8517187219311446
0.32185523222536405,4.946852603780784
0.3454611553361313,4.3667209149964545
0.3148849430774474,4.9469257626526435
0.3020021705155949,5.351931015962496
0.35431438024135264,4.322822176379969
0.3799195091835848,3.9476693544685713
0.43632071763392744,3.315018553534752
0.40153211979742404,3.688005541542523
0.32037972509003587,4.895598966353284
0.33820991760031177,4.505695079717354
0.37889961312943726,3.9424341906278926
0.3410605770319059,4.527156450422805
0.37161833032388697,4.079770141137599
0.34666137262288127,4.498840887419111
0.3371021167691839,4.60105558837258
0.4368883690969996,3.3558995068605815
0.3759691160010607,3.954708295178644
0.3901067352330628,3.782211904873103
0.3646507265492406,4.1434001545045795
0.29941512358984007,5.46535127212969
0.35157256629126066,4.325411849464628
0.4254306284098206,3.445186337498114
0.3200171876508468,4.932232947260784
0.33178526128432484,4.6724510062890054
0.3797730996050365,3.9118156554716137
0.3752476209871528,4.023385036458833
0.3721401416857437,4.083391107955075
0.36556160894572626,4.103689663213272
0.3471046045137248,4.462264340104552
0.3248118651432278,4.8652013150745885
0.3306994482231497,4.754974309224294
0.40413392118515534,3.6983313875291173
0.38767854211038194,3.8878076890150015
0.350364298320349,4.321793460910146
0.32367383724455945,4.975547391368032
0.3052286131328256,5.226653498516191
0.3394637436895753,4.517113181249223
0.39556987817187134,3.7841907845642457
0.3060484284183759,5.214478352146433
0.38530578790536396,3.8803197015332462
0.36235042571370024,4.272998440233844
0.3886368388720752,3.841635184500093
0.3200171876508468,4.932232947260784
0.35141228496937416,4.372049276296128
0.31584186913021284,5.020559324348875
0.3855991872318481,3.8948696743275826
0.324431764237791,4.798383402294431
0.4209945266173871,3.463406434547537
0.3294933210701373,4.784443680929242
0.4340879677165945,3.340786397970206
0.34224464014053235,4.529796317685077
0.38066085409742856,3.9649493566051737
0.3729571737486109,4.064494655103136
0.3725735424467459,4.058064471089326
0.3805722417388588,3.9689566959619857
0.3807274424463792,3.9522187377451172
0.3208633085440124,4.8673222203231905
0.3962973156915497,3.752985169135496
0.29997534403897325,5.353202428777196
0.35025309268363736,4.297775378825588
0.40138185979612645,3.675841414252863
0.32309869365405275,4.845617284462313
0.3672978927632998,4.095927756902806
0.33521462501229154,4.6362387002368886
0.30217320281499305,5.48505466579459
0.37855561901885737,3.9464917325135596
0.35020105977004656,4.369780326515409
0.3182551296570298,5.0054045174768795
0.35750339258945624,4.258656110051797
0.3151992690290782,5.169138725323605
0.3452314191681112,4.528401582723344
0.4245405067659036,3.4107600204174138
0.3244498215514951,4.864313483857087
0.322715285996939,4.951718587720321
0.35309250511078,4.373922172301965
0.37134956796164076,4.074619753684402
0.3486152899544561,4.4834340468185285
0.3678427744403778,4.1492225277873285
0.3672726021545548,4.146622705112638
0.3432399240498297,4.4868820633809205
0.4352813581739309,3.3512682082724212
0.3156397035078625,5.00339562907518
0.30824379324646456,5.067293395246479
0.4156750689941893,3.5746967395585467
0.3844113324353429,3.8183679862372015
0.33619807625867815,4.564592231575039
0.36225136882201336,4.1367012439279165
0.3442930425159057,4.494409219952454
0.3570699453656803,4.17881902505381
0.3952258917580946,3.730233332124167
0.36012186223461357,4.253830574649789
0.3379999629785302,4.598235377612383
0.372268079619526,4.020672376889095
0.32312900599479333,4.920219013854195
0.3233285000869178,4.888838656118314
0.33613875050613595,4.606023100711943
0.323064358786465,4.811748253256751
0.3330860753836066,4.6826611685563
0.3770356746961624,4.040688890359365
0.31313967655938457,5.092399546908162
0.3235032089176729,4.8430765820403
0.3348170741046611,4.7145958788390185
0.35567488732588265,4.282701387830186
0.3780944310925609,3.9157746126161177
0.3455191536276014,4.487230210751765
0.3649562875647713,4.170150505890001
0.30931050517362474,5.23858700891041
0.3672726021545548,4.146622705112638
0.3078225625558234,5.251700015264157
0.39916263228785515,3.657943627939006
0.3065435536655173,5.278558930262404
0.34941726889312524,4.389568191364164
0.3256144018188343,4.851324012820934
0.4103322230696006,3.551795766333768
0.361476024747923,4.226299491564362
0.37912851564251276,3.8212321662669866
0.32581970444218133,4.835962871472263
0.37540734700262945,3.9476884003373622
0.3646876890099198,4.126758821143451
0.2922251274667836,5.537148017756141
0.34611035029360704,4.542853550969712
0.33686066862172004,4.626703407516815
0.3172940045203679,4.998025340662046
0.3735499494742039,3.977991145570218
0.3343070363909818,4.558823559632806
0.38814972014372207,3.8476593078292343
0.36412253284156315,4.1149946307423155
0.3646505045752531,4.238361305093258
0.38667040724127166,3.831859893267763
0.3080098667871379,5.250087411613109
0.34353122714724205,4.564112854154127
0.3362883585219944,4.627763939323819
0.2829013114324231,5.899925429205751
0.3152576127344876,5.0769378323543695
0.35707113570883736,4.261353899862553
0.3196131241836619,4.971643500722107
0.3361189612188954,4.651337997905605
0.3763106542746448,4.0033055276161456
0.388132774761547,3.818512367855694
0.2974457792603844,5.307969600198069
0.36666457567259747,4.0671269014125215
0.3649562875647713,4.170150505890001
0.35723226355216586,4.230863159158072
0.34974942274870396,4.36405993895747
0.29946514564358534,5.376337085764737
0.3276567634907262,4.793448678452344
0.3376265545510128,4.598144555227545
0.37783341968875583,3.9053696363742056
0.3928030689801445,3.817127018044994
0.3829966211011355,3.925370591014094
0.33075333139651625,4.6684948954822465
0.3505100446761187,4.354622287953155
0.4003048011778263,3.6082104737401575
0.31693353105181377,5.0174657127297
0.33759276746698347,4.543173712913638
0.3882084513032151,3.895169922101656
0.3268004364736733,4.7624797154391825
0.32867924387145653,4.823869606034208
0.3470601812282875,4.447183860974806
0.3263427252392735,4.941042150861208
0.2977069010879967,5.569434926588095
0.3401355667311864,4.633823964465938
0.3449898859543378,4.5273764373942385
0.32928485496281557,4.816604357426221
0.3197347252843064,4.993573335459981
0.3739970624435839,4.020092875771447
0.38891099890238195,3.813672342062179
0.3184670757770901,5.072691720846459
0.34224464014053235,4.529796317685077
0.2635498582031168,6.516704621581151
0.384994950701413,3.833680090969344
0.3871845115103507,3.809716205721049
0.32431383758263943,4.828135719530959
0.3843409214290705,3.9192210198427366
0.33069805412246983,4.714002350032534
0.38640088887564283,3.9012682559455536
0.31147796482982304,5.12045983276955
0.3520262635206989,4.324008762197095
0.3870404666559542,3.838611243547537
0.3992265877460186,3.706940163891135
0.3531159028769035,4.349513777985892
0.29957656429053275,5.44323112735374
0.3964441186952802,3.733773367780125
0.35857949916877463,4.223606146987017
0.2996236087312337,5.370313585099872
0.34544373670474904,4.505620999229659
0.3476825570354288,4.438913385937884
0.37715353016239256,4.022109123883346
0.41828135448516707,3.5339810504401705
0.3184598721083819,4.998946257911567
0.3712329390490345,4.071651445485995
0.3412475718147226,4.575869567948953
0.3331810924742216,4.680534821575862
0.28909411350021635,5.634739625950786
0.29870084754818343,5.328552973048345
0.3277535362811731,4.754449472409049
0.3074568086354844,5.231097985953995
0.3472598176401128,4.468510869949341
0.39524601936857084,3.7601800667665923
0.3362883585219944,4.627763939323819
0.3326364091174996,4.688933361270593
0.3318171826075677,4.759674134690574
0.34558152948372256,4.496006497051564
0.31103405917791727,5.158673754090069
0.3651144176970489,4.163508419004509
0.3365929811868372,4.59874816306242
0.3546072184470568,4.30866569590842
0.3832209867802997,3.9091317850425957
0.3869034616269914,3.8238077461654916
0.39160967897436966,3.8271329537919865
0.37876471922558896,3.9449572830697055
0.3789642066640472,3.916104811350909
0.3491776008985933,4.337968820804119
0.35867957774116427,4.180676076033944
0.37253217172921116,4.127641880727408
0.3563086705207902,4.263374135958345
0.3902716997059958,3.8428847998749576
0.28658203702252494,5.766160580804445
0.3479261960227522,4.441322678366917
0.3535675919693301,4.36039271273061
0.35155228749056106,4.419348035611351
0.374908169960078,3.9804308915262867
0.37712663477724206,3.997299375536647
0.34211541271383844,4.52453507963906
0.3651144176970489,4.163508419004509
0.35076601038875904,4.38569999238547
0.399991695493917,3.6514097725467245
0.3807274424463792,3.9522187377451172
0.28150820460475967,5.815091825173336
0.33921745686658134,4.566783492238129
0.4005771166235025,3.7151449652115947
0.4245405067659036,3.4107600204174138
0.3973768906541309,3.7573493135368876
0.3364586192510073,4.509115323760485
0.30217320281499305,5.48505466579459
0.39325060527339967,3.7589909976527958
0.3625469447133167,4.144604516269036
0.3563397829128244,4.262960747100177
0.3823937557158851,3.90908551685359
0.38526962953226424,3.8867821051901594
0.369038261438737,4.131179493597241
0.330679912263887,4.771792780643651
0.3140463945452167,5.128621310727175
0.3633115295679775,4.265218608279539
0.4497040098160992,3.1804549279795116
0.34292600111960836,4.479977195130735
0.38222267284769884,3.8601837211693892
0.4006043080440927,3.709996735386422
0.40539083742909005,3.604788790214998
0.3500997003095345,4.39747444660587
0.3763882036124034,3.9518010673126285
0.3461173012523618,4.475057914346414
0.3721219251911284,3.9358015364081926
0.38097650362191615,4.018984357101781
0.29237983685920865,5.562571174431235
0.349986738117025,4.36015242940676
0.3704752653960417,4.029344224825771
0.3614068368776126,4.196229386511152
0.3531352015269896,4.355448511872287
0.36007223584122006,4.250622500617335
0.38308114565634166,3.9499969259860457
0.34175643164489167,4.509832761386547
0.33704606279204735,4.656198886908961
0.3565975761680456,4.2603049162734195
0.3087623795685001,5.2249848212997785
0.34158583943862225,4.457933353052709
0.40394496696429755,3.644709450987239
0.360178098013882,4.244973993374378
0.37578641768349874,3.953425552874973
0.3050127448349275,5.33224968030396
0.43164007240780133,3.35293827337212
0.3829966211011355,3.925370591014094
0.3932840169507648,3.8178753780498083
0.3295702909567092,4.812362568298819
0.3673772460814084,4.126246338604019
0.33620454878011996,4.6340051744076085
0.4210404763012055,3.431296264930965
0.35023860537616863,4.3327066179572284
0.37798738172350616,4.014360512114694
0.3237641843705606,4.921629482090108
0.32308052856778313,4.915349812747863
0.32697186756347885,4.875074870825737
0.291065404191307,5.5781922204602745
0.3298958209311358,4.75153237426722
0.4144723689284487,3.6257719232272887
0.344313197934951,4.434787001768845
0.30197769208561215,5.47453447385406
0.32464141314233624,4.863905612655943
0.3572063024027462,4.279846037946107
0.390206232332013,3.7660298652844415
0.4071226516452433,3.655176659327457
0.3677159803728397,4.093870841133419
0.3386392000184275,4.46219428536747
0.3353201758741652,4.681520612293958
0.4290258316844361,3.3876235563229327
0.2949727018510832,5.509888666603608
0.34057692326266303,4.56782344354036
0.3515174063781043,4.3646798841777565
0.37658109685621954,3.945468517463993
0.30944740283041927,5.226218247950164
0.37335988651950747,4.057124030821911
0.3853483560376173,3.8564201288146838
0.30104970073439796,5.291992074217491
0.3681179753420899,4.121653189744273
0.39916263228785515,3.657943627939006
0.4240686637097314,3.4353242831587347
0.34517755404701106,4.555622595915059
0.3704476854970474,4.118470235201837
0.39921204299423113,3.669879591842154
0.4156750689941893,3.5746967395585467
0.3765849797651283,4.029827375734432
0.3691996078533522,4.086867273582236
0.3565868336714789,4.258427107077951
0.4080674987193357,3.601435021930689
0.40879292088265423,3.5820955080496457
0.33849769431357585,4.598428562512395
0.35526010273854386,4.286527441107451
0.3305883825063948,4.782162671298173
0.34816705096200107,4.4170255377083665
0.38441673941764504,3.867880044093825
0.3247140179924142,4.748632916003676
0.335248974186032,4.635307047813627
0.3656886924726934,4.194151931456059
0.35750339258945624,4.258656110051797
0.3878570994193149,3.8517187219311446
0.3518436336419431,4.308787720905357
0.33265431383505834,4.7514025652048515
0.3455528003807596,4.408858158794973
0.3684488891593502,4.097323890364164
0.36148609547701493,4.119287465218597
0.36047802830855274,4.2670247806338555
0.37015581778470164,4.072420110788404
0.371833781956452,4.108120356000462
0.33345392765947035,4.745197303885912
0.34027290864307713,4.4481758325723515
0.311104572488932,5.243693869172094
0.3298746598813638,4.7446861474880215
0.33069805412246983,4.714002350032534
0.35954014453989863,4.246972260502881
0.38444863494622017,3.9224643695655232
0.3566953567747558,4.256433909044128
0.33120732484423004,4.666085035302006
0.35775964736045757,4.1844704542453925
0.3221787441598211,4.905828072063274
0.38030438448662257,3.945526313149813
0.33824940820616467,4.4820364760620155
0.32979583443961924,4.738351582942321
0.3442502498639462,4.477114577788897
0.3592018532155043,4.245089076085765
0.28839904970875063,5.756300792077779
0.32358676630177863,4.911968225508635
0.39369234549088217,3.731442843678278
0.3603433327692476,4.262211801827499
0.3447143583672375,4.521722261269941
0.37674731944992934,3.9894446051060335
0.32308052856778313,4.915349812747863
0.38160993234611856,3.8834234480791685
0.36202814766217406,4.234134234714737
0.3801621936191984,3.9670682477490935
0.3729588757792969,3.9634524152295616
0.33830492023384445,4.587237064665146
0.3195055463080205,4.991510421506151
0.3735499494742039,3.977991145570218
0.3895298614790564,3.8664549981242184
0.403838687684371,3.6089020689392806
0.3369924044033308,4.665385097582244
0.34475467780039715,4.496521860913123
0.33642529973036756,4.607343081377426
0.34849005968103647,4.392874412691594
0.45136565236919407,3.145114313428779
0.3440521844819991,4.4512192735445
0.411178652586892,3.548548769023092
0.3283521715436777,4.757575489257873
0.3376265545510128,4.598144555227545
0.35882010330412517,4.215452915230534
0.34455954550655005,4.4506148388483044
0.4165781484961712,3.4869332779274598
0.3555592469970571,4.316653227136111
0.388132774761547,3.818512367855694
0.31104386239823584,5.104234904428311
0.35530667675071614,4.298610950076853
0.27888664416276593,5.957838223372646
0.32336831719071113,4.885387830772852
0.4064268166260933,3.5716196470524637
0.4041097157262572,3.6555885438382316
0.31707716064477076,5.036171661355291
0.356141855274563,4.3525510880147324
0.28068936962730234,5.7996862400341165
0.3734931280221949,4.049703153887686
0.32756480625537915,4.860605066230146
0.35663364778524737,4.2859528429019385
0.3770356746961624,4.040688890359365
0.34044903496675843,4.563736679453664
0.3237128884175501,4.848977827326103
0.36701748854910493,4.160271497671689
0.34982545409262533,4.435126672993111
0.3053014153265354,5.278023240703424
0.3381674942502164,4.685797077079691
0.29117509023002547,5.5819199105493436
0.3373306998759807,4.611955107361187
0.3769111004837425,3.9941469566535783
0.41144045544486496,3.559973979364511
0.42617991752432005,3.463007954557055
0.3362883585219944,4.627763939323819
0.33642529973036756,4.607343081377426
0.3588461001867522,4.235794065264044
0.34135891469390933,4.530261731304021
0.42133299568511917,3.4351459534706064
0.3398566205856255,4.492428406458971
0.4219286347793449,3.3963157085861617
0.32979905893200684,4.786775159779856
0.34227271208815,4.618327790654825
0.3506794961250685,4.443780997455753
0.3836442563192645,3.922373921386679
0.29432746423863754,5.538948535659582
0.3027197861866984,5.335132633013203
0.3707935609131119,4.111160218350479
0.31501154781629614,5.10686779334268
0.38081792338788956,3.9474248817910143
0.36845194260873476,4.163499379774768
0.3212300138530424,4.899561287785222
0.39137626656523083,3.8222960377658106
0.34544373670474904,4.505620999229659
0.39823915595803366,3.7111714746318736
0.3287534854230698,4.709766048747356
0.3829416169521853,3.8219047635558527
0.35751683048287597,4.2505591667398255
0.3366472980417966,4.673680873234882
0.32943667694238077,4.822812346865603
0.31985674326319075,4.925351965426698
0.3246409771026397,4.872073766119882
0.4137564873100422,3.52660634931021
0.3393137754563803,4.549424489575853
0.35810451820205136,4.258964098264355
0.38583193985339026,3.849373151988862
0.3121134681359774,5.14125316116352
0.41401809875464873,3.528514645173538
0.34635756622642544,4.365382436126706
0.37300275773048625,4.047076296198372
0.3268481133143438,4.820297248660569
0.3656098649496466,4.137886608424593
0.36067075025731143,4.2600046484720835
0.38160993234611856,3.8834234480791685
0.2977396862055649,5.4749175757063755
0.407945565962007,3.583367358915737
0.4054641039633265,3.57110607153436
0.3277535362811731,4.754449472409049
0.33142303296315895,4.764315905069301
0.35643132358299795,4.31819978374915
0.39825197713547733,3.7798964543505362
0.35696354271661995,4.233578391897765
0.41062009765625973,3.532019257521115
0.3040511611994951,5.254378452934053
0.3219593722184042,4.970086788264138
0.3523285298074329,4.3766247160566945
0.33301713967077196,4.778896763940533
0.32101221915450734,4.9439719111105305
0.30804015150209046,5.213472496033529
0.3328276164490929,4.681853654571073
0.3074076092926647,5.249898730308315
0.3867194367035249,3.8637092868286986
0.46702558655751664,3.061120100033377
0.33434396356991564,4.752449151127642
0.3629181915045396,4.142952110572951
0.3148538578369898,5.108538377192303
0.32838360038820635,4.809425921743733
0.2966568433756064,5.512621083196067
0.3870404666559542,3.838611243547537
0.33573738341621506,4.622333734934308
0.3584913503986529,4.299815672707321
0.3852843444039605,3.835926992295438
0.34739818697594727,4.564852451301647
0.35619596840424717,4.26483190256229
0.34799411270091263,4.366257900184702
0.4626886682395267,3.0841768076000484
0.348000516688138,4.456365846384886
0.35333579413046234,4.2950678217693685
0.34748576360811845,4.480071039196857
0.36735582972065584,4.168688977503897
0.3899244185389617,3.844232930607614
0.4216142098914873,3.469908106451597
0.3488747346521425,4.442573413565637
0.33166543089221584,4.769644872599517
0.374908169960078,3.9804308915262867
0.36181758320867585,4.239423560584356
0.31188309728210484,5.147872372024152
0.33899255881710355,4.597522998125866
0.34057692326266303,4.56782344354036
0.2571374490142193,6.6438399516316675
0.34962329637235307,4.4142016653038
0.3609355069695841,4.1875263749003695
0.3687024905674047,4.157438443356153
0.35031069508557744,4.423288078896404
0.3171289398528979,4.9272242673103035
0.34803072254781164,4.433379128628744
0.32929473086283695,4.814336973685343
0.4059952716306568,3.675432553009259
0.3504901388731528,4.33827918783814
0.35252232682028456,4.386512704964898
0.38099561093976225,3.891763811066168
0.33512728630960326,4.589567463973308
0.36542902285726836,4.1559801349068035
0.3966780191744451,3.7461583759415973
0.39604438223716787,3.776735256072377
0.4345550191809473,3.277509625659727
0.39428366916970337,3.7176218549461852
0.3255340536336879,4.769781300140224
0.33398239042769134,4.627090105910115
0.35016008049074415,4.334490958574592
0.34368976749686597,4.520149463579663
0.3279719790676841,4.800657301174861
0.324523610685742,4.825556332422582
0.3503313639793329,4.413549421567201
0.3805460312159376,3.919088050677629
0.3654926821756766,4.154451677096238
0.38167884898414584,3.914950793274886
0.3242282656943611,4.800964080583912
0.37890614240040754,3.924038199721098
0.3122757650171528,5.0896832544903665
0.36691880951049094,4.098440234094717
0.3447432823518755,4.4384164284628875
0.4098033514230358,3.5553183593179707
0.29278544592545563,5.532578559992334
0.3395345539841141,4.581318907991766
0.3034481364981994,5.345015911114319
0.30944740283041927,5.226218247950164
0.31124045262089195,5.030486666242212
0.43044737580540393,3.382664514187633
0.32451878374983945,4.871835101335293
0.33707985439129795,4.625483965051629
0.37338577309553517,4.064607639457138
0.42500795356523247,3.4324031143196128
0.4305872795403299,3.2373387947427723
0.31719764293651037,5.038046576982706
0.2925652923729046,5.610782116029973
0.4016769390317262,3.640690702449091
0.39527541967289737,3.75792797064669
0.35252232682028456,4.386512704964898
0.38527716258732264,3.8655511482193554
0.34569354643900085,4.447779649614113
0.36458431996327734,4.182348694376412
0.37190041608532337,4.09778613455584
0.347048173533625,4.459620053314389
0.3734814873502884,4.056545396575306
0.36177437508829524,4.246786014249871
0.3054712707443519,5.297744581503948
0.3495908200860022,4.3713177297306745
0.3219577480979148,4.914717310117297
0.4196113247837406,3.463917528989011
0.3995213397655787,3.685314986043476
0.30189235754625726,5.4090453830028675
0.33978637280561214,4.536825418264543
0.3440884866572258,4.5119126501057805
0.3335856398339347,4.671145631629415
0.3812536612221548,3.9213491758624586
0.3547208594089756,4.355764316805539
0.38842559207532196,3.805313326938014
0.3634571473188188,4.177485521795756
0.3437342615251676,4.502363257696018
0.36610066694239435,4.15570011809219
0.3958634397586963,3.7852469283620183
0.38026941464500996,3.9331395153678677
0.31222829767380106,5.115242160389463
0.37465796220926545,4.061835285452317
0.3427968331717468,4.430612229856221
0.3219577480979148,4.914717310117297
0.44488845585349873,3.2507957716783076
0.37619088054289745,3.988828769120444
0.3435573573280053,4.4696259349793905
0.36235015592998765,4.183840611542287
0.44534999630933697,3.24609836228047
0.35937221509385214,4.241968489661922
0.31546050558729105,5.057188703092091
0.3985781937593098,3.7081659977510286
0.37715353016239256,4.022109123883346
0.3821612604399004,3.8532857112522567
0.35618896606942246,4.333143896820681
0.35465864445643264,4.369531942757697
0.3539279653336318,4.329188031585949
0.3727988718325191,4.052570305214531
0.4270096029846082,3.3885382545499976
0.3450666643678451,4.4720611638849315
0.41452967791810086,3.5268356594186856
0.36656132084732074,4.114591797272058
0.32758000283191485,4.814143221416582
0.33142303296315895,4.764315905069301
0.34799887183055245,4.449755979367129
0.38050930095857505,3.951924205117045
0.34316088728301963,4.578218877565793
0.38756232525801076,3.823340213720889
0.38290145871691444,3.9260634774915824
0.38063691236949426,3.8740142614996835
0.3376265545510128,4.598144555227545
0.34401285494605344,4.485013684421384
0.32882526806362977,4.742372416227715
0.30240442339954543,5.24528915133944
0.3929084687936174,3.802645318567947
0.3087883234841461,5.176581026334596
0.35252097030132545,4.279368208420065
0.3345044151297508,4.717010218208458
0.31610878881134963,5.0386655465656585
0.38055069090304694,3.906532612717119
0.3345608573633956,4.607099352193238
0.38265938412860223,3.8212086363702413
0.3822184489703516,3.8733282457406975
0.3597681576771877,4.128943803766333
0.39564995045798435,3.8006849195785177
0.391593502398855,3.8224118983398925
0.36330522876082505,4.135561716259405
0.3966259393053119,3.723713205183125
0.37855561901885737,3.9464917325135596
0.32720768206916917,4.797230950795923
0.3951788767169414,3.744072904104454
0.35612855187581866,4.305679501892449
0.3370794981338036,4.659982113386237
0.4719921004515136,3.0174870586031823
0.3466995317473518,4.397109223087267
0.3330860753836066,4.6826611685563
0.3493197418074601,4.426485860575974
0.3590526927286413,4.201784888329217
0.3127415860264851,5.229049543115804
0.33809369591701915,4.676301173837706
0.36758848337545025,4.213290445892481
0.3715684870976942,4.045143395658671
0.3459826947411905,4.425822206052666
0.3728665560940354,4.000947925068062
0.4150794926290555,3.5338611143247554
0.3539876161331332,4.414292384983395
0.34795049739576167,4.381447942314876
0.43086953142206924,3.395811603417274
0.30442639416419937,5.275768828021605
0.3758127625914306,4.0094831338892645
0.384673075029409,3.9037119378063245
0.4349110549258113,3.3325278845285804
0.3441367651698401,4.438744620085757
0.384994950701413,3.833680090969344
0.33212609789583386,4.707611889741355
0.33512728630960326,4.589567463973308
0.34861112042478226,4.494090691292319
0.3311664570124041,4.708632344658739
0.34667021550099514,4.554786473627888
0.3874713180873904,3.7794997153752705
0.3169942608971736,5.108173456693571
0.324391485888686,4.8103462267856045
0.3780808590477274,4.045774450026804
0.34442144806946573,4.412329133652395
0.35043623911826804,4.387166314868895
0.35721573716414207,4.250227697532771
0.3785317183365945,3.9879178487257523
0.3054712707443519,5.297744581503948
0.34434590279945826,4.4722605605946875
0.3857986688582523,3.8826792569735358
0.38907608079530087,3.8602412516354776
0.3391523481032841,4.551782252143524
0.3283153375908907,4.750225868894934
0.34501414304980604,4.498488950176352
0.34778072434971163,4.450059709179384
0.3224035466887713,4.961257647560371
0.38830968078380984,3.8345194489122085
0.29195074676017235,5.665687734031554
0.3510389210358711,4.375924672874812
0.3188280033278136,4.993225485691802
0.37947944779445675,3.956159421455529
0.4010557476410255,3.7222090735518325
0.30795731013622113,5.211561168005368
0.38063691236949426,3.8740142614996835
0.3882894712073457,3.7826698728037025
0.3644332644432604,4.1642824419717535
0.3269663391099922,4.759330923952199
0.3495791916563397,4.375977795993147
0.3266347626116052,4.773742921838565
0.32721122007069875,4.824369069880943
0.41679645123559667,3.5292303964912906
0.36056051480983115,4.275827461201672
0.383668078732457,3.9249192641034774
0.3846912436907136,3.8832809757114917
0.3407470410181713,4.59899781531616
0.40924551293428785,3.5878831704851977
0.3027197861866984,5.335132633013203
0.36593122294888114,4.145941442728464
0.37440037964704204,4.05803755494181
0.3322841776402883,4.743008975860714
0.3602772875377507,4.258133225420391
0.3296917960180974,4.757759844807151
0.29499447861983663,5.556511378082242
0.3906506842166183,3.7885960133005523
0.3248118651432278,4.8652013150745885
0.3288842257006955,4.79427382111466
0.38397657366365406,3.8321398811808938
0.34143407924031366,4.583790121058203
0.4368883690969996,3.3558995068605815
0.3539876161331332,4.414292384983395
0.35457018657826694,4.326288529565629
0.3948136438847397,3.788687385958809
0.3476724293927336,4.402491641518395
0.3665808248393242,4.155475664316218
0.271479180096752,6.1201256980494
0.43590115591532147,3.314287933204132
0.32798869037909456,4.71919315151996
0.34263896884629,4.530973017032664
0.43390596671564846,3.3145970522939723
0.34755147910108686,4.497716398695456
0.3327864922244791,4.720127066673559
0.3640206325741893,4.090467631744351
0.3691777328106665,4.076374997769368
0.39921204299423113,3.669879591842154
0.3306994482231497,4.754974309224294
0.3567568343410925,4.277590215736769
0.3764473839371361,3.9509721091479033
0.4417131352494339,3.287219488902566
0.39013848512658206,3.8739999675219967
0.33240759655839963,4.716146590961468
0.38885549967968,3.79623826274514
0.31524953534240474,5.039343298930211
0.418350527661403,3.4498010326238013
0.33306130480175333,4.7123437312108365
0.36202814766217406,4.234134234714737
0.3959414505149392,3.736126487392887
0.34168539588369246,4.526738098979619
0.3520258277434152,4.32586259234196
0.3371668640204162,4.589794848633526
0.4017447959304119,3.6149990391139144
0.4221467081274242,3.4573951733452546
0.3375302845448298,4.616682965671539
0.33715331763651973,4.733815333090245
0.31188309728210484,5.147872372024152
0.36738834644036544,4.182013669876989
0.3216712956502499,4.85111197886018
0.3959551270333975,3.7521249207964886
0.34926338288751607,4.409535405008235
0.37011831944269113,4.0368546621413595
0.3706855536633074,4.1383023943475745
0.3223748640821458,4.895212278445052
0.3625469447133167,4.144604516269036
0.315167989490882,5.080986900471634
0.34545197128230937,4.461888579616468
0.29898726531608144,5.492802854459922
0.3166907832392842,5.005062591275565
0.33859839459789204,4.589833489622612
0.3472136336849927,4.500910676455426
0.2899913637948204,5.647834369879595
0.42594703316895904,3.383728542658301
0.3124357743032201,5.056302823346493
0.3106574863028889,5.214751954476623
0.43632071763392744,3.315018553534752
0.35770021645279054,4.221073004816448
0.34808497614509176,4.426175315169423
0.3530316527084382,4.339796445645041
0.3623958979431874,4.249502822053081
0.39112021935767444,3.80866298408428
0.3329299241063075,4.720023125164162
0.36994592442596735,4.120121233270682
0.3781130603743145,3.9929312670261115
0.3169703506055284,5.072366311412862
0.3326191221821198,4.688556893273719
0.3582902749366942,4.260054724873222
0.3418963929370319,4.473857834992958
0.34214931198222354,4.5086587722698965
0.29614986934165366,5.541600693224504
0.3494277856287333,4.449447546542738
0.3273134058695467,4.7397206948113455
0.3033525851758485,5.298968632470553
0.3805136052526502,3.9509254061122903
0.33751401389313873,4.66574773397726
0.26904607686327164,6.335490801828732
0.3129668700151183,5.1511082635649394
0.3647170000318788,4.136076313281791
0.36029908945344746,4.159544477008102
0.38050930095857505,3.951924205117045
0.34558152948372256,4.496006497051564
0.3630481480646249,4.175286524236277
0.36556160894572626,4.103689663213272
0.3222341793611107,4.908162101936143
0.3199340767517561,4.911399950242619
0.30217320281499305,5.48505466579459
0.32984204545359425,4.722506804195598
0.36638233883886145,4.206138279310194
0.3554886374144155,4.292333612210439
0.3343061621262897,4.670743576096672
0.3584265177998319,4.269087984498004
0.3494757452166462,4.3058844844734905
0.3569485343779903,4.282609194357963
0.3765653517458743,3.96891305199714
0.3899343688019325,3.791941283033969
0.3563950426057079,4.232105074928295
0.3572063024027462,4.279846037946107
0.30349477636731936,5.424147684029307
0.4542800803698642,3.1166629540535116
0.35773091613318625,4.297135035419924
0.4187990996182516,3.4317453019000115
0.4317341097721099,3.3090966404890927
0.38611474132919815,3.8316431725491733
0.38277577074966496,3.9402367076408407
0.32509121879864,4.744262569869216
0.333545438910564,4.717171206648637
0.3371021167691839,4.60105558837258
0.3471643347454275,4.351113771020455
0.3920547242367475,3.7610069004173887
0.3108870675683477,5.06178739111617
0.40062289772700166,3.680074961876785
0.28658203702252494,5.766160580804445
0.38284391535185164,3.9391882219583803
0.29350460447014715,5.643240315566876
0.33015257145561666,4.817965577265227
0.3869262917887989,3.821482462000575
0.32756480625537915,4.860605066230146
0.3061367796791306,5.2524568634703614
0.39223066374747206,3.863292255222029
0.3656150467697766,4.168126777877192
0.3460575421237652,4.4715010263250194
0.31249895790439824,5.195501185366322
0.37696451525523805,3.978544676908198
0.33895959777893075,4.527669722065026
0.3471318455536313,4.41256585660619
0.4137133767200786,3.532225539283206
0.3368504365211894,4.633646024654996
0.37188141035336586,4.075155242938224
0.4174746297354442,3.5095465971852398
0.3145898457276345,5.059954436099994
0.3880240200152049,3.8336415984247467
0.35221003757425934,4.321626739822791
0.32037388074876605,4.993481429159562
0.3644332644432604,4.1642824419717535
0.3331810924742216,4.680534821575862
0.34739818697594727,4.564852451301647
0.31605759313861814,4.9667626854395746
0.36909417099147257,4.098693552614504
0.4054925620486015,3.5896021094737898
0.36930145664381175,4.113230015096813
0.36368734720323104,4.1192217049766615
0.39597943337565034,3.8136036740426493
0.40000825636933085,3.7384479215026296
0.3667572927162147,4.094924269408737
0.3167581920876317,5.068097858189105
0.42430507759859415,3.476817736967345
0.2996236087312337,5.370313585099872
0.336070049289091,4.624747540578051
0.3350140514064371,4.586425145920017
0.31103405917791727,5.158673754090069
0.33482223312551773,4.678690456168039
0.332438152121709,4.667764051578136
0.3829087158110036,3.889249658083416
0.3393511493413106,4.589152613996521
0.37555211817341116,4.049923248868297
0.37939747946497826,3.9390084879724556
0.3472581582917102,4.298465585319331
0.33600333475866245,4.679292051331195
0.3584518343007072,4.291895246665622
0.39476223288120643,3.7662809121244467
0.3086548485779262,5.153801404835381
0.28977058225410246,5.691220487737131
0.39086223533848935,3.807955483833004
0.3570875969687916,4.268957898301631
0.3587966457044459,4.201683618562843
0.3455110549528891,4.412032792382752
0.3531159028769035,4.349513777985892
0.33886507951909445,4.621309692938075
0.34994122661027477,4.397422152833442
0.3206921201063379,4.936090831812687
0.34768237689341364,4.417973905384992
0.35526010273854386,4.286527441107451
0.29850675373600133,5.473260229714717
0.3179825248432438,5.0827745192131495
0.3512104416672327,4.42073218998677
0.35783972056368196,4.238256083592479
0.3254779484063549,4.8001703589167874
0.3881440769322099,3.8274389928009045
0.3699148999766466,4.118709323336748
0.42514468441947617,3.4233639495488326
0.3902716997059958,3.8428847998749576
0.3490152339590893,4.429449206854801
0.3341018674420668,4.6675494337878884
0.35371870258106947,4.296380216447793
0.3523015511087914,4.345638770327498
0.4040570351471248,3.661019081040341
0.32651898557876485,4.824812269933047
0.3093593465290905,5.206057901590505
0.38245289770012203,4.010259223372006
0.37567481615784104,3.990926313892184
0.3982424754213697,3.703671675381682
0.36771038641088877,4.124403259376895
0.34677861029527113,4.466355571015404
0.35413612851278675,4.29313752301973
0.3195055463080205,4.991510421506151
0.34222972154020576,4.553325487687957
0.3750295511334257,4.011195373071466
0.3599077217465258,4.193178408210058
0.37950594914553587,3.922592635268306
0.3160195275994045,5.120951645023586
0.3483823866767445,4.459472730689404
0.38268405645662174,3.89682250302991
0.34135891469390933,4.530261731304021
0.36630790611064457,4.1262216504783
0.32714959226705986,4.706946203012377
0.35240761812192484,4.367347391419234
0.33993599587405554,4.63056373793642
0.3637529798430674,4.127143973116742
0.39921204299423113,3.669879591842154
0.3361189612188954,4.651337997905605
0.35783972056368196,4.238256083592479
0.35783972056368196,4.238256083592479
0.28270172676823685,5.862235037674495
0.32076007397074274,4.917912952377141
0.35888055053374535,4.343605543439049
0.39071582374918035,3.8572016970574574
0.36462629935576096,4.125811910022355
0.36667187785209177,4.140820156422266
0.30769697248271616,5.224331395158572
0.3382461247420575,4.638516136333665
0.38176256474672327,3.929915384459841
0.2639789163878231,6.3732648009170125
0.43152935519482144,3.343360545839267
0.39221028483719134,3.8288994044235363
0.3681310717833217,4.165991225453388
0.3115818175495193,5.153357118950889
0.37561669546543364,3.9999620638866045
0.36918215644386165,4.074300098762235
0.3494757452166462,4.3058844844734905
0.3287837629925637,4.715189431688083
0.36512158431247055,4.184495531782144
0.3562122909308396,4.298882367388143
0.31367885376969273,5.092189231093594
0.3889291977125836,3.878324469622259
0.3192211276935565,4.957367158149934
0.3455191536276014,4.487230210751765
0.39361003491483515,3.7438051519029703
0.4440524695794227,3.2490236850741003
0.33725936410177504,4.592946420138324
0.35546385482333787,4.405087778724741
0.37391343002222743,4.026935762925664
0.32628854794551126,4.707054605130369
0.34558152948372256,4.496006497051564
0.3653497428122496,4.11851792095847
0.37338577309553517,4.064607639457138
0.3151992690290782,5.169138725323605
0.3393511493413106,4.589152613996521
0.33512728630960326,4.589567463973308
0.38757671121166476,3.8505737380272897
0.33195928021209065,4.717407365433537
0.37375670485606627,4.01884723731454
0.3554886374144155,4.292333612210439
0.38174677734678886,3.8684783628685153
0.33968600653401715,4.646477748638439
0.367799103984975,4.124733828746844
0.31062684519288164,5.103695105412061
0.3479429473826716,4.34394050223499
0.32000372079742795,4.923527991723151
0.3883951770295998,3.875432747325945
0.34795277955180304,4.354563387217992
0.2997412121721954,5.465862004796721
0.40733337636267114,3.580006402204286
0.3572893003076562,4.272036372477778
0.4103322230696006,3.551795766333768
0.4071847723539669,3.579570771712653
0.3196074220764329,4.940453393593834
0.26151270679538174,6.7010500094755185
0.33809369591701915,4.676301173837706
0.34867989070116095,4.3863184058065325
0.3759625312253747,4.037778350109293
0.34037244302721315,4.5905123276229425
0.3589725031725492,4.307475982641713
0.4094687915413512,3.5305377217723324
0.29449379500666123,5.46261553510656
0.4515289590410981,3.178710156834117
0.38611474132919815,3.8316431725491733
0.3499375727399355,4.38506246486163
0.2923205429091651,5.620432845586525
0.3293763411395809,4.788341459457911
0.3302154094723761,4.79249586735473
0.39211062642277894,3.737073870995104
0.404753901325255,3.6559081454035733
0.38836100562702325,3.786685755044383
0.3547065192222097,4.325238622669216
0.38304117472788546,3.929886986293808
0.36012186223461357,4.253830574649789
0.3222178279713894,4.816979322763078
0.3562122909308396,4.298882367388143
0.3957493843766356,3.6983940833550215
0.35107317842611363,4.36156142897054
0.29898726531608144,5.492802854459922
0.3649246715238328,4.159598386732248
0.43748517858543523,3.3277171906464806
0.34057692326266303,4.56782344354036
0.36056051480983115,4.275827461201672
0.3844524190508589,3.8626736136960673
0.32843713184583345,4.719180780653679
0.42617991752432005,3.463007954557055
0.4113735475014113,3.5669373107433215
0.3298958209311358,4.75153237426722
0.3245225815079055,4.781024662643605
0.36656132084732074,4.114591797272058
0.3710216012126425,4.110056536145994
0.3384454027813929,4.5193541028955355
0.36613004959705053,4.152243066479079
0.33250064604759855,4.7026534864160325
0.362519576104458,4.212115028354731
0.3527002415814649,4.286777273227542
0.27550560907759525,5.99180279086628
0.34158583943862225,4.457933353052709
0.33722593097867787,4.652493294249933
0.3384454027813929,4.5193541028955355
0.3532289982333816,4.300390165274678
0.3759577820448156,4.043842534329511
0.35996020180943933,4.231753524533369
0.3326718616353877,4.721225018527111
0.36998406945158163,4.045409213898376
0.3569485343779903,4.282609194357963
0.39297971499055717,3.7901627735211925
0.363646564012652,4.218765904596391
0.3155108070957076,5.020458844824053
0.31975461629274876,4.973573993444824
0.3391084948847154,4.620763072089768
0.3704476854970474,4.118470235201837
0.33573288328267115,4.6261909708573805
0.3805814920139821,3.8620181847028525
0.3797896045678409,3.963111966908009
0.3363187543913968,4.680645421518162
0.3292751999111269,4.836910775038593
0.39182099920201735,3.787948633790114
0.2862690483283603,5.790183010549109
0.3331465165859476,4.723869782683954
0.41023282773780256,3.596387513232179
0.3118159788788561,5.093121433659372
0.30769697248271616,5.224331395158572
0.3157502683412798,5.062218404999921
0.33356289411723683,4.602446013317282
0.29030686207898426,5.636017015245313
0.3825514826214794,3.842820237928192
0.34610926795429775,4.474344332687102
0.4118179995968023,3.532181104876403
0.32727180016115254,4.717107144798626
0.4054497605590705,3.619637435905416
0.3727672908160737,4.1186546654816505
0.36147836844212866,4.093049800042743
0.4145845177500546,3.5501080783584027
0.3599986481696408,4.261345437941322
0.3699652961333878,4.072456614581331
0.3699310075715466,4.072438671802881
0.3759691160010607,3.954708295178644
0.31892756532458727,4.953339979240833
0.37094770608228533,4.09216472267434
0.28658203702252494,5.766160580804445
0.4324110517774018,3.3585573878438484
0.35531140118363075,4.309703064886463
0.32848570511406316,4.768186440609403
0.3582902749366942,4.260054724873222
0.40913468106788026,3.6170008607987096
0.3761118109074335,4.024310821003327
0.40147140832751443,3.6228041426265407
0.3227397684546504,4.905691672650816
0.3401315418046169,4.581175169001284
0.3311643088726641,4.685051287229305
0.36769814947318724,4.106217140734115
0.3340354547783281,4.725821283738462
0.3508068801504879,4.39006114907046
0.34984345756607504,4.434004363982503
0.3902716997059958,3.8428847998749576
0.3857986688582523,3.8826792569735358
0.43680880537554045,3.32658111294079
0.3443415790405832,4.558198210297323
0.35456605657792656,4.307733829791903
0.39071582374918035,3.8572016970574574
0.371929702656193,4.043331925779684
0.3431646948527654,4.540365015492069
0.33781484445496474,4.631831408684657
0.304823168163492,5.2149574088141355
0.39934307732954955,3.68972603565302
0.29647826690341567,5.549468345509675
0.38921692950626696,3.805592825493743
0.3276021217317862,4.79550762853612
0.38909519058183767,3.8383892185918747
0.40898711708942725,3.5796523147276536
0.3531159028769035,4.349513777985892
0.3377090833538875,4.594301859092457
0.39656465134999996,3.6908591402996747
0.3658333126098054,4.161877661020461
0.3405658873986618,4.589387517167169
0.35475546334370206,4.340481873548317
0.3147129412529533,4.922054504778566
0.306753368182588,5.282972077360906
0.2879421958065507,5.761924048202544
0.35459502966277806,4.322103634207537
0.41373125520215137,3.52509020937619
0.3164163627097337,5.037145930388272
0.4301197044746578,3.362647244056026
0.35154427626759416,4.329164623952723
0.3455191536276014,4.487230210751765
0.3365929811868372,4.59874816306242
0.4182308090780224,3.4539802660771395
0.3880240200152049,3.8336415984247467
0.3324752067920361,4.6743404362550836
0.3797896045678409,3.963111966908009
0.30615460846664905,5.196747194769176
0.4273988036396488,3.3993670263564955
0.3447011105457227,4.390996910462111
0.322822744303935,4.87685279927391
0.36064892800705955,4.213057755377475
0.3555592469970571,4.316653227136111
0.3363144274124288,4.694217685117336
0.3814152812431229,3.9700801917879804
0.2617499313803684,6.620884711220704
0.33015257145561666,4.817965577265227
0.33099875860789313,4.6965633536114915
0.3411334997994599,4.558653042905574
0.3768169903352186,3.9943215523166336
0.34044903496675843,4.563736679453664
0.3031765069893182,5.321479807758208
0.35224831344254465,4.3879675810807734
0.3314747961236738,4.743348397023644
0.3361400484898693,4.60696746922482
0.418470755185939,3.5108656543893795
0.38432469463922736,3.863585070773778
0.3671342683983207,4.1078641215451235
0.34415868672050415,4.56992836614395
0.37680752690994523,3.9665818370947568
0.34412896350685057,4.502316063267285
0.4290258316844361,3.3876235563229327
0.32882526806362977,4.742372416227715
0.356870618302564,4.236773431564985
0.3541499328781654,4.33543354022706
0.3662504219895745,4.119641368260772
0.3135150248840608,5.123581937142616
0.33607110504508614,4.716332968287689
0.3938013109398126,3.7086473968274185
0.36558022636567084,4.163430330174787
0.30804814189994406,5.129635889468982
0.376416080958858,4.0115572404091004
0.3554293796681138,4.30581269618917
0.3293399386267284,4.806454452838381
0.4093605057307385,3.609725660597823
0.38001945235679285,3.939087903945612
0.4560635965480027,3.08049335648736
0.3488747346521425,4.442573413565637
0.35357304257897537,4.307896848437182
0.3484833617565177,4.399341216466728
0.3310115307567336,4.741503448913634
0.37448935204161704,3.950031917626369
0.3647933989942909,4.12899076141616
0.3710346797486382,4.134981263356335
0.3803591752167891,3.8975612327967175
0.298943002177105,5.429850853586091
0.4422980672821644,3.2682796397599883
0.3906763911950619,3.800404715640718
0.3775364619269507,3.9720853752552405
0.3656666185533827,4.078725345733791
0.372196265615036,4.065605544625846
0.38211758449040706,3.8952976008745255
0.37904288511150275,3.9834405820614993
0.3349720425911071,4.656533064786822
0.33078176296530387,4.673411845548497
0.35434262147605383,4.340262266706862
0.38199035902635164,3.955579757429049
0.3975167689360189,3.7375709121980307
0.38667040724127166,3.831859893267763
0.3899343688019325,3.791941283033969
0.40765791093699166,3.6524739415681093
0.321638250030122,4.871155404554877
0.35777167788620307,4.27659909276903
0.37377370475050553,4.031240126501294
0.31759222865457115,4.9971167167176365
0.31750120256977843,4.910342721090881
0.3507866791537606,4.3285546477059755
0.3581780464914122,4.244603255997163
0.31938077645094126,4.895801963116342
0.3836758027941602,3.8688679514148547
0.4025723458180355,3.6793071214971578
0.316193039581456,5.053031904738282
0.3854540872076245,3.8529363020827496
0.3330860753836066,4.6826611685563
0.36038559139039683,4.174416158589624
0.33193570179556187,4.723216014172519
0.33815416638257423,4.5881759657035985
0.36581959244387385,4.098780416491452
0.3459878026818586,4.489675303559681
0.39268076424803416,3.853470800548451
0.3471892813484777,4.358232991095397
0.3347210125769258,4.662158853831276
0.3416269436588873,4.526338653173543
0.29237983685920865,5.562571174431235
0.3596904655297969,4.2007467179109055
0.3516830010206022,4.303471859004379
0.29341582492539414,5.571611851239217
0.37195964208733767,4.1029261606551986
0.3785569420980353,3.9877675116314135
0.34099842942600433,4.459858457524004
0.33859839459789204,4.589833489622612
0.34595280007703727,4.497717946217954
0.3741268753804819,4.013175087805462
0.3144890342826882,5.025648757560183
0.3375302845448298,4.616682965671539
0.34816705096200107,4.4170255377083665
0.31335643242331174,5.221235945880865
0.31975461629274876,4.973573993444824
0.36208167293361715,4.191243407361596
0.4187990996182516,3.4317453019000115
0.3448116383463539,4.439867954931341
