0,1
0.2187157939089329,14.316510597536702
0.2302026688620989,13.213782792461553
0.22283150645574734,14.207341431154068
0.22429793824443814,13.955573474935681
0.22286761716187553,13.998245169155382
0.2202056616606587,14.805741483112252
0.22207812609769453,14.395749600343908
0.2234127020196503,13.944890908684986
0.22725724639428582,13.50361773550964
0.21932137991718445,14.9068503955694
0.21915145660940197,15.488733400282346
0.2116564941190697,16.585261765480038
0.2173470124540111,14.975990049579295
0.22607389285837975,13.018340121017141
0.2261820609892651,13.77108344656681
0.22331300594859338,14.002373912098845
0.2171863860136384,14.921244211109409
0.21898066504342995,15.365675130003954
0.21796253588231645,15.35844766357738
0.22841852360107537,12.989153573615438
0.22544577510344116,13.725658245927821
0.22640962779164903,13.387531578803555
0.22963675035145342,13.642346981495542
0.22676636230187436,13.860557128641052
0.22046164296820875,14.497246364413504
0.22131148101612055,14.226858684580376
0.219469894228134,14.17454053906658
0.22006755071696557,14.807101675110994
0.21782117387452535,14.97172666456835
0.22162827547190164,13.981147130461824
0.22291179069233374,14.668876396995405
0.22091545559850528,15.080163655248843
0.22375018390616958,13.841981173964172
0.2209950589041063,13.645084870511852
0.2264018561415802,13.522707419571702
0.2223520190883791,14.090524836974996
0.22410133026212384,14.033761943134255
0.22238492204687596,13.996274931382606
0.22142055375186567,14.090395829679919
0.22531033992199506,14.18839967016765
0.234579784902937,12.251897764065328
0.22636190897349737,13.664468003685307
0.2145065672917219,15.73486409367988
0.22057390003957364,14.568517887704752
0.21908108796447534,14.948077646378847
0.2192154490192846,14.664500065953021
0.22487073225711765,13.881655355341259
0.22551154081208002,13.097508497947338
0.22563308715294575,14.013205635439949
0.22076311352438857,14.621349778374647
0.21171552310755373,16.08298865257887
0.22465260678517582,14.05075389174887
0.22869136039683055,13.203335192390655
0.21521757489030025,15.720938929974759
0.22131295508369292,14.551488045329556
0.22802640810420446,12.993233504659432
0.21507147513821406,15.915834885832945
0.21382788876032846,15.573781832966416
0.22292208476374142,14.38646027575389
0.2234122048997924,14.421253164148226
0.22110059202497206,13.874316686920611
0.2196058350585528,15.102783605341584
0.21980452129521405,14.462193866601547
0.2230323671337469,13.756103228762743
0.22777625479059418,13.306514312964188
0.21667225792330091,15.020756776968476
0.21816270337093013,15.051469347763792
0.22846233202540261,13.406183039780815
0.2259372168733581,13.318778764452196
0.223422290063258,14.268418084957663
0.22496035117273633,13.330532620475216
0.22348700619350492,14.15114431488773
0.22360226393413693,14.650363723605867
0.2219146915195819,14.324769133417806
0.22460877522744044,14.13815527877446
0.21772332538772782,14.964913039879896
0.22321847891864322,14.300716157687845
0.22621951339551202,13.879767489590268
0.21894318711507837,14.444319605337405
0.21784097573435124,14.918723075862975
0.22198692778168494,14.010694044948563
0.21678308496749538,15.02543519363254
0.22562729496880482,13.67990424728943
0.2214025302399483,13.943398821739903
0.21917625312469194,14.584905723976766
0.22301692334283038,14.442799482654731
0.21931831443675406,15.127261258232995
0.21933538793933932,14.424445069514427
0.22264757390281636,13.976606104017408
0.22681010023399223,13.673722773084535
0.2338254275790151,12.283025925214902
0.2246473270902224,13.747394266844612
0.22200590006881188,14.330604177077943
0.2188398048440429,14.82612120884288
0.21838931413782964,15.286559854972964
0.21979010856618159,15.064996851800487
0.22604464187255158,12.98201347292803
0.2214466488016111,14.603733018065501
0.22626957457484695,13.46774982877632
0.2164985687558313,15.410462302709252
0.21285828050015504,16.50642727350371
0.21811619817064287,15.467351756469046
0.2218538308482359,13.98911534604213
0.2276305774099865,13.348358221401853
0.22488343790989743,14.092721942069549
0.2210656217688553,14.589703501852673
0.22435017771039115,13.711171137795557
0.22440934786590705,13.476138441256762
0.21759725586856377,15.039433894873314
0.22871577989094274,13.424713153127763
0.22492915369283645,13.971835227102826
0.20707073652595614,16.545505296075603
0.22864525438621713,13.25283813073508
0.2170588613036479,15.411402556239823
0.22086812480130916,14.793160091920376
0.2234525892062599,13.81015826631459
0.2272880560880692,13.212217631255074
0.22019666451799097,14.867247266747206
0.23245488375272036,12.480920673507564
0.22105622963670996,14.526303549538913
0.2160971228205913,14.91407610664362
0.21889047906908826,14.542991965607861
0.22938485130132238,13.049310336211736
0.21984021471240037,15.020246744984826
0.2176894408195238,15.172159499377267
0.2189234548691264,14.952976612472028
0.22061349284496617,14.297827467600772
0.22357071868277528,13.99247344834815
0.2205068345711852,14.545269886819232
0.2241838919452474,14.002367127202865
0.23343410355072106,12.643578737364566
0.2263797583495876,13.07580900795331
0.22343855927316245,13.723707651792937
0.22386822640059528,13.604612235614066
0.23508471072534048,12.798569125449408
0.21749567486308505,14.874959306634175
0.22457928176307113,13.749114589530828
0.21866603716884606,14.467921375232615
0.21066155944810078,16.204265308558565
0.21974296036346208,15.309492521827519
0.22561919462870855,13.980894201963714
0.22248287203348632,14.615866340673758
0.22446206025945925,13.930130753287504
0.21441095268644886,15.186459747231389
0.2235295458196882,14.739815108917053
0.2251897272470945,13.622259147004808
0.2188380176544656,14.486479173551567
0.22472706099887624,13.685878373748206
0.23075079016063235,13.237890033544385
0.2204216546405291,15.319574955742164
0.21978663500771203,14.620429660023055
0.22661821745707156,14.117768233744227
0.23031459699964077,12.455853746589373
0.22471594049046786,13.535158973839492
0.21590371899655014,14.991621850028155
0.22482059561178958,14.099084341329961
0.21788608306396878,14.568223748855816
0.2256803955541767,13.598413623616512
0.2234172538012848,13.498137633226353
0.22485883181792843,14.079298135544105
0.22920067475153852,13.398705350612008
0.2141506109777743,15.021707668263206
0.22646322457726173,13.471559761050639
0.2283489268486696,13.368091181323985
0.22307281737952928,13.914268383038944
0.22140688148017734,13.963109299005032
0.21982955480913005,14.229413865191649
0.2261297493035464,13.856567819688468
0.22234307453857002,13.973215379441834
0.21043002193580768,16.18719023181889
0.21996388860058927,14.602641191368281
0.2183204431432307,15.928110062044501
0.21745045575847827,15.693239878161762
0.224506736692227,14.404289810557083
0.2166911639257498,14.416413829082574
0.21753684635451673,15.091215965589917
0.22672894715107825,13.506624948189659
0.21900312804842514,14.804484438337939
0.22287831775966468,13.654079237895367
0.227302290535189,13.470077726127865
0.2226041335159093,14.050830158000412
0.22972127156904007,13.01123474428809
0.22371585316286413,13.860737099709812
0.21874014494987803,14.651804659810614
0.22286786868399758,13.796150878809856
0.2290991927247916,13.458764839344727
0.22618486156964318,13.247601185898025
0.21570099551946578,15.178287878532677
0.23074343423007398,12.916059767868052
0.22858740088223672,13.094807665447554
0.22153068483421626,14.153000285480987
0.21462266969976485,15.645013043769294
0.22423606227263854,13.98945731217125
0.21505534836889853,15.080047939458863
0.2330569229689055,13.385292650278304
0.22002590966130378,13.863628911226344
0.22835785104242745,13.1219516076998
0.22668673048876498,13.708113791884074
0.22367694856327008,13.654279434973931
0.22121390026065546,14.618809512670158
0.22106779852691388,14.31745975973011
0.22526457681927253,13.549478423491335
0.22577284976467005,13.458392080526696
0.22713469481482843,13.540797238600607
0.22690031938910232,13.836365783174406
0.22189292625347096,14.166835490247543
0.21945634246355145,14.15246277083795
0.21380056965610933,15.370497101981709
0.22276662013701576,14.3176398825538
0.2229668776904647,14.249916754616859
0.22515241883348483,13.588498907027859
0.22321195335555133,13.849424878226401
0.21727913968939375,14.631289475414468
0.22245997010140267,14.148182128462302
0.22517152989654282,13.765945257780617
0.2217592987702757,14.447343436560876
0.21922401716563242,14.59725030525017
0.22361200734629316,14.113804904638563
0.2269816351033705,12.889188512217194
0.2201052975945951,14.634098283316602
0.22430840191796697,13.772980303440352
0.22246566461331072,14.700326413427232
0.2223126505766899,14.789367989295004
0.2244379124322485,14.197309106634476
0.22025598678729236,14.409613088258373
0.22414359551505805,13.541538838018413
0.22648339977693052,13.819712863621465
0.22235579502143338,13.647743041313413
0.21024725559840365,17.058006492978656
0.21527713416985442,15.638132131136535
0.22414288351200945,14.392310561890836
0.21916143379273628,14.57480414760805
0.21973884809269578,14.598712037762956
0.22969874691711334,13.425839008409827
0.2267562183874672,13.367987638096935
0.21424805261949942,16.038350285981412
0.2294596890178839,13.070857617944167
0.21752931382412694,15.105606164270384
0.22100974566094717,14.510258579242109
0.22720334690137936,13.819999780481488
0.22629620059316893,13.862069235747803
0.2257948004810052,13.42659034545233
0.21880406313934797,14.976680394166213
0.22743218630401335,12.859085975555255
0.22515241883348483,13.588498907027859
0.22765733657077966,13.211644695557107
0.22060460004296484,14.585407206307018
0.2186546827447781,14.611797643641426
0.2223976875945892,14.497057511941364
0.21864720802600035,14.471859211185082
0.22858510920386085,13.073977414645569
0.2249140355204297,13.536944711645898
0.22212819301603043,14.293030818116936
0.22168459970382307,14.748681323279472
0.21501731844005123,15.456666525349753
0.22354615191935995,13.472833125070323
0.22346144335287657,13.848805900512117
0.22696081305955412,14.04287541921195
0.21746359365064502,15.140797287494442
0.2132911681565947,15.481017424391043
0.22547088984295577,13.653286263630035
0.22076519668650776,14.692897844647572
0.22455131449888213,14.095394410369215
0.2273515538108022,13.453658361040201
0.22925150457414273,13.113775214260732
0.22308637518832167,14.260319228555323
0.23209752682753784,12.623936587276424
0.22085738123768875,14.208030929402257
0.23040977755253497,13.017321955400748
0.22860811397901823,13.263123038000163
0.22407791844954458,13.865948395399126
0.2253896830935306,13.177354919853762
0.22003375576427642,14.648129279233506
0.21956803210580006,14.583313070126271
0.22091001669939447,14.580662945439036
0.22187737498810697,14.369126555161742
0.22573891058955242,13.826709621652771
0.2224891322698519,14.189836605964386
0.22429793824443814,13.955573474935681
0.22949424200938173,13.384200294492496
0.22242499851151465,13.899827305570714
0.2183948958246948,14.491673775614117
0.21695606138847975,14.941354173219317
0.21851686599138534,14.873106660204765
0.22008202883503467,14.400014780662937
0.22847557969435137,13.144454570241862
0.22875645460711633,13.357134775065077
0.2242983004130141,13.702306780758239
0.22218734582131527,14.20370383961608
0.22317133500325467,14.29608089650905
0.2232243210317796,14.00724840398488
0.2215039106736663,13.8931861175881
0.2237372651755966,14.205525935683498
0.22990681316232567,13.251226233341285
0.22326660326677497,13.652812170110497
0.21895718205353756,14.355371029406529
0.22282144416843996,14.34891553439747
0.22168051687512227,14.123933941205534
0.22041229198337572,14.224549371388377
0.2180152274567311,14.500905189744241
0.22943273325623154,13.17466685071481
0.22688855423920812,13.41076393741294
0.2210634390393514,14.79493153255289
0.21472521984783513,15.245156286058888
0.2257696033424158,14.043253981135093
0.21806381874541403,15.481251342150898
0.22246178527399058,13.779901496714468
0.2224395937432928,14.525677169480304
0.2169204370930106,15.207809046085986
0.21995431580339908,14.585916469378214
0.22652753386546476,13.549269806662403
0.21928921328997086,14.506508106375886
0.22223657768657987,14.519080526900147
0.21715015128265686,15.184846946585079
0.22325571123962748,13.73151512671771
0.21546278963548476,15.956673273760888
0.223071761145843,13.98193827502423
0.22187789532413632,14.412524244171054
0.22916155814328126,13.595470365883479
0.22495580191075124,13.844485271945524
0.22672015886189312,13.377347271665295
0.2197513653919914,14.941767597595323
0.21582800868264457,15.69518220082981
0.2201622639158391,14.798299165568125
0.22362603000115955,13.812877018726983
0.22183909733110016,14.52458830194893
0.21132003721601167,16.903095235547465
0.22904096233702761,13.64602334497689
0.22365029674403403,14.167267831496385
0.23311418757159078,12.608736085468031
0.22274371322418096,13.932181948461682
0.22509478078064882,13.474269813963259
0.2280387175054534,13.851476973581294
0.2158626523066212,14.451827590219104
0.22404901492923035,14.129594687051373
0.22062888203772704,14.579489336731914
0.2171565784597773,15.652561004915004
0.22712252860433518,12.94329402505902
0.22457960577862682,14.088223590256211
0.2274865606737848,13.6884066459708
0.2288717517850516,13.178180717760807
0.2225489983282642,14.106237445892797
0.21619289746701953,15.791480341100256
0.22105272383669183,14.025469900726977
0.2175825449853661,14.567848568509577
0.22160965178651487,14.914264718476074
0.2302582643284783,12.680234996695585
0.22657571644403646,13.64332074523806
0.22063314072675355,14.187382947621602
0.22668800367936215,13.662678874394903
0.2211343379910578,14.550019579620422
0.22098751974784347,13.78096033506937
0.2221021567362737,14.562817273627546
0.21943334358014688,14.91679899195892
0.22425241647004404,13.314462053118598
0.22150003323197903,14.021776284564101
0.2236593279729094,13.910885087899816
0.21350391746345268,15.943185048959528
0.2245244338014433,13.71444720085086
0.22914645915696602,13.341681664767533
0.22587725470756764,13.216504372150084
0.2274949332056888,13.55585044801265
0.21386663468923425,15.9389679962619
0.21694358502479408,15.031281303361665
0.223567909319016,14.392483608515105
0.2274271303064876,13.84271225443235
0.221819295004699,14.30218417621644
0.2252277246871303,13.611892016097853
0.2188476839234247,14.643639810500131
0.22811141395013995,12.813288190236028
0.21585503102966017,15.48139392810898
0.22667526643689512,13.879814185550142
0.2211487916985821,14.618185557353373
0.22132926723748098,14.14614369093879
0.22604538867278134,13.296177843041662
0.22400496047604093,13.781813667456298
0.2236098991043159,13.863751214919665
0.21632298420655927,15.16608533548179
0.22383863714053348,13.633214531611896
0.2145674605830731,15.37885340904615
0.22438555015640813,13.598365833811215
0.22374463424489216,14.030069328092594
0.22301274606294208,14.377176185737635
0.23011586866854614,13.230410879116379
0.22270264907939608,14.669660888435143
0.23236355691650248,12.759163503429304
0.2212529372251118,14.85980055681781
0.22410860243901726,13.81493731396339
0.22370406760898254,14.493464229275403
0.22440523099382834,13.830820449404076
0.21688175840120613,15.145285361331778
0.21605834096858237,15.47659818426542
0.22044639439921956,13.990094898333288
0.2286187221665873,13.049050664578404
0.2229925885057163,14.299335175963618
0.22580679912956736,13.452757748957342
0.22713525887632308,13.6347199838661
0.21883628252590456,15.300873168440997
0.2312195859043356,13.082451616783265
0.22432449554495915,13.67847591410616
0.22595207975101744,13.90649777867805
0.23255383997007203,12.748375431450679
0.22477086996197324,13.48320338622734
0.22432867702490394,14.15494288550071
0.21780666074667138,15.216103892659333
0.21894256022425038,14.841994216292532
0.22312144597034017,13.934032801855457
0.2174182654962116,15.063648033486817
0.22603289239696644,14.19390926847596
0.22837861720393648,13.39409084343494
0.23527346355473042,12.33456182745665
0.2190590719298961,14.772695053064137
0.2173410768315715,14.739138372630094
0.22812287392914155,13.282614039877386
0.22579492125646541,13.496518115356858
0.21805656271133173,14.687518487267573
0.22074636300195422,14.645571451839803
0.21727542205560282,15.340328143629606
0.2187582065783553,15.147853353606148
0.23033555792993204,13.138487780126534
0.21776668898590895,14.736698084477206
0.224105402567906,14.234835826274898
0.21684715130316373,14.928232567072513
0.22483876405393816,13.141710009085159
0.21655894935772854,15.245099077272883
0.22754073456130336,13.485303632730913
0.22295443992792846,14.103440049343254
0.21548928949318827,15.472731255027353
0.22798906580189524,13.328124341457546
0.22218936296086192,14.160270367115386
0.22536807195133973,13.766699955457325
0.22011470222271842,14.017795037126175
0.2187169871752694,14.39924878917821
0.22175136888886632,14.026711499109014
0.22596917274726408,13.50199422621591
0.22060715209880147,14.339351518109213
0.22399027291077903,13.58162515347305
0.21993824063042125,15.160517092149
0.22045738700540363,14.270187467771851
0.22738202761611243,13.405159051655277
0.22234891953475316,14.166104525590905
0.22218023423403502,14.110524668736389
0.2170747038841352,14.934603682690772
0.22284820996396443,14.36207759523703
0.23033268249762015,12.520891598088948
0.21261925361842904,15.676908507693362
0.22310881718381903,14.459052730992603
0.2136381221896871,15.972633264047193
0.22837217795321363,12.899578909424267
0.21796132230849732,15.167078339389201
0.21844098770953568,15.359062174097975
0.22391498540715596,13.644516362201859
0.22324292126287604,13.77514553017213
0.22175258743580062,13.794535136350293
0.22536316898927933,13.87629830593138
0.21401565716602916,15.25162004180069
0.2271458728688679,13.415340283698326
0.22164835867224916,14.158490134231107
0.2293122415308497,13.260034917117565
0.21661560292056856,15.185882928123688
0.2211811486160833,13.997248490163287
0.22466767309344735,14.202793599224407
0.21600011380015027,15.752710371102356
0.22359859898723605,13.424711855969518
0.2239482795490152,13.609851387553624
0.22503500911644753,13.824443263675061
0.22223675136932836,14.241309755468151
0.22520864201440227,13.725295659422464
0.23284343277701666,12.759474719422018
0.2229803375807109,14.30162125216583
0.22091929377182687,14.16732932232649
0.2242534711385544,14.410131097121829
0.23101668362159353,12.992776159819742
0.22231295231728995,15.268017550948493
0.21759086920234585,15.470839768333192
0.21559918554364185,15.498008587433521
0.2200112856608661,14.985641343326353
0.22176192011443882,14.659766530168413
0.22056338698161618,14.187099914960337
0.221989759770876,14.471149225087878
0.2232908427047325,14.102369324325593
0.21956896469228018,14.516734754059122
0.22992866612176435,13.105994416149041
0.22319541929043432,14.029643483120601
0.22687596828508422,13.748035504070975
0.22488784456611988,13.931036694371528
0.21832243504400672,15.029481331678028
0.22310591531774246,14.538999150664283
0.2232515980108077,14.850484651197402
0.22073471619330237,15.178914883451398
0.21936435447582497,14.992616612782374
0.22269348357806096,14.247270865058425
0.22026080847741147,14.710658996303241
0.22589460683931376,13.399081558883646
0.21920339225330712,14.666906136142234
0.22011846482984468,14.303047786243646
0.21945406523240274,14.70894453837774
0.2324773001151197,12.404651198573436
0.22301982077077334,14.337610604237398
0.22805511297811462,13.591783142866806
0.22563884180524096,13.55239516717026
0.2222199169056884,14.10993928025097
0.22200731386648015,14.37088360162398
0.22506911971012616,13.72936179537707
0.2204726520047004,14.466581896243198
0.2186380391559177,15.056354599106415
0.22389046383205516,13.747157808662429
0.2254486650795111,13.803713933843055
0.21831140599407126,14.604019593719125
0.228530187614766,12.89708861599038
0.2115243614972984,15.893354876117591
0.21778615254113337,14.802113766245842
0.2240521900976803,13.846681536570127
0.22273376782784032,13.773983270511327
0.22025464830188435,14.406442071988213
0.2274764290489546,13.480015987288457
0.22649816556364527,13.462087495475767
0.22188855959344628,13.933094191252751
0.22577474668260722,14.217514747166465
0.2318360207287072,12.440840666170468
0.22696888208181717,13.206640017557065
0.22183957235101018,13.939297979048925
0.22268643434014207,14.102167665654113
0.2184146761257259,14.220036936767077
0.22154268989870843,14.86799642337858
0.2221568694351273,14.43688661643885
0.22181636862237417,14.258920927706123
0.22129449138491572,14.30561441931878
0.22866860738091307,13.822733666051384
0.22399021443951833,13.887964132361052
0.21958509092416656,14.503549512887245
0.22715177639368844,13.606979095208905
0.2243529729626076,13.742680117284756
0.22426943033600336,13.869137475712312
0.23196716019604716,12.644726183610663
0.21534598920084508,15.13452049244218
0.21377862020363217,15.820190933502822
0.21705923983616338,15.312709977662056
0.22546328243852104,13.770081097954025
0.2260014804068933,14.3205132017101
0.224669775679173,13.913693532366816
0.2223727599351017,14.82063627234045
0.22060113940592851,14.379450867962904
0.22180392104128785,14.289291115802117
0.22331829762217725,14.284164294397018
0.22313023908306326,14.676890940359245
0.21965252507207722,14.292619781588758
0.21698845285386287,15.137315148815503
0.21938962105964527,14.568599453547156
0.2295856308971629,13.229055866340275
0.22307086817141397,14.082251634738384
0.23010644154735949,12.938426270067419
0.2179544769308944,15.138141718072992
0.22858465734629513,12.930404205966719
0.21530847145138873,15.617578222195897
0.2271394003157718,13.728046596208571
0.21582828879454616,15.164490630578936
0.2199918983721047,14.388684360402024
0.2301514013758947,12.951113485637412
0.21891162677227963,14.895889459926236
0.21333070263653015,16.52234249080583
0.2209862879165642,14.864739988418247
0.22133044983564437,14.107700962110892
0.22200239796541524,14.125335575439362
0.21773694294424112,14.671370183470831
0.225233659463783,13.04695143306866
0.22319265531573237,14.453630583092242
0.22110903686715477,14.263706086515478
0.22774400223515123,13.220407285966695
0.21833934433306573,15.34703490896442
0.217551183758926,14.776220923381263
0.2163064259161061,15.430065286841916
0.22192871385464,14.009565815497094
0.21794668136741857,15.293605558337443
0.22649047844757056,13.888735082737288
0.22565832986188655,14.015133000662598
0.2221446715615164,14.818135841964857
0.21593751863144897,15.244156798581159
0.22231436580914204,14.113305514223832
0.2192603689427174,15.343261472112514
0.2164696354635552,15.276329646132627
0.2229179764339535,14.12378652931469
0.2173883566504669,15.00185541448843
0.22404430490409058,14.2249447777177
0.22698767971168582,13.805690456325411
0.22707353663639215,13.667309591180512
0.23077439298227556,12.939617238458533
0.22104900397559568,14.987157764306948
0.2212555839387728,13.947451685795913
0.2231885677979453,13.743188994067355
0.21435850456176933,15.47769639355613
0.23066765261157934,13.211255872783244
0.21587375371377762,15.544116398174584
0.22005557189317101,14.611489681750546
0.21512615479167457,15.126920070428667
0.22041720896428774,14.619437174642488
0.2229940750581007,14.737320535309475
0.22252916498234174,14.850415489564732
0.22271272762734617,14.164395424848347
0.21134479696213465,16.371759802927286
0.21861821666932657,14.327212957936743
0.22666458293509184,13.966718564598029
0.21805250790910874,14.71401601353515
0.22318916233038627,14.027452364379798
0.2236236633119778,13.998694006155795
0.21959238850912544,14.913315382215455
0.21480178544689854,14.894866582056125
0.22029111185568573,14.432156412202618
0.2301762057537707,13.54093373019265
0.22353109966617798,14.132941067062015
0.2232240523487687,14.139270777510486
0.2266661937947495,13.542538986935112
0.22181303413199502,14.748487634909232
0.2274928773128574,13.437219587370222
0.2232119769012294,14.119747757085511
0.22164796301903794,13.979126138053344
0.224390833780825,13.83636329246357
0.23034819088996827,13.145076896027362
0.22045567776774266,14.894210498330768
0.21800565843486916,14.947323298421368
0.2242942942968702,13.60715718789167
0.22295872175887255,14.273191040891891
0.23276946852941025,12.969646927161834
0.21989871738595204,14.47391286707152
0.2289595969005614,13.222482984737283
0.22138045858444205,14.01918451357378
0.2216070938225506,14.0830947847177
0.22771325486548177,13.254385074958973
0.21810106012135572,15.008486246410557
0.2218395050905539,14.127131653580145
0.23196224948544636,12.889624408097639
0.22067236540417293,14.412499113231068
0.22036429453409048,14.41335308110011
0.22627207594582216,13.88031354614704
0.22483514866944931,13.469317115870451
0.2302953730923337,13.043554978658312
0.22719603194462185,13.383795744989442
0.21677307308338783,15.443701548281153
0.2296137835214826,13.327170894629232
0.22610259609056682,13.33093294911884
0.2187799547005873,14.569880493964485
0.21550479029475614,15.40214704348269
0.22272340324781284,13.882841087757754
0.22037417680463334,14.570066290803933
0.22863889713006058,12.861069111556388
0.22101507867885606,15.220689458020518
0.22894124905526128,13.51106389813406
0.22088342927516563,14.285536289531064
0.22101904647060433,14.558922609595738
0.22671081340237279,13.867279772057271
0.22762316597348942,13.667570357672046
0.215521520004215,15.163910683588487
0.21934244089888383,14.43123669559005
0.22583116787016774,13.4681353405046
0.219116025170507,14.629697071022427
0.21807983793844388,15.416387963190518
0.22407786890120376,13.753560893203113
0.2237387092014324,14.116697977431345
0.22041390632775024,14.603947283575812
0.2228409772995911,13.97379819281016
0.22538578205117923,13.45846328454476
0.22424018949740598,13.690252581652809
0.22215063215841768,13.941906642482458
0.2230317226814873,13.813028586893731
0.21421172594210106,15.773035718415896
0.22112731677760153,15.26710704657737
0.2209685431511436,14.569475886477168
0.2283969663623143,13.217855574115688
0.22386264149356289,13.889540746442687
0.21781081745794653,15.548015931009841
0.2178757376095577,14.903934961031402
0.21748893343284267,15.0157904496153
0.22301993498462544,13.848339930339147
0.2200128713309748,14.643235888892168
0.22065033321760397,15.022729559875943
0.22052112204200164,14.863012814719195
0.22501890845695158,13.427425363652468
0.22422122180048554,13.887459532550006
0.21625560666446453,14.87775618904652
0.2250072383841765,13.661679638027275
0.21689771475859093,16.26358470977097
0.22081796044413443,14.439429062272488
0.22370452982599648,13.783132530941076
0.22256867272975406,13.929635136329821
0.22294859660956245,14.557055373426168
0.23033332196973508,13.255314621070566
0.2235217727195872,14.070845402248688
0.2276803984725886,13.261292873898249
0.23079781578599678,12.765319233499893
0.22574227101465486,13.345104036866687
0.2227469877120947,13.917637484001057
0.22117913658506994,15.060972779116646
0.21331301250146037,16.09579541570904
0.21748502596241095,14.782294762323636
0.22081091968299774,14.932217642643037
0.21224123467488634,16.100880239071063
0.22895425632621347,13.779474409632959
0.2214568773445964,14.160763646167393
0.22327617419001422,14.363315876310521
0.2201706854394308,14.980563920173061
0.21812976580310559,14.475853044526792
0.2273858205033219,13.496061388473347
0.22369433561888571,13.994278691803983
0.22307457934486447,14.173536817371673
0.22591019208399885,13.262313718636337
0.22175407233543787,14.626043652640027
0.22777106398020347,13.625596211327599
0.22980670636193584,12.69768774331115
0.2277260246841306,13.277780666684908
0.22310835206306778,13.841131448390634
0.21752716945663753,15.233614704472227
0.21606773583600072,15.251603175036292
0.2246749137224835,13.952868126146589
0.2180457890156964,14.530603439247175
0.21710021303773086,14.998113412615185
0.22028339998402896,14.2960053464371
0.22593183290284613,13.740714090945726
0.22882450430669027,13.71298380218123
0.22871580983412226,13.0183895864285
0.22722691574192647,13.255762985472686
0.2277083854745801,13.00223235821623
0.22370678210009975,13.924074701089843
0.21956992560615374,14.760896671630224
0.21827286932094833,15.211348043776614
0.21602157737734265,15.037027634184325
0.23000138608752876,13.42564751015614
0.22687876328271953,13.566753882183008
0.2220657011844689,14.49466771250466
0.22435976092918417,14.007656768159569
0.21763683322344055,14.79074316065027
0.22414595584686156,13.79860857921117
0.22190013103586884,14.292108362526387
0.21675931918699348,15.216682895147583
0.21436573631320038,15.637756593796574
0.2258850821303111,13.527132960762831
0.22235088757536522,13.662084820892982
0.22451419011213103,13.153945157864102
0.2177591549754581,14.923281456378993
0.22832938741842504,13.240239167450321
0.23232937628967315,12.558018369587161
0.2179486844168378,15.596921386396707
0.21588501995645326,15.183278277254535
0.2308699251038956,12.448979293908474
0.22896045513512014,13.127274254345348
0.22872164715557908,13.312520164345957
0.21858834286646367,14.742234590951472
0.22617823188754113,13.510417063279448
0.22219739355220608,13.784198140004076
0.21666211042773312,14.853742565428325
0.22402844462236676,13.683130979516925
0.22025348011147647,14.309833481071376
0.2262873531804985,13.654503564431574
0.21649674588579926,15.320306617101254
0.22558319546835476,13.644344709548047
0.22944284284908828,13.384465650559937
0.22239278356235212,14.65046294042611
0.21440106780549922,15.741681368744993
0.22140968878277517,14.020686384196834
0.22383576229553406,13.610154769421609
0.22582904055698771,13.809107706835167
0.21677334630668962,15.486974314635233
0.22209201656393823,13.73547538416188
0.2236239478871182,13.69855047631872
0.2217718007013447,14.473512638632307
0.22446251704717135,13.296802134462848
0.2169853172523213,15.070380126327274
0.22535149235016422,13.540349379966544
0.22219606854555138,14.520313341662447
0.23217204123847102,12.85335132459258
0.22155657011923022,14.023839117092535
0.2157237999910449,15.57727280834895
0.21043124057353435,16.27707135943411
0.2218555329369166,14.959524917969993
0.2277666341057387,13.148179195532073
0.22360947984182455,13.816701418746021
0.2280981569808917,13.045925198212366
0.21796796905779148,15.508152342697116
0.22605166405808716,14.055353281170671
0.22191553965153674,14.432971952684296
0.22535561249544833,13.177197049061187
0.22225286695862798,14.12286580251405
0.22369980126750902,14.713420528844702
0.22116541420066976,13.960168813700157
0.23532497568725588,12.43053504497857
0.22803204063149696,13.560528711397284
0.2240632500676182,13.461277129681228
0.2210242726262178,14.924905401651525
0.21572386700801188,15.435446233785502
0.22698267447181253,13.4839934427365
0.22276428274738158,14.016449299930581
0.22362718438799334,13.571788274703572
0.23571069697037542,12.666600662808326
0.2230193022154241,14.282692373060682
0.22128115195324177,14.386679024421687
0.22249993023666412,14.154585522831681
0.21506245808388455,15.61288070204834
0.21727180931596568,15.395663364085797
0.2233975007648092,14.22460982409606
0.22576295651336195,13.416455162436609
0.22046124132569445,14.130928154948402
0.22454382213623697,13.959012892155581
0.22296883866792438,14.015888482137465
0.21682082852203785,15.115376755577362
0.21817805567236204,15.104641604472011
0.22514783185964354,13.436838248897693
0.2243835089449403,13.618191072742036
0.21619460327151407,15.251278537239978
0.2235877170203147,14.202778718164398
0.21942318171841393,14.431230994479254
0.23064490338763063,13.22384488214115
0.2216446247668446,14.54010401289508
0.2190173203775326,15.218537743638693
0.2268819946936222,13.025419614007514
0.2202631780224996,14.160598228386315
0.22105272383669183,14.025469900726977
0.22813361135937577,13.261402991849774
0.22759737285775206,13.099903089940987
0.2207390854700076,15.003014601199128
0.21485110883545058,15.007227762191643
0.22768153560735718,13.670829791581333
0.21427548598578539,15.536837237478572
0.22400226878527502,13.379929684355421
0.22299999611318957,13.889025374677248
0.2172361354099771,15.013307602388334
0.21886366700503584,14.601934089262096
0.21769462847597296,15.254650608134142
0.22184543577111684,14.617232034267158
0.22370171697500965,14.061992188596303
0.22919107829629992,13.458684693716496
0.22012123592305397,14.828331319924564
0.22120715694003734,14.60645706258899
0.21946461478446536,14.101326550369803
0.21629324361253516,15.184737530138126
0.22264378960898706,14.323387113974071
0.22598120868496582,13.807355978561757
0.21628600550972055,15.148884724683203
0.22252328075488315,14.089725637696244
0.23049649930356686,13.162476647599274
0.21693364726971925,15.130645263283611
0.22423327853154704,14.036377783441774
0.22306345612001108,13.635213188286023
0.21315275146929016,16.360250818335388
0.2358603922814112,11.914188452665956
0.21415786129384912,15.525589323858943
0.22813993048160233,13.529262268405155
0.21731062591164266,14.542296182168549
0.21956216542473228,14.258859323658402
0.2145707957969288,14.881125101465583
0.21573196475976403,15.77735416336754
0.21763683322344055,14.79074316065027
0.22056841802973554,14.387488885018541
0.22856799782101073,13.209353251283474
0.231918806016416,12.570148122051432
0.22247852454537337,13.997439841800148
0.22112881779967036,14.668744930770233
0.23562780992970955,12.877928603489678
0.2092433044827636,16.66009046291716
0.22221712855342637,14.665418694379492
0.22066512394830234,14.608264738429167
0.22313711226131458,14.33252339364904
0.22194016197333888,13.930646116158709
0.22908763663616272,12.9902738999289
0.2160806752537614,15.861505866297403
0.20598891046039816,17.46095187070561
0.22418941082303862,14.605355945089833
0.21975514223759662,14.945456392684008
0.22595574767612386,13.640161106749195
0.21606080849351156,15.652685086337778
0.21376930178705134,15.770065691164508
0.23107917078021864,12.836411029281251
0.22655207582180875,13.76383192106456
0.22027577947837704,14.151756840817821
0.22319517476849168,13.697517873807781
0.21491597274699845,15.279477336924112
0.2216782298414286,14.170021886005046
0.2248352270448028,14.019474621308627
0.21616209723527496,14.698320879281647
0.22529460995868067,14.379478824022401
0.2167069735105023,15.118502653880734
0.22840128887458203,13.41174657500291
0.21794087604046306,15.533811676466835
0.2254486650795111,13.803713933843055
0.2217757511205222,14.796229033697411
0.22238522231306618,14.32415785518321
0.22108520649332736,14.122122386613507
0.22627065902730306,13.20025134009617
0.23297458580127217,12.77048054484387
0.22381573059896692,13.77917678012753
0.2210403326409043,14.395246643423265
0.22596717956727955,14.100601747093947
0.23230299694289738,12.259863525287996
0.223434878627535,14.304941845652838
0.219992960981867,14.637743061141274
0.22136018259175483,14.189218433046259
0.23651661559703524,12.54193086494463
0.2203516982265209,14.617969977251322
0.2302026688620989,13.213782792461553
0.2190581452218255,14.620326807446899
0.21881360950652978,15.307119248791372
0.22373043242528828,13.839423764782316
0.22235579502143338,13.647743041313413
0.22324644390939163,13.67417584619355
0.22259231962276743,14.2997082043423
0.22453421338912036,13.90106444195402
0.2184240653180993,14.297370459082662
0.22023566282720677,14.84361714295242
0.21686939929593652,15.768601439550205
0.21879764962607942,14.770841902064344
0.2207884416070668,14.690412034777813
0.2166738615281039,15.28848009973835
0.22318141478426357,14.334505634597436
0.22509323644043958,14.203646181820753
0.21924835934396994,14.323631335568821
0.22567684395968154,13.734012743701076
0.2221024085006956,14.033592462774667
0.21031983167820836,15.88989828897266
0.2262256051873846,13.73552814147541
0.22434317138552254,13.707086785290214
0.22093549546655894,14.323234388694207
0.22177616236788697,14.951646738989208
0.225978894724356,13.89684795649503
0.22426972776981877,13.43515438236262
0.22781383282493767,13.505164185345302
0.22787053915933564,13.35229672259898
0.2271971935855222,12.990702214765573
0.22855128948231482,12.765899362286982
0.22588790550467583,13.565790136258457
0.2234048900326854,14.203185000307872
0.21801915303017028,14.905333425224326
0.2149892303547749,15.915770289926048
0.21488350995829586,15.927449751528869
0.22064505849178942,14.782319197424599
0.22018603256356445,14.819020163623009
0.2252571361944471,14.272205577891732
0.22460599396488326,14.224227528921892
0.22296742245442217,14.058618081799912
0.22085943530375338,13.970462046369883
0.21861821666932657,14.327212957936743
0.21460601903710344,15.153881836090639
0.21287364644351958,15.468307232860328
0.217755171301349,15.28869297610524
0.22412293298213534,14.15239166513894
0.22063981314110526,14.497042576027587
0.22653156725351228,13.951686821514585
0.22523707897778217,13.51959550149694
0.22857649933305085,13.604364492322613
0.22434072914883485,13.90555244464494
0.21959533816952168,14.700460951670932
0.22344439151909642,13.944072170863553
0.22173385668905687,14.46353197626734
0.21507912566772694,14.918542155085408
0.22404466006904517,14.14139622872589
0.22110962322002872,14.506127482854398
0.21742482623425835,14.757889790611276
0.22007966101215912,14.73218338873046
0.22637738491880982,13.134409887189161
0.22402816992516286,13.349658884172172
0.2282094637702315,13.265557196453768
0.2237928614256806,14.23631208183955
0.21923072051767148,14.448743693588673
0.22734973119866575,13.507454238235844
0.2225643570195006,13.783369870080548
0.22681182754944595,13.217677934476947
0.22141326011490925,14.480710232212697
0.22098671349574728,14.828968343559723
0.23109738946556196,13.652601886987252
0.21986974343691829,15.044027298366405
0.22321626251413673,14.280266875458471
0.23397034341162518,12.316139135776684
0.21915635439927061,14.493291031662809
0.2194662498386612,14.581123945428718
0.22457964912944484,14.01375700069116
0.22650316052385389,13.494118661680982
0.21528232581762974,14.473824078877216
0.2184569524164704,14.988116355421251
0.22143655475876753,14.159610112144811
0.22516107234315808,13.743123196671453
0.2204505634589665,14.703540423104991
0.22296669943514608,14.316373380754236
0.21793626862625923,14.683609741657653
0.2219680960112892,14.154499574030345
0.2156614587753965,15.328167921780073
0.22052818851317044,14.34444588066751
0.2303272461997926,13.013774190657355
0.21867986436992654,14.860021925754905
0.22459141544430752,14.194630899297804
0.22185839944464014,14.794543230111685
0.22754865103924934,13.483973871159307
0.22519648453521854,13.571036344606686
0.22339285389665203,14.323197241769767
0.22270823736132175,14.916392706719616
0.22170138021971345,14.269862788671508
0.23404092773709537,12.133884393207913
0.22634819821232682,13.780098731536258
0.23393181170688565,13.053106982809622
0.22196254587454564,13.813765549489116
0.21972118931741172,14.781610002037803
0.22179548048985465,14.51811718300717
0.21831654745435944,14.860601571718732
0.22199781593141554,14.255844586683393
0.22177800362575614,14.336793632785694
0.22110711922754583,14.459672700599064
0.2305546385254886,12.585071203090505
0.21844677013191358,14.999109194604525
0.22176120002281718,14.68411087718176
0.22861253617031785,13.015413536063285
0.2243317042360137,13.941747794893253
0.2172567617053462,14.393472209336402
0.2275404237203526,13.824925658552521
0.21672769611802817,14.994310194712073
0.21761783365560522,15.145808375886197
0.21555062861406346,15.946137752278931
0.22534457433990673,13.46568466045411
0.22096615610909148,14.267193093027888
0.226859379547097,13.403806077164171
0.22116822822250815,14.35545088770575
0.22542702979794785,13.820422552901295
0.22241150875794707,13.728992820956208
0.21812380561286362,14.793844205812478
0.21731959800867592,14.793727176054823
0.2175092712112697,15.142928969175301
0.2274949332056888,13.55585044801265
0.21636304517950844,15.400451959977081
0.22700485501435574,13.449490162208997
0.22650407348165946,13.245750436408722
0.22193433735449428,14.276668040984465
0.2206190771134794,14.75098027605196
0.22100058900183175,13.660224877019278
0.21951828855691868,15.329880395011916
0.21450575289472043,15.745716133184093
0.2211394763803726,13.804697008369505
0.2261184960919233,13.244226980726365
0.2255317460171167,14.139046973157196
0.22087977613937482,14.449042081774863
0.2202677043988229,14.480215685677667
0.22481923721956978,13.681345328630053
0.21498876267196357,15.733962499746644
0.22923435381446855,12.747234221823584
0.22570455710304224,13.238221293466509
0.2207345849002957,14.090607876854834
0.21815848622799974,14.95844551025575
0.2189213547154627,15.007813051629762
0.22189340055502624,14.287525134405222
0.21920601810725937,14.922576725183603
0.2236014667799475,14.048433143855714
0.22602798431514864,13.537360050029648
0.22057583009790493,15.057747568164443
0.2299601664841875,13.020535763967038
0.22366334524398723,13.958854085489598
0.22093177674616943,14.896864208356318
0.22858837013896108,13.394325894383911
0.22019592807978133,14.679594935952837
0.2181814750416059,15.071647101745322
0.2169678440277873,14.434423908345723
0.2181070713507697,14.430541570234617
0.21742349865673707,14.893473391898267
0.208864263567666,17.208379550650932
0.2219082108664542,14.396946907991833
0.22568296633480062,13.450517758549394
0.2298296491681014,13.101621440784598
0.22231005021173075,14.063784310438175
0.2287491531938346,13.264556150191412
0.22222147634161965,14.690695314733917
0.21296554727027997,16.12951299773396
0.22328874250180694,14.471510913221193
0.22284704006950712,14.400344023516153
0.21928017067592376,14.73262429571862
0.2245610760284813,13.65488965534181
0.22339570955536808,14.05886374466662
0.22599386569004593,13.368570636807995
0.21997241471618406,15.158977205812983
0.2165441880724701,15.256435546768984
0.22481838684293556,13.454791756538489
0.22679074171558464,13.689341272759057
0.21968359701097714,14.802019786475439
0.22085508947662252,14.17338112089496
0.22251613842902473,13.82301709985148
0.21382399056693616,15.768621100922124
0.22254127992053277,14.152521666484741
0.22632380893276235,13.495342448603413
0.22926567686233135,13.398062869519611
0.23166390628478262,13.065772474361523
0.21976986257962244,15.204904080543368
0.21793780064828003,14.53202539102559
0.22152491696881657,14.189936734193877
0.22732406609621453,13.743639869646454
0.228782452384571,13.336910349428825
0.2285406569485017,13.133924474253138
0.2216624375444814,14.168392665642195
0.21766741949234447,14.848518165424077
0.22676636230187436,13.860557128641052
0.22343209752942608,14.237573179093545
0.22815691157345494,13.292329049563284
0.21650198774676774,15.39926415687438
0.2267001831256372,13.832805242587638
0.2286032708528475,13.011637080031633
0.22472628825798405,13.370605462288541
0.22001069366764311,15.094382795204172
0.2161777871059726,15.420687753746593
0.22169554672041103,14.254842419410004
0.22587262309174155,13.730823509004429
0.21931290113830526,15.028222239716989
0.2201761731493751,14.976165173217746
0.22243353016074946,14.425572173039921
0.22174130677935638,13.90641695005134
0.22533053432257932,13.775674963007184
0.2241181336966549,13.786345410413748
0.2244517402257427,13.717881668207282
0.22399379010518,13.840757246849662
0.22130813309716765,14.112127943554896
0.231642498840494,12.641524810110933
0.22515703265106904,13.664707205097951
0.22074390637179572,14.478777565482186
0.21844899532664208,15.063051732109647
0.21791956441328716,14.60048748765572
0.22550515675544835,13.899600346766851
0.22639184165937445,14.01295171268324
0.22385665144658917,14.023203797242653
0.21854030844665315,14.479757771371144
0.2207160338979341,14.760469638920744
0.21656065925930562,15.210745394880837
0.22606479757976888,13.669193518926
0.2255652835545811,13.552756829364528
0.22688338337712935,13.543344514065238
0.22195339155453425,13.739898271949816
0.21582141010392633,15.250160781622647
0.21588477032500408,15.582605375643585
0.21915242359168768,15.178538524571122
0.2237238059437516,14.553151406978364
0.21870175874421882,14.673054445176101
0.22421241330094072,13.912295768553157
0.22688916730113456,13.36267779264958
0.22040855609444543,14.542159454656915
0.2194772604909913,14.693956524029362
0.22414327557723976,14.379896388497578
0.21491653453155557,15.53556917530796
0.2236715066435249,14.058704821086694
0.21671120920139264,15.384055311047032
0.21646166466193678,15.660693855889127
0.21827182351311353,15.063147116677905
0.22760050694378148,13.256217099276425
0.23081055662807376,12.736283950812634
0.2218701743461124,14.135429254692395
0.22764165447721627,13.339186265364631
0.22317619917540304,14.21199994941323
0.2159058350601302,15.246345805706685
0.2202010853918772,14.846526166665992
0.22706120159384519,13.77228708899974
0.21910510694795088,14.77958681822845
0.21920963715058991,14.839953623019468
0.2196710063921925,14.616933004307096
0.22482976187444514,13.64402549188717
0.21847875218184423,14.971033177927305
0.21960801291914372,14.904255182663215
0.21829981543916277,14.652546540638973
0.21950074302620246,14.692757184226757
0.2183896998520814,14.944486225844805
0.22968497661357778,13.274974526831857
0.22725427628522493,13.828651666370764
0.22678424088248356,13.49315294264926
0.22035064685216071,14.787651595954507
0.22329498708425768,14.119424146924397
0.21668119908635858,14.96576050486976
0.2302502990313023,12.821946769224603
0.21756482973736954,14.788309662876557
0.2253065370005945,13.889914903635633
0.22342186758347246,13.994666348817304
0.2226560293105678,13.82826719891349
0.21815864854733324,14.587174595255705
0.22349799172961513,13.715645355202584
0.22905000851053622,13.296898084260365
0.21847752209901075,14.472871161684921
0.2233023843690858,13.974529221785676
0.21618294937263002,14.83837652068797
0.22797775927021022,13.55475217646384
0.22741212258288795,13.480137404660264
0.21681501610509818,14.996058626579206
0.2221409734801172,14.371888948366466
0.22851294820895887,13.354129219065719
0.22377170860235387,13.436662825353263
0.2261318009220922,13.726940374064542
0.22123095795989106,14.77326294868474
0.22385788761860745,14.020152298384549
0.21909787602954592,14.538551204893
0.2177896560590822,14.662078877725019
0.23285934601880715,12.450366579458255
0.22791378268504497,13.290424500331179
0.22876425937882486,13.275232086096763
0.22195920235028815,14.045168501286927
0.22237536281625092,14.322417088148956
0.22298505489753295,14.035113340280047
0.22668462720084057,13.638394313633436
0.22204822297202834,14.06319803286366
0.21813313306718277,14.538105152558966
0.21850528950670903,14.865024858244444
0.21711074491761148,15.062151074933618
0.22590920753209162,13.575148167351252
0.20839810961063285,16.570469530198153
0.2227453388636369,14.103721719110368
0.2129163811272217,16.20678529321081
0.22237753619603917,13.54559995195205
0.2234284829001993,13.984947801475643
0.2276831890791602,12.872242224043836
0.22762210463492102,13.480793791931612
0.22075870456872565,14.297825118817709
0.2206896365048083,14.350607316193141
0.22048481329977657,14.75626068132255
0.21957769515891004,14.927565063571754
0.22209369395599815,13.974316110211637
0.22383345331886442,14.201456384702823
0.23115267895921376,12.919342993095738
0.22025828159415786,14.490589132970692
0.2205681347482836,14.917897521548529
0.2266945075584547,13.598535910384731
0.21573290449648727,14.76097282101597
0.22471083173731055,13.995938618627976
0.22222248118734392,14.667446140427712
0.22915048908978689,13.563108908531168
0.22470865670230458,14.17577170679549
0.2249955177165901,13.655801622509069
0.22091729871216534,14.518706116474785
0.22631646963869545,13.597920669861331
0.21775799635896612,14.746530328458027
0.22417247289553227,14.424856201186191
0.2243111802866182,14.15159225112711
0.22146123139699547,14.421400595706098
0.21977076805241577,14.543609538581489
0.22749560689293605,13.338443025748752
0.22341703529520632,13.952343922248502
0.22234738952290117,15.098588535636422
0.2213728479672319,14.379457913374917
0.22490480289248402,14.313007727955403
0.2212529372251118,14.85980055681781
0.2254724783117537,13.820754497982481
0.23202579013260857,13.374335858501697
0.22049774850325737,14.525668958003093
0.22670563831189972,13.350505331598672
0.230718425917451,12.866032585109453
0.21690763209854044,14.643530091030607
0.21456214133231377,16.345204920560306
0.22507562722383864,13.834924406222056
0.21532374831587456,15.368866942661102
0.22279136342282818,13.429573499189678
0.21324639824617478,16.18407385770298
0.23012819655071787,13.12885270904144
0.22616143096402974,14.3343008344217
0.22346621130900896,13.863624544404578
0.21812366758061505,14.36361077136686
0.21821481714452035,15.276075700269818
0.216502750087146,15.374843550055951
0.21841272033602996,14.56885287040873
0.22400600761340056,13.777960880566608
0.22265957351258464,13.895548193934017
0.22188755651149344,14.495735693399958
0.22417988837351022,13.90879734366106
0.21971268643851108,14.61071974976163
0.22581881893441333,13.543388707691285
0.21644855932303947,15.274689430097233
0.22851859149096923,12.649804706654969
0.22288957160894524,14.358894815173946
0.22371585316286413,13.860737099709812
0.21861933076284368,14.903367354622867
0.2169634957129618,14.914150078769097
0.2284103230526212,13.626854961367856
0.2284180720084827,12.908952781108434
0.22344965739685063,14.598928566317078
0.2130817970113242,16.05392570193328
0.2246387700836961,13.907818733436411
0.22191282887805625,13.747831862854438
0.2312585704409298,12.514008592505627
0.2214031397598497,14.08627628584904
0.21816488338119122,15.076596654127453
0.22591840083654047,13.500981260579275
0.22679896544058045,13.369731132852309
0.23195666666602724,12.838345761020584
0.23027225125875855,13.069252462105998
0.22184081142017784,14.479892255558577
0.23103938450905048,12.515053812009755
0.22312142718461558,13.925436595796228
0.21988219534669412,14.925559052763736
0.21438845427296033,15.946206512772225
0.22486558084730607,14.008092359323019
0.2157772756252212,15.00554475462455
0.22847473968760842,13.674007431707766
0.22688037356334165,13.895585320119885
0.2165656488511619,15.021956859522097
0.2234918581916685,14.252661960992853
0.2310090629518379,12.99620374083905
0.2216446471527997,14.167263958769505
0.21652451323583943,15.516274057615636
0.21668633025864312,15.501834274299748
0.21490631599885693,15.604317210012026
0.21384483207978813,15.481689792499573
0.2217271274461719,13.941568330033299
0.21046382773634847,17.065257204568436
0.21648472362584933,15.245447380517012
0.22402875082741786,14.53958865579475
0.22016597544773286,14.481985932035244
0.21863214465815797,14.510299190452193
0.2234292257851746,13.966422989109683
0.2153204678706463,15.456402447354005
0.2304729689750967,13.617398658301681
0.22410366626256306,14.436271531013887
0.22000552712650137,14.437348000843976
0.2178721581019531,14.850889946116647
0.221119887836125,14.457835961892155
0.224818031511206,13.925208105259536
0.21975955367381697,14.880164072623394
0.2276173392786535,13.440690053962458
0.2230517798568509,14.591850607818213
0.22481665073176146,13.800021610805114
0.21795401763027636,14.689700870960637
0.22253953426737758,14.419595257224112
0.23152429610012432,12.65655457150388
0.2196871408489839,14.437533572607443
0.22503913923678479,14.12124873937953
0.22548594062283292,13.727030403458052
0.22294094062251518,13.595026390040392
0.22625405842883572,13.780757054841363
0.22359470499312728,14.118865682874675
0.2281695170350618,13.384963462507558
0.21941740286358344,15.387156003352834
0.2190078562799151,14.794470390929522
0.22004056100597907,14.020226121076927
0.21941423883541164,14.739616387710264
0.22203791763116118,13.958504801329513
0.2247699417355017,14.32853228594947
0.22529636070680972,13.562454260827632
0.22549652456323221,13.98494692396541
0.21765535430485822,14.658267707841782
0.21768708337229775,14.959537482581187
0.22181634387938398,13.93982324714193
0.21989302458297652,14.390381172007862
0.22614821064419818,13.48617624726356
0.22031264397626707,14.672213637406323
0.22418941082303862,14.605355945089833
0.22068505704412505,14.445688683994858
0.2260015908138488,13.046654333215095
0.22587486991039762,13.485330421971314
0.21767045948280583,15.03702252500639
0.2265547392487589,13.391504100371026
0.21870765226638225,15.265185458017969
0.21810905134302153,14.794031058965802
0.2199326886272252,14.986008722778559
0.21223262146906877,16.16952358067878
0.22460803828564932,14.23477266751327
0.22441188973283008,14.201241736578615
0.2230386610595468,13.783541942451299
0.2215558838394059,14.106043384389876
0.21782925378884588,14.982226360759189
0.21896157411504252,15.157409821704707
0.22677324296235216,13.355930533864981
0.219460962021951,14.64255486328217
0.22574686178938197,13.527908904494927
0.23197589096768817,12.498578995057024
0.2253391972503424,13.878560722757785
0.2261877633770529,13.60723412378114
0.21894062305906997,14.850053531750765
0.22179814764605765,14.224496901538698
0.22022681741720967,14.525773850074536
0.23095597208062896,13.054638342352847
0.22907521963461958,13.340821539809497
0.22425942425604684,13.556271149876274
0.22567928169968363,13.43824210459603
0.22845892250633482,13.231594874723212
0.22545123376863713,13.870152261207169
0.2242523073910635,13.609391409354783
0.22790240392100997,13.081974672478221
0.21134616296017222,16.241495039746372
0.22503791369158294,14.231431618024553
0.22006308078189396,14.438530891079074
0.22393394916787862,14.045859882942064
0.2191682761314909,14.833047387777334
0.2178982316247357,15.039463442931407
0.21224767617211504,16.129739620980324
0.22649239134963917,13.55019131447529
0.22309154889559937,14.215686198436996
0.22670563831189972,13.350505331598672
0.21951332830347717,14.694542145247585
0.21504026575030644,15.994335151647673
0.2224767630948698,13.719498882384983
0.22503774028170104,14.19559203970873
0.22251717120438058,14.402832416695835
0.21645240271392904,15.092662243582497
0.2235278533673013,14.388672168566352
0.22845752100538416,13.611961267785363
0.2172921029098755,14.863529206633086
0.22078230220592507,14.193497663345788
0.22653271633308203,13.176161842359457
0.229783814057316,13.25862662314493
0.21644987743970712,15.431266413907228
0.22517195694544492,13.26270430223128
0.21992245321104556,15.069109056731326
0.2291726839792373,13.05400516680224
0.22344982467063768,13.750002336212539
0.21707781095329923,14.971900616052416
0.2197219959109833,15.105118749306065
0.2200941099418969,14.528398870539837
0.23490654216402407,12.450643755388025
0.21688145223118496,14.899924710947761
0.22593857795965241,13.717416263146937
0.22411465125509628,14.036647349192597
0.22250654323815555,13.98048495696812
0.23352634666352048,12.76951090215546
0.22024412142777117,14.709407120711253
0.2311085563465429,12.633684251504903
0.21839491492586244,14.82625807762991
0.230940915887694,12.64312512301559
0.22264419022216753,14.429319283277986
0.22867789907075506,13.279487467196812
0.21451034784341227,15.006079587249879
0.22353648801098072,14.282471533943033
0.2181168827487291,14.867863006943761
0.22168912216286407,14.463037062346697
0.21826901106287963,15.089901672688871
0.22859795631682983,13.559211916363697
0.2226141324468057,14.10249730781415
0.22016740935017504,14.627638445042027
0.21675225774825013,15.681709874760612
0.227338228435521,13.807053132011058
0.22337857681775575,14.54441304421136
0.22060715209880147,14.339351518109213
0.22425322717616902,13.57049208643496
0.2277643574209518,13.363515923045286
0.225123078445573,14.38601837177892
0.21937080911737017,15.340202643927462
0.2170680982921539,15.196956100824845
0.21872930313620342,14.972829516643628
0.2170949963119995,15.557075465774604
0.22244985070966253,14.169705419035393
0.22053739668046202,14.244787316383983
0.21910187998714525,14.315547547155585
0.22284738470064896,14.174386058020772
0.23618526834058698,12.372382187367668
0.2246476149399862,13.704720172861519
0.2278473605351685,13.348331783602136
0.2235475931701241,13.834714312779512
0.22558557289592673,13.60772515304028
0.23204253166130748,13.313478789084366
0.21977607428255286,14.483289962055858
0.22143198398552483,14.106379730892655
0.21913468360107352,14.785270823164263
0.22399544632185123,13.733930357119942
0.22183995952255803,15.008082458254727
0.22078740359261148,14.527248082213875
0.23155152964409162,12.416525846266277
0.21736903802424506,14.994503321226526
0.2151127557440196,15.291832509573599
0.21604782828469957,15.262091315845726
0.2205819588112938,14.090042674269323
0.22289344731246322,13.88513860543251
0.22680772900071106,13.388147163246732
0.22443342666887772,13.377180357873419
0.22400380566190084,13.996615334313718
0.22207801672971086,14.441946099221383
0.2201414637423135,14.809991872764606
0.22128087798897175,14.563757132491965
0.2260273723208519,13.7420841033246
0.22137074880545177,14.262357098400424
0.22416463969329675,13.76844399277684
0.22918143083963327,13.322336100983351
0.22535941693268763,13.20156475330376
0.2276458893396716,13.469937556421284
0.21784127229674424,14.592361721346137
0.21748199404909302,15.404746503594973
0.21754462610233402,14.539177416947703
0.22143608169355505,14.352792160955453
0.21503909802404098,15.47542060784161
0.21484718828788663,15.215479012640289
0.22978091192145125,12.899954222491976
0.22882701595070587,13.440450582686125
0.2243362647169314,14.506365102325944
0.21273032897792032,15.937281307654668
0.2233379499377028,14.622977919700087
0.21672595963778027,14.820184435897001
0.21573196475976403,15.77735416336754
0.2168768814664782,15.635134675872878
0.21743877483125057,15.472023264970467
0.22085160376393606,14.076312938993134
0.23006046352783852,13.211773575797986
0.22413453084780033,13.585011764852183
0.22046183412858503,14.650598890693015
0.22303590199898116,14.647535393482503
0.22148998812055393,14.326328841581095
0.21424061150818924,16.342408098207653
0.21391820083070856,15.824981506265786
0.2154979211427615,15.186702357745105
0.21822490258868002,14.826979984631677
0.22710807649645992,13.742171583872873
0.224969217636949,14.115470881725896
0.2264386042966981,13.36441688158531
0.22503511437653143,13.843752839898894
0.21969718317341408,14.10037989244309
0.22265917859214476,13.81598741450208
0.23472730767226008,12.546426605492742
0.21976869096508653,14.160042780910864
0.2206806785656216,14.635151695518186
0.2284673119740008,13.495597649798523
0.21576629409070852,15.574803965959003
0.21641359256419715,14.849575606117062
0.21755556977470059,14.93597411383838
0.21837047672817136,14.504988792400207
0.22304871147246785,13.70889907613449
0.21912435433236108,14.254912703834206
0.2243111802866182,14.15159225112711
0.2277014009890584,13.037479333398476
0.22656399126731858,13.516080737926698
0.22955367425510126,13.389231248423554
0.22033137837287223,14.138764794249763
0.2250753554829326,13.842568948887175
0.22522253721903615,13.66223928404637
0.22266192563877477,13.865190148814616
0.23570721989476207,12.133397937528734
0.21626879865192677,15.172872446310205
0.2176663916992283,14.834985374783791
0.2188787183403026,14.849895518200938
0.2211256462803176,14.035932941649236
0.22840710034582556,13.302637758722936
0.22772758032593385,13.054254738779509
0.23082713272103356,13.098730466210359
0.2178259755449896,14.933141536648428
0.21682682269795558,15.525996957766619
0.22622786296531752,13.506121740203858
0.22446637659606145,13.958356119685607
0.2214179271337558,14.141587895991625
0.2176401051142979,14.952889966798207
0.22523473735527727,14.158944127636794
0.22634209531668079,13.667954180445793
0.2192693933125258,14.476338435487694
0.21781053124865368,14.63494797514973
0.22132613521627298,14.548939117705746
0.22853247758664222,13.06573406649208
0.22567530656559123,13.810529744653357
0.22200670104708653,14.150961996564956
0.22771388064108822,13.179874891010556
0.22285713649616595,14.45429457311607
0.22250160261291416,14.83943540365347
0.22310843814676673,13.577989619645148
0.22511162741216922,13.517908421625155
0.22294511916048537,14.465199108672657
0.2245120906503411,13.687354697742883
0.2190117657820104,15.27341330836437
0.2253065370005945,13.889914903635633
0.2157561298957909,15.401085006561846
0.2275353573508073,12.943170827344378
0.22802111193863506,13.390242345459367
0.21955136294510708,14.897018903110467
0.22349352903479752,14.09928768603908
0.21680749562833723,15.202235685312488
0.22033459539158828,14.17740730759486
0.21791168971968145,15.317442621614292
0.22846888199267285,13.318048465482656
0.22518247083428258,13.86567156702612
0.221888474264622,14.575042312793636
0.2220572172718789,14.291109316384315
0.2184760590333809,15.2222415967917
0.21792918885192303,14.843871417059514
0.21411878689700092,15.980967085984377
0.22433942752038344,13.370462024532612
0.22469371055499418,13.983117175513362
0.2210926559240058,14.75561049329262
0.22266447412586432,14.515763948217586
0.2276541415239659,13.917641475417026
0.22650121541026857,14.01746852052414
0.2222862778574003,14.055812874878066
0.2228318624889978,14.616887093575336
0.22950893645512224,13.082959279696226
0.21850784607418697,14.640608833623592
0.2254413734139789,13.197364689553304
0.22463319394981213,14.16343467090569
0.22337521056098364,13.888034024154381
0.21953096862483953,14.398814094149422
0.2203939048988333,14.49283889023934
0.2156090436659987,15.814459932628633
0.228515104085189,12.720117453728156
0.2320577038181577,12.49516610222452
0.22379241193064062,13.47743869479017
0.22655155858358692,14.166042376677582
0.22028586689049223,14.13869088021534
0.2265471067081238,13.941399681727672
0.2181001442117568,14.847555598266815
0.21974241318732127,14.522498478414706
0.2214286600345039,14.410843084020902
0.2186034516276507,14.990846668223062
0.22327087294221246,14.265272718716977
0.2209386754361507,14.762431706778617
0.23224191705198624,12.365900975080429
0.22791118135163702,13.476088869904153
0.2299103337417466,12.977686401228732
0.22210107532285978,13.899999466077805
0.22488343790989743,14.092721942069549
0.22293251386971286,14.050386344591457
0.2277737122727344,13.247015338372284
0.21859312479518295,15.422111298954572
0.22258496501332906,13.783933820469441
0.2231327941927832,14.088217435447042
0.2162940180277839,15.293774345996724
0.22301338903627754,13.959482816909128
0.22224827624446697,14.09164434287593
0.21777166278588767,14.569065950314751
0.2190892657074343,15.39460404814335
0.21718990265102156,14.954886626908637
0.2236584194261408,14.066706295278337
0.22369638029329403,14.246397432784008
0.2223688588179075,14.555892658476868
0.22182638102915941,14.066770909693915
0.22244607343236014,13.873411373892235
0.22358723577177575,14.12420877898566
0.21932423224687875,14.23087753972268
0.21653514231881935,14.858366604295082
0.21744223442195898,15.153328235838597
0.22761988729960508,13.932119572198602
0.22060314917519705,14.101920677831124
0.2314160895801548,12.625180656442135
0.21903400357693525,14.786389336353519
0.2232625384537687,14.360000299849773
0.22162518187661245,14.367134831928826
0.22200670104708653,14.150961996564956
0.2257099427118916,13.8559300166891
0.21968359701097714,14.802019786475439
0.23096832195393152,12.842695722701192
0.22371456455269437,14.227409576291274
0.22787359048860678,12.859135501319024
0.23019575868608047,13.10193548464589
0.21419665241355954,14.981698233310649
0.2258279939269144,14.18968075541573
0.22487737909624897,13.837990763265228
0.2238676809875606,14.487975247196143
0.22430819765083107,13.938486847910317
0.21067168349302348,15.827920662936858
0.21673156006340932,15.463422090119392
0.22596717956727955,14.100601747093947
0.21578522742428963,14.967358811937254
0.222991696116495,13.98594588597177
0.21872730019299527,14.334365316683789
0.22366699940974963,13.578698340207678
0.22195675039746088,13.838016762886689
0.2259977862219966,13.114718534938122
0.22475489493806983,13.54041599414771
0.218837557404436,14.646617747232566
0.21842431752594005,14.96549354693033
0.2293543973556936,13.064219463914728
0.22388913590606202,13.640999259293174
0.21322410501744726,15.86745540980377
0.2185676014867442,15.287621700447612
0.22659655212662178,13.024990306419307
0.2244621476162278,13.446353625923377
0.2241525570196353,13.697693266282592
0.22515241883348483,13.588498907027859
0.22502530098263612,13.689455112756384
0.22073075751354213,14.793119460983966
0.23140362873619513,12.881271759185426
0.21463301941963675,15.900902812363535
0.23445379444395054,12.551626234129655
0.21943216988072872,14.848185504042574
0.21846878128039504,15.006938843593952
0.22236270436461128,14.495242635656906
0.22201339599845252,14.489896943410947
0.23008429608518483,12.82387899319185
0.2252919052519757,13.621080863393667
0.22443502574916552,14.32248074775187
0.22200530505969907,14.153628610522485
0.21831334363624694,15.519198199497906
0.22844689455837877,13.52697123961492
0.2258174220083142,13.465743162949082
0.22030255857490066,14.136681684855159
0.2199789986936413,14.980700315193571
0.23259771820561942,12.890320124781868
0.22090227568133503,14.896473499048646
0.22324018665487638,14.189572227195068
0.21865060804421704,14.92377520253357
0.2163348373737623,15.536009313084639
0.2320051270744838,13.088900242937605
0.22435610801380063,14.140622712157827
0.2217020586952998,14.435261802514253
0.22312506957759656,13.989645998655671
0.22091842225079014,14.390555057455389
0.22515323368933943,13.449184136300353
0.22565584678829337,13.555134390362308
0.22197038522003198,14.532598149929598
0.23220091710596216,12.924346828060292
0.2225638590765953,14.177280700234409
0.21789203412442895,15.096848439808142
0.22415594592013488,14.254614110035526
0.22742508796645344,13.769947477298647
0.21783988991459424,14.466688469541554
0.2215342715683825,14.505339144237286
0.2208479813770137,14.147840931730501
0.2289553979442887,12.800959593562931
0.2162428494544812,15.352040948515103
0.22932814384893743,12.918048183355118
0.22133320680406118,14.157641914001495
0.21232979997173343,16.09755980397335
0.22092871235264389,14.668293665130964
0.21954228701848733,14.360471792492074
0.21583125393598154,14.954092397276439
0.21985157970971936,14.555949395559344
0.22669180315257784,13.535591260194966
0.22581884039906136,14.1866252937908
0.22272518611992206,14.125069717907625
0.2274583147197664,13.762612528083288
0.2222886373160365,14.792064952272163
0.22131255421074256,14.493254027146122
0.2155856661128479,15.527156526327921
0.22987534950311161,12.969393458437157
0.2230039783098935,14.030633571901308
0.2196460089696485,14.865593362382567
0.22123515025908552,14.671163065072445
0.2176675932903322,14.700741440792662
0.2245223530771765,14.000487745324758
0.21894442386268897,14.819154523486928
0.2139038232010972,16.403621509932716
0.22556615158636084,13.410480003849914
0.2164309341750944,14.672075065016623
0.22508962652722053,13.656097138789923
0.22737694347673953,13.513149952784323
0.22510491758933307,13.235782158634485
0.22286834213121326,13.667146731587554
0.2252993714125885,13.64203291545922
0.21960679450574325,14.264326317865391
0.22442039518961937,13.840645668278855
0.2181514674544323,14.427056034338786
0.2319890144725363,12.718267718811719
0.21631569570938364,15.127325109275128
0.22173863341078354,13.916017423542478
0.22147166032146443,14.430862535974791
0.22918066601983408,13.538984110635933
0.22248365096630934,14.545927939613254
0.2312558444869048,12.522744899747881
0.2180468707422688,14.552423253111918
0.2213334748646745,14.06372928122476
0.21682292266919154,14.966580774616704
0.2197821294371836,14.42331954102603
0.219350520411382,14.891500549187766
0.22697939055656444,13.201413573086718
0.21957640104821416,14.915554668743509
0.21952029961237332,14.667423651983627
0.23062235550292476,13.23581692536404
0.22791598686482398,13.329713657054183
0.2174241535506199,14.546188728324953
0.22198276928427554,13.176073405659167
0.22637543336870172,12.976485385812827
0.21882022594494677,14.67565002249949
0.2297505446081224,13.207665612086366
0.22132472023663297,14.648813580527536
0.22995223081016763,13.006037477949487
0.2221254216558807,14.089035656128383
0.22943342837001884,12.957765191504674
0.22333261051732117,13.500840651898859
0.2243847004969239,14.136204813084381
0.2221153901531069,14.053485787750029
0.2315081112397786,13.2747672729131
0.22192925349931025,14.3867510670347
0.21499736847955303,15.71931969430355
0.22524099456140964,14.104552116007302
0.22352338371920646,13.953154955936528
0.21346391170441364,15.836675092568916
0.21855415434015027,14.962118124692937
0.21759602779462395,14.409214227139403
0.22802901242242246,13.382074745922015
0.22502586580401385,13.57199810109674
0.22061345746451164,14.120097346678545
0.22291889613656793,14.247012082318067
0.2232825561135819,13.672398980175506
0.22715804381502563,13.369173433972962
0.2241201503113067,14.372632422491758
0.22728563577701574,13.232259741952328
0.22101892833964162,14.350630915600801
0.2218374977199017,14.45022060769329
0.2222021569567226,14.463157260352046
0.21969260232649115,14.704634640346567
0.22975926896099388,13.297621128526853
0.21237032039007664,16.687473713556063
0.2278976612240531,12.892270339755612
0.22132348167558968,14.503509536391407
0.23414535149307078,12.411706864337246
0.22492944760475267,13.662088152977962
0.2187601616560206,15.44915970356217
0.22254171916394005,14.082102449842957
0.22585634935664817,13.710336595982513
0.22004291182266364,14.689868268972418
0.22713527854842105,13.483816249450788
0.22250124027810875,14.554130063091783
0.23065807482710873,13.256695427915112
0.22239844186695495,14.364249800900534
0.21707445701476452,14.93129157602366
0.21705279564583965,15.752991237387857
0.21896805441710745,14.539336420479021
0.22277793829062592,14.237925689767833
0.21893215796376372,14.897567341141926
0.22689295042641222,13.975874749749579
0.22717133935006995,12.540397029550515
0.2218039599136586,14.49791207958936
0.2219638559356148,14.247495030368237
0.2174265713521497,15.119786952453723
0.2223242441025392,14.364607884476722
0.22288685544447856,13.89089724906348
0.21794049539280722,14.739739219088545
0.22340558631989071,13.912571658963056
0.2242871118447272,14.27718083402406
0.22331300594859338,14.002373912098845
0.21871156040654105,14.248589940028909
0.21975393665985463,14.565292984027618
0.2228569501302253,14.200608733523488
0.22107669332764782,14.809966370752965
0.22534659071590546,13.372774536393639
0.21345861068656602,15.92671579764312
0.22549200964520325,13.856597263734587
0.22296187646247823,13.875134167090454
0.2240087686271971,13.951459926904118
0.21604588989114115,15.045766145406438
0.2232281880596338,14.176615339688484
0.21925839414616458,15.185962153524986
0.22160750134476712,14.588840945575333
0.22782103302287485,13.625506303222316
0.22160686843323568,14.776746673626112
0.21005307550227129,17.05498167693795
0.22685829900390198,13.468193820294573
0.22408249587818388,13.771505867285414
0.22155091913016828,14.120434791208142
0.22171213973027581,14.631154786858241
0.22113750867065157,14.180822053547436
0.23029416513210618,12.701744302535456
0.22732278468273912,13.549009579889915
0.21616091897331655,15.035076872656651
0.2181540089114897,14.77696280295921
0.22409490373333954,13.981076925891422
0.21524779331947716,15.652909581026941
0.22079788431754546,14.368654436401412
0.22639754339623291,13.664772689763621
0.21412398306827088,15.643305209066046
0.2179325499622628,14.456596652215962
0.22237155156858385,13.826137892224889
0.2253299945491468,13.621884587581633
0.22848339256365813,13.28782820038472
0.22812310281989143,13.296897475384778
0.221324078434073,14.340967075189555
0.21895569422514494,15.004302783667283
0.2264317846819991,13.204548375138783
0.22514568396376242,14.042933856593658
0.22265571907041276,14.242916957071968
0.224060568865329,14.630388927607612
0.21978014650900038,14.693213807128167
0.22482986511239322,14.030266335772565
0.22681219493540006,12.92900063999445
0.23319004604332177,12.336374036054794
0.23080777831657184,12.768293391740384
0.21575570951550163,15.544137049821652
0.22347366697107754,13.965248961182082
0.2203258534059937,14.2955417119521
0.2229441620144462,14.327620038351949
0.23088637543403245,13.374520446193785
0.22415711726713755,13.902622887930242
0.2197523615918385,14.551156094338621
0.22130551510346763,14.72368593424022
0.21006040741295876,16.622565059469814
0.2286759953207831,13.156425346691963
0.22072801498506045,14.13133675514727
0.2258862463257351,13.378887317047832
0.21638503491356903,14.60339637752632
0.22547976554195004,14.239014231419798
0.22359826026148236,13.744872372269745
0.2274487015334828,13.357234719447488
0.2302429051803586,12.828421019324894
0.2228746670930502,14.089670806258727
0.2188359747019245,14.824008638915071
0.216706179898548,15.319421900649706
0.2118369216443978,16.09896956874011
0.22368194387745233,13.39301112537052
0.22145849841526352,14.40458088882115
0.22242888050835866,14.02358450970284
0.22404232610431077,13.99223773563557
0.22062348385513844,14.228018434067685
0.2211394763803726,13.804697008369505
0.2174103688517661,14.993743232422418
0.2235295458196882,14.739815108917053
0.2237134108627128,13.902586194559472
0.22637738491880982,13.134409887189161
0.23059781380212244,12.889653180348438
0.22402840540238017,14.241535527552816
0.2197136008088451,14.705436965645893
0.22888098614928096,13.40927676473604
0.22336930742154307,14.262355087144014
0.21524501656780604,15.228307167314831
0.22144599355203254,14.502187064454755
0.22435112520404032,13.731828220842843
0.22056294007522373,14.23701125100603
0.22247977090728105,13.811610952937908
0.21817689320049985,14.756707845393358
0.21489555392762197,15.466678544845951
0.22279602334875254,14.30315667096585
0.2247325471593219,13.563167301161918
0.2250321721456589,13.984881402500482
0.2201072754345385,14.773104626531259
0.21920736507004368,14.770167544064307
0.22302081532609533,13.892873132000155
0.22553364379265275,14.025404680851416
0.22558344291264174,13.773206356539774
0.22696250383100924,13.524376956799784
0.2169196674125371,14.812139818686248
0.22915809180720387,13.08147296931895
0.22728552457463835,13.376056684664615
0.21639875698651942,15.079823626153932
0.23447947107710662,12.834077178860838
0.22129588085304733,14.196619082790784
0.2296693917013855,12.858212436723559
0.22435987065202628,14.186485474302847
0.2230285437910824,14.077123208753548
0.22273957182033946,14.813717201387398
0.22285558963864957,13.879729199914063
0.21934376636180486,14.761085378289005
0.22500543437325737,13.746706321763451
0.22541230810007978,13.550164472011621
0.230718425917451,12.866032585109453
0.22138152869969868,14.549540052013315
0.22193311040127908,13.599494152318544
0.21421172594210106,15.773035718415896
0.21810905134302153,14.794031058965802
0.21724262606992856,14.822163148718374
0.21582828879454616,15.164490630578936
0.22821951593409207,13.125932286170134
0.2231731139084549,13.768973194477164
0.2207136075625193,14.575490001102766
0.23175073332704382,12.943892149798362
0.22289949143751703,14.223185573069882
0.2296019846553203,12.848574291321645
0.22060824320030656,14.743670396144898
0.23026831098758221,12.735948300012048
0.22486597349964838,13.237907070959174
0.21912897423277622,14.32987416783827
0.22291892867451363,14.126951280352761
0.22720580218922848,13.165589465162185
0.21399824614248375,15.315944605274796
0.22635091453845219,13.6651248760949
0.22302515601799824,14.574334466029486
0.21613614544388632,16.080240373347145
0.22136831537421253,13.858069970419887
0.2280710709477828,13.11978828449684
0.21372198026593964,16.098809367397727
0.2126126848707364,16.75801746599655
0.23041032455993066,12.63318544602849
0.21990367433380775,13.771057157773548
0.23127821728500103,13.028150364170289
0.2238316073003687,13.827026279821403
0.22813483466689824,13.190191724743528
0.2254819575073602,13.626385034629923
0.21140906396087372,16.42678055110169
0.2158238717860356,14.786181614404075
0.22210318215776018,13.968213482825085
0.2213034332572435,14.719418364451558
0.21946476683746358,15.245244298375752
0.22014240949957387,14.754433626629977
0.21948110274051072,14.865722068337893
0.2213195405896652,14.2607360392143
0.23307101452254428,12.838693798620302
0.22163000379649464,13.94667600388123
0.22317422629230482,14.09220372527003
0.2200647474415755,14.677435519245302
0.22318562448861656,14.30809901169933
0.2205262581637995,14.486632090681692
0.223507294173188,13.641921144786517
0.22496361045742966,13.656718238049207
0.2217943222693563,14.03642074968611
0.22371972709108578,14.25426481547883
0.22059484242338848,14.57852135232482
0.21627513359480094,15.412568821756004
0.22183348491531926,14.493631840957352
0.22392436109380115,13.948486229343334
0.22718634643288868,13.44921334517794
0.22130946418449537,14.1744121902079
0.222854176277421,14.011903602414563
0.2219559476298792,14.481033585082988
0.22676049597509124,13.520686707720627
0.2316318410944291,12.6138038883214
0.21721787688993072,14.794888862595934
0.2253389587228804,13.755922337098065
0.22176300423839185,14.701463579737094
0.22488500247751653,13.613260492838334
0.21731815826656442,15.615616293785815
0.2143123339601889,15.253099120232235
0.22459939307206692,13.927188859264136
0.21809470002496828,14.669034476389795
0.22339983904140687,13.982044791352683
0.22489975958841968,14.14450288174121
0.21904977993710775,14.50230412915973
0.22018247435372743,14.498755827061192
0.21657364725974312,15.21947495252345
0.22189501832297256,14.230642410631878
0.22193888836690223,14.336135060020533
0.2199708756000558,14.055522621492248
0.2209198625139025,14.400097303344463
0.2227117136386821,14.312776431401515
0.22807596701087396,13.358155437742713
0.2209274237216311,14.841818768334319
0.21960918390852208,14.89775532485226
0.2201739310106715,14.766097345982686
0.22782899389104475,13.575772430378315
0.2175481450651381,14.892772557528552
0.22193845303977833,14.460662599312966
0.22370953909480296,13.893660134611647
0.22150984292678594,14.738304905322224
0.22292847612113206,14.421226479137578
0.21405518090903086,15.886663897425818
0.21790586061341516,15.293634214399018
0.219992960981867,14.637743061141274
0.2202552981731143,14.443226957731211
0.2194610465002655,15.057083601603091
0.22108513448472578,14.608032082104447
0.22213249211945524,13.895186921762114
0.22554068881973596,13.898937653049241
0.21638198632533442,15.260587834451789
0.2212776851891319,14.305804657689176
0.21662790591077377,15.077447467929375
0.22696916443471973,13.58993980158833
0.21227967769287046,16.30445328996126
0.22318239329340853,13.746539543393315
0.22831099563595328,13.281790847147741
0.22019527343198936,14.137474820119536
0.22372415576879445,14.075274410362033
0.21718777503866601,15.303476814766185
0.2246577998070104,13.840798353556773
0.2157309453061638,15.371347615719332
0.22268507980634453,13.851280435548412
0.2234729027296683,13.745465668855816
0.2285643830870257,13.68921986595833
0.22231801981004856,13.884608288304939
0.23291385916350238,12.49113558090657
0.21672404441175114,15.458034684373027
0.22913867932214066,13.264289976268465
0.22522593713389918,13.66572891092429
0.22395204814528097,13.867579983670572
0.21729546887085632,14.912119518279532
0.22665645719720134,13.73580935231443
0.22155734752761,14.045951465265128
0.21800815450978522,14.594106176006223
0.22261133710850395,14.051682384065503
0.22068772812463858,14.666741271791937
0.22645625542380113,13.6039864287563
0.22104625328541308,13.969052889055872
0.21575242778265608,14.75714647025776
0.21768354362302886,15.190394885838435
0.2242669754263334,14.289341304209081
0.22766404828423775,13.552979217337866
0.21953396595212626,15.335421951856397
0.2251350588061139,13.907237234130537
0.22108623670518568,14.287639201909103
0.2333191647475753,13.056378088018342
0.2177012206333346,14.350523778228046
0.21946803408601157,14.610814454921842
0.22855504787052602,13.290285500631576
0.22425836910894162,13.799455612383719
0.21921164042181204,14.738913039570491
0.21833009702320097,15.134723238961541
0.2271008846628979,13.564428925770775
0.2216902121341282,14.163113441021867
0.22308164012960666,14.800493461171278
0.2193620169093077,14.617037056155889
0.22003006432418137,14.630811234484957
0.22161569351750887,13.903630123888677
0.22546569265247174,13.569710571828423
0.22059552578023825,14.244677254366886
0.22990963619441662,12.775093811171368
0.22733823378661183,13.011868520037346
0.22249903071849736,14.31891808963097
0.2207868873410812,14.260811678152114
0.21981856999586077,14.718753563958892
0.23666786736287063,12.337269696059366
0.22842816608204436,13.389647313305398
0.21780709441214965,14.900935685035012
0.22688622977840936,13.677398864428211
0.2196330319482907,15.134111889309585
0.22652995103706852,13.345833438381154
0.2240064473453174,13.57983024049279
0.22423308451507512,13.827201422941455
0.23553804107864126,12.760659811561256
0.22084305174096291,14.089025260932146
0.22561606053030242,13.447320264396245
0.21823224133354074,14.526254574273072
0.22408278589606076,13.482906266144946
0.22597474345112123,13.477633481383236
0.22423916488629317,14.287592475229717
0.2216995124898833,14.627672293703407
0.2273930941604682,12.958127212907563
0.22485413541634477,13.839789553257926
0.2216946705107934,14.421117629337223
0.22288001790217374,14.608979360695177
0.22220515842637217,14.538765065825663
0.22969874691711334,13.425839008409827
0.2184704550740484,14.330543787742718
0.2216434668642881,14.038857791119124
0.22669823045724163,14.051265345414455
0.21432369218284225,15.476946510958147
0.21461592678184097,15.332199878525461
0.22542692918983884,14.018298296349343
0.2257482454407227,13.654888545843363
0.22060787905519003,14.86715463471032
0.2226329218096606,13.781135483674271
0.22533084279745624,13.127377831730993
0.2289083706230935,13.513492193281573
0.21862009664226734,14.83349287630524
0.21863169705959398,14.94738925218809
0.22262677132866532,14.51374153195657
0.2238820202006683,13.678250815266559
0.2201214357767213,14.8722274923989
0.22726955471832372,13.53221415651456
0.22360891229181895,14.652425505701267
0.22504644332777124,13.805423994110326
0.2229774632450401,13.8347160129818
0.2165412920137638,15.57313748565188
0.21594847300498146,15.090752355762955
0.2170394778850151,14.943805499486135
0.21701732269034935,14.869655664185965
0.21974702494075343,14.817458827135614
0.2210983313915514,14.496275886021918
0.2268197591871819,13.479281776320555
0.22408360582005993,13.37281701547047
0.21881600201762846,14.891294719257528
0.2208700355058698,14.604394631963801
0.22697865630153946,13.615983859076097
0.218291597102125,14.83170462723668
0.2225659192727721,14.430999797234362
0.22313556192098122,13.959125880193554
0.2236315824891931,13.80088596102032
0.21776137019727992,15.153434654596099
0.2218691390270642,14.796809439073106
0.22631394033942423,13.541917808034269
0.22512435406002806,13.524258120215523
0.22005761790437875,14.364917794268095
0.22212422105053417,14.166563529765376
0.22395881806037019,13.451375296738991
0.22434602206243848,14.216949674495387
0.22763330848176214,13.102454381672773
0.22559374087144224,13.704807435473857
0.2191459746564316,14.74289300100111
0.21949334688629177,14.923100715717608
0.2303988687270619,12.602428546403067
0.21802247354146007,14.87382457092389
0.2191969208167803,14.569764302322982
0.21569044911619345,14.940988678082112
0.2166829501254134,15.497186479138929
0.22433431333356313,13.914847200067548
0.22163185630724005,14.270400051722858
0.22156139948352993,14.137329680984246
0.22357071868277528,13.99247344834815
0.2190506159297747,14.314834742818487
0.22228856329550892,13.908411283511583
0.23218883036000967,12.615900811304394
0.22340047622378018,14.41635586011001
0.21746093213243384,15.133771864229482
0.22442984803019228,14.167963132225623
0.22463037453578943,13.763940497860604
0.22378776717300058,13.66801638983757
0.2266979071002023,13.405143760436212
0.2202311317069557,15.142900736823465
0.2264101438884621,13.591437207793797
0.21860795967209895,15.052461168686248
0.22640152472149722,13.484699909340012
0.21778950909567746,15.532113957740645
0.2274202191424244,13.16660852830165
0.22470385428044218,13.205439335994383
0.22219053045256165,13.790800789399851
0.22034053875808476,14.77797089028774
0.22483496818687354,13.896117602968625
0.21894892291635268,14.852681718913765
0.2235112952537388,13.856110197452287
0.22190619080569424,14.563968661503695
0.22230339922601622,14.210506299400013
0.23179920534840864,12.50487566920723
0.22720588339784695,14.257428023667089
0.22766045019507478,13.466945680638448
0.22136079798481345,14.03816043938177
0.2227067907881587,13.831679761376414
0.22648903891323363,13.665456503160152
0.22284738470064896,14.174386058020772
0.21866555822532247,14.794997883001276
0.21953803122400076,15.034845690414363
0.22551663408161884,14.075825702534718
0.23103156335569086,12.843750465978292
0.23151716788378174,13.03458015916178
0.2210602282156542,14.280602946247898
0.22223231451189157,14.00688504965885
0.22509323644043958,14.203646181820753
0.22753409104996433,12.781837987942096
0.2230190713485241,13.578788220575563
0.22319885179901988,14.76878783250633
0.23418366704656518,12.608353291835597
0.22598854788045894,13.399301979996332
0.21899920065853923,15.082017517124301
0.22256904814893005,13.720280462408176
0.22244544590840976,13.933056249887954
0.22027081755394626,14.463465854458773
0.22040009161174862,14.289730598878231
0.2165081288099495,15.36348735629008
0.22182466870104334,15.127076986291817
0.21851198755692547,14.25098754617439
0.21705358779087297,15.388936125757082
0.23401307563964677,12.919278667360437
0.2294596890178839,13.070857617944167
0.21881794188123624,14.979363048003886
0.22760902619208417,13.520349545216728
0.22169638664615057,14.6430750493163
0.21635960270711418,15.549857021812993
0.22557841686410343,13.97009837858405
0.2249687889382873,14.162145160081682
0.22198975478858826,14.114437645969813
0.21948855739097867,14.81427492627046
0.2309615812325866,12.889861790506126
0.21431435780856262,15.780059801556035
0.21775032242847714,14.856394775416069
0.22149762348082647,14.396603850419668
0.2213953247131469,13.993203079176444
0.22659500959232243,13.246230725923661
0.22056338698161618,14.187099914960337
0.22018692593097997,13.99369785763709
0.22221604606391807,14.03167716835515
0.22795763941524577,13.324315869871649
0.21561501003239278,15.89072572300314
0.22259799224965846,13.93503951513141
0.21900458044728194,14.896308061991734
0.21631569570938364,15.127325109275128
0.21554651180558582,14.691283707406553
0.22267472735406885,14.105907568920635
0.21393885670880997,15.895857449611803
0.22517891565712764,14.34685560677939
0.2347661499312821,12.390833395648418
0.22457271198325657,14.157894636623164
0.21962500270758817,14.859312387176551
0.2192764519414525,14.561106587060143
0.2229940750581007,14.737320535309475
0.22576538928247863,13.326758318683472
0.21893935629034553,14.920089523851598
0.22079963567380906,14.52660250559328
0.22066472753983912,14.183655668714174
0.2259282717618188,13.543914258047016
0.22316253978578046,13.679340735589589
0.228884894028776,12.73294843504985
0.22226581497879527,14.317354808331991
0.22568458392293392,13.342203031098652
0.21567106466248845,15.346448129637132
0.22997625226230428,13.25460426322421
0.21940749619020386,14.694948611820845
0.21926149181400809,15.165172748430674
0.21938463276052414,14.768190402150314
0.21796272895516253,14.820310459632669
0.22401215396180804,13.525112623803953
0.21933885805708098,14.547924176079285
0.2266792543010645,13.734294684689484
0.22588788930148404,13.19709303914001
0.21800089207261075,13.96469072056056
0.22053268999187445,14.643319557458343
0.2146321855120131,15.421841466059199
0.2248460082793616,14.176671466580096
0.22032217425649503,14.132563950209756
0.2249990724859881,13.57878711369122
0.2210845736454981,13.827384152945823
0.22176902202305943,14.99003259648173
0.2232198745210045,14.093955708150238
0.23189269171503868,12.69588049147925
0.2182035737702754,14.836596079328615
0.22832495554278123,13.88426072285741
0.2213772724962025,14.128111944755588
0.2241036652764265,14.122727221788583
0.21394152575262876,15.827708164198345
0.223787474377914,13.75046768464381
0.22875705851129585,12.879112568267614
0.21639002761472398,14.864993932214414
0.229114288592108,12.704345987416515
0.21847149975515573,14.973895143387889
0.21611934632930682,15.577898379758787
0.224923028430189,13.863973993609218
0.22361856775569183,14.102723763584633
0.22211736997198622,14.402670003467179
0.22492915369283645,13.971835227102826
0.21853034220413473,15.00497722071815
0.22815588228703274,13.297221687750406
0.22616096993509016,13.577991931816554
0.2214702118741217,14.255119830215271
0.21914972573025726,14.653557412690613
0.22567313481433465,13.56640075261159
0.23237815538250609,12.97418492078479
0.22813485415296583,13.739204753640736
0.22629058030077243,13.620074132887968
0.22785477035245977,13.54234785504515
0.223704929286294,14.057113111596
0.223965313646267,14.222396786426552
0.2246700008717938,13.458812616040234
0.22302637177088008,13.694405524541162
0.22009165496346228,14.690065221377026
0.22869620192396423,13.085716179851284
0.22018557332174163,13.985724950567562
0.23195666666602724,12.838345761020584
0.21235665592620834,15.85657294424417
0.21950811275606022,15.20424447711546
0.2156021064172435,15.563609763221756
0.2330569229689055,13.385292650278304
0.2183896998520814,14.944486225844805
0.21975522682944257,14.060425595475115
0.22103805534326054,14.570496205803186
0.223199106353703,14.259031975272647
0.2222958611695938,14.42575373123761
0.21882050033778572,14.716664780177393
0.21290443078083932,15.871931825812228
0.22054046337306765,15.107236575354486
0.23140904269381152,13.032218288052727
0.22746060633223486,13.149485347379244
0.2190193381520412,14.464385364140483
0.22352969149414154,13.974798385784043
0.22406043974035994,14.150205860228965
0.2214765155422037,14.761821312367973
0.22526482844546294,13.300908817642725
0.21950260110371778,14.420110096187061
0.22734622025963808,13.268402644784144
0.21383513522961026,15.502016378154131
0.22890814225375353,13.522024585920175
0.22208767608202526,14.446788370285327
0.22333949262309596,14.030287978097055
0.2258633394372661,13.51987192533241
0.2216077147288453,14.059406909493871
0.22080070231312976,14.65651859077905
0.22428658458094802,14.356433983812963
0.22227802031179605,13.875622338579815
0.22400411705756054,13.727208976575728
0.22682190576044353,13.483553474353931
0.22028736494429513,15.051839692899197
0.22231801981004856,13.884608288304939
0.2246765318354102,13.63412247844013
0.21763879939108502,15.158756272569065
0.22609611199045504,13.749503282834638
0.2271043996845346,13.309289869864713
0.2251747860137196,13.525105001857137
0.2176826267030319,15.76148403342537
0.22050634703327648,15.028155201743973
0.22436073779434823,13.668177594651196
0.22824468685631372,13.254725645996498
0.2314649031256244,12.931359968655459
0.21751282463281257,14.975496015576175
0.22102538664464821,14.362429336207988
0.22388599452792238,14.039542840048973
0.22471286169959107,13.65581404941411
0.22147960662675528,14.787856722016869
0.23115951060887363,12.957627303447472
0.22425893446329592,14.177916002349047
0.21975072078118824,14.41130955896043
0.22518742028476826,13.986617657078442
0.22001691789630684,14.364538053495561
0.22968054132186558,13.645058307451126
0.225384544781083,13.536050960575665
0.22020261725917223,14.498842134051891
0.22200670104708653,14.150961996564956
0.2272456697665271,13.252490352048529
0.22719410155036918,13.266072442262299
0.22773501948488917,13.945235587156587
0.21824782078698188,14.558848921100624
0.21882718555777156,14.79079549751263
0.22580888461735957,13.672332218537417
0.21417126450181354,15.965170095288485
0.23110403804382923,12.25225914588315
0.22075128614378756,14.6739820173854
0.22594741510324123,13.258599769793971
0.2176549008549756,14.837506321178914
0.21401431835617848,15.463279443682946
0.22221130347172038,14.124988464334738
0.22352708928233322,14.236619080248326
0.218125385333035,14.725716456416107
0.22642905486559323,13.89030509116969
0.2152349797400392,16.17872519609899
0.2221136149676239,14.035552071677667
0.22551757008979614,13.597952500179126
0.22133269675312822,14.389832904986541
0.22672633056528974,13.490229839360996
0.22288957160894524,14.358894815173946
0.22462428754132674,13.624972225152016
0.218984982671159,14.601666792108219
0.21758051008240042,14.76871988591199
0.2373048727331151,12.186197902802729
0.224253024480111,13.632942567571897
0.2165952809381952,14.729251583088404
0.22992570060202652,13.05085166140568
0.22472299927654152,14.059099820825173
0.22720555723206892,13.436963933879746
0.2291333573420091,13.089058123576992
0.22077645417140032,14.239795713273566
0.22496096410562633,13.777335373508166
0.2174463330882844,14.88180575773103
0.22556260958529742,13.921618577834973
0.22273603514205104,14.277727888127316
0.2224175736224679,14.631124578397767
0.2269588125012574,13.50326101108753
0.22453410953985187,13.304009535207154
0.21973293327672355,15.12727827365755
0.22461080458710936,13.795774465685106
0.21209657434296905,16.04559826260111
0.2242698816612018,13.871161906653036
0.22302081532609533,13.892873132000155
0.2148725120527883,15.499042466262955
0.21903215050626212,14.751914295731309
0.21989422104426193,14.936730795964577
0.23629619916538064,11.90111272166234
0.22955136680868393,13.00490381316138
0.22478433186413332,13.534997484508537
0.21937014110654016,15.23106466744987
0.22059629674448206,14.643139747813908
0.2230477908193735,14.447354358511438
0.22669675928054944,13.433412104968145
0.22291043111558725,14.476355638724012
0.22092288648849112,14.28478392416181
0.22296200350223738,13.761063221981962
0.22074364231553298,14.62095819942453
0.2225449733405823,14.087800003414022
0.22631096296290107,13.938162914609029
0.21763683322344055,14.79074316065027
0.21300559754169962,14.998773622371617
0.2225682316684686,13.900514398548417
0.22652425692593464,13.556480572091335
0.22263790936527947,14.17904723249506
0.2126126848707364,16.75801746599655
0.22761137285900862,13.190915423669994
0.22313206191322751,14.093318002461215
0.22393493108428048,14.009996269240887
0.21988116888279757,15.476877046850067
0.2210517593508986,14.428935916828442
0.2207223208803858,14.194022931519907
0.22761925872097688,14.036801321356286
0.22268162523645038,14.29537819086375
0.22442053158052083,13.728830737192126
0.23094595387412029,12.828166322087432
0.2239624747863524,14.265047893340528
0.2162584079006723,15.056419767802478
0.21245620024813117,16.280069407911956
0.21382399056693616,15.768621100922124
0.22381426369981097,14.014018818088934
0.21955295176479364,14.906219513233268
0.22108068040055506,14.201095788185551
0.2221944396591669,13.9387985995822
0.22114694687351463,14.333629012729947
0.22507355870269705,13.905320058573457
0.21936128309788294,14.554762363082908
0.22754000056086776,13.360292488909817
0.22333717687166035,14.115293898274215
0.22744692564111296,13.44689440250311
0.22055377570753817,14.177498917694102
0.22252705985791169,13.625590704932034
0.2267327016816176,13.332446384559026
0.21894892291635268,14.852681718913765
0.21743156695121899,15.142716644081586
0.21854916418331802,14.64428078198853
0.2288263242876059,13.476237143462662
0.2274073148245488,13.137234615189863
0.21806356436949692,15.39598681865636
0.21804936783909912,14.582347104090848
0.2285034885957496,13.47200431172882
0.22525389755264924,13.707537815048099
0.2218632955205732,14.199950713743172
0.2154278134671428,15.002572883038397
0.21459557936563056,15.357565575416404
0.22077645417140032,14.239795713273566
0.22785337653802096,13.416740232039615
0.2164198939298259,15.517577173568688
0.23096551657268,13.311583551997295
0.22890137964000767,13.485284890046282
0.22067531958230882,14.424178729816346
0.21793515564415064,14.690281016743544
0.2304424338449388,12.860909810636167
0.22010174084478037,14.342337539766135
0.2211138161658995,14.798352325574367
0.21587221082932564,15.18328241193882
0.21558648083092677,14.917979871163192
0.2294799623436062,13.263619301014982
0.22440981036151186,14.21232446678102
0.2247462970459345,13.911808026509334
0.21198295694636254,16.04072409392911
0.22052983327071696,14.393616599281504
0.22138934438225702,14.714991237535118
0.2291873341725012,13.128437062195436
0.22240072115239012,14.56272342402316
0.22393628933084944,14.12286808415165
0.21686808988454181,14.681181224953466
0.2197133221478342,14.846553667059851
0.21530369165954893,14.901859309922864
0.22014592848915376,14.671893226183501
0.222062443768932,14.388282773101647
0.22316388198934164,14.351167117948943
0.23340541011800475,12.599902470400195
0.22175830434799731,14.440037999208185
0.22417626206623878,14.20245532161524
0.23069771247653634,12.6230479269964
0.22599777954563158,13.447895097887088
0.22165890732490895,14.044979276529652
0.22273613565822373,14.241596346672134
0.22559390697665455,13.973546808963217
0.22258159454941726,13.753379500020937
0.22015834993069916,15.003257484968804
0.21936330269837803,15.019940553281936
0.2243985670528466,13.308940551322676
0.2316732169636388,13.10798481251871
0.22425401014767646,14.23652224815712
0.22566668793217698,12.945467533375167
0.23206019786499316,12.585533941383613
0.22444901315338017,13.686074750746172
0.22390157973251404,13.84353623174742
0.2216283623829862,14.280380731810343
0.22221397374660617,13.793430068860902
0.2201496803622303,14.290175198950223
0.2260299824281418,13.751808825384245
0.22432305189181975,13.93506198549168
0.21673006120833416,15.273391563089103
0.21477532871776506,15.696022819578426
0.22555449171879396,14.162711645484592
0.22046914223913064,14.573812160277745
0.2294540993600417,12.853795881135687
0.22054974537628216,14.838349598959248
0.22245838031313636,14.555387186631124
0.22631707177904958,13.578792692929236
0.21539388471925866,15.083209158755022
0.2269205027703663,13.867336154658332
0.22525390351602856,13.6418333174018
0.22334204181625936,14.218734316218386
0.2205483045697622,13.99683109546426
0.22003525479100008,14.460770036598955
0.2225560827280441,14.278757347826682
0.2222450987403442,14.601929960532429
0.23319398675335207,12.292059249851915
0.21590261190197632,16.119360371651506
0.21431382188075315,16.003864517174353
0.21967663013936367,14.914677320688755
0.22433551045328542,13.965816519454991
0.22726858745193051,13.367058505513615
0.22733973314270436,13.153377234057714
0.2250154355526473,13.929071102309226
0.20803484416014262,16.341746017744676
0.23016043645860496,12.687926729620633
0.22273103212568476,13.79362248806803
0.22420552013632083,14.102042028909883
0.23219588210996095,12.852306314833651
0.22105119267066126,15.08362126020783
0.2216650471955279,14.198617146217565
0.22638606087854946,13.280260132347037
0.2320672216279469,13.002020677343708
0.22344668768113712,14.066364487891724
0.21997519042786898,14.257777629626899
0.22113353503500477,14.461481009177113
0.21524444798562611,15.275019395679584
0.2201181546712547,14.270999508284067
0.22806386164047515,13.333944092865478
0.22773722872049987,13.076644298036426
0.23165456118791594,13.08396110240055
0.21973672857985926,14.70928133871398
0.21941320605777448,14.933445728378798
0.22156285276108464,14.414783219023715
0.21538162663594282,15.598682379563048
0.227109361013149,13.30052363939211
0.2261894864928089,13.84858132260612
0.22043492178403057,14.763084353852106
0.22027776539629568,14.218215181780439
0.21939640756290946,14.79269479465817
0.22366181867025237,14.088617173085964
0.22764401623030786,13.20490094965711
0.22052818851317044,14.34444588066751
0.2188101360390146,14.04743838025207
0.22464515768298865,13.785219238917213
0.22031956157236904,14.787550179837805
0.2265696461601307,13.93098773372719
0.2171684398015059,15.059582122133703
0.21813772828554873,14.948156906113159
0.21869316874940853,14.845380314231518
0.22078775701863496,14.048497281757697
0.22137704668339103,14.91369653045434
0.21934516103176813,14.356168476966623
0.22069592844918257,14.475367032538635
0.22853120163583696,13.31102708064802
0.22921554430925872,13.212034514904554
0.22286958507767435,13.73691774046376
0.21999405179013637,14.722540827162428
0.21707406527345863,15.748094871041241
0.2337698619836507,12.718900401277708
0.223562430168633,13.8602916566884
0.2200056835392991,15.03746438253129
0.22521926121654784,13.662188191690097
0.2216138033995293,14.028500456638131
0.22130853206844553,14.178280974743528
0.22451851264146286,13.750370155031153
0.2248294160709912,13.428519513433368
0.21466970330833185,15.416001329595499
0.21978416569463916,14.426206108878281
0.21936033859363796,14.55142558654098
0.22167773720790848,14.465487621056617
0.22017481292819327,14.3899276423711
0.21702537651446693,14.98786050817287
0.22453209660045553,14.045097351912773
0.2214557912673941,14.323238961080488
0.21992689771388513,14.002408701665015
0.21933269760260182,14.897789946360392
0.22689067390526366,14.033007472335774
0.22035186408661062,14.47291724760649
0.21841725011646615,15.399582119833745
0.2165776192510328,15.408280839430594
0.22467968132488714,14.113249772733909
0.22372666315855208,13.388710493435896
0.22659652772884098,13.66977237845198
0.21742189114896265,15.014378556102322
0.21935604477284373,14.987380764747545
0.2164231620238655,14.788928654392867
0.21382015163451445,15.719431153598048
0.2323506089062525,12.214684838842352
0.22111572236699836,14.783800432529638
0.22033660803608635,14.634701502973968
0.21461152951123771,15.905540733407948
0.22572864231318587,13.218171622040776
0.2276745033326427,14.048331616379999
0.2251392011983601,13.525769208781897
0.22886062842573807,13.571477427653674
0.21775430354557465,14.935638953441089
0.2151418075258651,15.686686004393758
0.2261584251486586,13.239606855817348
0.2190751513096883,14.890367856080442
0.22832481758598833,13.903202236049964
0.21851272052349122,15.376318767426868
0.23205715060482845,13.219507578477085
0.21644098099162468,15.317966453725912
0.2173760960428572,15.32379481850818
0.22404448651520983,14.428253735175693
0.2246387552633213,13.860916671260368
0.2212612797556184,14.161420976380338
0.22175422802008005,14.232029270519357
0.21893093507450193,14.755296121756976
0.23149522825127897,12.796382524923214
0.21808487785911884,15.024465448162209
0.2289278667949847,13.353524154906463
0.22463331160540403,13.53219642756921
0.22652760679623535,13.51478466902479
0.2136418148621034,15.939286784738625
0.2232220217151647,13.978267942727355
0.21737677402639355,14.799997992448224
0.22298946758588575,14.409079754526614
0.22545219877649308,13.376104404946483
0.22011393983321165,14.900362449046854
0.2332805589671123,12.86338742130261
0.22178393401839755,13.620775273229654
0.22248551641168424,14.222066983432219
0.21517699236085358,15.71787580343461
0.21270566548225697,15.776514978520312
0.23103828218292688,12.760324274598368
0.22695364282466365,13.865485160503793
0.21866924266667426,14.570515315168125
0.22678347323412645,13.715188646056463
0.22249923047866887,13.578901683394218
0.22129689952833906,14.440048714307864
0.21400009195277567,15.858132434029525
0.2194945592830167,14.817975337576021
0.22186294611638405,14.222029243301062
0.22286861575213607,14.262275286677893
0.22776902881329736,12.814334416081033
0.228121770708543,13.473325400458712
0.22342919203548003,14.529905571457245
0.2241913708353986,13.471325746932216
0.2257231842721883,13.592274653469275
0.21632752382216308,14.823883519025904
0.2191288597306118,14.537554321096149
0.2269289951612871,13.589460326517722
0.22269087887567862,14.025169515429978
0.22100723209285603,14.636099849683239
0.22143406318844613,14.50394896611918
0.22618012408335147,13.494172313026066
0.22512929613278798,13.803657400305147
0.22420977091593314,14.197196320550333
0.21439704422393147,15.917475505982814
0.22286898202038397,14.278365032827875
0.22266508181707692,14.224808177829779
0.21886191784831363,14.387138052237903
0.22089689110062793,14.905449497017479
0.2200446327979162,14.941339072619437
0.2172738061184427,15.367678175455062
0.22138116459005672,14.50841714619616
0.22418538560672308,13.585818753709207
0.2203553418879075,14.724165442727614
0.22179782101015366,14.725806435430268
0.22291907211443188,13.838664812469773
0.22357911793605825,13.396697550930107
0.2192539011590538,14.018884123975958
0.22995941392412494,12.728076742137088
0.21889213446766626,15.210692859443922
0.2221254216558807,14.089035656128383
0.2131474165589774,15.93242750055747
0.22963974501001772,13.38984685669418
0.2119933799393279,16.380008437989193
0.22621430032373815,13.06460958248335
0.2267021638652724,13.542800299303703
0.22315402421412092,14.080211684373776
0.21947118031965118,14.708744930937831
0.21980291252047396,14.822156781820999
0.22004341610133085,14.475474384681633
0.21971549570306026,14.867200050435951
0.2294229605944338,12.78569597430128
0.22350311589012004,14.106077187395016
0.2227333538952451,14.819505604672752
0.2305208650888424,12.76776590222166
0.22821546677630922,13.847591417593788
0.22729154779868285,13.220326384832005
0.218412263561042,14.82699676650764
0.2217194018914346,14.82332067224979
0.2286876821170477,12.699072688876115
0.22707902516202588,13.05442814394306
0.2244060455345752,14.571925691492725
0.21823188169281277,15.281969122612907
0.21904306780730587,14.940430636061823
0.23386374247017405,12.36835279041984
0.22720662444741438,13.463699237386354
0.2261250272400703,13.292348159645627
0.22614667198538277,12.974615980636955
0.22677261206661997,13.221994307362358
0.22446393196979758,13.656433785292412
0.22886415312019562,13.178229502741361
0.22366675689315654,13.947089372670133
0.221989759770876,14.471149225087878
0.22929963817501503,12.825556615086523
0.22319773788285244,14.125634352011689
0.2238156893418679,14.03913547893872
0.23896368117357647,11.82545326029675
0.2178123692925694,15.086890299189324
0.21578009197082143,15.278532352392734
0.22032880676018285,14.643020884726967
0.21808545457781073,15.002589769480434
0.21900744753791845,15.20900482974072
0.21804581700734285,14.331036488574085
0.21225392392776232,16.077904349163965
0.2277516287653839,13.362163411816683
0.22640031357539736,13.801746182237318
0.22477637803402367,14.078372849952117
0.22011231901620687,14.104404404239848
0.22632616231541103,13.3053407404601
0.22998508734494136,12.91990836888981
0.23133099174315647,12.778660230773978
0.21774068291640275,15.234495579450966
0.22556722511348964,13.3958717371083
0.22277697083989806,14.171863896853203
0.21427574924764842,15.382654262552279
0.22208847616401076,14.071638549106074
0.22663112676232236,13.366663489546848
0.21704456930232596,14.97597648748454
0.21619833331764848,15.331005541054532
0.2176919056757668,14.661685142634507
0.22141677930970663,14.501574457922542
0.2218124583554035,13.937786830777434
0.2216351505814188,14.9764403834863
0.2160591849706497,15.261579721760436
0.2133374407651796,16.469135499373174
0.22034316313131588,14.847262640774437
0.22814969703352822,12.84210101669964
0.22264248630403186,14.063568220904633
0.21889212151396348,15.022567420328722
0.21863644199506668,14.935912694741996
0.22423967979569284,13.502517009777486
0.22958881129806769,13.003975833380364
0.22212572711632944,13.96473883420865
0.2160345205943967,15.550848250031658
0.2271265488801268,13.117077429534612
0.21933290155491178,14.862084547775993
0.22365061233430114,13.42004385275652
0.2237000458842007,13.537645711511576
0.22805293905160431,13.12109900881016
0.22361030855891043,13.654939989162015
0.2191907549255159,14.719497043155162
0.22190491525118355,14.418165632523706
0.2238285876214076,13.843716676775887
0.2242739945095643,14.193915952402016
0.22582298687375058,13.842033264543833
0.22903756062921926,12.916281409062167
0.22168522157417575,14.568193516322042
0.22859975341424074,13.098681588819385
0.2259537599463043,13.699287319133838
0.2164473753307833,15.951786138245044
0.21370380353633026,15.903361702234474
0.22432883445383894,12.921417856678017
0.21827036245042492,14.51134867587389
0.22106563124918197,14.15769064924323
0.21839328702863484,14.03385817597322
0.21990427887443248,14.890450058170432
0.2187827972391967,15.33315290945414
0.2183177987605447,14.619193031758
0.22374563996967112,14.038084492149792
0.22136009988623453,14.468729440856848
0.21813059147215375,15.422907332802913
0.2137423622411158,15.480175047506537
0.215419793283892,14.980998977450176
0.22100660797931154,14.45208404021414
0.22732996740336625,13.629438294997511
0.21605713503258708,15.249568801926438
0.226655203137284,14.031950371753487
0.2282170030206187,13.313130642681614
0.21751284244821864,14.689834947215282
0.2186615462874102,14.817927649232136
0.22533084279745624,13.127377831730993
0.21950660418986215,14.80161109634233
0.22972608937045536,12.764258682660422
0.22594734175665332,13.830875103168294
0.22866594258052042,13.109446462054882
0.2191689041663761,14.813809710376447
0.2221726055922607,14.026818920035469
0.22430121768673142,13.538171691465276
0.21742791896404903,14.866819504463853
0.21855281567139964,15.558222301108277
0.23441115719300398,12.027541124691082
0.22340351388463262,13.759674714856706
0.2286388381771967,13.16081894040259
0.22099507100709154,14.282696576428751
0.22100649359426597,14.533856079046028
0.22456749712065968,14.09953114572634
0.2221839557375891,13.988416342033867
0.22068812949229716,14.105147877664459
0.21360722668516677,15.541884466460225
0.221528295509842,14.511499655453626
0.2185560307846778,14.837320912298493
0.23431296456170775,13.161244532969556
0.22354000272451077,14.233859142026287
0.22056273213589117,14.649038580775363
0.21813344590375952,15.314215908625682
0.21378337485747606,16.111371913882248
0.22086208276771915,14.74435888310369
0.21663889455162857,15.377854493105602
0.21732931122381804,15.267697721291205
0.2270379783895636,13.195341247375712
0.2178591564383218,15.304336990070105
0.22258724702577976,14.33455149986475
0.22102022027129356,14.09107299140292
0.21508226618063134,15.559403632886465
0.22406751632012029,14.86310987430093
0.22336406794383115,14.08945492623755
0.21977971803910887,14.897597869220258
0.2267226482749109,13.628778114265334
0.2233205594674117,14.039284834520803
0.22155963762794295,15.24127854115949
0.21490698254568497,16.467907320687523
0.22135814767261403,14.6265019578592
0.22633119051890954,13.84723178482641
0.22422063518067098,13.519621476741307
0.2183948958246948,14.491673775614117
0.22622692909799655,13.724390930205413
0.2191174777161376,14.204693259450824
0.22008960697892593,14.25364517970595
0.21964805521279984,14.976289828575418
0.2267392299189153,13.655078453611509
0.22105948089402364,14.192461559657932
0.23047263230252624,13.099646097492833
0.22111240719329706,14.953771533912581
0.22283179352889879,13.378853218933475
0.22904062293961402,12.351419462088899
0.2148725120527883,15.499042466262955
0.22035117044825436,14.577655754153007
0.22588797154064486,14.247962095857666
0.22021371987517643,15.769258552136638
0.22233110256561645,13.804381836058676
0.22406746661403237,13.706169008933472
0.22014051556358824,13.899267317064236
0.2155846791420083,15.138240541301
0.21950577772616686,14.670991668645295
0.22628962093149776,13.493571681752531
0.23002694263677614,12.839849856436116
0.2172775616319474,15.351865157056231
0.2261183543810016,13.448691706324412
0.22266792577178085,14.136324125171972
0.21822831077554097,14.759547187856683
0.22155110916898701,14.288011997439156
0.21837100087608008,14.937376977513122
0.22670009237521194,13.757580629816568
0.22320129381898468,13.693909002940762
0.2160759392978372,15.407383928989665
0.21851711144451272,14.697266376995705
0.22190994880501905,14.349784096251648
0.22449293072671686,13.532333082337995
0.2240843391144856,14.075306913515076
0.21863851571151366,14.547523477772595
0.21226491891962934,15.80450443205942
0.22437308960637925,14.14509775060035
0.22519144244453213,13.874597660297194
0.22033613600177068,14.632795681027352
0.22344998593056653,14.11868727068262
0.22139043077415876,15.05455731375391
0.2309119888558261,12.670501860478558
0.21678844785386142,15.477151969019193
0.22540058563440515,13.678567241096914
0.2234942700001754,14.586014764122957
0.23520174471162847,11.937615724132295
0.22234600979841385,14.565401550720328
0.21895832338055551,15.417125708935426
0.22095613646331086,14.930134475123454
0.2245701249080828,14.144545058133263
0.22225127307831785,14.079534420579819
0.2269186341380555,13.658672165925816
0.21759552897177734,15.518493783084644
0.21425402418343967,16.400690937745765
0.22430309955175193,13.644757064940167
0.21807054601260878,14.333641907668463
0.22889974656381076,13.219838311395774
0.2330569229689055,13.385292650278304
0.22769679123107056,13.786955094675173
0.22509129025636865,13.447462647026013
0.22559560480282373,13.507808203784045
0.22929355110471925,12.974833669275057
0.22043789679108672,14.654519092808128
0.2202029684042271,14.565164085119498
0.22686018193918092,13.514739980129935
0.22146051008719103,14.36951378639596
0.22250326808274618,14.079396396635929
0.2245280778506574,13.839776694565934
0.22089689110062793,14.905449497017479
0.22151373425430204,14.191685661337665
0.2130269758582165,15.822332824986868
0.21895367495046758,15.254566565872821
0.21922939928359203,14.462304541941142
0.21826844045980148,15.213028858835342
0.2207237032032509,14.12260718076291
0.22351717196453733,14.02922344694019
0.2205483045697622,13.99683109546426
0.2264356869169297,13.90326581561787
0.2170556789864489,14.836919160534602
0.2144578443129006,15.116086260306995
0.22945691817795638,13.240618980850181
0.22624243955110312,13.54470778329698
0.22381553948183525,13.609546538693468
0.2164360539163895,15.430393681740407
0.21422383911205994,15.69530706574254
0.22512435406002806,13.524258120215523
0.217512105881611,14.746849977288708
0.22522021342198287,13.627432270157687
0.22817475088610975,13.416167340311443
0.22276504601148822,14.209147224333492
0.2182602726391712,14.992037558590575
0.2150766068053948,15.221524345503324
0.22304499808147446,14.494750036341204
0.21453414487812195,14.89225974678059
0.2208444865720543,14.417189805599604
0.22485247555411958,13.593025108498576
0.2196898137786068,15.131566225651438
0.22884152339719063,13.413251060827347
0.2262383123545878,13.377426792198122
0.22773564794412318,13.331524531896429
0.21688276846559984,15.337338639515748
0.22069591804469932,14.73169125429323
0.23041661487396015,13.102688016387358
0.22538205612043022,14.246596920960766
0.2214765155422037,14.761821312367973
0.22093684323841853,14.539150520562208
0.2271563762239411,13.700830349108605
0.2223905228087363,14.168948450093751
0.22104484806136424,14.167842188337591
0.2288815387563369,13.126503044858934
0.21733409348450333,15.678323235072588
0.22940121594821625,12.975412006809284
0.21570680185682153,15.52039687757075
0.21965652473945413,13.830249223984547
0.22531033992199506,14.18839967016765
0.21670147055850866,14.816300533547839
0.2228081876075286,14.224015219938492
0.22297414213222985,14.243860793483252
0.21917583296517026,14.954633845711795
0.22526954579931807,13.671385250160922
0.23387924792939704,12.267574109686151
0.22377493147464056,14.170667078384628
0.2176581106787434,15.025480902041876
0.21435177343809922,15.504462358113596
0.21878913824022056,14.56675278347289
0.2179346730360427,15.744257388024678
0.21986217569369865,14.760381230991587
0.22023175383872756,14.77951461681671
0.22838006018041007,12.820883034240024
0.22294135000545862,14.135110965558365
0.21855580356561644,14.909861900502179
0.20938399178996148,17.039517112933
0.22585644264268134,13.52018083935749
0.2321598444931879,13.131413010884474
0.2218487362152163,14.198542873048828
0.21627731275283754,15.390425611839433
0.21888805940276473,15.417457317576527
0.2235252935498777,14.340312024412619
0.22175887717202986,14.168929850610061
0.21508738304221944,15.617536752982764
0.22143894635035544,14.241350489360606
0.22405276480617808,13.899602747915994
0.2208237036927533,14.411398823578919
0.22242499851151465,13.899827305570714
0.21985618530552267,14.672017487056753
0.221135129119439,14.140529045184387
0.22117428690001328,14.487731393455245
0.21857077721207163,15.036037587733919
0.22214544347405013,14.436923965166745
0.22358066791389292,13.925909968957507
0.21923605901791712,14.442786174402642
0.2210642563676856,14.3684843900445
0.21570578932720724,15.462318666791559
0.21839491492586244,14.82625807762991
0.22041738404893702,14.502569309278554
0.2249209973998888,13.767897774754763
0.22409777085720056,13.869028813659595
0.22824276932712623,13.417190635258367
0.2147681519952752,16.25945632175069
0.22864190774633633,13.283920899114964
0.2156753667075957,15.283805081270788
0.2293406725857071,12.900867516652019
0.22507432706761415,14.218799244562575
0.2183743731249003,15.404614735618477
0.21797910003506682,14.558338828255339
0.2225439115721946,14.240775786058942
0.22258539907046412,13.798707597154232
0.22805256340627822,13.573327947714303
0.22225177131563392,14.285925942186235
0.2270343168302489,13.623291244552483
0.2266714448381004,13.639017347976898
0.22214544347405013,14.436923965166745
0.2198534354353181,14.178949381110685
0.2226297395373578,14.037665838069904
0.2183408609279471,14.876852458348244
0.21918514068330772,14.585705631181353
0.2148768141496296,15.650402634373108
0.2216532526518269,14.164728542779164
0.22522661113584685,13.989056956956706
0.22350876490417157,13.929730737824702
0.22277070845176428,13.97027191733607
0.21995030978904745,14.522263948749384
0.21833072058004638,15.126335212157214
0.2189219204915459,14.586445780752483
0.21537484546528088,15.59865360885689
0.22219474826039412,13.892494134063801
0.22060439568370468,14.48451333048398
0.2162020501546298,14.91438764245084
0.2254162241155326,13.812474601825832
0.22476930802519401,13.900944893844226
0.21934508553014004,14.793290200002973
0.22368316530222077,14.091740491192144
0.22427816053523766,13.572590215836733
0.21713342535269275,15.62060953596912
0.22132660463883447,14.17733401496897
0.21376657620293468,16.05607716664146
0.22850325950556075,12.916120808609342
0.2280952512555472,13.496244060026402
0.22831298458994329,13.754298841126682
0.2278416909234509,13.305763869781183
0.22785440405535715,13.030727846753658
0.22574015008986362,13.784490413717677
0.22105007842078794,14.245453570316347
0.22587477991311444,13.51620243203371
0.21573290449648727,14.76097282101597
0.22206942977711824,14.065379293442133
0.22509052865003448,13.541373817226834
0.22468018046648652,13.239476102965234
0.22238918472560115,14.317570734837108
0.21785959240254638,14.653965825382219
0.22743738239675448,12.927232009715182
0.22522927193263126,14.11401733339461
0.2271822604080151,13.85788061735944
0.22716498750950948,13.571020295390163
0.22262320137165864,14.288418758133956
0.2216477011017728,14.323984175286709
0.21963344752466943,14.393345801513547
0.21797786864393875,15.060255721444133
0.22117363158025746,14.120950075468897
0.22517894785783688,13.72700505807842
0.22456010915739832,13.942875631077637
0.22488759126430996,13.819626485169513
0.22774783419055733,13.706956162478722
0.22071835164133827,15.030009256017829
0.22479403776070217,13.676292245969744
0.22161668355150982,14.785406438062685
0.21599331039010114,15.512431945642641
0.22483986006630324,14.271112219583408
0.22186815951192765,14.334261466285453
0.23287107889916955,13.14416573487199
0.2237402288110199,14.537847192010116
0.22874903374214173,13.407892955371976
0.21999472292647373,14.916893931349936
0.22390034372100104,13.916901647820747
0.21578124857466005,15.484350938816602
0.22694039493284363,13.197796541258938
0.22562906870851102,13.798425170440288
0.22754363750953271,13.042330988544993
0.21948176589840335,14.561964252812784
0.21829663665663918,15.377952719533624
0.2266630007701375,13.54291004366813
0.21600271306924274,14.942494352826614
0.226205600025188,13.833739426527506
0.2188359747019245,14.824008638915071
0.22678370108592874,13.66197066420534
0.2292089241998384,12.641433819634967
0.21839760311695486,14.690883513788252
0.21771278981783676,15.308687111623799
0.22121862731783892,14.796788937315538
0.22155657011923022,14.023839117092535
0.22140638027107237,14.641166141425959
0.22620057846775324,13.805245410615388
0.2249715202272759,13.543789619641824
0.21832242191075624,14.856031036094551
0.22785065122872963,13.539894868688558
0.21793232511347227,14.786295199999334
0.2316370408787033,12.34616198483556
0.22175606148837756,14.430525479223796
0.22366119491695569,13.743438974191037
0.22592984701484123,13.80636985583001
0.22000042725855135,14.978075649157143
0.22207865773877394,14.582296783430488
0.22180054050158582,13.889767003062701
0.22500969211692531,13.398380597902593
0.22170585822279784,14.73417529894642
0.2228569501302253,14.200608733523488
0.22176378451425394,13.926910346401815
0.22513724402942287,13.448199386088156
0.22254928086074588,14.207538573825515
0.21563115035412125,15.42878236862092
0.2174251206101636,14.69098018786146
0.2194656815233422,15.35413276860456
0.22310530327253628,13.418544909913496
0.21948445285971246,14.718612380021865
0.22544414767083093,13.494345552299071
0.21744276410006907,14.880969910370412
0.22884541958570345,13.275122409338906
0.22159058068058443,14.550297229089963
0.22361914350317047,14.076132928742117
0.22123877154446092,14.235365899245217
0.22778275674295906,13.746704033163555
0.21648691451067098,15.385644219444336
0.21265260721263082,17.27986704155071
0.22258925060180132,14.086890011513974
0.22429659797696108,13.995354848081345
0.21522283585880816,15.85289860237874
0.22479782253846478,14.431284824304983
0.2164423592481579,14.664576517378885
0.21712397429825053,14.960689147396353
0.22296183367453212,14.249751214531255
0.227327272644578,13.080891233395882
0.2204331754574001,14.25232470391569
0.22355264345648096,14.06038667418343
0.22385962874153711,14.14675561201289
0.22876264739441143,13.18643684789937
0.21692813936070227,15.593672567858366
0.21556805137130883,15.555377823671165
0.21647018217671773,14.911020469099745
0.2197440635791677,14.930303877870529
0.21488455051271993,15.789448748518192
0.2163600930794452,15.042267094254322
0.22524349858947934,13.435442566606646
0.22856789951761958,12.969984228146764
0.21758713550691913,14.739794560389958
0.2167710299276032,14.958998832779407
0.2141280268020885,15.82525451850273
0.2236574555538177,13.732372097035574
0.22305922912352188,13.758814752302678
0.2229925885057163,14.299335175963618
0.22546035564539765,13.951258401534453
0.2231602279690508,14.029851515625001
0.22310840243248423,13.747800025866054
0.22234856964016791,14.000692717854676
0.2204743753456976,14.24377837399501
0.23065107603494045,12.32607316167999
0.21735400182305994,14.461103440810732
0.2253049114985135,13.450142455485894
0.22425378082729097,13.370910657514678
0.22279880483938955,13.875333199348152
0.21991750083877412,14.696144013810517
0.23407657018377942,12.774094654196405
0.23037386262204337,12.697333783566362
0.21584363620613892,15.133214104298375
0.22359279573216254,13.78575471081341
0.2222152784662646,14.39836556614585
0.21285311394118422,15.267670155117113
0.21487126184051458,15.516578240991457
0.21994546803067777,14.64592721462736
0.2230670754821852,14.157565182972549
0.22154057444270353,14.734721539768914
0.22105606752684956,13.840903029223403
0.22046279715155842,14.915356505722318
0.2190511852176753,14.669226028820445
0.21815603718608878,15.107430350285954
0.22032891670940324,13.869388609872686
0.22404596282564743,13.3310921207391
0.21856492525653187,13.928441646652345
0.22640262963976018,12.845841233563922
0.22344490290266886,14.135935670983436
0.21703280751301574,14.861336000853345
0.22346501502588315,13.818245540678868
0.21624987747817945,14.983533539474372
0.21958901766909525,14.663930013557305
0.22292889189220605,13.956331796219438
0.2194429692416323,13.915240853234808
0.21844276351372527,15.255922714795455
0.22652713216424547,13.474322644615675
0.22655775052711993,13.383238932942659
0.2270836821607949,13.521653895448233
0.22339100862599956,13.884368340907923
0.2211017888185907,14.12136499041036
0.22517248506121856,13.783943046683575
0.225950262861015,13.362468530086037
0.21688582279868718,15.168580779560779
0.22321626251413673,14.280266875458471
0.22508338526524363,13.782549055610682
0.22380589626027578,13.512905893901156
0.22936348937906825,13.06858033172203
0.2243965367390318,13.698507713512853
0.21753118016319423,14.17786331039531
0.22139958413945635,14.435727359732514
0.2279350796699504,13.670628484692722
0.21546453558635953,15.598364612013432
0.22088183331668054,14.617738073887077
0.22837217795321363,12.899578909424267
0.23352469760029362,12.729829326157333
0.2252651837508911,13.397444919571159
0.2224891322698519,14.189836605964386
0.22671899388726985,13.8757719062896
0.21325626380170484,15.855826588826853
0.23071009452147187,13.115989436417454
0.22252694850041993,14.555212332871315
0.2170527445825968,15.908674035433904
0.2239547109377178,14.21373792123719
0.22586622665093015,13.667009220403965
0.2249953362869527,14.079045873034788
0.2224261687810718,14.396252536013929
0.22124387048972377,14.285668132545927
0.2199881119796213,14.425449175931893
0.21839660493217902,14.572851210516967
0.23115664451714427,13.135867393550473
0.21730402648108071,14.613046616439435
0.22091319702291254,14.647289237338283
0.22614494098854201,13.40647167384709
0.2216782298414286,14.170021886005046
0.21980751971871998,15.188034517850056
0.22851959713612469,13.227236610014858
0.22663778284866215,13.300006019271713
0.22098035605670524,14.523473533483537
0.22377170970971938,13.778194034387639
0.22610296068146257,14.098940091552242
0.2332280200791712,12.6696934862261
0.22231126699226134,14.323833206388233
0.22175180252896828,14.38133010887337
0.21597676704647562,15.282829317720198
0.22552480703312552,13.940533735005694
0.22556057662342255,13.440859688011976
0.21886762607468666,15.119592556770133
0.2197457409146667,14.684569350878997
0.22213977975655014,14.149904329563789
0.22235384827320817,14.077473805980073
0.2271971934835976,13.327956547951763
0.22436381363869187,13.867126361338542
0.21519604749421442,15.266780848621773
0.22189899615001973,14.292880550926528
0.216252309574968,15.067172998082992
0.22120878185669646,13.741346219504106
0.22933618681150378,13.567238970984365
0.22803357479674483,13.617534083089286
0.22421929420058664,13.48395282008333
0.22460759909438383,13.828389668362941
0.21776552904017626,15.08499331889606
0.23489082742886333,12.753996798080529
0.21924820905985506,14.142443021598767
0.21600263922238877,15.452543484390194
0.2159097019161403,15.537117990035863
0.22671140630906758,13.749344488424686
0.2292478513402088,12.934010086106897
0.22219999466823903,14.287106462826017
0.21611242525123392,15.06092442105586
0.22347615154213124,14.31122921576705
0.22389659077980265,14.24561530553725
0.22737471252996733,13.21344078631932
0.22506643039605995,14.009008647807272
0.225444105262042,13.849799005712228
0.2129784776503936,15.848486568391522
0.223054398845687,14.00479900085046
0.22266805776520993,13.948302157269952
0.22240934360978631,13.684668133780256
0.22789458288175526,13.583515970309273
0.22737973303791073,13.86163480851098
0.22888697612593364,13.186010228943001
0.22880588010669767,13.308399501008687
0.2150154193282217,15.05539649272736
0.225717766690883,14.12234775341813
0.21768883542751025,15.36049326525833
0.2174265713521497,15.119786952453723
0.22118621427668939,14.82382428553044
0.2153204678706463,15.456402447354005
0.21484513820499837,15.40963914023819
0.22214839600223324,14.85855896257036
0.21740606901106022,15.07203046690932
0.2181671011145815,15.563665415818472
0.22167647244203145,14.445715038962726
0.22583563920899782,13.89694240478963
0.2295856308971629,13.229055866340275
0.22867481173213008,13.057512426056238
0.22491070982582914,13.638327092459692
0.21670832365830592,15.426323549550466
0.22136106897583707,14.268858085735422
0.21777013072816573,15.432197798699153
0.21681879805050044,14.760799438251293
0.22441261871654458,13.866990635840416
0.22031134098858118,14.842789659966474
0.2202656413956169,13.836427251879186
0.22228521749745841,13.89065845519153
0.22118960571915885,14.46528239015337
0.23240389870773723,12.933925155940468
0.2295534933146159,13.051465791839583
0.22030557128583805,14.754876436785686
0.22354702618812106,14.015567903026101
0.23502432870758833,12.304069495146154
0.22112195316893185,14.577223059034447
0.21408385313155934,15.80709641725735
0.2283943881263482,12.979679266060854
0.21749365090416103,14.945129498372463
0.21413614165112002,15.678366615580618
0.22017858391206668,14.520151049605465
0.22044248609171235,14.979792435150491
0.21433172101756576,15.295810896218958
0.22276651258503755,14.265551907527808
0.23128464908494636,12.549552799910968
0.22310436714119647,14.191270456414472
0.23179536348655816,13.137159472767001
0.22310693600809434,13.7759896042806
0.21993595680107558,15.193524958739804
0.21374983800703365,15.61162188125214
0.22447506062100314,14.288496081985665
0.2312195859043356,13.082451616783265
0.22712252860433518,12.94329402505902
0.22344490290266886,14.135935670983436
0.22980212880445283,13.111960486997965
0.22759704664243233,13.427457928644532
0.224262081410374,13.757134332118358
0.2208412890395783,14.713127884446937
0.21617364026402594,15.477636470693518
0.2181826286104907,14.877504551440655
0.2250321721456589,13.984881402500482
0.2222938545021814,13.81075933325228
0.2239221402658248,14.255035055278146
0.21769414860353478,15.459311927938824
0.2216114978581463,14.456166300067848
0.22035360878307947,14.13947617741193
0.22208334000824156,13.749618098284893
0.21492929229235033,15.217694286172636
0.22839364123030853,13.488037510990676
0.22933296630571587,13.534252740154653
0.2208485559161842,14.152125766824637
0.21432196027549702,14.938277984416834
0.22430121768673142,13.538171691465276
0.21524290010764233,15.798935936490295
0.22075397386153922,14.094910065888326
0.21535093390871515,14.867322325483741
0.22628761572348316,14.035637307202977
0.22629685854707854,14.295246679182785
0.22554511381431616,13.330904252482462
0.23399018856996803,12.846466452335486
0.22355835974733662,13.777077647366307
0.2242308759678231,14.123614330919533
0.22598144767847256,14.066062574123535
0.22525581839381253,13.789075427170712
0.22346794705653072,13.996717861665323
0.2271215653229751,13.660408543691316
0.22410133026212384,14.033761943134255
0.2254826626697592,13.419725985079795
0.2209652608982306,14.711726863321333
0.22939977453782828,13.143660684310797
0.2189819574209643,14.838084906722127
0.21984331741081942,14.504295188700867
0.22555373787517094,13.832288993698091
0.23073561222928055,12.744654612956507
0.2258272686577226,14.039248247576289
0.22023415573753638,14.990964435051424
0.22706417826900538,13.360723110858906
0.2211570216523142,15.028649005850728
0.21927765612354339,14.676460241072956
0.22200630616538436,13.867177583520618
0.2175201864379061,14.771144484800194
0.2241181336966549,13.786345410413748
0.21551872116465948,15.721296991161276
0.2241088524567467,13.967451099036726
0.23047689916160316,12.837839998031313
0.22566105260704356,13.726478119352828
0.22842639087274294,13.545024447543112
0.22522311784667048,13.999030379797833
0.21651198347005196,15.179605018041856
0.21454909137260297,16.005096093213634
0.21325571378886213,16.111444946922155
0.22526580782844297,14.078852569097199
0.22390370884709357,14.400981102348267
0.22238360827458178,13.808820380786644
0.22062301277341334,14.247497212564511
0.22894483156942863,12.64877121520237
0.21900713362962373,14.771132567545882
0.22424751397010487,13.97438920589451
0.22831498359976538,13.302855357725559
0.21489675578168038,15.359859002514533
0.21728923522754354,15.089392619115255
0.2228282170847221,14.371910051858071
0.2268648760430376,13.277439672081819
0.21721279607297106,15.80593579431331
0.21662922114456193,14.919213381941502
0.22408360582005993,13.37281701547047
0.2214747628727134,14.391749525939316
0.2220016448898236,14.278004493498266
0.22369344250511133,13.954960317752322
0.22185690454807477,14.7799530479959
0.22300221507968393,14.736647671364192
0.22886350734694544,12.839445885818755
0.2245903447559681,13.455677022348395
0.22770663046816203,13.554590199442043
0.22506427201428858,13.41634677225063
0.22204643889968217,14.076632219381656
0.22143683685659413,14.229293828442264
0.22862669969599048,13.201158614937107
0.22978498635381867,12.943721443962453
0.21987328080906268,14.461656529486344
0.2171509273344243,15.476122448595103
0.21841544318459552,14.812186377077294
0.22294480136889383,13.660505919271156
0.22841483205670152,13.061902339851537
0.21168464152164498,15.394707471506162
0.2286288329097354,12.73149357481506
0.21613779607683986,15.062650531233853
0.22937595855545914,13.440019195840364
0.22046052643978353,14.477339735260703
0.2184592993675709,14.576664862676365
0.21428935617695677,16.192517134979685
0.2177046877973043,15.07089166636695
0.22493051662306826,13.794197738409757
0.2249248268519949,13.458839607122963
0.22775082899603602,13.135445131192268
0.22538553328798233,13.34813993771737
0.22328450581339868,14.040858566943086
0.22447377304969413,13.440646824711306
0.21951884028355226,14.678240981955815
0.21905636691605596,14.897037486914606
0.21553860724250906,15.518814903045696
0.22370750202835338,14.020745416062816
0.22318884170234252,14.319175916346563
0.22360310279979315,14.196833449516289
0.22525581839381253,13.789075427170712
0.21934472303151611,14.741959740033858
0.21852668298377997,14.68415410123694
0.21991259707578595,14.347043454622716
0.21998230498318672,14.549501064300513
0.22049633845705452,14.699585048226483
0.21999281340011684,14.010771215415241
0.2289035972275259,13.430189721776172
0.22764653558586745,13.203737712521338
0.2118530293089377,15.880933068288918
0.22449484855837287,13.909385236764477
0.22079149899066314,14.706467522681752
0.22143554728400636,13.838848746865919
0.21543665416731606,15.570085424239778
0.2224607164474457,13.704591985071387
0.2210422262944725,14.185116040462734
0.22176053144692146,14.483214627646952
0.22834606550017386,13.036866347243544
0.22178858308624422,14.181908482643939
0.21937503708724765,14.247635876379585
0.22150051845653168,14.940101440393073
0.22013347353431895,14.091666835477747
0.21304207214025264,15.92115974606525
0.22614784429073426,14.123324661540618
0.20959592640737182,15.989181994821067
0.22886062842573807,13.571477427653674
0.2206452610707592,14.394089099535428
0.2323619927104681,12.468176108098515
0.21785928504083393,14.679255536870809
0.21675678129812895,14.940910986637329
0.22650316052385389,13.494118661680982
0.22693869828378002,14.236848874031956
0.21900242723109445,14.700231567035047
0.2221927453300658,14.621357053761555
0.21686077286806482,15.33736172401413
0.23276217184293,12.139380796829311
0.2211648885843434,14.359725947012922
0.22260290462762602,14.106575524271712
0.22981946777042445,12.840808178923258
0.21611555709571195,14.657441764086439
0.2173357103475904,14.961259645496328
0.22485315777645704,13.789931055493659
0.21471242815240454,15.025787667850347
0.2330527034093165,12.45415110582879
0.22162827547190164,13.981147130461824
0.23378414855570553,12.850553545893938
0.22945011478397992,13.09531932404054
0.22072521430712527,14.504598451561048
0.2304055134317853,12.486530314754475
0.22627116955942117,13.359112693285693
0.2235585510435074,13.74924311974144
0.2331073351984621,13.064787803447173
0.22223407244724755,14.441630493663311
0.21462326539462037,15.376569603538481
0.21945684329680987,14.64630785663035
0.22638249801626167,14.425141865431394
0.22068482806247383,14.695671186309548
0.21955064946493275,15.342390704624478
0.22457210097615649,13.269816970473942
0.21806676649091847,15.489084912198312
0.22371365935369394,14.34328000731525
0.22265571437951168,14.157759862096482
0.22319651202231558,14.313309713052865
0.22121334780024526,14.388061022686964
0.21945023123417626,14.440603237306965
0.21760658615960027,14.846430188778754
0.22285037684237546,14.251606806260227
0.2185178483076222,15.091136783723845
0.22024677524788935,14.395146570120527
0.21955539541438698,14.771267933177148
0.21761978677672134,14.855589166664478
0.22136568419216873,14.803993378719449
0.22073566707076997,14.863002303163313
0.23423470419213324,12.527177013554242
0.22395897148828472,13.822092457028969
0.22104323482915444,14.49786889337625
0.21365881078978932,15.909904406298372
0.21964504209905322,13.965939245835388
0.22596082393872194,13.18327211891386
0.22256006411638252,13.708277618526735
0.22597447762443806,14.091636418143159
0.23094701684157232,12.905537651664028
0.2178800111140908,15.125451569009861
0.228734912360656,12.696362261232993
0.22026595942238536,14.366066834065359
0.2136445742559448,15.873887236412434
0.22614905040972402,13.373013425256019
0.21848131616537536,15.13453340450565
0.22649714476590385,13.481568544161394
0.21339700171191558,15.160222724963457
0.22045876300561737,14.681713376408567
0.2243846198068176,14.062187505199233
0.21630526786883758,15.426045348780058
0.22793210780206632,13.401060958794057
0.22186822624838423,13.829793337593513
0.22906178523693038,12.81942365896922
0.21557141924086742,15.656448084962621
0.22704354460059148,13.820557864877292
0.2244285849601879,13.588980850108735
0.22562891787722117,13.784427895521166
0.22613610167200646,13.899584006924224
0.22607462989745966,13.190547962134227
0.21718138896499803,14.969010999376984
0.22391498540715596,13.644516362201859
0.22090562022672322,14.705986680516684
0.22808344637260405,13.257896264513313
0.2224495775268217,13.980313482768933
0.2261262314538255,14.000357908314035
0.22310489547329782,14.132061185075543
0.22563408218882697,13.864689939556548
0.2201050176106237,14.68638981157739
0.22584997628680548,13.455942523173242
0.23366370365135092,12.875061695655038
0.21830138544923952,15.086940239610684
0.22058897667397645,14.808904101162799
0.22560132494048857,13.720944321458504
0.22805220715854388,13.268532413064554
0.2204495664583513,14.791189639153691
0.22706820476018244,13.761986630604365
0.21789417206365286,15.410113820209281
0.21834784220692455,14.625602681401496
0.22839870854084265,12.94302763034076
0.21688597048389474,15.42538715667543
0.22373224709960998,13.808708411350551
0.22034896243694532,14.084207606935568
0.22425986475231044,14.29693354830669
0.2225152320969907,14.028063372994042
0.22683297773413538,13.345196459236712
0.2223177962632687,14.210511154895611
0.222207023863797,14.106002212671214
0.22391459287475043,13.799014947424796
0.22040855609444543,14.542159454656915
0.22752344461240714,13.112386062566198
0.2166846181338793,15.506444447102224
0.21329714813476613,15.947695704230503
0.2184460171677399,14.46401108099998
0.22375519809544397,13.801517972578951
0.22895425632621347,13.779474409632959
0.22025751838178237,14.264695196620764
0.228397885034549,13.24892252376435
0.2274928773128574,13.437219587370222
0.22315900353616464,13.957137536124648
0.22485201344945943,13.924302628937172
0.23027657557199133,12.701610858125202
0.23723950581333697,12.15538741170159
0.2373715023616223,12.095674892466164
0.21614963717833355,15.233135823146107
0.21123984817538743,16.466710470591874
0.23075250754755647,13.199393621052511
0.21856211032043316,14.72869682677175
0.2245736266556839,14.005277308423688
0.2218368262435315,14.726953241478194
0.21618779686304404,15.541925291910504
0.22116912826671276,14.179359636658095
0.21804173203528154,14.794949585836443
0.22588007765005713,13.907387832457909
0.22040119814916542,14.980879623704128
0.22268578489131585,13.729550906629921
0.2241525570196353,13.697693266282592
0.21950046362337183,14.509091560494635
0.2117827198006115,16.303117690118185
0.21020102213334643,16.553011295990558
0.22159865810372303,14.345004413573935
0.22490122116725467,14.437620590606317
0.21834339761110533,14.91453246792779
0.22300198785601072,13.781070856671313
0.21772192648839286,14.854415520492797
0.2235272996045681,13.877771194991018
0.22602802095448257,13.541740506252813
0.22293198812723825,14.236736127290277
0.2165865169412841,15.381768295913842
0.22093360986935529,14.46318970136289
0.22193857822223995,14.348322609453504
0.22803082261246715,13.75580593011236
0.21635279785037007,15.89130293166957
0.22298405648291408,13.751377807782863
0.22546728593669343,13.821263882004065
0.22298103343568612,13.786347718278995
0.22752960583576873,13.573209425163043
0.22805540427092522,13.157342017274509
0.2198438913866679,14.45034171323778
0.22353568267238408,13.951252359387025
0.21284606379674073,16.051305669789
0.22001173273742142,14.539222136382206
0.22499662277451082,13.668272067280242
0.22389742755119504,14.067980052189787
0.2279893632020291,12.962936401201455
0.225583200505582,14.096614985319926
0.22274882844487354,14.272703678561685
0.22123964769869886,14.764042672244496
0.22738439613736108,13.478417625170254
0.22845783067665243,13.259305773212764
0.22350750602524305,14.372230059423641
0.2232908427047325,14.102369324325593
0.22413109341339593,13.779542279872558
0.22239747899615267,14.231033048886736
0.22238262470620643,13.568619895757632
0.21918489368731003,14.663057167132871
0.22219433279261974,13.689966512901444
0.22270237157562858,13.575453260749097
0.22417247289553227,14.424856201186191
0.21973401819718658,14.98757841080725
0.2244808021780549,13.53972644409356
0.22187238444886914,13.827840079320342
0.21752167276056078,14.759842092611947
0.23554435271524612,12.293892933999459
0.21711677578835725,14.87744611469513
0.22034451174216607,14.115708251823849
0.21930323118298292,14.930125457486556
0.22816295308160398,13.210843943197235
0.22560025180900656,13.601325570606322
0.23023355012898084,12.922035757635463
0.21697605139988202,16.092154327379316
0.22650865155307354,13.366186987267406
0.22200446983837788,14.196311937873743
0.22014776724457147,14.865111358449756
0.22504870369345634,13.57217104047193
0.2298956216550406,13.122150785953098
0.2239693511475171,14.068112349618755
0.22134378330077276,14.901743108679849
0.22220725070955719,14.310319501418236
0.2240721646998655,13.73189704796439
0.23846983354913048,12.10455050401586
0.21864362147048857,14.898534839571482
0.22130483682932148,14.69083214966809
0.2260929202468707,13.631553461693224
0.2197396410212885,14.88865763314417
0.22030495096690475,14.975093358904646
0.22896781483019538,13.719418635706766
0.21759204130331722,15.107382564641744
0.22099697902874996,15.194540876032208
0.21875374765406214,14.506636910700328
0.21329571580657425,15.206292902747318
0.22940385966204885,13.00472475844378
0.21919791912731507,14.463801121478221
0.2186001097185087,15.150939997296275
0.22119873890912273,13.880474766927833
0.21796833282554154,14.432849058879887
0.21950046362337183,14.509091560494635
0.2245029863464403,13.813881400825743
0.215177180175262,15.589861736597523
0.21987001669141037,14.895793499034156
0.2238679583592582,13.589722273279895
0.23160737881651355,13.236313717563199
0.2210022576076384,14.205892003615974
0.22232144277572208,13.861854314302118
0.2164343345621419,15.546808370096686
0.22632404590509475,13.755238749117229
0.22871778558345626,13.481671084835845
0.22081728182034063,14.967003714842992
0.22261146482242078,14.707116603938804
0.22758326865570538,13.409560752728447
0.2241931827376153,13.901302456036923
0.23182110360414213,13.307036208262984
0.22320796284551003,14.009831313320598
0.21523660696351174,15.167376594511143
0.22649767331973425,13.471265699009415
0.21800048542053735,15.070312114996295
0.222898078010204,13.874662219319053
0.2169088590894538,15.894975341062414
0.22477992977829042,13.344368391782787
0.2218770753344,13.579803389664633
0.2191097700003627,14.62899079425754
0.22044686998141805,14.621617690452448
0.21619720925259875,15.02932138299612
0.22686856436302694,13.406863107606307
0.22062348385513844,14.228018434067685
0.2199980963783444,14.29147914563004
0.22995223081016763,13.006037477949487
0.23653132799655635,12.542635331904238
0.21899709724926855,14.604488122317854
0.23107108581190222,13.160677811161097
0.2287520861332142,13.299681920542955
0.2336019447708215,12.744020089891276
0.22286898202038397,14.278365032827875
0.2195604563756522,14.937675039693376
0.21941244029308,14.52947834867575
0.22221736748466267,13.863211906075882
0.21981856999586077,14.718753563958892
0.2211082145244944,14.544205991475073
0.21589121342847928,15.295933823632732
0.22554929938036383,13.321275573414772
0.21859540252701481,15.061937126020572
0.21988008051875205,14.71161504937898
0.22479263715692696,13.626469311474686
0.22341107934385124,14.329768292928216
0.22709622323820255,13.539402021442525
0.221297097452165,14.054497930069362
0.2338254275790151,12.283025925214902
0.21930770116941484,14.390406927677088
0.22587915500608036,14.139733926918785
0.21555878641592888,15.148533046282063
0.22032108895117838,14.686900099704262
0.22423928818931807,14.016952355790066
0.21879357698837318,14.786278843380932
0.22255958871527587,14.496280590280998
0.22151139671505132,14.313815616311354
0.2230068638559392,14.453500343375747
0.21618664769724372,14.588776880146307
0.22129689952833906,14.440048714307864
0.22169281838337201,14.196739809002095
0.21642795172837415,15.092877322742973
0.22759013074619788,13.864759072799915
0.2200768235186349,14.322693930365814
0.22242888050835866,14.02358450970284
0.21760698603254394,14.888545282547426
0.21549038151780334,15.400056420318153
0.225011695181981,13.659583005395392
0.22838987874907754,13.364611025595433
0.2301030444554446,13.309170421076217
0.21903345697961973,14.91243202966484
0.22629056488955668,14.201615694720557
0.21843519913461767,15.490138422387124
0.21757287861934604,15.889676187095843
0.22317905574368024,14.228669279909845
0.22697818822734311,13.275482501392817
0.22805198723509218,13.689084157854358
0.22498123093482444,13.260695373004616
0.21818997247690167,15.11680842301882
0.21901011941805,15.097059598205202
0.22380734227533206,14.473455305985755
0.22562182713525283,13.533464885298557
0.21686475751949402,15.167668010053884
0.2280952512555472,13.496244060026402
0.23155939534231876,12.439990552004883
0.21837833955521785,15.154647597010051
0.22605297925774534,13.887570237815277
0.22276720197751684,13.966209180901881
0.20726905264258505,17.65413889741579
0.22695014236356242,13.669944494194429
0.2113204135858598,16.31535501652741
0.21695829674269884,15.947128191286108
0.2214705012837223,15.163339108374137
0.22274012598044474,13.905135676443285
0.22552498649125668,13.147637172283696
0.2250521694011129,14.223821331470825
0.22545119684952997,13.84922064053959
0.2297793154088269,13.24621538009215
0.2226583628540253,14.312809648045004
0.21753467619698474,15.05186786814149
0.22493324548607047,13.700948900072651
0.21863368734573163,14.70823331578451
0.2206286435985771,14.003487973982379
0.2230175354480256,13.800923043467561
0.22467240844840705,13.855732549361552
0.22608853660638406,13.083201099373719
0.22558702882137852,13.940598153011736
0.22439422149156696,14.062311501185588
0.2190099112074758,14.362833242218324
0.22308106981939443,13.854635030974306
0.22019124594385375,14.699864342135697
0.22349995023567748,13.825464652191869
0.21513721703305466,15.71964472249262
0.22407069722425974,13.932818296967735
0.21795623803219816,15.240180611467133
0.22537470685309247,13.477946464531156
0.22602710639594148,13.486641089247831
0.22120780810146673,14.718339531834634
0.22430131336560302,13.928126922448696
0.22788766463590965,13.126768052085573
0.22381486207579887,14.027417385312793
0.2310705882900536,12.766529973825177
0.21970190140503743,14.576972935653236
0.22905707869953298,13.338154622993741
0.22847092538981761,13.088748494180676
0.22076563935723648,14.903618672153875
0.22176307585492205,14.643152676177387
0.2242520965741238,14.336792325833255
0.2130817970113242,16.05392570193328
0.22487956671694304,13.74015088214804
0.21418358399349177,14.865094069325067
0.219084833530042,15.161207855847298
0.22152288469821668,14.260038976907955
0.2261250272400703,13.292348159645627
0.22322731670457927,14.895019620488451
0.21739728656959542,14.788082024635573
0.22482232759090642,14.39962129466523
0.2233701911399833,13.990253265083554
0.22818739036802554,13.165447595871171
0.21453903466534285,15.151537390321803
0.22220010064101614,14.316864349277793
0.23029032071941266,14.09735059405749
0.2305969131983609,13.152158093343168
0.23223580711773076,13.300388408711777
0.22281284854688813,14.509244670481229
0.22413165431447984,13.95983307887887
0.2227539920653525,14.610758050992366
0.22099353043363765,14.867411232390165
0.22604588348943294,14.246000448190678
0.2244154678139251,13.807689121476532
0.22711371600633906,13.74605782598591
0.22514539242975123,14.480086718245456
0.2199881119796213,14.425449175931893
0.2208955513569738,14.899932863956733
0.22860302176580738,12.862172003678062
0.2240291226741221,13.92535827272474
0.22758690519141447,13.399425480713726
0.22306332096357945,14.098297817430723
0.22199586211227587,14.164370142701276
0.22535495297838298,14.220114703221087
0.22215650872829149,14.604313902713736
0.21722026644583675,15.274103515037936
0.22237995109170422,13.517126723811877
0.22037297218645666,14.500256023345614
0.23252338339429932,12.92177845509821
0.2147191497101343,15.413336116387686
0.2245962929932935,13.407394880857774
0.22240490566098128,14.288804126129639
0.21304686137272016,15.799439411787889
0.22716996388703256,13.208710133571845
0.22097676174404643,14.518763516567699
0.22478486178934956,14.025074939422918
0.21693541635442778,14.905701079724105
0.22739327127602854,13.487913820520163
0.21745581398752292,15.147895557203414
0.22211139630438048,14.354252070772711
0.21604048661852984,15.560225621345406
0.21806529211797193,15.282670601153477
0.21915387819239995,15.040814015381775
0.22290787691138314,14.396463880308419
0.22051907102297372,15.09442237115586
0.2246555688569054,13.58088120983002
0.21888399088592675,15.316722932516965
0.2220402814265227,14.13136896892433
0.22331131631314213,14.337478750883765
0.22278965757880947,14.299791186398958
0.22162238169638743,14.321311933209802
0.22307117029073842,14.096234412996143
0.22945424894785962,13.032284523183144
0.22252009199809877,13.84614916687176
0.22624957869560122,13.114882582127102
0.21843956832849284,14.703470681173325
0.2192759367959271,14.801793744314136
0.2232348617679852,14.126281871130939
0.22990028612018637,13.235437216097779
0.21832763786889936,14.70725125745071
0.22450544704166797,13.577963314698856
0.214486214893297,15.702668415630683
0.22086426944621873,14.875672091956334
0.22426279596209123,13.84430801055663
0.22471258503974734,13.898514059909933
0.22329089390268886,13.940928899966458
0.2224920108748079,13.98532765074837
0.2130495042798475,15.353159786835565
0.21633035979211285,15.73904569768466
0.22410977321024178,13.775904033313077
0.22042020420765598,14.388506147261632
0.22074556912782103,14.475439394058633
0.215952777861136,15.836339176148574
0.22183628838046104,14.770785201504497
0.21435624151089994,15.172666187152219
0.228121770708543,13.473325400458712
0.2312609354611474,12.720773717514794
0.22669712351927127,13.620899527906596
0.21661111771561092,15.29975163006471
0.22869013306842206,13.057587008122413
0.22373224709960998,13.808708411350551
0.22908823302856451,13.310756734194303
0.22330353725312424,13.53901185633843
0.2111529690335405,15.908124943187358
0.21630754747876463,15.090511649844137
0.22675531509206934,13.806465549840526
0.22195646864879587,14.161432136366587
0.22227187158348138,14.305274213843745
0.21855661586364414,15.108543333155785
0.2228990867285887,13.734663124023132
0.230734402589519,12.988242247937922
0.22499819171741792,13.78569456248349
0.22580927392725428,13.950147771466948
0.23073669357181864,12.831060114301678
0.21272349427431125,16.032498165448697
0.22381486207579887,14.027417385312793
0.2290632282958285,13.513584856939918
0.22567312409413418,13.291719293514786
0.23155661207246866,12.725559504378746
0.2217022993951747,14.300846439593334
0.21858884804311196,14.64868592812211
0.22755281914393966,13.581714405136056
0.219967799250439,15.22899914021662
0.22682190576044353,13.483553474353931
0.22628965874815835,13.373129380611715
0.22028831601411794,14.503143842539233
0.2284798734918838,13.396052216730089
0.2166755532490563,15.63956154719996
0.22420809689450566,13.989648573988097
0.2196921546197113,14.452930983948425
0.22600902626861186,13.532609450105054
0.2284918983534914,13.35066791307859
0.21794119386841823,15.69721301308554
0.22067080363535227,14.63353846811122
0.2204892246292081,14.7325899667453
0.23480443282509084,12.42842373794123
0.22374166280639646,14.431059873591629
0.2198956236812868,14.286372279272953
0.2235211587877351,13.881495097827923
0.21830892268857133,14.627148633891466
0.22637417724352038,13.267326783889555
0.22911396356008756,13.627718245204694
0.2234370316424074,13.791338439190335
0.22429076005700993,13.836925780343979
0.22343755149315328,14.09697901118544
0.22183538479579834,14.512505136836253
0.2236203010797362,13.691731035723548
0.22588287032331528,13.553596610959032
0.2250739733309884,13.47113363293238
0.21253542247344565,16.026550424301874
0.2179785985607404,15.055083423491206
0.2233323429084818,14.25711232611728
0.22451591781596592,13.770889343041707
0.2290867548530859,13.192672860586157
0.22411696463166778,13.082454546743248
0.22612985254659013,13.60765292291355
0.22422934176642076,14.11800982541475
0.21817448921375387,15.360286598956995
0.21343353896267,16.412768016149855
0.22123964769869886,14.764042672244496
0.2147007268133749,15.102956564930226
0.21310414169335867,15.637850215412715
0.21793626862625923,14.683609741657653
0.22046164296820875,14.497246364413504
0.22170128601803735,14.415742821926656
0.22550269085755686,13.701279167826494
0.21790830563005975,15.345562809782836
0.2247470009880303,13.031944500324538
0.21670848564941741,15.293894902823723
0.22764846876315442,12.883920873169137
0.2158012116015893,14.837195095447553
0.22280454853714024,14.219906696110613
0.22153041943668733,14.063940842620594
0.2213155488561726,14.026381134570848
0.22324470399633525,13.888653816181176
0.2252577017032226,13.528679332467338
0.21866978868388956,14.660736092331561
0.22505376422499335,13.717997903355313
0.22034134598055036,14.768301028913744
0.229300665741571,12.77688769180269
0.21313454807835516,15.773096044714551
0.2165013856601231,15.300579792104546
0.20797636215385457,17.065268221734517
0.22042253843607146,14.60902213498911
0.22636147869652118,13.64702372320636
0.2246964422089414,14.278381460546719
0.22298249234295425,13.894502424643957
0.21937724405573966,14.498660283316255
0.22821734445220584,13.510632798658268
0.2186615462874102,14.817927649232136
0.22598723010957297,13.954486144235243
0.2233042391248275,13.9155314728904
0.22743175938706833,13.189632875403143
0.2201450565201721,14.83324480843292
0.21699785090547816,15.320809093298893
0.2248940192038221,14.459147659143548
0.23300730547557758,13.01979301601283
0.21849311462112903,15.325723329569682
0.22474507009874348,13.566860751182112
0.22296054209257207,14.123236064375115
0.2167170604693131,14.793528264075889
0.22193171781954457,14.279974444435279
0.22116142337373115,14.146546757780023
0.21901434276957993,14.55847537754313
0.22967179552922465,12.97512571396835
0.22065033321760397,15.022729559875943
0.21968091986660335,15.186644372373998
0.2191269295238809,15.236424935539752
0.2193354486314912,14.548232670823428
0.22425932174969432,13.667222591900689
0.2160635024222632,14.661667241154605
0.22289287790774853,13.835216149196773
0.2205894043485884,14.486078992169407
0.21985987124478212,14.869497960492648
0.23199859261250821,13.198423167763705
0.21764316281009777,14.96162142741126
0.22432291452258202,13.795273765396555
0.22798994665012626,13.4434687378232
0.21770886466469255,14.788921613968725
0.21526801359670675,15.88983024309989
0.2313961736448183,12.72284223216981
0.22182040441041972,14.733801778270225
0.2198423891415884,14.767999206045092
0.21865226865502915,14.331799113754528
0.22858252947444704,13.373306589102055
0.21740694825665025,15.239751263795203
0.22421899942742832,14.398283626561648
0.22406010604270116,13.248158743146734
0.2202039139369399,14.626926031442117
0.22693906276339637,13.561806613059192
0.22298643040515256,13.712943817218964
0.22601801345733658,14.048679594689448
0.22839150620128934,13.196583633444762
0.2212734221881497,14.395518584382907
0.23116751119866105,13.48979813130916
0.22145326859228287,14.855073718359876
0.22356280849143265,14.174688846537851
0.2233240842446621,13.547520365601512
0.22663359619171,13.519945991898217
0.22385706225550356,13.696020031297987
0.22317299388654216,13.850476118802904
0.22209604139651057,14.518661096201646
0.2246064496871012,13.668077582258691
0.22555511254295052,13.400883839448802
0.22146706159973648,14.359200368166507
0.22528395632397127,13.906710657834967
0.2220323339466561,14.403707694157811
0.2155649745203879,15.37418558368641
0.2281096734449337,13.047012503262911
0.21919281109452518,14.661370507975441
0.225679267595236,13.366757309563337
0.22353142898445083,13.683004100349205
0.21934212093983987,14.647536145288136
0.2143075188179088,15.845942876355554
0.2331793691657381,12.362490490902974
0.21301906961245134,15.378897427937462
0.2245665871210351,14.235448074025143
0.21800484318512856,15.293459389303624
0.22916702025907673,13.175609718914576
0.23049649930356686,13.162476647599274
0.2204140645012666,14.51665825883251
0.23129900888764818,12.888480950762554
0.2171456413590621,15.48519621650452
0.2242201849644386,13.72009821307417
0.22569830344188857,13.531332653420442
0.22798915661544633,13.604478787249285
0.23016359850628543,13.421804391067441
0.22485179456184073,13.731554349499863
0.22304024290700772,13.805681865154348
0.22334980964448123,14.44235539968401
0.22367941194431318,13.935699692934046
0.22542212322376753,13.919229309702411
0.2139541324464399,15.469814078899162
0.21584212079577442,15.235340771249655
0.2226948283474778,14.212734378176389
0.21199622441531946,16.315868823392346
0.21629322024247014,15.306756892335663
0.22463932955458626,14.262147095579918
0.21528247727338365,15.575128023009288
0.2228387097011409,13.925698595031989
0.22043609546364012,14.732214602430032
0.22333394714857166,14.170812003342613
0.22196246498532457,14.26977135473445
0.22417871145305215,13.731812331223681
0.22246247688165405,14.407910200003608
0.21070884945861135,16.201349189011268
0.22586598589028123,13.491729770331421
0.22175219069855068,14.748042856432209
0.222134640443203,14.375506110827818
0.2297230285845782,12.91432165814025
0.21916804883398497,14.511286583368474
0.22084305738517682,14.537952266085114
0.216417242373604,15.110253085212076
0.22296429419136754,14.189090721427775
0.22256244796089503,14.07613625536902
0.21792139742355565,14.924657146925087
0.22034316313131588,14.847262640774437
0.22799573728138112,13.1732339635443
0.22328285970539685,14.051689239770184
0.22517599895499382,13.681195444714358
0.21871185913886518,14.856236899769318
0.22737471252996733,13.21344078631932
0.20924833307062812,16.432827148014933
0.2246720236354008,14.159076810497938
0.21546870189707681,15.408408609925404
0.21764208584840375,14.970890581129687
0.22001684794650744,14.853410375743042
0.2188369830677499,15.404321726446293
0.21696320878242487,14.903570991805712
0.2271640028612967,13.369136285352068
0.22040723124247447,14.086306967217126
0.21901940899067157,14.594186093018111
0.23041733761569547,13.201856080864795
0.22531146885497866,13.717539395830473
0.22021025142551856,14.566954121942556
0.2192759367959271,14.801793744314136
0.22004502241428214,14.760339876330399
0.22060535797854877,14.176022466145191
0.2180750391295551,14.936351001913478
0.22181303413199502,14.748487634909232
0.22759673387744145,13.127248693884038
0.22378224370948205,14.061922545311102
0.21825028538455588,14.797972677920232
0.23675659635281043,12.46422764196135
0.22442444418206223,13.202004738951253
0.21499736847955303,15.71931969430355
0.2164460960588416,14.701510003820674
0.2257594221412207,13.859759775117901
0.228096314029786,13.241385144850343
0.21947318101918112,14.34521389080682
0.22193284812312974,14.399198536980839
0.21793780064828003,14.53202539102559
0.2170248619580193,15.317574568308999
0.21478759757875646,15.397247215767072
0.21816488338119122,15.076596654127453
0.21232413781197057,15.903440072003418
0.22390444577062482,14.454621807429556
0.20992947923895788,17.312555269812822
0.22587432754044603,13.765954309042034
0.22064564217171845,14.64890459826542
0.22330726866089926,13.96634618975699
0.21863644199506668,14.935912694741996
0.22443710713089166,13.288334227412228
0.22299903440512217,14.13465147547933
0.2283904358201166,13.266117258565012
0.22669868577404306,12.957897202080567
0.2262368414991712,13.897575711659245
0.21977971803910887,14.897597869220258
0.2215685111655084,14.134980963611572
0.2277734078564669,13.166107822110112
0.21911431984057722,14.770264968491789
0.21793311493231976,15.186732647886728
0.2207669721997775,14.428381331031497
0.21274243254100522,16.161229332224295
0.22026188001307107,14.462575780485173
0.22365022385265104,13.991208119281035
0.21909668664672113,14.342120329224503
0.21795270726204152,15.517343566090831
0.22058897667397645,14.808904101162799
0.22228408415803252,14.197619506190653
0.22067763055917672,13.744025157585583
0.21929705236825886,14.753914296430455
0.21946427601008592,14.490206331906979
0.2302548074024053,13.195647905896426
0.2090651990300564,16.85124674977953
0.21910292752584912,15.247120796862763
0.22397761594026655,13.615120226442183
0.2093306993646527,15.894075329676983
0.21598266598990892,15.841472361919624
0.21905411858044715,14.605678899416322
0.22886265051084573,13.497470061573809
0.22379590409750585,13.941159348520973
0.21833009702320097,15.134723238961541
0.22483514866944931,13.469317115870451
0.22385488924846708,13.97452067962893
0.22670109420823145,13.911348168992047
0.2218175821425244,14.154377353280548
0.22653716804502239,13.345641942381532
0.22105337823400195,14.435538746870103
0.22765503806229334,13.932931072591623
0.23059604014861332,13.031179714577748
0.22324018665487638,14.189572227195068
0.21614803790103423,15.433340736852339
0.21995729487951787,14.572591847216223
0.21904198335544456,14.892065828626635
0.216695040334489,15.302739362366204
0.22477039027700285,13.797009757186917
0.2204373792560346,14.298059570286515
0.2206880219986606,14.683785965986607
0.22699208754026842,13.31224693226681
0.21865143526064684,14.373535226574717
0.2242271902855942,13.639132204474015
0.21275003407691287,15.804744154947898
0.2224156993973767,14.840959984270452
0.22183284528999936,13.888508451623709
0.22041683883604885,14.33286986625313
0.22338479011884718,14.223028121111724
0.22209176693593508,14.392340844397065
0.22773722872049987,13.076644298036426
0.22366036462778466,13.759475927678675
0.22237259553398925,14.37197443024033
0.22922345954754786,13.142676753979469
0.22806238455184724,13.1310833395106
0.22275501406395667,13.94068831278257
0.2257528650716982,13.373652199665615
0.23120903922002822,12.95823032271775
0.2178455742696936,15.180284135334606
0.22407737590645646,13.888408891358408
0.22924897447890633,13.632531602740238
0.22069253882148276,14.216717972192328
0.21430361050451738,15.984478223029086
0.2309655027013261,13.100085143697083
0.22213013206925517,14.363606256049449
0.2143558407230975,15.33613080555604
0.21659014374043023,15.209857829476304
0.2258462707055345,13.656834097935917
0.22464920571569869,14.503359299395443
0.21756449002426098,15.295697453248243
0.21812185601501383,14.845638442265528
0.22301779133308358,14.082735714728408
0.227134372958815,13.628203008499892
0.2319953165610653,13.194840542647308
0.22252779132976036,14.40142118008477
0.22290783954737375,14.067738315603878
0.2254074201510885,13.856902546611822
0.22262363940957614,13.956595137155114
0.22826985968518154,12.49807780801396
0.2161854575626894,15.424555094483408
0.2291402805112346,12.970740298762585
0.22415120253869583,13.80552550411421
0.2277016877689576,13.384148953247522
0.2197052640566391,14.39676945747977
0.22819325336149154,13.58906391740453
0.22799490648541615,13.166304511592712
0.22756411311362473,13.245585817215046
0.2126910021236375,16.133674692034127
0.21600925986194566,15.565955080756256
0.21580483890098917,14.96271659689743
0.22915938451373788,12.737665574654237
0.208864263567666,17.208379550650932
0.22342313903424987,13.786996352799468
0.225535144851261,13.323088557000284
0.22946347068165163,13.25918127477844
0.2257857598337065,13.748888308063085
0.2159158868490112,14.80201469619857
0.2205262581637995,14.486632090681692
0.22507732341795744,13.719246966525176
0.22858252947444704,13.373306589102055
0.22903346225514934,13.542556974493843
0.21603972674231672,14.922533202098375
0.22145299550255845,14.53167538399333
0.22184778528241197,14.089394625915869
0.22593735641017942,13.560412133824443
0.2204024064622569,13.620976708396451
0.22257980113819792,14.50602246228415
0.23140591097051877,13.156223057864997
0.22361462997987597,13.957717882189108
0.22571071823012756,14.380589528891113
0.21997135354315495,14.97612006498675
0.21524797536205842,15.089420017505768
0.21539018826597955,15.210153659384643
0.2243099734840817,14.140705686734668
0.2263962206782218,13.93369900511732
0.21808869184369317,15.057683207434572
0.22871590649101986,13.043905095979007
0.22431398581689405,14.19707558414242
0.2238758993012765,13.563006514451539
0.21928554218657095,15.027690509058358
0.23175073332704382,12.943892149798362
0.21892929540815637,14.238199181088605
0.22019176349942082,14.506035517947966
0.22580458947181015,13.246332890444139
0.22412516994618875,14.154424416030759
0.22454882061211662,14.01409853251039
0.21257013877944728,15.843134836157088
0.2179419040019789,15.462999530713896
0.2254486650795111,13.803713933843055
0.2180842717141695,14.815994405889569
0.23443795596463354,12.490406415298978
0.22638423645972516,13.893848923872048
0.2268250702611077,13.744638687345752
0.22070863386613604,13.971856615964072
0.21598597203885722,16.01566488895049
0.21663389246718273,14.848578661095642
0.2158506267502731,15.561936552323234
0.22338448663021104,14.222066642376657
0.2268115271783867,13.386615374265428
0.22744405061542836,13.653880178586212
0.21712636009569353,14.676546572358488
0.22823504425801294,13.286869511705085
0.2326862596819321,13.061868138537228
0.22510181225121145,13.93037404524893
0.22829971582252165,13.466045236368592
0.21823224133354074,14.526254574273072
0.21893093507450193,14.755296121756976
0.2185839827617228,15.12434312976423
0.22615038965927034,14.044524795591387
0.2229370510656603,14.160973728137174
0.2160516649430876,15.405577637219512
0.23163445204236316,12.737590582211674
0.2291985863472581,13.191580367139007
0.22849621635433157,13.101683492375521
0.2255875761906467,13.893373620389871
0.22009252830845338,14.898536843404637
0.2184641314644425,14.753687350416698
0.2190627210148659,14.941572034216556
0.22215010719186615,14.531536184239414
0.2282351883380438,13.410694747649618
0.22327506074878808,14.172644911627833
0.22168369164969437,14.291205266927909
0.23160737881651355,13.236313717563199
0.21886684649238147,14.600726893074182
0.21859340496551297,14.552063144060291
0.22331893353761245,14.67758820439426
0.22724795030495026,13.274344944897276
0.2219110838056889,14.368173019998572
0.22293213640096077,14.126998709417734
0.2182733648626815,15.005948978158418
0.2188928327105488,14.679594165950862
0.22712302510174393,13.702505937633454
0.21359465135735836,15.809472844497614
0.2250342794675883,14.01813544915119
0.22154401042964833,14.126606211302143
0.21663889455162857,15.377854493105602
0.2144358125428853,16.034353952996128
0.2185159043492368,15.19941861833195
0.22384803681608126,14.18104920533106
0.2302367619213739,13.704671663304532
0.20931163209891,16.994161659207492
0.21782762091734095,15.1536670110343
0.22397761594026655,13.615120226442183
0.21833805565147507,15.42525943415921
0.23041929975170752,13.140864787961528
0.22024385525796536,14.286410453147736
0.2166332835965899,15.441610845748393
0.22643502670709814,13.69261119690374
0.21957032696609796,14.306678774908928
0.21924204259704747,15.255872127030313
0.22861010804477508,12.844033544500656
0.21286166120693853,16.12501497816591
0.22425847330265966,14.139436660199085
0.2255084708591044,13.36685028160541
0.21992705548147506,14.713911648268539
0.22490517283097328,13.83832317855713
0.2194639956666369,14.646141448849491
0.2160259188850697,15.007339671199588
0.22652753386546476,13.549269806662403
0.21915783576975698,14.975736937044006
0.22074254008152763,14.409068392834136
0.22845840416085467,13.328093518939864
0.22478889310680544,13.42104711420482
0.22042011654851357,14.381158780919488
0.23267354738717183,12.720632509559868
0.23274409979137178,12.879672927979533
0.2261318009220922,13.726940374064542
0.21784494116530684,15.454439248621812
0.2181312237696319,15.039271512859825
0.2213290139141464,14.700419116624749
0.22415206566352078,14.06960197818838
0.21809838607099152,15.308471483420758
0.23313920673103614,12.384000561874611
0.22496914589198289,14.002666081090835
0.22422147053510616,14.195569681408479
0.2210697841847114,14.633599427451498
0.22031134098858118,14.842789659966474
0.22577131477720117,14.054327738791622
0.22608675092392827,13.568654453992842
0.2277734078564669,13.166107822110112
0.227156909365338,13.368847286141255
0.2203798965823499,14.536152612198212
0.22064183450723282,14.651933387747757
0.22677324296235216,13.355930533864981
0.22573897672091414,13.776577212996756
0.22828178716993816,12.705294651970146
0.21570582090931484,15.318124079140386
0.2195183705846789,14.285918999601876
0.2195237741260901,14.983826376798724
0.22525903193617958,13.431273183468281
0.21877281507642998,14.29710043542962
0.2223217664761029,14.33005479506822
0.2206962452081683,14.92000269734325
0.2208623393519035,14.558113432730906
0.2211082145244944,14.544205991475073
0.22832239500438695,13.548485513034553
0.21572168705568928,15.49255792211288
0.21355388446841927,15.743277448610558
0.22496257346049817,14.166264229602394
0.230877340112578,12.992508809952547
0.220856854870587,14.317211817824196
0.22694974189237474,13.417387150382005
0.22608470680651557,13.710009249288731
0.22770397097146275,13.287081844775283
0.22523225455981513,13.321010619937127
0.22018637279955244,14.70335462149326
0.22530482562844736,13.653557630340316
0.22491702107712883,14.010068414375468
0.22437582821102936,13.12975061685565
0.21520202530185145,15.949635913457282
0.2210968679145642,14.538841713318542
0.21869642643164225,14.83293509171758
0.2289824500639224,13.485451401984566
0.22318331018975152,14.05376209834761
0.22263451628967904,13.76352919311727
0.2173671208601557,14.732172598912209
0.21881965760316768,15.064137673847252
0.22118667314901996,14.241654734353403
0.22323568732804444,14.664697318838163
0.22655810100583587,14.124970969106593
0.22645667640054168,13.206517592811212
0.22073189879780802,14.807017306950396
0.22290165165641607,14.374889588749319
0.21908346167090847,14.935308133966188
0.22244399857016253,14.579966090900681
0.2228662494634222,14.619980455866633
0.21370256210860877,15.89493176427854
0.2221893116850201,14.750136420523917
0.21853298315108824,14.928774089355398
0.22154200874399033,15.129940704690306
0.21630907652823103,15.019479802281255
0.22429202203341503,13.419594257651848
0.21981954037564233,14.779573932966798
0.22297261379124733,14.27800812677218
0.23828666321118286,11.984018005774706
0.22036361803111393,14.200385887437031
0.21470614088492618,15.424394162773416
0.22684245626459013,13.562186309043748
0.22367124600255975,14.089402802960977
0.21944694247482885,14.786973010147063
0.22292889189220605,13.956331796219438
0.2212006229113416,14.058063202386087
0.22682577961119796,13.615941465738887
0.23221729426722923,12.541442036261282
0.22527748855592084,13.580580784522057
0.21670221162231026,14.963988779069478
0.2175687948783566,15.169034247727241
0.22740974884473736,13.200951968716652
0.2223986896605332,13.756192493284917
0.2256139058824807,13.558079256015716
0.2204182066174682,14.464377601098336
0.2251533103961893,13.876759484839857
0.2169948788713199,15.244360691283191
0.22725985734363846,13.247151207029724
0.2217482840054226,14.467387064582827
0.2230913787757096,14.197964914788068
0.2191649122125225,14.612358625157787
0.22094928565220917,14.610697390168385
0.22285277242353527,14.554922373860144
0.21761517612323555,15.138925446816291
0.2234332417983466,13.934754910895519
0.22800597826019428,13.041822721168915
0.21965249071567094,14.557740251339359
0.22318041754851192,14.102014285186566
0.2265478462066182,13.682977794533105
0.23053488962798505,13.00439444459223
0.2265371397917668,13.730217567750353
0.22376523697934236,13.601333877190479
0.2276989753359789,12.93121077195943
0.22352739371663116,14.007849075035093
0.2264154738614668,13.373988882974631
0.2244231683524645,13.95030003460153
0.22155015102764888,14.030710968631022
0.22514192379812442,13.583600993857097
0.22146953805057196,13.758277647020394
0.22959437084820997,13.104532638592307
0.22443238018283085,13.762285973232371
0.2369094861759047,12.33453516188744
0.22435112520404032,13.731828220842843
0.2135410506078797,15.51875037165458
0.2234064774206014,14.228253931468236
0.2312646753167193,12.854097017877473
0.22415073851022577,13.511375637770469
0.21347857325374237,15.690911994927779
0.21917191311885598,14.861124500433407
0.2255048063873854,13.111642282479458
0.2211455355999964,14.88621105598136
0.22716925048063513,13.379127876224405
0.2171191324048401,15.355503267511965
0.21282218179128495,15.663324411366537
0.2269870813274995,13.48393435483696
0.21726554338353873,14.904769041750594
0.22946080645319897,13.233511999182136
0.21360063843128047,16.116614678198086
0.220606186555963,14.432561889084662
0.22646716232108033,13.251725216327802
0.2152365023523259,15.56631933625773
0.2141294403288403,15.415969189399288
0.22465062704386496,13.599639225006237
0.21508232689192106,15.878014384726768
0.22528236458784745,14.270387786985179
0.21962087522683865,14.49516068681082
0.21295512256828025,15.771323958148063
0.22928942887566411,12.780187864836082
0.21944360640202293,14.4755116339709
0.22993742409219964,13.06108604493664
0.21462623447438361,15.0694789020049
0.22679264452480363,13.770151077287153
0.23138108566782128,13.020597464197992
0.22342756600446606,13.929761123301665
0.224513314736244,14.060818104857972
0.22544690114326751,13.839693168562992
0.22684528469652743,14.018091928570215
0.2161854575626894,15.424555094483408
0.21153478047583504,16.998891375716514
0.21882125127010646,14.583581951975008
0.22841417938155176,13.805960413569867
0.22574255770539622,13.570686933618136
0.2208543825665074,14.488704070096434
0.22121390026065546,14.618809512670158
0.2320151597812174,12.801137423968958
0.22763802847236322,12.852320116004991
0.22139432283529548,15.353579905440945
0.22434889299568225,13.428027551429738
0.22157684088503335,14.25264919753761
0.22756694706825598,13.33864123587145
0.2241925628355875,13.928748105180398
0.22255512921697845,14.229299630864778
0.21802699764909494,15.035536856842002
0.22527340159520867,14.360571090260871
0.2206314426781398,14.697328561407742
0.21057757256177284,15.856373448048297
0.23016043645860496,12.687926729620633
0.23215149866074047,12.91128499453034
0.22409498446890522,14.677396887591957
0.21465283974367716,15.411650576991082
0.22037374381597677,14.284301688115036
0.22468939182555644,13.984313686979942
0.21515809565455055,15.128742557143738
0.2222854850498944,14.348164452161466
0.21664045676899618,14.977702784678469
0.219084833530042,15.161207855847298
0.21974873360691063,14.377037340428544
0.21666945655823033,15.056532113675978
0.22951175892102793,13.48281800732263
0.2216170627024434,14.369212662202981
0.22615699129202635,13.571440250210403
0.2242706253914339,14.052884862668204
0.2231132629370119,14.646916648324305
0.23116202438007155,12.905756023993124
0.22347366697107754,13.965248961182082
0.22290341194784508,14.452264534514024
0.22267661959605517,14.547450265269235
0.22698870607887825,13.157159050120836
0.23078988040103607,12.810189480740195
0.22564564600831186,13.227108284744626
0.23352442743273863,12.593806350847375
0.22146383485208274,14.575551751600338
0.21819281459525716,15.16664247395899
0.22136520336242793,14.985109863636684
0.22913867932214066,13.264289976268465
0.22572300020212163,13.185151187301207
0.22103087776793803,14.527991353311396
0.2149355429884976,14.81492919162841
0.21555270182243294,15.912509898082575
0.22915048908978689,13.563108908531168
0.21651380819528132,14.746842691678976
0.21400288084040536,15.823489442010601
0.21406139589778253,15.43910376654837
0.23259313406606416,12.721185417157395
0.21912435433236108,14.254912703834206
0.22270395023599404,13.643040166534693
0.21379126471344093,15.631347983251544
0.2235133362068028,14.22886481130701
0.22426501107556576,13.475273388349093
0.22507486781918346,13.451670203154395
0.22339223892314292,13.894715432549706
0.2153489441430274,15.633972383711932
0.22040080184068153,14.237610108033648
0.22567320215909134,13.561215425358984
0.21787866735748085,15.145925482638448
0.22415120253869583,13.80552550411421
0.22596884052714472,13.842422624610332
0.2185635304917508,15.219380402668307
0.22457297674126858,13.973484353113772
0.21878545883163508,15.215860972517577
0.22246814462213238,14.470255171577527
0.22542616000799265,14.132017552511975
0.22337942483252735,13.88503224404661
0.21695546740587424,15.293650406971658
0.21346391170441364,15.836675092568916
0.22156631496473422,14.60891908503931
0.2251943580830844,13.811321387109246
0.22237554470522491,14.275213730815427
0.2207295762553888,14.548227604127543
0.2232924140594489,13.91013953961284
0.21732017092656894,15.495787580201831
0.23005271851501802,12.63392210885955
0.22738696765628608,13.446379435709767
0.21810707787493694,15.069835401894446
0.21677875022609017,15.250675787466335
0.22329758986652298,14.485844758835242
0.21365933622493144,15.062869076471191
0.21457179672220614,15.160146500011312
0.22058946234708732,14.682279561163686
0.2178757376095577,14.903934961031402
0.21798394527920692,14.926833854122131
0.22181606743860416,13.513831445495684
0.21862163947052551,15.480266633613155
0.21917823145992082,14.8577275890869
0.22199685003862668,13.67464339792916
0.22553300879631172,13.89523740503463
0.22332320674427247,14.336249114379392
0.2248838914367258,13.933520170788388
0.22745346897291008,14.074879247390905
0.2244322935624195,13.479179091922822
0.22728963088373197,13.315883265068434
0.22326682362641045,13.757648612337801
0.22007605285008128,14.85974022809405
0.22099797154374617,14.271850726545567
0.22224207920459038,13.824861145374957
0.2205332774573445,14.857502933172245
0.22018501491648854,14.705341253165397
0.22139547294325962,14.462431916491848
0.22794234190315657,13.569120372597288
0.213934875385515,15.639883397995574
0.21257849158603564,16.310398475869608
0.22239226927121336,13.700744960767068
0.22107968324393687,14.90043090214181
0.2183063941452769,15.240522738288146
0.22813701766315203,13.030841094898994
0.221429225864311,13.83408423836137
0.22734622025963808,13.268402644784144
0.22707353663639215,13.667309591180512
0.22317366472321007,13.846175304675139
0.22156191414582266,13.923819585875442
0.22741272212561386,13.322058062261261
0.21968416235134783,15.118851993301575
0.22492278141005442,13.780157422863706
0.2289007863071137,12.986100993947678
0.22267027860995847,14.26467319233711
0.22756365332736062,13.184341590574345
0.22563308715294575,14.013205635439949
0.22623641426972468,13.434445295102245
0.23301598986434818,13.111611925449912
0.22822739321051705,13.395853794317738
0.22239823564259825,13.829912923236538
0.21793232511347227,14.786295199999334
0.22655859648415258,14.07118280681677
0.21846511148282383,14.982967114056835
0.22099244426343562,14.455290130216982
0.21717310262128106,15.087751923864367
0.2305971435435135,13.252143033805122
0.22621947686546096,13.739524677282922
0.2224890403244599,14.394318371594363
0.2204373792560346,14.298059570286515
0.22141787636175772,14.34702286623309
0.21988992191396686,14.768794659919434
0.2180665229237911,14.197098388481297
0.22044704046301378,14.65478909419388
0.2226162769398371,14.33844239300764
0.2223591780952663,13.663168326574619
0.2186340082297064,14.914365613781712
0.22835559574431413,13.410143254950446
0.22346232574063116,14.403223645873641
0.2296442136098144,13.187813771794687
0.22175548017605892,14.264587990958974
0.21924300598696553,14.663751546157048
0.22833533828137445,13.572043154305963
0.21527535974684814,15.975918256178442
0.22210179817144893,14.424201989220167
0.22332016231303542,13.570686065369935
0.22569128157133936,13.743245371198142
0.22663112676232236,13.366663489546848
0.2290912946405923,13.391855035918285
0.22426948622377993,14.25665191151864
0.2214138989127491,14.827414480493665
0.21908830225492695,14.829540043222675
0.22364388968638726,14.408924484810656
0.21494511295389412,14.978518969604638
0.22362628604324494,14.015326507355056
0.22026459948739038,14.976115040658504
0.2198574558284482,14.400649119938132
0.2249955177165901,13.655801622509069
0.21697294866637823,14.953863552269548
0.22297899500837648,14.031257039390669
0.2258081410979825,13.496432506284824
0.22305355078166317,14.227568718785198
0.21933503185784728,15.259107693818539
0.22612699834377348,13.68855840255596
0.22573020647566255,13.620172512791408
0.21790830563005975,15.345562809782836
0.22066438943365252,14.436048221165565
0.23375430296516012,12.172677442516868
0.22293357335740785,13.728612096837795
0.21644098099162468,15.317966453725912
0.22425528012938498,13.728040215239147
0.2258008406584298,13.583073681942986
0.22799349202691607,13.913856164156373
0.22279251089643162,13.916998569044967
0.22607973617530766,13.755540573165908
0.21928528342226358,14.884000804952407
0.22514174613222948,13.896528513345833
0.22052810166432835,14.403368707503612
0.22017896422221575,14.633337568993937
0.22349088080158375,14.821357365035537
0.22000208173539892,14.166117326064148
0.2210531821454038,14.124052328841318
0.22709598229013647,13.421806700628945
0.23108663277630165,13.019883366548333
0.2191592086676034,14.418356594836622
0.22117750928007535,14.838128982236992
0.22429223747124805,13.887204244676235
0.2258115967683092,13.403127501560599
0.22783415874260132,13.370547009741784
0.21476344195155725,15.621963179391152
0.22046914223913064,14.573812160277745
0.22630381764320434,13.630498817734027
0.21858856656073214,14.532334770701233
0.2279176587028634,13.47423312115579
0.21952421602279124,14.24886069129504
0.22813574877063025,13.074607141299555
0.22146352217822451,13.784371584107385
0.22122000373912046,14.207395297845672
0.22034841402559022,14.87981259220747
0.2294513115821814,13.287109260659873
0.21576019843960192,15.55547137527558
0.22697939055656444,13.201413573086718
0.2297230285845782,12.91432165814025
0.2265654948554286,13.911364156250196
0.21263457052371873,15.984917753834422
0.22443502574916552,14.32248074775187
0.22647512303041123,13.405978194194766
0.23098532794045332,12.561095188711828
0.22446148550183542,13.917629125286558
0.23165456118791594,13.08396110240055
0.21800635754045852,15.296646567293502
0.22330726866089926,13.96634618975699
0.21429964371369464,15.719789941094263
0.2239475091574205,13.991046931120694
0.22553070856562923,13.46300192889576
0.22698366796223932,13.584290007874987
0.22818605318530832,13.428220282350665
0.22611864912308283,14.058879922974773
0.2200760839263191,14.29309808480248
0.22781191912816065,13.298203735340216
0.2272674460330043,13.562844640955097
0.2196921546197113,14.452930983948425
0.22361501196858063,13.915613728115185
0.2200696876426387,14.53948380304653
0.22100043457715682,14.15412070994269
0.22053299264617912,14.87536362588264
0.22337521056098364,13.888034024154381
0.22275773430756615,13.963074131125088
0.21939786817070336,14.987961567456159
0.21618990609028638,15.225350882937377
0.22639758457007453,13.457309824715612
0.22295818875212106,13.959023177521788
0.22879883821213,13.078065126492378
0.22347568234983511,13.938128896251888
0.2298111179440435,12.898253667985118
0.22213266119869385,14.23097613057014
0.22361101920456725,13.822162137744694
0.2165473660944988,14.458470710037908
0.22172367006854693,14.55348798251944
0.21806213517867978,15.316446082452902
0.22390943761464227,13.961401115849034
0.22018820297386155,14.421991172540434
0.21614721877428744,15.004216359678816
0.2219912460853512,14.419752111323364
0.21976000034965182,14.51708544311668
0.227635272353464,13.125272475098408
0.23059563564097335,12.974495139471673
0.21859312479518295,15.422111298954572
0.22060439568370468,14.48451333048398
0.22292198904787985,14.48467710946951
0.22082474768315888,14.593968538255792
0.22492927133066543,13.943388621773046
0.2297793154088269,13.24621538009215
0.23345047591965062,12.489921044401257
0.22469587644973144,14.29633201117857
0.22000552712650137,14.437348000843976
0.21978014650900038,14.693213807128167
0.22105919737025168,14.038685833333492
0.2140923213973674,15.852031105587736
0.23132034517013533,12.536997635614627
0.21551916253988065,15.040136050894976
0.2321598444931879,13.131413010884474
0.2217475288707662,13.888402533580207
0.2245120906503411,13.687354697742883
0.2143075188179088,15.845942876355554
0.2153988874681147,16.49915788097574
0.22722887894307459,13.329014412944463
0.21653514231881935,14.858366604295082
0.22779661489775446,13.465407974928915
0.22879616516838025,12.812533652688403
0.22421368800518424,13.95409593939011
0.22046250902575235,14.864126119784533
0.21901940899067157,14.594186093018111
0.21985914337033022,14.617034505851773
0.22014012226848967,14.722985503141997
0.22803082261246715,13.75580593011236
0.23373537665079866,12.77499793903542
0.22671511861445082,13.789715809794938
0.21422161452176544,15.223835269306692
0.22606882455577024,13.810125934485317
0.2190871634838994,15.230195326534846
0.222370788158285,13.934315065075564
0.21466366243960205,15.08361994546223
0.22467304018117057,13.714484883065177
0.2251969367589458,14.204805846289833
0.21613186981280522,15.129332495111896
0.22481726508005756,13.855057330265378
0.22298169829507264,14.459493810019858
0.22393713681123187,13.921863197089424
0.2278213884394345,13.208236784391607
0.2208544790489228,14.613878440732664
0.22296338736283397,13.934155405496867
0.22615217148746194,13.4322958311561
0.22169410311835375,14.331363469916052
0.22921527291887167,13.501650190741861
0.20459656183009073,17.63093771435296
0.22455642303894274,13.632999971134348
0.2240140033208219,13.583800600572769
0.21811439551726605,14.647807129242986
0.2181408534726783,14.441581576094379
0.22766865686095272,13.088105996599564
0.22210256783103163,14.59878323868396
0.22254220095472943,14.341216759709939
0.22072804876555802,14.645344620247904
0.2298498861916488,13.244210469845406
0.2174675940037667,14.899950152615173
0.2269816351033705,12.889188512217194
0.2221854727056756,14.726166648581241
0.22584842424487075,13.235704116325927
0.2260859104123451,13.796052394934442
0.21722976689849116,15.570720715242619
0.22587021354797698,14.047645560851175
0.22333886484526883,13.764917508878165
0.21959844951111956,14.634588635122562
0.20845911131752276,16.753112195665754
0.22450940784157322,13.709760306037508
0.2291209840486367,13.424542959943288
0.21501510595899687,15.279265323908918
0.2195595994923714,15.113278390858966
0.22272975337957984,14.026780070453876
0.22400652897455944,14.35033915815681
0.23065378277509968,12.277511466828217
0.2227497546401327,14.191349170846047
0.21869911881362078,14.91717581043578
0.22127344221030254,14.78107160056622
0.2209390349800376,14.385013644929765
0.216027354050766,15.432712972839656
0.22635657220265576,13.219113382345824
0.22281253352804603,14.236944682992275
0.2287288503109998,13.754459849544682
0.22719461437875155,13.259981726469144
0.22327945758345194,13.930758387800509
0.22413753810989803,14.301131092221224
0.22145267531379828,14.341372376884966
0.2299773839299724,13.172473219532073
0.22102708739423665,14.655035776680878
0.22157074492497955,14.53407131945579
0.21864521488444427,14.845308490522056
0.22097996191509517,14.522481258055757
0.22260328893439205,13.870330863961287
0.2318126732366511,12.510594364875
0.22173525779169506,14.59573975316273
0.22510213134692558,13.900034152297627
0.22592900709566505,13.649252713184005
0.2159848380431759,15.498436365343236
0.23016811113899222,13.129360374947217
0.21900800820052607,14.464649589758283
0.2177072247449394,15.3808083371688
0.21836786955064316,15.204621279735889
0.22140052791371972,14.051775073959606
0.21735416490721307,15.317305943310307
0.2232608729012121,14.628600193303587
0.22930550405135078,13.051782306438795
0.21894806286021798,14.821091348440854
0.21292686423429574,16.17870058228539
0.2271629244242162,13.412240889143755
0.22237329046123866,14.136725982205403
0.22641548337013145,13.843298605930544
0.2247585914754809,13.474619913701286
0.21605590692297064,15.75459856660249
0.21706708140524478,15.485478303200065
0.22543252200105857,13.358007668733928
0.2263840196548001,13.661667301227867
0.2261624622301,13.31989786021578
0.218855019659959,15.652433651728897
0.23553804107864126,12.760659811561256
0.22619579318398267,13.540677233048315
0.2236960325824227,13.668503580132016
0.22380946441746316,13.52213039678084
0.2253199120248751,13.394399536739412
0.22430562775336157,13.174887357459118
0.2249754238911738,13.825439550637553
0.22424201621262227,13.643805969502704
0.217341402116082,15.374790387318072
0.2207237551535787,14.429379406756293
0.21605849168097754,14.650801892176027
0.22550705544618072,13.634403964757125
0.22297656414110442,14.333940655210064
0.22364193933858983,13.724766268822359
0.2232473232448213,13.723125459080896
0.21493532124102901,15.847206099466256
0.218720208512855,14.504648801946063
0.21468763606426472,16.023218787719404
0.22134437191765874,13.782062220473113
0.2258891112849692,13.693924613859654
0.22635171383614844,13.6285544114962
0.22111831240161375,14.344690390869323
0.22846226792343818,13.372627072334096
0.2210718504391489,14.490885066371746
0.21267137072737752,16.104694221883495
0.22430562775336157,13.174887357459118
0.22520603301233022,14.190643783157707
0.21892012665432767,14.929037227704448
0.21665997246807067,15.154624683042206
0.21651472405809064,14.823412667715008
0.22178585429300582,13.734264686585881
0.22218317053575698,14.31577223355662
0.21964805521279984,14.976289828575418
0.22911503125090482,12.896710009878847
0.2245495408349697,14.326948236818476
0.22490109800535907,13.797894036659434
0.22259952536576413,13.862168102135422
0.22293934341016283,14.221543587602147
0.22837452941346786,13.27252031503967
0.2164424849050522,15.436905237109565
0.22399494173393986,14.284504271722097
0.2220499758352933,14.791256484460508
0.20380422659625438,17.694931072594514
0.22731175612200094,13.643172842003526
0.2214011991595428,14.355091472398072
0.22964787980199428,12.90516310023784
0.21413614165112002,15.678366615580618
0.22611117770358458,13.699130668997793
0.21633402628530363,15.166764792604129
0.2202252288103003,14.38460639949597
0.21169674065396085,16.463256782603906
0.22087546033725786,14.595218541080182
0.22368349456235456,13.604195873612335
0.2251909103765939,13.248154430072775
0.21448606193652603,15.374361362358295
0.222008323362799,13.860534011024058
0.22861253617031785,13.015413536063285
0.21826587964596617,14.843403659609653
0.22193567376893414,14.108482890905345
0.21853486234698485,14.381300974716494
0.21934716515064762,15.156927688324242
0.21797002328023662,15.402356046071773
0.2257466080844186,13.441405630179462
0.21722814259899811,15.335672590379216
0.21937253430991785,14.687796726406381
0.21870183313873684,15.48032517874058
0.2236701354848693,13.79546272572684
0.216464586339303,15.176661666822858
0.22003574391968486,14.771107734504616
0.2212940140968536,14.763811767352768
0.22044774124400593,15.067457358822098
0.21433240548220933,15.453978355088651
0.21987364389068423,14.770178520307939
0.22319651202231558,14.313309713052865
0.22948245772045484,13.08128980367642
0.22134700934897583,14.295933643429573
0.2205314667163477,14.57799993329722
0.21983743467231495,14.416203718178565
0.2145552120957135,16.14197639948799
0.21722116171372655,15.005664062591597
0.22574227101465486,13.345104036866687
0.2161897325251474,15.245379352489849
0.23132289610018847,13.229372382037463
0.2274838660131644,13.24465100746654
0.22578853070975682,13.620129131540068
0.21209657434296905,16.04559826260111
0.2215532434206423,14.260817784980633
0.2215183845382762,14.203516470497197
0.22456965180536456,13.462226698170124
0.22529460942146817,13.719116659077098
0.21766307520059824,15.0699852532901
0.21590675016154842,15.420530129784254
0.2264766320112239,13.549638130838757
0.22721516025730407,13.46847899064269
0.22554229034341394,13.54225019319973
0.22947248351726296,13.11414355667809
0.21931803483823353,14.570136370714332
0.22738372201718632,13.633206045102385
0.22199891668763508,14.33896967825097
0.22547133192104155,13.479655513668057
0.2261086703849479,13.699333248272369
0.22062756176749262,14.79983873244442
0.221118824919505,14.238991115639294
0.22340741187940677,13.710242780136603
0.2198698594361501,14.936068631838392
0.22495567020351837,13.685704953619807
0.22958727448233562,12.879775139136024
0.21954937236935523,14.718788715216078
0.22439664279432298,13.903221752502418
0.2248604751183166,13.966098758163996
0.21504890367780627,15.691036412446005
0.2137155957120915,16.236118976177934
0.22253189313925897,14.200616459319699
0.2236771464053949,13.723198687522546
0.228734208994449,12.89702303892933
0.21967504709832805,14.529980349710074
0.22459689841839917,13.88624178684346
0.2264447921274037,14.343452929741705
0.22249844026635215,14.33068706113118
0.22665611486551882,13.992623472124139
0.22294828446389917,14.525335829582481
0.21733006580645559,14.80365956112717
0.22716961547723397,13.268010093949494
0.22059709605569192,14.290308285436746
0.22088462568060882,14.354309669651487
0.2248513384025177,13.72669972266614
0.23185891681974474,12.902620796766271
0.2180163208582776,15.462524587039546
0.22280645261063042,14.168253187178713
0.22130020297573091,15.011370906215024
0.2340529473631588,12.676271517798671
0.21688218688285563,15.180748948323822
0.22154785825057785,14.490853622196713
0.2270133174620822,13.587486021333161
0.22473123351948482,13.558929463473449
0.22102086203823246,14.447521308130453
0.22429641279204493,14.136808144085167
0.22101648174534494,14.020119876236363
0.2210243851954298,14.473485553766562
0.21811439551726605,14.647807129242986
0.21745930461852314,14.937913868504019
0.22197419573087046,14.487217201225455
0.22051471763745728,14.893937267122988
0.2228261461601832,14.050084207753867
0.2287192388585848,12.818047746899445
0.22910701356615118,13.133320160925186
0.22132040950260487,14.404280346397139
0.22200679301929233,14.050972210871183
0.2210697841847114,14.633599427451498
0.22113181501299073,14.65722171079653
0.22032461149492405,14.850280039466684
0.22187121483644448,14.24412692632147
0.2175216079117882,15.230314770427247
0.2261183543810016,13.448691706324412
0.21684905501964355,15.379426254597329
0.2273943398199464,13.760496998287195
0.22135793659781644,14.460717658910902
0.22310141491128085,14.058115733385726
0.22080217052354362,14.433423342525277
0.2332805589671123,12.86338742130261
0.22834868213959342,13.02837821457855
0.21226111310668427,15.91792307507829
0.2160106658856027,15.594763673275198
0.22684046703547134,13.448991019431118
0.21705391880757402,15.928587635236129
0.22793695727557406,12.60983882121747
0.23198340136796236,12.919348335446392
0.22372574695741498,13.784375375972044
0.22015551731199418,14.767092954914455
0.22009165496346228,14.690065221377026
0.21538655016490454,15.292550945796252
0.22386776797372596,13.694869334174319
0.22025838415039195,14.447435478852139
0.22460803828564932,14.23477266751327
0.22506130629569243,13.91395336611115
0.22021056672903944,14.362581599195735
0.21169674065396085,16.463256782603906
0.21810847204636863,14.56592830285421
0.23021289404853718,13.420556987497763
0.22339805155144477,14.272613155736883
0.22695861025485697,13.383410312217253
0.2143075188179088,15.845942876355554
0.2246215241886657,14.10922279196001
0.21302965418965414,15.683174659120874
0.21891425309491955,14.69695536742006
0.22441253554968474,13.92587937339008
0.22680256409257582,13.53384895041243
0.22670563831189972,13.350505331598672
0.21264414085281935,16.214477734308623
0.21769411763026777,15.51893120315934
0.2311086582487109,13.058194630986208
0.22006079658501115,14.878792685191453
0.22728441209472855,13.248556280422102
0.22053282843605962,15.326283560497462
0.22277892779400724,14.211675314857386
0.22193335522655613,14.6461793545928
0.21620666620429002,15.280059074672515
0.22133044983564437,14.107700962110892
0.23095796434395038,13.220775590340983
0.2217340180062496,14.184808282776105
0.22700233055168262,13.366588495294057
0.21834115614407285,15.497572259810724
0.22269882046518352,14.272102776643226
0.22304019294299765,13.919504175156616
0.21768034590988497,15.429734751017739
0.22766084265110625,13.36914392799647
0.22562326170099348,13.406943929452364
0.22403002595984656,13.898453536597403
0.2224182114416875,13.954346189431487
0.22370236932897886,14.272423080107306
0.2208574656333675,14.693907149047394
0.2122410769719538,15.647006269520942
0.22799825870744622,13.061582205354327
0.2179428939427684,14.630747598807893
0.21990638075039404,15.218063089817623
0.221977331712288,14.408625024655056
0.2239970525577159,13.607332834808192
0.21905856725784123,14.955935432954925
0.2247086979249943,13.702362015793332
0.21736886813497297,14.897495144285955
0.2249039713431643,14.040215767877035
0.22355554023773574,13.600721274509118
0.22064208273151645,14.75290224166687
0.2239069330757894,13.805744304561834
0.2310801912515444,12.932368601994341
0.2213908858926173,14.349238037490306
0.22918066601983408,13.538984110635933
0.2259787080456169,13.45096354431223
0.22915803316181435,13.48962636637878
0.2263639211625544,13.893592023497082
0.22577106428787727,13.161213961857358
0.23925237841716002,11.869955134377257
0.22507916228334246,13.789416800560781
0.2248517117630365,13.603901759337298
0.21692334565766586,15.66317313536047
0.21754782185866145,15.06723630170696
0.2281413926498088,13.092425793517307
0.2214676394483533,14.6935733567132
0.21783988991459424,14.466688469541554
0.22401227561179615,13.847488590999806
0.22006219698530455,14.522036406663894
0.21827091850934854,15.021945490307925
0.22101591733429526,14.58231085811096
0.22438346367178733,13.84148290065991
0.21978773410834443,14.74040418567974
0.22064013405149147,14.084159983064383
0.21481674816385507,15.794924564896013
0.22084559065231119,14.68192884658513
0.22375061628498752,14.070774192794175
0.22547362869685705,13.653756394072309
0.2222104748330393,14.411772854368571
0.21608434974284832,15.143246728002524
0.21962757789984244,14.864475570215838
0.2285099421591232,13.6065074862882
0.22320913777955648,13.470695271298288
0.2286149203486833,13.328662763263823
0.22217430374727795,14.754884494399104
0.22320287114594842,14.05145504385686
0.21424155085206276,16.058533300986795
0.2211822100687405,14.800590270941242
0.22447258692283684,14.258400806683282
0.22024134936414042,14.622155568222713
0.21653607510549921,15.335821158376314
0.215821445888747,14.834661663686381
0.21435969220869827,15.790197481167022
0.21803183484480626,14.745513013122816
0.22542212322376753,13.919229309702411
0.22050065046410067,14.630078972719534
0.21943086731292163,14.830034226661759
0.2265406091453815,13.359274604365073
0.22751105745385777,13.50479262460618
0.22696925157219966,13.639568844028883
0.22655239225611715,13.519373616041943
0.22841952395568582,13.349132303524959
0.2286420291186233,13.341357825094603
0.2317621020910243,12.962796232692561
0.22049614207318088,14.722474215679263
0.22070788139499511,13.880666622637115
0.21855451296374384,15.090123721014175
0.22163399519814853,14.258423714100818
0.21681130575305288,15.385947807893492
0.22236152460595016,14.608928771893702
0.22833823973376124,13.333616967579262
0.2188673831869711,14.668520226257158
0.2221297288466731,14.354977684796241
0.21939844766382957,14.912233370370588
0.22994736413495862,12.821413546340805
0.22105444009442862,14.37968643194009
0.21863590778219205,15.05680482418267
0.2177124996738777,14.840827641566088
0.22049812421000817,14.320876565713204
0.22124071086552732,14.565053478624431
0.2239144486808947,14.077942570258054
0.21772333493020826,14.887075476483135
0.22740188122371327,13.320612331342344
0.2280470553840753,13.668052675133742
0.22218966545345958,13.902333182758518
0.2193990779523251,14.737686290407016
0.2214407774168397,14.115455946379607
0.22282601526838766,14.236609640822314
0.21668184867690973,14.699304361605607
0.223223229045256,14.238915334798063
0.21663389246718273,14.848578661095642
0.2322873381728584,12.340685146933312
0.22893134526893844,13.232659618608123
0.22431553294805123,13.472559611450333
0.22617877056388802,13.142305042613899
0.2272578073203856,13.598617405922516
0.22523925881458645,13.631179359382077
0.2226453168323784,14.061550779400472
0.2160620858231662,15.925001598951951
0.21556847838713822,15.370581697703777
0.21855975128316513,15.238624947022299
0.22321470412816913,13.907439337308979
0.21880935877273922,15.161255482335964
0.21683168613275552,15.385415758613375
0.22917725152150661,13.245104336404875
0.2305878986294418,12.910030748560635
0.22198692778168494,14.010694044948563
0.2282534621764979,13.457834974051623
0.22677150227371418,13.39685239990435
0.2247503103612251,13.999619653917927
0.22474215613904686,13.478500556404319
0.22585145241414423,13.694553046475734
0.22093652344491604,13.96535194155978
0.22886020075753896,13.80331451723483
0.21536931247652738,14.984983288384926
0.22166765103974828,14.829462501002917
0.22693933582686268,13.886397420980225
0.22691865344551015,13.501858459526936
0.2175338033546163,15.272295875223142
0.22308918933987903,13.387754792197832
0.2322161469744899,12.819696109764806
0.22561162531531412,13.928535924771607
0.22358110847832288,13.557898961319186
0.2232849532883683,14.187376714007685
0.2160238435225074,15.340887972666325
0.21750244878547156,14.791545141375778
0.22163875749239528,14.350464184742549
0.21986915413241884,14.767349400406266
0.21957617145343683,14.65425992052417
0.21646917973115506,14.890198579130354
0.2199344342017533,14.432184975488877
0.2213267201272926,14.630888657693323
0.21608090518127762,15.026069477141236
0.2114498039089548,16.22372454148384
0.22535773015309993,13.439427393391794
0.23049896557081823,12.800465765286198
0.2304889235970751,13.400613479189907
0.22001429267882489,14.678696216143496
0.22160435209338647,14.496164214767159
0.22252584407025555,14.434447703995488
0.2203608570902282,13.982899179184445
0.22898631152746932,13.595333520482507
0.2182997338974034,14.875484171049656
0.22535475518939402,14.011013657982158
0.22610949910633998,13.359200755946713
0.21981856999586077,14.718753563958892
0.21485327193066497,15.408384759805424
0.21979149705785905,14.301616929159854
0.21933943415732815,14.651581979207446
0.218810738433185,15.234549133183794
0.2211945104944169,14.424455657725149
0.22719968381198719,13.54266707300597
0.22853129680565004,12.865315812013515
0.2172848340209437,14.872255151876875
0.2170588613036479,15.411402556239823
0.22207303436999,14.513469919374895
0.22421114267608122,14.171691825356765
0.2262940485720308,13.757555989691301
0.23010644154735949,12.938426270067419
0.21460664951895572,15.673174145854254
0.22871778406111667,13.208245596278003
0.21894022521708212,14.271092465486216
0.22304812649273703,14.11835912277027
0.21625243594520488,15.161575468763303
0.2185617152807162,14.490302840979162
0.22164038551024984,13.869876988652923
0.22335667628027894,14.45059419815724
0.21973831912122707,14.430582949804545
0.2241166002868187,13.501064039574306
0.22004911181018227,14.780384957439495
0.21480407593343445,15.986113854985453
0.2165970601721772,15.615014557186178
0.22832193932101533,13.104652759613588
0.2181136863960157,14.217190894094605
0.22085264593588622,14.427145008424198
0.23196323341821157,13.277973869840043
0.22394556323566442,14.349107007260672
0.23349615234628707,12.466644959442872
0.21810339464990233,14.748271999909539
0.2176858659903358,15.544600783404267
0.21976234302780073,14.569464645545189
0.22453540070370728,14.162461663436765
0.21569618019753856,15.172353588340336
0.2161883544456609,15.778565041195604
0.22660370885846925,13.385047586280074
0.21706124579298067,15.021608983694643
0.22582298687375058,13.842033264543833
0.22011360821971182,15.08944553813833
0.2257761425512958,13.851345697452723
0.21347193575474005,16.44743646269362
0.23097349651512827,12.898170265059807
0.22982162180180898,13.29293810034067
0.2129603398707259,15.695493027281943
0.22585828987663853,13.576387206811315
0.23024519556703882,12.732512626311799
0.2152420567213022,15.194553740743366
0.22194810554703523,14.721310250865736
0.21896554140824792,14.361266952188947
0.22058296818287706,14.010666823287561
0.22249552289800714,13.962570882017884
0.24026646047796452,11.662877945304011
0.2155495003029762,15.476950200277914
0.2164413343152358,15.226067005910497
0.2240381381028555,13.810123341595947
0.2232766212070094,13.839400876056178
0.22856547651554918,13.285802185686586
0.2145707957969288,14.881125101465583
0.22177431012113724,13.811173736731588
0.23121702590111298,13.100347692884569
0.2232984972723699,14.127887082419154
0.22300909951832143,13.962106547349153
0.21797314754999061,14.6315569250063
0.22545493539387945,13.764397208857499
0.2298671144641501,13.15881901274253
0.2268394125366787,13.951190969333881
0.21942748355222388,14.396763906546367
0.22334541526730273,13.696058195584696
0.2207737529474806,13.985588739343823
0.22487956671694304,13.74015088214804
0.22931317499323164,12.93841557444633
0.21967426366822437,14.490936280324972
0.21419403090623468,15.513615233530462
0.22095581456034954,14.146743688164982
0.21627649696638257,14.926287224651183
0.22857649933305085,13.604364492322613
0.21775323572268615,15.288754310452425
0.2292159666186197,13.059928744886435
0.22669082936156149,13.43979900901998
0.21663211210371802,15.65511494892132
0.21889212151396348,15.022567420328722
0.22263916535979777,13.990606035431947
0.2281638679103494,13.213537095492537
0.2261427422250588,13.367613281440663
0.22187484956542458,14.187941919541892
0.22060686124664497,14.726373796182072
0.2225344652073433,13.912297442562826
0.22126158512116545,14.515586611539872
0.2224974082208701,14.082373782973459
0.21401222944724904,15.350142949971682
0.22581139730682004,13.968307378719592
0.21664671391517462,15.186240676014599
0.21612077040624214,15.091334991504352
0.20924833307062812,16.432827148014933
0.21762102722056162,14.785828168830085
0.22313135415759214,13.383053057947668
0.22603265405771197,14.014565836832142
0.2209327988319215,14.280787290820532
0.2245499027483792,14.170941258497214
0.22888188902386172,12.704377726632497
0.22567104698807317,13.904343430116283
0.2208969740221144,14.601088661718244
0.22046758401237304,14.694944811455931
0.22420870351646077,14.011552887801422
0.22291199041496124,14.23673527591446
0.22201911185632922,13.988616109811538
0.20961730468368714,16.8178277190934
0.22282404280052623,14.399272773715593
0.22425068755414107,13.997605873952834
0.21898056428738713,14.902720663540313
0.2294784794778108,12.764080051400436
0.21687150034319477,15.235000540750018
0.22053699054106196,14.326466725656354
0.22929529133874474,13.991625687211664
0.21882805947343076,14.420771683689514
0.23004073039747372,13.068323151598971
0.21311356494687167,15.696107315833284
0.22475909102562514,13.939863104151216
0.21585643152722872,15.691869965016732
0.22583562693343387,14.24058433984494
0.22088826377652648,14.873746233370051
0.22349366928396192,13.493240287166723
0.22106308495602683,14.061948543957305
0.22713303066610707,13.93629308272866
0.22316832009196935,13.736063544050491
0.21337855122000826,15.739629650634855
0.2284453294516457,12.661028832216997
0.21821775446951558,15.228002550259912
0.22074379879111802,14.97332681659799
0.22336461185311215,13.951104359747486
0.2178600515417934,14.805857633575544
0.22022719531361284,14.606790353192576
0.22179877979966808,14.515087033633431
0.2260915873118639,13.486361289005911
0.22955449260530078,13.315734846553308
0.2274764290489546,13.480015987288457
0.22233924838447205,14.052327668328154
0.2155495003029762,15.476950200277914
0.22851294820895887,13.354129219065719
0.22332235444631812,13.827163930751533
0.22837189898372012,13.467781269363886
0.22780058818865273,12.997109761816905
0.22425322696208783,13.667098224720476
0.21912687303439424,14.443821907364836
0.22203933814667948,14.36042961152278
0.2213088368329013,14.522476152440476
0.22439067966612403,13.846028027647199
0.22149225988616036,13.57357203397311
0.2197396410212885,14.88865763314417
0.2231723653513882,14.393309499525525
0.22342461225081933,13.718056099410243
0.21352180545669744,15.626069510217159
0.21940540014298118,14.80213720502731
0.22031817793106623,14.653568221514291
0.2202461470613594,14.327848247547609
0.2171683750303267,15.213911171064881
0.22074667399148498,14.173479228259657
0.22599076852251915,13.533317221877603
0.22463932955458626,14.262147095579918
0.22662089129576415,13.424066617797902
0.22896118747296298,12.861980180750795
0.224917525954056,13.53232354666381
0.22902775526977015,13.333677854820122
0.22607973617530766,13.755540573165908
0.23177866057661303,13.134617777462417
0.2141506109777743,15.021707668263206
0.21411878689700092,15.980967085984377
0.21518143065018167,15.592311399494397
0.21489195267916125,14.904149196168687
0.21779584596987617,15.036220433386896
0.21748311025837405,14.747610429378955
0.2263835130609428,13.936896688117194
0.21772989023216094,15.592790874538927
0.22169332090388127,14.373541369434808
0.22197038522003198,14.532598149929598
0.22612204465268185,13.316550597329208
0.23242577645674614,12.829218038692117
0.2232288231945623,14.382011038427017
0.22233706903363937,13.9279960960142
0.2238327702169167,13.868886016644346
0.2205964638860608,14.340360227978671
0.21665154138726295,15.406791422441538
0.2170311037972221,14.96492876161327
0.22016597544773286,14.481985932035244
0.22487982441129695,13.895691421781613
0.21704143965999734,14.650910471807409
0.22998537773398126,13.251907144780493
0.22296429419136754,14.189090721427775
0.22724328589732135,13.740366084614784
0.2257760438338335,14.074300023858122
0.22368181502426704,14.219842052479839
0.2191152201751904,16.078073685283364
0.2278212777311206,13.340968369375565
0.2141308828166915,16.106137136064813
0.22308472667501264,14.657918671453006
0.2197910206618767,14.839098200239683
0.2219381556974136,14.166372800128602
0.23327642272332466,12.753607321872295
0.2247549926305021,13.866867767393842
0.2264154738614668,13.373988882974631
0.2209041048040647,14.079138747638773
0.21955295176479364,14.906219513233268
0.22744271554794515,13.259360256093725
0.22236397541006442,14.483618323417877
0.22048455945158857,14.75990724540347
0.23121980986024912,12.798246338780896
0.22713216187298477,13.266549658399246
0.22181989340569147,14.077042307231155
0.22783882852328005,13.214396537531496
0.2230125720394246,14.68850113762854
0.21937799118840226,14.599777738718396
0.22864030557244855,13.161742054519047
0.22611046412776425,14.049956722408156
0.21812285178005425,14.474017029277894
0.21766976506566169,15.0190682230681
0.2316347394789271,12.96030500185178
0.22127000841526462,14.432221151271596
0.2231242120229368,13.891506454134872
0.22985279164232644,13.111480712668317
0.23083424633977517,12.832493867741764
0.2273960052222142,13.327248306733436
0.224175273209203,13.944127348321805
0.21140906396087372,16.42678055110169
0.22753087744651737,13.10746813692133
0.2237238965888002,14.323519279913747
0.21570541760367773,15.79801833237689
0.22632404590509475,13.755238749117229
0.22051025954744574,14.203253026098642
0.2216994560229693,14.088376720951791
0.21464652657483238,15.387222639068044
0.2328808406722859,12.406791610498317
0.2196259990734727,14.922574997298923
0.2261506492511703,13.906537331745852
0.21973770717875007,15.192794786826596
0.2215409885335964,14.89888959290064
0.22222146041127955,14.108050974446122
0.23352617514187368,12.22195957325649
0.2195202465707703,14.30231706302154
0.22683619497822616,14.008823217042123
0.22243695362144922,14.645983281549901
0.2245832513292954,13.57769097539771
0.22684569486869938,13.230489311756513
0.22277687386183417,14.188951049391907
0.22105959673313097,14.557027194581943
0.22673834691940992,13.326330011857664
0.22123313994792987,14.094688340796479
0.22656127593564865,13.929552887549402
0.22171069750937372,13.8636362639044
0.20872201992689268,17.331073084549963
0.22059801105964982,14.501479800785617
0.2349841408055209,12.847989736566655
0.22375567949429725,14.32736496386876
0.22164796301903794,13.979126138053344
0.2268559285260656,13.709840787112434
0.22795413891828026,13.23765064463685
0.22291322672102426,13.919604812507252
0.22108520649332736,14.122122386613507
0.21753626456655092,15.009993461618448
0.22467968132488714,14.113249772733909
0.22101086105417775,14.256503321421357
0.22259227731008135,14.004309189739699
0.22266500247472842,14.162068953960754
0.2185991685234472,14.534874484100731
0.22295371390323374,13.371828612663696
0.2213315941138243,14.366679351917979
0.23079252166580305,12.841807169383786
0.22229361399418773,14.240162869460471
0.22745410593534288,13.283621856465441
0.22611726354785755,13.22706851435592
0.22606526068955152,13.393582867700628
0.22932399086151103,13.037939561469331
0.23042108720345872,12.816446600024653
0.21733529867853896,15.100013716554956
0.21998970526362274,14.311035356470814
0.22035792826977807,14.524957774698654
0.21704701796479303,15.661128809146517
0.21949891040305883,14.576879921879234
0.21308229097289794,16.081791300967986
0.2277492006846503,13.468583375702606
0.2163090687404547,15.403735460820002
0.21863438049245815,14.70370869286457
0.2256630012053966,13.77763943064462
0.21632623912352167,15.2084114414929
0.21985220031661976,14.603685550351136
0.21472057784168735,15.769441814634
0.23123756508266846,13.014712695188456
0.21878216063507638,14.28133756099062
0.22091083954997415,14.142963726590615
0.22268890049917978,14.154406498796849
0.21075518155607667,16.542692169847157
0.2182731709770568,14.649721417986274
0.21776552904017626,15.08499331889606
0.22708510911600843,13.757361416991236
0.21856686854466034,14.404801915251944
0.22574696957782314,13.288467390047645
0.21491834457489833,15.486029870213144
0.22516595647310406,14.254462764470354
0.22116823976931707,14.812281735330865
0.22652674502941259,13.63248152570946
0.21401610939296759,15.129361225537972
0.21870183313873684,15.48032517874058
0.22105986457378088,14.804687227057933
0.2153065252112316,15.315842221969381
0.2202014652637408,14.521995761124426
0.2311788446413396,12.989098228343533
0.21595156403746915,15.500046712184616
0.21884435295044324,14.321432835405467
0.2279693707879312,12.685458560212064
0.21697246550363905,15.225104386842993
0.21434552894494344,15.542168893641916
0.22161103219529216,14.79339803984413
0.2283075573060305,13.389682788890301
0.2199053294172534,14.336562524124185
0.21861960159080357,15.174403320083984
0.22298170807691048,13.982151680751057
0.2219194395074717,14.08824258549027
0.22812955140562452,13.520885325160696
0.22161582120776138,13.931981664972694
0.22961753889914605,13.308378975918792
0.22592376810148262,13.540962927448344
0.22121128910888854,14.949971476683011
0.21999977711505198,14.673942411486985
0.2230745905632396,13.986225801131665
0.2260479219976426,13.315295270224759
0.2181369967551165,15.4517441957189
0.2197064848422539,15.12739589214137
0.21755503407126647,14.766963470679906
0.22029072417660975,14.66996693130084
0.21604105460843176,15.4499113451305
0.21722245572748214,14.737426279566321
0.22190013103586884,14.292108362526387
0.2163503155948764,15.466551853930536
0.23140856495627957,12.908420081993397
0.22012622385931466,14.534403433625894
0.22337521056098364,13.888034024154381
0.22029985547511916,14.230272063475566
0.2257225835327785,13.2388947392742
0.22612661672310985,13.463380756198553
0.2199524880116219,14.389758845228489
0.22566717260110958,13.479516454336405
0.22270587278608764,14.20015677350539
0.2266883599609905,13.791524309793589
0.23545175288849837,12.192177422885301
0.21534853514264107,15.094492670005618
0.22524285472276268,13.7737809195602
0.2191857569261115,15.212498246293054
0.21587056446807254,15.580462978261695
0.22542647100051155,13.635051365509824
0.22267608322874044,14.540813888297148
0.2206030118153628,14.758784495273412
0.21591435399310796,15.759232417305178
0.21880601306390285,14.682414855580507
0.22001160267215614,14.17636518033195
0.2258634704749119,13.79109304522412
0.2207683620494326,14.739801106365158
0.22015411045966288,14.20875873169643
0.22065348194184486,14.196095591670145
0.2309083703407354,13.151094614912088
0.22205856435560603,13.89315704675136
0.21758101136696237,15.036621421692447
0.23150047644825614,13.293349374055259
0.22629682586473304,13.183874545879954
0.2245757323295853,13.53692094340554
0.21789851665745757,14.914604167690753
0.22706629368025494,13.21362673610578
0.2254049650398937,13.15574268551568
0.22259604262328422,14.38786294695235
0.22042663892037134,14.662780874683033
0.21675723484543627,15.151422676907728
0.21999405179013637,14.722540827162428
0.22737218628811195,13.302763733264852
0.22406261231836208,13.73303297699911
0.22100273580495983,14.72928700665748
0.22462389718392672,14.030151720182863
0.21879718940793114,15.040152116074447
0.21648755776300405,14.880073932328347
0.21877814561843653,14.533895960828103
0.22424383529507655,13.578335138824823
0.22086490687317545,14.487803123328144
0.21189535895157238,15.349688809013696
0.22680925260166981,13.83810988984115
0.22123224983519707,14.377591638184684
0.22928214093698235,13.001507207510558
0.21931765902851824,14.512120910791321
0.22085209097478697,14.795411093150244
0.21881526529871462,14.784369856805219
0.2214286600345039,14.410843084020902
0.22209994061365057,14.256504616143316
0.22182157071494446,13.845080191689293
0.21846106035402493,15.41863886168716
0.23008952384688167,13.081707719429026
0.22294721660715697,14.523512454796471
0.22160823945115404,14.358216195404962
0.21983134342293328,15.013252109647393
0.22999823744146883,13.428675061045103
0.22190738852099437,14.328248559034307
0.21826341873151242,15.002849735912397
0.22160127480584949,14.661558274601543
0.22573483684875245,13.095817190371891
0.21410991109703703,15.791194781783261
0.21537052128938683,15.527824805058222
0.21785118625951438,15.137311041169772
0.22286236311267654,14.243393159201766
0.2205498911202913,14.544572653229874
0.2183985623065546,14.89028488872006
0.22508027857249316,13.673106445398943
0.21335245909652434,15.916727460268666
0.22605732984814497,13.846044400584871
0.2274830243849716,13.498428489437625
0.21807881875066,14.616933925420946
0.21746936042680107,15.059409455661076
0.22493231079963982,13.650269955339427
0.22675632183074046,13.380781395187878
0.21537967307936637,15.350361562744768
0.21478162617917967,15.750532979988606
0.22074621275452022,14.833947878265315
0.224795664213923,13.960502025381345
0.2145460817085197,15.03525773838694
0.22458246364229306,13.660422204330615
0.2187595084816133,14.31412420388225
0.21590756697128063,15.713259787172404
0.22413086453520772,14.236942726347312
0.23597228281993643,12.184684063237226
0.2239815200511579,14.247193221469724
0.222281662328422,14.111110292942717
0.21093587967117794,16.120039551298053
0.21628590725937644,14.898485408945335
0.22648339977693052,13.819712863621465
0.22041390632775024,14.603947283575812
0.2231211149445247,14.156344204350052
0.21838927550251097,14.771058576970635
0.22350390446755009,14.170417658896916
0.22459727458610906,13.51234997937412
0.21796982434350634,15.4807177808359
0.22416489085434244,14.055409867774229
0.22502586580401385,13.57199810109674
0.22335130295533145,13.966444000893679
0.22570045571789266,13.232530817075983
0.2308638076021942,12.828434413405844
0.21886245249690425,15.1491741017012
0.2165599809647569,15.025180548135422
0.21636745950961195,15.199656430243884
0.22526173742491967,14.345119175051359
0.22520299938612895,14.111383333492984
0.22492854729375755,13.859625521216202
0.22405703561686074,14.094782584739479
0.2187037515504153,15.2334694641347
0.2199384744882354,14.579477993474637
0.2183008453783069,14.550157077034775
0.22642997613317806,13.303634509023487
0.2207856968624614,14.31737712009659
0.21972430809061172,14.371356887076676
0.23154965107653575,12.543466765589525
0.22288649141504607,14.229151374184895
0.21772939688881734,14.531867445064567
0.22640949415778905,13.6659482539698
0.2219709830586119,14.758324948470268
0.20931163209891,16.994161659207492
0.23258524181136592,12.979415957170135
0.22246301390524748,14.06505025215932
0.22030471163841928,14.305936291947262
0.22344913005373804,14.304082546625311
0.2261313317435785,13.607791698553516
0.21801098020000054,14.643669193553576
0.2226723595845107,14.462878203848554
0.22820504434602973,13.10415385272626
0.22407810780530416,13.728401507161383
0.21818561441631923,14.918639381787187
0.21905856725784123,14.955935432954925
0.2226560293105678,13.82826719891349
0.22637891982523473,13.8512971046401
0.22946303948298497,13.300460345321458
0.2183230956517107,15.79323905803189
0.22421850340787278,13.851606471124095
0.22071772542986218,14.381978494492504
0.21945006149745247,14.569532620664216
0.22396240443656373,13.777569039345245
0.2278876626576093,13.266154062241531
0.2287519200846797,13.499850407965976
0.2142399950167017,16.51226633844163
0.2220076736141871,14.167909541861185
0.22952217887694007,13.307031862562864
0.21653519785067182,15.186076315289906
0.22237536281625092,14.322417088148956
0.21989263678161441,14.435834384452209
0.22350896071963902,14.020946670517281
0.227044580384847,13.12584345155223
0.21698868009382163,15.25712955888205
0.2231895638360525,13.95811672245951
0.2245431026348266,14.234145004587315
0.22356416110189914,13.662122591646321
0.22192218046508827,14.049338811981924
0.21985297069784004,14.212479642453216
0.22497099743935986,13.9677302010262
0.22388111451625395,13.399609183413688
0.2155014643723937,16.607703793704264
0.21915270035252402,14.942266187003682
0.21067924871951751,17.003742432753615
0.22340649062974088,13.589926095155716
0.22365976975193674,13.98919167690818
0.22887055250644603,13.376971808284651
0.2145599250155959,15.957023310069081
0.2241110481818308,13.604211993066922
0.23554435271524612,12.293892933999459
0.22677084984174134,13.527874985931167
0.2279610017210794,13.50280696668052
0.22355431110111088,13.79252686356123
0.22368951835793519,14.0166154820319
0.224614064474798,13.870677842927034
0.22359412707395432,13.67387042955759
0.22313159261800491,14.045559644026747
0.22243417833071322,14.304640060377675
0.22337771696765657,14.206813079733593
0.22277176511912467,14.456004521422967
0.2253024178811592,13.897015970954474
0.21524647566267796,15.62119641153405
0.2168894802201569,15.335276211388702
0.2189833974354758,14.792313835182808
0.2262388222867051,13.762974753268566
0.22160492013848324,14.01952779424391
0.22451787079025964,13.864182267000935
0.21747198051440667,15.113193404574524
0.2196121933711863,15.039638326309651
0.222272230526032,14.230431113256337
0.22131148101612055,14.226858684580376
0.2194473376224727,15.271070224269362
0.21405165763408002,15.317833008850378
0.22449989493740863,13.32185192038284
0.22190789201464722,14.558244185804575
0.21850239225609056,14.751644095764549
0.22702013779866875,13.464305983301617
0.21925445569161905,14.813900633522653
0.2251139047981057,13.708918659194207
0.22738457599351386,13.589051594997157
0.2168141649889201,14.972307877352408
0.22254172991111212,14.32096098998745
0.23721475628504773,12.484937192644555
0.22474449811253744,13.123679588201709
0.2231647720874135,14.441316957414424
0.2209390349800376,14.385013644929765
0.22921913789491852,13.10875986234553
0.2208966371530837,14.581068880590397
0.21584345881014558,15.322540348179057
0.2277113846854018,12.633675575557602
0.21499914132380202,15.642142716074769
0.21891780773947722,14.585158159387104
0.2182817327237605,14.609133032695912
0.2333402762682879,12.752552869831982
0.21554807648073077,15.061864021365126
0.22862739797973639,13.16001285218337
0.22107509430193312,14.40009404272979
0.22611655553523025,14.167240372753806
0.21210761280966087,15.844520203697483
0.2212309127731205,14.50944048912843
0.2285004758126328,13.371150046683839
0.22599259355105686,14.197048414074871
0.22199704143195884,14.629214816230208
0.21512231717815333,15.803421272163732
0.23049034066342486,13.489146249442856
0.22141824925661643,14.195874064229953
0.22059862058712804,14.693563479627214
0.22098648550088806,13.979019337923145
0.22214776245338563,14.305679231373306
0.22636194819920502,13.192765605255195
0.22685845189285275,13.612958171956434
0.21984331741081942,14.504295188700867
0.21748894248246553,15.195372932850802
0.23007206472402886,12.306515587385924
0.22910866984896003,12.975517817363585
0.2165067231795449,15.337608877090585
0.22364180925008187,14.348584019010152
0.22180054050158582,13.889767003062701
0.22202369353041584,14.167993453448902
0.22294044582373118,14.466191102213687
0.2174274017972879,14.934587728319524
0.2297240967660884,12.810884365137454
0.21410043786304198,15.537532487394758
0.22339003495176202,14.10263618892081
0.2286816325808797,13.156860405230754
0.2167710299276032,14.958998832779407
0.2232600176382384,13.983717202448721
0.2190698444582003,14.225138569086727
0.2234575640096884,13.798500443918796
0.21569618019753856,15.172353588340336
0.21630417953478961,15.680223370316996
0.22284827257372136,14.335050942495382
0.2183917722818826,15.256978837546383
0.22646684039241366,13.09553201078262
0.22282567188536906,14.213360640361433
0.2180749886430189,14.516833048324727
0.22323568732804444,14.664697318838163
0.2184532084837395,14.772900649421848
0.2223506388099659,14.845352015206197
0.2242459917801286,13.408626937572095
0.22008746761158543,14.524618695877692
0.22457534218304406,13.892077231051353
0.21644329157484632,15.191498915920814
0.23110249829509916,13.494772017518972
0.22858998038760298,13.059492255338812
0.22242730330723398,13.54007772447343
0.22426501107556576,13.475273388349093
0.21793626862625923,14.683609741657653
0.21878612761188873,15.070558304546775
0.21929415111436087,14.505297865298418
0.22149236158667793,14.289851156196574
0.2224495775268217,13.980313482768933
0.22308399202410623,14.352077269936881
0.22725912010854143,13.226655031204071
0.21729249986026045,15.113219086928908
0.21637462195414967,15.156020459954577
0.21808615621223218,15.323177306572315
0.22480319989525402,13.991960867274686
0.219639607712441,14.570712602708397
0.22882952460079176,13.145645811614934
0.2133880062669205,15.909202709797752
0.22502999917739763,13.47857127813447
0.2135121574250016,15.385447350763299
0.21927954933059574,13.921006064553236
0.21794270336878344,15.677329948934062
0.22142285147487267,13.943930366136911
0.22403306177111576,13.495466418451663
0.21956718322285743,14.605158544384363
0.21621315316629303,14.697122473932817
0.22380300192220554,14.410241234848261
0.22711881782484608,13.686305900767985
0.21717551649949418,14.674419484585428
0.22098923134933499,14.43623555354538
0.21711862814613797,15.483200326931374
0.23674909453690807,12.520812027711752
0.2184901831151747,15.225430840056813
0.221119887836125,14.457835961892155
0.22516185704939107,13.78860637098547
0.22262330384752563,13.797482124210708
0.22556603943560588,13.33727322447806
0.21614387283879613,15.22243883656994
0.22031264397626707,14.672213637406323
0.22038925085637134,14.397794328188999
0.22084064188183194,15.201105311855121
0.22438205037482392,13.77797244205244
0.22358719697922402,14.141293882734423
0.2334347885687859,12.72494608760977
0.22222945084657963,14.597913252541602
0.22076180619826088,14.96810413588132
0.22399637389220206,13.943115807762172
0.21515287433716962,15.496246524809395
0.22155657011923022,14.023839117092535
0.22823958425131974,13.537996544984619
0.22369477783890873,14.079195437723397
0.22196967494651726,14.188884793721135
0.21284272037156088,15.896899874885658
0.21382189625145023,16.107925130643757
0.22107669332764782,14.809966370752965
0.2310112581901273,13.210197896659205
0.22211078100178694,13.80638183541278
0.23039720216828236,12.93734713006405
0.23060192425642065,13.011434478626477
0.2258220738888788,13.706158536880913
0.22781900874129182,13.560817234871926
0.2240649003553934,13.921363453967786
0.2196428716563052,14.82440868537576
0.22514944999437644,14.26795253538764
0.21089632044720524,16.377087978489282
0.21430361050451738,15.984478223029086
0.22461629354016122,14.33437325250849
0.22376363730296295,13.702686127140993
0.22124683552025756,14.11320262907947
0.21526086749912599,14.770705951255872
0.2147609496265369,15.384738421309736
0.21895653965397266,15.145020612325835
0.2268010225097562,13.36149295407213
0.2321424250114912,12.52026167569928
0.21364100178167045,15.724282569412502
0.22230910012247337,13.746439384645626
0.21911784623061006,14.296351577446307
0.22011621948458807,14.234844461639677
0.21382399114156359,16.05244905795798
0.2144809648381408,14.928151846550541
0.2187439968643531,14.725281557026923
0.22072114973591955,14.565045569836164
0.2217949392422302,13.922498389799102
0.214572054580983,15.206977988397549
0.22683834788250212,13.553073552627769
0.21889408715187914,14.883369276379897
0.21576185285254673,16.064512288331766
0.22477992977829042,13.344368391782787
0.21605790789232351,14.793701563454107
0.21412624551381734,16.439249139518445
0.22020353833045267,14.71889493123106
0.23230365413749432,12.81421116786222
0.2168893176392224,15.44120414336103
0.22042042871288117,13.922112169636799
0.2292951583422107,13.308339112457986
0.22232069277179456,14.260176464831247
0.2240019746752217,14.196908408312831
0.21740695674527638,15.16798372843635
0.22951824874537613,12.849553535043121
0.22449678263389336,13.377999179535122
0.21859552586134498,15.192916253081433
0.22358992186815424,13.932748083422178
0.2239515052980803,14.07365375828814
0.22411972222872015,14.523658706605314
0.21863644199506668,14.935912694741996
0.22559365395167782,13.39246231967426
0.22929290947632816,12.710343598661778
0.22647052792457717,13.372831185673213
0.22223069579177906,14.937236272034104
0.21605843245507544,15.469589923346861
0.2124525962334765,15.867940007365908
0.22452414556056055,13.829276765273075
0.22520317946056434,13.995606669657462
0.21958271870369678,14.693130183170284
0.226293798424289,13.183345308453282
0.2231900156873186,14.21844901874791
0.22178024517584888,14.270439639243778
0.22428379895705935,13.752609652418634
0.2195366421916614,15.256016499627743
0.23319569718207617,12.540667398725189
0.22503350979632303,13.70664256099315
0.21913966663737153,15.445363344235636
0.22058666309662298,14.328476532694859
0.23195666666602724,12.838345761020584
0.23263126174357823,12.659024086083361
0.22520466612734974,13.818521153073004
0.22258517971425218,13.829995521491359
0.22444177060742915,13.668858307207442
0.21439731128643758,15.631028702559684
0.2203049892744913,14.43802586419729
0.223174809796418,13.879001666788469
0.22360559347598352,14.130765742637175
0.21999405179013637,14.722540827162428
0.22563470159600035,13.584390888732841
0.22178198850237707,13.85114277377045
0.2216349835350449,14.588945782081378
0.21529179301729678,15.397292932752325
0.22105119267066126,15.08362126020783
0.21675436826931668,15.656371840215611
0.22466526243697468,14.011360419568259
0.21923814364209293,14.660705049849266
0.22059552578023825,14.244677254366886
0.2204000281437461,14.979297161734785
0.2228469624458377,14.458341585617562
0.22610155716585123,13.496565437021879
0.215837625779009,15.58971214319812
0.22867598894759272,12.944611943257028
0.22230581956252152,14.26090208833337
0.2138188742325528,15.558890367434156
0.22253884783847871,14.193453245696203
0.22424915096093254,13.483629291011871
0.2203937649258471,14.656045600738214
0.21847423876220115,14.706543627981434
0.21648337095051418,15.388146397962126
0.22147906051415547,14.301371236313033
0.2208306123884756,13.959634729823206
0.2175277864618631,15.257701388801863
0.22206689356606352,14.453130287877805
0.21639875698651942,15.079823626153932
0.224942894437511,13.414226772991428
0.2262983423222232,13.07175017132627
0.22138984850808777,14.766262386800499
0.21822490258868002,14.826979984631677
0.21999492727730918,14.685820444265206
0.22621010805757102,13.62736195506801
0.21686898256511547,14.971222538433224
0.22323687236893205,13.787682690353218
0.22213259129035406,13.582821801923906
0.22145223689404755,14.07316842337369
0.21693317249446206,15.31450668462407
0.23326730640963117,12.568177781478564
0.22165865137225696,14.172387302805866
0.22285082305344353,14.147884890959734
0.23121980986024912,12.798246338780896
0.22492278141005442,13.780157422863706
0.21872929043502484,15.151661046459
0.2217299747055863,13.948770142962065
0.22518641562515865,13.217563560381349
0.2191588327595757,14.169293896098493
0.2228834398041732,13.549045146539966
0.2236727897077299,13.921357202740221
0.22139155927780063,14.377445005766502
0.22552480703312552,13.940533735005694
0.21391820083070856,15.824981506265786
0.22428421958134317,13.605378935732473
0.21903906622014419,14.399421738625414
0.22158613182502523,14.307468688516135
0.21872407508016595,14.419912015942138
0.21907636881109105,14.246294990769025
0.2171950515037802,15.811853439567875
0.22358612477229617,14.066410988623446
0.2243472775352799,14.335836101891552
0.22257004518296697,14.406656191685231
0.2257150404805474,13.145214090260794
0.22528332919705743,13.429552093534888
0.21517836917622227,15.49347343479516
0.21642795172837415,15.092877322742973
0.22812723154445091,13.662050277894584
0.21503440747585534,15.814709394381161
0.22312590568148508,13.865391931964762
0.21759602779462395,14.409214227139403
0.22764702077253127,13.569911377131763
0.22360866069744356,13.741386458745827
0.23212480519549084,12.789870313458342
0.2133928714138242,15.94767914742288
0.22528242919090952,13.949101652964151
0.22650090481277005,13.382672501988433
0.22481016249005153,13.546578485526714
0.2208912214413636,14.46642523810607
0.22598821486452314,13.57990234740968
0.21301906961245134,15.378897427937462
0.22828708851607066,13.160389640510195
0.21829736252195922,14.397575814848869
0.22272511061021713,14.251438504178795
0.22416867792068476,13.222859862530672
0.21966462691778488,14.93534632588863
0.21522796150859785,15.268264913161266
0.22120818333817413,14.766063209170891
0.22781568115029394,13.176145728797762
0.22262012617498306,14.576486228238117
0.21855604558200706,14.65832967127594
0.22520224904338826,14.084430614610968
0.22183957235101018,13.939297979048925
0.22217641386887765,14.05376686209482
0.2241065033729872,14.136698920393366
0.21353256630826029,15.457596905051943
0.22535220388035543,13.97298507327665
0.23303537504586117,12.901943021726677
0.22867357770395266,12.875901514750549
0.22027378753561788,14.055708538912404
0.21755454700087715,15.212822966130688
0.21745018354219903,14.6649985517413
0.22867357770395266,12.875901514750549
0.21243838143009208,15.897025026377472
0.2316969684691481,12.741047629314394
0.21735674673523278,14.878155196265602
0.22293697233544127,14.053703302052394
0.22485737000868697,14.01197791840483
0.2253901656138842,13.598604220209289
0.21851109885177483,14.634753305743315
0.22020265876090275,14.478153601336516
0.22325921209242838,14.283401162873448
0.23058646529279186,12.466624451998438
0.22834771592381328,13.064814399599268
0.22049740765107553,14.324247072357666
0.222890551052026,14.393459407573918
0.2251633442051657,13.992260539380343
0.2244126430280456,13.578296376215054
0.22275273599760792,14.219654310109899
0.22544144179640282,13.688712729561047
0.21993403395633973,14.899178191245653
0.22375217090372113,13.32704358701682
0.2271399486661472,13.611517767256098
0.22118187596104227,14.633839044263238
0.22506974774942623,13.938420949854272
0.20940781678540932,17.24952180975851
0.22629399786581442,13.313668346441034
0.22340450810589996,13.993831000879982
0.2262801971835466,13.595031422962485
0.2285943832412678,13.571273971084555
0.21433974371101455,15.539571778742799
0.21699612975868707,15.094935352526255
0.22685474803121905,13.783633001476971
0.22127802815291692,14.372912574833721
0.2206731926332172,14.526989119605782
0.21872369125897997,15.043233272236726
0.21543255883114765,16.107486818254777
0.2259658817546865,13.389895397749074
0.2179689563344306,15.510877164942244
0.21410613225592845,16.080705259813428
0.22715611856315523,13.01295795419179
0.22222854751601223,13.965946985406207
0.2273343383979709,13.456160056878302
0.22170604391847418,14.294387884551584
0.2228030861638354,13.846658052422589
0.2180922558401221,14.981161689110243
0.22418279898901022,13.575811943195504
0.23006869676173247,12.763429401654271
0.22503156579143535,13.762489292961353
0.22668268439397135,13.252601652261864
0.2176194892910557,14.631187157431507
0.21479052685723043,14.877497311169117
0.2281506342723665,13.520383922766882
0.2120575998223629,15.761325969907052
0.22292092197128624,14.00988297887988
0.22259079615126806,14.184448727976365
0.2267500475121658,13.605295894766874
0.22576818130176574,13.440641262442401
0.21981254535396724,13.773926606066738
0.22479636134586822,14.272798058996278
0.22145879746272612,13.91077452290297
0.21863114112039467,14.489893221768849
0.2158458215453424,14.817008748452874
0.21952310939510064,14.252635003452566
0.2203138191202715,14.535688002916611
0.22572568847886684,13.992929123918021
0.22259886567052542,14.377897537590606
0.22821531351473667,13.066094415772081
0.21684937055542555,15.438115207228952
0.22245650407387269,14.892598834472576
0.21621090870103432,15.883059443015746
0.212071721469392,16.132172309651487
0.226104154317944,13.827972438012509
0.21958217735425214,14.092771148994842
0.21628301622913887,14.688154129548108
0.21972842990323274,14.894877899279749
0.22246600426162683,14.612915136608516
0.21382788876032846,15.573781832966416
0.22705946885489262,13.219781907300005
0.22199825237216408,14.899943964768896
0.22282183735727268,14.147653238370413
0.2164086553923496,15.38213947028806
0.22783660149861015,13.533501761491852
0.219017126147253,15.087276213497821
0.2312626319400638,13.008495990343249
0.21267121158381835,16.019138512732628
0.22862739797973639,13.16001285218337
0.21408401118267498,15.66290457538083
0.22393510954159748,13.595713570899331
0.2242716696120747,14.079369119502573
0.22700485501435574,13.449490162208997
0.22758622719882918,13.425669138517742
0.22774384494189906,13.346509273547255
0.2259519936015696,13.578235054272557
0.2214626363542497,14.35719670376574
0.22208281417469228,14.295463510698207
0.21704673289233667,15.261872984584162
0.2241105458513125,13.943097467290459
0.22103337388393615,14.353780669824637
0.2203151799449071,13.959954577368517
0.22786261897915217,13.242717845953342
0.2228662494634222,14.619980455866633
0.21267137072737752,16.104694221883495
0.22647255989955353,13.415307812481482
0.22970106250989492,13.091803164597858
0.21432154806902204,15.838979082573324
0.22478433186413332,13.534997484508537
0.21811439551726605,14.647807129242986
0.21555270182243294,15.912509898082575
0.2274318521396874,13.259553789045448
0.2175949190948943,14.713685479865497
0.21854439564821357,15.084412980922576
0.22126449677524326,14.305611672229123
0.21607381553476537,14.942802699281385
0.2247735097396304,14.307588785652108
0.2250969571658762,13.609498133913084
0.22916155814328126,13.595470365883479
0.21896708637837842,14.415066350124842
0.22142867359522797,14.396600115084322
0.2272624068211128,13.19063321961912
0.22631707177904958,13.578792692929236
0.22459091566449035,14.537694783925826
0.21734020137012786,15.479272156609335
0.22012096979593218,14.388974182224679
0.22683834870738506,13.446677863981028
0.22432943943425576,13.53864736381626
0.2210911489713256,14.157111506715715
0.2303476064653975,12.818612318392072
0.2215151024697677,13.860903018831493
0.22241001633742538,14.489518607070893
0.21583663887442403,15.440901327554274
0.22223398919731355,13.752945783550448
0.2187198539817724,14.892197423944044
0.22571111155534887,13.777849243480116
0.22684179016122363,13.6798539412048
0.2150956397610755,15.83528482108083
0.2167881350096192,15.548936770531244
0.22271797082426242,14.06973774537774
0.23008074056634933,13.724394987378906
0.2197226345185351,15.055782290898632
0.22572909146848233,13.886279458403273
0.22831669195354,13.330905038198896
0.22514046956765527,13.971165826323979
0.22935037702740843,13.2990493062313
0.2213041328849072,14.025958780429486
0.2235876072063973,14.266339809889788
0.22290341194784508,14.452264534514024
0.21760528223475323,14.514330128231013
0.21958494619319568,14.685771919458137
0.22258777993491627,14.044158323458023
0.21937876814003762,14.82390506113469
0.22617309269725705,13.923636475283082
0.22541253871451644,13.513842677036418
0.22897692012420787,13.122949249439188
0.22263491975151212,14.141741102780776
0.22811535068722846,13.267668225977623
0.22280703686465891,14.385671299278824
0.22026634951976723,14.68977395888365
0.22680954951312038,13.658485913686906
0.22230050181856886,14.186877436686611
0.22452486326666737,14.517517521954089
0.22435112520404032,13.731828220842843
0.2261253427475925,13.671080470883295
0.2314034753179531,12.879157060055263
0.2173077208860657,15.080494166941492
0.22934168570485616,13.708958397829072
0.21967116615570645,14.492732084910928
0.22261365958423074,14.199842468002545
0.22779036607308634,13.991632537842321
0.2305508388322518,12.979642027174995
0.22063981314110526,14.497042576027587
0.21843575263589382,14.713315345703695
0.22329424869825462,13.876003808467072
0.2197135627735039,15.185892483735792
0.22324618191787549,13.98634195531706
0.21235414450224915,16.406634355492255
0.21904467228289157,14.789211526095464
0.22181096204796524,13.977621635401233
0.21850363468146394,15.353048150469741
0.23532497568725588,12.43053504497857
0.222839175635965,14.080373644704055
0.2226867151947195,14.17624633540783
0.22426972776981877,13.43515438236262
0.21682442778133054,15.032990957735153
0.2114326902389584,16.587001483757355
0.2218921909442712,14.322790870651525
0.22513724402942287,13.448199386088156
0.21847164955179124,15.398654417487608
0.21985220031661976,14.603685550351136
0.22391459287475043,13.799014947424796
0.2195054175193389,14.453490990302695
0.22262957645496725,14.381190041735833
0.22451032172915686,13.808184896018394
0.22334980964448123,14.44235539968401
0.2228210952479336,13.585346964298573
0.22383576229553406,13.610154769421609
0.22625527721506294,13.505801049576402
0.21786197668740673,15.232140004281622
0.22772682614748166,13.5312443094011
0.22011202070064304,14.81955035421324
0.2245857989435871,13.710852505198146
0.22239817296993167,14.099122236859314
0.22448976690369105,13.941027002433376
0.21355705084780663,15.468664631515082
0.225162692636193,14.045596231184845
0.22917725152150661,13.245104336404875
0.21243838143009208,15.897025026377472
0.2170610508381215,15.470845530444286
0.21949082206596746,14.45459034625331
0.22609980453747947,13.975035554432305
0.22917552009999012,13.183683727159595
0.22037829386522167,14.833349144009725
0.2164512721395708,14.894560535761682
0.21951302563706654,14.25558945239209
0.2232608729012121,14.628600193303587
0.22153785345078877,14.047794363802605
0.22354499685298784,13.91619849352447
0.21881749074779427,15.072150137873424
0.2174439906679733,14.496415012502968
0.22352794331995693,14.243605359045517
0.23116765178539125,13.274431008518851
0.22059801105964982,14.501479800785617
0.21830248870395788,14.771875987168421
0.21948705353233225,14.639029290015174
0.2236000243968941,13.579968134554713
0.22809138169202603,12.954588979213353
0.2185165464768479,14.795715056761946
0.2229054824138389,14.402590661348405
0.22796478885577426,13.201823342241566
0.23546498941452876,12.348982340233356
0.23409712090595186,12.274754558787878
0.21944127058423424,14.88526056486775
0.21149324823632482,15.546659236899277
0.22340655878875293,13.9521959637053
0.2197843772629154,14.267966947091763
0.22632104968128317,13.942624835386669
0.20868918773760414,16.315871457473015
0.21916396663713225,14.743045303597707
0.22289299716528188,14.231005763209337
0.22258162587068375,14.252220571229332
0.21780051896518599,15.160725484012955
0.22921554430925872,13.212034514904554
0.21498562151379144,15.162739776849127
0.21611223003377414,15.257731453862537
0.21796181298552417,15.916019062960956
0.22225862684914058,14.063449066784983
0.2309309256810323,12.885227143064277
0.21842679830425749,14.73111639299568
0.22108363033864964,14.394277399695653
0.22329599947805617,13.914322644317856
0.2159036741043467,15.289777357360858
0.21550750051082562,15.115777921251162
0.2244060455345752,14.571925691492725
0.219669180870473,15.20702830664949
0.21957100879641317,14.62315595470317
0.2148646243943689,15.629401522773723
0.2298278447199416,12.694064970124604
0.22030587421371367,14.506048904058874
0.22219232239218378,14.46024065318497
0.22163926166622963,14.479279979907295
0.22438504973922346,13.904897956726835
0.2286650990680477,13.153564950527635
0.2284479205084189,12.987674091411657
0.22208002065762864,14.728592402894346
0.22162355265438738,14.418807429883152
0.22859570563462114,13.029200050737002
0.2187355798306902,15.013189372175848
0.2250065743979441,13.734547725263619
0.2262940485720308,13.757555989691301
0.22720163609758204,13.019589278692946
0.21830117837383053,14.66435897088955
0.22048141810599683,14.770595407612788
0.2160391016347319,15.552219506435012
0.22795413891828026,13.23765064463685
0.2250638371851363,13.704448287399172
0.22636762869579025,13.8605172398801
0.2177072247449394,15.3808083371688
0.21572744010489633,15.77694541018875
0.22331458378597605,14.291264471581503
0.22225918184633414,14.08205046032186
0.22627471916134628,13.375693003391522
0.22034769267260812,14.55252764328608
0.21757869074847686,15.506913909588397
0.2127255166757953,16.62189013171479
0.22974449807160605,13.359631660299444
0.2159069457538521,15.428746912220126
0.22007996585447587,14.455356417161925
0.2216434668642881,14.038857791119124
0.22629573813109924,14.174086762813621
0.21979787327863234,14.795463785925811
0.2159376386096165,15.914260198477514
0.22543256314912805,13.320219585399194
0.22617815387363852,13.343034554744667
0.22932399086151103,13.037939561469331
0.21765295764065173,15.384021418355848
0.2276648283710972,13.755317781288138
0.2175319189389891,15.374349245453311
0.2239092333283513,14.300431410456826
0.21937799118840226,14.599777738718396
0.2186287002231023,15.00641554919745
0.2150751352094545,15.998676115099762
0.21634125783629102,15.219427013641814
0.2211174447262122,14.707367807826389
0.221399072969218,15.254412153109364
0.2219038815508727,14.285105012837246
0.22238666653738423,14.296057295016858
0.22217414367566443,13.83091311179975
0.21961150949738692,15.195053148058014
0.22936391592340427,12.803621141638093
0.21520375710970335,15.280992226991186
0.2206928020088733,14.192728440580737
0.23160050459609033,13.2814655978295
0.22525685890786445,13.76466968432177
0.217202712082697,14.8334219972424
0.22335787761700396,14.597832919148582
0.2273306957044621,13.568033793712448
0.22038065552362388,14.458505304329266
0.22685176724444714,14.148987584140615
0.22300909951832143,13.962106547349153
0.22741491799957497,13.95110169695511
0.21821509790289229,15.661008592029072
0.2287668936727668,13.453479382401397
0.22128381976155803,14.579656823041313
0.2177959840273533,14.709219333299336
0.21001907205913342,16.873628698840733
0.21803588889909728,15.125584453825372
0.21858707046210607,15.008702010230778
0.21764316281009777,14.96162142741126
0.22927445077322817,13.098395414266664
0.227028470033623,13.304943805937478
0.21731533512977458,15.278752828095557
0.21347070261360226,15.79487846996132
0.2202656413956169,13.836427251879186
0.20959592640737182,15.989181994821067
0.22763974401599457,13.851569029770276
0.2278288923764121,13.127567427692457
0.23506636427493544,12.249759395190049
0.22085160376393606,14.076312938993134
0.21810402074831234,15.096717801563244
0.22674006994879597,13.361849717102736
0.21359272696748702,15.851482457949219
0.22875909921932958,13.272548109362026
0.2269207686295337,13.614212058387853
0.22258862980639155,13.656939967932551
0.21597452044828114,14.80436230202371
0.21997758826481126,14.969442146555458
0.21871474597816126,15.010826706374996
0.2244164817981269,13.510545747912417
0.21778366619042647,14.78113025145927
0.22058969509118323,13.809411608763197
0.2219833141986442,14.186599353310028
0.22242616841753254,14.654577264424413
0.2252255521443073,13.7315733283417
0.2236715066435249,14.058704821086694
0.21847656335201399,14.872657036621408
0.22258564595239055,14.057143260718021
0.22414962541030942,14.337585299020414
0.2202471259827388,15.08513782258492
0.2201690337886304,14.65848473848984
0.21889047906908826,14.542991965607861
0.21788668841500017,15.078708043337242
0.22214664129732814,14.211362729671505
0.22906316779771607,13.142804309372606
0.21899893970599804,14.038884764136933
0.21017306068233907,16.425604813729294
0.2197210273956035,14.693220691740185
0.2219314426145448,13.54878006695169
0.21796260480779736,15.599606295234159
0.22002602737467603,14.496281517386446
0.22150942955993638,14.038198109722465
0.22692595498006352,13.431816009520666
0.23347033518914467,12.731476186403516
0.21781858026373818,15.050459954997272
0.22453020264348725,14.415728036964286
0.22307632833504473,13.779877544879797
0.22731566961900485,13.626561109526387
0.22500088417110692,14.232139645750774
0.22329498708425768,14.119424146924397
0.2236262316763864,13.843276162317833
0.22568170871297139,13.245009168351178
0.218579966036744,14.842917451750097
0.21345455273724007,16.198631786565187
0.2192074810833277,14.50662555379733
0.2201788400552291,14.58506357778467
0.2221395630890034,13.929275908549752
0.22350834220196492,14.120216993838175
0.2160669389071998,15.472385780719229
0.22421853092708455,13.445186685906993
0.21630907652823103,15.019479802281255
0.21713463617893947,15.001201855721158
0.2165117096071372,15.262356977375115
0.23018700933294522,13.23284233224479
0.22206781832876069,14.219926083434071
0.2196184492923195,15.135241333386478
0.22402783847886618,14.144728457185144
0.22080514309814459,14.593765490093048
0.21612469086167857,15.198558993464696
0.22113807497395693,14.368371704187854
0.22175141593172795,14.576414562861336
0.22258777993491627,14.044158323458023
0.22260783187555291,14.270738362793821
0.22090798888329444,14.513287272116514
0.22138580907951527,14.42060511892633
0.22733484314859945,13.821407774386861
0.21954619524609195,14.42390792654999
0.21990081398320022,14.669884454807923
0.22406547721255884,13.610363005036492
0.21698845285386287,15.137315148815503
0.2207729154992965,14.288993938793803
0.21915845651905,15.150665565513956
0.22958879641608262,13.253996614698634
0.22933981466818668,13.240477465509557
0.2259429210704802,13.216641084885056
0.2194561969547576,14.135057719161063
0.22519298019739725,13.614630650511033
0.21409177699581908,16.12344675703366
0.22072214449803615,14.613945572076798
0.22258349134743394,14.62103595120027
0.2262647045674169,13.689154976892013
0.22403806407207,13.79029363072959
0.21868913292970657,14.73341448069339
0.22413114386271582,13.965594705734919
0.21754204420765472,15.091091771974433
0.226895791925814,13.533666695017242
0.23220091710596216,12.924346828060292
0.22373991749277197,14.279864195060416
0.21978104428754014,14.794112228568748
0.2212834199193744,14.559786296430316
0.21915783576975698,14.975736937044006
0.2198490429424838,14.86994878424567
0.22111570604436098,14.258740894381436
0.22133408390752163,14.182981375106616
0.2113064082720478,16.22960271585773
0.2269251569839608,13.80610585073327
0.22018476733951003,14.890973551098867
0.22414359551505805,13.541538838018413
0.21028128577961563,16.64890642409591
0.22772610768927254,13.287499188818689
0.2155733854270724,14.900677418834194
0.219831690764109,14.604087474208752
0.2169515503107971,15.538962017820788
0.22784447379170888,13.739065069325733
0.22344557420525143,13.985360490963377
0.2190475610508393,14.646512056904358
0.20598891046039816,17.46095187070561
0.22115278424001725,14.226728303445832
0.2270873026932151,13.242551499439335
0.2252061557767139,14.201989807039665
0.2256234564741744,13.814912775847965
0.21767121041591148,15.087376856804202
0.22356280849143265,14.174688846537851
0.2145324856123617,15.502018396019208
0.2264412308859641,13.707297464548045
0.22115271342937864,14.824375167939467
0.220618471688881,14.404820320519516
0.2224486998496419,13.940490533947752
0.2282561212082739,12.967374659294089
0.22099845044908648,14.166160353397085
0.22276156877167708,14.749069920189132
0.23091118205447098,12.477465804069487
0.21596312344309757,15.081441095203814
0.22214416667779907,13.978103501317399
0.2282129324420147,13.555426770719489
0.22599786739259514,13.67142754371733
0.22302146517627497,14.278669801218442
0.2128829422773577,16.911300807393815
0.22341208675525737,13.940900861085241
0.22122134324674086,14.730972503625583
0.22508927762641728,13.597325665820145
0.22171795703272792,14.148333844510192
0.22410111031745802,13.853386041362107
0.21658009660636413,14.831685401216228
0.225681672846543,14.063703267638827
0.2191405002768228,14.336302269782248
0.2221536992705039,14.381310334751642
0.22550027466346848,13.722274491808262
0.2250558777296165,13.779455561128783
0.2207484637166678,14.567291766922267
0.2185036854501366,15.437188041712387
0.21256106830635949,15.735226325976408
0.22194435677853588,14.001723745735966
0.2262072473582004,13.29428518955411
0.22306388649945014,14.527069239732727
0.22306716752032862,14.000274419242619
0.21671120920139264,15.384055311047032
0.22236270436461128,14.495242635656906
0.22805540427092522,13.157342017274509
0.2221168449451676,14.591525990950297
0.22677124144347655,13.25507088184636
0.2181461401959041,14.819706802887772
0.2336676847944102,12.346155456894778
0.22092764828567266,14.662123209735118
0.22744999190447,13.238772734682753
0.2139376485576965,15.836291989575157
0.22723023965402955,13.862018131779815
0.22562729496880482,13.67990424728943
0.21398508891569995,15.86596689377914
0.23058992527850627,13.131606457223484
0.21673525495237164,14.907310535859443
0.2237928614256806,14.23631208183955
0.2240660505460645,13.983503036189978
0.21727268818151185,15.812429793435038
0.21980291252047396,14.822156781820999
0.21465521399232487,15.575474636479617
0.22432717160070637,13.263439021927072
0.21815916402508978,14.963250149258918
0.22246512385386463,14.134203501100902
0.22611117770358458,13.699130668997793
0.22258424812753883,13.812240858761045
0.22185839944464014,14.794543230111685
0.2269941873027194,13.43133301630198
0.22229270455251143,14.051415012761556
0.2205761966510825,14.770718348239052
0.22585492570519095,13.85740959734621
0.2212197990626008,14.273496315033093
0.2208412890395783,14.713127884446937
0.22377008110973154,14.391512832342906
0.22273785732405904,13.650218803897697
0.2171239952180555,15.241821458888587
0.21223262146906877,16.16952358067878
0.2127830884534487,16.50344606018184
0.2235519266472286,14.41252207372913
0.22250259346793955,13.89178831591161
0.22204873888626928,13.968304654415714
0.21378721969113149,15.621463430367056
0.21663929023034229,15.140792705292187
0.23477619193199986,12.498793777993752
0.21754134373052858,14.748501546498481
0.2147175196077132,15.644436327320946
0.21628802052967838,15.61194969013416
0.23435676677266004,12.262441788439842
0.2255846657303738,13.588697605108296
0.23116235456896078,12.619650216720762
0.22215815186164517,14.703593235832232
0.22650169735316134,13.500696960937926
0.22007605285008128,14.85974022809405
0.2213383824916862,14.248733323709537
0.22121330170662676,14.243099673437216
0.22340450810589996,13.993831000879982
0.22934714557952549,13.913726136459763
0.22007222713124075,14.267941774566609
0.2221759506663188,14.297650433248247
0.2210359979792699,14.334668996492583
0.21768153339668572,14.36468439354434
0.21967166755634393,14.101992921612004
0.22761988729960508,13.932119572198602
0.2138978653336466,16.287779873215126
0.22061367026069226,14.953898337941437
0.22396660459330264,14.11026103935489
0.21901500809903404,14.359300708651565
0.2186536170843779,14.885417841096581
0.22122732373853976,14.310179523803688
0.22156292378425818,14.919134516866421
0.21801622133080248,14.723323885093254
0.21993078308051756,14.605700576144196
0.22352724437292,13.880116700060684
0.2184384552661201,14.983848533740339
0.2143612426896461,16.110077217316327
0.22622479607501308,13.650779057950949
0.23060375874986722,12.622063896929712
0.21976608888931873,14.88246515097578
0.22795104061072985,13.208337814246818
0.22317914258942664,13.54023533738802
0.22009537664041567,14.718429353686153
0.22381282913697467,13.973564920589371
0.22851490739581645,13.35854239588367
0.21368982066247638,15.637501888338162
0.22154727576933309,14.654588862377354
0.22594031560965475,13.458551875644961
0.21591138511704766,15.777257438374024
0.21783727593341073,15.484186438129884
0.22110361208892715,14.817340321510754
0.22332089720077156,14.178613993381997
0.22245416449313377,14.179301516564252
0.22066362559176386,14.409420815872176
0.2150034040773793,15.49501151406985
0.22338489880157614,14.257909910150627
0.222116586438996,13.82266666855539
0.23085684660650174,12.658111612954327
0.23226319012889066,12.52107604495682
0.2259628306377026,13.364168406956326
0.21841266574948529,14.623672846600552
0.22667098696186888,13.743716707816233
0.21467074775547582,15.259052891100604
0.2250124839500855,13.51897430825656
0.22254740598275546,14.345715932991977
0.2272229427924801,13.744523180484618
0.21361151919280053,15.874875988024264
0.22464797038299736,14.008557820641338
0.2267887214278151,13.122669855209152
0.21984021471240037,15.020246744984826
0.22896336079713042,13.440564812657202
0.225781017826155,14.733370210850527
0.22215786752585784,14.473092841450526
0.21805021226649712,15.233444809980536
0.2202955205128912,14.301896313687136
0.21961840174247638,15.086729533029498
0.22209070297943534,14.345761688477017
0.22472094127101613,13.918414488029699
0.2150983110306193,14.927320058970793
0.22369175828755247,14.21734394589186
0.22188019396329237,13.881235860428653
0.2231504730915439,14.14155404502196
0.22101794982693176,14.51593704702993
0.2166031729813988,15.46153092121782
0.21339553142986908,16.65036624105257
0.2194939359250551,14.788389342329113
0.22569854793870542,14.00232056001039
0.22443327519793835,13.415249257196722
0.22362628604324494,14.015326507355056
0.22591013938917437,13.668350862240521
0.22628761572348316,14.035637307202977
0.22719583324126158,14.345494335433589
0.22126874932258783,14.412737071444603
0.22276341703623725,13.904642359481974
0.21354576464583752,15.330583320355743
0.2297230285845782,12.91432165814025
0.2197744391665065,14.56104573036384
0.21854974610335526,14.705321300915822
0.21657228982401366,14.863354307747857
0.22493551448125085,14.022371148050636
0.22453109019774073,14.176543026703776
0.2296504828524336,13.264164368992281
0.21949123248009422,15.00036775813306
0.21896806095756807,14.784192927836129
0.22105365872321922,14.499517598849549
0.2265881746080492,13.877605425271932
0.21959795125655054,14.823783518012762
0.2173185720747331,15.062110003882276
0.22152439336582647,14.677199472616765
0.22355033878862995,14.29012139407826
0.2258990197648848,13.600406955781343
0.21033136606923816,15.86923949763444
0.21709979634294396,15.00647382959686
0.22555577602053303,13.661954810463095
0.22622769260350245,13.329147453948805
0.22480876315155496,14.1894547826834
0.2162585791989588,15.530487472956185
0.22332565588429099,14.736756941275196
0.22651899524910074,13.436287135624605
0.22064564217171845,14.64890459826542
0.21957237008308547,14.327931721157611
0.22257901452782697,14.059782729648466
0.226804425290535,13.09103742522976
0.22327726520426988,14.250713807804194
0.22608218678224656,13.62176928941603
0.22243226052677853,13.971619863115292
0.22326682362641045,13.757648612337801
0.22249923047866887,13.578901683394218
0.20969772082472055,16.297724409026756
0.22042355552073203,14.238216673053126
0.22182264465966556,14.759527972196995
0.21606773583600072,15.251603175036292
0.21937131187369507,14.803545444395263
0.22568832457072893,13.92778988680056
0.22583286637025526,13.118810814997877
0.22227655860142814,14.197980992833724
0.23029680020631285,12.950982838361641
0.22266792577178085,14.136324125171972
0.2213078604723937,14.00087870623886
0.2236091251656682,13.891071919123512
0.21563602712262153,15.707794597937202
0.22722022852714402,13.63477718662436
0.21783008217093225,14.851200816006584
0.2304257007006142,12.92712123245864
0.22042818977363848,14.714022475911245
0.2257835821893342,13.783889667751668
0.22276561199834172,14.128916848217813
0.22128712385081503,14.697221245693251
0.22146745395627374,13.658615350405139
0.23155987167549272,12.809209277468383
0.21806639997528413,14.891047683468276
0.2227137569124594,14.294979797563746
0.21776137019727992,15.153434654596099
0.22185397948750743,14.04858348185208
0.22590154636005566,13.164620618415515
0.21646749774501078,14.955666599541905
0.22248101870387887,13.719052276884188
0.22197058771394135,14.037967812133552
0.21742559123623706,14.981963376887082
0.22861285721188007,13.460377323325472
0.22007966101215912,14.73218338873046
0.21726048576142956,14.87792925942237
0.21655443160174995,15.016638757522376
0.2178878437954083,14.86223619786249
0.2192264380382618,14.81231983809841
0.221570060774882,14.001816126319598
0.2243444654852217,13.46901565263034
0.22200765171353606,13.727433794812269
0.2191459746564316,14.74289300100111
0.22658272715419106,13.459843808952716
0.21905183653591973,14.628130329695356
0.22412325642928166,13.85116236505304
0.21841907821974577,15.365985420243284
0.22103627412101204,15.212222069112654
0.21378611160382963,15.760629664367718
0.2157648788153237,15.32336904554239
0.21988926790356428,14.89093691096876
0.22549948669308162,13.634829694518354
0.21681436532252024,15.03867823862944
0.217552478492765,14.897948577875043
0.22339066846816663,14.19970396501663
0.22429130795417432,13.647369183571403
0.22387659200097693,13.439115454832168
0.22009070858426868,14.326521524174513
0.21702156021583863,15.650034069007196
0.223888070827358,13.423849443478646
0.22395519412663165,14.433996148163748
0.2235256740902179,14.232550685314745
0.2250393074217198,13.488156444828485
0.2219038815508727,14.285105012837246
0.2175568586933992,16.235531908375247
0.21981233766759972,14.56003221671306
0.23204743491732646,12.629513444105957
0.22352698303628216,14.06199595168076
0.23052608112686068,13.271230026207686
0.225121570594204,14.163757056098786
0.21665744838565365,15.327165155404781
0.22729380854995576,13.10772352516577
0.21867117335942854,14.515891434902185
0.22060650618627609,14.285458110455139
0.22906178523693038,12.81942365896922
0.23297458580127217,12.77048054484387
0.2218538308482359,13.98911534604213
0.22485058764000948,13.310849464536872
0.2140811128169854,15.442111355233347
0.21897369394100716,14.313699507267039
0.2214445873535444,13.497140766123259
0.22262155469736888,14.256876163574736
0.22192907315624794,14.438140485393456
0.22433519306516628,13.586378316478203
0.22325554590134086,13.975522135947926
0.22632282433797446,13.32568384418056
0.22910701356615118,13.133320160925186
0.23003613106488022,12.85553262176729
0.21676638310750224,15.53214484783295
0.22174773144858012,14.574839903693732
0.2231895638360525,13.95811672245951
0.22650534692748908,13.604685750720837
0.22452822537476536,13.26580784917981
0.22747547015920117,13.15364856307502
0.22196806991326534,14.63486390522117
0.2168220327264514,14.930134789295511
0.22657741662818634,13.295370283235021
0.22782517416357734,12.844491233572288
0.22099756500258225,14.71321098504631
0.22273254749912919,14.336030104103003
0.22728563577701574,13.232259741952328
0.22370103019847518,13.80956594488525
0.2265207514921468,13.744706400308656
0.22445506757436742,13.430288135312843
0.22031353963031605,14.761152789787742
0.2168220327264514,14.930134789295511
0.22567322019207356,13.934209928499378
0.21957788775928777,14.147517848624519
0.22263577942204144,13.608118949363895
0.22004482447064158,14.49716318731453
0.21834784220692455,14.625602681401496
0.21982020865317858,15.237123855998215
0.22203345888868845,14.043600577190954
0.22512546440566303,13.85301594973452
0.22255541350124283,14.274842583987763
0.22135757309322363,14.263396465501952
0.223016752360158,14.52705391552367
0.23510361053042103,12.521642916939642
0.22231658860405804,13.875383648910233
0.22612426969632676,13.535671825848905
0.21760177461191782,14.896795621710343
0.22796235926574482,13.10127730248556
0.22514938207860663,13.923396265475317
0.22640031357539736,13.801746182237318
0.21754427831895146,14.861692810330908
0.22864122251885488,13.138934106767836
0.22167012169907135,14.12753614030387
0.23048164199089072,12.98640612029124
0.22048543266283144,15.305787730031135
0.22203086087629278,14.308671493692984
0.21845409420873413,15.174798820849599
0.22197443859425567,14.107285890171713
0.21934516103176813,14.356168476966623
0.22945009737735575,13.012137341443788
0.2210773245363258,13.981392699032321
0.2207877338483933,14.147248871719702
0.21693928063578632,15.778326688630164
0.2219475976329097,14.287123080292957
0.22048686931157163,13.873774387384165
0.22364011861936123,13.9674102003531
0.22413743294078967,13.859277296517622
0.21761653565225206,14.841072590454715
0.22331449891554597,13.77028294449321
0.2287472528279542,12.857472802903725
0.22334949534311477,13.730882252053235
0.21990795283175013,15.070816254213083
0.2239482795490152,13.609851387553624
0.21794668136741857,15.293605558337443
0.21958201800181365,14.89187259182453
0.22785065122872963,13.539894868688558
0.20600407158226303,17.088589683610962
0.21831334363624694,15.519198199497906
0.2267392299189153,13.655078453611509
0.2270005331518229,13.609822844293104
0.21946766047349142,15.511873033262217
0.22480861274274208,13.882084317133797
0.22705791732231664,13.52216471708084
0.22911445512572948,13.541461597118554
0.22515703265106904,13.664707205097951
0.2144961039300743,16.036010911509166
0.2249913060972844,13.273434727115736
0.22659652772884098,13.66977237845198
0.22242274249678942,13.980185182559975
0.22638047799346153,13.95799058658084
0.21966611233396283,14.541038995500948
0.22503567801317995,14.109468456872852
0.2186552815323826,14.32346595492559
0.22636940008593548,13.233682119024703
0.22192472123608759,14.318754652135773
0.22576177858000096,13.851362719982804
0.23397417849975763,12.902334083075624
0.22629390930818363,13.17477708141182
0.21948049845419698,14.716161034299652
0.21755537206638834,15.104744285738754
0.21374713345970742,16.586492023373502
0.2217615344121151,14.289024986152533
0.22816989983376382,13.302644415652273
0.2236200084376897,14.515730171011153
0.2294886432606078,13.078359709751409
0.22223657768657987,14.519080526900147
0.22884841760658212,13.0616180711565
0.22019899820971228,14.69320707776028
0.22405949183059284,13.867995158816239
0.22901880849572642,12.978031612484537
0.22369638029329403,14.246397432784008
0.21983759026081912,14.140366553092115
0.2185644591963427,14.750032606937916
0.22060873825823668,15.020287169004263
0.23021617561371524,13.30784650394841
0.22023518884150212,14.465545713167854
0.21793780064828003,14.53202539102559
0.21565329536263322,15.455199339521307
0.22657504213090876,13.662850795096107
0.2233323849325095,13.793780814912662
0.2217718991241068,13.793492604357638
0.2144358125428853,16.034353952996128
0.21860114277042023,15.066598007961883
0.22377095043544093,13.837171494678635
0.22561136189820533,13.803687282682603
0.21682183069024094,15.368203663621914
0.23198340136796236,12.919348335446392
0.21799070339183765,15.768881155470371
0.21664238389184512,14.771325321967355
0.222342591836194,14.4119051126137
0.2235864226967,13.926489446438497
0.21912039054764088,15.000529962889992
0.22458037863598906,14.123187718645728
0.2256551215130824,13.62335296387708
0.22305629303681695,13.790217027519022
0.21869695868241953,14.403611404433162
0.22575480519021657,13.994203888482257
0.22647835729862756,13.456365492684718
0.225347491218474,13.344558144793751
0.22619491275023532,13.636194256882506
0.22329498708425768,14.119424146924397
0.22597004908367524,13.511584883547181
0.21768543948374186,15.491420993835266
0.22861618905236328,12.817791106107466
0.22692971697955477,13.754020872604706
0.2219020986359277,13.7683272391808
0.2297718727022283,13.251812037311359
0.21983789686305372,14.93060517980271
0.21999254215891662,14.352210818711722
0.21819281459525716,15.16664247395899
0.21937561209950715,14.63190022683742
0.21918957849285442,14.400318145100165
0.22686296582886284,13.610659391408968
0.2231611000293013,14.376050306071582
0.2208634435241307,14.77939736205655
0.21908850385319076,15.183026112229788
0.22359324741737202,14.440884395889928
0.22353568267238408,13.951252359387025
0.21921543892105902,14.27555618384061
0.2195040985560621,14.481543933215727
0.2188452174125007,14.235579572522676
0.2278647330945158,13.38716283712654
0.22341968621504038,13.877145716274399
0.2312599850800134,13.347583217747369
0.22149808069178295,14.91370372503939
0.22796418886662775,12.782175907557335
0.22526108062025263,13.820222901339845
0.21885106583424369,14.550476983636408
0.22154401042964833,14.126606211302143
0.22156870820341104,14.408014638077988
0.2225583563106596,14.278516576611494
0.22100770307464745,14.66397634923839
0.21845803555573162,14.743143648044196
0.22245836633630717,13.813665192760308
0.22432614969766485,13.67832564832032
0.22266587886625958,14.316040308913966
0.2162141202856655,15.256338933986369
0.22988457867787382,13.079610451755238
0.22048543266283144,15.305787730031135
0.2212770982734805,14.214213200969589
0.22735657884467483,13.66366178247257
0.220878673836872,14.137058798682295
0.22667332005255963,13.578746666796908
0.21944385664350496,14.50742335468774
0.22253130215907102,13.838152292914007
0.22137360358974076,14.938169371597043
0.2156532462004239,15.019958814656505
0.21886990626818953,14.425509881059495
0.2208679432618677,14.212686423334628
0.21999275833985713,14.992980991602785
0.22578840450624615,14.004327832657193
0.21861157988165145,14.33768150455498
0.2211138161658995,14.798352325574367
0.22261503430522872,14.348907271120593
0.23099938959982277,13.59726116766806
0.22376596690573025,14.454929885803839
0.22562428192492984,13.897572993048042
0.22463077864617587,13.793316261114798
0.22690060490682473,13.445906675047855
0.2228110404063334,13.782249771902789
0.2221136401177669,13.976346789691188
0.22264024930417284,14.608597649869647
0.22367354321107777,14.20612288576859
0.22115713860701808,14.269787208370921
0.22033125293157066,14.313047680366372
0.2254008120367665,13.848011226898775
0.22889330351369272,13.679110815942288
0.2272688973713849,13.105081213739107
0.22827106726609467,13.60593701888908
0.22354630944354464,14.42835381373957
0.21891623900017435,15.137844254778527
0.2244426261326291,13.82683689129928
0.21870568255792727,15.010462436967039
0.21785274775354188,15.401095816177909
0.2221024085006956,14.033592462774667
0.22355033878862995,14.29012139407826
0.21677557327193525,14.924117020385484
0.2182985513103769,14.603514136828244
0.21942972629386973,14.50159903942241
0.21172594755151086,15.70162054247371
0.22762390304439473,13.73715364640622
0.22566717260110958,13.479516454336405
0.22656453046132774,13.412677792434073
0.22250160261291416,14.83943540365347
0.22351596730864914,14.196463382930354
0.2161880785295957,15.125252017697159
0.21724913956925215,14.947196706724329
0.2234592937900985,14.006474405276297
0.21324552046313006,16.187504046344838
0.22250124027810875,14.554130063091783
0.22842102630459676,13.389388461600314
0.2254074201510885,13.856902546611822
0.2193922234531372,14.752523498521011
0.22129829278734445,14.377759658071314
0.22743312839594954,13.793986001466042
0.22709887548142865,13.852269489595653
0.22253740217431736,14.361601430651243
0.22079622556941328,14.785380713756961
0.2208831220426322,14.31210718190326
0.22458037863598906,14.123187718645728
0.22094920480236982,13.960026049388471
0.22059472623319543,14.588591021280166
0.22041029798925227,14.375659524117431
0.2297866897757143,13.365349231992951
0.22761981277799556,13.983233313142929
0.21516615988372867,15.272622648162505
0.22747330434211918,13.37636284492791
0.2305028891698927,12.968880958810864
0.2281337484839195,12.861005499002959
0.23087081362303868,12.81308035840279
0.23130185894824673,13.063823455604737
0.22438095914160297,13.723428975526236
0.22541713952112746,13.729639150653082
0.22371865371946265,14.266038839138808
0.22291059084337445,14.395259549078867
0.2291209840486367,13.424542959943288
0.21882022594494677,14.67565002249949
0.2322807066833407,12.599668146409954
0.2242558311453031,13.893797620525982
0.21382863430774823,15.343464645396686
0.22800204361553758,13.298822740585353
0.21576398927475102,15.48341590658145
0.22657725385726116,13.937930653146317
0.22469003074751057,13.749424310129728
0.22151471457355626,14.229178998626677
0.22648841552666144,13.671632645563163
0.21326559445180088,16.38710200062871
0.2249296966706034,13.343364921810847
0.2231410451520237,14.152581300325517
0.22067165331219624,14.025928298713907
0.22460821101322842,13.560084934491003
0.22417716171415997,14.562089009450657
0.2146321855120131,15.421841466059199
0.22087677284232896,14.636578337677651
0.2170588613036479,15.411402556239823
0.22070697446985355,14.540500165145009
0.21798823435392667,15.349860819482709
0.22599164221234014,13.872458404018314
0.22673615184402088,13.831132057115108
0.21947009650464502,15.05102865809808
0.2222997655579605,14.231807473689638
0.22077641480507953,14.037456576388657
0.22205356144630117,14.439969499167171
0.22875322982362506,12.932553244831151
0.22589712373651538,13.701469571628003
0.21941016772657132,14.495071969003982
0.22760634916507722,12.939657763219465
0.22000806403420814,14.353161917004353
0.2314615016515787,12.892116395023947
0.22482859304829494,13.583194757640705
0.22242219341095082,13.845086408420721
0.21931221586208974,14.401804210626565
0.22328662894546453,13.924201793614808
0.22014210201332163,14.427906999630311
0.22257980113819792,14.50602246228415
0.2252735332964781,13.976175519235154
0.21513549494622197,15.439408085756524
0.22501777728627653,13.395621166993307
0.23063915201163923,13.188144384714501
0.22036501092613128,14.263032692497823
0.23209752682753784,12.623936587276424
0.2250012782464855,13.794588514631855
0.2234191307048858,13.603786985724486
0.213205513591182,15.663626009038486
0.22751081283158564,13.905904731195417
0.22842408346986506,13.28247038615588
0.22960867902371024,12.947030778643075
0.2248170966851923,13.95330700283887
0.219335166064735,14.584304863544249
0.21678400356179714,14.97125226341946
0.22667911602323437,13.165315781973348
0.21902943140195127,14.359525418363738
0.21649060324813968,14.78717700980933
0.22574092124127182,13.443459364179175
0.22712001317405858,12.897570812864103
0.22369175828755247,14.21734394589186
0.22492399106444863,13.02693677292546
0.22315364404625385,13.548804706877693
0.22426279596209123,13.84430801055663
0.23273397995581457,12.805171596909307
0.22114504613224645,14.46497980353343
0.2235528360142917,14.222756575762817
0.22087748532229448,14.32492888516633
0.22219119824634548,14.171498443594992
0.22602686520944723,13.622597410068387
0.21263219316152335,15.863522335300637
0.2257489113428819,13.657336705234643
0.21950688540555033,14.498468470260857
0.2232198745210045,14.093955708150238
0.23175073332704382,12.943892149798362
0.21578425509309135,15.108522191415135
0.2260840528088748,13.269869455318185
0.21437874791663192,15.244235708270374
0.22254958698567415,13.847766564534142
0.22641203679242589,13.62803690919966
0.21659860583443677,15.417324653348771
0.22209632698359402,14.456847958810176
0.22409568114574308,14.269676222321404
0.23560294658597253,12.174306609442342
0.22394369040761158,14.38061850503314
0.2181086532716736,15.198630393641684
0.22245656231044575,13.978882155815244
0.22034133733620517,14.962898279260603
0.21989631620217787,14.518283665396122
0.2279235777273123,13.666877813068842
0.22355190385478285,14.036933617328481
0.21923072051767148,14.448743693588673
0.21795560292967603,15.09920978187014
0.22094928565220917,14.610697390168385
0.2267358519797496,14.12112401789801
0.21911802607638653,14.226739126631616
0.22406333222422625,13.346305333896792
0.22214620766460785,14.643628080581802
0.22423641697673552,13.714284500429649
0.2206851670525254,14.348240075708219
0.2263496475384516,13.618575157554504
0.21978014650900038,14.693213807128167
0.2216745402547829,14.04883011750687
0.22012668450396766,14.775668132955902
0.2167536748279047,14.678050509984818
0.22050512655415713,14.008161929793063
0.22250702757263538,13.956694138447512
0.22073125978771907,14.802888134486397
0.22024259548559458,14.472522616904586
0.23247984306249367,12.972191092048492
0.22820095670127372,13.224435168845599
0.21940286801174133,14.774010240747286
0.22684257768148977,12.974701406818362
0.2167656903537133,15.034624286778289
0.21760528223475323,14.514330128231013
0.2187912754126078,15.071656556251304
0.21975432681465518,15.164244621026695
0.22576177858000096,13.851362719982804
0.21455990882113568,15.557207615033402
0.21649580431712612,15.352049836171506
0.22746060633223486,13.149485347379244
0.2207484637166678,14.567291766922267
0.21351565726275665,15.624367681294812
0.2199718141397256,14.118731705712234
0.22026200806698462,15.001637898246345
0.21591138511704766,15.777257438374024
0.21727803319098418,15.686430158581404
0.21370256210860877,15.89493176427854
0.22315499261156085,14.404612217512328
0.22219787767862226,14.657980139373604
0.2211881978745969,14.415349473399031
0.22951621692014862,13.31280345821742
0.23012819655071787,13.12885270904144
0.22444631355978076,14.101886431872378
0.22403552594161685,13.770072967832743
0.20385563728506853,17.662583811337512
0.22923312074225,12.759107177320228
0.22228597069485612,14.244626313573686
0.22590087783664237,13.490971685552758
0.22036198218120703,14.592400073791271
0.22185567718066332,14.154006208478599
0.2254547153415423,13.666170214072054
0.2186550771482049,15.262943735198606
0.21362034078016448,15.187346083990835
0.22349013047384333,13.708660905989927
0.22310727670403607,14.006929553041804
0.2176286161617898,15.048052450929445
0.22038000620023968,14.668361532802617
0.22332565588429099,14.736756941275196
0.21529569279183713,15.942912868123752
0.2142708206344162,15.719538899300721
0.22846582124684145,13.321710181739572
0.2225313238812175,13.997763183281101
0.21330603925235997,16.149380303036267
0.22389985816454636,13.765464903005736
0.22110789210367882,14.290637326894052
0.2179245885780736,15.166751038162163
0.2315532675924247,12.867942786511053
0.22050320430573292,15.171274337404471
0.21945744373870427,14.61613896298799
0.2227329851135787,14.158040736992207
0.22271051512093498,14.23147844594866
0.22116142337373115,14.146546757780023
0.21731959800867592,14.793727176054823
0.21956783933457608,15.19554403084755
0.22193857464088085,13.999174526927906
0.22413114386271582,13.965594705734919
0.23523550826273337,12.616080275634602
0.2224486998496419,13.940490533947752
0.2301812516718921,13.13746046353916
0.22529054660241943,14.395721721345472
0.22746800422730226,13.612197854522684
0.219831690764109,14.604087474208752
0.22627756244080297,13.069528325211337
0.21922252032688985,14.997920494460859
0.23262942412565846,12.260576985319654
0.217807097159188,14.794697867026516
0.22928475565722803,13.32476591461971
0.21931655046856552,15.02184186788184
0.22317195509944576,13.751668754742617
0.2167199880877615,15.168234160639301
0.2255097764921538,14.114546244577602
0.21684339574711808,15.488340058544585
0.22506683907895186,13.760568804976943
0.222182779068145,14.157835355963998
0.22986682647198337,12.858911182468223
0.22112579208113572,14.280804936553993
0.22300582458876633,13.955726106194602
0.22523527340757754,13.80170163458631
0.21956637802821594,14.730393241603535
0.22271830445658425,13.905322503061067
0.21340794224227808,15.232438386989033
0.21804151232537672,15.432511213510761
0.2181264213514145,14.966360818992113
0.21927028856763442,15.332371878368445
0.2231975661919322,14.67704791438866
0.22067279187233504,14.764931601059702
0.2189812520712729,14.546160287981142
0.22722582185143433,14.087851313182142
0.22341208675525737,13.940900861085241
0.21996904919834434,15.078857007004121
0.22015736041506515,14.05377203653322
0.22657360988131958,13.252881705385477
0.2210434782416162,14.650441604645321
0.21854987917697324,14.940978644627798
0.2286078043779834,12.676784475874143
0.2153972962058257,15.077923642552197
0.2277666341057387,13.148179195532073
0.22317299664268592,14.340375841342809
0.22190013103586884,14.292108362526387
0.21990072359488128,14.73487258735167
0.2197226867233926,14.860495908560885
0.22414031948212404,14.221769494293055
0.2256570158800536,13.724609581558791
0.23464678233747982,12.773677935474552
0.22407342828101867,13.617237519601032
0.22360869437508613,13.565274275591623
0.2263568539124428,13.730334892556241
0.22243437435989474,14.533407948225669
0.22467979028897087,13.684208190836923
0.22233073299302827,14.508331914846769
0.22335270068041002,14.390791016554592
0.21725876144693673,14.935173546356765
0.22414963864972148,13.837739794941038
0.22255201321700538,14.242648112836232
0.22692831678865932,13.388834732512356
0.2281347324908512,12.979420852695307
0.23399285309209758,12.845042425971402
0.23163445204236316,12.737590582211674
0.2303233080596909,12.947190919130815
0.22055362628909575,14.156102226184728
0.22616397567374105,13.73756021831993
0.23386229153050647,12.468228478058327
0.2237399807051163,14.24295631921271
0.22794085033368858,13.806142794951526
0.21120409140637755,17.286468027258138
0.21674880152146367,14.934416202651947
0.22622772276277178,13.338503774750652
0.23202331567477508,12.806991516009264
0.21426147287093883,16.452900856636244
0.2238229137184875,13.86199547459708
0.22293504397164596,13.406471257938193
0.22052810166432835,14.403368707503612
0.2224495775268217,13.980313482768933
0.21131564210404702,16.539007947656636
0.22658651650067183,13.637292212659418
0.22763530575907093,13.50074266959794
0.22542422127987674,13.98973824181174
0.22183961266686686,13.914073253919664
0.21155974663162208,15.939216168100415
0.2303621331155961,13.453944395892693
0.2260929202468707,13.631553461693224
0.22383576229553406,13.610154769421609
0.2329705768156739,12.517644655052758
0.23054978061561632,13.472257125728307
0.2249697630804154,13.940580508471896
0.2262934091175482,13.36523650201952
0.2174145403441588,15.01944126809202
0.21943086731292163,14.830034226661759
0.22753426145881456,13.419692948636122
0.21882663930037677,15.029000117098587
0.2251392011983601,13.525769208781897
0.21752181446665736,15.787894177125278
0.22483186500438107,13.869009505113146
0.23129094216952426,12.880243880090374
0.22074390637179572,14.478777565482186
0.23051832938289538,13.02478090697161
0.23147365508550244,12.45066364435428
0.21912471294093194,14.64657945985873
0.2218265329602057,14.169040679995813
0.21826466181376586,14.935165555167094
0.22660255717033892,13.618825098452357
0.21735068786445394,14.605929133376133
0.22645188087409657,13.17655392466452
0.23032849727500215,13.370604671679251
0.22258159454941726,13.753379500020937
0.2291512707635837,13.158390350622382
0.223822970221785,13.826965431543027
0.22138353093642146,13.844850287102583
0.22234856964016791,14.000692717854676
0.22254058024384094,13.933057792441604
0.22116037186597998,14.209669839919062
0.21259623080191198,16.4419989133724
0.23257761786769268,12.995101713513531
0.21759611869563128,14.986984093395307
0.2246989430333193,13.366945283288102
0.21989018168499216,14.871243506890533
0.22621742095567524,13.754763875544242
0.2190132509293246,14.603350243873741
0.22775414196114427,13.289966013509744
0.22151906472555186,14.83844642434512
0.2171683750303267,15.213911171064881
0.217551183758926,14.776220923381263
0.2240291226741221,13.92535827272474
0.2192764865232225,14.737454781542946
0.22491940478171835,13.673378059112867
0.2209608753584242,14.18397831781457
0.23096832195393152,12.842695722701192
0.2279007184058994,13.200324384463979
0.22380503025581291,13.840913307452036
0.21977971803910887,14.897597869220258
0.21926037880397367,14.751721984484174
0.22722887894307459,13.329014412944463
0.22268396510476637,13.7826645358982
0.22129588085304733,14.196619082790784
0.22567928169968363,13.43824210459603
0.22760634916507722,12.939657763219465
0.2276553316394716,13.065565820360572
0.2223727599351017,14.82063627234045
0.22129196658459394,14.095936969455575
0.21830859712681935,14.493409310191936
0.22779857057894437,13.193973068981633
0.22017896422221575,14.633337568993937
0.22212431159868665,14.735920521252522
0.22976899183951846,12.915087671728266
0.22105108760605818,14.86824549800756
0.22628857914798556,13.852147509775913
0.22190958431206875,15.281545081846375
0.2175006961183898,15.19981249072544
0.22105206623580417,14.241173651877958
0.22108842399013023,13.963450390549447
0.22980918534997624,13.301800505531872
0.22071515696049596,14.509522451743642
0.22505915782071156,13.290576809236528
0.22655207582180875,13.76383192106456
0.22092929236786724,14.352192113143566
0.2268436917913725,13.39811515396556
0.21830547642748194,14.608604392921055
0.23345389908014433,12.315160194016446
0.21829725710925318,14.292717415388843
0.22043643879806296,14.345957119740916
0.22530380112057363,13.644048947828805
0.2230418662369978,14.38203931689388
0.2285854817413746,13.036539715054074
0.22689016391871525,13.562911122894072
0.21820496141055096,14.866746742082821
0.2187799547005873,14.569880493964485
0.2223224986803402,13.93814135007328
0.22831521027356413,12.87074979861025
0.22300896540680606,14.3142009525619
0.22502234021775405,13.4600253666742
0.2250564826581962,14.258412688330894
0.2137848556167312,16.0123565994416
0.2210117984873844,14.266648232707137
0.22396513756304218,14.516799511021022
0.2181168827487291,14.867863006943761
0.21864029445473157,15.339111525850758
0.22974748857910088,13.052396385265364
0.21443385137905654,15.330826019763482
0.21539856069067367,14.96943414664182
0.2133346216979134,15.301732602217589
0.2239962573978,13.834988686782088
0.22917391510273624,12.88954490179746
0.22825714055797924,13.313837260681154
0.22067778673110655,14.137529231010637
0.22410443177795342,13.844953180775763
0.2234727168000329,13.802996348781829
0.2194121204815252,14.74268119760568
0.2228731891402093,14.071705720846962
0.22134632175923405,14.2725799609318
0.2216957487218797,13.75299799936151
0.21441601904163668,15.683417141724917
0.21974299663896796,14.785961951692066
0.22658827928290157,13.737217386008146
0.22518176253703875,13.709107836874898
0.22295951482234797,14.887686719144147
0.21599805833669058,15.333132388679635
0.22668978416035218,13.279708215481529
0.21115348347577606,16.014402510732587
0.22021111301018026,14.489719924828416
0.22328034416772724,14.139707930838211
0.22841659462759145,13.175192341382317
0.2200517717045783,14.532599710047213
0.22235358132119062,13.839107033542946
0.22643328892550063,13.6333083151135
0.2177671143528799,15.02726255665672
0.22068391887545502,14.262426828781742
0.23030751659472318,12.816075439311934
0.2295095048766739,13.359143727890256
0.22447377304969413,13.440646824711306
0.2272692879060672,13.378632369951735
0.2254969151934357,13.617926274044834
0.22923435381446855,12.747234221823584
0.21582407751891602,15.463611239583326
0.22336715904443943,14.18103296798518
0.22842752225266905,13.241044546339806
0.22145024629619825,13.969947172773372
0.21637480237674975,15.673202633538875
0.22082610349461718,14.746145985065956
0.22007644349230027,14.390895520817255
0.2138357897351801,15.872445720991822
0.22168679388093568,14.29329545729895
0.22309581215547442,14.246572679206027
0.21830547642748194,14.608604392921055
0.2216581002193808,14.269318282635487
0.22711694105458372,13.597278945406908
0.22833540243282216,13.76228728579545
0.2299296107324693,12.833145196910147
0.22511626532661033,13.744842427403922
0.22544058408759332,13.674207905078712
0.22697835469962602,13.617157939810836
0.22331865881194377,13.782010280691534
0.2242603005858789,14.054065232506282
0.22349485355783874,14.994844693145119
0.21837460104819448,14.730439561833743
0.2203258534059937,14.2955417119521
0.2221268628850767,13.940839494377668
0.2211848272369219,14.048831337674677
0.2211558072068453,13.981597670046291
0.2199789986936413,14.980700315193571
0.2309883048143152,13.665846447057504
0.21759908684029908,15.3550017503733
0.2175089416734602,15.257583983210372
0.21972896902139938,14.495026140093298
0.22184431245906636,14.33140125049384
0.21592687352567047,15.135100821154591
0.22521757334519943,13.954153084606983
0.20513505965686277,16.340939152554924
0.2249529988202268,13.367013780439356
0.2245428136018885,13.948848437624758
0.22226826744275138,14.147383836851322
0.22237060305647643,13.47588709508683
0.21872138221079027,14.793189962660284
0.22666620507306323,13.289543116068417
0.22415073851022577,13.511375637770469
0.21408988637845533,15.447394517335038
0.22414118818322346,14.011380332944807
0.21887822958529748,14.955344096429227
0.22521503532765696,13.728946493822486
0.22001503723416033,14.840885819114352
0.2200583294063453,14.624990266640866
0.2207441523594316,14.642827219626993
0.21836386421010834,15.052713757969741
0.2245903447559681,13.455677022348395
0.22432311426774265,14.047380720708325
0.2214731527017336,14.455760462878127
0.2221972594637436,14.231696245081142
0.2242778304034118,13.706466526966272
0.22706629368025494,13.21362673610578
0.2214708798400957,14.9252973887636
0.220730901729779,14.504375870861569
0.23044122046087714,12.771725713730682
0.22808283277908664,13.13212827433614
0.2255927148155335,13.425125369895559
0.22335667628027894,14.45059419815724
0.22395173359334353,14.059925981562811
0.21984854626855743,14.707185464164711
0.21865026918687544,14.687135524779814
0.2180711710885841,14.245523412423177
0.2239862974639762,14.070380026584594
0.22043713365711784,14.585743721288068
0.22557180872213076,13.73791581613856
0.22539858310680366,13.485675623489163
0.2209281064887809,14.604695953334454
0.2192928975166928,14.424389989810015
0.22217322905446352,14.00369464538403
0.21853938892347813,14.241235225831513
0.22181540773413777,14.543198906061154
0.21523387188064808,15.725469702702492
0.226615561753696,14.23641075262248
0.224864361899127,13.526954906498954
0.2169408246873241,14.8075359013496
0.21283069784078956,15.902470308335852
0.22115928278001246,14.334799705462675
0.2328733776470205,12.615796552777283
0.20739387304515947,17.833448502166775
0.22036646030695337,14.530913167218577
0.2292722932880367,13.186617385659146
0.2260409640155533,13.448448531317066
0.22553575154248787,14.097570195652557
0.2122829300054303,16.06994160367342
0.2231289290583943,14.131987957836282
0.2151297084347674,15.74073963529493
0.22273603514205104,14.277727888127316
0.23622844366027962,12.629377545204745
0.2213793196708663,14.680651431976612
0.21870766214554252,14.285494356511823
0.22286054034497021,14.080036779916346
0.2245962929932935,13.407394880857774
0.21638903942967178,15.468013895401999
0.22510482940312734,13.534847427827328
0.20415846273995672,17.81594294081047
0.22348567726595486,13.77564107683049
0.23168338133508484,12.70922912698412
0.221568854497812,15.07788487214416
0.2261365351977879,13.49780169360575
0.23111314405534197,12.565431228905767
0.21955652729142294,14.412130382834157
0.21889967637548252,14.532659977448413
0.23117246085202175,12.853408986094195
0.2221775489188051,14.796619353414318
0.22847092538981761,13.088748494180676
0.22506570412506494,13.84386365271754
0.2142399950167017,16.51226633844163
0.2208173037750886,14.10057088824559
0.21598229887060255,14.697812914371688
0.22564708348260665,13.775522400038978
0.21758903523501416,15.098906186492615
0.21785078700785235,14.967146714824358
0.22087748532229448,14.32492888516633
0.22110059202497206,13.874316686920611
0.2193959789860373,15.279960585819774
0.22854378180316595,13.112443209098728
0.22055443845419237,15.058437166946284
0.22340324600963474,14.192970656516955
0.22400204088637093,13.83756213175469
0.21920367970693297,14.572723257544565
0.22713522137000217,13.797890478740955
0.21665154138726295,15.406791422441538
0.20882852207672217,16.661425942143964
0.23185852060796455,12.925527063348646
0.22726246123634086,13.693345590561337
0.22165865137225696,14.172387302805866
0.22680137275125756,13.211023008577078
0.2255082158893317,13.475532301244241
0.2272700438942351,13.159232079747412
0.22193404412718354,13.881538574146543
0.2272700438942351,13.159232079747412
0.22236337645017515,14.783629450639456
0.22589861752791282,13.937563199493129
0.2177882897542721,13.963957250050738
0.2247982833629576,13.513956066198894
0.2106354310506779,15.571386950837299
0.22467509300640884,13.971191202602315
0.22451116045307531,13.630048838783905
0.22889007114282922,13.247477848446383
0.22585145241414423,13.694553046475734
0.2249524843304081,13.526595095386478
0.2207737608265908,14.135259089718138
0.22421043994951093,14.229247820496068
0.22886576154536234,13.361409702741508
0.2224564616229688,14.266029335896546
0.224065633830181,13.171854206667255
0.2164897170241334,14.844147761303791
0.2261548495333558,13.33120705260348
0.22106442955607045,14.278413757026293
0.2141823533289138,15.933206469036033
0.22480273224500175,14.157960964656867
0.2241121975965253,14.004017221510663
0.21915175160189948,14.809488060644878
0.21986000457595223,14.09720538389341
0.22298162871338303,13.8097851790494
0.22035443595159188,14.10175165308174
0.21565383799103988,15.360356281632251
0.2250570836015976,14.23941822333272
0.22318286875831053,13.611695435006155
0.221003163422755,14.41834674063269
0.21651424207955794,15.409854206980707
0.2139038232010972,16.403621509932716
0.21877376674420138,14.391764667144944
0.21740031819595945,14.695195248827778
0.2222342034377654,14.560239052524063
0.22506176432681865,13.788223090748989
0.2194797089614719,14.837286529506846
0.22401014333485025,14.185588125523783
0.22348021639582807,14.086710594666739
0.22533599096693807,13.733699725673421
0.218133335172833,14.90728074506312
0.2230388577100395,13.993690252322644
0.2238501689596695,14.334624863996007
0.21338754196074342,16.303419653947657
0.22581371699232303,13.313191405596317
0.22071273390692767,14.197985717066526
0.2304963706305931,13.37569921394873
0.2261497814151154,13.464811525444675
0.22183348491531926,14.493631840957352
0.2204111074120488,14.710132333702832
0.2230311620850488,14.123932514611685
0.2223604629302429,14.560993790852702
0.22107171385866642,14.10082701949927
0.21735200339702748,15.215290664769554
0.2249388911280461,13.449062963452594
0.21991315475075796,14.445274109161987
0.22241001633742538,14.489518607070893
0.2238368745610917,13.867333359627994
0.21717310262128106,15.087751923864367
0.22820881105222957,13.396301459069882
0.21201523001268333,16.344330986496733
0.21846615533719643,14.897995634080512
0.2234954833306244,13.850401405882286
0.2255567380060151,13.783961069566756
0.22578761273475328,13.767275277671693
0.22334774430802856,13.622524405499579
0.22317049809644185,14.399357163629919
0.2228469624458377,14.458341585617562
0.22094751141460087,14.57501553175282
0.2227149209561856,14.103632598017096
0.2242538083178359,13.800498930697323
0.22668634703728832,13.565392421106052
0.21800892043506273,15.15075321593562
0.22314828111198648,13.884456918386503
0.21916337246509027,14.61197939845923
0.21365525772191807,15.611610334908423
0.22449588574645313,14.521735311390616
0.22237115118624282,13.988782060853088
0.22218059844791793,14.855555155729325
0.2244974569006547,14.07768448793843
0.22180835548263883,13.857634132742733
0.2235082552441286,14.224188832167489
0.2288618124252973,12.891120202319875
0.23433436972689414,12.212630852028061
0.2199415579623328,14.700367781498574
0.22413380370902425,13.548909179875393
0.22122309019888564,14.414608482495941
0.23415547070459508,12.401926263635017
0.2318191586244252,12.444617078613163
0.23255098560567722,12.684258655448357
0.22607909265598142,13.344699548471867
0.22501960824331643,13.642359077813751
0.21611555709571195,14.657441764086439
0.22348992514214566,14.61853765155207
0.22615661544600857,13.565325031563294
0.21960848297306837,14.493323543988927
0.21698852656599402,15.350013009190684
0.2221395630890034,13.929275908549752
0.22803240217472603,13.015652716572648
0.2245139476951915,13.762311826945124
0.22631111529694026,13.801585916998654
0.22412601597207854,13.997621683139434
0.21604588989114115,15.045766145406438
0.22320147898940657,14.401159541021393
0.21932985949730796,15.041927877092473
0.2217190898366895,14.55065184335972
0.22014933683658594,14.652925386514896
0.2184806851470968,14.692152093686483
0.22143555660883285,14.417783339572315
0.22102758574335685,13.462803494156965
0.2201136773482086,14.86282162650865
0.22100868334372906,14.03823385735434
0.23029071961268285,12.979489275821665
0.21190633470399478,16.557955523942994
0.21944653065774725,14.40058364918048
0.21836114756258737,14.263697940704327
0.22071013391085825,14.514860087216425
0.22117062422690995,14.446201905300804
0.22433431333356313,13.914847200067548
0.22701312259379658,13.65824482100169
0.21998926260504845,14.461142224469992
0.21790494047775177,14.791255746812338
0.22309463696097503,13.549894702531985
0.23084726200972744,12.99933577326311
0.22166649778028702,14.95670050562645
0.22017337563413142,14.566824087391156
0.2186211919483199,14.850439493535276
0.22463181338296984,13.768351525123377
0.22151444721882818,13.334752038087808
0.22693294332742533,13.440820674636818
0.22249774876054218,14.24825657282901
0.2240284090300394,13.912912061839279
0.21882057898396506,14.603791546152948
0.2278529583878191,13.043300882178187
0.22398508519781496,14.005560185874305
0.21873373239488642,15.58138081875334
0.228768335902989,13.273566214121331
0.21846465190688694,15.145428604510668
0.22077231672528533,14.74988368839416
0.2204170598936584,13.90167390442684
0.22285157363327812,14.480603660126484
0.22521700285608065,13.740242988098336
0.2165840958957743,15.013706693277335
0.21727684938732109,15.118394478053752
0.21409753168520307,16.27417518113987
0.21844181042431896,15.529874177950038
0.2215753884350909,14.577169144957386
0.23007580525790658,12.748061474015236
0.216905559809385,14.880740763707909
0.22287677600326827,14.09052486724565
0.22458050745730684,13.543718871993496
0.22357456321139776,14.033475456715559
0.21753665602035188,15.296041666309005
0.2150980145211979,15.188872815828349
0.22015023833905256,14.523275794996232
0.22754810161628586,13.466101491598357
0.22468471847250596,14.271285851988903
0.22254123933652903,13.788744459303187
0.22181303413199502,14.748487634909232
0.22249127112372527,13.848561615680268
0.22054614469505737,14.445929095449907
0.21896871093043505,14.082988502773318
0.21970683156341847,14.550818907082931
0.22141677930970663,14.501574457922542
0.2181989466011051,15.197033446210414
0.2165222375006726,15.729156571015832
0.22075170731191915,14.372896439812926
0.22131959887654998,14.218326212134581
0.22404740364094333,14.185698870637264
0.21456069156563937,15.47718443475585
0.21864821051370106,14.865820976958414
0.22535162830702307,13.798438775168473
0.22203580695970043,14.091954780225906
0.2215139093614941,14.356706964591211
0.22441691967644561,13.557861931799508
0.22358171977634986,14.16255220387613
0.2185468300545126,14.4587704549576
0.22037291643273704,14.57597236940448
0.221501018783362,14.27504661047235
0.2224175736224679,14.631124578397767
0.21559877967858151,15.511825989420037
0.22168320240862313,14.062241097027242
0.22547976554195004,14.239014231419798
0.22272163472680528,14.541602321716288
0.2270489737252895,13.68007449329946
0.21736931794657566,15.119288503860806
0.2222626541161687,14.06684342759389
0.21762530406445332,15.502481735949285
0.21947912856739918,15.22939607987776
0.22190738852099437,14.328248559034307
0.21800048542053735,15.070312114996295
0.22754399349801316,13.630902471201217
0.22864452631977206,13.099881181804609
0.22824861501011798,13.213276310260488
0.23032849727500215,13.370604671679251
0.21870259136314052,15.019681718078433
0.22724524913271354,13.195080665255022
0.22330960404372885,14.468169312073249
0.21410205752886752,15.718896910627532
0.21465080935992373,15.020250121577384
0.22157264168174082,14.639910246384776
0.22205172645256435,14.03143283589297
0.2180665229237911,14.197098388481297
0.23327334575751638,12.730891668921176
0.22753943138260274,13.147774634657162
0.22232801149788267,13.521327211422602
0.22243495762442672,13.70131319294969
0.21988119765193556,14.007608012617315
0.22626038816729935,13.241986657695143
0.22065033321760397,15.022729559875943
0.22251257774042457,13.895338073613802
0.22049637948816825,14.923922366228135
0.21853687380212716,14.777497809195234
0.22708197667017815,13.198839578643456
0.22625141012284788,13.549661901738142
0.2244508631968771,13.686131459265322
0.23397034341162518,12.316139135776684
0.2246811657088858,13.941274284345385
0.22070630043634656,14.725282682110434
0.23070259766707824,13.443567218903219
0.21855573105119908,15.024098334873456
0.22393101256393497,13.59186426620547
0.22098679555165082,14.365309811857735
0.21796430464521996,14.69401850276954
0.22427769715555895,13.815035380692104
0.2215187609267145,14.590596226127028
0.2201001703454447,14.75252041220193
0.22422818198386488,13.608980055775294
0.22710664031912473,13.245559817956153
0.22419420906851004,13.682630338656068
0.22224164553980952,14.358743642552254
0.2287597005714464,13.259510089398963
0.22473904097142924,14.269662379161861
0.21528546598496034,15.837078638272475
0.22279457703652036,14.30985071035364
0.2279892311733857,13.048713085100074
0.2264310071339812,13.503381616956915
0.22352729428946744,14.560047410372878
0.21990072359488128,14.73487258735167
0.23063439726355453,12.816834355099399
0.22542836084469486,13.732901146242941
0.21713487481118413,15.833235303053316
0.22267335181699063,14.344083073819373
0.2140137913538301,15.743794301309203
0.21880544963478932,14.68391830280811
0.21907205725053266,14.952993330899
0.22214712896950237,13.934169563912734
0.2238285876214076,13.843716676775887
0.22428132900231285,13.566843736991055
0.22193845303977833,14.460662599312966
0.2288233140724664,12.924769873284845
0.21564379027089411,15.877269101833496
0.2231282376174185,14.102836731813184
0.2221085730656803,14.444067931475884
0.22837217795321363,12.899578909424267
0.22847940762932253,13.397477237583075
0.21384429753296907,15.823211894117673
0.22261921146010086,14.660453987345175
0.22756365332736062,13.184341590574345
0.2247495352165673,13.727849832346934
0.22505228698278268,13.587775759626457
0.22000323034229763,14.25457284819757
0.2283150912944753,13.309511292811646
0.2247295488727811,13.93648117767224
0.21630002140444832,14.824375381495848
0.23336476086264213,12.66491289498368
0.22183787942199654,14.28661232018101
0.2224607164474457,13.704591985071387
0.2261080310007062,13.195717518591946
0.22211951630394736,14.521889671089502
0.23393181170688565,13.053106982809622
0.22293129226051311,14.352932269343942
0.21985196293810197,14.738776060748497
0.22117104217897823,14.610974565761346
0.2316909132732518,13.369999205647694
0.2293110715377495,13.342983371894762
0.22819313457884388,13.538823617847106
0.21711944166447547,15.092120224579723
0.2250365737440296,13.523783435091833
0.2184455900017694,14.635532319595104
0.2192542515327934,15.584219498395079
0.21926844363276737,14.911661357346757
0.2179223729133743,14.72163081409683
0.23025859877311247,13.157258912728578
0.22282349741035093,14.025391747729735
0.21455310972707586,15.647211502465447
0.22723372312780987,13.335360665614415
0.22653004473052493,13.53094115557931
0.22571133978740643,13.686995314369474
0.21974257433841912,14.213660338909522
0.22276144965342967,14.051161595137545
0.22689966331015984,13.265257627849865
0.22050171826895498,14.12467006214119
0.2294668633318327,13.419301922631663
0.21948049845419698,14.716161034299652
0.22361182973574067,14.114568669290067
0.2135524381279712,15.671102461119053
0.22394499349028502,13.602920659839189
0.22651006049648525,14.253992425998806
0.22627792746035438,13.562384689556449
0.214039206816823,16.029975227167576
0.22076855589005712,14.419530883271669
0.2177933199188194,15.361940495449321
0.21820763354168352,15.095426418445197
0.2294199425075968,13.040857925935809
0.22513656444685748,13.411939128704384
0.22563214997939512,13.415520882650787
0.22798277081196544,13.808798821138208
0.22246691805951693,14.202468591174553
0.22283644015144055,13.797150649317434
0.21963305045454462,14.65240109652075
0.21661941937941895,15.355369352497394
0.22334567476436756,13.983816621192604
0.21797746188313097,14.393645270900263
0.22197602091508514,14.191691502284797
0.22651072441196296,13.693010271099677
0.2227857627419244,14.046124768856592
0.2233774456312511,14.039448432948635
0.22968497661357778,13.274974526831857
0.2150574172960446,15.589552381009996
0.2230237399794533,14.71641460982047
0.21736307686998282,14.977475244807838
0.22489634882279924,14.17240675366476
0.22510297693196002,13.805292262902855
0.22684691713857286,12.824513413045826
0.22296506034406866,14.12180304189969
0.2246081494771356,13.944486525198085
0.21633002068780405,15.967794118110593
0.22383586212126946,14.49248607108876
0.2215794833337047,14.193687185019957
0.21941502834436338,14.183124523240838
0.22061264585272952,14.985149084744723
0.2223591780952663,13.663168326574619
0.2234127020196503,13.944890908684986
0.22130031640115266,14.470673894936446
0.21906612344722498,14.664535758659806
0.2230016304174556,14.048070267609942
0.21498591701026634,15.480654733777653
0.2246107586301823,13.446382457675432
0.22588076903883803,13.768713227924916
0.220538968358805,14.895542155177107
0.22778187302579345,13.227678959300212
0.21792758560912395,15.325095443993714
0.2169429415737177,15.991640964865208
0.2163968029475653,15.392633457840821
0.21734786784374702,15.0873174074956
0.21480820294576375,15.29632109196425
0.2205961567578755,14.272822140061741
0.229875431240355,13.138593830321897
0.21413449202812315,15.179476841440493
0.22461165989534987,13.961651437729573
0.222018473557465,14.932316427469743
0.21690599073408043,15.21816800678861
0.22226649556583616,14.207204766662745
0.2269989472348813,13.883379058394684
0.21793780064828003,14.53202539102559
0.21751359769175987,14.941869503841295
0.2214166203537128,14.498554591158355
0.22330637011973117,13.762934661248114
0.2236239478871182,13.69855047631872
0.22882952460079176,13.145645811614934
0.22293272172749717,14.45292213274323
0.21788143698622242,14.765135700834602
0.22070380954901073,14.341650075066985
0.2210039269645163,14.691992518916956
0.2284587631154081,13.129762559062483
0.2174642889518259,15.091030318638381
0.22496249005442212,13.383627119646011
0.2226381233691848,14.53634857413055
0.21597744694868484,15.005506983226795
0.22345850092296812,14.215395215405557
0.23262962701715684,12.972184880535586
0.2240467949683057,13.898841110988105
0.22001503723416033,14.840885819114352
0.21918890605579153,15.108064837907186
0.21387417564311892,16.04669223206685
0.21656880258602865,15.224584584093186
0.22171548828343765,14.774618265782058
0.23404675549512313,12.518054399262414
0.22047222110941342,14.470291369538439
0.2258272686577226,14.039248247576289
0.21979345282968885,14.828495562761995
0.22517152989654282,13.765945257780617
0.21779659448402186,14.748903424114186
0.22506466207079429,13.521288786520651
0.218778360102511,14.949135720104252
0.21500694978976603,15.711649858391372
0.2224625308646363,13.650011896398135
0.21509532181979954,15.73976318393649
0.22517781681469648,13.501194591122559
0.2211566819928042,13.859322798686641
0.22123197353331414,14.052631731640377
0.22693488325174493,13.252106624376378
0.22783361367504074,13.315339335515526
0.21669576316690714,15.173891554050408
0.2247357560859104,13.431731316014442
0.21622305248424842,15.233181417895363
0.21526306845770599,15.621152185891987
0.23054978061561632,13.472257125728307
0.22259454381316868,14.183440879167295
0.21655443160174995,15.016638757522376
0.21666575657780804,15.286622142163127
0.2286426557962455,13.094639007632956
0.2156841436328823,14.942312901136969
0.2192603044454205,14.75899680477228
0.2205391032196616,14.31425793753568
0.22356746637528718,14.523179300492817
0.22488453469886216,14.456179839718821
0.22841054234978106,13.161870473420471
0.22743405792585367,12.767925712089406
0.2160510614250422,15.080961135914073
0.22539954397743545,14.003778721640483
0.23527319124941648,12.522816622985552
0.23262962701715684,12.972184880535586
0.22430633678931186,13.693717905207363
0.2175568446283832,15.080210417763594
0.21922496629288243,15.212289388529701
0.21970652598001109,15.081416775240797
0.21910133413557514,14.778091831085806
0.21408294066410596,16.691422639624726
0.2255832525915549,13.60501114898302
0.22813993048160233,13.529262268405155
0.22519822945821028,13.648022782048496
0.2265048051166063,13.537728778786628
0.21989631620217787,14.518283665396122
0.22462814180118987,14.224177415218342
0.22615347480880615,13.971099950873844
0.22375688211988534,14.206358959426618
0.22064821350988334,14.240111036443798
0.22461554531738168,13.725753856300969
0.22338426105521625,13.980990301183192
0.21981548847846527,14.422787155755461
0.22018740534665626,14.523488242416528
0.2233152292827279,13.661866423438028
0.22442444418206223,13.202004738951253
0.22109839417009094,14.33958267327696
0.21862507519066593,14.603202870766449
0.2218959862307738,14.278646922102856
0.2184278286949892,15.44111319891394
0.22008678740239546,14.377749024692342
0.2174175229628053,14.700698452799653
0.2246297549723896,14.005120995907054
0.2132092558209106,16.1960390345715
0.2232507261038548,13.936321069265045
0.22531194143090214,13.710757882448585
0.22231918725006442,13.756500312496508
0.2257171360158606,13.623078378001624
0.22773622170453955,13.785185691420393
0.21500651640647805,15.222008170141347
0.22913485853903215,13.28026236558316
0.2207245501126274,14.505230101547129
0.22670915849355258,13.306468148270087
0.2313670402387543,12.636743312203457
0.23087753843411132,13.175682676526014
0.21944401992893126,14.390199891724018
0.2260479219976426,13.315295270224759
0.220752631339463,14.739743616264397
0.22130930675120147,14.80130928002344
0.21289054716338127,15.936398970833274
0.22154280110135408,14.417112703130703
0.22535162830702307,13.798438775168473
0.21973026324175163,15.383918613369575
0.22806976298546822,13.566333392056334
0.22462787921243133,13.63086705502124
0.21705759718512774,15.501850676779755
0.2195604563756522,14.937675039693376
0.21915705838361932,15.089821350740243
0.2180922558401221,14.981161689110243
0.22604312470768892,13.320469547832502
0.23626166341906873,12.506055018529612
0.2197235452669837,14.203406453667283
0.22263718064593366,13.951372989157203
0.2109127105048641,16.47208929075171
0.22220058582119456,14.224978037469793
0.23170082277112433,12.651491788902236
0.22951337498141278,13.531371693949659
0.22648365123705616,14.01837102122149
0.2263800586489542,13.409046867814512
0.22326750170029916,13.819546212542514
0.21832904067185846,15.143979210768286
0.22736497070186779,13.143021261821506
0.22676729187820033,13.33436685870227
0.22010382891118283,14.57290178436913
0.22391686314515333,14.171437512744676
0.22240490566098128,14.288804126129639
0.21376572305673433,15.578435558202457
0.22217322905446352,14.00369464538403
0.22538188305317727,13.556471344853287
0.22250671506974007,14.996911057278426
0.21687179217380487,14.853992030183507
0.22310265741019214,13.811612310316475
0.22233701146057622,14.425969888946893
0.2312251722431535,13.253107114451234
0.22749905887011834,13.568542228727589
0.22510871136343358,13.464645120428045
0.2330615780381437,12.523973558833323
0.21457458283462397,15.645254479682123
0.2225937768724801,14.215096901011803
0.22307587669074042,13.777086599154616
0.21465080935992373,15.020250121577384
0.2298193347848254,13.30094894663939
0.22163399519814853,14.258423714100818
0.22608583055973674,13.599938353386781
0.21814998882356207,15.2839883816578
0.22253984381093483,14.281197367349947
0.22120919452807036,14.478851945548795
0.21598847111335026,15.663467678112983
0.213139353574804,16.53351618107771
0.22335702499523563,14.172147618197737
0.2294612143310484,13.743386152074478
0.2164036237283495,14.877644935426368
0.22636678185713088,13.51563954631016
0.224126644811986,14.110599582377484
0.22049931749985519,14.602485218531815
0.2181411655879856,14.45819703271896
0.2268155680731559,13.695815041028531
0.22252655000235327,14.509942721219524
0.21814565225019383,14.783610286611513
0.2234026243883592,13.838955740531972
0.21754632330779525,14.702918558901278
0.21866555822532247,14.794997883001276
0.21727496952549136,15.0928588367573
0.21650898172517977,15.38310560811773
0.22463854025101715,13.821553613270732
0.2133374407651796,16.469135499373174
0.2217615344121151,14.289024986152533
0.237639574482635,12.443810498453551
0.21635335224175506,14.588831687462664
0.23414535149307078,12.411706864337246
0.22102346938674078,14.789141341301018
0.22289269206594628,14.03109484457547
0.22025828159415786,14.490589132970692
0.2194509096093725,14.893932122015997
0.21549080607353457,15.31317975005279
0.2180552150648441,15.07115726410668
0.2220024295620796,13.904389315966302
0.21945267253859582,14.439511790193235
0.21319574294590013,15.776680845433953
0.22228416075816004,14.291734784849147
0.2214568773445964,14.160763646167393
0.2243893935867252,13.253383571256425
0.21259625291282963,15.781089747096306
0.21914059649251147,14.272316183518072
0.22236337645017515,14.783629450639456
0.22624430252345903,13.325564833562613
0.22194946811026844,14.668907250265978
0.21630494820886706,15.364322487458901
0.22100941327322374,14.359701321789382
0.23145344969887274,12.962311340331809
0.227219091157738,13.421721909129202
0.22418955923882383,14.118551032706558
0.22787936488621047,13.449713427068877
0.2216984954032182,14.155113855729125
0.21808140596206355,14.90886155829434
0.22311119835350487,14.003493821990196
0.22461956469581204,14.157768409531426
0.22169861817057188,14.982673344162038
0.22140225414668707,13.929122958657512
0.2243472775352799,14.335836101891552
0.22659652772884098,13.66977237845198
0.2279337054264385,13.867511570042033
0.2264865779811643,13.758972303235778
0.22562932156193224,13.754941541397088
0.2239955380690034,13.719194954027781
0.21938960599930074,15.129212150400022
0.22288507971563187,13.950556422229504
0.2228806043547595,13.908095280400095
0.22496927732217817,13.792802925309648
0.23378414855570553,12.850553545893938
0.22867165976565573,13.46144064507793
0.21787870273569498,15.295041683332506
0.22145745479994722,14.220454942603938
0.22151139671505132,14.313815616311354
0.2272987385572128,13.613208845133634
0.22225355465244193,14.537624389343083
0.2276456701548755,13.186377932248988
0.22544414767083093,13.494345552299071
0.22470386488777544,13.578041289190539
0.21877281507642998,14.29710043542962
0.22362274778421865,14.170103204255117
0.2218921909442712,14.322790870651525
0.2215499921269931,14.518027234124283
0.22590017939804197,13.150768957490016
0.22157089291785503,14.260423684403401
0.2231116915437183,14.046946617345977
0.23102942275774122,12.886173050761725
0.22669776888855853,13.287469075799137
0.22936579068665436,13.172926424272053
0.22630493841532784,13.816138997616934
0.2241578185164979,14.20401830115675
0.2167759875131386,15.199969367587205
0.2192216624800682,15.038958574818743
0.22768697820503309,13.750560479176881
0.22307442453433696,14.250808587284363
0.2203347648389719,14.472088169743444
0.22357431821934381,14.476308047692978
0.2189628661926685,14.428354055961556
0.22294702325384488,14.313634816881773
0.2159274128286535,15.803367695054263
0.2261877633770529,13.60723412378114
0.22627633336718134,13.7644200436705
0.22456615181055478,13.774192890163441
0.21786890654956317,14.966906175119723
0.22630561110048855,13.7761799484865
0.22847557969435137,13.144454570241862
0.2262151535499861,13.845232754074361
0.2174052367181383,15.467431451952573
0.21387957702461913,15.62291907991413
0.21414040370940166,16.045434682136566
0.21590994502630595,15.115636196324767
0.2213499401278499,14.108035827800638
0.22783200708907975,13.708199773719526
0.21785928504083393,14.679255536870809
0.2281642045531836,13.055357152608225
0.22199321360369542,14.544400183004663
0.22103087776793803,14.527991353311396
0.22309807181170194,14.174811346420018
0.22269539251554282,14.43521991158296
0.22178630924644804,14.199088052482347
0.2225499386786604,13.725905798581506
0.21982052162373059,14.158639852806063
0.22213905589696553,14.869167606868753
0.22974613782363995,13.09735812479586
0.22040830122825666,14.357052197392742
0.22530607884089612,14.168441867890483
0.22669111597085334,13.450453280355847
0.22633119051890954,13.84723178482641
0.21614963717833355,15.233135823146107
0.2270578512559627,12.959231776548835
0.22385788761860745,14.020152298384549
0.22417988837351022,13.90879734366106
0.22453458996646794,14.018816881774272
0.22319354993585983,14.014638553960417
0.2194912594222655,14.86815503017919
0.22985620323760814,12.975610413943606
0.2234237671752404,14.385440844316756
0.2164972303773794,15.210544693296535
0.2216782298414286,14.170021886005046
0.22187165450337412,14.848132487267405
0.21917823145992082,14.8577275890869
0.22609861832513,13.425885688364103
0.22719603194462185,13.383795744989442
0.227943331087221,13.207480753714442
0.21895527626605898,14.195303394321762
0.2238001129000037,13.799833662393498
0.21836423392074233,14.351353238150502
0.22278602551673174,14.490734077911783
0.21920694995226175,14.761903509877195
0.22425000696421493,13.899682635874916
0.21642744668762012,15.593867012545223
0.22322406270820505,14.078252732771958
0.22295789048054115,14.058653261017536
0.2283075573060305,13.389682788890301
0.22110686341927327,14.161536939533573
0.21640691335943085,15.033566815348683
0.22729178609193534,13.54513924739598
0.22345145316143752,14.056714454263274
0.22146818648318323,14.703780564702422
0.2246826055614236,14.182909893665146
0.22551757008979614,13.597952500179126
0.2163340828671554,15.232753220659372
0.21993562751708476,14.738607094965039
0.22038679456651486,14.30542821882862
0.2235909638062746,14.313055517692124
0.22930923671484496,12.80885650417048
0.22212819301603043,14.293030818116936
0.2252918701787546,14.058361123260152
0.21851198755692547,14.25098754617439
0.2133928714138242,15.94767914742288
0.22629769030250096,13.363169399211744
0.21974918554387346,14.45755646775732
0.21465283974367716,15.411650576991082
0.2208613583874629,14.261720490305331
0.22455329205954686,13.961347712600991
0.22469714640369454,13.231014971321471
0.22312093875299543,14.089580759372446
0.226781046983346,13.836293778790983
0.21950087642234084,14.594685031206364
0.2270514852210613,13.374535747509348
0.22828105246277908,13.178513385493936
0.22627478723630018,13.62520442402065
0.22174641928135289,14.74148016283178
0.2298956216550406,13.122150785953098
0.2275520546133797,13.175860384787317
0.21828245077199085,14.863883471234342
0.22557100364539018,14.005182466505206
0.21724685243007708,15.857719357994123
0.21679399712174346,15.536949214542506
0.2251969367589458,14.204805846289833
0.21532672646178963,15.087208912546034
0.2211948188966888,14.25873948278575
0.22191095676952405,14.517522031735563
0.21981954037564233,14.779573932966798
0.22120878185669646,13.741346219504106
0.22373520635035868,14.059578160641593
0.22593508114095395,13.462554585615317
0.22584610389471715,13.781607051476295
0.2261685354214472,13.607591989596392
0.22593732833663033,13.819517568289994
0.22168501022432502,14.452716071976422
0.23002662731407197,13.03897439187186
0.22785065122872963,13.539894868688558
0.21866696932325272,15.174788276346652
0.22491414790206216,14.054381580161083
0.2215183845382762,14.203516470497197
0.2176815961535886,15.2850341166814
0.2216979901474675,14.015278079408276
0.2191288597306118,14.537554321096149
0.21286612991816875,16.030331501700402
0.22578977913299794,14.209623837680383
0.2192804441641563,15.13143459715233
0.22249187271083243,14.13169735777617
0.22683975879763307,13.497373032702827
0.22919231370568113,13.113370794703863
0.22390785562501572,14.104016591415022
0.22332456505229656,13.718907655007486
0.2266417373726748,13.73017376927398
0.22380591254481708,14.330813520246306
0.2209534251761635,14.032710125111471
0.2243942783793612,13.740549725203092
0.22317195509944576,13.751668754742617
0.2162585791989588,15.530487472956185
0.2275369075723249,13.355952536393382
0.22264915555340173,14.08808478108034
0.22345836932081437,14.606050388445517
0.2304214501909912,13.00110158704553
0.21942694748806837,14.716175972491582
0.2233932091073248,14.158861452756007
0.22041029798925227,14.375659524117431
0.2150572190520776,16.00845024188394
0.22708169928416785,13.6972798440765
0.21947318101918112,14.34521389080682
0.22841659462759145,13.175192341382317
0.2234292257851746,13.966422989109683
0.21629911155236567,15.152112871028802
0.22354280562969392,13.928181959505512
0.23152319939907368,13.081018993757153
0.21634125783629102,15.219427013641814
0.22390943761464227,13.961401115849034
0.227109361013149,13.30052363939211
0.22507562722383864,13.834924406222056
0.22417014882007347,13.795443110939438
0.2281277524766951,13.593485326265935
0.22807084365029565,13.645296840820489
0.22477637803402367,14.078372849952117
0.21660898092440672,14.682910891773691
0.22446986896049315,14.16193371626974
0.22815631002345824,13.89862379231907
0.2202148316756633,14.663604018077452
0.2222954833046552,13.766338399712433
0.2179689563344306,15.510877164942244
0.22177641918942695,14.04770483593905
0.2173334639665204,15.594017885201918
0.22704207173889254,13.723013215836938
0.2188431126817396,14.930045396896375
0.22519946771578536,13.626202449040445
0.22507149517449507,14.209698422223566
0.21733721241512183,15.133661093479812
0.21832256266704952,14.64489896002823
0.21589121342847928,15.295933823632732
0.22515703265106904,13.664707205097951
0.21843191802452794,14.84682282838519
0.22293949563068347,14.189239542975132
0.21811077739432655,15.39885271700811
0.22781858290327678,13.180767982257365
0.21769772889000175,15.805104067911008
0.21741149764567758,15.526036606086636
0.2294949923625439,13.220163393633278
0.2267818429889769,13.606708412536339
0.22881808788773553,12.955622402889011
0.22164331571089935,14.23886637005932
0.21992051000973464,14.205983639092432
0.21108151042555812,16.27251382868657
0.22390863335214525,14.377465585132077
0.2194252400544789,14.698130537888716
0.22265571907041276,14.242916957071968
0.22292470160593994,13.45497082464975
0.23285989398012208,12.942017091931785
0.21835118088564984,15.24035404276728
0.21882896852412315,14.712305885894288
0.2237922175962376,13.856293088413345
0.21334243068084835,15.270177647738524
0.21385253725771236,15.891088871183246
0.21288099107340103,15.809484250715375
0.22203555401102498,14.201703157570032
0.22200590006881188,14.330604177077943
0.22350311589012004,14.106077187395016
0.222862854722423,14.370011817983912
0.21457179672220614,15.160146500011312
0.21987001669141037,14.895793499034156
0.2154297774254835,15.342463535709188
0.22134235569911798,14.399718823451902
0.21568671211334978,15.064861739561627
0.22344122259095192,13.814421372474659
0.21443696581674018,15.80064379589356
0.2138689094162875,15.684319568045206
0.21903525856499437,14.350651553648119
0.2178524562176233,14.802695036019852
0.2287220287411914,13.757546705758877
0.22854378180316595,13.112443209098728
0.22716479595311925,13.533127958772457
0.22518766143000413,13.864442604735887
0.22418694398980843,14.161674749327677
0.21886945208210293,15.066912612021596
0.2194734557070739,14.67601955697497
0.2279598480729914,13.243096383705346
0.22609399411935488,13.974037357408394
0.22445689855041273,13.767275639705815
0.2191061341378468,14.823518842523864
0.2252229994409808,13.928256949043716
0.2305848894901606,12.926831013364119
0.22932176106195148,13.201310641457932
0.21951123568561998,14.926556139455723
0.22933296630571587,13.534252740154653
0.22656027017389532,13.681779957202627
0.22309154889559937,14.215686198436996
0.23112856515375418,12.66125835994431
0.2280952512555472,13.496244060026402
0.21370256210860877,15.89493176427854
0.22255972672192087,13.947937667031347
0.2214054158725002,14.590953856478178
0.22575891219159971,13.600473875060182
0.2184460171677399,14.46401108099998
0.2202783717363212,14.155700183208477
0.21661679945353185,14.907762791150958
0.22687327541911792,13.2867002721767
0.22797461269421276,13.6328873775775
0.22377170860235387,13.436662825353263
0.22084559065231119,14.68192884658513
0.21753854430801936,15.023564806824556
0.22219053045256165,13.790800789399851
0.2228626524754392,14.658056435269435
0.2234819958332605,14.427859895085096
0.2247136268792002,13.911098337997002
0.22129140889658935,14.516894421266276
0.22179793046349144,14.464609360719537
0.22511660790255475,13.91152490270922
0.2187347237112858,14.460599984386807
0.22871718657534248,13.175817485832036
0.21210956580598578,15.861161714067402
0.21912259977188953,14.747505742266116
0.22658293858444045,13.116061547710833
0.2284369807329051,13.562113825672856
0.22465059146214594,13.561829389512798
0.2221136401177669,13.976346789691188
0.21648584167425164,15.428308511372599
0.22056814006642741,14.586736251370532
0.22927377835377308,13.069165727005037
0.22442341901720786,13.647056197916683
0.21233915824872265,15.81624516331001
0.22160131011725517,14.378833811277657
0.22034316313131588,14.847262640774437
0.22559374168355512,13.433886654934778
0.22108863452128769,14.427366763659114
0.21977345139981183,14.08698336117968
0.22027161022567043,14.696643205450256
0.2279279786721131,12.950630266421298
0.22471258672920524,13.994738621640808
0.22382171082470204,13.847377699364705
0.22765733657077966,13.211644695557107
0.2252957603529286,13.676053855771727
0.21465134359288296,15.599261958797031
0.21403465244670752,16.085204423728772
0.2288194311582819,12.867422831594228
0.21871155491350064,14.050837759745798
0.22850542030922225,13.088335127577613
0.23426263079507081,12.331534684957974
0.22158664849870097,15.22225768337186
0.22567645627089428,13.396388866132376
0.22332565588429099,14.736756941275196
0.22324669190086077,14.164818525403724
0.21998926260504845,14.461142224469992
0.22790553675058,13.395165415530078
0.22553924667682337,13.59412824605068
0.22046725199449216,14.06556494848942
0.2180269395768497,14.616063693568623
0.2142709088803372,15.281261006322193
0.2294456835916188,12.909552666628265
0.23526727502596687,12.397841723817738
0.21597191911770477,15.464329652655353
0.21760561233740722,14.791251601066321
0.21155974663162208,15.939216168100415
0.21757624461991434,15.134040534416846
0.2169639035861546,15.049625969062815
0.24101633000518713,11.452982717819278
0.2249352980790639,13.88886043328759
0.21461152951123771,15.905540733407948
0.213214715152294,15.906456867426535
0.2187836044978585,15.124389895855735
0.2274684955010366,13.938838187385798
0.22204233843662738,14.444358829639482
0.2301433177393784,12.804390030992224
0.22668644245060054,13.263476734763513
0.2246098430193298,13.962269468252048
0.22392857567877875,13.764934006005019
0.2187130654299808,14.454664089371601
0.21688770548571648,15.04021384585058
0.21791168971968145,15.317442621614292
0.22277793463504625,14.08404181883015
0.2199676631594315,14.892111724551043
0.22049383835919173,14.261636413143762
0.2247748477860607,14.162274305912877
0.23013182963084727,13.41033900143621
0.22579670313590713,13.62383215279226
0.2285372324942983,13.401797521085948
0.22418895409991427,13.990856831438858
0.21706685273174442,15.083553446840186
0.2155213433828767,14.877792311422969
0.2219720968087684,14.428219836247951
0.22945454847860136,13.047149536903708
0.22110289674078829,14.871327708246953
0.2179465505829771,15.2577767974652
0.22684179016122363,13.6798539412048
0.22518991743695593,14.047414266249746
0.22067039812342218,14.581716605259354
0.21822212989498135,15.356270924151467
0.22811584562649195,13.13862070758526
0.22982674952407545,12.98136949139734
0.21306374515926593,16.0669120433556
0.22270587278608764,14.20015677350539
0.22175410467323636,14.11645242833886
0.2288691652773548,13.082662883939205
0.2286235387905458,13.391230016136214
0.22914696927051553,13.049548228308167
0.22335410022888794,14.173286563807018
0.2234575640096884,13.798500443918796
0.22356471241465048,14.09755182758826
0.2194697150086923,14.670827928178415
0.22130506219728738,13.653232688695864
0.22280454853714024,14.219906696110613
0.2172428802360377,14.90809832060421
0.22097278611431237,14.9738007393646
0.22749833257772828,13.505690644121744
0.2218538308482359,13.98911534604213
0.23047263230252624,13.099646097492833
0.21847516053191438,14.305207901156056
0.22771282638903542,13.670794032477653
0.21790985619818548,15.263324106796352
0.2236278009610259,13.844180516164508
0.2332570195673654,12.69779106537759
0.2112477195403077,15.875479468796488
0.2236308728938577,14.01858683151193
0.22566083352480598,14.34772382912379
0.22031964714174418,14.556695704531444
0.223711047937815,13.95044797039582
0.21468805509238778,15.27389310890446
0.22340825430469652,13.844731233449647
0.22629058030077243,13.620074132887968
0.21828438855996718,14.785614753514302
0.2220060107593022,14.17126763227563
0.21839389047372526,14.98620339815148
0.2243444654852217,13.46901565263034
0.22694103007573135,13.550297246850562
0.22289557042620733,13.798703858427965
0.2103154025444855,16.759591489910814
0.2245702405179456,13.261650968509882
0.21686939929593652,15.768601439550205
0.21380056965610933,15.370497101981709
0.21759815592996568,15.198567745088754
0.22191315958816724,14.105756700370703
0.21817175122946414,14.975760038073902
0.22040243985073948,14.603275087460155
0.23451192987685116,12.262773348034601
0.21624417778423558,15.100908906312492
0.22140441617389853,15.153061044737484
0.21593184244196176,15.448377575327026
0.22340659426627266,14.185116474384422
0.22142955730082417,14.550976920481279
0.22213830492831868,14.17739543566889
0.22668609344900126,13.472486953098304
0.22646769240552367,12.979852853724395
0.21862952716142933,15.161482586040865
0.2211000443443535,14.165980017350439
0.2236855413280452,13.47486478364977
0.22745410593534288,13.283621856465441
0.21766827113488216,15.54615291255372
0.22183688147652328,13.915940625789327
0.2222836469329648,14.74195417537233
0.21964986496759498,14.655285786838293
0.22517891565712764,14.34685560677939
0.21897221615986026,14.66807437028595
0.22421732314121606,13.79952160741882
0.2220456921352784,14.258232305279071
0.22505125542343057,14.308269992346288
0.22647512303041123,13.405978194194766
0.22295079093034603,14.226497362665828
0.22090562022672322,14.705986680516684
0.2151371599495822,15.707080553099946
0.22384228881637153,13.981886221287175
0.22364840367953862,13.902576493603652
0.22218741020837432,14.345793909799054
0.22019527343198936,14.137474820119536
0.22791013498192952,13.24380100474059
0.2248558350980634,13.471957632972792
0.22426360585192678,13.623145154589155
0.2190816118027281,14.588720551631091
0.21960294212843187,14.542491128294484
0.22419858020628688,13.966254326605078
0.22311670189647456,14.100376037831765
0.2264356869169297,13.90326581561787
0.22293304591416657,14.177378750034872
0.23029584461436778,12.905393163662676
0.21313296421186742,16.43526254371174
0.2143026321632039,14.933627919256464
0.21895465250078242,14.310084427258147
0.22088667559239922,14.584214865881698
0.22507562722383864,13.834924406222056
0.2242060508441262,14.004263504280845
0.22663446358141784,13.504786262427126
0.21331739988812226,15.927517413054959
0.22958738425261102,13.473827009066587
0.22479263715692696,13.626469311474686
0.22375519809544397,13.801517972578951
0.23105840334538497,12.81531307245448
0.22752527148066573,13.339142057803953
0.21711417523398469,15.697869190961377
0.21628385354938123,15.13671994847019
0.21719405321428134,14.825433867693112
0.21626330764058327,15.263758876254384
0.21783792980446204,15.430663688929203
0.22695320244465272,13.802836608429535
0.21632623912352167,15.2084114414929
0.22689478335424926,13.712856105700544
0.22272686020680557,13.921916567213207
0.21801926573754218,14.997587021054157
0.22082658718292436,14.428705740081119
0.21827375129845003,14.970671721852673
0.22192248179548762,14.755675348330449
0.22963613819997014,13.223397067907678
0.22124329445697527,14.699072126352977
0.2203454500924648,15.214431131856081
0.22242444996771676,14.349244628135308
0.21774692981871882,15.253923121272006
0.21496041328383292,15.793500833480792
0.231642498840494,12.641524810110933
0.22367497484157886,14.157085441651533
0.21982924179795296,14.681884005774924
0.22855730883468284,13.364956554468709
0.2287471631250895,13.336213793410785
0.22392695463468879,13.89048127809564
0.22730354456278323,13.626351733648239
0.22694729209455625,13.961061429883664
0.21186616536282335,15.443807307878847
0.21926374510297164,15.143583279548109
0.217679211312302,14.904203517125834
0.2205640228957812,14.448760462827341
0.2213981959319823,14.701293557956879
0.22242781568535633,14.088826736869963
0.2266116815206753,13.557091043343922
0.22310835206306778,13.841131448390634
0.2168141649889201,14.972307877352408
0.21374713345970742,16.586492023373502
0.22236152460595016,14.608928771893702
0.2223520063653342,14.142819391268144
0.22550080375820036,13.395575661695199
0.2188693033824018,14.97089045461183
0.22197412813059716,14.263999145962636
0.2174798447440299,14.801423125717662
0.22627490510377785,13.787020918086013
0.21826901106287963,15.089901672688871
0.2206896365048083,14.350607316193141
0.2215569259381075,14.38998514354051
0.21697731753379418,14.773354203138858
0.22092352489081707,14.120103767929237
0.22586327532428463,13.665431982225027
0.22197782585310255,13.935326599057772
0.22168698332349687,14.488366971274695
0.2230237011780864,14.028926214259542
0.2228869125808206,13.865435657000738
0.21796925672509798,15.491998697482158
0.2242414467525809,13.920632948129617
0.21496434169218767,15.457321200071604
0.21504224508162828,15.90837583649498
0.21755518708416913,14.844074491100121
0.22172967226666526,14.64035453618605
0.2227592593272783,14.220896686142174
0.22034316313131588,14.847262640774437
0.22109987024210837,14.437855376292935
0.2291336072632032,13.137175363213862
0.22384763774850824,13.715820496361442
0.21802656675363696,15.24824704827607
0.22050206640481898,14.639803015065679
0.2233931371692035,13.640975783114898
0.22780411840553408,13.331960180768219
0.2401772386475588,11.739342999870578
0.2287138820775882,12.776955215362102
0.2250190236864739,13.914373672072086
0.2261685354214472,13.607591989596392
0.22060314917519705,14.101920677831124
0.2182359820483102,14.362609944077303
0.220389354804172,14.814098352130205
0.23175049735517414,12.59008255846812
0.22035706526396923,14.633861129285483
0.22690645934477827,13.796943123793183
0.22928684882555808,13.040422220786047
0.22896336079713042,13.440564812657202
0.2215804290926085,14.254332489808993
0.22315941780183735,13.925946525984884
0.2204048714770966,14.642923917841209
0.2187198539817724,14.892197423944044
0.22805330746941815,13.158467623498039
0.23096551657268,13.311583551997295
0.22317139782740542,13.7182490397714
0.2242802148972524,14.04825685587769
0.2209947296575246,14.985718373918226
0.22173056902995075,15.197660375336225
0.21575242778265608,14.75714647025776
0.22815180131630503,13.302721154736524
0.22738411193250938,13.46232289200348
0.22355053930015,14.016592560284618
0.21700467561696019,15.19263653113228
0.22114026771990958,14.499676849859243
0.22324598039722793,14.12940035528729
0.22201705065175187,14.335960033582058
0.21520973446920277,15.143079786171796
0.22440435237726977,13.831278052203714
0.220856854870587,14.317211817824196
0.22126431877191974,14.385182437818008
0.22536942370219232,13.600578890141128
0.21524109966196714,16.04581954266543
0.2290572281057834,13.57114694634256
0.2308446008763742,13.241975906929394
0.22691871182628567,13.832958811226435
0.22467907071895515,13.821273675330875
0.21962424870887393,14.29600288205857
0.22037296561052416,14.838674412603766
0.223953405168485,13.976531720493833
0.22650535170263703,13.86105694680755
0.22494667228632823,13.782384314418398
0.2220872065652309,13.655949434431937
0.22347044990137144,13.998285097669577
0.21838474285487286,14.850910683080471
0.2166829501254134,15.497186479138929
0.22702460148336856,13.30147672816432
0.22425618126591085,13.6337502271899
0.22394305954963128,14.148501455908225
0.22004482447064158,14.49716318731453
0.22121862731783892,14.796788937315538
0.22255956681196515,14.411902819534822
0.22557180872213076,13.73791581613856
0.22873853959639884,13.408785601174007
0.22348626555594506,14.308575360648168
0.2286907287214675,13.83087716781266
0.22092658571142415,14.564109801978452
0.224925864919217,14.087330077962285
0.22803306186222255,13.407120315432598
0.22606340843738176,13.750347585242594
0.21789609768400872,14.680577534860973
0.21356835001430685,15.59706158702462
0.22116479294191932,14.601404467876101
0.22237536281625092,14.322417088148956
0.22849618469075775,13.133506269273553
0.22469434286686532,13.594431269369615
0.22495161644818204,14.121115225168577
0.23004758283579987,13.260758199480158
0.22018340161965383,14.735317065166736
0.23496740098603908,12.838246839185095
0.219639607712441,14.570712602708397
0.23100826710977918,12.9078562994224
0.2202807360663448,14.480688760055497
0.22722691574192647,13.255762985472686
0.22796151681472188,13.62459685707395
0.217613449740078,15.657253879143287
0.22689966331015984,13.265257627849865
0.2249104421570231,13.59564090670772
0.22424471087839246,14.052199096345312
0.21694567525516287,15.212516511873472
0.22505125542343057,14.308269992346288
0.2156842036460487,15.926875276554265
0.21651461982185416,15.148465692002775
0.2141599652856014,15.852730944742012
0.22369638029329403,14.246397432784008
0.22040855609444543,14.542159454656915
0.21752716945663753,15.233614704472227
0.22244066980796617,14.2373674835199
0.2295766462180503,13.284010732156357
0.2203036757935296,14.271213246288703
0.22588797154064486,14.247962095857666
0.2237722819080349,14.016963002289485
0.22443742456347748,13.875574840910955
0.21548089548592692,15.660967919609446
0.22252162776593393,13.742346228415709
0.22848354079754715,12.954443392674714
0.22976024876316084,13.26362356920603
0.22263336614869783,14.086028341762605
0.22252328075488315,14.089725637696244
0.22262346216554407,14.151189997726991
0.21920694995226175,14.761903509877195
0.21807668904872213,15.205182516590733
0.22000223415082734,14.52420205091861
0.22149550885318642,14.116601659028706
0.2240269818373964,14.037953773031806
0.22456141553416017,14.71466683395984
0.2253809404511997,13.351807968513027
0.22349813506633537,13.908975516386109
0.2267129275411751,13.088644363353986
0.21560063788715883,15.02611758829436
0.2155091862556694,16.121876234744544
0.22167291652009552,13.900098643798707
0.22530313437936347,14.41815139480595
0.22007268671995045,14.48760045759003
0.22339100862599956,13.884368340907923
0.2177383866492522,14.655052646225652
0.22823756828333241,13.170344170259103
0.22683769642351126,13.762558379192631
0.2220484285815974,13.929083544210021
0.21316868025941554,16.241202050855197
0.2240677960441517,13.882989638195054
0.22750100491537437,13.527444042487504
0.21591645295171377,15.374339753258436
0.22647748972240694,13.873568144508727
0.22228001312287904,14.142716864970302
0.2299022254159171,13.000238854046891
0.21394178779584824,15.323037346041119
0.22248468507654104,14.97149534425692
0.22322589808108573,14.142586480814874
0.2294619717173301,13.279027432348022
0.22448822664008541,13.522116988172831
0.2203624005057019,14.42335206692866
0.2216168068259307,13.990955770968718
0.2188073719892438,14.575447906679333
0.22711365454483112,13.640984856716159
0.21683072654111346,15.351425596999583
0.2205015951006616,14.335911114519387
0.21839874353996125,15.33151193573496
0.21834060183743076,15.036460346051618
0.21386663468923425,15.9389679962619
0.21465421347419472,15.69387251538658
0.22407511135778668,13.700678342089645
0.22650881061654388,14.073264818538433
0.22784236947999215,12.89622330553782
0.2228709057757013,13.897391271258693
0.22091876469720909,14.205545506998316
0.21375748399605202,16.343332682182112
0.2235456682441692,14.151036440243855
0.2263568539124428,13.730334892556241
0.2232466733707212,13.944243685170449
0.22463331160540403,13.53219642756921
0.2240390477534318,14.10898633726501
0.2250290031655361,13.605625462927263
0.22826718963087447,13.191416799416675
0.2184209954453187,15.624456815195375
0.22037276425832847,14.383258429187428
0.22265723435156956,14.30427912407409
0.21952421602279124,14.24886069129504
0.22173713787018032,14.905391176840538
0.23340827367962055,12.890065189832162
0.22034330623060194,14.360196841089138
0.22693461693228204,13.099531253584965
0.22722691574192647,13.255762985472686
0.22000955201624486,14.379063672073789
0.21914531089719164,14.275298973100162
0.22828110662532147,13.51385699706726
0.21863560499790982,15.503692914715687
0.21870932588014064,15.173734007491444
0.2271907651003213,12.869241029101817
0.2184730220740451,14.708538962614316
0.22013194620655885,14.652938233828529
0.21728314240699118,15.578701861824372
0.21944989063322046,14.439721022328074
0.22402652999617584,13.805168833379756
0.22391686111988424,13.621668032470657
0.21912194605858398,14.576764262271846
0.21508718737352467,15.60143638976434
0.2167387956468206,14.916332777696969
0.21996008001962059,13.97418871082037
0.2202932897023148,14.345840766494202
0.23080825606374067,13.484800708002124
0.2200117343993538,14.952540888576706
0.22282144416843996,14.34891553439747
0.22278198161481708,14.569259826072699
0.22285059183527084,14.103959225759306
0.2227149209561856,14.103632598017096
0.22532548044873277,14.066200076128212
0.22503515099981025,14.010500795896737
0.22504916940415873,13.54217905598675
0.23806501807115046,11.601696975291036
0.2177764241994991,15.008200924732938
0.22449953321133376,14.147386536004134
0.2229089965281253,13.955550862120287
0.22707409373640472,13.201874416846449
0.21962757789984244,14.864475570215838
0.21917875919297097,14.45139687684461
0.21768153339668572,14.36468439354434
0.21594022131158278,15.205508038205911
0.2203363603206192,15.341725726941327
0.22892504941158145,13.173309940626668
0.23520174471162847,11.937615724132295
0.2187303819004042,14.682020570014775
0.22633884668985726,13.318981250826871
0.22736017962931604,13.904141511241233
0.21973737313172384,14.61973654830713
0.21376657620293468,16.05607716664146
0.21641102788024882,15.347605794233903
0.21684715130316373,14.928232567072513
0.2194518324604633,14.95016307416534
0.22809718199211,13.453864188802479
0.21519710729402067,15.674220544547989
0.21913343570305935,14.71217216571581
0.22103627412101204,15.212222069112654
0.21934820857066237,14.946176578777731
0.22693957893022548,13.907301560160064
0.22119847459899766,14.667128204491002
0.2265202394732696,13.554175963504457
0.2313065453919849,12.737503330184289
0.21303844576983394,16.446245622948066
0.2239179929126007,13.970983133646149
0.22082233667673962,14.126066320000719
0.2192432486801609,14.920040534034694
0.22034688569125635,14.586868215335892
0.22117104217897823,14.610974565761346
0.2241967419271423,13.755780218906075
0.21750012329414747,14.82771609695765
0.22010517672257374,14.083841096013844
0.22028223457259824,14.077140330868403
0.21580171126469608,14.711324834653947
0.22191154249128475,14.543853362987296
0.22542692918983884,14.018298296349343
0.21991946193926748,14.699538118035887
0.21323411271805717,16.31089512833871
0.21671851529983954,14.235707125588698
0.22124329445697527,14.699072126352977
0.22641479816896826,14.277415991083199
0.2222210764219374,14.383355520703716
0.21334746080199354,15.661632174903398
0.22291580017228405,14.479504019267397
0.2293656643444838,12.928492080968036
0.22103542698776404,13.756381061284294
0.22541713952112746,13.729639150653082
0.21779297010992957,14.719963996155759
0.22220717392558603,13.897798694462733
0.2193780672723476,14.761418856093387
0.21527682919843877,15.90153216573376
0.22333034718414257,13.861783663054892
0.22564797346639348,13.656885907264925
0.2273493996883695,13.511971193758967
0.21873419535908192,15.199645036263165
0.23101760983512462,13.053029166591598
0.2291474816458356,13.02825292316311
0.22328285970539685,14.051689239770184
0.22341482875959126,13.41662964880975
0.22843096795644557,13.303470655122211
0.21861458888616625,15.096969872654292
0.21727296543995325,14.706986305892686
0.22586918764081898,13.801494906486056
0.21735791609992589,15.021552137170545
0.22141483371577866,14.201376144479644
0.21498213614591777,15.391856405667655
0.21970190140503743,14.576972935653236
0.22169176880786998,14.428690387523822
0.21480121721254378,15.618757049787293
0.21611242525123392,15.06092442105586
0.22742086721123322,13.814721445749528
0.22175606148837756,14.430525479223796
0.22301026502360186,13.767087013204252
0.2179342164984587,15.735145956374065
0.22271179170990005,14.395014193393852
0.22116966977410846,13.861046374681584
0.22248365096630934,14.545927939613254
0.22703245783034304,13.192633708223932
0.21231510131703835,16.32302748112735
0.22026022019987346,14.120981106276764
0.22967449944584442,13.489946416561265
0.21965864677857494,14.33242863403311
0.22637561411595783,13.331087718919756
0.21741859771293282,15.042198397340368
0.22469855586438914,13.64809282269073
0.21429852275007694,15.795102706181813
0.2189706425863693,14.328453700820294
0.22381540728807703,13.453556701988033
0.22361237299261205,14.028638803677461
0.220324252390294,14.881850065778618
0.2183055831985604,15.035650161274752
0.2239294786522945,13.703798700218336
0.21890902919223643,15.066336202635352
0.222166180695395,14.456782190601674
0.224104430783388,14.372252867569307
0.21973487193585953,15.154969725428064
0.22340620885434911,13.687751373358115
0.21871052732551877,14.882672225421388
0.22265181894450262,14.326138674181763
0.22240946881194595,14.272757981319362
0.22417217583007545,13.971466005499897
0.22662058737042037,13.701385804642248
0.2208446398065168,14.259777202709337
0.22238113206205626,14.448242086370215
0.22163086982092914,13.994658547331476
0.223884670081913,13.762714921901004
0.22802031177374787,13.337244875642105
0.22239171696040652,14.000208228397918
0.22245520437275124,13.948529399476532
0.2154979211427615,15.186702357745105
0.22722790736542997,13.055901899720547
0.22427712714425335,13.509407847755455
0.22314807950760643,14.313548112224355
0.2215251117118004,14.202557967484289
0.21649573807697023,15.607879943538487
0.2177778124306509,15.016760404918923
0.2137848556167312,16.0123565994416
0.22442352679379587,13.675203953239953
0.21751067045086206,14.996242862183998
0.2200699768299496,14.891235982546874
0.22779568837262829,13.526739917662827
0.22594741510324123,13.258599769793971
0.21374513072191395,15.939905646897133
0.22237833088596146,14.034084888436892
0.22759034863770794,13.212157634923152
0.2241777425660762,14.118427752859104
0.22697800010426558,13.584388205204299
0.22414278714875524,14.402556650382135
0.22248939950200683,14.03961062792289
0.22636385304403328,13.487560360051686
0.23124081212331207,13.095907820419692
0.22425322717616902,13.57049208643496
0.21745232517246366,14.32307730491652
0.22582298687375058,13.842033264543833
0.2211155761189139,14.363827689831966
0.22532786906145963,13.593722836395498
0.2216510898384838,14.101602620174601
0.22479263715692696,13.626469311474686
0.22877470899686997,12.96317458705451
0.22064103684584993,14.769519389145719
0.23382939473415018,12.61620574747325
0.22548869745391037,13.551487201939247
0.21851504346746128,14.792494680028923
0.22245838031313636,14.555387186631124
0.21765059352978944,14.769649177140424
0.2230941429065702,13.952181779775408
0.21819187268525883,14.993934411440994
0.2248290690339402,13.698489281094382
0.2353107802830757,12.44519086756542
0.2212876012198293,14.140775711081805
0.2292117368602217,12.80713657630618
0.22306629845989556,14.034130384556265
0.22032843135238953,14.41278354755456
0.21778437611035595,14.825530945467975
0.22525563569451074,13.505721479877884
0.22728821978051733,13.591095096360151
0.23287617039890057,12.749545037270668
0.22694427158356933,13.303887660134079
0.21833452483672902,15.183758470613418
0.22208622930133282,14.494666373458896
0.2207690737731109,14.186025779966874
0.21283453290987564,16.824005533234853
0.21507757185558232,15.071549610600881
0.21757905757333715,14.955426797666624
0.22567571946485832,13.977585562109416
0.23440438622015314,12.317796665341397
0.21939155477022718,14.880982913673778
0.22258916841224427,14.11502099051578
0.22392585115737293,13.925253052804058
0.23240955056112877,12.807035123515353
0.22325594784909625,14.245979854017227
0.22869136039683055,13.203335192390655
0.22382209864342612,13.162046723590487
0.21885679173088973,14.42633900398248
0.22103930286279524,14.389117434324673
0.22566311688695623,13.96422623858495
0.22610904593049,13.549642682454756
0.21846282309503354,15.065155354583611
0.22152607836798843,14.937226397350807
0.227205174815031,13.629470525564933
0.2290632282958285,13.513584856939918
0.22456141553416017,14.71466683395984
0.22136533554369892,14.726715479833224
0.2186668748679515,14.998622813093258
0.21738389796612537,15.10070319221757
0.21979345282968885,14.828495562761995
0.22481934900370223,13.772491158928991
0.21423563207089247,15.740272324636829
0.21562558635063334,15.321994158217777
0.2181136863960157,14.217190894094605
0.23828666321118286,11.984018005774706
0.2281474553946437,12.824050531917624
0.21932679654842413,14.381432397894294
0.22413517665164132,13.975088364362414
0.21433140059079575,15.216535620814708
0.2229233782054397,13.540049792245043
0.23105896291914974,13.320629578200077
0.2241851153005818,14.34990965594496
0.2240269818373964,14.037953773031806
0.21844408971919682,14.749962345330532
0.22546798117206038,14.250592522146425
0.22725773371299218,13.695267230641747
0.2075085411428884,17.008602059360108
0.2363750362093746,12.851749718020976
0.22779035930236805,14.006671000189838
0.21619014961892233,15.138640722649132
0.21959112290202218,14.742704575916353
0.22430309955175193,13.644757064940167
0.22953372952602108,12.913838301650705
0.2255743527186228,13.793820099262346
0.22280048893067453,14.06761705934918
0.21854232209818558,14.522966382589937
0.22633926746957395,13.454542835997257
0.2159740564740893,15.138959412040933
0.21394152575262876,15.827708164198345
0.22096292008629884,14.785851289106038
0.22564497670754452,13.85810320877053
0.2274487015334828,13.357234719447488
0.2274949332056888,13.55585044801265
0.23041996954656646,12.898516768471012
0.21975888689501372,14.428595822212332
0.21659753607305124,14.706199210127826
0.22259179475208035,14.18399825161683
0.2225729006114298,14.459660149921914
0.22320295299784265,14.018403694509837
0.22826903360508705,14.105817754705317
0.2231928548041526,14.499351343928906
0.22673597688771008,13.893593174094732
0.22067802955457802,14.476378901104937
0.22653674415440828,13.641794241544613
0.22402501835334418,13.638590929910773
0.22382223163155499,13.986337193255412
0.21739180636285538,14.994545150868213
0.21938960599930074,15.129212150400022
0.22145196554403596,14.218040806457399
0.22343771156768066,14.038256375871567
0.22535977120686063,13.534965362650262
0.2221828097031629,14.022647299660191
0.22259534155977004,14.382500772352499
0.22256350045489467,14.355302851614953
0.22262590676428112,14.078871125826831
0.23235868610492402,12.81725708989633
0.21527713416985442,15.638132131136535
0.22603573029473725,13.596655513702832
0.2217870664806897,14.294688823358333
0.22022596522690577,14.296245146917189
0.22245518922441934,13.440445619320906
0.22469714640369454,13.231014971321471
0.2240115054111077,13.983344543782104
0.2197565329598759,14.141003382766703
0.21815547364989102,15.08111345446503
0.22649816556364527,13.462087495475767
0.22501830555776314,13.8791029785025
0.21749200251475545,15.23245319625587
0.22607363023733495,13.303513575996778
0.223713663908635,13.998282121916581
0.2242534711385544,14.410131097121829
0.21947629191455353,15.13379624414682
0.2171479860538816,14.961574004808412
0.2196185120298928,14.489739043615572
0.22451693869886452,13.690764798592388
0.22548990222534104,13.4592675194728
0.2178510723434763,15.080970851980057
0.2218981179047964,13.990688599559139
0.21516544224622963,14.457840274152225
0.21367578541115764,15.570590423595085
0.22071032885398267,14.232710551003274
0.22425127191146116,13.74548563419771
0.22625141012284788,13.549661901738142
0.22875645460711633,13.357134775065077
0.21845803555573162,14.743143648044196
0.22267983963271112,13.972374402920634
0.22760361049858052,13.399198415852737
0.2190727979654596,14.559591586829388
0.22129954489855974,14.513501955160478
0.21681853549162344,14.999997877527917
0.2261430337687753,13.952353622713488
0.22840172033174355,13.516772407076996
0.2269671004706897,13.403323406001713
0.2210789618545323,14.172179072423639
0.23037648073737155,12.67421994010489
0.2122485061221681,15.761508994027807
0.23284089007304679,12.155411481246684
0.21952020847424936,14.622379621511989
0.21793016279901312,14.571243082601836
0.2120765774738952,16.50533122435962
0.22471461189759617,13.722377911336356
0.22223816751408598,14.732219012109892
0.21229594316330033,16.69234004596583
0.22088977964369505,14.204592863020753
0.22158748807009554,14.453977358811951
0.22618316450430875,13.292549323993606
0.21130661740775833,16.411108495897636
0.2239115656150239,13.819040452311524
0.22360774895299487,13.91209848725212
0.22694039493284363,13.197796541258938
0.23259771820561942,12.890320124781868
0.22023692915460036,14.466665176988668
0.22638423645972516,13.893848923872048
0.21700999368849594,14.56116867753124
0.22293129226051311,14.352932269343942
0.22662914892388264,13.523266023401188
0.22023736188132675,13.987816078625873
0.224602898855703,14.125360626795665
0.22567645627089428,13.396388866132376
0.22756116753549746,13.836414897249298
0.22921921533833728,13.425597146479683
0.2202014652637408,14.521995761124426
0.2243032187373012,13.784527164531097
0.2237301201579302,14.27914799636448
0.21879399160551793,14.869783974146587
0.22748064071826746,13.312609027287895
0.22516951863845902,13.554431888764897
0.2157302582632852,14.996697530822475
0.22384671542785933,14.25541377397933
0.22299265955992897,14.405275537930557
0.22366350237010396,14.019340549994144
0.22717671407408693,13.49158697235634
0.22317227135639978,14.119496758535615
0.22130423453645187,14.346945958774352
0.22212960078946886,14.272948989081282
0.23221632960380106,12.846719232238046
0.21733097414293495,15.25139315260002
0.2268818584137804,13.03220776273488
0.2209947296575246,14.985718373918226
0.22832193932101533,13.104652759613588
0.22114034039736127,14.254033958146325
0.22124225235206071,14.45606166279597
0.22037297218645666,14.500256023345614
0.2164129615046933,14.491189854697275
0.2217248524110688,14.43893342917203
0.22151373425430204,14.191685661337665
0.21871461017608873,15.337785070046401
0.22627000069636743,13.895394149049855
0.2246326719002996,13.811502047166481
0.2267231323718341,13.317806474259456
0.22491397561221885,13.689368579907455
0.22787435497973593,13.339599163739141
0.21930780908559472,15.069702852736334
0.21821513751661742,14.97060150430852
0.22010207854798558,14.44103860611096
0.22111242820959529,14.830449458107472
0.21328448088276006,16.160953759252227
0.2155846685891371,15.361872221387621
0.2259601597399959,13.34466872419491
0.21801739503326317,15.07410644035929
0.2208514873806416,14.319727458583289
0.21286622852796053,16.210765874151164
0.22829910154449423,13.62837624234861
0.22765065079110164,13.964815622166938
0.22176049547531254,14.599403247121325
0.21768221745809116,15.670055218120181
0.21621030523630935,15.08894275154802
0.22479561966069916,14.06241309666084
0.2238086278193729,13.49875037124223
0.21822100109261866,14.814804070735404
0.22494775717958646,13.513024254998015
0.22023566282720677,14.84361714295242
0.22334360922746643,14.386513600744347
0.21760251434792244,14.53909462248554
0.22054773061859428,14.510689395534149
0.2259624171764571,13.602928895485384
0.22879883821213,13.078065126492378
0.22425139132820324,14.384407930090983
0.21807638784567557,15.36646417429006
0.22300662730124488,13.596854994634947
0.2158641407570822,15.53551085321712
0.21958919010053532,14.650069989325772
0.2196033915127072,14.742301753491832
0.23191617663471065,12.98230286328585
0.2261595029783424,13.358516414108765
0.2263503546700846,13.592202987377853
0.21396627078492483,15.95517417731278
0.2317315856603252,12.785848873728447
0.22249216979181657,14.196602606554999
0.21730918875349867,14.949069883027434
0.21968578236142497,14.352118710820648
0.22140664359348783,14.700540632626701
0.22291646491575115,13.938630491726189
0.22061532568744863,14.750749988040534
0.22632373164444086,14.07527740912357
0.21686594607394669,14.947430756483898
0.2197046318792172,14.08008923722838
0.21379390913209748,15.623379273819538
0.21813565417883338,14.788633426184473
0.22556043004168191,13.904235581531411
0.22212695641849894,14.407096474545659
0.22105583257043046,14.552799063609596
0.22286054034497021,14.080036779916346
0.21968167375303446,15.097195335748268
0.21953747911967647,14.225013858433043
0.22090421982996944,14.51591953603671
0.22252062944815473,13.528524113055983
0.21715581456654326,14.712340564438858
0.22359599730733942,14.043402835804386
0.22183787942199654,14.28661232018101
0.21944694247482885,14.786973010147063
0.22961865385276445,13.361201790222083
0.22756411311362473,13.245585817215046
0.22049619173499954,14.330116887169195
0.22657847954480187,13.426062709764032
0.22204425942148617,13.786709509459474
0.22693165965582826,13.473328171725099
0.22625233052596985,13.28552881934575
0.22461501267033493,13.400938469349079
0.22925717270011178,13.130406229619952
0.2211313637446386,14.3969370958617
0.22990966557275863,13.521523775130973
0.2299726179440315,13.278831716792114
0.2221514130415431,13.8761759734819
0.22334955409142254,14.01750670017964
0.22566896621859983,13.107219031906096
0.21409953468046425,16.270496227809502
0.21957343709221283,14.864900869960007
0.22352725673380625,14.13969254917758
0.2184357342961263,14.712344653249474
0.22071682360791367,14.218550187485885
0.22630813818882098,13.984540334679409
0.22961753889914605,13.308378975918792
0.2239294275704289,14.443652067012152
0.2172671994630826,14.6538203899795
0.23082950085096093,12.809155528707766
0.21988054687524738,14.420326541437742
0.22712729640600618,12.747775339656897
0.21356633548126494,15.484261724110608
0.22671319618732333,13.391875645695588
0.21718505114789538,15.039980110999421
0.22834290202616672,13.185996272910112
0.22180045684512092,14.378604715077886
0.21851807262244582,13.817874738875988
0.225384544781083,13.536050960575665
0.22353424838493355,13.741917770916636
0.21789409869860446,15.053217587685761
0.22027563414906995,14.618513237505097
0.22520218957468935,13.785543697474086
0.22701087872366288,14.213099720588431
0.23072386475405707,12.419768625062236
0.23546667829948112,12.273536057205712
0.220361749089295,14.85552201092954
0.22324909740454127,14.060861126299503
0.22090245833006017,13.915359211724235
0.21588958979356146,15.5131435293216
0.2259076279307708,13.602514947715814
0.21795990704810214,14.951554678650652
0.22603437779458427,13.403653306851366
0.22153028102072495,14.293101420036143
0.22595581226438638,13.903710231795408
0.2298692102578029,13.158467124081302
0.225501080165839,13.563346994901508
0.222107549166074,14.491405358558083
0.2264956655502325,13.46520039830898
0.21676077379058972,14.297866955767349
0.22323569872380342,13.817037605704797
0.22034821925540624,14.377813468526831
0.2255269177158858,13.473198649345578
0.22739731364748442,13.154602488296606
0.22278778078407754,14.149047114510001
0.21613352346580003,14.929266086492131
0.2305524127053182,12.987654242595523
0.21504595508636956,15.714767505526842
0.22414962541030942,14.337585299020414
0.21767168024547415,15.554603105408555
0.2243963078810983,14.215234726129628
0.22053144463847318,14.472010034062475
0.22881475212963573,14.207259282221635
0.2234487979990234,13.70321149786487
0.21498508542544703,15.413278616995374
0.21975168448926855,14.13582708456948
0.22385788761860745,14.020152298384549
0.21727913968939375,14.631289475414468
0.2294738866833142,13.284405247356165
0.22451468684693993,13.654633475842122
0.21718465605549925,15.46393341091445
0.22663222056485766,12.838883899482601
0.22074354430768794,14.757221613066617
0.22523389488884005,13.820663482518128
0.22986270944423798,13.446897938733668
0.21623313415954212,15.248160595492791
0.22125318261438826,13.862239224652434
0.21830786350650633,14.546944309571268
0.2229233782054397,13.540049792245043
0.22540997959910097,13.346365339813639
0.21573803847122142,15.1532652293385
0.21253762767776885,15.740796221278815
0.2255131027454518,13.628504467113888
0.22021025142551856,14.566954121942556
0.22550657951682848,13.914299269061141
0.21715532407708188,15.169615792716213
0.22300206907403589,14.046005606879875
0.2228885426957049,14.249803719030318
0.21740083132565804,15.281862678167954
0.22283287823745399,14.028613246831245
0.23219507079146384,12.679575492648446
0.22360288588001975,14.183540916185684
0.2185128663274921,14.792875895949743
0.21702929625973771,15.689582624947226
0.22301681623224906,14.11791716304687
0.22353461763406646,13.998274290890222
0.2253199120248751,13.394399536739412
0.21849189838583655,14.563122588363173
0.22389912838358733,13.959393190265242
0.22376802674436255,14.249264577247585
0.22783759325487166,13.359951997852283
0.21625973643296126,15.078341737299755
0.22235378595265456,14.779893831885559
0.22514187275328348,13.783638279097337
0.21580171126469608,14.711324834653947
0.2170099656889645,15.494589408477967
0.23553342394166604,13.087272500813073
0.22928562963274282,13.138171360912345
0.21948486458518435,14.668997794153217
0.22551757008979614,13.597952500179126
0.21818714966376968,14.816614620148487
0.22593508114095395,13.462554585615317
0.22785477035245977,13.54234785504515
0.22461545699773086,13.863113051639628
0.22209989287943516,14.368761544097298
0.2191834153560278,15.15910254587456
0.22638850914315573,13.810309615568823
0.2177847385454809,14.860636865005729
0.22434889299568225,13.428027551429738
0.22005590867114316,14.644454419753858
0.21408730121728456,15.590997766828421
0.23531726657767033,12.620290877372073
0.21854116426938275,14.903016348574239
0.2203117388217418,14.635320931885035
0.21628833585863086,15.240294129608607
0.21948110274051072,14.865722068337893
0.22166967755323624,14.855491751344333
0.2281849721633585,12.985239188745116
0.22158899567312562,14.13419135755987
0.2194690161184602,15.044675380957614
0.2310466899949574,12.915707238723192
0.21419620839300327,15.319242099208008
0.22385333076241928,14.580756955357959
0.2337063695637315,13.15813906630749
0.22047531668122597,13.973679604582019
0.21372107835003948,15.771128463739315
0.21676602016886518,15.645373114493653
0.22000552712650137,14.437348000843976
0.219134554570162,14.000846498532248
0.22537677619139673,14.077551078538873
0.2225335465610327,14.748599570978008
0.23263826152656886,12.502018001744435
0.21814395598909556,14.896539551023126
0.21235960280663327,16.397935280782267
0.22514943919049465,14.001685673353787
0.22560487082377648,14.247276492261824
0.21807385809784285,14.67407622289792
0.221802980178858,14.189360585513505
0.21412388790893047,15.535828146295318
0.21622325144456156,15.668463303687346
0.22565073186293713,13.330469176996726
0.2233208491051491,13.751656146582675
0.23242743021370887,12.765258200754516
0.2262692036694595,13.404896808572142
0.2241463862054785,14.13885908465866
0.22464250304020197,13.594381560962905
0.22660530519412292,13.578506993941128
0.22797174509371224,13.370980706211489
0.2185411632280416,15.064927192167678
0.2203044327738512,14.71740696250939
0.22858620887930514,13.29154932511091
0.21638895675951536,15.064990147150546
0.22849612724634857,13.41847042669255
0.21677622797910262,15.452546987987484
0.22697101492647911,13.44271462138397
0.2284270915471528,13.720963892072646
0.21478759757875646,15.397247215767072
0.22474246843127108,13.88129893990289
0.22228304382637815,13.660071941734785
0.23545175288849837,12.192177422885301
0.22024306535346985,14.217858064923256
0.2253168574748253,13.701926825057233
0.2227213588442845,13.805921759893675
0.22235695184750554,13.781573695959692
0.2184209954453187,15.624456815195375
0.22644745334817906,13.04493624297299
0.22354702618812106,14.015567903026101
0.23438182586998646,12.205963843221774
0.21796442555533801,15.18763582426225
0.22241512602700145,14.803862057471761
0.22369251943295637,13.925704637323848
0.2219854459662608,14.544945120500945
0.21862354839426956,14.329412541373404
0.2231256477263755,14.767919471219813
0.2260726489948508,13.963454382308367
0.21695721461004167,14.895155916318812
0.22083767570872723,13.868630006057343
0.21849592672203794,14.578314257185209
0.22384295998636788,13.677227926194085
0.2275738361349756,13.865124335795217
0.22246443786400852,14.234942703368837
0.22069974327735997,15.086391937021341
0.23217543077399877,12.60581282636136
0.2168644607471058,15.376532104939425
0.22719175598643057,13.809252799705419
0.21842431752594005,14.96549354693033
0.21005307550227129,17.05498167693795
0.2206806785656216,14.635151695518186
0.22503712931436212,13.502482360137558
0.226642478913973,13.670843867254135
0.21895958538243887,14.884804591823452
0.22755723079646908,13.193001633667166
0.23316598628754542,12.500987734583616
0.23575018908607262,12.459834721819503
0.2191857569261115,15.212498246293054
0.22257950946031202,13.925840402350694
0.2276098166582326,13.561430129535628
0.2197711252496259,14.275519333833483
0.22628674329907106,13.322026012418876
0.2222966198623999,13.886897287118952
0.22838357940704423,13.734262378295178
0.2274865606737848,13.6884066459708
0.2187601616560206,15.44915970356217
0.22278878881551833,13.283098344287284
0.22609643642215455,13.903486888171946
0.22967179552922465,12.97512571396835
0.21853378412768792,14.840637986319821
0.22330739124705973,13.73759388807788
0.21732925631773772,15.678334084181042
0.21869642643164225,14.83293509171758
0.2309077617026622,12.515330384714957
0.2170228739697646,15.1277516888134
0.21856577206069466,15.011716640825686
0.22250132248379295,14.100238766652867
0.22709635389191,12.769605422341897
0.2275328768317631,13.152432377274712
0.2275180953709436,13.50042953186474
0.2202491889593487,15.279861341485963
0.216706179898548,15.319421900649706
0.21675087294915668,15.056372485727847
0.2197064848422539,15.12739589214137
0.22439257267592178,13.91795859778243
0.22786048582749177,13.77449409477267
0.21762694774282818,15.040000913192618
0.2262201233415697,13.447765699453265
0.21939817449199964,14.206864932605125
0.22726955471832372,13.53221415651456
0.2193542478154067,14.574639864805976
0.2210071316531107,14.072299943038471
0.22612120616340944,13.7615859366673
0.21607381553476537,14.942802699281385
0.21988671476666827,14.51544419394435
0.22273478544059522,14.080180429766262
0.21797110644498952,15.25603720677603
0.2199001688190807,14.620601839261946
0.22837854255512072,12.742690970452248
0.22220058582119456,14.224978037469793
0.22220676363105285,13.456383496143701
0.22301630511560053,14.584795137237172
0.23135007037850808,12.622001201301847
0.21583029699383993,15.357370679664976
0.22607775516842707,13.807679797800693
0.21703873651904732,14.991231719670246
0.22031244750538456,14.659383296278143
0.22764657387943665,13.461128984258002
0.22175350911572997,14.575919825385974
0.2161546086421891,15.452875122930541
0.22176689011657588,14.370043204862839
0.22566327352439314,13.73514681087419
0.22151821753759016,14.41325086574001
0.22595385952810818,13.602953593111625
0.21987652793231843,15.03017105212008
0.22479561966069916,14.06241309666084
0.2225411245568472,14.771061331115996
0.22649381027409402,13.363025368863111
0.21637140364016402,14.889275091827484
0.21653514231881935,14.858366604295082
0.22264772138387204,13.654062005064699
0.22234012052101626,14.097429823265609
0.21512740967602215,15.59000767107331
0.2252891776342717,13.295346490537309
0.21666748387395426,14.921207383823155
0.21662790591077377,15.077447467929375
0.2253580265332097,13.975968413527498
0.22480214637851725,13.775256539215064
0.2181806468841072,14.982712475486535
0.22160170938984353,14.074824782858457
0.2248348862310538,14.01513344884036
0.22739005383181998,13.567354105916449
0.22795189987733477,13.280710586525842
0.2239234881806361,13.849868527117382
0.22207865773877394,14.582296783430488
0.21915242359168768,15.178538524571122
0.21798507405382353,15.335079191290486
0.21665135045660996,15.423598105130628
0.2246053682359817,13.516771550557909
0.22245818324959662,14.5559640190997
0.2172259062193135,14.909374572206683
0.23269936329535054,12.912214467584072
0.22995151531694635,12.705251211229513
0.2251902741533462,13.649199715980723
0.22147966227070687,14.11126191728859
0.22808230536597274,13.685718402924488
0.22187768604045788,14.257778661428567
0.22397242496982983,14.195499101740888
0.21977394166600528,14.719062124328067
0.23221665711354134,12.32991602072311
0.22032020808814246,14.470445139006104
0.21511212516197986,15.36402863957181
0.2235795314293324,14.222662184540972
0.21727711076886014,15.23346459432905
0.22462163620462644,13.99737472225563
0.22707684686073154,12.905311756242293
0.21710028259972175,15.03664161592163
0.21611010396805969,15.359696145738786
0.2263008460933491,13.568896027126652
0.2166287971654456,15.370267141688437
0.2165244523774554,15.172394884568014
0.2204734063789104,14.990419334431616
0.2231577639495473,14.542479379653447
0.2229966808655343,14.085546254566687
0.22470865670230458,14.17577170679549
0.2250343713687027,13.695070515569038
0.21685494418382867,15.478313408902695
0.23368976659862079,12.44328469558223
0.2247910338398993,13.846276984762577
0.22504655944141758,13.808314457949521
0.2240143707661732,13.79501790018625
0.22418490518527362,13.925789827931373
0.22077330707456366,14.871688230894257
0.22309600292705206,14.298792403122079
0.2238692397680631,14.32226668000992
0.2286759953207831,13.156425346691963
0.21925925681275799,14.794927533323827
0.21393095690733824,15.407170317349909
0.23498546247686203,12.497546996387952
0.22152255985311564,14.330573367747572
0.21645546345766778,15.279939942162217
0.22582647534845063,13.960208332780171
0.22053085836139455,14.606293463145324
0.22455206365489594,14.378947724829066
0.21047203960971875,16.48010306266512
0.22179147505227437,14.819150716620134
0.22054621423630935,14.70279559518513
0.21604588989114115,15.045766145406438
0.22013358102873012,15.123377441169788
0.21644662058901776,15.861059342246827
0.21862149328037767,15.277857874395806
0.22727203661584244,13.296317445258689
0.22657990549448262,13.579141272764836
0.22625665486656224,13.723058778379581
0.21833247136230122,15.193981138977248
0.22352725673380625,14.13969254917758
0.21373307224730204,16.09305676686735
0.2148081171773252,15.907176171591335
0.21661641281292138,14.822355996058034
0.2382729993532709,12.060736150825173
0.22475530215698558,13.764888445265216
0.22256035590657527,13.930666132419951
0.21922289206320672,15.261990382779468
0.21852337033616462,14.83985886333619
0.2148985539886023,15.683207142946388
0.21632813764516223,15.129792067458746
0.22176851129897543,14.015344785924666
0.2170394778850151,14.943805499486135
0.2342901232102147,12.327050316522035
0.22105108760605818,14.86824549800756
0.22752694042912083,13.183119956704255
0.21770209622390158,15.32112194781646
0.22528251651981002,14.234516233811302
0.22123804909788744,15.31820159658731
0.2240139378983766,13.79980914443555
0.2354336108731668,12.301384665292243
0.2216811496452304,13.843171451939186
0.21922356090435266,14.732739590406707
0.22439415094262785,14.03392512849284
0.22479121806778232,13.923062590659404
0.22996648986324308,13.306296912199938
0.21896798307764764,14.635959062973082
0.21726853869900087,15.443100135805233
0.2227333538952451,14.819505604672752
0.2224795147520765,14.012940719136425
0.22013471533327994,14.549428986764047
0.22547582010774345,13.83046315007064
0.22529521968225288,14.291751799061755
0.22532423039896948,13.641870549129441
0.22675446905504462,13.354046939414728
0.22144529631155496,14.397598097605599
0.21833579728705385,14.25973672916768
0.22447796174229237,13.867201202565765
0.21922137785963233,14.071539395020487
0.2292951583422107,13.308339112457986
0.2288848223898173,12.755828060620773
0.22122153453639637,14.469648389429032
0.2226347433347048,14.723840338660642
0.2177933199188194,15.361940495449321
0.2289262823989797,12.878596539393824
0.22416489085434244,14.055409867774229
0.23159237056163878,12.927059590270991
0.23003161293377783,12.750716335570392
0.21854439564821357,15.084412980922576
0.22510225989210214,13.97839269847931
0.21991953352268545,14.710287123654375
0.22326210741561256,13.669705152460864
0.22761137285900862,13.190915423669994
0.22076274906884752,14.503272444266232
0.21360722668516677,15.541884466460225
0.21993403395633973,14.899178191245653
0.22525983655114246,13.531007986406912
0.21815849521422417,14.399536894422225
0.23281159417454345,12.411909343435477
0.22019847700274361,14.854159479424627
0.2284918983534914,13.35066791307859
0.21484545047934225,15.269728340982942
0.22394556323566442,14.349107007260672
0.22295214531299826,13.948847195753773
0.21993001696404602,14.361827384234227
0.23035701792080016,12.950657788390679
0.21723969683070862,14.777821311111852
0.2168862105779933,14.94814558218845
0.2307141745781542,13.566651514283565
0.22342532049812136,14.555089787506041
0.21736195198808,14.98796528538463
0.23026702569077007,13.002089012192787
0.21968628016156297,14.564138009510032
0.22276587883462376,13.679943017638779
0.21625916395107703,15.378441707971168
0.22292081268913458,14.45912262684717
0.22885003471437904,13.217329972087976
0.2170963089173499,15.318027347013137
0.22422501027153335,13.341978270290774
0.2239955380690034,13.719194954027781
0.23038405706084003,13.330871343660979
0.22616301725526078,14.188892851191058
0.2243184144765381,14.060275711620664
0.2363905690798596,12.079032430844487
0.22130043560317622,14.161165495455514
0.23368388153935854,12.81789381231601
0.21939941137363125,14.14205855225696
0.2235169157673784,14.010140994920503
0.22464797038299736,14.008557820641338
0.23128217045554914,13.179793193556815
0.22700957612750822,13.582400807099154
0.22188007944267782,14.305182930279836
0.2199558272537039,15.107777054686796
0.22114376980153413,14.266156674102241
0.231505633208604,13.159484010764665
0.22941445188024,13.463573282674462
0.23224024913849656,12.922047668933557
0.2258511056833127,13.54767886815373
0.21266839091689893,15.782483974228201
0.21710514889709762,14.769151325129778
0.21963730013997557,14.467260796616024
0.2286936107251181,13.151048063612015
0.22103420689489922,14.36314186157361
0.2205774160802714,14.733950958721062
0.2206086201479069,14.73243035741207
0.22411225600610535,14.089100744350937
0.22115814586664223,14.073641515737346
0.21225965926688936,16.360143100421215
0.22105108760605818,14.86824549800756
0.2345543186503335,12.120897747292855
0.22851696948241135,13.326315148229794
0.21814553852648932,15.017480397192456
0.2228974391187995,13.501853160608658
0.22821531351473667,13.066094415772081
0.21769154521556106,15.03834613881477
0.226580140192674,13.586396454627769
0.2267996374010244,13.57706544414965
0.21958466004411403,14.396428275625555
0.2351692145932865,12.316181659498993
0.22133745625562212,14.606013361957586
0.21453309153802527,15.05651815905154
0.23179920534840864,12.50487566920723
0.22015635987118456,14.600486430414525
0.2185630409430978,15.033310583461352
0.2195515061006837,14.071392018969611
0.22466703178784475,14.018799935744019
0.22164814895161022,14.24069794287415
0.2221046425745943,14.288317937381844
0.22634537003203883,13.865630629672806
0.22437573847301095,13.263933986686911
0.22041050263948275,14.38812128400062
0.22323669165636295,13.95270982625914
0.23080777831657184,12.768293391740384
0.2286777108507191,13.135740161118932
0.2221893116850201,14.750136420523917
0.21607428611414906,15.377272050809117
0.22491037194378463,13.725496782381445
0.22758816793666953,13.423912511067911
0.21690218414202117,15.178517995872689
0.23334574569899855,13.01875990199676
0.21673399388709966,14.741053829446312
0.219847641318245,14.667279855602263
0.22302433694327545,14.20481867119242
0.21907426541617844,14.775836634018582
0.2302340344778771,13.111827578711994
0.2176091672410529,14.620573392531481
0.22013945230672222,14.276343566375635
0.2270590656494857,13.331125822073647
0.2227164651095706,14.28836020625824
0.22717110906790225,13.257921413643917
0.2233221167849372,13.981963931725739
0.21688422209609545,15.11483110222176
0.21628786941643174,15.098670733349953
0.226870523021716,13.472593987960067
0.21600819695513396,15.71621105369771
0.22501890845695158,13.427425363652468
0.2311506586381718,12.591199896112078
0.22315989352715707,13.99333474875626
0.22302081532609533,13.892873132000155
0.22406168792704192,13.828968001250768
0.22723520835530062,13.373825122643614
0.21283411611237146,15.746938871637022
0.2233996330104716,13.977287421588636
0.22661853651924746,13.449886179429033
0.2187037515504153,15.2334694641347
0.22842443607477053,13.586471827102853
0.22329849503398427,14.274714782219585
0.22451798992453353,13.737640509964772
0.22923342996769375,13.228394668393381
0.22506859451121036,13.982849181956981
0.2240660783360778,14.11348683124454
0.2212446611686551,14.659363993430928
0.20411157285810308,18.175594935916656
0.21901742817926956,14.872403203462211
0.220137875482339,14.581953556337824
0.2242342979859957,14.097017055595837
0.22186047066286568,14.01462583929166
0.21754984375800773,14.795570001619302
0.22136921756825834,14.74324444062291
0.21933989109769975,14.575716008823438
0.226804425290535,13.09103742522976
0.22169037792408786,14.717383243461677
0.22060618240823862,14.155944943103398
0.2292920464290046,12.901039301267334
0.22464289077551977,13.028525770634538
0.2210718504391489,14.490885066371746
0.21900839046800397,14.9654421304155
0.22486101647026585,13.750033742249185
0.22227833406454833,14.046550966647153
0.22246814462213238,14.470255171577527
0.21865467400478433,15.187536852327485
0.2219430047782226,14.336543991238923
0.21515712176017038,14.906072447251882
0.22340825430469652,13.844731233449647
0.21948910075687234,14.410195756375522
0.2232984972723699,14.127887082419154
0.22160583572006043,14.296376198932052
0.2219829683379514,14.007494145646431
0.22449588574645313,14.521735311390616
0.21695277138343952,15.306611580846429
0.22334949534311477,13.730882252053235
0.22432174113257172,13.611038217750172
0.21994583921500976,14.375798562949615
0.21843004954160675,14.7571171180537
0.2114326902389584,16.587001483757355
0.22360952692537325,13.791258739185585
0.2198162028748058,14.450913677646454
0.21520817619707405,15.9984109199796
0.22349995023567748,13.825464652191869
0.21854765295584677,15.66604468504418
0.22525033451793455,13.244647779337965
0.22419798225791232,13.898612465578266
0.22114026771990958,14.499676849859243
0.22694355367145677,13.275558796104775
0.21829725710925318,14.292717415388843
0.22204494045314188,13.669094755359486
0.22169670945618136,13.966435261642397
0.2223522304205811,14.20387975972127
0.22494936343687996,13.904244980350578
0.22355306276697945,13.461325760193944
0.22811022938177272,13.605797268495813
0.22081527899960424,14.078074804022265
0.2286541273660471,13.334566120187558
0.22661388665275345,12.899552662849054
0.22096615610909148,14.267193093027888
0.2326197639687984,12.494070035797643
0.22292198904787985,14.48467710946951
0.22263061165406528,14.224142386210163
0.22280435632377688,14.313700825070985
0.22593263176795594,13.457650867130152
0.22175342953810237,14.48755831923874
0.2178921622494128,14.95181099790917
0.22310489547329782,14.132061185075543
0.21943336772432262,14.639787086445592
0.22542417626362166,13.76012809546228
0.2265126608211445,13.81682519713664
0.21802581123443265,15.00011709338254
0.21372635640080043,15.22616134572195
0.22168138969736584,14.749937407916823
0.23055108189955872,13.533700040754427
0.22386887131715275,13.976939545413373
0.2146534369227764,15.615939545435308
0.21859685883646496,14.589612122164725
0.22075109874996288,14.431780847867364
0.2290639581030113,13.324274370462467
0.22387006256180345,13.883632185127125
0.2140518446100871,15.224276057291403
0.21272759869729663,15.994479119688549
0.21990548206359356,14.23783123340485
0.22459085562179892,13.243164810802801
0.22057332019645362,14.344806333994107
0.22138816005896386,14.207584200083668
0.23156971003364593,12.702932036480158
0.22631849823064043,13.469858229208628
0.2207047361822448,14.618185327025385
0.22383315394405956,13.590168063157284
0.22472628825798405,13.370605462288541
0.22126991980049632,14.484161456436173
0.21703865714451778,14.854205774448431
0.21823697867656294,15.282635068994178
0.22054420249476636,14.809664939347153
0.21730536726193386,15.484365551199176
0.2222218555105209,13.546058776023042
0.2239133164987135,13.853541467135695
0.2190341412289154,14.717323629155663
0.22466125795855316,13.61335984989828
0.21855613730683204,14.76400354275044
0.21889680108299828,14.481690231128137
0.22221604606391807,14.03167716835515
0.23383469179911345,12.67674138628099
0.21962573162493942,15.718944763173745
0.22528782401690822,13.555013651772402
0.22244066980796617,14.2373674835199
0.23358899011910123,12.981217006868265
0.21902174284899256,14.923085341473385
0.22680256409257582,13.53384895041243
0.22307689770262534,14.182122134773559
0.22972863756314335,13.241816887542678
0.22714142765089432,13.606714260987365
0.22207418158044998,14.026292245202793
0.22423969735179006,14.137806659257453
0.2254047689680891,13.451313355536191
0.22335116830825075,14.024960721111286
0.22383276608927355,14.531449284125637
0.22470641500363625,14.05764226770092
0.22059290743397572,14.24682430482034
0.2165570565790234,15.210410717751566
0.23241708962854157,12.883251928935746
0.2236003736246319,13.931714790436626
0.22951337498141278,13.531371693949659
0.22170138021971345,14.269862788671508
0.22715556903147482,13.598944312395286
0.22311779094417672,14.21227938899138
0.21711421995549818,14.684957992235082
0.22523030904063326,14.045483530169898
0.2184641314644425,14.753687350416698
0.22654737727738705,13.475241325800404
0.22027208350525393,14.248978137820988
0.22485728033537117,13.812473331656458
0.21860282030939177,15.170341518651325
0.2238496727778843,14.174521488628024
0.2171179519387576,15.226390600891328
0.21420704243781322,15.392762802470145
0.22510607716855402,14.214531889107832
0.2236552020614259,13.77016024603386
0.2130383239765699,16.087200818920792
0.22623289839392413,13.515449312059168
0.21804116086307077,15.593177854914678
0.2192134192261483,15.065480758773
0.22427016740447409,13.670311256609203
0.21922264933208965,15.506909104560226
0.21515060569185118,15.462919484045551
0.2292603406632247,13.125065545346391
0.21551851747546205,14.992342114237438
0.22088877393590328,14.176493073903547
0.2176988202715286,14.803244742501485
0.22507432706761415,14.218799244562575
0.22502403928611422,13.742191806518518
0.2310399043902226,13.150924888099116
0.22014443725706978,14.548293441603274
0.21981240939801905,15.159656296648317
0.22611296696610045,13.58355608706055
0.22361213146584408,13.94594771138776
0.21648206302487463,15.287272762949762
0.22060086651989785,14.464480250372283
0.21886715705596427,14.549475622529767
0.2262388573815547,13.975327918225167
0.22278925834745478,14.054065574384358
0.22324018665487638,14.189572227195068
0.21826466965665903,14.93269174034584
0.22706730550800508,14.058249709986269
0.22009697544559156,15.040099001992878
0.22670790733839988,13.841639289293138
0.22217590711793556,14.29281217151154
0.22169313459089907,13.965720003143288
0.21992126790650474,14.615919582058318
0.221819295004699,14.30218417621644
0.22265571437951168,14.157759862096482
0.22659932894352644,13.583791355126847
0.23134877623794892,12.877085820984515
0.21978618973873146,14.223856687445638
0.22362192350271298,14.218925843383504
0.2277419064861097,13.099334259886662
0.22223732249400013,14.259783150785779
0.21901713850029866,14.435622721835928
0.2155279548166746,16.098664997576776
0.2184256254901822,14.848566229274013
0.22300467657344078,13.574412745138776
0.22341495094845168,14.25402501563475
0.22055009885000054,14.659304758679898
0.21817115164982226,14.801541977598584
0.22086216501086275,14.218503939285858
0.2195615638076462,14.791930851778941
0.2286788334031381,13.46804899401647
0.22236270436461128,14.495242635656906
0.21987449201327003,14.022052106413387
0.22075400165453554,14.365203452489016
0.21685910280415885,16.02785541089885
0.22427832939407896,13.810336164113838
0.22808496874876638,13.518062783528727
0.22255464460606397,14.083858858771976
0.21538162663594282,15.598682379563048
0.21736195198808,14.98796528538463
0.22730354456278323,13.626351733648239
0.2238738943486222,13.771607343698097
0.217549707374079,15.23194920905761
0.22443307260024686,13.824731800215535
0.2208768959968691,14.639338317636627
0.22466947446221147,13.40627864022389
0.2199137501298752,14.266456225944463
0.2316969684691481,12.741047629314394
0.21711792154945653,15.057346791048921
0.230718425917451,12.866032585109453
0.22559374087144224,13.704807435473857
0.22068404317348303,14.355800586537192
0.22212904697717117,14.821787623882027
0.2197037931281642,14.799192321799378
0.2171946270150679,15.232236076652605
0.2278439419760424,12.924933957347573
0.22357431821934381,14.476308047692978
0.22371939355170217,13.715054641750521
0.22228962928599463,14.168946453717396
0.2269603903613816,13.77753886813352
0.2236909665296257,13.985136394074638
0.22263832476544204,15.02133618885728
0.22195847159305543,14.779401382817076
0.227499617463575,12.985463268810955
0.22701669191690513,13.154560186847903
0.22604808459744924,13.638144014423442
0.23068964483310586,13.081474598479923
0.22186089730028297,13.825416240821239
0.22440428874505514,14.212763773376642
0.2241910498143413,13.656221473124264
0.22629620059316893,13.862069235747803
0.21805058078699657,15.138453220570089
0.21546093218289883,15.431424470401971
0.2180564566873968,15.064993807533186
0.2296659640840645,13.466424503059338
0.22318033473454846,14.252406524351372
0.23064843498724397,12.93505431300191
0.22241933534966504,14.090309643403119
0.2263798349956672,13.571247129728146
0.22314499955133785,13.583992651324797
0.22702795220346098,13.442968153549998
0.22026311659833647,14.725556297527863
0.22130819463226864,14.272796193310125
0.21929686764152473,14.379546824026768
0.22447125187033987,14.386698878501745
0.22558835938893906,13.764710449684344
0.2245561830500093,13.924469075120808
0.22288001790217374,14.608979360695177
0.2320171122485451,13.11212328169133
0.22064166218710154,14.937352419056134
0.22921638781450598,12.944042573767247
0.21924889167737746,14.864928659098382
0.21413888128843422,15.30794516086619
0.2141308828166915,16.106137136064813
0.2319923827080161,13.057666214245753
0.22200731386648015,14.37088360162398
0.2226041335159093,14.050830158000412
0.21890333011572727,14.839253776247803
0.2199984732898419,14.473663526312386
0.2267729546605809,13.746722304207225
0.21696320878242487,14.903570991805712
0.21589063866249775,16.007113556454417
0.21848074675581058,14.622851455118957
0.21872437790659846,14.495786973803943
0.22453188727104542,13.931863950791149
0.228507825083131,13.209625312547054
0.22706292937511507,13.056748597503805
0.22273603514205104,14.277727888127316
