0,1
0.5239680229620278,3.4222241426258893
0.5196837994434818,3.4356336711938997
0.5235864214839171,3.4022993498929543
0.5191026359058208,3.440186699975521
0.5282910106714248,3.3874912609374768
0.5151856991404044,3.4687388977207383
0.5305589769995178,3.3693475441773466
0.5173871062805826,3.4486191776832547
0.5197104364747258,3.450160015869047
0.5247092084455898,3.4035173760411794
0.5116178884317919,3.493539414488436
0.5196308593812989,3.4421169850134934
0.5190693221238165,3.4364091373522125
0.5236189370059754,3.408778876278039
0.5264751774708305,3.3843496710487337
0.5213134874078179,3.417494192938218
0.5191535258732696,3.4480475461164155
0.528458782964677,3.382872406719302
0.5218260299167503,3.407787704836788
0.531348283252963,3.3645573030141236
0.5202189527584689,3.445019417102424
0.5163394359755213,3.4518163585591473
0.5274776759106817,3.37784763269192
0.5095756779006881,3.5082446756123447
0.5332663719032982,3.3398493433292584
0.5260166070147221,3.401819713753505
0.523268561676564,3.412981539924164
0.5244537361577193,3.406999717803349
0.518859498131786,3.4440346294879896
0.5183170956918379,3.433926986093191
0.5182417973939516,3.4393853118040947
0.5195584318444075,3.4431226719436685
0.5157662612409067,3.4581478318899754
0.5198912436452093,3.432361158589221
0.5166119275294843,3.45323922386647
0.5150781162627955,3.4592513536475082
0.5275365468079367,3.3798622522922157
0.5162597528760997,3.4563282728348526
0.512146463373563,3.507851935814593
0.5124429186453123,3.489423188472744
0.5264707095695877,3.3969431557071155
0.5145149481547973,3.4710792800478547
0.5284517339758187,3.371559248015982
0.5158965819698544,3.4582460790373624
0.5262913724319918,3.398389207342934
0.5253060843924825,3.4065593266664944
0.5184436762877338,3.466582694588594
0.5368258389229155,3.3143167491144068
0.5136205800127629,3.468978590675731
0.5118609131676475,3.4871374204611687
0.5237390614540283,3.403894537720392
0.5217273943064229,3.4188535650149707
0.5188411309047745,3.4495482434676568
0.5151616886890966,3.465204683494764
0.5178996924184713,3.4512048304216365
0.5265247954165035,3.3917653444866063
0.518565147558514,3.4372030764797956
0.5268632368879002,3.375184560826838
0.5061815481900014,3.530727560853298
0.5258429917757199,3.399496601380806
0.5114589239404705,3.5011827561912052
0.5177185313518979,3.4404787664315006
0.5225565726817689,3.4127314389869676
0.5146302386809427,3.4822781570092904
0.5170312022561847,3.4542804927886035
0.5255159768088302,3.388117081338068
0.5285914568386492,3.3821346230661127
0.5195044206116866,3.4521775860023745
0.528329408913217,3.3700675236325126
0.5171428315086497,3.4484085842610637
0.5232940319303994,3.420761880735632
0.5273144290993326,3.3906970164193106
0.5269162202017241,3.39268121649326
0.5210243582759668,3.4074068318249866
0.5139782562375961,3.491526956028928
0.5202454179078466,3.4337130657268804
0.526405332149898,3.385758459433096
0.5208449321312378,3.4394820142787497
0.5190399261443972,3.4485871619472133
0.5180919228145564,3.4395523222552757
0.5054518433235453,3.555624167242636
0.5234229749135058,3.4160796881078745
0.5161327061334062,3.462692595021361
0.5225488149858868,3.4106481632156895
0.5283962640101569,3.3730318819450256
0.5118939007390639,3.494498295348177
0.5198948837821544,3.4367481908861306
0.5238148017993518,3.4253342244303617
0.517571999518459,3.468664272820124
0.5261915295576256,3.4047520284575357
0.5247393368603603,3.4062080364630436
0.5274799119841144,3.3823612692073644
0.5168957370611627,3.4523111538830813
0.5269123091518997,3.392049976390078
0.5144124664333791,3.471750158755734
0.5193789211051805,3.4387761161180515
0.5101110001515758,3.5159144883563758
0.5203814795450561,3.4169205983447473
0.5167802925619034,3.4683437591155823
0.515981428007642,3.475488095680187
0.5216322490263638,3.4222126689861576
0.533348185470631,3.3581651471554825
0.5107778990385139,3.5093399181310665
0.5131705639327833,3.4825881182417655
0.5248409942236479,3.398337118578156
0.5233019723295292,3.432002308386824
0.5266076729383886,3.4107383467796883
0.5204258484621057,3.435551112642972
0.5320079076864703,3.3573711999882785
0.5267947442121748,3.393161044303874
0.508210393993864,3.512137754701573
0.5266101107648539,3.3987806569311196
0.522287610474305,3.413279402798237
0.5120622710664433,3.4781455573537783
0.5154317941107487,3.4747998570760563
0.50318307017602,3.568091674987277
0.511884114329046,3.4690462776509277
0.5100919401262591,3.499453418358864
0.5229497361180908,3.430879796362476
0.5257170814412728,3.4038190175187504
0.5188168075686013,3.451065774490155
0.5170855055755765,3.4778718490467195
0.5209948660582805,3.4305272529050166
0.5203351931928959,3.434343069867373
0.5260320762401847,3.3866366518621276
0.5143155114193405,3.4756588413930594
0.5235871345552013,3.401965120458814
0.514171454008838,3.4816540269319467
0.5275288507740001,3.3810068515373426
0.5266660048344327,3.400992953976786
0.519940547414781,3.435073099789095
0.5190123028368552,3.4488168714009557
0.5137111959141738,3.4902872033866714
0.5181380586072684,3.443987447757935
0.5097932320154954,3.5098315762325227
0.5211131673803895,3.4404661152610947
0.5264445497625956,3.3987813820434036
0.5205464206008423,3.430782200158797
0.5317333935383997,3.348982037140284
0.5150559760291897,3.4640676990386807
0.5276168229346314,3.381053740509047
0.5275250001654863,3.3801873368041058
0.5184635683349115,3.441103922759037
0.5167642505614259,3.4612076199487487
0.5208798959589735,3.4356639602135477
0.5199430572663915,3.439182213299323
0.5120720800566827,3.480036067469398
0.5212747328502678,3.431473117824022
0.5169763541847446,3.4529344294245896
0.519390986251633,3.452463855139248
0.5196203567368687,3.428174574205913
0.5086746066251969,3.509233099659076
0.5188012277026928,3.440949758064683
0.5105281713533282,3.4905753225326532
0.5334920427311052,3.3468717323802855
0.530104681289927,3.3706014402085
0.5234002334554522,3.413483742675729
0.5184109552517548,3.4606022490670902
0.5234306717384785,3.4130654070381197
0.5233811091718084,3.42286477155508
0.5269490965671403,3.385644426611393
0.534297531013961,3.356161457293277
0.5221122511823508,3.427760010133939
0.5269214210326962,3.398499076540758
0.5196825552250546,3.435437958753478
0.5215751299230673,3.4246283025501443
0.5208023086925319,3.439202468750236
0.5251854835709047,3.3990141806690453
0.5201387629223992,3.43262298744593
0.5107133557627402,3.5000993744027458
0.5275538826802411,3.37303563994846
0.5170241922737766,3.4571738567277346
0.5186549925315593,3.4199759992530905
0.5299717874460026,3.3688388942426677
0.5199539057088023,3.444092608821283
0.5211716977626364,3.4270887822946614
0.5308987404996945,3.377743528599997
0.5089000597846234,3.517603259965233
0.5246134047239122,3.410749101782245
0.5193204218248135,3.439993533635528
0.5175749996563173,3.4572576373323356
0.5140757206872861,3.4778438087292423
0.5267864583510007,3.3763548697130985
0.5179330165578246,3.4321045743987755
0.5168779046543117,3.447814436409247
0.5197879670034349,3.4405149372003314
0.5119023611387483,3.4884675757714234
0.5238285355175838,3.410703561349112
0.5285860334691559,3.3664342990864204
0.5178783014317514,3.4472290923734468
0.5148932630776126,3.4761334008900895
0.5203998349137755,3.4337953734730013
0.5187677691517614,3.4545092635329624
0.5215655359437166,3.435576851894035
0.5203586733042589,3.4283944766110857
0.5209081388887775,3.4408996549110005
0.5173226495393217,3.4561432668055803
0.5256509010398085,3.3899746455079707
0.5249703785585965,3.3983319878314187
0.5253052867010617,3.4050986646205708
0.5232998077059818,3.4246797812322707
0.5169846768207327,3.4565674521902423
0.5207524418531171,3.430432122443168
0.5241886304368486,3.4066296626828088
0.5124388760944001,3.5027295491504757
0.5150176187972906,3.4790192676190594
0.5187641954756805,3.43417918763236
0.5204369928931112,3.429727274547302
0.5118715422444259,3.5096536725913188
0.5315096034866884,3.3528487756431646
0.5281904674981499,3.3709788686075544
0.5265781688993285,3.3830356333718297
0.529649739143565,3.3613320598777396
0.522383666349169,3.4227015490392487
0.5131531861761731,3.4890131497494337
0.5134967282603152,3.48412278713019
0.5261511525940803,3.397729106827163
0.5187570170889484,3.4386607696881777
0.523940057291099,3.4068233125488785
0.5182222930871516,3.451226051601194
0.5151669199619395,3.48278409365384
0.5130435227643861,3.508239403203071
0.5136803440551334,3.4842319158602604
0.5290314413369406,3.364778189421219
0.5066492993794193,3.5148255820397902
0.5211913142483626,3.4375737209974404
0.5011580737979763,3.574099252747476
0.5219326152845916,3.4252256139763317
0.5227895657129666,3.4160175902763448
0.5227330089980154,3.408184663232505
0.5239290711745193,3.3993280863985595
0.5256249807925139,3.3887616886897227
0.5143811984490871,3.4782306627643322
0.5174138645916504,3.456926002222566
0.5124043145940742,3.483230199242177
0.5168149616036957,3.4604816632009348
0.5240144327859256,3.3886886873959
0.5185120213648926,3.4485416650210285
0.5203227426366546,3.423173831527781
0.516717542232657,3.466716301789259
0.5148566456384143,3.4710147492877717
0.5189414661012048,3.44911081160786
0.5232291738124315,3.426571009751044
0.5203077399299678,3.4439708989146123
0.5128007021126678,3.4837448045128436
0.526940746834387,3.4011104893689876
0.5210593545133121,3.4328880582654344
0.5067809794409497,3.53583645575645
0.5272647897704092,3.3927146105772295
0.5199956308325637,3.4330338280792727
0.5142376457819383,3.4800019809758322
0.5191435155357504,3.452124615265458
0.5212263060949566,3.427688188934735
0.5171849596508036,3.453660480019829
0.5160288836898567,3.478324660104172
0.5198664060427236,3.432659623389096
0.5267871005420759,3.382149260937796
0.5216499838440313,3.418860474745352
0.5152059026717375,3.4861665089896907
0.5228010594696935,3.4198747588071288
0.5225590164724994,3.4064997032370434
0.5045819962844282,3.54664812224606
0.5251010614760094,3.3956119795981015
0.5244916400761712,3.3986546854624033
0.5152242802302941,3.473703686154693
0.5156887343937677,3.4699823376628056
0.5139916005472076,3.4649850263675246
0.5141546234077106,3.458161472381015
0.5213797055370353,3.415532471601836
0.5214130681687671,3.4196640846240904
0.5107060157763517,3.4983956759295314
0.5312481165739766,3.3674192869720363
0.5238554672656848,3.401335832795836
0.5184081595198604,3.454083902107099
0.5302656446531704,3.365331970875689
0.5176803002822761,3.451382473852045
0.5202658871402832,3.4288534434125735
0.5192448776699277,3.4499600432654587
0.5198492741759977,3.4417990408128727
0.5133296254991654,3.486739607473304
0.5274522330687721,3.3883614138681284
0.5234041208032807,3.422392737364401
0.5164214508037894,3.454175640860241
0.5148165435213856,3.4728602765446395
0.5234969688692671,3.417455927221706
0.528714161933103,3.3903819918985274
0.5204128675412345,3.431886078376109
0.5105114727636602,3.4985043551092043
0.5238679676303426,3.4027658577099906
0.5239402343195447,3.403415076169229
0.5169396217584894,3.4726467363162374
0.5275465992806833,3.3807754943106105
0.5172593969310838,3.459017620434829
0.5102348597516735,3.495134396826278
0.5165742485830223,3.4591349831940157
0.5220314481394627,3.423275696202959
0.5087770526155815,3.525171908644663
0.5245298579849373,3.3916533747758337
0.5124283737789457,3.4894815645064305
0.5192672013844368,3.44435253840304
0.5191006567339739,3.437167541235574
0.5229904654688935,3.3983603185936784
0.5194851390314821,3.447175106346164
0.5160850487999362,3.464162865874264
0.5085992165794138,3.517438256783719
0.5257501497502941,3.4072410587667754
0.528007541774931,3.3967086339915054
0.5139850880868594,3.4767331073557286
0.5163381445435835,3.4608487375529333
0.5228573079757128,3.4095885823313514
0.5149257455439132,3.4866252088582854
0.5160341509583277,3.4620415164794665
0.5210898766613408,3.4270488376115984
0.5201969906603376,3.444673345298698
0.5245490664620085,3.4034855850213486
0.5224342920277711,3.4184495436334874
0.5212160093581002,3.426929344949384
0.5180368568184366,3.4378168571105308
0.5222533449321209,3.4183404101729193
0.5242601647363687,3.395257962204527
0.5196915447396081,3.4370438639383565
0.5209370107489417,3.446017218538046
0.5117425630254562,3.4913784967812704
0.5208404319793987,3.4425695528485813
0.5338480458064274,3.3679620421060763
0.520815995532855,3.4290963447053775
0.5123681499235587,3.4847975656155756
0.5298437317676592,3.380733597684808
0.5211665730337087,3.4245692256498192
0.5222269136606481,3.4094068918874814
0.5226459829340109,3.41999032999981
0.5151367399597835,3.473230724895265
0.5198969060864298,3.435183866210992
0.5206317298781806,3.426407376958556
0.531619295692132,3.355319328158711
0.5272530632546806,3.406601835698841
0.5211714848807569,3.418902888500373
0.519093434346092,3.453691642400962
0.5218325973161402,3.397948379575485
0.5159122576500039,3.4583536706181577
0.5167118162587603,3.4622882132316164
0.5230686517425946,3.4222023483743786
0.5200263216847842,3.435684162490146
0.5174851859326888,3.4638867908005184
0.522109678562714,3.4179773175414105
0.5180727942589956,3.4402407243630098
0.5133497766554442,3.477461363435488
0.5195864235132919,3.4332358687797684
0.5260888213028021,3.3915147610990175
0.5180048537857453,3.452251417013838
0.5126173010963492,3.482879846092519
0.5169348248370611,3.4606880388128203
0.5198498030607632,3.4271798571434187
0.5151160324204611,3.4620382087015553
0.5213785006812088,3.426259383293899
0.5237673859821101,3.4102534900094237
0.5169106751981434,3.456570241404885
0.5263369788406234,3.38809004881735
0.5098557054004488,3.5013876651269378
0.5178734996520982,3.4358616378625353
0.5248439229887262,3.410467160621269
0.5224041804071448,3.420173264134101
0.5234127333877779,3.420407245953737
0.5254862741403348,3.39511485260871
0.5295147120750685,3.3795030829978048
0.5284766304985249,3.365681781996837
0.5226954571119318,3.4024488585389956
0.5336991959029502,3.3610159252768956
0.5207000138508289,3.4167342254845012
0.5070184743701778,3.5286962791174603
0.5270653051529617,3.385238743008288
0.5230499239351886,3.405284382136065
0.5263999303177109,3.3850643138946057
0.5246634808110874,3.4116203931869795
0.5309229114369397,3.3527032053277144
0.5240095745729367,3.40347371236891
0.5182473154057623,3.4428771018738766
0.5220117369006101,3.4226196459829517
0.5209423055736168,3.4279302017767614
0.5259679521860874,3.393397328739014
0.5184906992389231,3.4479681760254173
0.5264469872111176,3.3913566836960927
0.5176388842002443,3.44784899731148
0.5275836907978279,3.3805691207432376
0.5161125025903135,3.4631942221846086
0.5193577245472347,3.430474568343249
0.5251032872739536,3.402579356993416
0.5286130198382423,3.3790567551706836
0.5232723028235324,3.4045183065470845
0.526806329907766,3.401811421777758
0.5172693457959386,3.448777019340379
0.5274934277894225,3.3931484916429304
0.5208587285744533,3.4222538393206943
0.5297892644276098,3.361186616941948
0.5225156010850518,3.429810877110208
0.5248943490865148,3.404059387235631
0.5325587869056788,3.3561235301133525
0.5275792391207772,3.3602427179374224
0.5243204324427995,3.415237625212064
0.5123201281180152,3.493674203967859
0.5221397188619878,3.4216126173231607
0.522080501886775,3.410286281655883
0.5265991745210824,3.379456552547906
0.520793085625334,3.4332160790555277
0.5245553078620389,3.4002139563581877
0.5209343477744875,3.4395822567189893
0.5230471147942907,3.414001568943391
0.5242946134062898,3.4051758683959705
0.5212138285200578,3.424814322598532
0.5189084998683285,3.437688627730854
0.5184553670859231,3.4497607660271403
0.5152718201000563,3.4691286017751004
0.5228456835447226,3.4244919124776505
0.5264929605322946,3.395381719745655
0.5035813614710815,3.547309499345601
0.5243790941409963,3.41551987477619
0.5230462512451542,3.4039092620212132
0.5146969595128545,3.4786262864296362
0.5293576576394623,3.3810722801611237
0.5172706799034112,3.455320032861557
0.5136326107806468,3.479571171200235
0.5227872669775124,3.395531055001747
0.5131500050956573,3.4957753669026492
0.5079956986148136,3.52666352100586
0.5230901267261407,3.4145525557435845
0.5133136346443585,3.4941116493865874
0.5198428549900613,3.4401383647195205
0.5156757571152004,3.469989714815205
0.5259378088247795,3.4075845885348666
0.514377579969763,3.4698733123980054
0.5181864637807256,3.4639965613751054
0.5263908646965746,3.4060971383135485
0.5212310728510667,3.4457154570838577
0.5202323771690638,3.4252517668139526
0.5144967088469368,3.462480087183987
0.5211054781625961,3.4195572362614315
0.5321747045693614,3.3401301964760646
0.5305172996700188,3.374061406362437
0.5210675677273404,3.43835149563961
0.5136007007641052,3.4798274804335194
0.5107522946787992,3.4727189736089756
0.5210408568645865,3.414009364118858
0.5107911532414879,3.4968175659952365
0.5143123673875939,3.4706366896173626
0.5278980615521748,3.378725517522818
0.529743548072594,3.3736009736129033
0.5268805304500013,3.386635818821099
0.5244904418824012,3.390186193525595
0.5232222902003764,3.4175238962501995
0.5142641259315306,3.4841531864566893
0.519683384703826,3.4450428604488175
0.524666904060356,3.405911339181691
0.5193923544737697,3.428682604637153
0.5201711907628667,3.4274354907831626
0.5133775792126616,3.4685934223827832
0.5262915081158135,3.398206538418653
0.5188620362143446,3.4458872320783227
0.5254019838973831,3.399818121795147
0.5204435924491981,3.420062546826336
0.5118611084783233,3.479706294484103
0.5238153119948006,3.399243902437916
0.5122029903264329,3.4969963136030455
0.5180013761612574,3.4453811803228236
0.5184601407840206,3.45873161141062
0.5237545276620508,3.3952513608418746
0.5200203991762862,3.4445679361946593
0.5280101553033533,3.3896073590505758
0.5228500472414281,3.4238195708338988
0.5154286668070343,3.469847464889347
0.5245108738832441,3.3996618345578575
0.52336029403826,3.4135295522718567
0.5251432273503738,3.401674426247765
0.5147227004400234,3.47460725273912
0.5251865991669166,3.390275054590142
0.5188101467301258,3.4469207927598275
0.5143763325771606,3.4753933876942744
0.5208747883379492,3.408202180271935
0.5181727680512467,3.4293282153986078
0.5087839558586551,3.5210880753682527
0.5231546740999169,3.416063048112371
0.5337559732094472,3.3478161039261747
0.5149564548819028,3.4784659198895436
0.5225567182691336,3.4353969362786305
0.5243609097995889,3.4027722533569413
0.526307743333687,3.3928982295090835
0.5301224509019231,3.3653174767449183
0.5147408309121888,3.485785904784722
0.5187887660667171,3.4511082149546524
0.52599020812375,3.3992646832005984
0.530944540988364,3.363473926728042
0.5256636736490423,3.4051404807398593
0.5208598237858286,3.4176978830633393
0.5271610994721467,3.3916024404742595
0.5131477196662874,3.4587888907028437
0.5214841025783982,3.428256919367429
0.5120407204677297,3.48152954992313
0.5228590139438641,3.4147711798792866
0.5258438524770792,3.3818109184662064
0.5260295510626072,3.3827782631836154
0.5222643698657059,3.4161750683184344
0.5251441343865204,3.406519586895151
0.5246403468237426,3.4082445741967478
0.5221451345286419,3.430877144860735
0.5102307455120201,3.5226320218785605
0.5277218744270569,3.366482513262092
0.5120944334537594,3.486447724430721
0.5212283104144066,3.4307933135462463
0.5179074230988661,3.437150579460957
0.5167015323338631,3.466875079018847
0.5145260115230328,3.48060819465583
0.5159215723125797,3.4704662384963734
0.5242111969212814,3.4126540839986905
0.5195625890736928,3.43754606942686
0.5234058953539358,3.422632527556965
0.5168902787573546,3.464995987419987
0.5096458349502948,3.502876615911498
0.5251666906511652,3.3997930404827446
0.5173149857738564,3.4539086511021084
0.5148120568991643,3.4772113676668
0.5296695116995023,3.367359447027851
0.5101214843746147,3.5070750683313063
0.5151553121490945,3.468020623404388
0.519858555627515,3.4273943579652424
0.5180786425042279,3.4390220135781915
0.5189885760327091,3.4517135000055705
0.5337895617433375,3.3417731410140865
0.5103663412681347,3.491734535043387
0.5254779986362436,3.405999721557925
0.5143795386889414,3.4761248906293587
0.5221362262404965,3.421365716343746
0.5114671334747312,3.504719417353252
0.5106171505029882,3.4919171798466233
0.5215084311133927,3.430545952210238
0.5125181155732494,3.4937480583115037
0.5185841308025859,3.4445271794242256
0.5244785642114733,3.409231399556326
0.5277104720998052,3.373326458569473
0.5200706016313988,3.4285547852685268
0.5167209323567614,3.46309172754738
0.5116894885590824,3.4976764848946096
0.516324445145889,3.465170884614796
0.5254144770876982,3.3917887961024102
0.513115281623612,3.483509236541277
0.532325064498125,3.3405026643932647
0.5282365161646969,3.3842597224055457
0.5237122733547184,3.3890831727659725
0.5201573833817503,3.4392220170937575
0.5221451605155976,3.4257428598958386
0.5131983402319553,3.4730636423247514
0.5230550532387191,3.42645947932132
0.5285010151083482,3.3716249788217096
0.5215900431113769,3.434255888881905
0.5114372856690634,3.5001932667535374
0.5098481164622753,3.51819616136873
0.5154229076423728,3.4766879968365325
0.5225270604833505,3.4128176250297297
0.5224384095717609,3.4276492219735353
0.5208660421183754,3.421281827759095
0.5227135542297692,3.4290789234514407
0.5112682875465548,3.5071540084912702
0.5219530368461895,3.4131986128681633
0.5125382994932715,3.487937581659905
0.5194972780883913,3.435783028559426
0.5229658508021147,3.4069677475515423
0.5179261446503709,3.4586963215519932
0.5139011516999501,3.4774690749175616
0.51542502346025,3.4597056278578227
0.5281432811569617,3.3759088266990047
0.5308845327175169,3.366322491753489
0.5237390926881378,3.406174201718173
0.5240663957702109,3.4127316632074054
0.5245879794514832,3.4008741954765296
0.525231343901944,3.401714963050927
0.5185983814325259,3.453828152387783
0.5221855346746874,3.413283972179783
0.5312697628551233,3.365273857035359
0.5195322655601433,3.45016240131206
0.5198345899626302,3.4375594145277293
0.5073689930439074,3.526414653409202
0.5209623534945462,3.420018429713566
0.5179028177996223,3.452690492033263
0.5114898000052783,3.495543849303721
0.5219677842826924,3.4242972457125322
0.5271715035627595,3.392559888012609
0.5163994534119749,3.44551729629535
0.512778824496511,3.4930840124756743
0.5205061244428493,3.417517074006353
0.5170013429958642,3.466969395495699
0.5175379124254742,3.4581114670544597
0.5164844908790116,3.4554026785442438
0.5245117282644367,3.412374614724422
0.5310787142963891,3.3601558048442506
0.5273888741493942,3.3747797104573096
0.5183335165549454,3.456242925554953
0.5231813693242023,3.41992620749651
0.5097198327381398,3.5174777195500035
0.5301519994689248,3.3652772738417736
0.5183559947594818,3.4457607107728507
0.5159094488126068,3.468562384777212
0.5135815120487096,3.478235365426831
0.5228099945268089,3.422798868244221
0.5254135906710623,3.3966901852255527
0.5209225383752811,3.4389803455819967
0.5286360476913172,3.376575704712902
0.5247315311085952,3.3849680148325754
0.5280331650817103,3.387103138406534
0.5272453118114913,3.388088520779296
0.5224279961696711,3.4169060585746527
0.523575787933261,3.4167879748312
0.5281432236521562,3.3816038304956977
0.5164576355450643,3.452651382110825
0.5226042900817722,3.4277491903472663
0.5218200808467424,3.4232271686647557
0.5231140941421427,3.4068705244146207
0.5208531539157877,3.430154364190489
0.5218758580369072,3.4213351293337007
0.5143678689098168,3.484435070499923
0.5262290536655385,3.390450783169007
0.5299298964859914,3.358799766375796
0.5137768794510537,3.4927599130217937
0.5234251866387929,3.4150890354079357
0.5193843006490146,3.4392817945504626
0.5153635119480715,3.4681025183855687
0.5234560888523971,3.41188460137233
0.5208893690060405,3.4367628042178535
0.5284344202225353,3.371527101249506
0.5048559724986907,3.5518113962425844
0.5233503705750125,3.409978822439096
0.5293924089770168,3.3747721344211334
0.5142136401302817,3.4984072828131687
0.5153922236795988,3.4677414949006375
0.5105835346065073,3.504009732592553
0.5153566282861465,3.4600077476429756
0.530755376452627,3.3665660423874146
0.5189142289897568,3.4405822137818323
0.523554443097294,3.413178177474852
0.5119013331392255,3.5089237941210465
0.5125683293408168,3.4979265305088547
0.5248106647989546,3.3925029266640823
0.513533094069368,3.4879137025322797
0.5218067228476484,3.4191745482149556
0.527421890530615,3.3797274925781178
0.5214838948223746,3.4155043883324865
0.5219236257745317,3.426688712896999
0.5236217997962176,3.399038976102637
0.5282925478297082,3.3854052726418637
0.5132623278957382,3.4806157135749114
0.5286653784464783,3.3618157693321136
0.5100980438012396,3.5040756887635216
0.5234227563432707,3.4034184004374985
0.5293886354728018,3.3730395084867357
0.5238384845102253,3.4192689933591773
0.5352476746997694,3.3384163978690435
0.5139378741794005,3.495144664168182
0.5179394641916765,3.457124153176066
0.5139337217015327,3.47136799837883
0.5237022110826821,3.415090606261749
0.5164676067487626,3.4574803808803214
0.5233169010742005,3.414966848096892
0.510116242246837,3.5067945379658627
0.5209053721769772,3.428062811793201
0.5165586752083186,3.4625897188582746
0.5182618404588726,3.4401941993711826
0.5188958192600237,3.439009566862659
0.5234199201385725,3.4171151802194406
0.5287856491001197,3.3821826122854897
0.5267112777054855,3.3913387430462816
0.5177695947821865,3.456103227837897
0.5224125296358177,3.413893139722222
0.5265824075745449,3.399350876195613
0.5222327248413237,3.4261710976887034
0.5281268976392048,3.3914254989780055
0.5257048193119185,3.404351250464727
0.5216056266224525,3.4222308074820416
0.5166582170857499,3.465325980188185
0.5184388301890317,3.4455472647908563
0.5200813581598231,3.437776083219873
0.5199117468190917,3.437773029442874
0.5113870656090251,3.4876857961240355
0.5182638075182862,3.4512358810091515
0.5252943641255579,3.4011239988578663
0.5231063737310875,3.4110239004048184
0.50843484048091,3.509305316174582
0.5171426557202288,3.465824180607572
0.5135244015673988,3.482244274043669
0.5177739717778824,3.4483879798575456
0.504322110317737,3.537776563423503
0.5319495531483414,3.349417082162332
0.5138976691195591,3.4675810988818454
0.5202118360293813,3.4403984451849907
0.5245225018641744,3.400623074776649
0.5282019585684783,3.3804705944082323
0.5174330003088561,3.4702465829355704
0.5171129169370254,3.4576894463492027
0.5212415099473495,3.43214597285908
0.5232927675082832,3.3978650455462445
0.5205401316744549,3.4379604186343458
0.5160490853792585,3.450626436000002
0.518362693803376,3.4622131554216193
0.5211079910400633,3.4241368955763924
0.5251160374878237,3.403820554165598
0.5284272981851674,3.38894749351984
0.5247132988131472,3.41826649612683
0.5156773882983217,3.4588309608021786
0.502807348037478,3.560945150328352
0.5022283657184574,3.5600384925448125
0.5239932557298195,3.415414781843571
0.5195292591788347,3.437444004084719
0.5279786940703056,3.393672411350274
0.5112460069350423,3.4947459369519422
0.5257196945296398,3.4149190517429933
0.5227343091163539,3.4189267078943066
0.5320982938575792,3.3595160879835233
0.5186327971784068,3.441167193265002
0.5195354689216878,3.433760473569233
0.5161660491557327,3.461997603184384
0.5174224497564867,3.455392436609877
0.5214683288276346,3.4145963914019912
0.5271938789703776,3.3984242032825267
0.5237632421493692,3.414663057682978
0.5190627009547952,3.429361905174127
0.5174921063081259,3.4647455491413277
0.5254428271776411,3.412238113065309
0.5135129387189004,3.490774194810972
0.5328523662641046,3.3558587685068892
0.5159923544721698,3.4631858353454072
0.5280928297117884,3.3696242312278715
0.5243235159784769,3.4084384750708807
0.5146066967992136,3.4719537616385505
0.5196828973849607,3.437183626744845
0.5225702267894978,3.429920734327894
0.5164779190508103,3.4522539747040577
0.5254529900161005,3.3850201879744417
0.5240483524043058,3.3946428767774375
0.5228048352756856,3.405023950602187
0.5299548266525949,3.3811909756622778
0.5279035023710633,3.3760930002376917
0.5128327786106608,3.483430871307223
0.5261085231410016,3.392730111133429
0.5261727810529826,3.395018094836746
0.532786084057477,3.355183180578104
0.5198081568719041,3.436389297353008
0.5237368646574041,3.409214519948008
0.5218640632488729,3.4172094724701996
0.5328260597637018,3.3556956841157537
0.5284514149944708,3.3705609946472315
0.527156613000672,3.3917557747260294
0.5258691156827973,3.4077842914666223
0.5154420121092206,3.468027909849496
0.5071720383914184,3.5163629093090045
0.5162870259670668,3.447701903544768
0.5124431243735966,3.485390172610414
0.5294281924903257,3.3567677041763404
0.5237088897549054,3.4177228715588823
0.527696979676963,3.3839889229559845
0.5206771481998109,3.4137848828906234
0.5145627082426185,3.4834962521270754
0.5234124835957696,3.4081731624878944
0.522324772669834,3.4285424686888706
0.5221923123727393,3.4347977702036117
0.5179750252962416,3.452271338638849
0.5203332322196224,3.4514107421292626
0.5284107796313926,3.38262090223743
0.5310551952045388,3.3602557276335823
0.5275407109444699,3.388308150108402
0.5242631022551623,3.3999816161560577
0.5178869529764247,3.4548080522739033
0.5112935067336102,3.4975923713459673
0.5257383149302526,3.390959346148312
0.5156921413473249,3.47952268899975
0.5158027917007986,3.4729530988796578
0.5247406812481719,3.405374198451897
0.5243857616404364,3.389034036218003
0.516741014964237,3.46611466098474
0.5121119957729898,3.500942317040202
0.5236469094171157,3.4097085492356194
0.5235861456243585,3.4151370590476815
0.5265724790788826,3.39645604694399
0.5259162113133495,3.3941893013399422
0.5266670802514055,3.3955244251384937
0.5260656241165192,3.401789058692504
0.5217300386611973,3.427227945164138
0.5206401885678177,3.4409657516288674
0.5170052200959121,3.4661432737205
0.5094198011744846,3.50480651231282
0.5247821966028453,3.3964591400500743
0.5201665433277164,3.4334614135822297
0.5274616160256638,3.3981644350730082
0.5220082759116951,3.4112916944613043
0.5177383666011203,3.4517343271451715
0.528824075328682,3.374746973281762
0.5157628746588256,3.46265911066769
0.5224863448631256,3.401949149922677
0.5180627436433032,3.4434731180887264
0.5154998440287206,3.454014403272703
0.525527245898541,3.3920594915141606
0.5277516245170766,3.3823521752817136
0.5171335354492066,3.4552342317951936
0.514080327275753,3.469518043677624
0.5181683891867856,3.4563300657524416
0.5204762484634133,3.433395744297774
0.5144830167227197,3.478201529365703
0.5203014318076671,3.4415889474286967
0.5251500197151506,3.3963497687795283
0.5132004816584363,3.497579670813136
0.5118997500223521,3.5005492759431207
0.5132252937594171,3.479442652100367
0.5222764969146121,3.4251019754029883
0.5187008970381297,3.4463840423551937
0.5134730722365425,3.4835873166021987
0.520752815533472,3.430552467381619
0.52005670234194,3.4137883035299366
0.5224793675868105,3.423236874106017
0.5224342504365049,3.4097378068162407
0.5188756073020075,3.431508582229327
0.5341709820253664,3.3442175137277976
0.5175975113445095,3.4596965958088193
0.5144508389954925,3.479490731350779
0.5139669317647544,3.4751346609520772
0.5179519042145688,3.452717579376657
0.5133911307033384,3.4641565879056926
0.5254979809366732,3.4035386354387374
0.5185163086306918,3.4446489979741677
0.5154880977496618,3.4703028893588366
0.5253615072051396,3.408464501171543
0.515404278337857,3.4561114803159696
0.5273513714980045,3.3749917925775295
0.5255797966207902,3.3841608710336746
0.5181582443785056,3.4480462407628973
0.5225137085292628,3.430160060655836
0.5253831713977932,3.4023474911434244
0.5178199262997918,3.4505266873600053
0.5204430632378487,3.4414062749803236
0.5154930625467138,3.469558068561567
0.5116037479307483,3.5005881096068894
0.5248229475868708,3.4113142732392694
0.5128720808714617,3.484506738318897
0.5230538619478282,3.406690519437542
0.5253058497772949,3.4019616583069068
0.5195209864957293,3.4356199677784423
0.5209110301888866,3.4253760031187492
0.516989360275006,3.4505899387301735
0.5186627294387075,3.444280383760335
0.5243187083753972,3.402450422362179
0.5180007034080139,3.4374071936008037
0.5091770434799949,3.4996091027067178
0.5206751450159638,3.4324442175703345
0.5192370220028351,3.4431046833422205
0.5229982890232321,3.4243638592508048
0.5186273908299649,3.448478543841021
0.5151284754587173,3.4603571780355513
0.5166696477306723,3.4528135382697465
0.5211855507613989,3.411172220436772
0.5150428427744469,3.46689410202249
0.5179157747893888,3.447530105064835
0.5227330870050679,3.411512643694438
0.5177356866966514,3.4527807083715225
0.5256241411333485,3.402859503723998
0.5190046045116832,3.441260898462103
0.5155391094992121,3.479528024871116
0.5244107338966343,3.399533340720672
0.5282382153186334,3.4000690030560508
0.5261689823431623,3.4009628661541345
0.513450920392942,3.4849794910676413
0.515002092733824,3.474939542573597
0.5159590178055782,3.465937308302627
0.5182110503430926,3.431100415593546
0.5198519082324302,3.4464262435713313
0.5286047774186435,3.3950250020164434
0.5241227514576412,3.3847909942071186
0.5206522072993053,3.428520146785628
0.506963818127991,3.5210597370043697
0.5319551450667692,3.36267960217155
0.5157929413416062,3.459410889917046
0.5202698503161285,3.421859314855855
0.5126001503806468,3.4958061757521195
0.5197741443960607,3.4340335569496867
0.525518698900725,3.4035959053123843
0.5249500468473616,3.4042224301200203
0.5241595546268276,3.4065580122527006
0.5198678475394274,3.434812740761276
0.5181705941443457,3.443666519246925
0.522479180417629,3.4246154119163377
0.5095422059393035,3.512582587890021
0.5283238143131885,3.370740533282759
0.5262695223471844,3.3976186823810255
0.5108480531763795,3.5061711423927164
0.5213269789034636,3.425480086525641
0.5224300237331554,3.4132993343265516
0.5156973447192807,3.4632112526777665
0.5237570368436512,3.4142896962871285
0.5271014868344172,3.383576629304252
0.5159372380966001,3.4755418107436147
0.526175593568174,3.3904477801193975
0.5213272437499299,3.4249921071154015
0.5176712885321859,3.4383475362436
0.5131153125066114,3.4860082581113003
0.5204001358243677,3.417352643252261
0.524456090785673,3.4048881399665945
0.5198008565313375,3.4294370954248388
0.5241366351626173,3.4007896581156247
0.5193071863951731,3.4389578287097478
0.5221692974949432,3.4261282372130704
0.5146217313591352,3.4664518637478734
0.5265288825029029,3.393387475036966
0.5195600283841855,3.440977414248815
0.5127329717786409,3.4846085245831095
0.5272746568586484,3.3847661028849476
0.5193130733920372,3.4468607706632746
0.5173852031290027,3.4651270380067376
0.5198004728502053,3.4305648490687344
0.5265788318437108,3.38681812190101
0.5034888743243624,3.563296836570364
0.518356719537814,3.457881897906727
0.5068149628845509,3.52451137762935
0.5151863079225216,3.4678873275500917
0.5220756114737626,3.419789565653201
0.5223036520623756,3.4176286183531523
0.5200284687327876,3.450191736743276
0.5191271945597105,3.450978310473917
0.5260480830863148,3.388190873396419
0.5194050313526637,3.449972821558961
0.5187278483329958,3.4415479498700785
0.5193147628010351,3.4331510082484478
0.5147241133248377,3.4658010530762984
0.5188236238407247,3.4323376214178833
0.5194493343788942,3.4359418600112166
0.5172450943325165,3.4495090910584274
0.5135194580026026,3.479579375960027
0.5168985696027808,3.447821870656892
0.519699632264381,3.4304619614218392
0.5219731002731829,3.4225698640305104
0.5231529520196141,3.4226196459829517
0.5207745619020845,3.4198598947775256
0.5254231640108917,3.405491050612189
0.5249459659601623,3.411533347190756
0.5218627227048115,3.4184069962487893
0.518024829677011,3.4471770070456
0.516494369376127,3.464684669708583
0.5176069879351248,3.4681772431435336
0.5240506644367462,3.403871850713357
0.508091562163711,3.528733849409532
0.5187164338166732,3.453134210835341
0.5060894923418466,3.534357036116061
0.5178507329297698,3.4504480440173237
0.5234863310578163,3.40828151199786
0.5208902306686027,3.432514775860185
0.5273142671657354,3.3846024694873815
0.5345906791104567,3.3451943665787924
0.5224124360575231,3.3984868345565777
0.5277084550188085,3.394957156425481
0.5139352878943744,3.4874669398100386
0.5173269003191655,3.4671132183187177
0.5191156716015817,3.4352567523524487
0.509052192207242,3.518620972381293
0.5171108592471729,3.451048304199709
0.5135864456614039,3.4910916235920597
0.5258139526503028,3.387551231159709
0.5193528944929795,3.4391751126095618
0.5166420015234625,3.469158044650242
0.5195709450556643,3.4255976600343865
0.5164277122529277,3.4631859494519004
0.5216775217572533,3.425165454918208
0.5197843065335888,3.4387592296531064
0.5243197709422731,3.419523915455955
0.5192245960868482,3.4556244822476194
0.5342544249443917,3.3449605825449273
0.508589406751089,3.511008246946381
0.5091728114487939,3.526370641740126
0.5215429772164378,3.4212243385236
0.5225990486993832,3.4217683261242047
0.5172602759844822,3.4678068386785186
0.5188593945367244,3.449078903944626
0.5142423047468645,3.4725522066270087
0.5199736738360968,3.4312402543239315
0.5308143192508186,3.370604697965464
0.5158890540218918,3.472059431319503
0.5115908921971555,3.4966470242368204
0.5252998019375026,3.4170961481069564
0.5276106311546409,3.386962445529458
0.5253356359044932,3.4034542133920858
0.5185829812335505,3.433864186265413
0.5271184918153649,3.384166669403421
0.5252338254329978,3.3954257311737197
0.5267048406116461,3.390030804675206
0.5152916746968839,3.482280224457202
0.5179179170566193,3.4560791819588363
0.5209540010091152,3.4315926885222
0.5246469847657458,3.40638627678494
0.5251277296663831,3.4227003677283636
0.5161414342851103,3.4660900462624276
0.52737028721271,3.382517201388046
0.5277878504041231,3.3897256960721758
0.5213686645430338,3.4358217960689634
0.515794717289455,3.4613612204031807
0.5161038470171182,3.4677804095574114
0.5140974656435323,3.4655807511796963
0.5289288520164779,3.3788355564773247
0.515524348620346,3.453960972207167
0.5310623394633118,3.3768946489376486
0.5165187974141396,3.4665316295893653
0.5292795653523685,3.3755965784385613
0.5200863474872653,3.4413546916591575
0.524412666485117,3.4006777456184776
0.5300876765666538,3.3723170422291044
0.5177122507950671,3.434170009601805
0.5187899366040809,3.443531171065316
0.5117566441352188,3.471718801288044
0.5158988537908116,3.4568763029398832
0.5074022034696319,3.524304456495611
0.522519807355194,3.425968769253713
0.514497873924429,3.4604225548783827
0.5290194130522015,3.3821290507147554
0.516552898555946,3.459863223136923
0.5197808534686328,3.43933127527379
0.5226058292231153,3.413298269065503
0.5186590733019824,3.437394160202101
0.5248761503788258,3.419325881082575
0.5267667176922888,3.3960571763492142
0.5146850690219711,3.477428224361872
0.525303326363976,3.4086166327373912
0.523790781255818,3.4135495696725773
0.5148932218176854,3.474636550688434
0.5214273452713578,3.418309631141144
0.5242832432372058,3.401402185967339
0.5217108114029267,3.4241327870397282
0.5178667937597985,3.4330373849106874
0.5208970461349482,3.4307028281394913
0.5170802426045652,3.4623374923664367
0.5185629002494414,3.456022553994192
0.5255982528448395,3.395290217187698
0.5050803582093859,3.561799878297801
0.513888416649983,3.4902814447476347
0.5088566482334445,3.5154422062625783
0.5188934779244678,3.439947295634175
0.519771717942445,3.4384585428167718
0.5287535794603747,3.3705511387195735
0.520152673771906,3.4311662012868123
0.5100107910865467,3.4924094555440406
0.5266175704444787,3.4016115562754377
0.5233956644098703,3.4167010501572075
0.51828682241991,3.4454271942271832
0.5183315700567954,3.45190495624888
0.5168342089642532,3.4662066967694654
0.5187998706919624,3.4424440558180387
0.5229765767299439,3.41265674654459
0.5256231345862998,3.402131308769769
0.5217105100870931,3.4307654455398735
0.5248689429041575,3.3980698860896004
0.5251088022694284,3.398558641946418
0.5144931311405998,3.469509181099369
0.52266660640967,3.4146198941015435
0.5243453718466784,3.412836179897561
0.5200903721611227,3.4257867845268
0.517048975591845,3.4577613116526025
0.5213594101464276,3.4275038401920632
0.5153925642627692,3.484699048940564
0.5185480702153004,3.46336581540321
0.5017689491425978,3.5655800666744795
0.5105163683825442,3.5035033655739953
0.5101984273675828,3.518468470626194
0.515805300771631,3.4777423153566374
0.5182422839715488,3.4576582407365586
0.5286196305550495,3.383038489784857
0.5183621450390963,3.4481623627918214
0.5288646738566731,3.3697882529984593
0.5132978706026607,3.485981519618266
0.5216218649042834,3.4188331729821404
0.5290374058248037,3.3825818891914867
0.526235044288643,3.37988017458029
0.5188679826058782,3.4443030558797982
0.5217703750447986,3.4168890488226253
0.5192249069918549,3.4481951683990086
0.5150142040719536,3.463626291382387
0.5182209162060933,3.4436463171971843
0.5244659990362402,3.4192824777532658
0.5166584237869265,3.4611101842464747
0.5239399062962729,3.409231371563525
0.5231885492173376,3.417195801443018
0.520226214781149,3.4290408394958054
0.5158442387222663,3.4752521622093977
0.5110024166983844,3.4921683494169597
0.5180040050785756,3.454795053394867
0.5105417706317095,3.5107060622357005
0.5174335174958811,3.455982516702189
0.5072986605174501,3.5231888911228118
0.5217324232622707,3.4157955308327606
0.5183286296097972,3.440213160195035
0.5168219183100068,3.4662875410377976
0.5257892228246985,3.396500493255941
0.5293265707792674,3.373151090510414
0.518510126275366,3.4496616436642564
0.5167887064549521,3.4622787453458237
0.5292527979657504,3.3701068854511003
0.510806861432934,3.5072619102997478
0.5188409962338132,3.448588836520311
0.5269073955570575,3.3887605771216314
0.5102350957311128,3.5140075825227677
0.5248677859606565,3.4099025228622417
0.5220207220170825,3.42217838895175
0.5233331569549896,3.398848706747014
0.51531006432348,3.4614498836222425
0.5165765117563625,3.4636542803930648
0.5233749686626119,3.4273224614821136
0.5121307203942522,3.4853864357463347
0.5244628838135565,3.4033899906413465
0.5140685892820236,3.4883918400140983
0.5131273054868717,3.490261462357875
0.5189475580386572,3.4458989147392387
0.5215453821400835,3.4347376063014607
0.5166169604625679,3.4592073972557356
0.5274144304107303,3.3649127189623385
0.5145467982406455,3.468364334946251
0.515781470041226,3.465855959849741
0.5251996006411415,3.3960474247234305
0.5168964090136782,3.4600138171465087
0.5098419017881526,3.4995467702120684
0.5214912701881924,3.4186760525187077
0.5091768590326677,3.5287386332383974
0.5230638501074723,3.4149620515953156
0.5229386255640508,3.4052465332309607
0.5259073168160884,3.3925656760406895
0.5153351520110909,3.4689829068166427
0.5188929702905323,3.443672356050777
0.5201743340185614,3.4211348600424154
0.5240495292489893,3.404154473478996
0.5158102260049072,3.461260672190008
0.5241791154779198,3.41775502000404
0.5061707667903944,3.546244781657052
0.5263603333876642,3.408646018920177
0.5218355796781149,3.4237931498092116
0.5149129339639866,3.4700559098700356
0.5244074000598752,3.3955335899536108
0.5234142997932438,3.4176689640686146
0.5208701790444661,3.44250843219084
0.5331064219174703,3.3478895933695494
0.5146399319704749,3.4714860627757305
0.5163480731192102,3.465693669512746
0.5312902981097498,3.3650534268599093
0.5227092951371157,3.430135272654569
0.5094123289224548,3.4969114691804166
0.5260677580691939,3.391144129168747
0.5197790284303245,3.437072782744598
0.5238205076733036,3.415084827768094
0.5132083885091347,3.479616326353012
0.5134485311990101,3.4880116369634857
0.5181799523318417,3.4516155888969746
0.5266080592317135,3.390756610631677
0.5218210524391254,3.4301769245160845
0.5285356868583629,3.3814540194081704
0.5136737102735529,3.491533408444392
0.5156593731791832,3.465036435204252
0.524885786481434,3.4163348563203946
0.5205439818209036,3.449709713750354
0.5218737796499089,3.4258143222378505
0.5271632565367745,3.39153623561542
0.5177502969257808,3.4400563551282013
0.5124755477591645,3.4874919083947713
0.5296513148624437,3.3679099682868796
0.5124915233042409,3.4973405069226624
0.5126582398912454,3.495544656958648
0.5184479735970098,3.4462116704430743
0.5126876359336978,3.4820866947033497
0.5253658504353261,3.409303817862238
0.5226466173361222,3.4246401799981503
0.5224584308529314,3.4108707986137055
0.5201674354675445,3.431352254383276
0.5177798698897078,3.4500074368214944
0.5222720317730318,3.424361016816115
0.5220424134335033,3.4226150333811503
0.5195234330461684,3.4431191025429064
0.5205590712218446,3.4291381787020576
0.5168604033872901,3.456975873153614
0.5242720398644486,3.392141039125483
0.5118924923938184,3.487658351888186
0.5244203135288018,3.4174594926774677
0.5183059139318249,3.4519848044826613
0.5196683090395037,3.428130020887294
0.5243460541990097,3.406908702835294
0.5183127886277614,3.4531223850273074
0.5252825814289053,3.4071531968488937
0.5161208070599759,3.4705747712329194
0.5223926340491375,3.4134053578441446
0.5010115524464697,3.557548671915411
0.5137423475982357,3.4921265151405723
0.5131035049857793,3.4705950482859937
0.5215441614977552,3.423894445808333
0.5116719964901828,3.506446054867036
0.5193053415339366,3.443514454860755
0.527168662274885,3.3984433884929715
0.5056089762289173,3.555437163842632
0.5191374016134298,3.440704657255306
0.5193157266983107,3.4461202704517064
0.5232392781871413,3.42136998955524
0.5204358929714814,3.4436538539901163
0.5113539638942182,3.4923030759731737
0.5172315365418827,3.455268398293193
0.5231525670232138,3.4259312056153903
0.5138723023345595,3.4716237009641566
0.5231955262496832,3.409457562466979
0.5205305323194698,3.4364565899889943
0.525157255222767,3.4077419884026585
0.5150944071181744,3.460847055841967
0.5231821081224282,3.4031522758742843
0.5268811779197753,3.387071755447937
0.5114539920927702,3.4863423086058547
0.5185038404046449,3.4485710974480903
0.525735899996737,3.412978596771888
0.5141012994066567,3.479768263943026
0.5227016298562783,3.429086506476052
0.5161140312681034,3.4628048018046096
0.5186545471693589,3.441753566463551
0.5262003534203684,3.3860757106409016
0.5132747347318587,3.4836913691375795
0.5241092064353643,3.3979448387349462
0.5280078344897983,3.3685535957105053
0.5300243314228383,3.3660778601021986
0.5226400081339605,3.415792556690169
0.5155248027976436,3.486582763450396
0.5136408717281633,3.490218445975108
0.5231727847368304,3.4149511963849606
0.5153942981427191,3.4613221923430424
0.525559604145851,3.4004026161344303
0.5165577038187912,3.45812040871783
0.5142052707724027,3.4842526042304196
0.5231578529326562,3.4124981472694773
0.5226413757308073,3.4105504209320943
0.5207145659441532,3.4227365948192365
0.5180053195400076,3.426472181177243
0.5193137574468527,3.435051715386995
0.528232882598336,3.3817848895629288
0.523258717167267,3.4152612454548477
0.5068654093620362,3.5082708639822835
0.5208702309508025,3.4438468423057125
0.5172994929571944,3.4507676578140893
0.5194974957842471,3.4453060513811242
0.5188484549621029,3.4467669957403846
0.5211542156420774,3.4233786335944294
0.5230949180825302,3.425156418501513
0.5069713295666725,3.507442798010176
0.5081802929514554,3.5087443224808803
0.5150199399926145,3.4726597297381083
0.5117331791726822,3.4975986061730513
0.5260239894326952,3.3943638561092744
0.5196594856351477,3.4411766768841456
0.516866326696773,3.464328637705304
0.5207610676780039,3.4044030038138673
0.5261204299933031,3.3972384329503336
0.5117059840492324,3.4922014254239264
0.5176316937368277,3.4552642163603675
0.520568940689129,3.4299924144997025
0.5173140135868183,3.457124267043476
0.5207396018683947,3.4280046779119817
0.522716253224647,3.415038291689139
0.5155123852595376,3.468531861930848
0.5232118217894008,3.4120892606400504
0.5231851101461693,3.4269117397835633
0.512355961657758,3.4741807332031813
0.5133723584432743,3.473247528145128
0.5118083350846918,3.489624170415909
0.5247165919616918,3.405367209840155
0.524049852100424,3.412426095302761
0.5211929758004761,3.4328495281790063
0.5234867994522381,3.415752995279667
0.5232998909606474,3.3986145553817915
0.521125846155571,3.4267706207134405
0.5266731673409679,3.3841534635645365
0.5212011745631113,3.4360366657725017
0.5340349768063688,3.3454172281502528
0.5226461129344107,3.4163852304193894
0.5123123938625199,3.4864155759399424
0.5178535063007701,3.4509480580310044
0.5035943262171778,3.545353433848118
0.5158735852655013,3.468534634123676
0.5195432130149024,3.4182604022357315
0.5287507287552657,3.3638221250907407
0.5292688373867342,3.3766889233613298
0.5153962900446267,3.4685463230895723
0.5256114941752565,3.3846481704367206
0.5154204099515476,3.471117324119639
0.5132909822890974,3.485542985694424
0.5121568800154499,3.5055768213305916
0.5150867517206423,3.4758977016496777
0.5194896898639128,3.427394667867811
0.520052107322561,3.439547484105759
0.5187145176001546,3.443118224357686
0.5181989484976732,3.4300191751837565
0.522455857334037,3.420932834034085
0.521213480624916,3.409179473389232
0.5220564190454351,3.4206389423985457
0.5169808204844079,3.462125438351606
0.5272112876141661,3.3830539366517467
0.5312152835905936,3.371361899276273
0.5195140200813972,3.4233900275499436
0.5249138510376548,3.398128801079887
0.5159240507311085,3.4624736132269778
0.5221002820614362,3.427542016277595
0.5083067840735308,3.513243085523594
0.5204833360123429,3.44062670719829
0.5119457129917688,3.4883773951945343
0.5196772154726952,3.4384234727585565
0.5215644139685033,3.4224273855976732
0.5100128117680928,3.4847500311929824
0.5186200892016999,3.436473067175895
0.5218728080054917,3.403828880012218
0.5239387764391483,3.4068078178318615
0.5033410845219947,3.568629998800472
0.5214308977002821,3.4223326945531225
0.518209352555526,3.4466861861115867
0.5218273184536817,3.430886791825723
0.5115903475540089,3.510508043880898
0.5281650966105587,3.38076970300659
0.5227047968477927,3.400270935240601
0.5115131555824075,3.4978788983857587
0.5221367043962811,3.4010203068226956
0.5195077586452712,3.4564439325315304
0.5238781877432462,3.4183728745507693
0.520016354051371,3.4372934855611117
0.5324560578130713,3.3543218104819483
0.530507445081942,3.3502216909384726
0.5185210619264753,3.4404418036610727
0.516796303832368,3.455353005502222
0.5282603516177911,3.3844158165075293
0.5213285679833382,3.425391825127434
0.5274769810570415,3.3888584801794384
0.5255849021667448,3.3899308588222903
0.5147683573419393,3.480438478864111
0.5197650815195347,3.431757212234727
0.5202094810883369,3.45079938539016
0.5253672425669877,3.3970967272064914
0.5257078131149291,3.406626810054712
0.5193437837921364,3.4386185978415313
0.5235932867677999,3.4229320265757868
0.5164113457831406,3.4650830778810056
0.5190061379550451,3.449152258033782
0.5208897012132028,3.425591860077683
0.5200467136483959,3.447678012868547
0.5261451467973377,3.4017180898809904
0.516520068433938,3.4488819869967053
0.5190609705473526,3.433967225018796
0.5199627940556258,3.4384788779910824
0.5238732156428337,3.3974559390090113
0.5312680380575201,3.370897111091552
0.5275496923682581,3.3777114483868624
0.5220866084407361,3.4324179138867033
0.5263539558485946,3.387938054804852
0.523430942351381,3.3910982938297782
0.5150777757984141,3.4706418948257562
0.5082610288584628,3.51122932349002
0.5204215318455488,3.423468492352293
0.5168005418524757,3.460205853701807
0.529780976496239,3.3845037446784407
0.5123018005126483,3.493879340288282
0.5097378487042761,3.5155646404028276
0.5197903001714059,3.4376232852694093
0.5168988073712691,3.464702108552684
0.5186058796702986,3.4536325024027708
0.5190666591441749,3.4278054593228027
0.5139554631784897,3.482249959463004
0.5221287888688859,3.41959940758977
0.5180715521585204,3.445361476504403
0.5085688351601035,3.5150561187649276
0.5112609427904309,3.4960568125440483
0.5249691798051808,3.405215337618173
0.5129655221646079,3.48666357129434
0.5037547343908868,3.552305266380029
0.525049645318058,3.4198762761226655
0.5241412127648264,3.3982195041458305
0.5088678030855451,3.4815632523532813
0.5181382759901793,3.4586011635577645
0.5138073328836278,3.4861168246528598
0.5251673787631319,3.394883603190973
0.5255327370819579,3.3983210850257803
0.5186588868704614,3.446049886217996
0.5187723476203021,3.4423616969538706
0.5245598404552192,3.4040538548408983
0.5281197462647789,3.3854715819625496
0.5184650905442982,3.4467730374080836
0.5159272417049099,3.4643425927648583
0.5259699137780247,3.3914871671440965
0.5205737042219829,3.4312377999638644
0.5208147342801106,3.4123483283241227
0.5145790412936682,3.4908007466914417
0.5340607692428598,3.337174514789776
0.5172319191770327,3.4621323963055506
0.5050330108217855,3.533612604018535
0.5244946876623096,3.3851586735543027
0.5138101454490389,3.4659292276065328
0.5231160346591277,3.407848782479239
0.5321099461090735,3.3506610444407037
0.5210076990345494,3.429980994052513
0.5119784364966331,3.4902893916724707
0.5032068506375942,3.5640559518242103
0.5189688076035736,3.4448225799233216
0.5182807761652475,3.446194229636718
0.5212780458556627,3.4282406023237035
0.5247350431684574,3.395678643165662
0.5125067276046429,3.4903655795882096
0.525264381076142,3.388172202932104
0.5117573225010559,3.4778566533401705
0.5126248425796404,3.482263799772486
0.522575987984871,3.4024233627588165
0.529843480446265,3.386052223707745
0.5258264090683799,3.389965276489534
0.5249441626613993,3.4134617913394307
0.5104830438365879,3.507824824267064
0.5127373141006921,3.4864599743063325
0.5256624584450797,3.3870034917899554
0.5175622232743662,3.445770805051448
0.521681137431953,3.4306719994475747
0.5234519515020444,3.399916496270602
0.5261947856639012,3.3925163947042387
0.5235459333947404,3.402337354605058
0.5166374645244891,3.4547043757557003
0.51909119614236,3.4308693596145643
0.5109017738131523,3.50530268428573
0.5232307139165274,3.412359341679529
0.5284244326503184,3.385090484503351
0.5293950991113814,3.375353226761203
0.5170723843932727,3.4472577170108667
0.5253517623768742,3.399548572205412
0.5108903866448851,3.5008654500064065
0.5228589567314703,3.4065125674723804
0.5304873694438188,3.360593066059161
0.5277533438080326,3.383617376054318
0.522618979619024,3.4203488189455675
0.5291673194022648,3.370763891003648
0.5188386653932937,3.4506214939301327
0.5208564499158809,3.439900181180988
0.5208617754451795,3.430056595445006
0.5162238961990079,3.463394001596192
0.5391275084396177,3.3219752810660923
0.5129632475086723,3.5046591178960296
0.5093770800616707,3.508334481828897
0.5269414883339429,3.387054758807231
0.5109154817420669,3.5101252652624515
0.5197998506649123,3.4236427600549852
0.5189046355799791,3.4255170529593713
0.5274762391837297,3.3901960359447787
0.5229071723385103,3.412504312828511
0.519903045620929,3.4309023342269147
0.5261493471989075,3.378726929671002
0.5239998530097107,3.4074248755496748
0.5243564145511925,3.414826069954635
0.5185702428597788,3.428302376495673
0.5139468592601197,3.4747952458790756
0.5185893297719602,3.44224620594588
0.5195051359036139,3.449087732453014
0.5164653851758457,3.453694428834671
0.5247184938640097,3.4035031007672294
0.5238935675675089,3.40117318064547
0.5285635662601564,3.379284147409367
0.5231308825997845,3.4230563583309395
0.5139083950988614,3.4801666786624468
0.5238676969002772,3.403404069796464
0.523514643289664,3.4136944897920563
0.51572725436288,3.463433143201982
0.5154773012164777,3.466570813613627
0.5214068775073122,3.4241040837302505
0.5179464810893746,3.4578225580201862
0.5235208366964272,3.4042219550884574
0.5247863289498739,3.398397684406932
0.527168427242221,3.389999249756544
0.528258981810001,3.3807613901511018
0.51595716924673,3.467939702232466
0.516809917249252,3.4420338426520907
0.5186370642799176,3.438895710217454
0.5111651790961536,3.505994153517137
0.5236454103177397,3.4198783273097746
0.5268325039185463,3.37701864505159
0.5191123453060686,3.456063701640992
0.5260772696031768,3.3975629839452615
0.5280296471986657,3.373625405748166
0.517210357416071,3.448622129506664
0.5174297420372282,3.445884254708752
0.5263448540923673,3.393916729218498
0.5233168230216301,3.427043344557322
0.5200389343639981,3.441355682548451
0.518804076395682,3.437882034336395
0.5136378742931371,3.4752156681371087
0.5259636794759863,3.4044841288260574
0.5245478994598862,3.410176398938663
0.5223135339346618,3.4172070021359637
0.5262502558243976,3.3978364409940274
0.520894513039057,3.4451673940363032
0.5171314053308473,3.4544603168976247
0.5149039907230818,3.478211336048093
0.5183671356996318,3.4346786299606626
0.5296136709787435,3.382733313888777
0.5211338055200687,3.418650774745546
0.521306871553834,3.426627846890517
0.5180177086885722,3.4547014176875392
0.5259483312526221,3.399788827737028
0.5198696208944618,3.4274677494709778
0.520535254152446,3.4405963655568477
0.5163954755464669,3.4565807721375417
0.5092470646760726,3.5049675145421
0.5212182213559495,3.4224167829683703
0.520067137162826,3.435236044588918
0.5198525615625087,3.4349173956262167
0.5203029154577192,3.4266838965204562
0.5317181525586193,3.351595456629227
0.5195467066893109,3.4319287152488895
0.5279394302380347,3.3883925334890104
0.5348300391586573,3.334496757224227
0.5271297415747594,3.368533870617466
0.51177165053444,3.4942579979810686
0.516725976223086,3.4565572061187826
0.5118630924261132,3.4903292993814863
0.5282360351739148,3.376038615489548
0.5215949934465711,3.4139060938090378
0.5267453171676928,3.384573500968061
0.5289346014508249,3.3703648213645048
0.5257503688183072,3.3905351479380177
0.5221452020947281,3.4179097307288298
0.5036833247239565,3.536399125045955
0.5192983766968078,3.442957407684781
0.5162824494029132,3.4596580745792753
0.5221292254426126,3.4263872121923216
0.5254709121039823,3.4016693452296876
0.5261572523482108,3.379685750247907
0.5253715180392324,3.4004382232183445
0.5203462535718466,3.4289032510051403
0.5140976717594086,3.4715177324279196
0.5258688339918076,3.3994283126790763
0.5128689934343341,3.4754269906288635
0.5144924197251983,3.4773405624354963
0.5302961084390712,3.361494791184261
0.5220789791519658,3.4179729652053243
0.5068038154225938,3.537465451006773
0.5187651277377019,3.4590953015139423
0.5237375101611301,3.4058751873677986
0.5282412424333534,3.3832662912336575
0.5218909836303771,3.425258832907194
0.5237331321963615,3.404287985245535
0.520894108159588,3.4316085451359575
0.5244746935792464,3.409202259201368
0.5232841663581005,3.4090251841373234
0.5202202080470453,3.422905332526934
0.5186846769143443,3.442659536838347
0.517165156909887,3.4677235520482537
0.5159420607752638,3.462163165491053
0.5204635781724003,3.4476086686107323
0.5171122241464627,3.4518250818155143
0.5289966020541492,3.3713481190827874
0.5205491499661088,3.4340909385613028
0.5222533657239594,3.423377339469041
0.5280305462702066,3.366699198003756
0.5259283037779331,3.3935663223494004
0.5218806799116333,3.42589454353263
0.5264820255058515,3.403081998837945
0.520934041506938,3.421922103281686
0.5192419861965187,3.4472288937892483
0.5252545589622575,3.4015694576314925
0.5237722742689436,3.4037804619273353
0.5131421811279062,3.497769953627424
0.5199138002718906,3.4350722240706717
0.5263785111523234,3.387925664504765
0.5198145654553804,3.435853952026462
0.521521826608584,3.4179330082648143
0.5254975429071685,3.4103475814950093
0.5237102588100804,3.410775177232118
0.5233389641771655,3.4077873131383623
0.5276131339879726,3.3964487182468135
0.5117089234656653,3.4915307583434663
0.5097183254437265,3.516556728984117
0.5193704527904484,3.4384860900834697
0.5125238559065683,3.5039084290980496
0.5056675098258507,3.5415243816549635
0.5150128113629272,3.46984806532665
0.5233326470033902,3.419389259565768
0.5243119996454043,3.4042441419424327
0.5223423224020189,3.4380816470676456
0.5256374349472996,3.404751106163826
0.5174474713106518,3.4575497639961887
0.5255307398105509,3.394061420223282
0.5274235361523242,3.374825581863325
0.5242006713881888,3.399571280103628
0.5150472376992993,3.48087464023124
0.5123062229633869,3.489913030527315
0.5110955843158727,3.472018399094405
0.5268385501915525,3.393755175256992
0.5250794761766948,3.403236046386629
0.512034921638695,3.514260117041289
0.527887012750264,3.3777008750070316
0.5133534115324587,3.4850451364574058
0.5188019113882268,3.4539294088181345
0.5242838630461759,3.407271157908441
0.5231250089487487,3.4081392761386806
0.515349971721458,3.4819798281296404
0.524636558943627,3.3942308159312455
0.5186605854701267,3.4546501639500597
0.5229448154174066,3.4251562214460183
0.5106102732496092,3.514287926179237
0.5159926229880721,3.475322287111142
0.5219846365387855,3.413993241027897
0.5266721180202774,3.398343141640656
0.5330532729153925,3.3507783561636426
0.5153760512871955,3.4683502462020024
0.5167292733555842,3.460662672144486
0.5269871803296791,3.3963477903831367
0.5165908659857832,3.416416156912369
0.5264485947819734,3.400623884087112
0.5157335936407959,3.457942833608555
0.5188547016923329,3.4540238156599097
0.5164983166714925,3.470658854717811
0.5169814304668279,3.458080627071297
0.5262487685804584,3.3963397653529497
0.5164016438284159,3.4677270377529283
0.5246824469022187,3.406313346214421
0.5291907095670971,3.3735330401436476
0.5181106894668623,3.4465491354581657
0.523597143630872,3.404371454277634
0.5199298028350154,3.4285272210062128
0.522204656842405,3.4240796298651053
0.5276373997572976,3.3999439223277514
0.5214044417628274,3.4450046765232303
0.5284695709348739,3.382335595579162
0.5174183640355996,3.461538292966325
0.5170944909529716,3.458998535194196
0.5187464723139126,3.4474238249734057
0.5199870637066359,3.440468690774474
0.529038457461569,3.383245102194293
0.5180046260837461,3.4420307560100634
0.5019852889300498,3.555141348891983
0.5223367704981661,3.4195016643437297
0.5247506026762905,3.4051740514833533
0.5169066434279636,3.4543065997203635
0.5169550568496513,3.454816301045926
0.5230655408214384,3.420970921876941
0.52511731981569,3.396469060305247
0.5149161626299403,3.4784568005981042
0.5201914820596232,3.44435599597667
0.5264226129803364,3.3845024683266556
0.5245134370289646,3.420976009664435
0.5214279477291566,3.4266115955210545
0.5136670456394183,3.472563196296762
0.5119561580601419,3.4933990393776053
0.5197317756672213,3.44786732781097
0.5154800571070552,3.4511697178096212
0.507935625854281,3.5081120570952753
0.523598835242134,3.4197034197718805
0.5191214952373877,3.437293400748251
0.5209776310975356,3.4247860064593048
0.5206314911677659,3.436368863993594
0.5221276194759252,3.412454596385972
0.5112726533405051,3.4867960319657754
0.5260711964030851,3.3900648621462217
0.5237681564453459,3.3915540384484593
0.5282518609288143,3.387361714105271
0.5180799467196546,3.4476233374487366
0.520393733712347,3.433895642481179
0.5157384875110476,3.4676881238121537
0.5169037695102481,3.473330171776623
0.5160082280290628,3.453586641307265
0.522124677809084,3.434678827676245
0.5231342850670595,3.4206735692096855
0.5271958689629244,3.4029752459079354
0.5235353158849368,3.411219393163468
0.5207993813842751,3.432949453434857
0.5254073023489534,3.413302698311449
0.5213426101608973,3.4282948237420965
0.524564612724461,3.40949541202452
0.5241532479470044,3.40849458540467
0.5103256859149007,3.53518853147968
0.519996678391949,3.4294168245917898
0.5234520191566931,3.413134111533258
0.5216424046897237,3.414560240256431
0.5161198258065105,3.451100885833734
0.5259358994615455,3.397000681322586
0.49768199570366634,3.6139080137996964
0.5203482456986086,3.4436805445966003
0.5255178176096549,3.3992848504503974
0.5266664955585465,3.385675377122633
0.5260496170016568,3.402438637858911
0.5217544252465881,3.4036641278263406
0.5186864894941554,3.4419430854382385
0.5173632137370769,3.4569189429366687
0.5262410349460029,3.39147879443546
0.5129194126466048,3.4889236430975057
0.5093465575302462,3.5252458538765454
0.52305454342847,3.395661371215605
0.5150786630694961,3.474681343040301
0.5079060566456922,3.510968348215539
0.5166719214744759,3.4775782705470286
0.5264299982603609,3.3773569576656692
0.5092192522474497,3.5270146175890775
0.5087145982833354,3.523674868453837
0.5112517080045624,3.5049466219527963
0.5251694639537127,3.3977031242130904
0.5185454811969774,3.4505826109294837
0.5272822256929752,3.389734925292038
0.5291305607019012,3.371650056364262
0.5235957903439044,3.4167474732704237
0.5272331572027021,3.383080254760746
0.5223218824001412,3.4076654416163104
0.5204723778327253,3.438730180641009
0.514474902588566,3.4575950048498174
0.5184815450601666,3.4462293949483507
0.5164795930025754,3.4559703092802243
0.5158256833570101,3.4646333527371644
0.518706210587603,3.442488549848291
0.5223730039893801,3.4247830791608127
0.510665806092975,3.498199001067468
0.5243202501394619,3.411990347613038
0.5166092508884307,3.457753054454659
0.5193771797564636,3.4483606494510926
0.5196118240712901,3.436954565190363
0.5218381048209273,3.41994441566719
0.5272132358539735,3.3876378972150105
0.518900626268002,3.4350595120592975
0.5138028307370872,3.474439489712036
0.5165580345044722,3.4729304296918437
0.5224418564683098,3.4161801474960534
0.5251757247637555,3.3960232408380326
0.5209835646655243,3.4328111961993693
0.5222387179819961,3.427951138306367
0.5179810902763232,3.4428537612066634
0.5235181563518536,3.4153948073339597
0.5305571223121989,3.3627604283358354
0.5326010011729029,3.347517347519051
0.5158328184025289,3.458983523459199
0.523073656288211,3.4225844047703804
0.5124701574933141,3.4914278671448873
0.5133909968350092,3.488175635557781
0.5177220079221644,3.459200531800628
0.514456488829669,3.476163917686051
0.5258030873118227,3.4000675800674895
0.5169636170786047,3.4491021817422918
0.5356244889680197,3.3504065665503973
0.5173063912621096,3.450170807174639
0.5236412513696671,3.408018060925175
0.5179031800133463,3.451905751878718
0.5303074801932769,3.3767727059235417
0.5173025439252943,3.4476509729486007
0.5194143603165451,3.441046117102885
0.5161558953120011,3.4538139636917786
0.5203266541690881,3.4198787206882946
0.5129084722849284,3.4876527134816366
0.5196960758187776,3.435396625504555
0.5185132433372122,3.4525733912351075
0.5155158328382299,3.4548210796556895
0.5067087259287848,3.5349345104195806
0.518588335544522,3.4554931789952983
0.5169374093821422,3.4570902778209884
0.5224460208344035,3.4018005054429823
0.5145832689628318,3.480449326145713
0.51828228772526,3.45163343199648
0.5181856356130139,3.4576783136512392
0.5158409757591207,3.4633834460059445
0.5190938591909156,3.4310209218725944
0.528968831877231,3.366746451872843
0.5223001016820374,3.41896252162898
0.5120873695534118,3.5002280510177406
0.5238882621785943,3.4082699828746117
0.5086401364880093,3.5116642173655075
0.5184992218179952,3.4411281550560817
0.5129779350970245,3.4795217710013593
0.5290544257223684,3.388005230080604
0.5206143041725795,3.425560101301364
0.5269526892178835,3.374184363536017
0.5156373838628869,3.445172837011593
0.5211627827246708,3.4347200375514273
0.5162069032497472,3.45865772821319
0.5171664391632951,3.4470167569697097
0.5171978135629034,3.448393230276922
0.518785668811133,3.4440052435384994
0.5126773569808964,3.5058005605538294
0.5165191900867347,3.4654509647714247
0.5293233156068224,3.3775847919105453
0.5124275405938248,3.4924327950229723
0.5214278386634931,3.420296884838381
0.5288112960770186,3.3833423678709567
0.5135403447526585,3.485518206205976
0.5170684863316999,3.462780814172891
0.5122728083062578,3.485649062674735
0.5211032560366804,3.42304341857305
0.5238846280813192,3.40292608841337
0.5199688925255774,3.448676454951937
0.5229562589447008,3.4153291617655297
0.5198743083750326,3.4300607407491133
0.5256333565602329,3.3876177860057526
0.5156865456909633,3.4560533435335365
0.5252311927164214,3.4078686756665935
0.509686806178185,3.5182161593211236
0.5121013020467511,3.497538221273684
0.5237537311803964,3.4154226650807256
0.5163898755677081,3.4678409540297803
0.5154761658332894,3.454287033718801
0.5212979448956225,3.419515964596544
0.5242306077272196,3.408937042635555
0.5171405152403741,3.4546307947116524
0.523230219626104,3.4211069460328756
0.5196906115680753,3.4332762955761558
0.5241030354643157,3.395894050048497
0.5138250532251868,3.4829632514933073
0.522094009115027,3.4205698586772013
0.5202050720732359,3.4377521903295176
0.5215589859121029,3.4294065905542754
0.5240575849436889,3.4106788028981825
0.5194961274111228,3.4372600129474074
0.5263266403791984,3.4053133422035153
0.5247794139220423,3.40005050426104
0.5162874082093538,3.4695145558210174
0.5242658001965541,3.3946495880962577
0.5256486792789806,3.4017642947846722
0.5218391076057753,3.408802582473181
0.5196989583013701,3.439892173215924
0.5224563408431384,3.420713115119359
0.5103396616139189,3.4862027951899077
0.5205394052334475,3.4410868243924755
0.5171996749648242,3.4394488272506725
0.5204428038206266,3.4426919680216006
0.5149356999170038,3.4610190229785966
0.5234454202477266,3.4023683507465585
0.5243220054615235,3.4089554040548373
0.5163994534119749,3.464957424109239
0.5191447694128227,3.4444608871384506
0.5200505929417569,3.4492992273345435
0.5228661031049338,3.4041887869065777
0.5174919821753767,3.4530900348678553
0.5270515963365886,3.3819725027007443
0.5194818529085865,3.4386103954754597
0.5287125457194626,3.367961242235961
0.5220024868372506,3.4262758016211268
0.5236174483582587,3.4157302687622444
0.5135919869962282,3.49409832960457
0.5148422569410744,3.4920822613484015
0.511942042854989,3.497529850615817
0.5214872604753814,3.419415133902031
0.5208722760626636,3.4386386513114466
0.509467721521176,3.5002846774424072
0.5071227279390104,3.5218832888574556
0.5145890536840116,3.4668950160438254
0.5205483820070422,3.4352603119558505
0.5108545421867907,3.5042798150925205
0.519365923257679,3.4377368085034092
0.5202171683841355,3.439396967985301
0.5168754856761528,3.4431011989490083
0.5210851832802228,3.4369577028958354
0.5284966119278034,3.3878851047146457
0.5205687123722391,3.4374279171098463
0.5200084920368221,3.434040955498193
0.5264563038491115,3.3893650854184956
0.5153517674410513,3.4567913379359028
0.5380217736875953,3.303033845021983
0.5219816225464634,3.4315504516737048
0.5186600158174589,3.4588828870304207
0.5200172875402236,3.427569740043916
0.539199598649943,3.306070546543104
0.5222541298243242,3.4156026108554842
0.5119264783584512,3.4851919529321025
0.5204146522778001,3.4478474082953614
0.5265964757137163,3.3740875011336096
0.5222935727581408,3.4232810975802677
0.5192276947779597,3.440829964863757
0.5256084328522697,3.397635548241853
0.5113126758664396,3.483508489648631
0.5177940875969222,3.461778987629283
0.5231154415784709,3.4240397274625796
0.5167726849803977,3.4578518861225986
0.5246536279611453,3.4111101183526182
0.5252190145346118,3.4084657605050923
0.5150899500593982,3.472658527701049
0.5284961465095281,3.379485384716951
0.5172946114291435,3.4675730136030722
0.5257858845258121,3.400409285451967
0.5224884713304061,3.4095224837283773
0.5237300192198682,3.3995766362931468
0.5304818686143499,3.369886400244429
0.526654248405874,3.3891156622822165
0.5267382168211407,3.3943075541148535
0.5243197761509371,3.4033345686207994
0.5136562092782657,3.4878714110610267
0.5109733757829427,3.4928948972791054
0.5075053913857359,3.5454795630177363
0.5216723787946189,3.4044905563297756
0.5222298088510491,3.4142585406631687
0.517015145546292,3.456363163780481
0.5157385597835908,3.471475163002371
0.5195810324613865,3.434858698039157
0.5139678694544672,3.4759149214321123
0.5162464678698835,3.4527871606249985
0.5204876010192558,3.4416411578764414
0.5132251084382228,3.4818301296224683
0.5175068368455448,3.4482282581711767
0.5280949468371381,3.3731373566704215
0.5166841584468873,3.460716597957479
0.5178951182039984,3.4589656063292384
0.5086196045999491,3.500716634190717
0.5216706956490601,3.4168916311546327
0.5307094841265219,3.358633950814205
0.5141636931348077,3.4776920860455856
0.5224736069515015,3.413843398823932
0.5065986926855133,3.529023401534209
0.5148011240746706,3.468247597619198
0.5264183227567004,3.3839140492410453
0.5171349314032223,3.451372956454361
0.5216216727029592,3.4201197876963647
0.5237652411821394,3.4206560590080013
0.5205910565486861,3.4273932873929938
0.5104421263266148,3.4990131563687066
0.5098685759856699,3.5185040517313366
0.5148596678099107,3.44801811905178
0.5247011476034245,3.4208266686301196
0.5174269492420853,3.4446854198343244
0.522102454474697,3.4161468944822433
0.5209647829444206,3.425073290446581
0.5215913365333771,3.426652914176359
0.508176014823706,3.5317721302989917
0.5217551785699989,3.4154068425201833
0.518969698624516,3.438758437660549
0.5174609391648504,3.4460635545763614
0.525287091161976,3.400268172770545
0.5244606698232783,3.4029605823607416
0.5136852885210036,3.483211069186353
0.5129498672992525,3.48114690821329
0.5163162627981256,3.471379899006877
0.5140424962468957,3.493263686076055
0.5311760037430768,3.356842258275197
0.5117088206886978,3.497841601528059
0.5228943666288428,3.399550692345376
0.5125434947165788,3.4983638005441833
0.5246762880945658,3.4043736618953115
0.5115855588196696,3.495619365998842
0.5229667454919877,3.41048505591965
0.5179883351846761,3.440782524518592
0.5075843837709897,3.518832615685077
0.5244038734975323,3.4106945989888375
0.525877253455368,3.4102602107257103
0.5219551361859136,3.4227724567195668
0.5186018923402965,3.429760940849079
0.5179184655606137,3.465418961581396
0.5013735302427422,3.5785808754776354
0.515113783199731,3.4614741738273747
0.5207305299040785,3.429753468813058
0.5257944076413834,3.3989654271825023
0.5230077720437915,3.4148409356158207
0.5197986166652775,3.428489651741237
0.5215290256591438,3.4219994027197793
0.5231184434025964,3.415195041947579
0.5124620310105854,3.499713898214356
0.5214277244042396,3.421834627266182
0.5152573938012874,3.47730974665546
0.5253401302274868,3.3967192518408984
0.5152803645403365,3.4789517497866806
0.5109449108934117,3.507341608420366
0.5205667094127429,3.427089063993996
0.5219746124516657,3.4142373965380024
0.516825898024488,3.4588705533985276
0.5218899132440893,3.4224168954629026
0.5210250695057699,3.431571132697658
0.5268353338624001,3.384300118475523
0.522083853990446,3.4182040413853456
0.5198381987738669,3.428013413416933
0.5214142938412831,3.4160925960976196
0.5239051468445133,3.409553307153428
0.5184304531243377,3.4498505782111804
0.5193877730104066,3.4321133507092627
0.5148034756520798,3.476890713057819
0.5255919999082116,3.403479159814978
0.5179816802167597,3.454473996843906
0.5255936687449945,3.4083059975496166
0.5207695378767241,3.4350751902148042
0.5139900239503636,3.4810288821204036
0.5280266781770552,3.3871842358294355
0.5315752979752065,3.3626149374425145
0.5208241444069541,3.42759030764679
0.5165588818870741,3.4546696186465358
0.5307574253545908,3.369513978080338
0.5265637825870517,3.390724630378272
0.52308881053779,3.415516676481953
0.5101035730507564,3.5204018623811986
0.5125436490306163,3.5029681098249625
0.5283550503292134,3.3783290368816328
0.5131612058445636,3.4831886647756694
0.5190254616263519,3.4379500407918058
0.5215129655121657,3.422470190249379
0.5176043497915721,3.453077526995
0.5104064341582073,3.5052749594259978
0.5245099621967837,3.4154946532382904
0.5261049646777127,3.403852181338205
0.5162475112420732,3.459329041012505
0.5202781813383972,3.439453863279602
0.5149005867447659,3.467878069930437
0.5210913459434834,3.402295161308091
0.5294382625381496,3.3872440050292507
0.5132236464612836,3.4786976971153276
0.5211064542381982,3.4025431921451363
0.522843759155335,3.4254600409530953
0.515106364938176,3.4828546296390526
0.5272815884253448,3.379573932644403
0.5171083259167154,3.4570283638088646
0.5216329762826518,3.424244001033799
0.5204729693222021,3.437737006430793
0.5242135770297054,3.4172257262003694
0.5169992338602822,3.4601709162903096
0.5147484317938331,3.47714199986365
0.5315054190528707,3.368109304900921
0.5250892601358399,3.3928677553900175
0.5250125703564735,3.394092798305715
0.5293817688798277,3.373925020955447
0.5245024447217146,3.4175688729360405
0.5184459854418431,3.441272165940071
0.5123258260045525,3.485984969732672
0.5192483495223832,3.461066114056398
0.5289456086417534,3.372037765316583
0.5196373808247499,3.434359534861722
0.5277926060572666,3.3624917785957713
0.5165506354408766,3.4600319402470046
0.5233801880930391,3.4025847189256107
0.5172120327003532,3.465434206589473
0.5204817068054252,3.442503390786083
0.5157838448259868,3.465762450496967
0.501091154308648,3.584060439445455
0.5280426001740236,3.376374484638418
0.5127592009673283,3.4851853994946027
0.521449200184585,3.427321982553955
0.5190064384273462,3.4502350730778555
0.525681630669822,3.408757073471789
0.5159892768724839,3.449279525006443
0.5211925915662983,3.4157548470780235
0.517381189974347,3.445755153263835
0.5166603357750157,3.4531913790680386
0.5259258205856729,3.394469223518953
0.5229988560252262,3.4222535862225496
0.5275625820712022,3.3824862027938707
0.5237751062584932,3.4122082130494147
0.5185338514145008,3.4446466171060286
0.5148452996929511,3.480890655292021
0.5180255127979392,3.4313671222284334
0.5229736377518561,3.4291537115622037
0.5168242751258552,3.4397764705257687
0.5148699721503549,3.4683093520802952
0.5140693518862101,3.4857205302556853
0.5236682562091084,3.3900841291281143
0.5223736018270957,3.4196627079038096
0.5141321247001032,3.4747372485283923
0.5260630675530376,3.388048208659548
0.5203510886366336,3.4427020515036006
0.5235119317344819,3.3979572456367704
0.5210012202292624,3.428509014083672
0.5202398467830397,3.4334730456165397
0.5191346140924291,3.451007256536337
0.5226043420797517,3.422344703013714
0.5278686418862889,3.4018062567547362
0.525645325785134,3.402719105693711
0.5218464336815086,3.4156371200069016
0.5339981126789879,3.342227723049102
0.523835683580377,3.3961988573719
0.5112262846087219,3.494562308760474
0.5269541565685689,3.386406547627284
0.5180103704011335,3.45829241298259
0.5220476934479165,3.403820414470396
0.5168898755884699,3.455685569460448
0.5291407954557863,3.3808464872574437
0.5174419476850457,3.4623101149656845
0.5130613100965722,3.4780891849893885
0.5281856996286673,3.3879476114864686
0.524006518024273,3.418299437064786
0.5251416634968222,3.395667249238259
0.5275830690249188,3.3854222314681595
0.5159228838082097,3.471096156679877
0.5223414490667676,3.405336180613694
0.518862657786622,3.430487372745602
0.529231981083771,3.3739346124943337
0.5195463231101898,3.4357692114037217
0.5276291491249276,3.37536553349863
0.514782590147604,3.471323171210263
0.5259736961133124,3.4036766717857496
0.510459521415228,3.490204567999629
0.5197585592049863,3.4254678958726767
0.5290037435194737,3.3658395063762705
0.5275577333929053,3.397003635673876
0.5181990727245485,3.4560405382323336
0.5209283003059844,3.425180515676575
0.5302194162995193,3.3711217360742562
0.5165669940650237,3.4609093653118146
0.5197255231722921,3.4251785451055197
0.5171741016985562,3.4602476309652883
0.5204218846452163,3.4289791338573954
0.5222263626918002,3.4203682944811233
0.5190372425244387,3.4428922280874037
0.5188138034521221,3.4324658082216173
0.5160339960382321,3.458583448168442
0.523614606400534,3.4165771653604997
0.5050999239844303,3.5530892746255187
0.5267981744837471,3.3909751985168546
0.5110185498258032,3.4889166783858436
0.518284855312233,3.464428778876362
0.5182347058129506,3.4558828669500956
0.51537917840877,3.45585236377367
0.5276080917514461,3.373778913032475
0.5265253904702409,3.3944131421679424
0.5221087482635245,3.4248486063337644
0.5282801565139928,3.3882443849731647
0.5298036833774837,3.3694532096402763
0.5204082811984494,3.4273329979220075
0.5178901611054809,3.4503628707892444
0.5284299127308845,3.385587967102727
0.526289478078929,3.3736870674463324
0.5211223104117577,3.4139368810329267
0.515130765986993,3.4728990308687977
0.5154001293705406,3.4714438085017125
0.5132043733026191,3.4771338879515366
0.5237323357315635,3.3973698321309334
0.5191179098630712,3.4422237766480377
0.5126326207671653,3.4724939391761453
0.5288156011458565,3.379999484010878
0.5201990032266536,3.432140554621492
0.5214321130078736,3.427121121560537
0.5189787642922385,3.431482569312926
0.5241196841530482,3.402859503723998
0.5223819611956817,3.4099581023497847
0.5235837773991756,3.4143483628949443
0.5232264734329137,3.418988701053318
0.5236503084249877,3.4087583609242107
0.5204020346761307,3.4250936147920656
0.5193863529685456,3.4437966884622275
0.5176131746697579,3.452956146595811
0.5273352769498171,3.3860790421368154
0.5121583504892941,3.4802256736837074
0.5157133370156155,3.477259381472759
0.5181615155495807,3.428274645588338
0.5232466249951282,3.4079469907188176
0.5136069940944011,3.46904276177678
0.5134057224732559,3.4801974385636405
0.5238233450039871,3.4098083622309123
0.5116916879395267,3.4886552546515492
0.5206024519659845,3.426013007128604
0.5214752937616692,3.4412008814873336
0.5162191753297027,3.474570566280048
0.523874548475733,3.411860028687645
0.5139471683814893,3.47557971268865
0.5102593711849439,3.49536824731513
0.5224588103825448,3.4216626917561546
0.5137011316000637,3.4747756555335947
0.5253779208526579,3.401570797631654
0.5246524139465327,3.4011632437335675
0.532503542769377,3.361863324833945
0.5285976385715672,3.3857495209566553
0.5178651586884294,3.4545618799599747
0.5205499179257851,3.4329197013118256
0.5283804518260322,3.387370879956842
0.5144709744255928,3.475120252908817
0.5314239148169031,3.3711621622248154
0.5161240090523134,3.45825593241399
0.510869522543363,3.504412203884349
0.5155822787097071,3.4651911239305218
0.5136461661915168,3.477241064470767
0.5210641204533472,3.422808994133563
0.5222277245210197,3.4199328950517756
0.5241738658835053,3.3958559653959135
0.5247954900004872,3.4072159390974557
0.5244421089594615,3.3976005900249877
0.5209350174106522,3.4197387094835126
0.5205187330266615,3.437373747927043
0.5264361361721666,3.3838565706753845
0.531938951659612,3.3567503707757615
0.5181068698584785,3.46075034485536
0.516906116197783,3.4580542011982196
0.5229529559131483,3.4096372404043094
0.5166322351184107,3.4507824279939747
0.5202888260619429,3.4288115290398076
0.5059400733169936,3.5551391712926694
0.5145145769724049,3.4761808238421015
0.5182057292386879,3.4523994541802456
0.5255380092711732,3.403924796661285
0.5332252729674365,3.3375940410982943
0.5120581994427567,3.4886088661742622
0.5269643079756312,3.3634224883092116
0.518437111279682,3.4445382613538484
0.5298368047426487,3.370603842113686
0.5113019098698544,3.5055064902497057
0.5154910394660386,3.4726750986843085
0.5193034966762786,3.4461046451162014
0.5249279748089175,3.389140370131625
0.5274566685431172,3.3608108836716055
0.5258652763454932,3.402310184394775
0.5132587139871969,3.472874072337906
0.5201725912220565,3.4367548050347496
0.5152463626884967,3.476748612466761
0.5228082990441622,3.4331806780939167
0.5212972750100757,3.4267140623817127
0.5254384992674743,3.39858521811855
0.52741589317522,3.390194756984392
0.5075066594581031,3.513905762042228
0.5164635045927506,3.4620003976469365
0.5288191111234537,3.363066989180725
0.5207780808113734,3.434704672045193
0.523142125352899,3.4200295291772718
0.5248173924342078,3.3862081129076254
0.5194859579723895,3.4319701111551772
0.5272460744172771,3.396031822192814
0.51705657511557,3.4471661135017104
0.5211265989954839,3.428597879624704
0.5144254358035727,3.4909889205924576
0.5242631543389051,3.390261875392562
0.5207897586991403,3.4259868472836104
0.5121319851690916,3.5022558392972503
0.5205805434092892,3.4321796677552423
0.5246398883175636,3.3995952435518397
0.5244880871752605,3.397264244012826
0.5278107143142874,3.388066989422994
0.5217956198957757,3.4201553355049534
0.5192308763877107,3.421595551168743
0.5209466452749476,3.4246299631382295
0.5272016195922558,3.395933834715764
0.5128536799072851,3.4775493443439975
0.5265364460035178,3.388982093602162
0.5168689937490867,3.458352759290951
0.5121789373850241,3.4990152934038807
0.5219951024388043,3.4112739060972337
0.5204251117305103,3.4329798268901373
0.5183338685816374,3.44052037134594
0.5204270313844348,3.4385115729555875
0.5258329085818542,3.40077263373227
0.517952545884137,3.448570700094127
0.523916684601054,3.4160146439603354
0.5226963411589018,3.4037549261238533
0.5273035691555714,3.3988146258540923
0.5092728488740136,3.518389403028381
0.5195720439867764,3.436033218235134
0.5074254045335324,3.51318168356418
0.5201237630819291,3.4359430468299097
0.5155829187278353,3.4641529923480046
0.5206257309995175,3.43374559323847
0.5228310478764563,3.4219689775895
0.525739008637893,3.4000252534632116
0.5195391699061851,3.4454275911463887
0.5207835304748407,3.449105758591324
0.524288087132478,3.4127028790542844
0.5169101479656555,3.4513855421541266
0.515142301258511,3.4812563277149486
0.507636452957674,3.5241098402371964
0.5297396163031843,3.3748116738161142
0.5187896776355125,3.4491012165615693
0.5186367639250531,3.451963179884631
0.5248851350384418,3.401396686717676
0.5287945990574403,3.3727610980680196
0.5238831859001976,3.4215400798474502
0.5239973067774238,3.3970400357671346
0.5220856989515834,3.415350903184544
0.5199488029844717,3.4336981856433932
0.5191924697847174,3.4404526716849197
0.5242881444260008,3.4002563416164224
0.5234319051094123,3.4063293695251704
0.5237455321410178,3.4267850703083163
0.5191435466235916,3.4389058934843906
0.5271862115273837,3.3958023635877086
0.5198534222996416,3.42454910206966
0.5243903611986523,3.4128998335505414
0.5155111362896606,3.4746802547269056
0.5246907524933347,3.4022275304891405
0.518430442769545,3.4441173481605105
0.5149810788146714,3.476705708507291
0.52662207029076,3.3854232029261473
0.5163463477502543,3.4589195749119237
0.5248170484951624,3.3955071541398842
0.518110265065161,3.451620930450193
0.516578857608595,3.4615764971309377
0.5265105873035492,3.387473428447661
0.5141064832578359,3.479792134011665
0.5119868463186886,3.4868996234928336
0.5211469310849908,3.4354132095865526
0.533244624892451,3.344105405054628
0.5235605534723582,3.416536526491164
0.5234075294004152,3.4165958571911714
0.5251208748955953,3.4091706838254328
0.5105866549268852,3.5010579103381727
0.5334952678914286,3.3572367364405173
0.5256092881443251,3.4156381861499936
0.5199512298865614,3.434496680941369
0.5144336113460664,3.470109410302016
0.528569256235548,3.37247848874331
0.5277686137411937,3.3863222520980516
0.5205956852721358,3.4302230891393553
0.5316814565157216,3.3473193901087797
0.5241924374869407,3.4028764011153045
0.5242814046464283,3.412139895363838
0.5165629431340717,3.461769835049368
0.5225073809719312,3.4044705193340645
0.5157049330235701,3.4741179661676362
0.5251044288443191,3.3989808229287877
0.5133711948440609,3.4672994130564003
0.5149644392754705,3.4825635935221184
0.5160118220803696,3.4799972754642265
0.5258288815911977,3.404049663640015
0.5114010278882359,3.476914129653335
0.519531726484177,3.439232880485676
0.5105145517659546,3.5033257267142512
0.5229038070528486,3.431055393327343
0.518687732408039,3.437063821558291
0.518328774561194,3.4434517557958912
0.5213563149805727,3.426118212122816
0.5237300608649753,3.4168470862578473
0.5176977860164385,3.4524663277555336
0.5254861072738151,3.3911320583815243
0.5228849002877396,3.4104631278936495
0.5239091298548257,3.4090614883773585
0.5197759590555633,3.418353356562714
0.5155229035122794,3.4763545044594406
0.5203707300395548,3.4373260538858847
0.5261949787346234,3.408642324640356
0.5116042617530276,3.4831968222591634
0.5172335221097872,3.4385954898566493
0.5218269235792816,3.413836164876723
0.5109854726213829,3.509066359267819
0.5101164987102574,3.509057260392698
0.5118670294966225,3.4998009032706414
0.5239547767912521,3.4122712640623596
0.5168674224615173,3.46474315161485
0.5093619518982957,3.5153175702423343
0.5228830746465603,3.4158903122226847
0.5190248399471442,3.4388271721168433
0.5247228604366552,3.402145521230633
0.5215924533449097,3.418508240414923
0.5233303366136712,3.412322826826412
0.5191581269333851,3.4400921243780176
0.5180605182383651,3.4426629923705327
0.5130374496259845,3.5027106964505093
0.5194058502247235,3.4186574873766373
0.5196903005111001,3.4327826310238407
0.522599568676561,3.4174391949066387
0.5149953046787166,3.475718748008209
0.5236506519700648,3.407387473414812
0.5135515607707799,3.4804668311031595
0.5224081002728784,3.415299733969211
0.5086509095322005,3.508980877308593
0.5270484054718079,3.387043455543091
0.5207854819808206,3.42068014610311
0.5132654579026079,3.4698731122504833
0.5258838367512104,3.4004703425350713
0.5124063615018091,3.480168859391032
0.514772606532713,3.4618386084147432
0.5139792454613807,3.4846071451860023
0.5209309113542944,3.4298664819278333
0.5244487091493942,3.4071785117653284
0.5216084109024908,3.4331708257513442
0.5100739268484777,3.4958311576966428
0.5157470570098791,3.4663747845562516
0.5165084846520036,3.461707022330664
0.5181861739219433,3.456283450257299
0.5200818456813212,3.4403011174208604
0.5246069285136195,3.403790687489182
0.5256341857962039,3.395467291967618
0.5225293430199356,3.4212015680484513
0.5116564985260916,3.4883721582456686
0.5223643691735279,3.41421451394952
0.5206459799586713,3.4320141320014015
0.5201541468192032,3.432375354363239
0.522639701334926,3.4092152757492036
0.5236086674634355,3.418275622946788
0.5271703127279457,3.396201838740831
0.5267023451389556,3.3807736377668585
0.5188984299596016,3.458589030498045
0.5204491855045197,3.4508578991160377
0.5224781769834523,3.408154554326593
0.5132141230794982,3.4871474872804384
0.5200263528013878,3.428115648997865
0.512901916367039,3.49086122367206
0.5089747292589965,3.5303906789009383
0.5286129518484843,3.3746057986433655
0.5215758155819252,3.4180901155790115
0.5186062628691357,3.4453182136310585
0.520687226457026,3.4325558698128242
0.521498318388957,3.423685583042712
0.5182605359901682,3.443209812026948
0.5246690507613201,3.41470930711231
0.5284633219521245,3.383123407014586
0.5209328060557687,3.4290760762987182
0.5332526493399046,3.345940081866711
0.5254898617770091,3.4051345269362567
0.517835707197422,3.4488619469046835
0.5152629661640131,3.484371450258966
0.5291488169326128,3.3789716298017614
0.5274885846497086,3.3901558323833223
0.5213810298414874,3.4276616192134832
0.5170343970888425,3.456355992034524
0.522046939900825,3.4180055657692514
0.5189141668291211,3.4404385489223768
0.5157492355339304,3.447771335177023
0.5325338989001809,3.3512233093076675
0.524838388567789,3.410777922030338
0.5212587859235266,3.42803891560904
0.5156528589176576,3.4642268163205063
0.5302286398182259,3.3545322419954395
0.524049508419868,3.402823335269293
0.5289817228435683,3.377227245530986
0.5228036182788052,3.4303407460408515
0.5138799267183658,3.473741077450141
0.5085988172208806,3.5178396506889946
0.5184369559567028,3.43945493838805
0.5238688943607301,3.4122204028020966
0.5184076625017278,3.447997716085547
0.5195726038200934,3.4314476977064157
0.5213135912677351,3.419780630635739
0.520614937263004,3.433568757602626
0.5252518010712779,3.4053905518712186
0.5262580417113285,3.387144214511845
0.5288284798374198,3.393198980958725
0.5295595238356536,3.380227008860789
0.5275119646264639,3.3828590960996556
0.5189639380853301,3.4467410422420617
0.5189114524853466,3.4589810452485903
0.5157019802880959,3.4668049577635442
0.5238456170245716,3.4084048933607543
0.5166058405076657,3.4617606539858428
0.5121746903979798,3.481121878935051
0.5296275589145945,3.370503350392079
0.5160163043366481,3.4706591693204536
0.5188656931371143,3.4382287569127055
0.5090758802376326,3.5213011163474253
0.5330219685455106,3.358904670776975
0.525990985472859,3.398528217697674
0.5297919660030153,3.372484318011638
0.524432768747805,3.4011970182123625
0.5235900545092949,3.408719569681123
0.5220931308017658,3.4244674271284463
0.5181930891487722,3.453896964289434
0.5225461424424771,3.422135588702773
0.5175082540514264,3.4601809757137825
0.5217621195632007,3.4123721205885094
0.529193519560136,3.3748824313865944
0.5177238703758608,3.4518941300218677
0.5170450466109198,3.4606360801345324
0.5164087317213195,3.4602708281513284
0.5194601253905449,3.447993346067114
0.5263605682404975,3.3968850181312202
0.5252188737773571,3.3947329935881116
0.5196686926676279,3.4354054967050898
0.5111109078281861,3.4938016197270048
0.5235045725792653,3.4075662920004524
0.5214570583085039,3.407968703316039
0.5247828584025742,3.4076404860231
0.5225021401003942,3.411977290231652
0.5217050968080293,3.4174090713740246
0.5064189797062857,3.5254684581549594
0.5219729963434755,3.4239976026151075
0.5206500381044399,3.4367304401697973
0.5183720228451923,3.437347879394561
0.5207155623864954,3.4231311006523484
0.5164306776736518,3.454925357719885
0.5230150495297374,3.4064667878416945
0.5180633232845282,3.4612470455676516
0.5236220444350331,3.415672976303072
0.5229143190569374,3.425936724679561
0.5163059419866505,3.472659529398564
0.5236077253565559,3.4085856516365642
0.5287451947472384,3.389807453566897
0.5262488364196096,3.412464713358847
0.5187879166511313,3.4546865989494675
0.5159034490823744,3.451801583071218
0.5237535229500021,3.4055420980791666
0.5186376546328615,3.43579930406785
0.5250055964724063,3.4107419037681828
0.5152745753636225,3.474580962161776
0.5226782339533789,3.4267442567295685
0.5204859095422424,3.4310893574271635
0.519295018668561,3.4527494421497558
0.5265330792211673,3.3911848754140617
0.5204780644483025,3.4245236311691674
0.5175199331515963,3.4545103442931513
0.5253848659686922,3.39919673486206
0.5183117532787667,3.439418102007781
0.5180308949802861,3.448331616500327
0.5167429581322465,3.4619224388575964
0.5157884085602285,3.4588005403846376
0.5093897485713251,3.518107741802302
0.5254684977924338,3.3811640934447165
0.5216533240930503,3.431881253197722
0.5211100106921457,3.416799061638109
0.526978381203504,3.3980009908591557
0.5101412118905098,3.500330441633724
0.5230038082030909,3.4265943866331745
0.526352024850137,3.4028370764343063
0.5241494722903537,3.390819737945898
0.5156447755171882,3.459840627588962
0.5212956911739817,3.438306556816918
0.5268154565388753,3.3941092809886864
0.5205496688577151,3.4277195770270286
0.5265971177891164,3.3994475605517387
0.5252681973366643,3.4042550677749137
0.5185388947664618,3.4355346125206445
0.5266793849790233,3.3744721234539843
0.5286937319142648,3.3678826906030244
0.5239034547206878,3.4210766148073883
0.5171138475520319,3.44702149427508
0.5151801582102163,3.4607536226578164
0.5266483128165786,3.3828167243845297
0.5290728324148812,3.390661588638205
0.5145151440566775,3.4835231402699893
0.5236684071634019,3.4050259351239687
0.5162905591315948,3.463240321707467
0.5273419111547477,3.3837506046166923
0.5169338944026061,3.457825035236734
0.526468882746278,3.4010074956096426
0.5202507089500671,3.4349437223662993
0.5181969298132612,3.445574908666402
0.5251827362905408,3.4014138265465754
0.5170835823646168,3.445880681869345
0.5223427642683618,3.4155228766872305
0.5209485503891849,3.41260433689232
0.5207038023562294,3.4252290484579597
0.5165513278088207,3.4534606621049564
0.5256597151143216,3.4036225571539127
0.5239055477481107,3.397953844188559
0.5217647744021463,3.419969030602446
0.5250129143609463,3.399816140949193
0.5141399265236731,3.4669362901200187
0.5177621135818302,3.4542213975792233
0.5283293461698786,3.3760571216752435
0.5121123762252975,3.4775779551953985
0.5201770727051607,3.4342913031884073
0.5301269234632869,3.3644043623588544
0.5291411251043596,3.3736685770843176
0.5221528007101826,3.4050308824590134
0.5121659188416858,3.485181432947459
0.5109910589950899,3.5114624228450424
0.5279348568684508,3.3922596226683344
0.5130172438769169,3.4813627085278136
0.5123472396956941,3.493725227262258
0.5114986160702701,3.489765401433336
0.5156008187729246,3.4673148679283363
0.5269332430969813,3.39062021044876
0.5171267211558065,3.4557152741899144
0.513435195084663,3.492174399878186
0.5271964487252336,3.3978365525121825
0.5297005925499771,3.3651537204047255
0.513999050778039,3.497470621675584
0.5200559347750972,3.4487208470395596
0.5195339449910679,3.4472767529782478
0.5132917133332688,3.4832059563698152
0.5224117862084976,3.4215525910238305
0.5258880726180627,3.3861599987120243
0.528056363534639,3.3767228455865257
0.52451040501582,3.40003912044781
0.5290086405512777,3.37743851862527
0.5186366396403095,3.452213705556242
0.5185524508505177,3.431714465064473
0.5179880453872636,3.4347288219129264
0.5193054140845916,3.435650736982621
0.5203461186884125,3.433924331755946
0.5204210649050107,3.4286777848831496
0.5175466746027948,3.451239744600663
0.5101230231658498,3.507318729742953
0.5137740978974765,3.4898646069046584
0.5106657650322322,3.5132426792682665
0.5134063609330719,3.4715727760773225
0.5255760574370825,3.3977179554611436
0.5205500735933615,3.4265834867859
0.5211364015434168,3.4285878458248877
0.5070956002848537,3.514896076759676
0.5208192602646475,3.42877471706018
0.5283641797404193,3.3786076195276986
0.5281535275167792,3.3834356984133453
0.5121942801846623,3.4873765599157163
0.5220305231107499,3.427159095314343
0.5215803347091148,3.439273675153879
0.5234748762798105,3.4137959018501167
0.5306040667574315,3.352855852746528
0.5217661823529103,3.4158143297309485
0.5159801474098008,3.4629756873461903
0.5229750110077991,3.4164471398723477
0.5302147652867449,3.364682152073581
0.5128022868718978,3.4954466438845713
0.5204595934469205,3.4267416090780305
0.5159498266841464,3.45465323573551
0.5219281309118105,3.4188407567788532
0.5131511169283134,3.4693817059105796
0.5186940505789381,3.457634779804687
0.5274266445558173,3.378709679361023
0.5181625610845171,3.449928126175948
0.5242609407821768,3.3967210075521566
0.5226840269752824,3.4183014871102513
0.5251345375674962,3.4076876276600823
0.5115473732135318,3.513252719594816
0.5251102305433883,3.40579480506873
0.5236490019137167,3.4067332541950153
0.5228706957431135,3.424610993088084
0.5215648502920449,3.41392171169398
0.5286315445909929,3.3964648804181663
0.5183811656031578,3.4397178145294243
0.5278495710148534,3.3823024364705847
0.5230793423563541,3.4160990220536096
0.5176875221610635,3.4574644944598174
0.521502000925218,3.4118600006687427
0.5259719953649904,3.39409987025577
0.516647851081425,3.4584108284961594
0.5104983666021264,3.490437047149512
0.5179191072072048,3.4483857945506875
0.5290568167959352,3.3750004752944567
0.5148030321523596,3.4746067658744186
0.5243682908008243,3.3968601581362714
0.5278923489833449,3.384965766969172
0.5317350456183292,3.3521452985617812
0.5201501841196301,3.421459503571109
0.5226336121736492,3.419461545355753
0.5255241170321057,3.3977142755200944
0.5251312847821836,3.4056047764659017
0.5173627172751722,3.468929712971575
0.5192771508411498,3.433609076179325
0.5245079408605604,3.4062576148859103
0.5235653002287972,3.419599267111286
0.5185541078336908,3.4585399006717235
0.5211555448329899,3.440645670887511
0.5073442701487227,3.5252582656672677
0.5102432524521794,3.4969445986161802
0.5208228987147647,3.4173315882711925
0.5232412449619128,3.409505098457457
0.5255507335573164,3.3916684521748377
0.5224703367140149,3.405206532467493
0.5211484835270201,3.421367628042828
0.5257229648111587,3.383038184730899
0.5267686390096937,3.392120005122878
0.5223548506888136,3.4094728198088404
0.5196978488556026,3.4370233410921203
0.5222506367988988,3.395659616168579
0.518952334227925,3.4347221277185933
0.5141671767591274,3.4779539072308987
0.5094472615043052,3.5088600477004053
0.5217299970995741,3.4185186318379337
0.5164994739969175,3.451994750147333
0.5278825127741327,3.3782852945815027
0.5180315367040946,3.4585196224016013
0.5229944916787108,3.4144209687151124
0.524356075975928,3.4088659212549737
0.5168685182275656,3.457793913578661
0.5163890800015503,3.4735586491229418
0.5170427512666458,3.4600849709156134
0.5248806426988124,3.394106942223704
0.524234706595127,3.4009246288486055
0.5198687808837732,3.4384180425944493
0.5260811879838199,3.3806514688305715
0.510151429755231,3.499934766665047
0.512149373439593,3.4958208302619713
0.5208169661276464,3.4386493993503837
0.5151019903591905,3.4635017849343828
0.5186699588952659,3.4361768597312348
0.5080389217890762,3.5138529375142946
0.526860866355235,3.408332134361972
0.5253185399285637,3.3944026444431286
0.5245069510324247,3.3990755420971075
0.521662835813077,3.426093712753297
0.520726865851022,3.4390342623306718
0.5223565973836964,3.4142669815318616
0.5158349145264072,3.4786588655456345
0.517289502399805,3.451938372891435
0.5321123489744302,3.3597122332997573
0.5044577578783844,3.540245951265683
0.5211704152798216,3.4332687013926213
0.5186742054500304,3.43989265425913
0.5234919882361244,3.41619255083001
0.5244516003273244,3.4078566166290774
0.5195070537179509,3.4478990233933384
0.5109958033337996,3.5078708792869606
0.5224532734237971,3.4109556674056414
0.5100465178598452,3.50734027623936
0.5272449827420402,3.387561453169699
0.5200492030327091,3.4313343397203413
0.5163218623261852,3.456644355810345
0.5173975426540787,3.4487564122950376
0.5326626904220666,3.3411749612727704
0.519004304039964,3.4451114623937125
0.5208117757924497,3.421955030503939
0.5105052840028186,3.5103398401536774
0.5176675121071781,3.4432251383038537
0.5223226517516824,3.4050337893717995
0.5190323933771466,3.4466090375879226
0.524957557181452,3.391184819787383
0.5284177551469178,3.3847127135531108
0.514698826117701,3.4800481757304604
0.5264795253415546,3.4028808419341803
0.5267976053816044,3.3936469674392726
0.5176960995082385,3.456754363996884
0.5186723721789204,3.4561264771210456
0.5160626980177132,3.4579956266069294
0.53465943985863,3.3433142129006126
0.5250716000788929,3.400645875095263
0.5152976910149447,3.465836629577362
0.5247847291615971,3.402817749449069
0.5177551291128986,3.4597047445962645
0.5161396679896806,3.473180773729131
0.5163026877008917,3.4748109411632795
0.5217216640296237,3.4206317753760263
0.5136881831065706,3.4912289505507017
0.5192362136397219,3.4302926053931966
0.5218666352280534,3.422021982764046
0.5215425564852616,3.425814913541321
0.5112295819035508,3.4932139966082514
0.5134773770294857,3.4846323192856143
0.5240788154161302,3.40162783198137
0.5076989280718498,3.521195437736258
0.5165384105825426,3.451904046957906
0.5210920468385722,3.429209218972881
0.526949843294416,3.3970659843612614
0.522230895199363,3.41743169908617
0.525920228207948,3.3836158504674922
0.5163234636735421,3.463590028754664
0.5205258727750266,3.4327710864836996
0.5284755114238835,3.3936053501625745
0.5053902044099899,3.550689494100657
0.517877411444864,3.443660965794098
0.5190057338717562,3.434231262924651
0.5213558112380636,3.427783509499882
0.526217917877037,3.3897626409338937
0.5097503791028906,3.513316444540903
0.5251572865002877,3.3923354720307017
0.5204837095888385,3.435456294747226
0.5219341845600707,3.430749396174088
0.5273646192541073,3.3860277653034
0.5236206130385499,3.4238642817329303
0.5273963340903833,3.368381123163056
0.5210038262819732,3.4361351201533377
0.5167710311666589,3.454491089757854
0.516959150862277,3.452182360236847
0.5196894088149988,3.430825835967232
0.5218911135317047,3.419559427694076
0.5216963743222592,3.439811642064061
0.5151649285665257,3.4614613444682565
0.5166729239905776,3.4544193058885497
0.5156946501122188,3.4688009770396495
0.5194212534430045,3.4416666688589412
0.5331718559713244,3.3515064042506224
0.5123436707105169,3.4858278786471373
0.5106577171648861,3.501754282454211
0.5238636047200254,3.4045829183860628
0.5158869990784776,3.4670979644775826
0.5232058904320487,3.4067989237909457
0.5214363821772692,3.4186913597243707
0.5184696571872418,3.4431850805181874
0.5188324912835203,3.437697308126965
0.5204390370904113,3.4485061024230967
0.5220353665291289,3.431974231026052
0.5252963922227364,3.3829162212921764
0.5195553735451488,3.4183018802698246
0.5152385202582183,3.478019394874408
0.5148902820527448,3.488886171992597
0.5232419161637087,3.4171584099770973
0.5273478401838982,3.3767478033124227
0.51622291483467,3.455154577918414
0.5158428963625912,3.4724109186614784
0.527127798710858,3.3879799210915422
0.5182758687885722,3.4461533646827283
0.5093981636015288,3.498609977560673
0.5174471506498393,3.4644337731832997
0.5214902677584511,3.431670900291235
0.5221028338679334,3.431341703056356
0.5186703421201548,3.43472596911089
0.5172224153940732,3.448571296125093
0.5222303598218152,3.4329144791970165
0.517946895067287,3.4631522882316275
0.513356603646469,3.496297026182419
0.5237944670759139,3.4046644398529953
0.5154714282042807,3.461161438779437
0.5210816684509834,3.4291474251131318
0.5219059431798544,3.4166933036901104
0.5200492963847463,3.4431782531862325
0.5212635684163912,3.4230540235441755
0.5128037790179556,3.5025288839568747
0.5238197892312,3.405769195051632
0.5208028121489198,3.4298516219133544
0.5260302919198587,3.395224426329455
0.5165152840352492,3.4688826082203703
0.5227765222797836,3.4160254190737986
0.52207603243291,3.4333284390849843
0.5259148445293649,3.4085228788695914
0.516581275806163,3.4654579307222533
0.5194069282345848,3.441997454469064
0.5271190924262468,3.391683251472173
0.5174417821836623,3.455196680407662
0.5192067399467186,3.4466445767054426
0.5260215164472932,3.4010084445863815
0.5155703249058661,3.473450319824084
0.5288703130967735,3.3737244631298386
0.520092996506504,3.4241464352837667
0.5184990043514698,3.4620815237825235
0.51042735874071,3.4973677531915044
0.516922656896216,3.4302357796067544
0.5165774521633653,3.4766009303508194
0.5293919013064851,3.3782412207586443
0.5195954950635772,3.444081925346736
0.5179937275029263,3.4362016437773404
0.5185710610103149,3.444253772588785
0.5192928214466199,3.4285004743443492
0.5159339025115399,3.454010621264751
0.5153848650503399,3.4687553606151558
0.5211316508259394,3.4159258630777676
0.5186144550761482,3.4547881130983353
0.5216884571359877,3.4240780540191085
0.522658567051411,3.4265083719205363
0.5116268085766223,3.4955394072055874
0.5181545695005771,3.460591019634334
0.5231378072051356,3.4116024626688453
0.5193220490594949,3.4409730832217837
0.5147522374155216,3.470421825610395
0.5198431246157458,3.441258010824133
0.5214506388449885,3.426046629500444
0.5165766874367184,3.457222450890223
0.5194884977303105,3.4385267609685086
0.5270379712543577,3.3850129724816838
0.5195314362126289,3.441055600321003
0.5141826264882741,3.472083324130232
0.5174317797486199,3.4536691235662156
0.5226444905306383,3.4192574193054472
0.5221958415759229,3.4249839438713683
0.5302497373991293,3.366985655984967
0.5202746434982235,3.442326012624069
0.5207835408551813,3.422044675467842
0.5283573039166786,3.3719318076847404
0.5267949530563965,3.3861874567403394
0.525548668457643,3.4028648661908925
0.505967386812792,3.545358654904272
0.51744438883388,3.4549892178076247
0.5182364554097023,3.446930380526628
0.5221034523311929,3.4164278316110654
0.5254783271521595,3.3988006254763814
0.5181834823803895,3.445730598276299
0.5247518897593462,3.3987352541200475
0.5263411591358784,3.402079653083556
0.5188538211391378,3.440621357762407
0.5183069803346716,3.443930150628787
0.5203174927002925,3.4447748750195286
0.522590380719856,3.412728047655017
0.5184347400183281,3.4373058117237094
0.5173834034131684,3.444755657225434
0.5255126967497386,3.399000681335055
0.5172636370787045,3.450881503776322
0.5199332149520337,3.423142268567564
0.520866166693057,3.4233148845538723
0.5140573151830294,3.482995821603968
0.5061800065226956,3.542634670226267
0.5194534082046696,3.4409973993342304
0.5277285476144133,3.38599403471207
0.5147890465528191,3.4726916983822576
0.5194638364487244,3.4561766472653086
0.5138575586109556,3.4844230589843934
0.5141759992533688,3.471503656984338
0.5189528004515958,3.4532897417859996
0.5181882132874233,3.4566237777718163
0.5021783464779472,3.5542055376073316
0.5171427591251783,3.451020238329187
0.5115024281729916,3.500349625824318
0.5183651270073475,3.437080980699903
0.5245085712252938,3.4089028392131397
0.5266747595957515,3.388382391788713
0.5224822583153133,3.421264285687868
0.5239112489268234,3.405146099129464
0.5213952701226399,3.4274621429129386
0.5253796936255934,3.394311508026037
0.5243621078413238,3.4122591861814957
0.5115426977512043,3.5070224813387245
0.5222117621290978,3.4254919956897827
0.5110994048978137,3.4881510639556037
0.5180975641569637,3.4455650986041855
0.5163046919263059,3.465742635467355
0.5247974128935097,3.400187727486818
0.5225383484318118,3.4023809447720406
0.5349166364077501,3.3405696490375383
0.5052311565957763,3.5476074247115337
0.5186374474914355,3.4473213220332752
0.5201385762009555,3.4340912491932465
0.5209809015636044,3.433002296680477
0.5228414654960727,3.422441419377499
0.5190231924992168,3.4404162186845215
0.525270095045232,3.3919754145510876
0.5284242810072622,3.3611127978253887
0.5230331524405658,3.416203382745335
0.5313828975015573,3.357176815186146
0.5214494858390095,3.423099397515362
0.5128974806011642,3.4901904597516284
0.5124170692735677,3.482624532373866
0.5156769650163436,3.4695858290015718
0.5227431447655039,3.415684199024412
0.501668070368106,3.532615292004339
0.5154101921973424,3.4635767905836112
0.5306807277103671,3.3572976755816506
0.5231506732592887,3.411633673050411
0.5280014575053729,3.377819205050231
0.5191295571979113,3.4373243858810665
0.5142758768146694,3.4804020919811096
0.5272683678198855,3.3845577126969815
0.5052339405520759,3.530934343795028
0.5212038123050651,3.432758271816615
0.5240370110241352,3.4023992634553584
0.5147248455506912,3.4871566912597713
0.531520709615241,3.366501231285181
0.5221814649595977,3.410622060933383
0.5226436481297225,3.413266395519466
0.5236401478719281,3.422431801027929
0.5209062442353813,3.4291886678551298
0.5129372695043661,3.4860922703209614
0.5089310269817291,3.5041535652273446
0.5274069860154165,3.3761320328788473
0.5267569910765836,3.3987616088563657
0.5225654795479948,3.4235124099560985
0.5227702346570176,3.421755364122787
0.5235465423435464,3.424750147260667
0.5279880345994652,3.3903832709446826
0.5174544327807729,3.4571576588554085
0.5287797696825524,3.377852476768961
0.5277854882633726,3.391672402355555
0.514356518856002,3.48197649758458
0.5192044600226386,3.443641868798624
0.516616371390945,3.4427896886532765
0.52262319672624,3.4181755946059202
0.5084188489824415,3.5105801175503997
0.5227020354802452,3.40268986513276
0.5192577391331586,3.451764587855314
0.5251458859068541,3.387296831847907
0.526643473535003,3.391015552934745
0.5156070952277592,3.4765957431275143
0.5278770772880534,3.3805460404419603
0.5270725643694041,3.3792662566618326
0.5204240740813293,3.407199127506308
0.5236910817955607,3.4132896348591966
0.5187316393916457,3.4496522171379613
0.5156466234401845,3.4716968283735956
0.511933705431302,3.4951943286147964
0.519690393828182,3.427848542330369
0.526682240615169,3.392641728503732
0.5171338663418197,3.4537714548905627
0.5081150487962901,3.5264632127323834
0.515653746754032,3.4651262387257704
0.5091998742747341,3.5323668044507213
0.5268005344335194,3.392239450312104
0.5267399031491216,3.401641176455589
0.5228782999084827,3.4327153120532787
0.5120380163990015,3.5023825862376317
0.5304785000245464,3.357925169107612
0.5123801532182017,3.494777773157177
0.5204858680336413,3.435094823341773
0.5178105510208522,3.448344983540926
0.5146041085705751,3.4884039253760184
0.5178705916897965,3.454073266743121
0.5140708255691289,3.4733688464820878
0.5180078242669086,3.444232716213779
0.5154510019791598,3.4536008288837388
0.5274160655725957,3.3893306195614716
0.5252275903368933,3.3919152100999983
0.5224072476747699,3.4252391830181135
0.5267189991375025,3.385980931250921
0.5199968028545261,3.4231993747151384
0.5261688884191931,3.3910967641439353
0.5171706995664237,3.455922902858765
0.5208034972652487,3.432427961187858
0.5126303572662834,3.4966566620353907
0.5207211154953906,3.422874391372518
0.5210795138721205,3.43069997936257
0.5176618216326894,3.4536052927248555
0.5155135000440247,3.4612619835419896
0.5097413658104135,3.5187353974395577
0.5174699281870592,3.4392911587612014
0.5215645074663887,3.423291506513447
0.5166944628482351,3.427985290822627
0.5094664094409815,3.5035109433730325
0.514636322754651,3.487225376869038
0.5141243435572305,3.474334993527055
0.5222939002429482,3.4220789257660624
0.5156944126568082,3.469552093383139
0.5204534296070722,3.4316802677899014
0.5248203054983188,3.399642417829786
0.5155442810249176,3.453017973209078
0.5264266996695102,3.3942473272712546
0.5263129046304662,3.3867919072892225
0.5154349420676616,3.4733211830586237
0.5250450271634572,3.3918002298797116
0.5219082502650112,3.4302838346891353
0.5270561554775623,3.3725584419588146
0.5139234075664743,3.4893659649684237
0.5277748639203438,3.380742714026467
0.5275797302673351,3.3880152315007375
0.5250916318607565,3.401807596867905
0.5195671506428725,3.4450086167860205
0.5174015869096813,3.44928645203436
0.5274336345786279,3.384016387328173
0.5266672629679905,3.3812973431098388
0.5190591986962982,3.447302484359746
0.5187708249145001,3.4470798460367202
0.5234684333497007,3.4167492134503035
0.5150439053951534,3.4761346043633115
0.5147196993563187,3.4759641459307824
0.5246019111721134,3.4098540002054425
0.5147587657960725,3.479302951376199
0.515081355839417,3.4730684225218935
0.5229208936669179,3.412957574344847
0.5264377854811106,3.405035913656119
0.5256377843750693,3.390879557259439
0.5131118021459797,3.4796693429516745
0.5098205302225389,3.509885140713174
0.5078956616331488,3.5179199243509927
0.5102967604390889,3.4849244236545207
0.5165749616370339,3.458127755710368
0.5136190040767149,3.4897968382071936
0.5198967090412103,3.426007009209607
0.5195152848135522,3.4380007992629817
0.5171193175191868,3.462658625803404
0.5227933466762422,3.405486074512162
0.5208041304792554,3.437588932302675
0.5229116507346891,3.4281008826616
0.5148373576165252,3.4824974869307934
0.5189611925169373,3.4305088357605933
0.5186634026665622,3.4523969816213906
0.5158005717467892,3.4614863190064513
0.5174996784372148,3.459455447691958
0.5186661370123287,3.454996443046947
0.5183229247547441,3.449511163652658
0.5134577893615853,3.4733559643987255
0.5151262468422054,3.465211962865958
0.5185930581341989,3.454934886863668
0.5182133589250228,3.436301573424135
0.5267021363130566,3.4028481923039564
0.5135831291170553,3.4684634153293104
0.522018482226201,3.4253848431625613
0.5112433053603878,3.4858515682708866
0.5114042539364739,3.503694320472458
0.5065315011998057,3.5123324008947843
0.5171217267966582,3.455049495063544
0.5278414859875298,3.397286794044973
0.5028288803614607,3.540417021464699
0.5134372547030401,3.4838762137244577
0.5292093278677191,3.3697097597906023
0.529813861573077,3.3622662035319215
0.5160183285886513,3.4547842162998212
0.5315590575325552,3.367981349386072
0.5167204982548059,3.462461463901824
0.509525854884582,3.4973482997915935
0.5245585900826802,3.404374556120687
0.5196221296332066,3.448984744337856
0.5168931112821873,3.454258850947128
0.514611976396397,3.4758416019665117
0.5265097156144027,3.4014110629514525
0.5272361814778497,3.393149159632337
0.5233628438689633,3.401530234993424
0.5225496521069928,3.4203296526761604
0.5066992451763846,3.5392798013376656
0.5189974864658826,3.4451074936414487
0.5253544631815049,3.392977046305497
0.5325683969057116,3.3617504644175726
0.5152898378187478,3.4647426664013987
0.5290052450642828,3.3744142041494904
0.5179438833821632,3.4395412595979473
0.5252338358596114,3.4123555304371727
0.511303091246466,3.5100177227678637
0.5202866265577717,3.4044570775801426
0.5176370633006554,3.448211117281073
0.520862040165234,3.421799676979931
0.5213116387031378,3.418856401934754
0.5243052076221391,3.4025899970876097
0.5227704842889276,3.4109570118822963
0.5323182218958615,3.3495060391866684
0.5194034868996824,3.440863366055699
0.5240326994583013,3.4049591888781174
0.5266778449225205,3.401766416599112
0.5070648553393824,3.524966631373943
0.5274304164458413,3.3813247532029105
0.5193038490645434,3.4411178789517995
0.5176147058412057,3.448331417839895
0.5145293315913044,3.4778388199893646
0.5141058339865481,3.4779498358060144
0.5142013128768882,3.4922332340609277
0.5312160751777133,3.360031188362909
0.520395559918254,3.4356771835057076
0.5261539963586904,3.3879331931334575
0.5243303758370834,3.413370119020318
0.5235566134732936,3.402999657392434
0.5243825268559688,3.4107150164072975
0.527265139739681,3.381966099029479
0.5286870893641811,3.3898469849111
0.5217752431617696,3.4221371634705293
0.516544548825778,3.4598831119243365
0.509123924333031,3.5031102722420164
0.5135934701846856,3.4784449857094684
0.5329993230221441,3.343758416895363
0.5286661891330262,3.375014660810905
0.5234667679786706,3.417442339226754
0.5191954543760295,3.4272280296780706
0.5200995625877995,3.4455939051250053
0.5314880260267019,3.3501604704305286
0.5139862834082777,3.478057644467574
0.5148867337177137,3.4804470878144627
0.5176422777044445,3.453432572706761
0.5248235677230388,3.4101456527064804
0.5261285749427405,3.3987828322685347
0.5300371771651538,3.38078170127186
0.5345693177136799,3.344610942243887
0.5133416728902065,3.479619768960041
0.5166289486689657,3.457453163338764
0.52116007759531,3.437884098541796
0.5288058559171851,3.378825587997804
0.5231872328997488,3.4246526767032313
0.5209469775016848,3.422765171794893
0.5265357726461859,3.3973918255105238
0.5090151656388329,3.5039154872528453
0.520638891217984,3.436944106197008
0.5117272179610968,3.486763016891193
0.5167687675139254,3.4582436014595124
0.5260546205030676,3.3903642799500493
0.5265814209848244,3.384154684269705
0.5261285227647715,3.4003266874903146
0.5207272499012594,3.4261085813109857
0.5266998340102621,3.400294318681939
0.5158713754646499,3.4601318188069428
0.511671492904739,3.496565594756065
0.5205714625565419,3.4228163072983384
0.5162757240646778,3.459325565405512
0.5181905114609487,3.4521477187985647
0.5195078830442642,3.4182052208236344
0.5239120351192811,3.4175277986933743
0.52464478600782,3.3996832879668517
0.5130638732314805,3.470247698186786
0.5245067374380581,3.4036710842690763
0.5161575273565753,3.459512855301212
0.5208603168908794,3.4386986994255166
0.5265644664022342,3.399836786454573
0.5133136140510434,3.489448173733425
0.5170532664716998,3.4655723574262156
0.5301479091294317,3.368070137030171
0.5193775321720182,3.4215863293026736
0.5265452623264769,3.3905902060833117
0.519592768405688,3.4405870819845434
0.5260360779287238,3.404873941579471
0.5206863026989114,3.4331205482810008
0.5178538477985156,3.4581808653403843
0.5241630699277682,3.4168515772049393
0.5198518667511705,3.4378061970288765
0.518304443747363,3.4508592909618727
0.5172413713496273,3.4582930964636844
0.5193776876495103,3.438229067994984
0.5180561398989898,3.4401407418441714
0.5211663757295872,3.4383510148555168
0.5254710841825581,3.4054451198659215
0.5257552404855641,3.385939150499254
0.5246723958722751,3.3789794665434973
0.5213625676411517,3.4151882533704936
0.5211968389200765,3.4340248876825274
0.5115842331876195,3.503632132955428
0.5212863543825628,3.429959337626585
0.5177480826128642,3.456820143211359
0.5210717937696345,3.4282917519189517
0.5093287446933485,3.519084281506231
0.5259361550864754,3.3776313740289146
0.5249721037235726,3.377771180435965
0.5184306188010369,3.4380670269909914
0.5088129521539422,3.510734185974754
0.5082360027490418,3.5304297881833726
0.5277559305883787,3.372483793100716
0.5290861170283496,3.375549809228336
0.5074183797258884,3.532583572768746
0.5174928097273517,3.462210161134486
0.5279890434023786,3.3826346830958878
0.5161337080590027,3.467653924546317
0.512541735538484,3.4954419134951413
0.5173594075359378,3.4600116515005923
0.5207002940959267,3.434593613529664
0.5211387120100104,3.4268130965350223
0.5226141905460636,3.4263170027466785
0.5207404011187471,3.419353356155159
0.5309069581407364,3.3599730487715633
0.5233178012809521,3.4201776198526663
0.5189729208119005,3.437302758449122
0.5247173527221956,3.4279538997982213
0.5194641888963418,3.4496832509691475
0.5191596813506265,3.4360106115358358
0.5247201612881229,3.4160892007293895
0.5280764208246549,3.3854786043480556
0.5080071693166285,3.5142459513175783
0.5249987216658285,3.3953889620849855
0.5114749423660809,3.481098629453682
0.519291214990395,3.439257379849088
0.509660588873553,3.5111234227511066
0.5103893480134392,3.480725113168679
0.5224334186115449,3.409430687350053
0.5309357518037345,3.372445889270006
0.5222011795846304,3.421576207776874
0.5226622851165356,3.4202863744800993
0.5179009653373459,3.459715087321117
0.5185208030317512,3.4556485243357806
0.5274282379426343,3.381171160394245
0.5140259463227379,3.500178243776361
0.5209793182413571,3.4349126500594127
0.5105524141433329,3.5026877379570998
0.5163365225076537,3.4635635524730968
0.512496821118959,3.5005166837988244
0.5233672774675406,3.3992963148852646
0.5246256851483082,3.4108841589769554
0.5140678679002877,3.484357255145651
0.5244593726876745,3.4096816437285247
0.5197672901989251,3.444314533708618
0.5116599002436637,3.4993635353354513
0.5143094089153957,3.471322970962816
0.523331200407404,3.4138271084495457
0.5216715891704173,3.414159663793403
0.5275716786272544,3.3987315170663797
0.5129531402854344,3.4841378430898224
0.5236361659207778,3.4027489889118945
0.5174407995198066,3.4483857945506875
0.5277163038890389,3.3865404372697747
0.5077618580444159,3.531750114088803
0.5135189739467059,3.47555272576564
0.5065702648378467,3.542817950919007
0.5279273670378102,3.375183537634756
0.5227966231759527,3.429091524250657
0.5236357859445608,3.410630182862289
0.5181483791754313,3.4494901538625355
0.5080102186469342,3.5208687655798494
0.5250687123652009,3.3934755193739923
0.5208457107063367,3.4261767017014297
0.5156603849070439,3.4740737551633525
0.5275223042253219,3.3838078590750964
0.5178421024175508,3.4468224490830432
0.520827206740381,3.434857116215207
0.5168996757436608,3.4417580119316127
0.5150089530543764,3.481497283224993
0.5084417818292655,3.493867751261092
0.5178593428248854,3.4442766428778517
0.5177669975675101,3.4322705105023044
0.5207129467275318,3.4235552309774198
0.5148201122070464,3.473534572415825
0.5194321166969309,3.4455915234725545
0.5153260910545641,3.451883332250709
0.5102744128762968,3.511878787752919
0.514629135302517,3.4887068814009736
0.5171667804084534,3.4629869545659027
0.528092484699163,3.381876088812582
0.516523633498875,3.4574496899889575
0.5183167022572799,3.447059336264406
0.5082107215188925,3.5122733384932827
0.5218990998982254,3.4069983192720543
0.5195020155760974,3.4295907524691853
0.5135570812875307,3.470094941354658
0.5246107735957213,3.4062044013056605
0.5189223409877546,3.4446887644329958
0.5199274796984598,3.426589683076383
0.5181635134539899,3.4650444277760823
0.5213406990834559,3.422982124304221
0.5177859646444786,3.46451288415391
0.511771475800892,3.4889969750331287
0.5160654556862417,3.4599345441654643
0.521284308401256,3.4150197784530283
0.5278582780355039,3.375999445853739
0.5249834502734596,3.392305004046076
0.5226463885353141,3.4294145409603956
0.5245635551126538,3.4039149617712687
0.5274191164883417,3.382816225245135
0.5168645796783211,3.4598924579920602
0.5149907036857178,3.475225665290381
0.5239419681586026,3.4104322105068086
0.520212396236469,3.4329188262540824
0.5266912304379505,3.380735648166343
0.5222066787512738,3.423894333255217
0.5210881945177213,3.4338272242432235
0.5314965835509963,3.3523033999195953
0.511814029604138,3.4988978165275713
0.5189715531940506,3.4440327592064346
0.5199230616060733,3.4304964261132804
0.5165759433789712,3.470422111589459
0.509106085500953,3.503182281449686
0.5222142778390304,3.418909152307429
0.5179617569958732,3.459221527040416
0.5294587745271049,3.3679665930956286
0.5262835184560783,3.383560707999693
0.5202156122464279,3.4321960073834608
0.5214396334063522,3.423188262837761
0.5139535466098052,3.4603634477645655
0.5118806911676808,3.484355301167837
0.5277678507619548,3.387481761372632
0.5249662194114254,3.3948753595562735
0.5306722183002743,3.356324294711014
0.5221042526959856,3.4094467563995807
0.5195118741872338,3.4173135372588144
0.5148743662294222,3.4726356318519316
0.5245593507257926,3.387274556695064
0.514824454470894,3.4766632637288937
0.5195161037803504,3.4334878115924963
0.514874128989862,3.473942815501779
0.5238489021630447,3.4077588871694577
0.5177106573821146,3.4546149239789665
0.5072769045675246,3.517869411562026
0.5198724831586334,3.4452281461638186
0.5183772309965228,3.4576994686613336
0.5274676240870668,3.3853719104077116
0.5234190406565374,3.3975739395561244
0.5222108005474453,3.4324105195472367
0.5199963983512093,3.410543923570847
0.5129543342079679,3.4910954253424897
0.5257692401359912,3.3957423831551727
0.524616426622061,3.3997493509901995
0.5296176232381771,3.383383693638752
0.5175098471175544,3.4631438159353123
0.5265228484447856,3.411353128209471
0.5217830467463913,3.430646501861156
0.5285297983351229,3.371825053121693
0.5145032353625715,3.4783046445533428
0.5172813424903662,3.4707357331768027
0.5100321982480476,3.506534532559967
0.5164454015947482,3.455905716089306
0.5225790921806899,3.4278488241049665
0.5104958110781439,3.5147120042839326
0.530906308274077,3.3631818309507255
0.52011625287626,3.432375439030096
0.5112395868571116,3.49194080350621
0.5195825149976254,3.4394681792304826
0.52237818179581,3.4188671036082297
0.5207582235347268,3.433547949148383
0.5262323307617383,3.409196520742382
0.5199898122314421,3.4251983916335904
0.5220180457014238,3.4190288695246807
0.5236137840040043,3.4011694961684147
0.5237304200540962,3.408421991998143
0.5247635204778587,3.401819043693949
0.5266838381042103,3.3913929269416907
0.5180671737674982,3.4522427777214526
0.5141280537625527,3.4835581296980953
0.5215298463334884,3.4164506759926176
0.5192564332876959,3.4363254541881605
0.5198712386948996,3.4360695306204305
0.5249450799459241,3.3963348611791564
0.5200482902577119,3.44716460996895
0.5218577710210555,3.4279927582178535
0.5254123288322192,3.4052505305432677
0.5112337420599908,3.4955126393796894
0.5175183607575431,3.459255626825608
0.5161554718072405,3.4775371317815327
0.5148837836591542,3.493922179725936
0.5126774701618996,3.4938102680557415
0.5267370577985182,3.4003097775317737
0.5262069335343618,3.3963526109852413
0.5151707170389721,3.4782983933063147
0.5178411296789751,3.4513657971192364
0.5195605156403641,3.446421280358479
0.5157447442696904,3.469096272127083
0.5176078259352317,3.450116283097791
0.524102769879061,3.416366119026076
0.519300107536986,3.433767080799805
0.5232367442792936,3.407818509290726
0.5243891891688257,3.4066166860449996
0.526909432006986,3.3740807009894684
0.5194032484944118,3.452519304780097
0.5161198671224246,3.472445803587235
0.5259638672870517,3.3914319244202806
0.5152639052137148,3.466157237523444
0.5278679938160338,3.384665568627332
0.5162149296672157,3.4654616135472858
0.5200451577864762,3.4392890935398848
0.5118532755269083,3.4887112556155206
0.5164371665023291,3.4735908566824527
0.512711013542436,3.4867995405583048
0.5122341295414707,3.5002084053695532
0.5224697024243662,3.4182064845080617
0.5298951334294593,3.3818609256904835
0.5231726754789192,3.418641337768078
0.5244514492565632,3.4159391912562245
0.5090143357871544,3.522819845897096
0.5238584712959171,3.3969640866446387
0.5190162918994055,3.448458336274227
0.5209114558388213,3.4179046203665786
0.5149326052814238,3.464908985207976
0.5201287630027575,3.4313226035612754
0.5198116411449786,3.4478324545617323
0.5234083984644328,3.3899068945905158
0.5164420538192593,3.4545588082718877
0.5259712493320918,3.388189206385596
0.5241418168640408,3.4121604633527918
0.5123062846721612,3.491644196326594
0.5150070548551791,3.472515946735238
0.5232384613003398,3.4131273559376054
0.5207899144052601,3.426302273909353
0.5103049690583481,3.507669690747183
0.5267925513503402,3.372816496083319
0.5226557486112948,3.4238008031584775
0.5119201354438796,3.4973392947004616
0.5306014941926891,3.379636834685845
0.5242524824356096,3.4001371678436323
0.5096669662576032,3.5044391684131067
0.521008908623968,3.426243471969493
0.5115546176613963,3.4942882142803975
0.5152240016232961,3.4631716005957256
0.5148420712819719,3.4723564600940615
0.5239494086007168,3.4128128041474692
0.5175340124038259,3.442746152992127
0.5307131678097194,3.358165394509681
0.5225048125254816,3.4225588671181266
0.5254619275562316,3.4027391022792925
0.5164259970662315,3.4581533279464627
0.5201454641715448,3.4301694231879907
0.5236568982645777,3.41090586620102
0.5219242077518915,3.41983095369597
0.5283999713314945,3.3639130373331176
0.5288657881012429,3.3734100289778706
0.5122818689095354,3.4998049473928536
0.5121308437868382,3.497575745204986
0.5227264824295814,3.424387752700432
0.517772388606853,3.4468479778360965
0.5179190347632128,3.4550291275250893
0.5209907701318219,3.4239042660848704
0.5186649044842782,3.4264812217788925
0.5179916885612732,3.4562625048344393
0.5194784113030609,3.437444201991828
0.5258055389145362,3.3866364019497937
0.5255360328489302,3.404107502764065
0.529077593718978,3.3870438721244938
0.5134644318184727,3.478783334886084
0.5193521274909112,3.453152063349064
0.5299893873583816,3.386525082116943
0.5216040318984513,3.424361720388793
0.5258028943135562,3.391841653372239
0.5216602955358498,3.4080362204899357
0.5146205970556752,3.476673667084621
0.5186778512879138,3.4465212836625256
0.5241748710120848,3.409168388466152
0.5142098883394266,3.483214573481505
0.5171888271807837,3.440735905804452
0.5123803177889461,3.4906256584638244
0.5159942960504789,3.4594599490910705
0.5163373696852964,3.468405744247767
0.5120730362849462,3.5069947982536873
0.5257772154308964,3.3934337376341848
0.5148966051380269,3.4557212493161398
0.5290310803295104,3.3675839776084904
0.5288929802070288,3.377374642380014
0.52659146440697,3.3931904917872955
0.52639412142193,3.393729814109076
0.5113086386018828,3.507860857190134
0.5259940166182026,3.4011849598394095
0.5235821638863016,3.4127217694975287
0.5133222015053082,3.496774453490079
0.51794961697663,3.44556438978596
0.5193549052851203,3.451703953099731
0.5219857174210342,3.4149882220800585
0.5188650612032735,3.456255247963897
0.5205056470840594,3.4337216493397507
0.5195571463208132,3.4478623904822596
0.5199163307955299,3.4440329575695725
0.5215673331844644,3.432238987543554
0.5249070498074333,3.413454782647297
0.5279093665698475,3.377214598438068
0.5189848046653152,3.4475225864560644
0.5249040895925511,3.4096488031193695
0.5183402982688554,3.4539321954818085
0.5135692965835674,3.485097619339218
0.5169283531679769,3.4643916215031596
0.5265222377332196,3.3925378212655017
0.526012871478939,3.3908247715068254
0.5185127048407402,3.4376652445148244
0.5225264157587043,3.413085309025083
0.5298249665940671,3.377843425271866
0.521896912344419,3.421630976908733
0.5215915598955818,3.4219991215248444
0.5233974337416885,3.40961501100786
0.5298324275973036,3.3772781112266084
0.5203173266948659,3.428915343642141
0.5240913133263214,3.414026272433091
0.5163928098696471,3.4608001963568977
0.5103026911585289,3.514641455872849
0.5247733326964459,3.4141975484245073
0.5254235394377869,3.399959853558311
0.5300344435703406,3.364110790769059
0.5227471595772222,3.4276002534039955
0.522570829945572,3.4152427868634696
0.5249598869076129,3.4107610331611875
0.5223810670310003,3.4204388909064187
0.5059795536613225,3.527694715029725
0.5177948533311225,3.4475040595531703
0.5117467770560946,3.4883603032091886
0.5161157252113509,3.464059452344719
0.5185774612504291,3.4452314063470224
0.5200020510412168,3.4414407870625214
0.5257411001953085,3.4057804343535785
0.5268701031083214,3.374298645623599
0.5195031455274076,3.436849750847053
0.5186117312370883,3.446899574975519
0.506524933526239,3.501580506401902
0.5177577469891926,3.4550535628992183
0.5026055141687289,3.5648248806908693
0.5178650965971681,3.4615393763610554
0.5240612769414785,3.409205114438972
0.5202521821473873,3.416636777575962
0.5238837898458326,3.401661667884651
0.523351312441203,3.4270572039761924
0.5254672358866923,3.392003569758001
0.5266348391007425,3.3871986503100917
0.5154662054873436,3.4772529891413013
0.5116539806471145,3.5015322949007572
0.5230984556893585,3.4061299375380485
0.5246920082378758,3.3991787159975466
0.5195070951842495,3.453596564073847
0.5206803138614854,3.4264068700213395
0.5130531678181227,3.4802677399281965
0.5244306225428109,3.399648136823372
0.5122079778732083,3.4846811162738724
0.5196144885771427,3.4413358082058707
0.5148936653620036,3.4688777205745516
0.5312318703400671,3.374329635846098
0.5177033422031041,3.4431100090896245
0.523576261574101,3.412763951136349
0.5071835384593903,3.5198499929247555
0.5131954163696149,3.4778157686814892
0.5258115584061118,3.393648275818547
0.5245335516944334,3.4074036986628684
0.5212745926449582,3.42757475514433
0.5188598503550809,3.4248777112416406
0.5122922563236234,3.4929176642363773
0.5295161672116107,3.3632149269743734
0.5129777086572125,3.4886544488900935
0.5252235344166628,3.410366680209595
0.5214962823522831,3.4276103682465693
0.5216131639361083,3.4428690855796016
0.5178360176439882,3.4561701020466797
0.5275668142329635,3.3757348163534813
0.5239012888063146,3.4183064858574714
0.5152509030740502,3.479841309263796
0.5206583827849743,3.431201266923151
0.5302159123252497,3.349188908430968
0.5253818313852316,3.404709687103546
0.5265198888458853,3.4084355366552646
0.5261846625461792,3.3889544690842355
0.5257863226769306,3.3882600274400314
0.5175338986103368,3.4481653425244128
0.5205443346652802,3.4352530232488823
0.5171410115830872,3.451249346784387
0.514702497462346,3.46067042463074
0.5139403471283143,3.4861439669175285
0.5230562393288747,3.4146448273699845
0.5223495586379834,3.417756592339108
0.5176184923976406,3.469504063687472
0.5274926232102128,3.381324448336891
0.5169813580960112,3.448089743407226
0.5123940184126722,3.47574315794367
0.508656931028462,3.5339921021752603
0.5185791182776116,3.4394259106017713
0.5165032869812034,3.460635880624128
0.5077890794114978,3.5208047620549348
0.519087237850544,3.4644251829807002
0.518819967080721,3.438284752268202
0.5279629716393545,3.384740851046352
0.5199313377676129,3.4329964816172533
0.5113454266944291,3.4975465919553606
0.513188950962101,3.4848238909365343
0.5228060158680948,3.4136199961651026
0.5267806368806135,3.4043383681646566
0.5234838797972283,3.4127110069743134
0.5903129014815451,2.94840775708426
0.5149861646125711,3.482128672917093
0.5096657358903531,3.517073236513766
0.5232095220835289,3.416510481997909
0.5207749771119559,3.424129719711437
0.5197671035497653,3.4361079911677552
0.5100585604720854,3.5115149727820905
0.5152268908852384,3.462676451749668
0.5213296169851938,3.427606930886562
0.5199188094706506,3.4428739293448394
0.5241139557651838,3.391491089252122
0.5387263132637222,3.2999487294686123
0.5191511735380887,3.4475991636976704
0.5138607010332115,3.4936678621513826
0.5085116387846502,3.510701423294092
0.531541726609426,3.3470667558520657
0.5190607011428852,3.439430635377325
0.5223340777320273,3.419195055072609
0.5139545667184281,3.471510437219992
0.5223623573398153,3.4172284211283843
0.5089451946278025,3.502370674568854
0.515414258643254,3.4633898364127402
0.5170283382893859,3.461055966035332
0.5274122519401936,3.385816532469173
0.5224247104858448,3.422976020266411
0.5191628627325173,3.431582249162729
0.524251612646566,3.4084296038635524
0.5155586293248171,3.4576142801174092
0.5176596903002939,3.4638375708779208
0.522021080591965,3.41805796332789
0.524790617645411,3.4107326612089692
0.516295166729251,3.454317321263028
0.5283069940874269,3.380862393029741
0.5151663524653884,3.4762059253666733
0.526692608675396,3.394465492152846
0.5248549762859158,3.4043013423596618
0.5226442409302927,3.431264600561856
0.5117854854323991,3.5033224297085117
0.5190511476955046,3.449843933773939
0.5236536345708742,3.4021464426696744
0.5263677860765308,3.390761310369345
0.5124223460626143,3.4912142037235894
0.5191315157050904,3.4465595161354394
0.514521485114432,3.477341451081429
0.504695085080153,3.5513913762025546
0.5200511115650512,3.442542051223535
0.521943033865579,3.429160618215082
0.5305717084108188,3.3810402723191735
0.5095468806567749,3.5148758108079035
0.5115008355134646,3.497524712775538
0.5127920991841414,3.4967447310465642
0.5013539057195922,3.5722458001027295
0.5229328570713525,3.41344449391875
0.5188158959736258,3.4492401491443765
0.518492635711229,3.4360106115358358
0.5249497289232561,3.4048594358209825
0.5130896799911941,3.4965709617608858
0.516030907969822,3.4484821199139883
0.5309217060222847,3.3639569935554285
0.5123678310722337,3.477022501929913
0.5201454849185188,3.4214995383922187
0.5271071899487603,3.3933082013188516
0.5237354539208572,3.414241322490925
0.5196188326707176,3.4397959379046434
0.5279486711173688,3.385912028047683
0.5209673888995353,3.4220010336509517
0.5205934643123813,3.4428992530227083
0.510666668369033,3.5185568427831018
0.5160025271491933,3.4625075802729324
0.5224496237270283,3.4131274400320577
0.5259626673836045,3.380544959856322
0.525018434084799,3.4120046939901316
0.5240481232842606,3.411353464375931
0.5173711054484823,3.449004955606362
0.5233337449607263,3.417095895469156
0.5151077268397481,3.4867430009645424
0.5315979521290273,3.354425775409554
0.5225963916202472,3.4076060185718897
0.5197136404338913,3.4453858298766864
0.5278157784097262,3.3853737422671046
0.5264404369072445,3.4050689800254834
0.5218473429500303,3.4262328550822225
0.5183507453102603,3.445517778283814
0.5204781993501733,3.4301840028550736
0.5058751819713652,3.5567595029305528
0.5316715812500878,3.3532764245989783
0.5199683843182678,3.4296436180486607
0.5221844171905877,3.420882238429065
0.5198411024249623,3.445433544941066
0.5214849647663669,3.423534889505011
0.5134698076109379,3.4999918496687017
0.5225612574858742,3.4188636206444443
0.5118271867602631,3.4992016834912367
0.5200520658326441,3.433185816005265
0.5211128818242889,3.4316208749837855
0.5261655593417267,3.4046506338572673
0.5246807222239236,3.3896811905336985
0.5118762708892896,3.487128389115619
0.5211969064209583,3.422323357799218
0.53163670121902,3.3627615845856424
0.5229471301203141,3.416093802717063
0.5178117617303809,3.4517995940690205
0.5225982115366978,3.427999859306213
0.5204015781212673,3.443411893163223
0.5145786082164927,3.4672107419634455
0.5193438770753209,3.44557320749714
0.5160684715729891,3.4622887265516114
0.5239623891528402,3.403930580263242
0.5117514330699895,3.477763359172311
0.5205904753652433,3.4261170293897805
0.5070235334263868,3.525215261655186
0.508064791288676,3.517929864252908
0.5180819030462034,3.4576335839855976
0.5136076842004529,3.483783129195287
0.5275902063726763,3.3883991742387716
0.5267869908996694,3.4034882109794844
0.5207283916731337,3.436398086851324
0.5239901940233392,3.409090739242485
0.5211923890645629,3.4162413228380544
0.5248161938592459,3.4204840825349043
0.5174630390091948,3.4456351874149123
0.5250215718446971,3.3953683771772556
0.5255803233409169,3.3981718797907496
0.5203133633237929,3.425103242164365
0.5121388129285621,3.484020558065362
0.5125567246726898,3.4770177152354176
0.5092362531762389,3.5190175833372437
0.520915395704989,3.4300646604639886
0.520556943747347,3.4384177597736847
0.5310059990675562,3.3672173254659925
0.5215805684576391,3.426715442526813
0.5203512650235755,3.4156324626496857
0.51920990075961,3.4314702682768017
0.5241202049171825,3.393380265711982
0.5238798798248694,3.4086965358839865
0.5225220378814424,3.426581627901389
0.5161896833618607,3.4558076624067318
0.5181006694975718,3.449377441799005
0.5132548632861857,3.4806332769270054
0.52552353819285,3.398117815417496
0.5130745890694124,3.4847189934137557
0.522562318199302,3.4093811650192385
0.5165260205501048,3.4581824315909526
0.5223269923610936,3.4114763639149883
0.5239221307176927,3.412467207576567
0.5129875176718184,3.502063532032421
0.5205145924118673,3.429076555522244
0.5160853173431663,3.462717466103836
0.5135119809135072,3.4803535959731753
0.5110645170452808,3.482131486799781
0.516354489040711,3.4656993512341425
0.522127333624523,3.4241410322597257
0.5248487539059601,3.4047471654577435
0.5067528108400388,3.516036709610861
0.524869411935678,3.385419705678975
0.5289787773698946,3.3695395608342666
0.5303225816014993,3.359847065539867
0.5093573909541527,3.5167366742196067
0.5160620783180688,3.4675631284518733
0.5116336837282658,3.506806641224451
0.5271632878743076,3.3843175699810333
0.5155750320843955,3.469957461356817
0.5099245114738519,3.5129799017700774
0.5224079755023778,3.4264876149942993
0.520468559102363,3.427810672078424
0.5167918280908672,3.4651234412441214
0.5151769079597656,3.4637591916617234
0.5172120637241648,3.4560760232842944
0.5202148549269867,3.4472785118966542
0.5191991125858145,3.442684660351766
0.5208453940857212,3.4358653112473756
0.5172740720613038,3.4552316430095984
0.5200881523646945,3.4305321604031027
0.5179265172223699,3.4668909315132157
0.5175777618607706,3.448484986451882
0.5247796432063174,3.3994823186390217
0.5237091187982275,3.419785631994243
0.5252542409442076,3.4043349869199715
0.5162620875861121,3.462518931230248
0.5160168413826594,3.4656215211853203
0.5239109833917601,3.40109876631149
0.5184238674991939,3.4582555337217977
0.5222686998236881,3.4277310729320507
0.5136444254014257,3.483811226620501
0.5220335788268744,3.429038950815487
0.5175078919913239,3.455539468755297
0.5238787760666901,3.403228280959029
0.5254183825441496,3.392347881916891
0.514500142221253,3.4752441701403165
0.5239666483513543,3.408151560242947
0.523416131606051,3.40758162303345
0.5203331180890256,3.434165491197606
0.5250448290940843,3.4078381784325575
0.5244796373637859,3.4093193543086575
0.5109480017319581,3.4974421044628423
0.5187074949588285,3.452916265581236
0.5172262623978294,3.4529215242721456
0.5186962464121767,3.4447340869638947
0.530273480512912,3.368282201831287
0.5172594589818845,3.4613375298232056
0.5213423868554601,3.4310468177382525
0.5106676846240803,3.5071663448915813
0.5197063304456642,3.4377983928563705
0.5195329705060973,3.4472697173153954
0.5211251660041496,3.415841546267681
0.5225023324731661,3.418383265476991
0.5193763712742134,3.4405747133694407
0.5144501688533007,3.4753032661375225
0.5270037761505685,3.393383717278381
0.5131227141634744,3.474618049700787
0.5188442387015183,3.4400628920384113
0.522138783337164,3.4291466357841847
0.5206321969204664,3.416762377103741
0.5235492956294905,3.4134197394475048
0.5201760456967726,3.4310349981363846
0.5217399823300481,3.4306244455047996
0.5255190117853088,3.3965215602182166
0.5203643903776847,3.431879955197913
0.5201441052457305,3.445719426677145
0.5232171288230665,3.4147786406036262
0.5145509535799984,3.478832091605724
0.5237740494673477,3.412039551507066
0.5306173121539063,3.3634706773776615
0.5153370096216151,3.4621616826312334
0.5205262463679625,3.423979706075491
0.5166364413774774,3.4560889141129585
0.5322010696514259,3.3429495052325655
0.528655294602461,3.3824869236874857
0.5279409303074993,3.3848478815647356
0.5192165747728572,3.458865768077472
0.5191218993700246,3.44265370209674
0.5173791523741229,3.438165579631298
0.5185354565851914,3.4354122207544315
0.5221843080410457,3.4191362035986614
0.5224884037409114,3.4244467976820037
0.5233412901976082,3.403585205535151
0.5227089623150134,3.4257612462132303
0.5108875937828183,3.496670685954384
0.5265546268143461,3.3748718134882147
0.5190557171740497,3.44248175249787
0.5178241793547649,3.444099438331173
0.5138333674844473,3.503004430572216
0.5210663165316041,3.4174063762739655
0.514282484177606,3.4807443991465155
0.5226069679812495,3.415003453245428
0.5137615604108328,3.483898508483728
0.5244763762345228,3.4182665803742642
0.5094150144155132,3.5251882824898977
0.5151014435383124,3.4738480432584495
0.5256814429096491,3.399537023050062
0.5177822498401381,3.445081271666259
0.5187306553722266,3.441798332925191
0.5276632859416577,3.3863353571644454
0.5116982861145388,3.487788440996239
0.5079878400995502,3.5181407607672472
0.5232566410912131,3.4113811422185805
0.5278289848887803,3.365749219571407
0.5161461134351499,3.4719778252600557
0.5279985878747211,3.3918471338937426
0.5198014164986713,3.4576224515030822
0.5175079747479063,3.443060463023938
0.5253603184250257,3.405155295423233
0.5169899289079387,3.4466739896996623
0.5213191218242694,3.4327614331388268
0.5256744436518541,3.4058174796343157
0.5240358081579123,3.413504993301742
0.5124458914237463,3.5014160471489486
0.5252137439704985,3.403482093059542
0.5118866842789258,3.4845842702788317
0.5201169686253764,3.4144436005746246
0.5281396426771242,3.3795699164902313
0.5150517873976548,3.463958610588798
0.5218912746093748,3.4096756243214004
0.5233603825016658,3.3973858881172734
0.523214584565189,3.419520038355645
0.5350519167197653,3.324184691568311
0.5254962444636528,3.403011304594212
0.5173169818632077,3.459583284457409
0.5127907922873385,3.5006304689337213
0.5110308526954517,3.508962042632603
0.5266882024983732,3.396862109024759
0.5209226733390331,3.432569078709102
0.5173899506720202,3.4490158561247752
0.5095750115239635,3.5067338486891706
0.5099509216163085,3.525345557560628
0.5247560063516248,3.402337633848049
0.5251001805409143,3.393782234825362
0.5233637493206056,3.4227853108600694
0.5219071902522414,3.4201296792157163
0.5257253171252771,3.3887380123851343
0.5150951499634504,3.461955572512063
0.510935925961179,3.492487946084533
0.5222461561801608,3.4232251150539024
0.5222716731071193,3.410235624183181
0.5153235833115982,3.4683784809144735
0.5216731216653354,3.4278672240466053
0.5071993014827026,3.524586879457009
0.5219400200004082,3.4186166501097084
0.5206413821311997,3.416272612572611
0.5213060770312109,3.4251327437890944
0.5132769175294394,3.4858832505674386
0.5043108549410642,3.5599900366110253
0.521856773413071,3.43203030136756
0.5129746723108446,3.482379980557433
0.5233413890666054,3.3975705943268912
0.5235030164422956,3.4111239560464175
0.5249670272645099,3.411801217623564
0.5223721306271045,3.416603322731632
0.525717608231014,3.389947928597756
0.5293058205288197,3.3768420193685142
0.5220720359267566,3.4234356882305876
0.5184147553895553,3.4468934479439843
0.516825898024488,3.4611543691346665
0.5232528687835551,3.421500634859457
0.5187720368638166,3.435109710709356
0.5195355103892216,3.4438208302027937
0.5179308225095876,3.452609828400274
0.5176514443660903,3.4532142068792635
0.5150201050556213,3.476541808015918
0.5207788593328517,3.435884045583559
0.5188927112937313,3.4486003314975786
0.5268923363925981,3.395435592056921
0.5273369485566124,3.377701428586128
0.5315927185598164,3.3550468750383033
0.5184594987668139,3.4352947499353967
0.523831607147996,3.4133163505246187
0.5143503129839719,3.473479405730133
0.5138075801417672,3.473025257912796
0.5220112016417713,3.411994522625412
0.521029035789529,3.4278916259904637
0.5127479127499313,3.478223035291284
0.5241099459128904,3.413636537673966
0.5231152959095913,3.3983795591368104
0.5260322849328196,3.3996705386520003
0.5230132756701718,3.4118591881206877
0.5208919799497689,3.423354945566644
0.5226003590423918,3.4167835401206013
0.517001322318041,3.4512061088015176
0.5211893255818965,3.425347118326596
0.5226247826959698,3.4269857103814627
0.5172797705008658,3.4494127312721767
0.5270230877885989,3.3865909182780616
0.5187476531571267,3.435935332517226
0.5204506901353203,3.4470368409287797
0.5168926770989835,3.4521004036437604
0.5185540560529225,3.444021877592495
0.5318807003085242,3.358948162192842
0.5173549807781893,3.4520259797577615
0.5215277271251924,3.4307993215631
0.5273620961080444,3.3914577654174476
0.5206835210505814,3.4374117454091477
0.523678489920225,3.418516609720197
0.5188681172806839,3.4363505221398527
0.519158696886078,3.441124106889386
0.5244432966779431,3.4073644505077576
0.5169490399247005,3.4692833946016024
0.5208941029688268,3.4354194251105854
0.522474423212776,3.421095055254278
0.5255045566161272,3.4033504073629097
0.5189215018123225,3.4332224874105415
0.5243433664626991,3.406969985177648
0.5190616129736991,3.4513121310830495
0.5154703547580203,3.4633268744039203
0.5251794155838119,3.401878428342869
0.509166827208821,3.5057661736567
0.5178029763610315,3.44649496368035
0.5130089167323091,3.4865634964290333
0.5199337646255154,3.4368173858141033
0.5145372090697446,3.48064871669309
0.5314031988682626,3.3621337298053966
0.527333678478274,3.3843383232651303
0.5184495268461593,3.438910221383818
0.5125139286514881,3.4957325581383416
0.5139185441997725,3.4884039829254805
0.5218975826394874,3.4186017365091077
0.5146492128780318,3.4733782647524727
0.5212620313694423,3.4189663417874088
0.5219603793583597,3.423522510257052
0.5217643691620786,3.410282641232251
0.5197583518189254,3.4385064254536823
0.5248511354991949,3.390324324208871
0.5262996543959018,3.3837322690144407
0.5266895859524463,3.401806508025907
0.5194682316871592,3.4346139494554864
0.5077604872816595,3.508271848947624
0.5170589221920061,3.461148496781588
0.521416256997918,3.4311539862469433
0.5265016825370542,3.4013800773741885
0.5172896265054467,3.4603600564094554
0.5219514155769862,3.4239043505000017
0.515684129864757,3.462847443804944
0.5181902733616282,3.4572476165543207
0.49924257161911206,3.593981840866358
0.5260699546362777,3.387539842551408
0.5291121425722392,3.373743479014779
0.5177396806883685,3.457710316714533
0.5248312907947676,3.4139678368312825
0.5220225772537499,3.422237500475708
0.5183627662817011,3.47221549641202
0.5189062724615887,3.446945925257991
0.531319756917066,3.3546451082259163
0.5189133587412291,3.43620608062471
0.5326831720028885,3.3426729251851874
0.5089554798956446,3.500172696850302
0.5126738895336428,3.490780012013682
0.5310072098139177,3.3694969506397
0.5133713390067118,3.470921073540755
0.5150591536247472,3.472919925216497
0.5236626240684927,3.4156539538921393
0.5144030848920413,3.490701279169439
0.5147854367358637,3.460639785330255
0.5070956922761258,3.5268857646601472
0.5261395897702414,3.38851470914334
0.5310033993741434,3.374785931670389
0.5084314414937965,3.5285110014824683
0.5261833319374687,3.390725631493695
0.5224315989968753,3.4294065905542754
0.5207340382738062,3.4255925358001855
0.5257364267960105,3.4010720546704847
0.5194399325115893,3.433069989405357
0.5216942859244098,3.4269226690576744
0.5209881641140764,3.4347703432158156
0.533335627886393,3.3380098672418255
0.5188249808855727,3.44258555546044
0.5271260960964921,3.378682876523841
0.516044809524183,3.4668850475142
0.5245338121822078,3.4099618543546675
0.5268783321886452,3.3805932818402438
0.5204160219615883,3.442910640252809
0.5200833704841987,3.430533147544544
0.5241554404381972,3.4118844892957445
0.5249851024916661,3.3898374217216474
0.5221635490566618,3.4314573466033793
0.5187357515681097,3.4338679417917923
0.5229091592667419,3.4099970786439684
0.5098185202567485,3.5065039009123375
0.5232800505282595,3.394966681446148
0.5213882122768618,3.4202985428931125
0.5225999742589484,3.4199361264391777
0.5206153524044907,3.433755842869747
0.5212065746723917,3.429683570980506
0.5091089339505743,3.5226782490100703
0.521687335020261,3.4237354971170264
0.5146538430556897,3.484507198102075
0.5166512616182848,3.4594098927880013
0.51493408038972,3.48111275133881
0.5211715264186809,3.4379273340906127
0.520121678060385,3.4379039489218663
0.5133524641976259,3.4723905430822435
0.5215763609927226,3.4232849235620804
0.5113421392273905,3.488222189814143
0.5182181728024955,3.4454150315152816
0.5271790612165868,3.383797567610324
0.5136531190855655,3.4888108858753184
0.5300271592538623,3.3514177660120623
0.5251280320071325,3.4009079106575117
0.5190184781200323,3.4402578176765086
0.525118357147123,3.4061511607693697
0.5235008097505127,3.4140914110471807
0.5115525419410205,3.498674311517385
0.5239058080752068,3.4072474086518536
0.5167596819501188,3.4555547470997956
0.5224976583452745,3.4199193513638
0.507102796077969,3.5167763600897977
0.5171526446917715,3.465744519887972
0.5186560489729695,3.4517203192434156
0.525199574575472,3.4069141009980903
0.5223549234677056,3.4221634565970547
0.5241131537934594,3.3943705946039104
0.5183892523069589,3.444415370534926
0.5110329271533582,3.50633592468517
0.5224108660230056,3.4112933192308565
0.5158995663176449,3.4772453928912093
0.5270292761516084,3.3837442523293166
0.5233635047445069,3.412432400827356
0.5206710348693275,3.4249040297661693
0.5197726304541941,3.435035133404748
0.5222354381234122,3.4204580860187948
0.5206351029664175,3.416376362267815
0.5145439524114446,3.473030868130806
0.5185080965662263,3.4565460777879506
0.5196693769776375,3.4363438241424973
0.5127069182998911,3.498262286670995
0.5221904152363194,3.4222281640351113
0.5320111654305819,3.349946373847643
0.5284215723521163,3.3924669751061125
0.5251905975980444,3.3994435435934944
0.52313478971533,3.419441907486831
0.5176810038439348,3.451907627292778
0.5242251912053641,3.4114367228359974
0.5055544867975124,3.539414926520907
0.5277671609455765,3.3763738483269563
0.5298345638096124,3.38729638745409
0.526192082677529,3.387384351035808
0.5217765056549506,3.4306047303129215
0.5096693039603404,3.5037481209628485
0.5285677448329222,3.3764834343798666
0.5158833332361834,3.4605113033162604
0.5212042692374665,3.4264387509155823
0.5082823195606205,3.5211739067612404
0.5236385915257524,3.414879362309837
0.5212645290719626,3.424895979368073
0.5173581663867721,3.471386192627951
0.5176095536662308,3.4501585107691164
0.5258101865431848,3.3917295971472536
0.5226060996130566,3.423715238762335
0.5246558319484336,3.4018759714072444
0.5225553299904885,3.431110937817224
0.5247909615755987,3.4250786952444834
0.5237886884656389,3.4087850896888847
0.5289917940170072,3.355003747344475
0.5129256187639324,3.478305332764844
0.5282431820916366,3.376876856600376
0.5323399410018581,3.3455507294954305
0.5255325180598405,3.404234054446817
0.5153471955872777,3.466594746973526
0.5166176942189779,3.468269144375813
0.5237901565418784,3.399425355771213
0.521675277552065,3.416392527020649
0.5266773698546973,3.384187893204314
0.5261779834293221,3.4033551562095083
0.5268772983285896,3.3836721035675774
0.5260470656947283,3.3961472551153746
0.5160090542464981,3.470890039646374
0.5237681564453459,3.4135576439583977
0.5073701382085407,3.530520500339188
0.5267911729823745,3.3750175919403156
0.5297238579538747,3.369006152862277
0.5148211023651228,3.472216898574956
0.5206913781897624,3.429286294033853
0.5303036302312386,3.367740597259609
0.5174925200840765,3.4439608109679387
0.5141795859933445,3.475725566725454
0.5214131408781109,3.4385382156684874
0.5170225690258574,3.460054508795192
0.5160893661583783,3.476168903559158
0.5210429438677104,3.4330894111343118
0.5239155860093712,3.4117522140093266
0.5116960250519915,3.491731020538767
0.5201605058450401,3.4375839843785196
0.5295257355674718,3.3793588411407973
0.5181701179558886,3.4484969918842268
0.522066823342903,3.4253039606024704
0.5212408089448504,3.4102998912812414
0.5246822280607032,3.4062376212261976
0.5142828449554651,3.4894068963552543
0.5240080541080554,3.4013845716574362
0.5208157567770657,3.436935004077191
0.5223195431592595,3.4189618193945357
0.5169499393594387,3.4485710123008078
0.5257651090720127,3.401579423898
0.516088095737383,3.4635093453244536
0.5192855768687358,3.4467814333617697
0.5182116611332743,3.445290118628217
0.5293033242452049,3.3598228650996806
0.5066133002681218,3.538228222417386
0.5130246858790507,3.4645518411077556
0.5265207501039656,3.3909830134895453
0.5213952960897899,3.4295518722241307
0.5224047886611574,3.422365935896301
0.5246827647435506,3.3994324411971584
0.5253289935185734,3.39769099721709
0.5076074365837053,3.5178920230495634
0.5205783743749999,3.43278429637701
0.5222454284713749,3.436321723688788
0.5289313003615193,3.3956892849685882
0.5301120813324984,3.374233155384095
0.5035013694723408,3.554299676431871
0.5295130685058942,3.367906217244605
0.5243492003179548,3.395403001134594
0.5177192556362996,3.465301943113545
0.5267010295364829,3.3786250353324814
0.5162481723894243,3.477831021516546
0.5258417920113754,3.3950337752732977
0.519706019383575,3.4422831920150005
0.5205363230541005,3.441088211507812
0.5152096586386355,3.482177887541906
0.5247396495085314,3.4070700088811017
0.5224032446324689,3.4220331744341825
0.5288311371981054,3.381886428612365
0.5188433477987402,3.453232571600937
0.5177895656388645,3.448252352078665
0.51609681313332,3.4652248088597424
0.5233127486858666,3.4121964436829817
0.509238415465021,3.508581781681145
0.5190836836916044,3.442253427537481
0.5185598037355886,3.4461071122687845
0.5171188728892673,3.4508013737011174
0.5203951137426281,3.430474258105139
0.5177534631954508,3.44601336196148
0.520092757929355,3.4271232061599797
0.5197256164928116,3.4158716531129545
0.5091080937593875,3.515785998812302
0.5189495679722016,3.453282975687989
0.5214628493654974,3.426972809049527
0.5327768922027065,3.349870774052048
0.5137254015228523,3.4685959088351614
0.5022722825296483,3.528387100559589
0.5323617339846538,3.360319704328677
0.5206398149308874,3.4400030133670163
0.5089984663133731,3.503624959781932
0.5216557033131219,3.4189511454524144
0.5296143619687738,3.375917982529133
0.5232900981779314,3.4021636708431755
0.5192202123370879,3.4458136777764166
0.5140087990307041,3.491052569531992
0.5216993095157951,3.4252983583106236
0.5213141053744881,3.4234383328026787
0.5150924571522432,3.4672380800235705
0.5180956699042527,3.454045967592824
0.5206946580712006,3.4233999304817653
0.5155070797299725,3.4624236187957482
0.5207327823175041,3.428672288682405
0.5200695125007109,3.441798134716671
0.518570967803256,3.4429108385383103
0.5152498608471625,3.4710694973670555
0.5231076535255724,3.4143972152731354
0.5271972426344946,3.3920182039005127
0.5254272363571204,3.3936946819218647
0.5203083935700008,3.437618733124161
0.5258011364661286,3.373945447932692
0.5179826324021097,3.4609298598911375
0.5204591679954317,3.4283294594821094
0.5213550789942603,3.4290769501769733
0.5044978678147329,3.555360411621918
0.5218963303831794,3.4179616772422707
0.5286486209065773,3.3742027191219193
0.5149231048168281,3.465084476602004
0.5169804172759109,3.464432974093611
0.5162030811709954,3.4634171099146207
0.5294518656235476,3.3675694440642827
0.5149831110671739,3.467031351265229
0.5056585106573872,3.542273358054539
0.5097570237762434,3.5161538236696375
0.5124038620121099,3.4912769358565967
0.5079721028296242,3.511481157428711
0.5190819014361601,3.433883218081627
0.5188680136846777,3.4399489651695703
0.5279814277478303,3.3966022905076696
0.6754486212395762,2.619470322817864
0.5175261399962228,3.4651730826718605
0.5194815419196248,3.435426403465053
0.517674744233156,3.4559252930798476
0.5140800078024037,3.4889178871362674
0.5265783411604271,3.402140997806996
0.5261837806915899,3.3899688906472236
0.5190075574284778,3.451233892397896
0.5141024742728616,3.4686182584222855
0.521341452089067,3.434244366618569
0.5252885666049297,3.4070767779513798
0.5171711855845332,3.457231702947103
0.5264974859440472,3.383548531314303
0.5270380704781641,3.3877999866347555
0.5185100227186713,3.441585493191863
0.5188913645115096,3.4551424593429
0.5132890465694382,3.4774279376933297
0.516843832795486,3.460866865889197
0.5194709890876557,3.4334446432084884
0.5157249623221596,3.4631719999665056
0.5141148413797969,3.4663083878590997
0.5245700310484093,3.398755529117435
0.5204647196332486,3.4289008832220924
0.5100660384667959,3.498866859782817
0.5242164883733986,3.391411591144905
0.5175008990867552,3.4596543991337687
0.5216400306966037,3.4232619396165576
0.5208295683769935,3.4244670331130584
0.5183020624675582,3.452508106765549
0.5161420230510136,3.4681723566856353
0.5219015108895191,3.4303884926656147
0.526832268960449,3.3838960454506695
0.5140509052929545,3.4876727356275263
0.5300059978267475,3.3687173056252417
0.52234603408542,3.418658077190171
0.5197195817846365,3.4424430645521586
0.5274177216336551,3.394257852257227
0.5211909196301514,3.41860047264826
0.5155403068957483,3.4629237160803172
0.5126026401456723,3.490030321498481
0.5159600918303209,3.4664782807634396
0.5289294641022226,3.3795508052154717
0.5181354396647369,3.4559906550122035
0.5079342548017394,3.523926186801557
0.5212625506417896,3.423706516459698
0.5179431382244561,3.4619801806267003
0.5095799119682354,3.5016649651402387
0.5219996182958919,3.4148394490461844
0.519536661114006,3.4255898892213046
0.5241592838189628,3.393816588605156
0.5285750665261597,3.377830581608006
0.5148050743156831,3.4725352070634328
0.5244625660405393,3.417479987116603
0.5227835692490167,3.4176344020460117
0.52302415296408,3.4147392336169546
0.5269146380262889,3.393539682421645
0.5159243295536156,3.4790149078817447
0.5116284734065126,3.4898817652430836
0.5215262727692087,3.4200657221609494
0.5025492914329679,3.565767164963821
0.515461168587335,3.472952211572266
0.5260957189909956,3.3979710187561545
0.5225227709925612,3.4164847745220572
0.5152053970620046,3.472809816555399
0.5221783568104363,3.4144082366210298
0.5152531113607435,3.4763964289186515
0.5291742840724477,3.381169608435162
0.5225490749613101,3.4133788375746197
0.5190625766140353,3.452201201489454
0.5262060203519157,3.399328700074879
0.5311366885698471,3.36589253333773
0.5163476495253327,3.4618220992363344
0.524722834383064,3.399098915576009
0.5148509107607696,3.486533244585687
0.5275852321692045,3.3728145343391516
0.5280617006086676,3.3894547820271415
0.5114096992046243,3.5064019907213377
0.5163625477498432,3.467410741395479
0.5217131751768955,3.4149818266980714
0.5235664713070128,3.41776316246295
0.5232162807363906,3.4006209259189615
0.5303299883330602,3.3694444615234826
0.5277702337674062,3.374254358681742
0.5079712228611224,3.5337747059088978
0.525597397561876,3.40890728955312
0.519715019487581,3.436172140330638
0.5205357419035399,3.4396566415392487
0.5303448700409594,3.3710383175863874
0.5275677547156319,3.3828175840136976
0.5216264154114929,3.427716618529577
0.5167384413065474,3.4527133158744414
0.5233796156716299,3.4166277402384067
0.5251018381590552,3.408550249079316
0.5192070301192668,3.4470898314837304
0.5150835533932565,3.458694042964159
0.5166637773636088,3.465417876733691
0.5180346728767855,3.4374545779980137
0.5144139613034764,3.4797995360678087
0.5245804718228007,3.400522275587713
0.5193538687937955,3.4379572515503396
0.5173973151005792,3.4522575554741826
0.5215280907145254,3.435600726598868
0.5118070296676578,3.4849905276676285
0.5175515057323646,3.448749174318308
0.5161974203918707,3.4584773574760685
0.5265740085413568,3.399236678020919
0.5191890292258168,3.437415194610361
0.5201491156458378,3.429508960778925
0.5221845471305344,3.4220879805117224
0.5140746901338529,3.486281694787903
0.5206258555433334,3.430080226579199
0.5235236992082126,3.3979605076852444
0.5148494151602176,3.470476019145894
0.5268421946802458,3.403548580757456
0.5222130823562401,3.4115685350783167
0.5214247017324691,3.422193124535137
0.5104147259369041,3.513543787768673
0.5261585359622483,3.383477774454287
0.5238879185527924,3.4071835188310096
0.5248212278834904,3.4134330277776894
0.5198436534971164,3.442224059845149
0.5140398890465863,3.4762470453406875
0.5142574774742483,3.471338647518952
0.5196690037175715,3.4435840969117972
0.5196195791517939,3.444147528743092
0.5167917247252699,3.4533180287964425
0.5171358206787319,3.459517926598949
0.5208721151526909,3.4222384847408143
0.5177392461081285,3.4474944698708923
0.5194102659267006,3.4423359815349555
0.5140655182609826,3.4724159267259895
0.5161755006988042,3.46728247278307
0.5249153832750424,3.404098784906887
0.5283166041190615,3.3735956394762967
0.51577450060008,3.4745720554949866
0.5172636474205519,3.4573350717902542
0.5272031081798514,3.3956043188217833
0.5209007212120373,3.4245929238109674
0.5210327061738429,3.4199291016886586
0.5190328907244447,3.4587787506757683
0.5123515903804499,3.4873738560407803
0.5078506965322752,3.526435056389913
0.5204785936788268,3.422652750058596
0.5266937311049493,3.386858027456046
0.523412296251804,3.4013845995722605
0.5239150393172713,3.395318015822006
0.5150872985325916,3.467554671817471
0.5281474267387638,3.3845097657371452
0.5096168097463014,3.4886406934251344
0.526170385985707,3.3986364469806927
0.51462958902806,3.483418231950105
0.515950188130988,3.4545227730644585
0.5173439967182909,3.449581348821417
0.5244727400355759,3.4004844349664345
0.5135183354052912,3.476383619399224
0.5231375418737712,3.4086702557548865
0.5118960698008305,3.5053635178230214
0.5174416270261422,3.4554105307185634
0.5246852553724835,3.410284545453257
0.5227370185684207,3.410604304797852
0.5161743437833554,3.4566172315386043
0.5234322121513564,3.4257869816260333
0.5201496135752244,3.43685684576353
0.5287758361397888,3.3730731373650937
0.5141398749922492,3.4795572288991012
0.521699299125714,3.4210554196857967
0.5208438473176411,3.4310930246714624
0.5230788481405502,3.419076482541519
0.512510225248529,3.4899342197124223
0.5211335770703449,3.446973469140115
0.527485967169111,3.378596156720584
0.5177350037878652,3.4469381245154924
0.5215533137551245,3.4161677442164917
0.517536950349647,3.4623718570746944
0.5189216675753119,3.4463015702640645
0.5244799707705591,3.391399741725729
0.5236790677167733,3.418085173375175
0.5211869682644951,3.415298443529481
0.5086883909843675,3.5206765264068522
0.5233146843835564,3.412743266639366
0.5198854256772562,3.4387377893605446
0.5196641617182614,3.4430195293848334
0.5154485661387491,3.4580903659777587
0.522952508574281,3.422407445937712
0.518706210587603,3.4376745186090556
0.5235028915350844,3.4123938112374965
0.5217088320712959,3.444061040260799
0.5283549405257679,3.376089929656353
0.5119529196642263,3.4831668350022555
0.5182240737182862,3.439172849445215
0.5133878663814202,3.4856487751980474
0.530092463210168,3.3646847692260273
0.5223061108251758,3.418141981158979
0.5146282587879154,3.485125614426871
0.5120232212827978,3.493060149051593
0.522279345467139,3.4273112489499145
0.516855017653805,3.468054941292009
0.518688654236894,3.449407876459744
0.5229401392137261,3.4180550148864595
0.5277925642492349,3.381869907127592
0.5256840298305714,3.3965719432256707
0.5186226784251075,3.4484559522448195
0.5168335267201016,3.4720943120276777
0.523138956975193,3.4242712142305916
0.5145798043349166,3.4671203882230786
0.5282034955999094,3.374405633854069
0.520519604737299,3.4312875364316797
0.5255792751159779,3.3947162844423655
0.5209086320183492,3.4364039088490212
0.5237562768004344,3.4038218114227354
0.514385054052904,3.4846274913593067
0.52748916979595,3.3859690771135273
0.5231003545569994,3.4178239508705173
0.5174823515935156,3.444982310673682
0.5236931119183068,3.4055845637916757
0.532334572844426,3.3369775798684933
0.5214309444428538,3.4298281054644773
0.5212720429889488,3.4333174005041163
0.5187013838533079,3.449713575292438
0.5258058153722256,3.403759228639043
0.5255882346050772,3.399769103243554
0.5198533393369926,3.4332571548846533
0.5150655913852249,3.4795168941397514
0.5244350295608583,3.410778034062975
0.5154847638160025,3.46471346811808
0.5127908746114889,3.4855940976455155
0.519733227330265,3.438718329181385
0.5228923017105238,3.4165009679594167
0.5219057613152631,3.422350805693495
0.5164460628851812,3.4732689975153397
0.5321359529352474,3.3555019670624135
0.5139538660376316,3.48661801955214
0.5252028171498125,3.4085375994196907
0.5256763681822717,3.391858623549855
0.5171538338622421,3.462512457186323
0.5130894535225086,3.4912140885142944
0.5080118047124622,3.516051290524169
0.5235962171495983,3.4116824504691006
0.5197703906541813,3.4337802105982824
0.508569193545823,3.5271785195554983
0.5093357959896702,3.506123955902154
0.5161358668508846,3.464020673223316
0.5125117889056348,3.4881967546404984
0.5147730190765796,3.4601849652965275
0.5277345885309218,3.3970147005832794
0.5315521513508227,3.354310695140824
0.5118873421873242,3.5107794744539778
0.5224967120840176,3.406731520180448
0.5161508235971813,3.47094255433829
0.520785430079015,3.4298999524911773
0.5349421008833815,3.349554696916647
0.5112553957436043,3.5105065363248826
0.5258314219319361,3.4000436125842786
0.5197006069194214,3.4325592284793665
0.5138249914094253,3.4630705045080608
0.5206667482955787,3.426330379863922
0.520120568125387,3.4195959237254003
0.5235633067965625,3.400376776166786
0.518786818627238,3.4371397239780377
0.5150893103907375,3.4711285085994037
0.5100575141735793,3.5035869538229143
0.508585106027861,3.5215855827033336
0.5189614204506141,3.4325906420815224
0.5130225654681315,3.498094143974459
0.5129939713016759,3.4835774918440667
0.5209734989053352,3.4249923041595127
0.5139668390262653,3.481326195302531
0.5234638379732,3.421958376673455
0.5197354981504447,3.4319935606367213
0.5221011188037773,3.4230280878493033
0.5122459664385142,3.493805136710953
0.5211402332865094,3.4363014886407135
0.5223944587910572,3.41412671495287
0.5058210316164835,3.550923397490857
0.5217686189957109,3.422164637684394
0.5242782222775997,3.4084234472061166
0.5234411996748445,3.4098437245970414
0.5186851947939349,3.4535484005924086
0.5216875116495033,3.4359032886722014
0.5163170376385247,3.4638272134007764
0.5277052203813107,3.372455088912984
0.5242689929433806,3.4027534295293864
0.5187501702225923,3.434576271618503
0.519119826896786,3.442235642630954
0.527640252745684,3.39020565596994
0.5188601093428813,3.443130179031207
0.5128401881712006,3.4853859183347606
0.5191320960042902,3.440314730090213
0.5167260899171132,3.4458769388994983
0.5168426440246341,3.4545458958411066
0.51733014788674,3.4445376661596088
0.5242449199832688,3.4122881619731276
0.5159535960654127,3.469952571901045
0.5225352547620654,3.4149528793605803
0.522639332136213,3.413497788256274
0.5222775313332868,3.4214253450940735
0.526933096886899,3.3894989503969364
0.5140801520806761,3.4762759586177405
0.5134461626079732,3.4760888727304833
0.5234177032208329,3.423886370133596
0.5172305644424833,3.4513331825957336
0.5227049216555464,3.405461613474272
0.5213662444735128,3.422225520590645
0.5295227153498752,3.371539363374086
0.516779041854643,3.4470132961886906
0.5054984709204569,3.5460972615729545
0.5254509772551572,3.401932425629913
0.5244093482694087,3.4043862928550976
0.5270041364780719,3.3892243895735645
0.5120740747706005,3.4901997308783823
0.5167466067513613,3.460560751685133
0.5048441693090979,3.5390373757731384
0.5188359823439903,3.4447778512380927
0.5229258714660625,3.4042516866304022
0.5258956419254588,3.3968136159137874
0.5130944152589204,3.4854819859855826
0.5158006750003437,3.4625355584667066
0.5170434646838492,3.47076839569745
0.5221952646361028,3.411569123414561
0.521639734597208,3.404698256444655
0.5200295681891791,3.4328144422601494
0.5158222552508761,3.4801697775930296
0.5164986060027117,3.4638582859433704
0.5149986471188968,3.4566325440552084
0.5201438874028397,3.4298850077091387
0.5169212922773565,3.444081528613699
0.5224617582407831,3.41846748955379
0.5211366663381868,3.4360208693034666
0.5236086934885,3.4074326245956095
0.5230082402149898,3.398206343236122
0.516689894583826,3.468234223850746
0.5273106158308416,3.381824972512094
0.5225114208292747,3.4246497213963893
0.5210888486843394,3.4311614619579673
0.5205144575049165,3.4372780779326257
0.5234974268597579,3.4115639964885522
0.5131568099453707,3.4722089148399267
0.5253921917609669,3.400805929057208
0.5130933034981142,3.465152558022116
0.5118812462740077,3.499675249382106
0.5158491435148641,3.4871622136612577
0.5285532271074087,3.3830650573397167
0.5234659040685337,3.413779247256197
0.527842656666446,3.3824233748604495
0.5202649637849017,3.438370359408748
0.5146552352073326,3.46958442810792
0.5199987423984389,3.437478355309569
0.530042335403613,3.3636296797459804
0.5190991749483314,3.4436884781581134
0.5105707865744917,3.4889300897875137
0.5218997701947816,3.4272682585954533
0.5156618921771757,3.4650853900528165
0.5172441222188727,3.452509783622823
0.5199405163009592,3.4420076204596586
0.5178535166491847,3.4450511946471414
0.5209983390436514,3.4242826117689917
0.5190033715421319,3.4473700338794013
0.520685835630537,3.436446048030763
0.5187063141658628,3.44659794765807
0.5274240846934585,3.383169028216446
0.5174283766696633,3.45994089846156
0.5246309891701206,3.4081811094694254
0.5221990849195524,3.3985207999199027
0.524660495246865,3.411823520293507
0.517550388466762,3.4370863235179154
0.5149674824415698,3.4671964017256554
0.52566813288606,3.3935178306327374
0.5236937990376989,3.4127922594333775
0.5209734210375601,3.422363967277987
0.523881212666538,3.4055615556269294
0.5184363346650427,3.4553316685476068
0.5162432551174585,3.4483319003009667
0.5295788707689295,3.371098651461011
0.5133625451282176,3.472460083919588
0.5317694880975621,3.3546882851790487
0.5230677569616063,3.4168102326925593
0.5104553137209816,3.51643059369944
0.523178991646282,3.4039917418836874
0.5284449726372085,3.3910475087075613
0.5154938573296459,3.464068897522111
0.5232612511305734,3.4143370333021683
0.5274828272457678,3.3839543293294003
0.5240441813861254,3.41677172361554
0.5190691770585849,3.4470329829822393
0.5256097314362163,3.403139343203443
0.5255499096029135,3.4063467631699416
0.5219614186426309,3.423157234205475
0.5280890188966509,3.3757131038596304
0.5223908872907861,3.405272921187853
0.5088180632270812,3.521115599335197
0.5102975915581693,3.485062094131144
0.518037850461824,3.4449700364602682
0.5254287328571337,3.4070386252224547
0.5181879855408043,3.4554877164543254
0.5171810714551526,3.4429445472730764
0.52864225059878,3.3725045133442646
0.52831005276613,3.3748234804441597
0.5164451536109588,3.4499087886810624
0.515328867123834,3.475399775946101
0.5204430424844684,3.4326796350545266
0.5062027438620392,3.544506921211068
0.5277126773066942,3.375768173713612
0.5252741824293706,3.3908827554457095
0.5104269277239952,3.5019673252862487
0.5222544780879514,3.4101451206708053
0.5194799455112182,3.4511786379633365
0.5191170705143937,3.4426052402117735
0.5189427507922348,3.4434839126235044
0.5142450671535154,3.475876298834066
0.5209752691011011,3.4301000227399316
0.5188893961409431,3.447818692655544
0.5246338548122,3.3956035945312886
0.5212917809273396,3.4323108107280453
0.5135579670453,3.4766108462840557
0.5285130899553919,3.372358176492251
0.5184984762186886,3.4375453908640736
0.5125920535493437,3.481277970987755
0.5111605776136536,3.495081734001463
0.5310202503161925,3.357586948883878
0.5284909746277726,3.3962751479791993
0.5286932664113999,3.357001537225864
0.5069264459194762,3.53585522724154
0.5253565748193811,3.4006681732604314
0.5079640092013046,3.527149715071807
0.5195382057827903,3.437700163898224
0.5165795189953307,3.4711388063682014
0.5276272419263773,3.3806487257022315
0.5202907869448938,3.427699881944793
0.5242139520144722,3.398615141014696
0.5220566529070609,3.4269137960613083
0.5237294986561729,3.415216165186346
0.519193319563233,3.440155259326854
0.5137485492218852,3.484597604373825
0.5230737031084024,3.406015631239674
0.5273148835582695,3.400534135769463
0.5264791129977009,3.3945706406138414
0.5200077245085079,3.4218685376096376
0.5243620401258837,3.404286588061531
0.5204839690170454,3.4349082152213755
0.5197864737789177,3.4249716709003497
0.5203612465018983,3.4300299190064822
0.5206232089906927,3.442127349659588
0.5150924777867811,3.4829141959623757
0.5154029882340381,3.466387949845476
0.5132960172394452,3.481549300533483
0.528741637932754,3.3756120669376037
0.507647795908236,3.5327134894118757
0.5035531226783381,3.5580539658294525
0.5243367409104269,3.410232207846854
0.5191476502275787,3.4104284298713488
0.5129870236159897,3.47975764871081
0.5180971915167831,3.459896931577858
0.5180667700870882,3.4578449099935606
0.5289842026979071,3.39050664604177
0.5099086350174148,3.5009627767238
0.5363953445048131,3.321148790864025
0.511937231606846,3.4793637648322098
0.5225765235489522,3.418898169587615
0.5185051348556433,3.451535125847983
0.5303812658475857,3.3671299714901477
0.5218385776364538,3.4193553507771437
0.5154192643188094,3.462103024728505
0.5257142180046749,3.4035148617998026
0.5260906370287153,3.4112850833396724
0.5187404748961819,3.4370423091721176
0.5163425974086026,3.4668745648853454
0.5205306464734016,3.425388784592235
0.523909551586246,3.407002598780004
0.5179881592362363,3.454129458308223
0.5178619299483196,3.456579775985509
0.5152147044539739,3.4715058312353984
0.5223765338364134,3.435519835950927
0.5261278809759669,3.4019617979097236
0.5157793533904795,3.4678329823163025
0.5166817709842323,3.456098674756654
0.5193559314126438,3.422268912762003
0.5236640971669326,3.4024144546492097
0.5263564922465618,3.382748980895507
0.5161155909352468,3.452394992207762
0.523226270514515,3.4071583157583887
0.516279939017413,3.443982205391409
0.5173667303498486,3.4555157120861986
0.5201034524675422,3.4261525115949336
0.5210396680016227,3.418416937956683
0.5175439538706477,3.4483297150367584
0.5183607161826647,3.44728844129496
0.5179629886008434,3.4395377229518145
0.5257209723896151,3.405466757263437
0.5200389965980232,3.420180064678278
0.5216421449527787,3.4188008999410133
0.5152952659076402,3.475655947800096
0.5196216630812198,3.435641554219392
0.5200188641012351,3.4298505504162566
0.5312521480247854,3.351727422883895
0.5212682522703211,3.447341323011647
0.5155542319080131,3.4603157981651522
0.517741584566096,3.4594165593144433
0.5214683963472645,3.4360181282434956
0.510615302877213,3.498973939160738
0.5180904219126712,3.445848328026109
0.524620527039505,3.402340174960545
0.5191172466739311,3.4516771878361343
0.5170603593915364,3.452134532995579
0.5284085050164904,3.3671716076678817
0.5245466126331972,3.4041176177476182
0.5239128889978732,3.422370041876039
0.5024042308902525,3.570734612956323
0.5249269272457888,3.4080960443526274
0.5153180518538101,3.480473373966668
0.5149034646528623,3.46889507032532
0.5271979529748626,3.383717206726571
0.5212303614709539,3.436929294066516
0.5220838799757901,3.4226122770738967
0.529786442440203,3.367442506322761
0.5247849480249926,3.4104786987349205
0.5203023344476365,3.433542048271074
0.5186544021677577,3.450583292584575
0.524146253879616,3.408175205195795
0.5163648104001735,3.451565583347682
0.5185096706259944,3.442581420263679
0.5097268668144544,3.4975648343510133
0.5209543851491958,3.417381474793798
0.5256227643023978,3.407188637795631
0.5215274570303465,3.4326253301000103
0.5212192131218711,3.4098456565205586
0.5175115125987014,3.4686745332729134
0.5147346017438443,3.475616325920358
0.5232851549923064,3.420733042869253
0.5236601359424389,3.4280951903157972
0.5177345381685254,3.4539941567917376
0.5129338524866832,3.487548174787715
0.5163307679193192,3.468634034705066
0.5138674289452356,3.4742567312343993
0.5165482173240986,3.4615313079311
0.5312616054769213,3.354220127373859
0.514701332118173,3.4791048574660977
0.5244885560324444,3.401817843170979
0.5301538011085134,3.3583554240813247
0.5195403724700647,3.433993232373691
0.5224729882570971,3.4062057155543264
0.5205277096083509,3.42485057667595
0.5133684557581797,3.472877764584136
0.5223505931329284,3.4262836869577957
0.5209909881654955,3.4234552412420522
0.5137892523194104,3.488025964895708
0.5254819043322083,3.398732688381173
0.5233707952192863,3.4009466222132567
0.5274274020672858,3.390982790998917
0.5131727773565755,3.484360013704788
0.519993297164776,3.437041206702024
0.5177999858360547,3.463086050939627
0.5211495738723981,3.4293938755892204
0.5174410063963213,3.4496649940635757
0.5050822953933694,3.539105576108336
0.5157322101463969,3.467080796860965
0.5215619518607287,3.430364492342483
0.5274481580909336,3.378390221888363
0.511964876087837,3.5012566836121453
0.5291089351285432,3.369524465048988
0.5163810830502836,3.4746335721933157
0.5178758798415101,3.448806851564492
0.5230432756478112,3.420823801629073
0.5255624462963755,3.393220635420927
0.52238682193058,3.4224061803786925
0.5116963333783532,3.4995126872000117
0.5203302440775399,3.4480741073516006
0.515643763806753,3.4647112704097416
0.5302764242124514,3.362681446611382
0.5136103725291715,3.4821057025475586
0.5150160403878942,3.4640340275641086
0.527042504225097,3.392176179617924
0.513878844876128,3.4833256790505045
0.5151634014890879,3.478673090344237
0.5083544151790871,3.507664477290016
0.5169785666545591,3.44811829148874
0.5228521120723811,3.4202586093360945
0.5172768023437586,3.460813934886351
0.5203687274904696,3.4436450421777827
0.5144229615053552,3.473199752208678
0.5275103502160763,3.3715938807752437
0.5104399917326354,3.5099376626709486
0.5189260292244031,3.4459894002599687
0.5167320847130126,3.4649572243006754
0.5211987445236844,3.430997282932757
0.5174434785742417,3.454408185805665
0.5140726908636026,3.45136352431816
0.5042379993639909,3.5488633202664066
0.5137142142006181,3.4977746877620493
0.5305252473198234,3.354978052236244
0.5248445222922183,3.391247177989526
0.5202897183150661,3.4372191621890904
0.5085713131445301,3.5260604798951523
0.530079307845668,3.359196862736101
0.5168984972384705,3.4576866560525863
0.5126657097052582,3.4937733110423457
0.5267617891114562,3.388596597890838
0.5196641513499809,3.436780950857607
0.5160970713512956,3.4777745405530727
0.5097448624232203,3.5122142192523738
0.5231105564800975,3.412614454401818
0.5160376108473312,3.4541097228867286
0.5116002128417797,3.50820197516122
0.5247483151116076,3.4041195178038373
0.521277318862921,3.4224873741644255
0.509714285497875,3.5116828372133053
0.5180866541419945,3.448910117163301
0.5205819340845494,3.4418801092675233
0.5252613572731704,3.401675850051183
0.5284447530120686,3.375749475840414
0.5261734802675562,3.4087738103991545
0.5304432116453097,3.3696062371722455
0.5214443440721173,3.4193375677884474
0.5184393893529917,3.446898610534503
0.5158190749712128,3.4603184770093507
0.5170726635654228,3.447580636300827
0.5235610219012761,3.412227856791742
0.5120218332897386,3.495320079746023
0.5222695730948189,3.412123362620337
0.5181907081517376,3.452873002553467
0.5188654652265001,3.439683238330795
0.5167573563082857,3.46187704465632
0.5213471593711402,3.4224244326067508
0.5259270569642736,3.3948530517341458
0.5123679030709098,3.4967128735376285
0.5206918556401674,3.412707027093307
0.5255351880469044,3.39405930423394
0.5153203738235659,3.49210167992245
0.5299744894673373,3.369934591928465
0.5214712321759218,3.430339674359699
0.5279287468770737,3.3779581904761704
0.5232411304934343,3.421135000597036
0.5212462767776918,3.414011607338804
0.5275372678241415,3.3595410006602275
0.5142537151909652,3.4758383070748997
0.5288025395254001,3.378277764331037
0.5197193744070254,3.450163679228774
0.5317498305293121,3.3679972642026637
0.5160530617359262,3.4609168334170795
0.5283818008724015,3.385693225869756
0.5240516434070235,3.4047776292157956
0.5221939704209733,3.4240528124622616
0.5198251635629395,3.4308825606967064
0.5157813358144467,3.4808884740240944
0.5203289160173643,3.421420621979013
0.5225850094183158,3.416462406962949
0.5188576127034393,3.437219840674426
0.5289042119270528,3.3718089505270488
0.5282194934040465,3.3665514590674848
0.5180791911025588,3.4501315610942447
0.5129194023545729,3.4839561423734793
0.5091090773979345,3.5009963563428057
0.5220552497381368,3.42703193594004
0.5145588931158719,3.48285233202313
0.5195034254238106,3.4163581209042078
0.526214014638986,3.398120352711331
0.5258476187059367,3.3912489024555748
0.5153038724881556,3.4613724528278182
0.5314931122925446,3.3570056031082176
0.5284664595121762,3.387780124271311
0.5254808144903316,3.390222004528037
0.5089954440785627,3.50400111211418
0.5122081321276895,3.4925484002148055
0.5085931647822606,3.521644190339705
0.5271159588079938,3.3947401228539973
0.522976061757938,3.4115619233080032
0.5094521714527938,3.517978285420121
0.5140540999269179,3.47419573793227
0.5228060730774542,3.411908669921979
0.5258465023984566,3.401034262459008
0.5184522191507633,3.442801556980125
0.521640056670239,3.4282101102752094
0.5142806699825875,3.471471072021872
0.5154498150222075,3.466214778239186
0.5279420592810213,3.371168126788859
0.5051559220767626,3.5305754893564734
0.5170337974106718,3.447397099525457
0.5112880930207453,3.499014946857531
0.5169413172280697,3.4526636891730345
0.5199290146273391,3.44385307617807
0.5081166248295717,3.521026627430232
0.5150332998777796,3.4629570893984774
0.5151036824108044,3.459754093688166
0.5154452323508611,3.4537381022702607
0.5205324106722435,3.4281568767889925
0.5165406736674376,3.4592708393909493
0.5178431579435359,3.4593855344567945
0.5321492687428784,3.349685742843821
0.528206135744046,3.3790601336549173
0.5073288212751239,3.5282846703441737
0.5153137381658579,3.4650921553068628
0.5117565824656236,3.507130552097451
0.5258186055327541,3.398590767634347
0.5246522003217926,3.406697091822032
0.5205521076519941,3.4332455237307324
0.509978645463349,3.499311836509861
0.5217112633768504,3.4112890612160864
0.5160421345429285,3.469688839421635
0.5291339251835343,3.3870084073840045
0.5270062775570687,3.3827931262811255
0.5166313153247701,3.4655468622628596
0.5168344260420439,3.44778461448708
0.521523254987427,3.4222018140657995
0.5168261151003182,3.448357470853717
0.5216103744480143,3.4245762056102307
0.5256099243986281,3.4082498350055115
0.5230338026948917,3.4159165193606413
0.5160793061251865,3.4585247773977827
0.5218006647872494,3.4172406325531157
0.5236002822226336,3.405802074330029
0.5200537980381967,3.441175006632525
0.5270775727354711,3.404956421794079
0.5140767924641254,3.4779911811033144
0.5264869945347972,3.3902844802569456
0.526660946213001,3.410057952181257
0.516090977426578,3.4591537844675075
0.5197304899103653,3.446401484314871
0.5223369784340794,3.409424080589713
0.5185791182776116,3.437062521199206
0.5296368769644229,3.3735188622132237
0.5252029109865206,3.3965313970948197
0.5208931011524097,3.427898416868885
0.5180433051688107,3.455693621574317
0.52107684531599,3.4246979636469725
0.524217217512658,3.398524202056143
0.5306050779708553,3.3685118283375113
0.5197937740098104,3.452393798560245
0.5239894494260513,3.388288367479105
0.5216709553935568,3.4165471913313095
0.5155182585376987,3.4795870069811037
0.5243317405221293,3.412517624876891
0.5260389474671006,3.402636607318999
0.524981016253364,3.3986286663801026
0.5160674077487846,3.469289798028357
0.5220691775772683,3.415864806793793
0.5204160945963889,3.4394342001832072
0.5230330848141402,3.405587946538932
0.5260965225068006,3.4039992020718888
0.5204424925200518,3.4224665622347956
0.5235287840901053,3.4290266603294013
0.5179805624351959,3.4583304033854754
0.5211474554882092,3.436196302613536
0.5191793086779761,3.444798713199671
0.5208166910391845,3.433297977222574
0.5140870568539773,3.469398486917367
0.5248172308870661,3.392964856274361
0.5202202495442163,3.434374418394623
0.5166702575068672,3.454846281264427
0.5251849726908906,3.4022446195431493
0.5261029036964484,3.396749572850244
0.5157612123472448,3.465057672657949
0.5222511929792057,3.4222437716563734
0.5226353281589671,3.4142673180454217
0.5192445460309537,3.443184995530553
0.5346574260870766,3.34785892689363
0.5220845555949795,3.4326975864000002
0.5193451726760496,3.4322172010649368
0.5225414265127787,3.4270866977204553
0.5170381502559003,3.45102549355739
0.5107463402868408,3.501830363283699
0.5263523275469576,3.392925698246262
0.5240858975463603,3.41499907743261
0.5261442388866682,3.3976223900739573
0.5198331692561895,3.452204185409549
0.5223535042802752,3.424386964691821
0.5197184826838104,3.424771369997015
0.5209911127561881,3.4215720748308933
0.5280692906948932,3.3715367949515995
0.5140960537510664,3.4682409107272667
0.5282623331367164,3.38915690700344
0.5255111531961096,3.3971533919203063
0.5138513356174911,3.464835629074112
0.5277486196838856,3.3800976889078993
0.5281538568656754,3.3812650555309536
0.5192197148915846,3.4306809687855573
0.5157794256662773,3.4716470752138116
0.5172048145218038,3.443187856782306
0.5175312606742664,3.4334805274112474
0.5191300753211104,3.4332615024640747
0.5253310321112838,3.4084257419586788
0.523130143839303,3.4263895778837465
0.527823220426198,3.3736475164636452
0.5192788194581489,3.4577492960137626
0.5337767892657447,3.3497910389450425
0.515470695370638,3.451755040780014
0.525019273252207,3.388719782879072
0.5149318728858973,3.4822128034378
0.5311820479172554,3.3586313394090888
0.508246729593896,3.5252679387418615
0.5148372338444621,3.4622180318387272
0.5185485258832621,3.450845599772927
0.5129030381768206,3.4878642762335543
0.5197257512891333,3.4335538500378986
0.5344136166587006,3.3396325053174043
0.5211672687906664,3.423787353536365
0.5151090062037085,3.4831799328467374
0.515309094266472,3.4777463291517163
0.5199241609417133,3.439375522911907
0.528540607931191,3.3861074155384454
0.5338567521994846,3.3543282052541734
0.5208519185674536,3.4429302139306808
0.5252799277339031,3.382062405149034
0.51578364864788,3.4456456782013536
0.5116461187458425,3.502621234513482
0.523899393635036,3.4113382528836937
0.5259615248681262,3.3923161895141756
0.5153233769133106,3.467293042587873
0.5165680378026832,3.4485991394237248
0.5106298889654975,3.4972278878395966
0.5221472498690678,3.411858571705078
0.5334739578356211,3.35472287114993
0.5088125219648505,3.5081626356710416
0.5202519227814986,3.4358204962751313
0.5140707843471957,3.489432226894996
0.5260565822578129,3.3969090143669898
0.5106181666988757,3.501214026281421
0.5128832780682118,3.4972448006303325
0.5299936027909884,3.373166786410981
0.5108520779998071,3.475598735468323
0.5236081417572782,3.4079032302711587
0.5111659802496525,3.49040963472833
0.5147729365677911,3.480503620552627
0.5192144606393627,3.443652267295221
0.5138569301278424,3.4854175380989814
0.5217099178458964,3.423497189236199
0.5227105692227533,3.4212891932123783
0.5253160999038158,3.4167521605315723
0.5116154323251905,3.4946330134833294
0.5222052077991679,3.423030450744445
0.5281080156042979,3.3813697351648506
0.5210983808763137,3.4290144544634056
0.518106476512159,3.4537875484498874
0.5198641452824765,3.416053507518299
0.5227565570041328,3.425538196962132
0.5209382981154254,3.428777563911447
0.5144449623811094,3.475377889796299
0.5246668154829855,3.409894655023312
0.5188608448686216,3.4319771092955387
0.5180041706799141,3.4406424159169964
0.520964590872308,3.4323960413732073
0.5172990585828925,3.4587698924228243
0.5109385238804381,3.480834746465431
0.5151926846819657,3.4646171130173613
0.5196167798507663,3.4261701120594674
0.5254121828344358,3.4027627017847646
0.5210203764369592,3.420989361636364
0.523144601793021,3.4188040738617373
0.5225472031397798,3.4069245617160813
0.5253869880967774,3.396719920683153
0.5256691916316953,3.38169313892933
0.518060466484825,3.4528115485682904
0.5147558780389342,3.4553360212735282
0.5183465209227304,3.4605174878786484
0.521731119264017,3.421497092428369
0.5112526530503814,3.5117143346053936
0.5203447594794754,3.4362091327275373
0.5258070985541605,3.3742274606538394
0.511199567743869,3.519906646884409
0.524118673871389,3.3918164208560704
0.5158994630528518,3.466560560599851
0.5218048680173039,3.4311385271029704
0.521234380515772,3.4347212238623337
0.5243628943825323,3.395881373680134
0.5112282362770257,3.508304642686765
0.5226362121525581,3.4200194694083206
0.5238059254809253,3.4042314277918475
0.5267744656349411,3.401468429044399
0.5243757343628691,3.4012937103719905
0.516016314664453,3.4535375966162407
0.5222611315061446,3.4090800185552377
0.5189418805174757,3.4369778577888064
0.5132573137303317,3.464565997024448
0.5230809914782224,3.427983121054859
0.5201428604298757,3.4379106505770296
0.5186183078201265,3.4414925701219357
0.5175265951664613,3.458230757957838
0.5223829021489204,3.4282359805873925
0.5141672489053375,3.4927615268020524
0.5235102298600043,3.4082392854148624
0.5128803861314246,3.491762766462702
0.5263777491725198,3.3937876356347507
0.5245365681469254,3.4021378984283395
0.5110435357222495,3.4923159266050243
0.5182794820233366,3.437518531216511
0.5213890380266077,3.4195713401268257
0.5239570365424215,3.4159353471225185
0.5257089449207519,3.4022083473121842
0.521533253697609,3.420822030835757
0.5214325077234843,3.4287662610831067
0.5263792000660464,3.3909017777771093
0.5259991398477242,3.388566531909238
0.5171966036536642,3.4519882996694724
0.5117555340831816,3.504737819928024
0.5244516940953943,3.4093416933492753
0.5186381103441586,3.440149740976807
0.52498131333902,3.4146485295163376
0.514569668313103,3.481594715961103
0.5209061715638179,3.4348220055985585
0.5138261453043524,3.476573418111637
0.5256724721853658,3.397211618685832
0.5213249743815546,3.4097796358846937
0.5205834493001681,3.4325805095341178
0.5260665580463713,3.3987902228505606
0.5221766935908165,3.424484820147886
0.517465056105527,3.448004044111033
0.5218897885389664,3.4246437263548146
0.5247684396027943,3.3920347578232932
0.5190892377184277,3.439839117476403
0.5264214490858177,3.4046581516886407
0.5221553890343895,3.417481559298885
0.5154245486909294,3.472903438704996
0.5174806137547989,3.4543354939423594
0.5265079200414322,3.398186685636482
0.5169989960658867,3.4632775784177454
0.5108045821871988,3.4963464215700313
0.5205026895402904,3.4277460345839064
0.5186647905531951,3.4497251883436313
0.5219927691674646,3.429735169456713
0.5091828535916485,3.5041239418430012
0.5191846663663426,3.437923884271344
0.5112901372840155,3.4865593554738337
0.524044650038999,3.4134086939210517
0.5194294734319473,3.435374927907299
0.5174875961622252,3.464399298371452
0.5301953653262551,3.3718197776472576
0.5216234752411808,3.4308795989101335
0.5217857120328184,3.4208332177708414
0.5153684244585373,3.479980461929873
0.525856210140448,3.408245441669857
0.5195525744323842,3.424439142591296
0.5155318941863819,3.4721178903644656
0.5184812136888508,3.445458182441802
0.5142627653129759,3.4837407824613584
0.5211514897679437,3.4372140452840467
0.5108212659962763,3.500143113421006
0.5306711913068793,3.3606653582472603
0.5148400909206046,3.484241742817835
0.5254333579422743,3.390937653579264
0.514110224306404,3.4832152628515387
0.507076711630343,3.527977225800431
0.5265785343016924,3.4049582944668173
0.5189310435916696,3.431310303215673
0.5243763229743617,3.3935423825908533
0.5298491980221245,3.3682983666477555
0.5181812773924939,3.4331430191801005
0.5191826041190792,3.436062805023182
0.5261458981722807,3.411053927929049
0.5227282505793588,3.4204821152226423
0.5125556753220225,3.4811627525462
0.5082112128066787,3.5195403928613116
0.5232496636339788,3.410731596916216
0.5171213028460897,3.4682090767607616
0.5166312739857519,3.466913667854632
0.5260893848036101,3.3867760509011267
0.5226943182525794,3.4242494886791706
0.5233011710019992,3.4033902979237416
0.5201740124308736,3.4065995983653443
0.5234005925271119,3.4090288789190972
0.5173879854551859,3.4596002936979016
0.5205336248580225,3.4477345903975603
0.5213915620207179,3.4265825010136597
0.5134613114022568,3.4983897281412206
0.5195872529085948,3.4228093879188783
0.5210511206021473,3.411632888584168
0.5109812007131984,3.489507989542939
0.5168503245451341,3.4379635574442786
0.518386943292243,3.450528079045597
0.5278193687581345,3.388384086700443
0.51929583744596,3.433404919837799
0.5213650915669629,3.423605227165963
0.519903087104404,3.4281314862604915
0.5230630749811005,3.404601530895382
0.5159322915212783,3.463150491075791
0.5211224402112303,3.43675195020804
0.5162879144223583,3.460083061680674
0.5194994343162013,3.4451641055770694
0.5224606508432758,3.416150346042707
0.5245871093764958,3.405885504427418
0.5184692119126911,3.453451820169709
0.5181141053900022,3.449561417422117
0.5161726910495446,3.4693574636734237
0.5235314280306432,3.4124280009709316
0.5203458074190213,3.434382806302205
0.5167285911892692,3.444303934428035
0.5148825355603757,3.480742103190092
0.5276719235180145,3.389994495698392
0.5257168884589593,3.3960201203519054
0.5180944174223256,3.4454933387355138
0.528688611393723,3.3882695018720335
0.5166926128017666,3.448548817328519
0.5271516564901977,3.3992696761853125
0.5243257244624657,3.403399292932358
0.5351232392880576,3.3255831661604316
0.5295018985817417,3.3783979185593758
0.520370211244056,3.4401634661235265
0.5109777708793013,3.5015277281447568
0.5106030265323572,3.5105127405026346
0.5158801630689929,3.4632598343504357
0.5230746655239331,3.400582135134567
0.512343146163499,3.4888575077841613
0.5215278673667763,3.422107805443983
0.513804613048654,3.4917502063283283
0.5250184757825422,3.4042737060577246
0.524771826725839,3.400634237700195
0.5233550903221935,3.4078593306074967
0.5234509418870545,3.4217243511581024
0.5212192806243003,3.430565638790923
0.520875940664737,3.4321812480951586
0.5233369295641441,3.4164816312659303
0.5259651976163996,3.397465416781072
0.5196044526560902,3.4373015710654413
0.5072902463759696,3.536532131845859
0.5252154851825706,3.40703437363072
0.5210767518647403,3.428162287452546
0.5190626180609534,3.4524396406644016
0.522337248750832,3.414297604429963
0.5260010284580241,3.3909138753798276
0.518677675210192,3.4447599372834747
0.525461348751706,3.4083141967590818
0.5210196859763111,3.4273245180568876
0.5203304204606696,3.4243457915460604
0.5125494306829208,3.500346158792676
0.5207449786561826,3.425180994244038
0.5229830737227719,3.42239754646889
0.5193711057912294,3.4357266866303102
0.5147091492346738,3.469591718480234
0.5187480260552908,3.451889981399736
0.509051966805339,3.509900792854782
0.5309878537522212,3.3756100478962154
0.5199282886471576,3.4227937209309913
0.5197906942181136,3.4269000500136793
0.5189267751616529,3.460006465355128
0.5282897349362798,3.389925270856582
0.5283357198659655,3.3920330606939255
0.5246011713377523,3.407351134793241
0.5269922300689303,3.385237077762235
0.5188982227609591,3.4548240378466555
0.510851934255786,3.4889813184532583
0.5248255636260224,3.3961187238223762
0.521002954136066,3.434547067400394
0.5002394393043708,3.5778164741773617
0.5128579507900817,3.489245304177832
0.516091783061746,3.4836995854811965
0.5251257279643469,3.410022783132804
0.521865538888632,3.4258484209390163
0.5150752481123388,3.4639693680168064
0.5163099091316279,3.4738402554651446
0.5176380151340867,3.4637355670356764
0.5120595874941349,3.4933276149458172
0.5217999062334291,3.422962377648726
0.521754986342591,3.42478110886545
0.517750493523911,3.455989488329987
0.5283581771177253,3.378217661483363
0.5223737733805935,3.4184179208958008
0.5163061486083595,3.4748963501967722
0.5251472099747949,3.395594401629758
0.5219652692004029,3.4234040660913614
0.5193392958452916,3.4383456696730956
0.5290741195346016,3.383594880667884
0.5168412588501001,3.473420518523186
0.5225883736279872,3.408588058466882
0.5227221972796054,3.4171246963236883
0.5136179740546742,3.483338318007399
0.519785167209376,3.427543875790051
0.5168818639356931,3.455128633987973
0.5242427168827183,3.4130017776828767
0.5258610301383726,3.3938449850787857
0.5235885346747369,3.4124299346649485
0.5165370672014571,3.47548841080567
0.5148591417656758,3.468692596330873
0.5207456741116065,3.4376349342703887
0.5258188246151758,3.390007645832234
0.5209181312999827,3.4273816801618495
0.5243623161965516,3.4189316234781333
0.5265411803963034,3.389323837620369
0.5235523039542975,3.4208729626660968
0.5237091656480042,3.4025076142081647
0.5262060255700988,3.3962947921718287
0.512296863850055,3.4949113505597613
0.5164938940485129,3.4595759052703157
0.5161361044215953,3.4603368870057913
0.5223234315004752,3.417597313618758
0.5216265608618429,3.4243909047370655
0.51763782890573,3.446979993476336
0.5093694237009267,3.502314644111969
0.5138569610368375,3.4729120254180725
0.5203125851769355,3.4337076445110055
0.522684203782585,3.4079284959709697
0.524627586881849,3.4086691922404446
0.5317655911727147,3.3525861402570167
0.5166293103845234,3.4547704211065424
0.531506289497731,3.365878256747818
0.517684769977152,3.4504157239025846
0.517450305543298,3.4600985920611884
0.5154624174882043,3.468756160897126
0.5267761154737376,3.399724911953967
0.5213600489150969,3.4292921015297244
0.5233922974840939,3.419022436912983
0.5195151915135818,3.4342052251597117
0.5185640808627556,3.4506138536204354
0.5128903587224856,3.4898705374599404
0.5187353683166493,3.4612890374362286
0.5139769166654795,3.4943907444212003
0.5164819076075857,3.4481007539656954
0.5267293936629458,3.3930256121398714
0.5310674133297923,3.364650443402949
0.5234718681861481,3.4029924233034046
0.5185107476157738,3.4553431904834877
0.5103842376298158,3.491923345027252
0.5154612408377515,3.4568716347809074
0.5283132160241564,3.380490210734058
0.5122884407343047,3.4721093059964088
0.521008488122755,3.4094919685896166
0.5116254212208393,3.4861011834621185
0.5196058522875111,3.4463819720157964
0.5168105167817336,3.471821801538968
0.5286813412374858,3.38027166830634
0.5209876449878692,3.4303355286495636
0.522252731573084,3.4262860525630616
0.5221182020150534,3.43036990720383
0.5263768358412921,3.395267432541006
0.5275096605657812,3.3788693941942216
0.5217716531179994,3.4179134652301553
0.5218531934635731,3.416047165847106
0.5618852655556466,3.153250390766964
0.5217122452519525,3.4305950843030906
0.5164996083294275,3.470272634171943
0.5144215387869877,3.484110834362481
0.5183997516651748,3.4439986126137225
0.527423755568744,3.3935471426893113
0.5131462063447092,3.4811121198709425
0.529264959645489,3.3745070967946456
0.5232042567134634,3.4212112665618055
0.5113432076527964,3.5081432268369586
0.5161459481667484,3.469185401064987
0.5102687183437032,3.4926908671115244
0.5197844724469333,3.4404592944071863
0.5132369381861799,3.484237720082672
0.5205936926351118,3.433175455501208
0.5179595111321664,3.451967044452646
0.5308427332176047,3.3628195078163023
0.5320330728206002,3.3564016657815903
0.5225119563585725,3.4187430397088723
0.5305268190436889,3.364626751671663
0.5309876074140212,3.361554669041
0.5109990381252982,3.5011633931777753
0.513900327419331,3.4857401367113274
0.5264874538579862,3.3922951263689303
0.5200703526871329,3.437353109625413
0.5245391053081578,3.403525477500917
0.5242958999153179,3.4091958489235576
0.5264208593101636,3.3913750416895874
0.5151295175451832,3.452809786262435
0.5268306242552303,3.3809632610220413
0.510587722407539,3.5191294068352086
0.5241847400734281,3.4022397888032887
0.5062562766460349,3.547390097726089
0.5213773996935616,3.399401142718431
0.527306384685905,3.386921427644245
0.5275977147467692,3.3897851583580723
0.518305096012016,3.4339663214016065
0.5207485285980491,3.417612109624956
0.5278295545427034,3.390258983762597
0.5258774986328354,3.3949572121272613
0.5082606296630372,3.521304549801354
0.5227019054725456,3.4179195302954377
0.515681228817007,3.4747185464192536
0.5190613124839021,3.4449223291041355
0.5179621399316984,3.4533703391757484
0.5221609970934153,3.4127652123910663
0.5096605581145832,3.5135391443831403
0.5176402809154128,3.444412791471296
0.5214145846790547,3.4171942294194864
0.5208215699781911,3.4152373727402265
0.52448434153504,3.420541978335715
0.5276136565008898,3.3819634654892994
0.5181998491428907,3.448672481269091
0.5247837130107298,3.3983054977123395
0.5220370710854567,3.4143850722093245
0.5279100721574215,3.386271803720725
0.519735384090855,3.442667156009111
0.511831185341977,3.5003610092735586
0.5200064694973161,3.4376806259558346
0.5197237604530811,3.4377655363927637
0.5253278360585163,3.4073298185914194
0.5148767386284748,3.4799718543559233
0.5127868716086588,3.502384899188602
0.5178456104938196,3.439370883101877
0.5177919249185922,3.460009941781279
0.514781692855353,3.469371328607393
0.5248069596677732,3.419403278313626
0.527052881040996,3.3944001105154546
0.5253861486303562,3.4021080496323943
0.5255729857885798,3.394639228722924
0.5117216576267544,3.4845253021221474
0.5190959212453232,3.4360424022578373
0.5155661235632443,3.46423537739774
0.5235152105833218,3.4028525213605683
0.5044202986476315,3.533839046546766
0.5180674325370833,3.449641314206335
0.510137980362614,3.500719061417533
0.5120660856605537,3.4959417616036954
0.523992526751248,3.4007808947316245
0.5254261152870987,3.409038311830898
0.5259652497862124,3.378676923449466
0.5145785154142681,3.4775094100280146
0.5231402784320007,3.4095278309105583
0.5160525453249887,3.474515666330419
0.521040888013854,3.43333216567436
0.5126962892801306,3.4947421304722237
0.5200673964789035,3.431807465668636
0.5246595990582557,3.395745837636619
0.5107136945328705,3.527097296289335
0.5116277745886357,3.4866787553659155
0.5225300709370331,3.416157277237824
0.5275811305587603,3.386417126396508
0.5156920897267209,3.4480166434499173
0.5254383741233529,3.4005111689217804
0.5193689083935583,3.447175418401209
0.5167196300515102,3.4468088622059114
0.5174547224121623,3.4597828430569075
0.5224214664036253,3.4156246349400807
0.5227838448879395,3.4202303386288864
0.5197668235760939,3.4365718475017015
0.5239278319896952,3.4094923045342997
0.5168766228018462,3.440671059784542
0.5222547379862605,3.4158721581699423
0.521752679616627,3.424599397214787
0.5126295959082163,3.4986504026835337
0.5181343320509297,3.4547599823134485
0.5166396038355621,3.4575616933909568
0.5223588535358074,3.4161032592640193
0.5224631827821158,3.392692486952001
0.5184415328179193,3.4465074429521607
0.509420221426578,3.509073139976388
0.5277049956814922,3.388515653892923
0.5172987379734195,3.448356278880608
0.5191096407566322,3.442363084686786
0.5261139860840134,3.4072453666167637
0.5196025346459934,3.4199847943890544
0.5182860976955492,3.4315617655577104
0.5076487471276319,3.5273718199920747
0.5193823519860798,3.4395793990676267
0.5254522599987261,3.3972653589668873
0.5186280951034841,3.444302970859016
0.5246505590600324,3.410559998966057
0.5181487000775686,3.4524529415479117
0.5148654955755017,3.470478936188092
0.5091618984406283,3.498410978546916
0.5095384128762822,3.510599368417035
0.5234789512722324,3.4055419023861235
0.526228683166454,3.383519185444083
0.5274367848056829,3.3884534122512617
0.5186982765266995,3.456759629694445
0.525481669677162,3.3929883457882175
0.5216334334154513,3.4292045110905547
0.5144568290580513,3.493165518482968
0.5116609587869176,3.5110221072417365
0.5156847699548345,3.452472381411264
0.5165660330007044,3.4600470714132507
0.5234061711641427,3.4223296010469193
0.520865813731501,3.4321589823153387
0.5206087516759399,3.432072771082001
0.5199868044122491,3.438721610248823
0.5127454328602798,3.4997941438216227
0.5051262809350643,3.5496295160014215
0.5256506559157281,3.403155348439822
0.5163512552453431,3.4498828919752964
0.522577880659226,3.4160797442294415
0.5149630363277917,3.4686738473362198
0.5221512258897334,3.434647362826011
0.515137534428927,3.4781337437263025
0.5168292678741027,3.4516725280916902
0.5200967100193254,3.4327255579827374
0.5182764485616945,3.4594893792973345
0.5260662658671099,3.392004293116857
0.521012755439794,3.4094066399366
0.5158881866080247,3.4608271604203655
0.5219131034752935,3.4174740914408233
0.5208453058472073,3.4262810115732596
0.50154303855579,3.584142552762622
0.5165765324246379,3.4478205654059133
0.5141632190331448,3.4760443739048776
0.5150720395088164,3.4682707446718117
0.5151870405252761,3.4554555104335405
0.5165963328463994,3.468301779158042
0.5239328303915315,3.4013020287329807
0.5252295870232702,3.4027227363481156
0.5227684352288486,3.4154756039722662
0.5156170984175468,3.4576989846284136
0.5150559038112394,3.470542539875701
0.5162695669627884,3.4648070292482087
0.5308459876112561,3.371646769757083
0.5229503707133885,3.416065321023352
0.5136571157368417,3.479839186161113
0.5251909103834015,3.4092671465895905
0.5044335421213972,3.558071167805289
0.523576261574101,3.412111229329516
0.5226861746661111,3.425951958478631
0.5239465552966562,3.409271653491277
0.522700683400998,3.406031904504571
0.5188476262116086,3.427567965038585
0.5157873553887518,3.471922287523478
0.523222872938192,3.4239976870330144
0.5171428315086497,3.4579318138326283
0.521667947556492,3.428752280589457
0.522067446980599,3.4219242121871107
0.5214816458662391,3.4311535913042652
0.5225479570674723,3.4230200427686923
0.521630550365562,3.44020110449249
0.5209995693867338,3.4345502307055256
0.5163744396413386,3.4629358673464776
0.518035594064822,3.449629815065433
0.5235346028502956,3.406438515026922
0.5275217399596374,3.3900655293987834
0.5240998640684571,3.4162033266213143
0.5129919641868173,3.490949234305594
0.5181501700177971,3.465979396815475
0.5151065506519054,3.459845101094518
0.5233598465176198,3.41086301209995
0.5215991022956963,3.4334302444814204
0.5298943584859843,3.3819532362884717
0.5219970615595362,3.425415530152317
0.5271421665868661,3.391231630029193
0.5152435043211383,3.480174196444182
0.5173853893067023,3.459217738200242
0.5096684939661119,3.5038970319492924
0.5232776674132549,3.419299305243425
0.5146642997143303,3.479983675430657
0.5247239911631526,3.401600752385518
0.5148383374792938,3.465966233381794
0.5285196268494854,3.380522655554325
0.5292059893183357,3.3832662912336575
0.5212462663924151,3.419164631938414
0.5220538049959202,3.419261436508058
0.5285869905323899,3.383459024603993
0.5155886169736952,3.4820756690618797
0.522035969359689,3.426823433916525
0.5246566082949673,3.404133712382107
0.5266106641052655,3.385599902891668
0.51855914093796,3.432695610617448
0.5115633624591605,3.48378732368129
0.5174356276219321,3.444720736725602
0.5273028274029942,3.382943148185346
0.5178241690066757,3.4357316313388684
0.5146540802369277,3.4656596936223103
0.5127170020975331,3.4833069505148773
0.5142349452426386,3.497356034955979
0.5139073338290316,3.471317163792868
0.5144014457097816,3.472219788749674
0.5181251709963155,3.4485913058078466
0.5245833529534558,3.3787186506163986
0.5182834783393131,3.4396163507004633
0.510658076443055,3.521826655462519
0.5255822216216104,3.405076582829787
0.5120479896221218,3.4966070305957078
0.5199835165655005,3.436473462855651
0.5171404738784935,3.452940285085521
0.5146069855263787,3.4742939005496636
0.5207955354129117,3.4343641665410605
0.5308887148494128,3.3649397744366594
0.5307805661544442,3.3686544855571365
0.5207284539516381,3.4424657221436563
0.5259126535053409,3.400124276954536
0.51642273202092,3.463696906378739
0.5162558169404292,3.455601834499399
0.5214352551562891,3.412640687226901
0.5262367298098551,3.403080211209705
0.5274275953634018,3.398324040769411
0.5079586271360054,3.5269710635106777
0.5259950809122869,3.393994071295176
0.5210327996208661,3.426678178844276
0.5181229247401121,3.4609827075017368
0.5212060242752705,3.4121241192014002
0.5071833340123216,3.5286982042917483
0.5215274985833949,3.427558836457237
0.5180640788888071,3.458242006697884
0.5191047808768314,3.435692949818697
0.5293040726063628,3.3735153522884427
0.5216869194221689,3.422584995401622
0.5092200208172382,3.501654964081918
0.5200443487392739,3.4328039137460205
0.5076737144742314,3.518019266736248
0.5242044159864464,3.386798599767311
0.5252563210968335,3.4037308433357545
0.5159655342636496,3.4693168412274966
0.5063919879076741,3.541342234337746
0.5236644875644059,3.404745153184426
0.5082776007567174,3.50880858795533
0.5211450151984017,3.4244295174697643
0.5237992357557375,3.4037789253024044
0.5192289384026527,3.4288716525388785
0.5122401456679211,3.4965777715230333
0.5265856648932021,3.3831233792815594
0.5130302957287984,3.4926365190938276
0.5160689466793458,3.480914419737671
0.5310651908895944,3.3680227225835444
0.5152888161858975,3.4734236389140603
0.5087566812131596,3.519471765236345
0.5105277505489416,3.4935749849350666
0.5145335590252862,3.4743558981911993
0.5125273124696159,3.491187360080125
0.5194393520244768,3.4378658317896114
0.5112577480979672,3.492132162156846
0.5155722346135032,3.463442700452886
0.5303217382639016,3.383321067312237
0.5052208264693203,3.519130628019864
0.5191175886307735,3.4498029032943607
0.5193682242990925,3.435704195378282
0.5108559693650081,3.4958960655884757
0.5179818354643049,3.4433049722507767
0.5157825748316245,3.4659459029899837
0.5236127117664973,3.4070937286698406
0.5188582549917945,3.45380404017638
0.527106584121972,3.3912232859001183
0.525554900273466,3.3954769580047763
0.5309215802399605,3.354956337861275
0.5127486227611282,3.4684702742061555
0.5222253699090846,3.4340990432421683
0.5229557959994635,3.384420089380636
0.5329762264086327,3.356764242981427
0.5225025976356968,3.4096002288362266
0.5192588273390815,3.4352873481360837
0.5240226392092413,3.4265653767961397
0.5288778408477528,3.383425519268961
0.5283976705946125,3.3919609197379823
0.5239667264541836,3.4096319210113712
0.5209304182134205,3.436763793517674
0.5137746542074924,3.4799904467474647
0.5177844642342576,3.4468916608955826
0.520488026483265,3.4226075801075013
0.5216148677614145,3.4153894490274395
0.5171598624630369,3.4557087300182547
0.5137325301666612,3.4757592594450237
0.5220360213278579,3.4271325305356517
0.5175215365824843,3.453114766503619
0.5210209111549404,3.4276381208545295
0.5257254579513466,3.380072257800319
0.5227219320585498,3.4192621388167916
0.5179753564886769,3.458035293178867
0.5181745796441843,3.464553239572252
0.5197060090148403,3.4464504925346477
0.5207391970535324,3.428703574889947
0.5274156058463225,3.38348501370544
0.5094596030579277,3.5083575421876376
0.5156568541881917,3.4737103856317075
0.5215028423529351,3.425019130435431
0.5151356875471924,3.4792264200172114
0.518070568830147,3.4486940811399407
0.5348475663521145,3.3331346578091123
0.5195261802395221,3.4463767252719566
0.5233802661505291,3.4099761904193087
0.5184288791971512,3.451760609903423
0.5252577443615702,3.4102819691545556
0.5259835198150635,3.3932373634686224
0.5250610813340431,3.406016665791514
0.510815095515605,3.515927384087827
0.5208988577178217,3.4408763303521295
0.5205964740254245,3.4293066767050386
0.5217617870594151,3.4132183195672017
0.5285883607555394,3.3745989142826867
0.5105544361176997,3.501924946747721
0.525715720134366,3.3844227252471875
0.5238396142554985,3.4272440591994973
0.5193162034650661,3.4263859448584393
0.5255398970447477,3.3881961244870267
0.518259697404102,3.44609928544721
0.5245352865442612,3.4005931583604925
0.5286569787234221,3.3887749441733344
0.527906460599245,3.368352820155782
0.5275776037088666,3.3785146724777464
0.5282845954120093,3.38577369932397
0.5237898806266779,3.4142850131065936
0.5205229981897658,3.4330596575511168
0.5255981433268597,3.3882183236512637
0.5209738570971802,3.423039480397577
0.5201001953404991,3.432750001588479
0.5267202260098616,3.376458119367966
0.5233267669679253,3.4198823172944333
0.5158313624769675,3.4608487375529333
0.5205601609057166,3.426822053719001
0.5281565805326269,3.393826081903967
0.5242279307118541,3.404659185741368
0.5216194078469472,3.4320077263616406
0.5126706896168021,3.4832006137733273
0.5268566108969355,3.3852360508609984
0.5347767860442119,3.3561079858883476
0.5132293811312507,3.4826367662456463
0.5227657828984504,3.4174144896558674
0.5256740577030936,3.3877794297856387
0.518639363551362,3.445993455303085
0.5136832077215783,3.4970592847529693
0.5163900822083817,3.4568502581250007
0.5089275952309738,3.5054891248084665
0.5175166849194435,3.453359905453597
0.5242292588022547,3.401508934957619
0.5272196760393966,3.3998658020162447
0.5249120686419348,3.38671609735239
0.5261352380907569,3.3995281240956463
0.5209230418939899,3.4190630833992124
0.5185983710758851,3.44174524184765
0.5106908432498762,3.485708800943265
0.5276989131275813,3.3863412433583924
0.5244097754174506,3.402814537607468
0.5113764938797973,3.5045481863142807
0.5254552426443846,3.3983890958027887
0.5234737625555039,3.418027664728506
0.5191679612560252,3.4396250369498955
0.5232989335324099,3.396257370800248
0.5159363912905657,3.4495610199312288
0.5139634283174573,3.479964451862634
0.5085809486832713,3.537682588508478
0.5226319741904236,3.4209088853351535
0.5109303399481244,3.489192459078825
0.5198983579998226,3.435845955388092
0.5108263174047157,3.495032821291883
0.5267896954156818,3.3933204763507634
0.5137549363215997,3.4841216952888043
0.5355699641077154,3.331621580205626
0.5133694854887141,3.4939055743246814
0.5157326437787426,3.4701221922186445
0.5329417109808514,3.3558637663631257
0.5229591926700643,3.419458202132402
0.5245375892623934,3.4172006298064703
0.5193723806988071,3.4288477495610756
0.5162638437878415,3.4750392483787635
0.5249282353969262,3.3965519626878335
0.5199519455127086,3.441031595101392
0.5181650869361101,3.4440997217136773
0.5194829413707516,3.4364828461345014
0.5104859072124861,3.5086739160115203
0.5160162940088433,3.450372583647496
0.5143650030333617,3.4852093138638054
0.5315075374861064,3.3747153148101625
0.5244588517501447,3.4059753678959446
0.5259188353349518,3.3926080570152983
0.5199737360658918,3.4287080000840047
0.5138182020045552,3.4788507914579907
0.516211427785279,3.4560298102793143
0.5239177103014727,3.4056232559535013
0.5205092687903338,3.4168339783467916
0.5264074563562535,3.391021866187253
0.5192891732402711,3.4421190522759777
0.5204974593797773,3.4367676376573675
0.5200731221957251,3.4456184589428993
0.5164869708264332,3.46382173508074
0.5158457153201994,3.4680972320033105
0.5193901777576584,3.444156625488031
0.5116152884530545,3.50676025532056
0.5159997077054945,3.4660553518521944
0.5179102587326236,3.455549597406665
0.514083418959264,3.488378603722525
0.5134461317133495,3.478991216265266
0.517439278978839,3.4582294764585875
0.5217896658140948,3.420094609439271
0.5211908780914016,3.435392472436071
0.523751018982868,3.4067278563789873
0.5179412028870777,3.464969384104064
0.5235031621673947,3.4065313046159886
0.5174964406203606,3.4545871077443198
0.5140183825124538,3.4689122486815567
0.534217890349536,3.3588977704954877
0.5253520595693164,3.3937770289004097
0.5251338807542505,3.4058161655669568
0.5064119942281068,3.541455130393271
0.5134959043567838,3.4883766470584083
0.5188277467769079,3.454616004778778
0.5191814538223003,3.440071296659195
0.5017186755974699,3.570465519287116
0.5216636202353893,3.437567500784419
0.5255153145385114,3.4000424686233766
0.5271074615263984,3.381327441568354
0.5209142900492352,3.4339618033199493
0.525730944967122,3.394378140623366
0.5331400022917898,3.34769382669063
0.5263151852115524,3.394004289072857
0.5244888738135469,3.404084618446631
0.5259749951530079,3.394073809929841
0.5324865701363095,3.3578307446470506
0.5122625033990894,3.50900626084619
0.515684924815405,3.4499550739444302
0.5215781322813089,3.4253490608618877
0.5185627138369482,3.4422980318890604
0.5220353769227561,3.434103561541147
0.5222720577633203,3.4182395932410325
0.5170405076248323,3.4569984462956045
0.5174101202434428,3.446910183848075
0.5163696766671064,3.4526555602530675
0.5214777296824282,3.4321774101283107
0.5244668221234192,3.3947553839998386
0.5129969253713972,3.4934262491418417
0.5131632339366237,3.4828166617676715
0.5255455656009642,3.404169981531616
0.518049298137836,3.4578370511908374
0.5246004627644996,3.392846548938786
0.5194590058562778,3.4377390705314688
0.5171636678436453,3.4657935723587747
0.519925975885386,3.444855319041864
0.5121793075834276,3.4901881563706443
0.5164200042704747,3.457211319993409
0.5215191464560814,3.4263583171202274
0.521563172525203,3.4141785078987477
0.5168226625669909,3.4604099296797486
0.5137404108874692,3.4825514748256423
0.5200722301433969,3.4233370812108976
0.5177261984482195,3.463189714968684
0.5139526604557922,3.489850097247166
0.5171025561532803,3.4586744471829918
0.523509287845092,3.4121160490138522
0.5273796172084071,3.4020542164974543
0.5262603430468926,3.3960390104907616
0.5136470623392329,3.4891203886494813
0.5293111218795427,3.375647109986126
0.521567250074993,3.4319091321189252
0.5227507375577674,3.412561092655141
0.5270879342268937,3.357328475364433
0.5218756657859258,3.428444473454589
0.5182046215417648,3.4404777758456704
0.5156629555267902,3.471944863013278
0.5207489334168067,3.434114010134938
0.5097217809458057,3.519424773674342
0.525457338844549,3.401383510894282
0.5113468135983636,3.4804774489153867
0.508541536863147,3.5278881655360133
0.5198731572438304,3.43978606272061
0.5243546122903088,3.4065161191303197
0.5127867275420608,3.4883616268273867
0.5220425277642249,3.428807582863003
0.5208244921629757,3.4278742121107553
0.5244016283807355,3.4031894262101376
0.5179547710320218,3.441387702612744
0.5081768540718988,3.5143192190282067
0.5242051190766683,3.404670029344225
0.5264995268223855,3.400833307989987
0.520753718594924,3.4228149853017715
0.5276193519082508,3.3903945043317343
0.5208108726769602,3.425817278756434
0.5208947933403266,3.4231200171728884
0.5081270226311148,3.505014393188903
0.5255928186809229,3.38935054855754
0.5084357823713745,3.5217304451859683
0.5313208107167087,3.367298836277833
0.5275971870165951,3.3805438792711047
0.5138065808072119,3.4816220459393588
0.5215607831408473,3.4344113027784453
0.5177048631761851,3.449505712449119
0.5185162672077404,3.4502559747151142
0.5268769223797292,3.3903889710488007
0.5238245684426077,3.407863695361779
0.5269741827144631,3.4001022342294513
0.5292141420947882,3.3603235825854623
0.53715182200289,3.318203564265064
0.5138601034569732,3.4808094902624296
0.5268769223797292,3.3853348293917502
0.5117174951078822,3.4869681305083104
0.5151544144844674,3.4507167864864488
0.5152702618835636,3.4756495303368533
0.5244951096364912,3.399562185763601
0.524042056829145,3.4122779335407616
0.5176902122735036,3.440122970055297
0.5232740251086714,3.4225371827943025
0.528461031539029,3.385087126436937
0.5191568108621105,3.441489116001347
0.5261822465794591,3.399291935521402
0.5101282858530494,3.497517381266179
0.5255978669243906,3.3963962754296793
0.5109600160611486,3.4912243421592666
0.5235878111926524,3.4127868780322914
0.5217130141283788,3.4196192151258775
0.5273071316645908,3.3718750739577406
0.5165433294408541,3.46272125953314
0.5163533628934226,3.471244761086772
0.5242047128467031,3.3990914405042894
0.5280365627508479,3.3902532839238386
0.5200161673537095,3.4433774706535476
0.5257996185646545,3.3900408133582736
0.5113090392456078,3.4756079317663104
0.5225167137431599,3.418934011050499
0.526087329070648,3.398485747002482
0.5262800168020603,3.393440334709495
0.5232692224901054,3.4116239793042786
0.5147649023108971,3.4697154860647546
0.5250361505655396,3.4091247210115068
0.5269456188092847,3.3817264293681313
0.5185659035669192,3.438968097060407
0.5001388752567562,3.594974705333333
0.5117398290556171,3.488350174672328
0.51463501312851,3.487129482079522
0.5123247255073089,3.492042387409181
0.5263364830514046,3.3933241783550905
0.518047931861725,3.4333523796833845
0.5253334304607946,3.4015880501908486
0.5145661831154773,3.4697424474557748
0.5137050151549807,3.4827340072453787
0.513688749663574,3.476944855263644
0.5144259719024245,3.4600052685536498
0.5130204759420021,3.4801952578136985
0.5115430265740977,3.507172715822695
0.5214293655838873,3.429039063572486
0.5241122893311405,3.402106485999817
0.515821738970953,3.458973183353147
0.5107471513136417,3.5064993264591227
0.52143771694573,3.4319647779065185
0.5242745034500276,3.4103179815433737
0.5270053480149239,3.3986690476530588
0.5234189834121712,3.4057518608928654
0.5152698181535318,3.476678567851844
0.5230664356004464,3.4186167343675615
0.5164795516703962,3.4745072753495454
0.5208527542440959,3.4272927680888037
0.5278920615264304,3.382951245716038
0.522972493373344,3.4188877767717685
0.5265705163589629,3.4020911568622556
0.5207084004799376,3.4262898825948103
0.5249867651366403,3.400948101468587
0.5240969009834059,3.4005146292853468
0.5104429575882231,3.49778011470623
0.5288894333721282,3.3839978557826553
0.5165062423132714,3.466489647293941
0.5197497453370401,3.424662781061282
0.5127962874413965,3.479241565494111
0.5272699557464293,3.4021059834038168
0.5277319756735785,3.373411742418719
0.5275642749338946,3.3934993193782668
0.52522843488784,3.4090918309074425
0.511753067305992,3.504471398870333
0.5260483752604921,3.3839012884531043
0.5183211335823605,3.4382658890638376
0.5259994580939718,3.392290145806932
0.5210030994936629,3.4218298753516025
0.5209959873795565,3.4353689102435174
0.5182207195089645,3.4386479285637224
0.524478058892571,3.3919829262880326
0.5182052530323737,3.4496354652548455
0.5197052832037001,3.436935315018694
0.5198844300926957,3.4230630532723128
0.5335176604142382,3.3500880982663412
0.5341786133705474,3.3562486011627923
0.5257160069996579,3.386904487461541
0.512385666355097,3.471670564092255
0.5224129715334398,3.4285746553778313
0.5155988780358257,3.4615218710327524
0.5210000106493995,3.4342667616485505
0.5167611496915481,3.4618059608214065
0.5251296166911321,3.4023723718926826
0.5127064244025912,3.491344911582768
0.5119936729336381,3.4935990254970744
0.5182842030616506,3.442184412522082
0.5184467309995379,3.4419509858739468
0.5178196882948556,3.4657635640257065
0.5137964741984737,3.491917871268105
0.5208657047286933,3.426096078200454
0.5301054144837329,3.3536895701382448
0.5233349417876247,3.413236680840129
0.5201474870036027,3.4274562264566417
0.5253833538899105,3.408718981939123
0.5095794608801195,3.5170696917190885
0.525276580646979,3.3928252035000592
0.5225587564944767,3.4316249097052998
0.5253113710688302,3.3975825814167946
0.5211009456541265,3.421611352118732
0.5012698324377967,3.5724526636174825
0.505707772649819,3.5452157537579647
0.5272129903651148,3.3965269663160966
0.5210715757178637,3.4154764456160662
0.5192265651536081,3.4479024001143115
0.5155238841210729,3.4792918215035717
0.5167585656413047,3.452418012649545
0.5197541522608644,3.435582078883351
0.5152057994860546,3.4751691488840204
0.5170288345718045,3.454025322782167
0.5153413234208022,3.4747094674907646
0.5160758977202353,3.461793814299952
0.528229724803841,3.377870164642087
0.5226134729670843,3.410402777693496
0.5321264042638918,3.351421713957923
0.5195845470090781,3.4394029941364415
0.5256910135061017,3.415091868555625
0.517940913104286,3.4484003822149654
0.5259780732053274,3.406105554787381
0.5230791030518291,3.407319608131957
0.5157336246145752,3.4791883845639977
0.5175181124850412,3.45467618890264
0.5105850845010527,3.5043533572593164
0.5310797783542801,3.3671603024184296
0.5259516335535426,3.4044542830447755
0.5223974064581716,3.402865899584126
0.5176754374441772,3.4433462216056183
0.5124753728836033,3.4847290519172454
0.5259529325657739,3.393923355273779
0.519497122591382,3.4191996621131096
0.5154771567130836,3.473010574077095
0.5214881382478969,3.422134098298379
0.5209952450231968,3.4405995072603917
0.5246293323116326,3.4073280562354977
0.5223081641307095,3.4199415214594
0.5128053740734555,3.4866114054060797
0.5181602215723149,3.460341760259772
0.52152491710361,3.4273039805481367
0.5281023332848462,3.3902436359306036
0.5162945778645787,3.456608379916447
0.5171427177631971,3.4644573749674654
0.524405326835633,3.4040720447251354
0.5282542554636468,3.3783396126551533
0.5225925594070643,3.414043994025276
0.5208831089985597,3.427514180084925
0.5284564873319593,3.39011334958095
0.5224223450081793,3.415567569066868
0.522343658398505,3.4115531543314437
0.5199224393411752,3.430940866207896
0.5070430443032776,3.5390479130627877
0.5178745034703707,3.4391648435157087
0.5214574114840933,3.414487154093123
0.522834709373905,3.3965198324984147
0.5196368624253904,3.42744540782553
0.5190464020925809,3.437381324765591
0.5110400953684451,3.492373150056745
0.5206986230059873,3.4250850853052697
0.5123653008368348,3.4967917676732614
0.5196090455283585,3.436241406088491
0.5163645314429809,3.466083564229956
0.5257548649386685,3.3946679677239784
0.5200203161991936,3.4357416903152753
0.5189336129471764,3.453990460118156
0.5090459526952427,3.5033783636204783
0.5113099843546235,3.48766399030559
0.525741663508249,3.4042097998963468
0.5257948457960896,3.3879080514823467
0.5275388718257052,3.378306611945446
0.5205786338286061,3.4328368260668154
0.5239071045051418,3.3916271703386824
0.5262664643109827,3.381073554939951
0.5228460424177486,3.412161023790556
0.5210060949032614,3.4361532910659016
0.5283622973812829,3.3918072125745047
0.5132338906466711,3.492312814787666
0.5150032791013024,3.474061156295487
0.5125739671254448,3.480449326145713
0.5181140846874003,3.455014534670519
0.5156351539901879,3.453130628974897
0.5216879532227482,3.409585726705289
0.5201680371437096,3.4269495980669786
0.5198908599278752,3.4412924078774405
0.5087766736558261,3.5057710364259376
0.5143587146317041,3.4797262048982316
0.515655512105686,3.455301967769661
0.5120785885989556,3.49383967256389
0.5222348871498192,3.413443120222135
0.5208487886793385,3.4311375397517345
0.5248505987282464,3.4165698121516535
0.5207073832859064,3.418861205043044
0.5201316571596799,3.40271871470044
0.516686980001662,3.4688357043096563
0.5075910724972534,3.5148593774873054
0.5253451407428511,3.398846559248079
0.5268407901408514,3.40059709324403
0.5155722036452391,3.4576449158149645
0.5239308414411816,3.4216778182888024
0.5194238241254925,3.4220412448367843
0.5164359679254165,3.4663188684409643
0.5182242290060455,3.4537848756617247
0.5177194211870991,3.4557038645785148
0.5156925026916348,3.4661151749834893
0.5185041096503058,3.463088846453612
0.5097300044826296,3.5122967776551826
0.5284923708765306,3.382567914502175
0.5231359342793593,3.4199726554226184
0.5176413258666512,3.456168707632456
0.5181759875131153,3.449136985240176
0.5156759119742313,3.473477888446348
0.5112331462832614,3.513712579768061
0.5276562369367719,3.3920557355402576
0.5258046000021765,3.4000870555422247
0.5223538369833731,3.419226124649406
0.5285445249328671,3.382528735836865
0.5227129093842908,3.409542556710775
0.5117987141047164,3.514873546139941
0.5195889220688263,3.446872343824328
0.5303463786518061,3.3394399781241844
0.5267211918465522,3.404688642430118
0.5225196045803288,3.410852620778744
0.5218483561359435,3.4210453000549843
0.5274649753114773,3.3862662786099604
0.5116941134310112,3.488143583180875
0.5176843043829342,3.4571277400016496
0.5143382518612787,3.468516686365491
0.5238946713418049,3.397292285242208
0.5232755080453719,3.4171929100432674
0.511689735218292,3.502403055916718
0.5212103963062461,3.4390955068798843
0.5256763786133405,3.4082122260353858
0.5157802620009271,3.4625077799125004
0.516881140305971,3.4632329617096373
0.5081904254477358,3.529088456899776
0.5210119403911768,3.4176000089006524
0.5251423411664035,3.396876378421864
0.5290926992243625,3.3755688929621512
0.5243546904229399,3.408297658446378
0.5233041837886905,3.4135069277334216
0.5187667643776994,3.435336957508864
0.520978098306301,3.428900967785739
0.522485622177238,3.4285412003942213
0.5199580127993182,3.4297836108444
0.5191899619062148,3.4465558573678545
0.5126592790764168,3.485006910197518
0.5174625321497801,3.448748493097907
0.516026404985823,3.4685461230335255
0.5219222072061567,3.420148928436154
0.5242267640770103,3.41430074525879
0.5218861617052137,3.4318576917714667
0.5362634573233378,3.3278458671331475
0.5276182075991984,3.3918967650956757
0.5189262778700876,3.4418431284024793
0.5149447053672165,3.4816184287216685
0.5235021577055321,3.408229407452004
0.520423804292725,3.4276306262149285
0.5228662071282149,3.4152846414718256
0.5226467525366243,3.4208340047930617
0.5312027912660593,3.3730468310918473
0.5239413069043177,3.3974157145860997
0.5163421118283011,3.46994250708233
0.5090616796334775,3.526708994488759
0.5228060990817094,3.420521574146692
0.5196310771076275,3.431444255710142
0.5275897831464798,3.377913928080372
0.5249784832107278,3.4020512568218275
0.5234502132995464,3.4033513291972097
0.5124116587979667,3.4884919198234585
0.5159751386371636,3.4581109544758704
0.5278385227122336,3.3877541228457146
0.5164659844833577,3.4524627467257405
0.5226788943769751,3.425945059613113
0.5199632400308563,3.431305281530209
0.5172826042207119,3.4533384695326665
0.5215709796194539,3.4258797887265016
0.5198063525211878,3.442507044387522
0.5184978652419192,3.4413495390403597
0.5286435581301718,3.374861527437962
0.520069989643527,3.427247721492995
0.5252044697197538,3.3984142482177995
0.5232566150752498,3.412796771970319
0.5223647122773591,3.4209818001961176
0.5191692566169698,3.437874427893747
0.5278331188062293,3.3633814318879436
0.5227837616761812,3.415110887184909
0.5195260040042393,3.452513251025708
0.5258811710852058,3.397447520544241
0.5313150856080904,3.3575550196166617
0.5181245085054462,3.443156213196556
0.5206207596386165,3.4099317824558915
0.5138851092761718,3.4829730741868636
0.520569065225637,3.4320371021231364
0.5226342933674668,3.4174610648483643
0.5216181819178913,3.42419841177459
0.5291714008715245,3.3776281356745343
0.5193641404726608,3.4234955574448254
0.5283765145026497,3.3821547778829126
0.5093964826386777,3.491728485488867
0.5186662198714149,3.448864047417689
0.5204077208775213,3.4291605054532677
0.5161740235659458,3.449961235903783
0.5230626067842539,3.4125042567779134
0.5209164131170287,3.4379894315493384
0.5180877409973634,3.445684466090754
0.5093749584125258,3.5124481503699667
0.5168669779530204,3.461587758902639
0.5228451478359528,3.408624273115433
0.516716994439387,3.4554313846041698
0.5274234525651285,3.3696371196802226
0.5156014897734209,3.477229254508621
0.5207231810524231,3.4373959413355113
0.5293713853330291,3.3594354945460245
0.5211588003199472,3.424434921042748
0.5163566070278993,3.4748619514214423
0.5254471446771284,3.395998416352641
0.524839029558517,3.4145633813771874
0.5137047164193813,3.4814128862520617
0.5243667489641128,3.4275347191116703
0.5163712264390805,3.4589428468919827
0.5219898538851939,3.4204933008162617
0.5257840015213193,3.4152405987709624
0.5199300413716769,3.432787260143529
0.5191539611077307,3.4489490627121606
0.5149010302927242,3.4708317197039484
0.5175823965893082,3.456299671681137
0.5189197095018553,3.4313038991576734
0.5243389337967814,3.404424744975773
0.5172540605777844,3.449503043634489
0.5092853928253032,3.5104696014422436
0.5252251348871384,3.3938550631122695
0.5137242374578626,3.4777206982981808
0.5169720843397847,3.462182984555839
0.5167141831281208,3.4668284931811386
0.516947013615173,3.455569655655518
0.513894959310558,3.486160585928403
0.5183241878957056,3.4427487305567666
0.5252095786277877,3.3946566336059485
0.5282514113005955,3.38364469806908
0.5207659359572006,3.44054004190719
0.5260037987737884,3.3940025350647702
0.5206244855622397,3.4343464306389486
0.5216953249277602,3.413376258449644
0.5256484289400303,3.393697883331109
0.5143130683510877,3.4738908192301476
0.519982489763934,3.43385896242115
0.51787617995278,3.4487819866254754
0.5186321343294202,3.4272055208892582
0.513781803852536,3.4789501436040937
0.518930919268193,3.4329197013118256
0.5244586954689375,3.4128100013127303
0.5191471217321303,3.43504420122297
0.512426100522658,3.4856483727307315
0.5172914363812791,3.457061156720163
0.5151365439220508,3.4693627523517647
0.5111638541131661,3.489507701687227
0.5260983278107962,3.397836691909883
0.5254144927303515,3.392585934233352
0.5157965345420126,3.4566097745432156
0.5229405189268908,3.4106817156458353
0.5161119035145814,3.4625201005525015
0.5098185612764105,3.526160968568979
0.5103777727308072,3.4926880430646166
0.5209083413314135,3.430412126553945
0.5123180299887062,3.488143007737456
0.5207161125061439,3.4305381678691678
0.5133781558675896,3.4850662904520213
0.5218564772483953,3.4192312373972307
0.5207712817503474,3.4266106379042616
0.5340104040967641,3.345824619185184
0.521630041287362,3.433670486871162
0.5255456333943723,3.3945329916641476
0.5196725807991986,3.4419116254964277
0.5151310755182883,3.4726813092498596
0.5194487953498164,3.4396897460940337
0.5135871769508098,3.4892751235103883
0.5162166341278858,3.458851355194098
0.5240331785202674,3.39835794839098
0.5161279754067989,3.4637937444510936
0.5239321795565633,3.4112428397587182
0.5258032229322475,3.396788366384911
0.5141716601418738,3.482233132951
0.5270120219367294,3.370967713437633
0.5205366862733782,3.433837587114811
0.5216676462538048,3.4168952801060533
0.5260397770260274,3.400940928483034
0.5202425960305465,3.432284395389703
0.5148213499048127,3.46562977232768
0.517559823196303,3.4472557311497045
0.5191893193929535,3.4519275749543064
0.5213743408240079,3.429248009964365
0.5225932717712201,3.421891313441056
0.5176945268162285,3.442349348992633
0.5229254761540433,3.410151309091972
0.5170295272997936,3.4570673054325196
0.523790640695148,3.4035437477751436
0.5094169516658498,3.509172476240161
0.523272698272427,3.4181148828895647
0.5230616079650461,3.4286590978439286
0.5220228578780872,3.4130060382821403
0.5203604268131956,3.4285457380732383
0.5167573666444586,3.46164429651037
0.5239648155400212,3.4096554384034232
0.5175385744997407,3.4545068744855607
0.5279518751285923,3.3888059294593083
0.5146262067159134,3.4785764433808604
0.5278342947022199,3.3797756618463355
0.517140442857084,3.4641375543296213
0.5174249839468401,3.461467901689139
0.5229538974060695,3.409989714547104
0.5255385307552425,3.405075744284186
0.5200027770772078,3.424354543955654
0.5112007284361773,3.496087393541161
0.5238879185527924,3.4114401406314703
0.526259873386163,3.402784877122035
0.5170148870696675,3.4602126075568216
0.5292848927421347,3.3670765071472983
0.519805802920783,3.4527475661872455
0.5154533036479522,3.458268548202518
0.5239303624275443,3.4189336739813374
0.516413143600742,3.4557407112416767
0.5241904688600802,3.405042733737676
0.5210796748164009,3.421754183205863
0.5248314367103122,3.4013967704625134
0.525424243363582,3.4048523925895084
0.5334358507302643,3.3400867301881165
0.5283126513427054,3.366701761932717
0.5272729957966238,3.3724889040797112
0.5176498303649371,3.431802612406719
0.5067056099365099,3.5302596957168917
0.5180554050024273,3.4556379970062365
0.5265319726221891,3.398672840399181
0.5228149457686975,3.415256280138022
0.5091845546196379,3.5052984010962507
0.5180403552758823,3.4490056652742718
0.5153768046851326,3.476059474202842
0.5167025038756132,3.4592597005946146
0.5190221149247636,3.4460684888130078
0.5296735845655114,3.378081043776707
0.5187764288983039,3.431749622096296
0.5234927897156574,3.415638635052469
0.52066165217568,3.4248263134145374
0.5171596349679535,3.460324946143344
0.5214992844690629,3.429208232290311
0.5095830285836571,3.5066078992524545
0.5146581226398677,3.471370515815314
0.5174020730490103,3.441145933086673
0.51995673711023,3.4281041233586054
0.5182097666497708,3.445261797102595
0.5185652200524444,3.4496392415182813
0.5211952604392521,3.4226599221904603
0.5230792955358992,3.4212326596317473
0.5200461846550606,3.424419188793764
0.5165060666464135,3.466358335168273
0.5241375621384197,3.395100230105639
0.5203846857431444,3.4342501842261046
0.5361197239136368,3.332537667794316
0.5158114547360304,3.4535223005298024
0.5202405937476235,3.439197716061724
0.5221696977039159,3.4291254649358756
0.513003615810034,3.4768925187371904
0.5133461932786375,3.4926301795178354
0.523700940942688,3.402636355973556
0.5173612072051803,3.44517827999721
0.5131637075019421,3.4949148111949078
0.5189347422225699,3.4341022907688354
0.5109010961235023,3.5134690301453224
0.5185499239567937,3.4430784513478345
0.5158244959091436,3.456498491138824
0.5210890459727706,3.426754875527002
0.5263394369148422,3.3817772666608175
0.5198710831370466,3.435492599797175
0.5192304203908709,3.4415818407656436
0.5261707042840922,3.409153776588702
0.5124787160989461,3.50039914703815
0.5196000775251743,3.4450322868238845
0.5210482444604287,3.422063515892696
0.5148500546580796,3.4823185299373716
0.5249596784307838,3.4013372843419187
0.524597534694937,3.4075464009488177
0.5239286234016769,3.4149037088359684
0.5104112470743379,3.4899762530599494
0.5249621593077884,3.426695303741281
0.5234325660303236,3.4173939114695813
0.5263568366961411,3.4003177581265724
0.5124652713078923,3.509251994018608
0.5190072465946975,3.450482267381791
0.5190664104616332,3.44625749914827
0.5191653809022907,3.422602573768647
0.5312092025424937,3.3623918846859864
0.5223371967668353,3.4228749820641253
0.5261665664126332,3.379603015313437
0.5154373365864922,3.446783418894947
0.5214959811023182,3.4110325556938488
0.5237836022747191,3.4201838864788625
0.5182493963154586,3.437261793997214
0.5164380654360434,3.4444025886049485
0.5254345728778733,3.3943082502255724
0.5192036413239636,3.439442999048484
0.5248361633429199,3.4177816936636485
0.5208827923657537,3.4307060717998517
0.5188118973969643,3.442440317331369
0.5163733444650246,3.4678956137161974
0.5171225436775706,3.4652703697769454
0.5206409254632971,3.435025076917292
0.5169408416692141,3.4605932142154794
0.523274352915543,3.4174013791160647
0.5157430510172187,3.466825208493668
0.518899507393274,3.4452082449518966
0.5231713799931654,3.4184718145656765
0.5210360027825822,3.428582124320045
0.5190694153800484,3.4474626652662517
0.5214615353379024,3.428966223481906
0.5353056360345672,3.326352555660759
0.5094267507361792,3.508186679627176
0.5214163141268737,3.4298421758344113
0.5305332998084574,3.3733144372400874
0.5230669454167504,3.4180915757772508
0.5179243024910052,3.4521819623836714
0.5220102506486279,3.42368302264881
0.5229331639605674,3.4127702854435102
0.5276769869572655,3.3847087177191395
0.5303309731073041,3.359314072661245
0.5168605274352656,3.4646145158122708
0.5151949031444587,3.467761037878872
0.5226703973068136,3.4125240987588947
0.5119428344518,3.482702244176633
0.5151543319406386,3.466056636822945
0.519778229977159,3.437913025850986
0.5193352743312287,3.4363831927655903
0.5200556339720421,3.4226144989948413
0.514857749297132,3.4709475598731827
0.5146045416601042,3.4937681221073285
0.5225079424955212,3.4255606080875607
0.5270981652544758,3.4009949356536056
0.5252157458433131,3.3970711685345423
0.5157011853224953,3.4713309522645877
0.5230971550971608,3.4144751508671214
0.5193202041694303,3.454460999471368
0.529521888324666,3.373755004694648
0.5257940216481047,3.3969167901948016
0.5194669359190043,3.4291225331663653
0.519322359996375,3.4476036182351
0.518555889093854,3.460799084736
0.5172535951995949,3.441858928744285
0.5136960325286697,3.4965219088552737
0.5211822951851617,3.428420574064666
0.5248012378458978,3.422310730732126
0.5121951337129884,3.485306640464819
0.5140694755518156,3.4654825686253266
0.522014252101372,3.4171429707021166
0.5160264979371024,3.465843396585669
0.5216559059107306,3.4232372679507113
0.5157820482491173,3.4633413096143455
0.5181710599811141,3.4466044711410304
0.5216172364990721,3.4348636412446507
0.5082411819143742,3.537190994374276
0.5166678184045168,3.4764236242596125
0.5230566763098125,3.414282937927281
0.5135911115042113,3.4818344361466713
0.5207668805515168,3.4298522140566607
0.5216718593049412,3.4081039071717965
0.516001948801056,3.4637393617995698
0.5077331134239691,3.52068019186817
0.514116717072716,3.477895072826751
0.5158211917145546,3.4712248799798275
0.5265249885479428,3.3891386747603893
0.5201871976141972,3.441059846548252
0.5122624828305349,3.491549366711432
0.5264714507388073,3.4041944033951137
0.5186816732183268,3.450449833278573
0.5201400803469498,3.4243420485624116
0.5093128487476122,3.525231694009364
0.5216471267193614,3.423663974516125
0.5271017584105955,3.3904968025276276
0.5176006357119645,3.451183694623265
0.5169489365414535,3.4397805450824808
0.5123505824184493,3.488425276303904
0.5141686712175311,3.48516786624716
0.5184013980248856,3.450877328208598
0.5226983588690429,3.4155918934649065
0.5235872126287302,3.4250325014440572
0.5163630333409949,3.463949165771163
0.5181752421704766,3.4281664018181774
0.5230448050621241,3.4040586607589343
0.5217270981806925,3.4345461918433435
0.5158684634922936,3.4683745943385555
0.5194391550735726,3.439913593865253
0.5153095689750903,3.4731591618858864
0.510121238168277,3.508083552711968
0.5200208659225652,3.415216277395207
0.5186428331833033,3.4429219142217113
0.5278935510767305,3.39039080620675
0.5165893261764803,3.463715537612429
0.5194665834703709,3.439265782104029
0.5256860586903966,3.406021447103608
0.5144913577583349,3.473476313907407
0.5177142580853953,3.4474825821139348
0.5244810751812725,3.414899164883146
0.5220432657173832,3.4117022866737394
0.5176282795794176,3.4395362234151743
0.5133110090005573,3.4844458176872166
0.5300742908329463,3.364063499415357
0.5199234038519394,3.4325860132810257
0.5196432076529007,3.438401667318253
0.5193190847996745,3.4359406731930178
0.5208668829977854,3.422965809393805
0.5141154391276599,3.4781781884473233
0.527454573575904,3.3887053327454826
0.5261154627010161,3.3913791583471116
0.513442784802206,3.4740550859513544
0.5257596166600762,3.410128571611238
0.518247750222332,3.4352398866728495
0.5183468729542986,3.4388818780046058
0.5211395998536856,3.436593554194128
0.5179809039794208,3.449414321154054
0.5242509928572217,3.399422677819611
0.519026839683383,3.4466674660587393
0.5293644769793056,3.383051634869016
0.5245387093647171,3.411100062257402
0.5187237361909687,3.44701596269173
0.5261442806296701,3.3926472940780705
0.5123388983728433,3.491588196936689
0.5113723227571456,3.4980289566182603
0.5223104981464706,3.4115364289149688
0.525292935596772,3.399147336672394
0.5203617030376803,3.4423946345511567
0.5195623506286307,3.433862520281609
0.5213523785253996,3.4302384587126573
0.5092531724666853,3.5189697848722328
0.5125230123426694,3.4967747420589634
0.5259993224480183,3.4070129199729995
0.5314695793282852,3.361277689844254
0.5223688763196832,3.4249123053740096
0.5085484688661686,3.521583662115111
0.5223070361116997,3.425564915773883
0.5230957400547673,3.4030791777376477
0.5166865459157479,3.4475967803811183
0.5091228382128856,3.5094802427745955
0.5181373547010459,3.451197273787721
0.5253358079605823,3.4131820458918685
0.5235877383239821,3.4091335664156244
0.5219656693267016,3.4246001852823467
0.511795620201257,3.491480003611522
0.5172712900772373,3.4536434204649056
0.5150526540094752,3.4733747436326197
0.5247172693511539,3.40813633803512
0.5118528951885564,3.492320767216362
0.5086418978506918,3.504318466451416
0.5235322815877308,3.4160671449655853
0.5100955920676713,3.5113227002284866
0.522489609954122,3.4238836407295588
0.517690398512345,3.4556543855142903
0.5201482961376169,3.435499408811257
0.5174365275300901,3.4530073702059343
0.5210499524930241,3.426937598288651
0.5229514318408512,3.385538059404386
0.5177219665343467,3.444562210938813
0.5099623474643438,3.5105846983175604
0.5255986491957201,3.3925828454060283
0.5306881263387082,3.3589474749021573
0.5158911915810256,3.4768342789760895
0.5168282238396205,3.4562983625803914
0.5215751247286838,3.439013640327234
0.5218596986935138,3.4167718920214423
0.5349886714565137,3.3349673748231647
0.5198550504430798,3.432307452354141
0.5154620252712165,3.477290110723732
0.5202134440320823,3.4243279209542963
0.5260901413560984,3.392222728234763
0.517705846119294,3.4557331711526014
0.5172730895752695,3.4338248523651016
0.5208899296056929,3.429448400917375
0.5317291925459564,3.341088624227159
0.5220678419513436,3.4219163670668635
0.5147966581573633,3.466703334937795
0.5147083345188181,3.4714571112366777
0.5290675426826859,3.3694884231602393
0.5233119785706182,3.4082573064901593
0.5218702515980207,3.4376039174966535
0.5169313718961432,3.445547576668993
0.5265687363421998,3.3917717707105046
0.5301521618258609,3.3789132287729187
0.525094561339507,3.396378859727277
0.5177958881080681,3.4508880369896824
0.5180457685952984,3.444264371683965
0.5241958956131884,3.4067452804544716
0.5124560133476009,3.49756673941784
0.5102447504245919,3.5121108359361988
0.5179570996808337,3.4478475217964837
0.5209297693442303,3.4325894566562885
0.5202083399295503,3.449848391792103
0.5212563297772272,3.421865500845934
0.5206686061545114,3.435077252393017
0.5165938526031415,3.467084795963909
0.5189050499801188,3.4410335766567104
0.5309388387546075,3.356195430165162
0.5173613002916154,3.448101349899188
0.519651657653657,3.4492097446480314
0.5177031766551636,3.458629986899329
0.5161640452345906,3.4528422185477488
0.5291712491243179,3.380238783148645
0.524354502904635,3.403749841341665
0.5180544320416693,3.4439224430904787
0.5260398552863376,3.4017066155484357
0.5313363137433773,3.364102390090747
0.5241398899971105,3.4116069452876974
0.5212672656473377,3.4276564067310122
0.5258784897763764,3.391328395933196
0.5219628736424509,3.4320758187669056
0.5173547222065447,3.4670209538006813
0.5201418023376656,3.4324230504238815
0.5180159698507978,3.4577407256478985
0.5228682147796617,3.425807339234743
0.5225529901994057,3.410345229169608
0.520965608335823,3.4334528307523735
0.5205521699191626,3.443887901105279
0.5234209921709685,3.415479756084113
0.5241536489486032,3.4120110826346486
0.5235967948990566,3.4042479981137546
0.5236477734823506,3.4105539776836
0.5149090554541055,3.46986253304397
0.5212978358444558,3.42559098726969
0.514166393457795,3.464209979609116
0.5219789411403455,3.424680287861444
0.5238024790955773,3.417756901190742
0.5259770350137849,3.403396108360798
0.5161390379085131,3.458713923703604
0.5197365454254945,3.4264267532932795
0.5197312883236934,3.428589226879504
0.5313429721934333,3.369003145318306
0.521798134544935,3.4206501286110855
0.5177635725663962,3.455012827908728
0.52507222036502,3.4038812942974888
0.5261980209077295,3.3908654852833573
0.5257613379256549,3.395527015797476
0.5263872061117085,3.396369803604828
0.5183079535577445,3.437693066887787
0.5150472892830518,3.4837289461705203
0.5157138945313555,3.472676100387533
0.514888394419281,3.4733066981129097
0.5091822182688298,3.5242103797048756
0.517976567412018,3.4549022034540156
0.5183321291569147,3.4631516891795573
0.5166422805651336,3.4558326165535083
0.5168217012351666,3.4696050985052858
0.5247920454775502,3.4097002619761
0.5200032438149205,3.4445825895005435
0.5203385963729094,3.4164596846999484
0.5185926645841548,3.4533637718966346
0.5112247643649128,3.5046844643508877
0.527713262575636,3.380416954992767
0.522048431404936,3.4165312502166962
0.5273240354622979,3.370595311218516
0.5312921435223668,3.357269019180487
0.5099768915414774,3.518533935537574
0.5230569572262304,3.4171570344746356
0.5265479296832638,3.3945679394519126
0.5166060678659891,3.44209047887603
0.5199589566029058,3.4309671562626773
0.5243541278681287,3.3980831578865955
0.5128188138179828,3.4911215769107584
0.5164958986927324,3.452141978420014
0.5035224529440979,3.5335528844814723
0.5201493749840278,3.4526058492802463
0.5179787615677109,3.4594411458248646
0.5293132256803205,3.3792333834060972
0.5155565235169213,3.4626052627071164
0.5153555652965544,3.456490152171691
0.5166188413604562,3.4534546063714564
0.5204475978621474,3.44760719321918
0.517735852250372,3.4375927775525046
0.5211638782782353,3.4493891386640803
0.5242903892929289,3.408303842812522
0.518739449434789,3.43795281198313
0.522344718879488,3.4104143715528425
0.5241960414380473,3.4155136184671626
0.5205687953965565,3.4229056700686606
0.5238114699170315,3.407097812521556
0.5221568858996739,3.42155486834502
0.5217591218378209,3.4189540667378386
0.5163108492648625,3.4594651057657617
0.5273553259568424,3.3765036312217735
0.5276920572319654,3.384615067002655
0.5180386370969213,3.4353819344050542
0.5242211132084098,3.384937127683167
0.5171645157838499,3.4631253024852278
0.5227859563886292,3.404942390763383
0.519185360691806,3.4502760245262034
0.5160757531215193,3.4657461187912753
0.520750210153995,3.427727832660002
0.5329844380185045,3.3488501484254476
0.5292184068897128,3.372642818036839
0.5165592435750084,3.4598183456453384
0.5203815729293157,3.4373127381457476
0.5109147218960484,3.485736916873819
0.5271256156045885,3.392700946782986
0.5220457030454663,3.427060049109155
0.5144801710967539,3.4726521168451225
0.5180326855978198,3.4607928140620214
0.5238222308952106,3.4103051839310634
0.5254494650798194,3.399044024468622
0.5199749184327644,3.4313853474347775
0.5380664787112516,3.3178145730983126
0.5225974003735256,3.4243664202587545
0.5239485390710741,3.4204481652490215
0.5192972469884505,3.443475186329775
0.516483199242388,3.4523679931587234
0.5181349220880285,3.447606483896588
0.5230923689324125,3.4176906673253398
0.5093289496720546,3.518765806872063
0.5287168190144742,3.37449648033468
0.5173624587013689,3.4494217595416585
0.5147911299395077,3.4585428911590004
0.5255263228819609,3.410018891043732
0.5105963341514568,3.4991106529572016
0.5306177313145836,3.3685085178726126
0.5181387625140199,3.4447418250285486
0.5183332370044309,3.442223465131249
0.5164568399200158,3.4550458254824403
0.5176645013245222,3.452618554061299
0.5296397718577461,3.3650287948825066
0.5209296188066401,3.4317278675736076
0.5121872154704096,3.495570559723615
0.521942935135367,3.418077816246809
0.513242394955626,3.493637191014027
0.5184442872293007,3.4256025871913716
0.524780596821012,3.4025449794317213
0.5219902176454346,3.403040688157119
0.5254439743375849,3.400715700479033
0.5234281633684994,3.4037334136466897
0.5167598783379208,3.4608688611532763
0.5211482706502077,3.42316274788144
0.5162996710399976,3.4524229578055006
0.511181037966405,3.5091513220889285
0.5159826156604761,3.4630497095035544
0.5071354436989268,3.5347444617954134
0.5181850144877105,3.4538258776422373
0.5228802295656764,3.4166129774447502
0.5151993916783029,3.482855548685927
0.528383646663378,3.382713653999866
0.5148432780668245,3.476283065195585
0.5336362328881993,3.336575190816984
0.5137749014565005,3.489828793515083
0.5243861731515953,3.411465241944747
0.5134844212814733,3.4739518061407724
0.525619895910447,3.404216506202737
0.5164719362482089,3.4555982780224337
0.5290947241209356,3.3820171070365586
0.5197155379293322,3.4285558562779728
0.519700492863993,3.4290019667609117
0.5236945278012011,3.406469947926669
0.5201590327880061,3.4342223671322523
0.5164545460438752,3.4612985020828084
0.510522998552899,3.514125255128241
0.5254765802830081,3.3963553695994277
0.5203384407394149,3.429567999425946
0.5255961928657265,3.4077583276060204
0.5234324463359532,3.4153639761698913
0.5226233527231505,3.411804944062433
0.5210512711585362,3.441132882642614
0.5101845155559872,3.5165800858061407
0.5272204699660115,3.393153362402681
0.5085665210160446,3.5375158283155628
0.5089937741704691,3.505743654508267
0.5225442446290485,3.414378706235982
0.5193329215460889,3.4394275798329623
0.5194340861932556,3.4320301884920856
0.5215476624079084,3.4147626814090137
0.5117302807853494,3.5000090672289987
0.518131454331462,3.445328419754704
0.5157108591720277,3.457580598308464
0.5254900130003393,3.390486931241794
0.5157166098443962,3.4719614299291277
0.5198685734738401,3.454872222653889
0.5204180557380707,3.427597097805875
0.5175141711679645,3.4385805843155315
0.5167967689799624,3.456979659052872
0.5250555301071436,3.4042566046601266
0.5234500207443646,3.413210554606782
0.5217296230450443,3.409426684099354
0.5270124919328072,3.3897839073852967
0.5180951005940782,3.4558113614114365
0.522309245366726,3.432137901946428
0.5252410615281846,3.4100888934663867
0.5198865560818129,3.436432623341342
0.5185226463637381,3.444289509266865
0.5199437210298988,3.4447456798963856
0.514121004385685,3.479245179767266
0.5118762194908366,3.498049338338024
0.5157843507591953,3.4661823668270415
0.513678582595851,3.4618163110665607
0.5251388225022711,3.4100956697931575
0.5195099356299909,3.4359127548500243
0.529984501665879,3.3671737860017554
0.5197369912954183,3.4396256311242728
0.5234607934827635,3.406097306083545
0.5144750881714961,3.4902747071543168
0.5165423477338311,3.465805535805594
0.5264382656601506,3.383803642621316
0.5234725759720839,3.398334804164063
0.5151138966923855,3.471842058684514
0.5185287563101855,3.454707163168861
0.5248826282896604,3.4227047835834745
0.5143507253329327,3.479992053502912
0.5225895435644652,3.3916455022917127
0.5146997130141853,3.474834541530951
0.5249689713264684,3.412262240675486
0.526942929559918,3.3846806915448115
0.5211534264358302,3.431495180751418
0.5162143511843176,3.47121000499597
0.5209307192888717,3.417706895742476
0.5229226153480389,3.4092231416921965
0.5163098988004988,3.4621070169641834
0.5264227747774346,3.398934635943511
0.5147389435933643,3.466562645471581
0.5258160234934004,3.4010642394003847
0.5157560808828763,3.4640270650368645
0.5320882838236296,3.3608288204193473
0.5087855638923497,3.506478828363304
0.5281491884851662,3.3802969350103886
0.5114518138690484,3.4872110528527402
0.5317644373078905,3.3589479147681756
0.5312316029790249,3.371258646149964
0.5173496645596819,3.4566810152523075
0.5142409853914895,3.4812926104276913
0.5184840614149056,3.44618424730418
0.5268415890050364,3.3650503685151785
0.5252012271402215,3.4086255884939627
0.528512629759534,3.3922712253171143
0.5115120355688451,3.4824353446528424
0.5072503647294154,3.5119554776672723
0.5178228858445085,3.446468417046212
0.5226169828691902,3.4228941374157484
0.5111968149577812,3.5085759871650684
0.5179047841043851,3.449199240835144
0.5249157376704096,3.3988839036522394
0.5176080328489545,3.450146328008102
0.528315929636358,3.369147097218794
0.5131356131667266,3.4806655340776973
0.5202846345583259,3.427169800173363
0.5312097529808437,3.3574243113315885
0.5154994311516501,3.4649585087845383
0.5158947645171761,3.4546188774328783
0.510577427433655,3.4934759422008144
0.5275825151770862,3.3959329710370123
0.5156768101571327,3.4582333494358366
0.5155053353116795,3.4800151220179405
0.5294085289469053,3.3772549475705573
0.5260941850079919,3.3929204660850396
0.5195300159566856,3.4289099315465017
0.5177046045071185,3.46049987473579
0.5269763237329141,3.401763205959464
0.5271445011892295,3.381566577918837
0.5174804172137202,3.458346209135114
0.5262389110766258,3.396831786797253
0.5254578915746524,3.40506422828323
0.5255496853622714,3.396899092553524
0.5197065378204466,3.4329997278889497
0.5171837600993374,3.4680766866415667
0.5231279483712266,3.407599583948342
0.5179453116027638,3.4327832237765517
0.5239285192684862,3.4059602972508762
0.5157071424193389,3.4608875596950055
0.5051607553087614,3.5563604030914604
0.5117391301474254,3.488556492969607
0.5210377471343992,3.4190219312934693
0.5191223035028336,3.4344454198457766
0.5186285093822706,3.443973987646955
0.5037454006877944,3.564258127315165
0.5169208167288349,3.4545955549773777
0.5191053715218746,3.4454085107352594
0.5303001678957997,3.38810735737958
0.52739123018954,3.391116232935366
0.5168076018171288,3.4608442624937084
0.5238923284260999,3.403324987202857
0.5243437675391793,3.4157444377424064
0.5239702983633359,3.416317681623758
0.518891478469931,3.431077763324317
0.522416080418743,3.422271949957634
0.5288327378948774,3.381979516262385
0.523443630014898,3.413494872601075
0.5171113348936662,3.460324062692473
0.5150371376575607,3.4683814815832656
0.520143731800805,3.4303510962453685
0.5165112539995771,3.463461843578704
0.5187274650847449,3.437936722144455
0.522243037431988,3.4312386745057153
0.5204325517077986,3.441754444230584
0.5239657944274801,3.4141773862222924
0.517631952385627,3.458999047930355
0.5144557465136486,3.467424397051814
0.5164176278278487,3.4532328558854752
0.5262718706745559,3.402550955679499
0.5242863943707594,3.404641998157554
0.517195859094919,3.4408496375525197
0.5233467228032309,3.407595611275058
0.5215790413016201,3.4283740159239486
0.5144587054714604,3.47947954338764
0.5254127094693941,3.3948321087221527
0.5131444974268804,3.4883363630875848
0.5271296318968639,3.391460074151108
0.5207687697429084,3.422578498464734
0.5132637281605916,3.4858152864251957
0.5140682801183507,3.4827919053729195
0.5258697573125577,3.388015092591879
0.5323118515957461,3.357998078223865
0.5205452167767848,3.408944264033134
0.5205593306702743,3.4289376968336813
0.5178641031375486,3.445902459245279
0.5223304336721251,3.4091109211168518
0.5174478333471864,3.4689674144731293
0.5208661978367297,3.4246954023400247
0.5187081060715577,3.423952017311955
0.5210645773202836,3.4251952387007187
0.5201080477324243,3.429047041141487
0.5176449469938862,3.450757148309193
0.524793223180007,3.408401675134552
0.5232732498198294,3.401500420571736
0.5364445037402503,3.3112797685930118
0.5262735145068462,3.3872670853931335
0.5238348297668718,3.411353408348185
0.5235003413495768,3.417463114286738
0.5118977248705807,3.5024086070406146
0.5095095861576846,3.5314316271476223
0.518228732362255,3.4560913044716255
0.5290808586252085,3.373860645175215
0.5271278143791012,3.389184311178207
0.5183666801195617,3.442405708239426
0.5190133285941925,3.4412740344206028
0.517882865215058,3.4514798656290604
0.5247571423255676,3.409220342421712
0.5217810412919692,3.4109463401164906
0.5237962735491415,3.4090438820221287
0.5189427507922348,3.449976598265468
0.5159505392509147,3.475393989277929
0.5128124438061064,3.4851569439494146
0.5246168069650463,3.401007328143192
0.5212381866807045,3.419295484635886
0.522254639224895,3.4027944287696026
0.5102656402339232,3.495949319977683
0.5258825326084777,3.395317514441387
0.5012644044192851,3.577172426139014
0.5231406270055436,3.4081646838668247
0.5242122333354251,3.417643779514891
0.5299026786845085,3.372329998489138
0.5202878093093908,3.432826777324813
0.5158382600740459,3.472703489949402
0.5274256101617159,3.3761049783037125
0.5180840456942597,3.431312447308792
0.5240914383061999,3.413226336841156
0.517505512742734,3.4471476740033635
0.5156996986354505,3.4301748376784653
0.5264482450829091,3.384883346564091
0.5177124266914694,3.4502669935741634
0.5212033605652875,3.431184904786522
0.5241978486264283,3.4105425792910786
0.5123893075131889,3.4965890826882187
0.5235693079243273,3.4124722800935605
0.5226488845469712,3.421405215682191
0.5215376219972887,3.414879165967737
0.5150677373156243,3.464118321127965
0.5221235759855953,3.4091416560658465
0.5285444098805466,3.3788765383803065
0.5256611076406263,3.4018001145775623
0.5158524271592313,3.46769440943537
0.5116988822138349,3.4901028173804876
0.5160105001288141,3.4641173223746917
0.5238077007383817,3.422912870968395
0.5179540258656283,3.451257897868464
0.5251451561063535,3.4092449760973955
0.5279423624315209,3.4046627630077926
0.5234795445675233,3.4035532181933843
0.5123898320880692,3.4855540244204173
0.5107140846319755,3.4996418003536376
0.5209374779381943,3.424013416946829
0.5222795377967105,3.4212593660559683
0.5221503111436935,3.427753416821537
0.5220250509080646,3.411990067411087
0.5207557946014503,3.4290529327173993
0.5228867519386121,3.4257910362418635
0.5192306380256988,3.4520353288153145
0.5270777137429914,3.3818013828226645
0.5187766464288448,3.4414081718600116
0.5137466124975373,3.4721014084001856
0.5114826794034071,3.483088306613067
0.5171381989779046,3.4490854330639733
0.5277324041817458,3.3777502823763412
0.522121517865765,3.4226420340835904
0.5164621096572348,3.471962345547265
0.5235197385349729,3.4123145318834056
0.5162276873743059,3.4703499313670934
0.5096947525309388,3.498299069166062
0.5119412204175114,3.4943231018063865
0.5132784825574559,3.482018876182574
0.5167874040536958,3.451327216564355
0.5105293413958892,3.5129663224703758
0.5142292658909284,3.4791401381943765
0.5212600269807712,3.4376958378300047
0.5204763211027432,3.432777409160041
0.5273996304815061,3.3876041193551667
0.5172948389574215,3.4619943239715654
0.5174917649431054,3.4584551714857947
0.525865542386073,3.4057696703445863
0.5234219705316272,3.4099536503504684
0.5221027039387265,3.418270708501616
0.5135279135750596,3.484505991171388
0.5258319487795591,3.3972360358226874
0.5191929361264916,3.438400083531401
0.5188179574226088,3.4385662728064683
0.5169650954836834,3.4483115802459543
0.5170180611676334,3.4577838909386136
0.5267989211044544,3.3943168820128715
0.5259369532626796,3.3918055155833287
0.5219932368606095,3.4119763375495373
0.5289258805281736,3.3718180651917513
0.5181515571466073,3.447402433246797
0.5350208064705547,3.3489786953331437
0.5254240087215971,3.3841344039873675
0.5190477283722283,3.4404526716849197
0.5198478949288647,3.434571526618826
0.5288365565600814,3.367222840329977
0.5267691454444832,3.3999496977371333
0.5250699946341806,3.4070390727588
0.5221147250612883,3.432369230133969
0.5356960453914329,3.333284715643153
0.5223156704281597,3.4244794164799544
0.5203056960108201,3.4382212626680304
0.5200747922028912,3.4244211588380584
0.5153550080015401,3.4754284802820004
0.5249122406273521,3.399139192051613
0.5079032020966839,3.5245781407217045
0.522423805884929,3.4183001110521722
0.5221602642497898,3.424387246123442
0.5144909247236658,3.4856702785322775
0.5139462307136667,3.493440315305243
0.5204279652715078,3.442309105203944
0.5178332443249913,3.441995274024527
0.525653826887021,3.405091285369934
0.5205087395430117,3.4440155300034343
0.5182685802427485,3.4431872618683395
0.5160680584372281,3.4656823061033735
0.5181502321279983,3.4502364646223556
0.5135532910782834,3.485713343171418
0.5247146744308728,3.408371479956456
0.5085260347795999,3.5200630034509586
0.5252632497557181,3.398151832075309
0.5223607353993289,3.422079713134103
0.525527277187253,3.4128231746601982
0.5253245096715103,3.4038025614806244
0.518781256016374,3.453464329668055
0.5114423098914797,3.492113838204835
0.5215885782740626,3.4246362396070493
0.5184390476416433,3.4504710488896553
0.5230612178015637,3.425500639015113
0.5165475352923141,3.463988115142037
0.5307779669828203,3.369419597153482
0.5129511126793449,3.494376097039191
0.5228624310900556,3.4063793695524995
0.5236559665231941,3.415977099745105
0.5200733400225821,3.443149470919944
0.5136785001884852,3.4888541118422993
0.522519147037195,3.4163897206333216
0.5249785249068524,3.4030386771049947
0.5231132409401538,3.414005999292277
0.5295728771615223,3.364560581193834
0.5217410993106281,3.4153601047644973
0.5155743198123888,3.4599582232501467
0.5212774434902097,3.423763774645516
0.5163203746253475,3.460394397626158
0.5252184045866464,3.4102415607774637
0.525040476789846,3.4120443150275412
0.5234967763051457,3.4023053256181717
0.5266055326671281,3.396863697606388
0.5127950217006005,3.4869686481996687
0.53935574551582,3.32688224082585
0.5129340892073577,3.4867855637310865
0.5122170995020157,3.4951045755927463
0.5171347866375227,3.4599624974738306
0.5247576373604776,3.3942205973261284
0.5267142848284772,3.3988610618702375
0.520026072751993,3.442145445402088
0.5233024406381218,3.4143342569979964
0.5128635492800866,3.482855376364616
0.5275388561514112,3.383313051909841
0.5287271806477944,3.3861457839442113
0.5216322126635637,3.4306532993148693
0.518651491783191,3.4518131761399533
0.5206892919418389,3.416128205618252
0.5119061955877584,3.4895048807027504
0.5200236560328315,3.4271809276353227
0.5188605444425458,3.4328003572057955
0.5258816510089148,3.4040377886047786
0.5072203602122485,3.5208203555141804
0.5298884050532069,3.3771844338321575
0.5192228342937331,3.4394082281277796
0.5167224517152205,3.4553380127189515
0.522069286714097,3.4228628869747824
0.51943599349884,3.4443750977290684
0.523149856444634,3.41243663254287
0.521565359336422,3.416508433249453
0.5211687953039394,3.427007541371238
0.513108168268392,3.4833400989557184
0.5149453655641414,3.466456461719225
0.5228719856384965,3.4162861668879465
0.5164514048894722,3.4598906628608534
0.5262452096403736,3.398595954628893
0.519775689448791,3.4328010346416864
0.5166009109796894,3.4548548430349197
0.5193490180293999,3.4432790500547408
0.5057751607769081,3.5512006376144436
0.5279075738568377,3.3916931548051457
0.5278844152007641,3.3945835895190912
0.5215321681184252,3.4147923840947545
0.5168319348190478,3.4506147341011877
0.5206999411947058,3.4368977196095285
0.5269631173734683,3.3860722403368944
0.5159088498704607,3.4596031713180055
0.5144480140918182,3.472704978208847
0.508668605482375,3.5060080482367835
0.5081640914507222,3.5096023729408454
0.515399117933636,3.4673186673826635
0.5320654730252735,3.342411211192293
0.5205769733267278,3.4252110597027268
0.5256077288014115,3.3908271631466893
0.5262498540074059,3.400808273420202
0.5165627777903312,3.4578170910670543
0.5195454419154957,3.443668672629487
0.5197662221514472,3.4442793068391198
0.5156976750931115,3.4933210432935913
0.5288217004584453,3.374910994841231
0.5306225254760036,3.363230649101635
0.5165143540254442,3.459255341946871
0.5129834314267809,3.492416831951895
0.5140360452434961,3.499560692369416
0.5208614328663927,3.4276775666516035
0.5237899378920907,3.4144433762182507
0.518802688304207,3.4566040252698538
0.5277969488754382,3.3818594010666945
0.5168802512759478,3.4513594616907084
0.5203995443794995,3.4082163394920384
0.5152405014973216,3.486026716439346
0.5154060328820074,3.4451480885665897
0.5212364679331745,3.420378299281582
0.5215665644221229,3.4344199732196494
0.5228459435976271,3.4260992321330583
0.5308610648528025,3.362452855599808
0.5184951831621519,3.442696131702283
0.518638089630004,3.422985302909754
0.513034341018882,3.4937440225070597
0.5240977185648854,3.387718899078922
0.5167275886124223,3.462584927376753
0.5180854741290233,3.4351233269275685
0.5260829254329333,3.408442141098469
0.5207291390154523,3.4304880496319092
0.5266061643077062,3.380953146346672
0.5232894165372046,3.4116291063392694
0.5226808132480186,3.414026412635125
0.5248515211406322,3.3945827262568766
0.5177105746074904,3.45649043677768
0.5215929572091336,3.4200044922207136
0.5197720186564481,3.4483978847107686
0.5192977652031268,3.410315965285501
0.5239219901387882,3.4056557980391378
0.515546851315154,3.471938167602576
0.5149129649096116,3.4694877966671047
0.5220665790849128,3.4204833518187616
0.5146770252408693,3.481955538207131
0.5222198082651669,3.4186403547514
0.5202398675320481,3.427859559737923
0.5278147906740633,3.3863378560188475
0.5224760713347192,3.3919044435442207
0.5148305192356437,3.4747530580620043
0.5204190414986215,3.432879702979043
0.5243871628626569,3.400947264154154
0.5169088867440655,3.452401045713505
0.5266727444802655,3.3898527673206167
0.5201544476530835,3.439465717787188
0.5189425953859692,3.4296301125619357
0.524843579040793,3.4106580776651887
0.5246390911425367,3.386527914344917
0.5235524705054142,3.402554669895972
0.5179275831930772,3.4633289569495975
0.5254857370388201,3.409708269260238
0.5224750107133443,3.419274977051132
0.5275756704775685,3.375329747317124
0.5298611411491599,3.366946035337248
0.515220101134366,3.482841418372169
0.5290224789703935,3.363032380648349
0.5171436070462001,3.4567923341609843
0.5220303879942689,3.4258136464626068
0.5121333527732312,3.502027222867687
0.5167185861414907,3.459021522954786
0.523585182718943,3.409226332863941
0.520652809277689,3.427737666192661
0.5269560730047329,3.3828658345928915
0.5204105743671182,3.431518908463715
0.5223983838171022,3.4191306134745134
0.5178022623593866,3.464059452344719
0.5221783048347809,3.4186583580538024
0.5216787425654696,3.4165020344282153
0.5193343933317065,3.438473843678549
0.5157829052364908,3.4589337887428164
0.5272001780146772,3.3869621122740656
0.5259548993464067,3.4009055383012337
0.5157506913277993,3.463277664000327
0.5206912121201114,3.4342431805058666
0.5234753602818789,3.422098581912163
0.5241972028296353,3.3957921113837144
0.526394079668977,3.400625586430575
0.5055188528596982,3.553010347096038
0.5242392950551453,3.399956338077589
0.5095045221067086,3.493202294918535
0.5203217465991001,3.442486595608393
0.5112357451054805,3.4962772913412588
0.5132962231684984,3.479486141411993
0.5240608915983456,3.4170290314576857
0.5183653237347525,3.4386655214845305
0.5184412428803484,3.4434194010083115
0.5253394315727463,3.3943493210645337
0.5190776012405955,3.438210092037901
0.5165543763007634,3.456337721238494
0.5250813057752055,3.398745907539186
0.5321509319180666,3.3482147065525325
0.520362512351643,3.427151517425346
0.5130439756780887,3.490666377063052
0.5148812771484886,3.479204103529781
0.5333775080347312,3.3497112787625882
0.5241651739062921,3.409203546857184
0.5167599816999386,3.4695341107433135
0.5213744498837087,3.4307622018119055
0.5186211456039911,3.446759167119459
0.5207436500263113,3.434321662692585
0.5149271278025938,3.476912237975229
0.523896212462645,3.413873147925595
0.5214750080997169,3.420735403853135
0.521894148031592,3.414478067534171
0.527211789037475,3.3952500238589294
0.522043884143342,3.4187053750182654
0.5267604473301931,3.390984876849252
0.5200988261056738,3.4369557524298666
0.5171767282772166,3.4529548674385167
0.5204994103093576,3.4523505433817308
0.5182096941832648,3.447201858097259
0.5169606085832832,3.4618808084700428
0.525542295878004,3.3776502229871257
0.5152366112559099,3.4614867181446574
0.5145349097462146,3.4844124842938546
0.5177409844303054,3.4517449254609733
0.5218814904877195,3.417156669545523
0.5151572519331838,3.4629193233816324
0.5208436708409028,3.4324527973651233
0.5298329878290537,3.364965783208106
0.5253601672206355,3.4019151988748866
0.5283716726080294,3.3742174810819674
0.5256747513678603,3.3996811956245536
0.521473507077373,3.4217723468872254
0.5068859485255555,3.5297926624700793
0.5137502490100468,3.4860164809658016
0.5114132951553517,3.4944888952978426
0.5272093080390392,3.396495923195094
0.5198034074962881,3.4354931931131083
0.5139719293532332,3.485412018988245
0.5180864471220673,3.4475670742086044
0.5207761916018498,3.434212426470064
0.5203665796833761,3.445220038246001
0.5087068967951103,3.5135564410311457
0.5250088071635366,3.4072068759310215
0.5192471784184955,3.4409759422650366
0.5255157421460704,3.4027145254902322
0.5162095167344307,3.452715987668425
0.5126413044341466,3.478387116388186
0.5234008735398046,3.411984071095991
0.5250743887631553,3.406762900415758
0.5201699147907127,3.446900482685006
0.5202897598152315,3.4448814539137858
0.5272475108337702,3.3933962709953227
0.5252513370790011,3.41777150148825
0.5182955916290453,3.4554515558321106
0.5267278744165241,3.374126616108082
0.513388432745554,3.4796490886611924
0.5161357222426564,3.4599492758957027
0.5258144064619139,3.4111145161548286
0.5231485817988908,3.4233294009791306
0.5193723185081539,3.443704883699598
0.5286209746693273,3.377255279664619
0.5204735711890589,3.4363638333964097
0.5157465923964215,3.4640458981409643
0.5174693592590218,3.452435576517807
0.5195798920504617,3.4292632615091376
0.5093618391555568,3.5201949938687243
0.5181930995009463,3.4385839500760893
0.5200657472298438,3.4210035850693186
0.5164082254414345,3.457336552175131
0.5163298071028923,3.460463537280177
0.5142401607953735,3.465007034147635
0.5204718589826052,3.4281275410266803
0.5312163005966635,3.363483784950105
0.5241357186031046,3.4174661463352725
0.5221450097912643,3.4199868456547238
0.5217004784006178,3.4311419687299547
0.5218438149928583,3.4160661628426987
0.5218757593134256,3.423067947903311
0.5213732138744782,3.4191326079396522
0.5174260389995593,3.440211292406809
0.5240599959364934,3.405449928162099
0.5201576116013154,3.432876428616729
0.5273053347377297,3.3938695120689304
0.5171675559660998,3.465806221064187
0.5249515582911743,3.397691025095182
0.5234166051718361,3.4095892822401415
0.5229993502015382,3.4274072612098383
0.5169320025221117,3.45448244374545
0.5261955214200871,3.40079457008805
0.5102826520606139,3.502361596290483
0.5233348325120664,3.401292761298812
0.5287655001962914,3.3781050725029362
0.5106337382564147,3.5258885378686253
0.5272622511907818,3.3788478509846973
0.5214109803742021,3.4258170816551
0.520350818868432,3.42747806105884
0.514328293826603,3.4868897300848554
0.5180316609087536,3.4474133276871233
0.514412652003324,3.4767825463063597
0.5249158731745529,3.3996784895308294
0.5173627586469874,3.4578851724561317
0.528480808736028,3.38304020918052
0.5132297208884555,3.498711676677899
0.5104832080442637,3.5106793304343893
0.5230457674498792,3.4185427007668814
0.5174967716426517,3.455598875510258
0.5223989764713908,3.4122527409297914
0.5241522324241821,3.411437171071234
0.5142135679803084,3.483494241271627
0.531607050625913,3.3524690253344853
0.5168523299674976,3.453187598140431
0.5222196835183719,3.4161091801448267
0.5242458158080239,3.406582426889958
0.5268353443050113,3.3765435273335638
0.5131564290371093,3.479228542674009
0.5228981063784266,3.4049927295071876
0.5229943824402461,3.385081048624551
0.5180777626773878,3.4473864037417643
0.5198225918000345,3.438945297411644
0.5265674261265054,3.4011458263099232
0.5251121592376427,3.3976391165692195
0.5198686875492977,3.427065570365403
0.5294127055231628,3.371437539677285
0.5180651243149121,3.450349977162588
0.5263789808661765,3.389323837620369
0.5172997411711726,3.4503551459663324
0.5196016222965968,3.4392134452276926
0.5186201616998585,3.448406711127366
0.5245135360123632,3.394776298588542
0.5251123260438018,3.409706449420937
0.5307700646996533,3.367338848047675
0.5087615358912009,3.5138769696554184
0.5131313821080503,3.4834881512607074
0.5283259528064144,3.3872614749862597
0.5233412225504053,3.4185362411742655
0.5291048905188336,3.386617408677925
0.5223932007065253,3.4226497968330976
0.5252861475052197,3.404831598389973
0.5225799917233325,3.4139703884566046
0.5186215184521412,3.440736981394644
0.5076869911523789,3.522909570105602
0.5220432968985147,3.428265796554874
0.524723032390374,3.4079909756901774
0.5285577298825999,3.376585139423721
0.5249034954659435,3.3924873717149877
0.523959983598748,3.4133748847862155
0.5121862591161348,3.5080731243476806
0.5167645089677211,3.471624816744139
0.5171683522059602,3.4656937837180917
0.5114138294121732,3.4939318662533463
0.5203730231190005,3.441390477135614
0.5086723024270041,3.5085296893892015
0.5157075037696264,3.479657408395224
0.5253172677781903,3.402476504827202
0.5169467448193458,3.446145424301161
0.5159886882052729,3.4665665296201738
0.5249223565475126,3.398533042052397
0.5179384292554745,3.452089974522047
0.5167605398550359,3.4552377024784295
0.5225430747458634,3.4112636813402992
0.5158334276203005,3.469774384019103
0.5115954034998662,3.4847691138429733
0.5219344028038782,3.42692788019543
0.5154311232361027,3.4861214825236084
0.5169092692455128,3.4658283492933353
0.5232195586213763,3.4104766543569736
0.5225203220915762,3.4053016575072173
0.5104317612811229,3.496362406002791
0.5184607828016656,3.4287603419141055
0.5282128589917665,3.3783425473010213
0.5081981323690947,3.5277637655658727
0.5234615012609155,3.4001212635084834
0.5174251391015765,3.4527807083715225
0.5102523737088324,3.477303124888515
0.5237538248840878,3.3957865116903205
0.5183060174660287,3.451950477995427
0.5169578585583481,3.4595806062946632
0.509602610214964,3.5094336990018156
0.5207252673732903,3.431090344761703
0.5314082165917239,3.3774763524328746
0.5260139149233436,3.375123805995062
0.5157427103021642,3.48124662561025
0.5234465235323343,3.4171705368848797
0.526989096825609,3.3933883657656674
0.52802189535138,3.3765802422237763
0.5240301375220593,3.411520824218808
0.5263964387134294,3.3927036461423388
0.521037939220951,3.4176645560536234
0.5285763112189268,3.3807868829867354
0.5232700133856243,3.4059667281285093
0.5094661121730977,3.5126044628496205
0.523808929364134,3.417653185091234
0.5291424489321708,3.376138201801552
0.520887214852978,3.4274401112190533
0.5181588033752851,3.4428653465383503
0.5195070433513767,3.432466993595442
0.5160546109704951,3.4645436786549837
0.5207210947360457,3.4312715969699825
0.5126964744894345,3.4793123601676252
0.5245262528539831,3.4054220569316422
0.5231573430700979,3.435824847761155
0.5202377718844573,3.4399990516843655
0.520568940689129,3.425892375359752
0.5158326428652809,3.454337285621176
0.5141191286837157,3.460954345260521
0.5230133432952588,3.4156458736147175
0.5271453995163389,3.385166555505854
0.5238063888176152,3.4035339421544855
0.5239695121256934,3.41520303678034
0.5197674872175221,3.4398056150521468
0.52644682019091,3.385964468727124
0.5300022693518935,3.379691760883201
0.5142124651171585,3.4721459614249963
0.5280845233021727,3.38528842330682
0.5222676966024464,3.4154553765416287
0.5250167088421527,3.401347361442141
0.527199598250333,3.391090561971737
0.526229914685044,3.3904002322643114
0.5292700253075138,3.3780680052346903
0.5181317855792956,3.45080057837657
0.5196361159308072,3.434731392261757
0.5248771561981834,3.403295125792063
0.5235734249372284,3.406853742855057
0.515058317957295,3.4640547440351703
0.5172798118689763,3.459783612370011
0.5186371160652488,3.447986110012248
0.5267172293113787,3.3775302395148783
0.5242236495851822,3.412514934436789
0.5176120573300222,3.4599524388108276
0.5265344259328149,3.400885610587659
0.5292962959552037,3.365317917629902
0.5194933699379142,3.4374361160839677
0.523435735334267,3.4186499321569936
0.5243221721391464,3.4064912016876963
0.5216270543542627,3.4276103682465693
0.5236021508084354,3.414269757769932
0.5192632734505103,3.4491156659186286
0.5168884179793589,3.4567377699966193
0.526231062712152,3.3891232775015685
0.518625847644241,3.4384773790094574
0.5171411046473757,3.4606448586059475
0.5200599074587617,3.435824960786854
0.520965328014136,3.4325476848437018
0.5153522524923587,3.459732097337546
0.5158742771201434,3.478847923374705
0.5224992961072723,3.418392476924556
0.5286778630864246,3.38074595601536
0.5082521033042342,3.514259536477513
0.5235237200265099,3.3957323261810366
0.5199654802816616,3.4370710300813436
0.5212951822698145,3.4239197703728506
0.5211032923798204,3.4054698603147093
0.5201878926682124,3.4338011054559434
0.518773404193118,3.440615244133639
0.5187554011825781,3.436930566097609
0.5328971742616319,3.3444234502230645
0.523572680646673,3.4149208468966066
0.5240799193920058,3.4013339346213223
0.5183309591885272,3.4540385172446473
0.5221143248745697,3.4293435801421728
0.518977303418773,3.4445596317431306
0.5159267873260798,3.480264468725095
0.5141485323133825,3.463494224564058
0.5216562955216342,3.4252557925143226
0.5160954394149193,3.4448787893931665
0.5136557148467071,3.4890949456783376
0.523812427832075,3.4014450079042846
0.5260707424797533,3.396203928487301
0.520489053823962,3.432517428885946
0.510685577070831,3.5080887669078984
0.5329650536721788,3.342588863529598
0.5102710884958596,3.498650806937565
0.5250324237724273,3.40570723990447
0.5228257532916842,3.40953676156729
0.5086004556160864,3.529776963669868
0.5170760860160493,3.444965189152578
0.5193029059080098,3.4562824826664795
0.515249592551327,3.4742560153431565
0.5348455995915311,3.3427419309197446
0.523662035870776,3.4094799026029454
0.5149236205832266,3.4793802879524875
0.5155954094947736,3.4766803733997413
0.5175942835322064,3.4604982787281493
0.5229916306752365,3.412445992783827
0.5165407563373112,3.4513477568101165
0.5113772541358637,3.499644804395939
0.5177659007379884,3.4545610835960825
0.5255683235754594,3.384899858200679
0.5175267710277496,3.4666335320025325
0.5244640871844033,3.4016153809182663
0.5296452946861769,3.3721732843017835
0.7535685441820983,3.276999155058594
0.5353249167666758,3.3277327469063778
0.512137980021288,3.4965340854413998
0.5262135345625834,3.39497191743623
0.518910830880998,3.4390008824818556
0.5289334923674076,3.3785216496281403
0.5236750856121382,3.389463454427233
0.5234515872078591,3.3991892595296034
0.5312745440707578,3.3563746666831835
0.5182191045235718,3.4423600260110483
0.5202237664359542,3.430307270296338
0.5130331778674033,3.4863779643792365
0.5192822396139465,3.430236484634379
0.5202462063750406,3.4417397204320817
0.5190771971268342,3.4499007527265757
0.5115305108413875,3.4894104080761035
0.525159090172248,3.406980278280643
0.5125077357476158,3.4843798983955496
0.519073083465782,3.4467293561532975
0.5207575903506797,3.4218517510954105
0.5218852004406266,3.418398458764786
0.521079171216644,3.4178887558392477
0.5137973395916455,3.478520693592306
0.5168671536889122,3.4619837734859806
0.5187201212496797,3.451929166226707
0.5227790290188533,3.414803659416973
0.5123187602194103,3.4942612848535286
0.5195155336135178,3.4387065909106
0.52313115833447,3.405426306088356
0.5148791522930788,3.4743656919348247
0.5227723409282186,3.397824480697639
0.5181971782664927,3.4481958494882483
0.5235433414629121,3.4079795876577803
0.5277308312440698,3.3809962378905456
0.5264288917698705,3.384320233495472
0.5266009493691546,3.4026092666521146
0.517808822916813,3.4540440907857426
0.5286381292701394,3.3661674410062865
0.5236807282330176,3.414580096685652
0.5208338089564941,3.4361970091161114
0.516229701765405,3.470500985690059
0.5226005046361659,3.4268156597514543
0.5257995977000449,3.3888418061261336
0.5265062497437462,3.3837961251439097
0.5183138239778982,3.4428168810738957
0.5244241735365077,3.4118503341639452
0.5207290248381162,3.4435021869285807
0.5160706095535448,3.4480523986314338
0.5249675797321458,3.388698107706755
0.5159393138074091,3.457892832068811
0.5245956330172354,3.4006182468259682
0.5134000896300996,3.465254012297539
0.5201077884053789,3.429162281452361
0.524753677087888,3.411366266745109
0.5271036281100177,3.386971860010756
0.5142837005149723,3.48748592512005
0.5175390814006698,3.461662800485892
0.5171893338904556,3.461467901689139
0.5225298941571175,3.4315138864106225
0.5196616940706628,3.4363407436342186
0.5217233888238404,3.4235524737568515
0.5286129623084468,3.380664602634085
0.5219178527855826,3.4241895754226137
0.5138633798282004,3.47474435135171
0.5282891545818562,3.3632172673904353
0.525874713002878,3.407812325990021
0.5250265130540908,3.4056072925765912
0.5261819961123859,3.396721341973473
0.5272136954928401,3.3863921094768785
0.5245853640187216,3.406435578697453
0.5132698852339892,3.4858874480662174
0.5191844176528673,3.439092338538477
0.5152676098259228,3.47742782302592
0.5191902209842658,3.44186031623366
0.5162903318515942,3.449885475956296
0.5154854863392817,3.459715172798336
0.5249082432767607,3.402386948595638
0.5264676509472097,3.393301994237059
0.5164173385222111,3.4666982510338844
0.5136604325591052,3.4754672115310594
0.5154818427634867,3.4725593899741503
0.5094268634876551,3.514489971166573
0.5166059438523511,3.4609050896877127
0.5188773270109905,3.43343312422102
0.5111057109494177,3.4917604042314903
0.525193615980696,3.401200116552665
0.5176667878630377,3.4548618972702463
0.5091193646871885,3.5327603402323193
0.5229928687084628,3.407888932727492
0.5199944588120323,3.429093300206709
0.5185837372562716,3.4487724778300897
0.5229648572811586,3.4225528764906965
0.5211346725910981,3.4319449687845816
0.5166074320171121,3.477049617126207
0.525655360222006,3.3821717446369863
0.5270615084458807,3.3808028992574384
0.5221525304437885,3.415776198961832
0.5114883923202882,3.477869727377274
0.5212926533316087,3.430560420987661
0.5237023724530416,3.401683387846012
0.524201640086834,3.3850850172402684
0.5206340443343824,3.4248544047732463
0.520522904791832,3.4435674937305722
0.530907094403148,3.3548219651162765
0.5174058794253337,3.459789481950799
0.522622593538416,3.422456859427892
0.5149309548134754,3.4656448471397923
0.519067280850815,3.439907566638596
0.5200438819815825,3.4336847738699423
0.5171721783031679,3.4683639348592634
0.5257174152486026,3.3913404675688548
0.5229959273853557,3.4191662050564546
0.524365113369609,3.404331046796995
0.5265956039534334,3.381122274099405
0.5285441954648911,3.378097265912382
0.5157656727181135,3.4734527245533187
0.5231124137511141,3.4100625443505357
0.5213782617875574,3.4303925538448814
0.5228979867478337,3.4058449913131237
0.5154752472061168,3.472641126839277
0.5203187481172566,3.4304122393653387
0.524137744409042,3.4139337406085666
0.5150179179732404,3.484780839388458
0.5269953111005672,3.38852640738867
0.5136852679190052,3.496067256207306
0.5212178942291912,3.4190780275200754
0.5177826430499246,3.441650246668788
0.514481800113407,3.4556651120708604
0.5223706334364213,3.4309005853499515
0.5276443911599484,3.3891858398165695
0.5173367154546845,3.464451981072387
0.5106663706783905,3.501133221810323
0.5274861134552824,3.388120554188602
0.5274745673584393,3.3960871279836065
0.5206307231433529,3.4288874940097798
0.5171897165081469,3.473643334296592
0.517735386630608,3.448025638957659
0.5135939336815896,3.4715794420370316
0.5221257536473551,3.442521687162524
0.5182916780875687,3.4478788199020354
0.5198154883778932,3.450933258594992
0.5153446774655168,3.459990849984324
0.5257204664611923,3.385190423523366
0.5167336867771584,3.46098786689412
0.5212341105019065,3.419272392544136
0.5183844996774691,3.4403045701084136
0.5206563900189094,3.4354628211462965
0.5269873526575091,3.3661555885966066
0.5147610863219467,3.4619827754690666
0.5266042171854868,3.398207151849555
0.5056110065190904,3.5550809063796134
0.5249287513613784,3.4217284562092027
0.5245959977222743,3.405928981882867
0.5200270166225015,3.432055529148212
0.5106380802774783,3.505642696733935
0.5202292026006679,3.424774409871439
0.5174258321263825,3.45211924435997
0.5180515649185138,3.4552449567888504
0.5198869397974242,3.4301919836328825
0.51556167449686,3.472337773285248
0.5282286582660665,3.3750525168623433
0.5215930143483918,3.4389125974882484
0.520692966232237,3.425583019389757
0.5191064388287625,3.4438916698168276
0.5090682881096722,3.5023641405185457
0.5164430044209316,3.4677999527978236
0.5184474558478636,3.4353079432664906
0.5231269234742686,3.4189683080474325
0.5202012232789139,3.4245132177176294
0.5156439496310341,3.4643461885579714
0.5156662591452014,3.4722673482750235
0.5290626767795465,3.385722761217278
0.5200105768127721,3.4450096089393747
0.5256468069537096,3.395884326850933
0.515951912750753,3.473157473020134
0.5134627222821475,3.4829933515475817
0.5294097274865868,3.3721745549963247
0.5282817093419654,3.3893865434089907
0.5214292513244556,3.4180616699443314
0.5185054662353852,3.453584537343958
0.5262137693825353,3.38522131348226
0.5295181353130183,3.368455771667195
0.5175192607459188,3.445163113370282
0.5323473662072058,3.3604537411547284
0.5218439760627924,3.425385631448059
0.520299273775304,3.436099315598619
0.5085917823982424,3.5088868789810026
0.5284045989648182,3.3847573340886674
0.5251455679222867,3.3894985334487053
0.5095673431037226,3.509622950659957
0.5187017153020834,3.4511258844624595
0.5234547409590313,3.3927533203854496
0.524723501355208,3.419816427070347
0.506337302408693,3.538771906818651
0.5118945072534169,3.5023037735170863
0.5141242817206063,3.483362676878494
0.5136654696204581,3.479099235535807
0.5132474914029759,3.48994066862524
0.5191832466277964,3.4436870897832637
0.5129607052531483,3.4648324608160164
0.5205645715434517,3.433437952026282
0.5210099001769302,3.4308906280547955
0.5106370332632788,3.506989412244252
0.5251716534083585,3.390058022816662
0.5231093911353351,3.4208689431782355
0.518434522566713,3.440372549280517
0.5259238329927667,3.4008831545207094
0.5156774295941349,3.469531537719697
0.5159848257316144,3.453292016108227
0.5197224332313486,3.4310465356469444
0.5243294174334105,3.3950190974908057
0.5117999167213474,3.5032369980546383
0.5201106824991714,3.4286352812070997
0.5222833480091671,3.4416657628046163
0.5234287982665339,3.4065775607254283
0.5205685567016634,3.4150711109056973
0.5196037683925865,3.4593247677258083
0.527372967096726,3.3828415982778086
0.5211806232666591,3.433624351083064
0.5184380846376024,3.4420339276055882
0.526861127426854,3.3789948908665806
0.5166526671765559,3.4608283575622063
0.5235773441825705,3.411053031580414
0.5262949732778279,3.39702417686285
0.5115713674694637,3.475215754072377
0.508150438632637,3.52558046585732
0.5226822381031635,3.4220339617895235
0.5348300759691753,3.355421985541095
0.5146438918125891,3.476532207556112
0.5263381530791815,3.3989141644192014
0.5204487496808635,3.426668940455832
0.5172625201598857,3.4472568375578962
0.5194051453727817,3.4394359825878134
0.5234732525326344,3.4015075949869815
0.5143777449143698,3.485339179200108
0.5207789423751797,3.4355836611090305
0.5205466696680758,3.43874619008927
0.5168628636752581,3.4474249314463568
0.5191713499239925,3.449230553666355
0.5176263655875644,3.4626585117177027
0.5206400744009625,3.436114603834241
0.520851819947276,3.4319229023749456
0.5236991554617076,3.411353940611819
0.5196474793003842,3.444978653916387
0.5134510439721148,3.4645535249732524
0.5154041854503204,3.4785581467792563
0.5150440498291329,3.461866779734693
0.5232001828344381,3.4177307331536637
0.5171789102045341,3.4463519664425877
0.5186526103640967,3.4368806463689983
0.515700411006022,3.465488335580753
0.504736205799515,3.5386352887274826
0.5286461104359867,3.3689010563181667
0.516412368678929,3.457214707653112
0.5266149342325577,3.3965035864111126
0.5204171841190537,3.435370690114582
0.5225167605372196,3.413473622051207
0.5203683435825706,3.4240616483886295
0.5143299947252656,3.4869049728494437
0.5233205955694733,3.4138193137769575
0.5218479612531046,3.4114522430224943
0.5207101961413939,3.4229281166835985
0.5253982453551351,3.389994189882063
0.5186265519166069,3.446522588323092
0.520240925732069,3.4254465834710945
0.5295993068599301,3.3841713025592206
0.5159272933388822,3.4681052330180386
0.5198310537556133,3.4398800056793952
0.5082672829453145,3.5192410019231275
0.5200376274504006,3.4339872458605725
0.5231989133276245,3.4156975541208494
0.5206606869258474,3.43100712776573
0.5229605919144484,3.4304041733619934
0.5125341330494466,3.498378814269651
0.5195199290902783,3.4322089324061484
0.5258403575123423,3.4008976397647825
0.5141159441218577,3.4874534775738795
0.5266095730852984,3.379658273223643
0.5213377493843026,3.420534811558372
0.5250012286976308,3.417076807345032
0.5149285306941767,3.464796982270604
0.5186264794179567,3.438295216168365
0.5223989036892662,3.419603481468863
0.5207354291694606,3.426006812095113
0.5177563914871102,3.4526646839725084
0.5285589745554643,3.3836922695267884
0.5260691146183918,3.402606334318555
0.5203023759483452,3.434958608945892
0.5172950044325679,3.4526640018242607
0.5122989413588095,3.4834043861716277
0.5186730454136598,3.4427223318726017
0.5240063097419052,3.4138672878044485
0.5133375335116039,3.4810252656374496
0.5261633625738376,3.3816273353546142
0.5256117027836251,3.391422327985965
0.5177676598048276,3.4408096129726164
0.5199280812243495,3.4399026429980726
0.522091389768911,3.4281600048276046
0.5176471610614828,3.4479924663888823
0.5138913840239102,3.4617509027018385
0.5174377377527826,3.4501111431209472
0.5208168415592767,3.4302694519210033
0.5247130382796951,3.4081140365299087
0.525744646985576,3.39225283361081
0.5281377920757143,3.3789701621458743
0.5290919248463031,3.3788213790949757
0.5175265641321197,3.4545443031223746
0.5192456860404113,3.4577125091081893
0.53023267284023,3.3572400608583397
0.5216131535469388,3.439570599782842
0.5208302275601064,3.420465646062134
0.5236356193796889,3.4122084372282986
0.5134523415544747,3.472789323695773
0.509915404012665,3.4990153511616096
0.5294506932078616,3.356128775622576
0.5148411223582711,3.4631435021470356
0.5001246518899232,3.597950801677903
0.5176790173182675,3.442672084405451
0.5138266707391481,3.495780617077026
0.5296978545520463,3.36225500095677
0.5128473508060813,3.4842865104869274
0.5189031126610251,3.436079392974447
0.5217263656595328,3.426200019018745
0.5118858413345228,3.483524461702192
0.5220803667634548,3.418835616647752
0.5161721952299849,3.4412727604564717
0.5136838154793197,3.4925700694911694
0.5090064471149143,3.5156872538458033
0.5163137626509169,3.4598473805904586
0.5193940647542052,3.448184668293666
0.5153462977315817,3.481838857518125
0.523261048205145,3.4138994204841695
0.5191203761017533,3.440092039482117
0.5225734453593329,3.4140383859144605
0.5225625053841421,3.42137763637083
0.5262284483431584,3.394416762082183
0.5247056235254086,3.411427393956312
0.5139302080816064,3.483042695627879
0.5187445974693878,3.4403764831787815
0.5208543321696546,3.4164874126147167
0.5118753765566455,3.4992231708043775
0.5232806437062356,3.410136132083254
0.5269780574388314,3.399899002882842
0.515854399416741,3.4700657749210047
0.5263198037948462,3.3964366245451183
0.5251519953998729,3.3777985003883764
0.5235827103984376,3.424495937101227
0.5158298549252989,3.459865702104391
0.5293639536209473,3.365779204604934
0.5245692391377336,3.407068274659104
0.5174013903853438,3.452918255355046
0.5220922005181572,3.4327252757252342
0.5034339102587462,3.547620868737685
0.5205183594366289,3.438104948853061
0.5285344683602535,3.391422967747227
0.5194904051447897,3.4331742698328442
0.5173267658659763,3.4803513003241355
0.512803357100536,3.4845619128163268
0.5131601042939868,3.469038188288326
0.5216583370852954,3.425619677453529
0.5158217596221442,3.466024941044042
0.5169911799016247,3.443057091996273
0.5322456581892187,3.358131836993559
0.5195368062505638,3.426642774573443
0.5159305153045536,3.4680575415814716
0.5162716227690398,3.4631711156455665
0.5131648090570402,3.4770020940416178
0.5195747498508508,3.431133787820157
0.5172533676814541,3.4527918221739506
0.5140814815030048,3.4659200618972443
0.5219786657250137,3.4303105135062677
0.5130195083798665,3.5073642555893145
0.5030885759640098,3.5466606229698585
0.5181022014694006,3.4563485357143797
0.5194913277542494,3.437820306800641
0.5218750734453002,3.4241032958003568
0.529098308249391,3.375514352552926
0.5268081103256079,3.3918301637859054
0.5068444722119012,3.5399561322087223
0.5197632979887237,3.4385870895706008
0.517635863164239,3.456123887534334
0.526972637006272,3.389842759311721
0.518308999256001,3.4507316700202
0.5187034761256568,3.443646430532269
0.514882896580505,3.4833922639878883
0.5126282892547049,3.4898537246548074
0.5182730423997333,3.454863660831776
0.5147991128620439,3.4744927844975635
0.5175353675819057,3.4445727828310666
0.5130722317797074,3.477422232995186
0.5185619992560659,3.4358133191633207
0.5068313114098856,3.539082744922322
0.5279822640559189,3.381441657928778
0.5335261069662494,3.346331788450194
0.5260819184425547,3.4007489393115744
0.5050299523019708,3.535161696016681
0.5131588895014956,3.4668029584043487
0.515100422119072,3.46952822138151
0.5208375720321481,3.4285579419291032
0.5163746566103864,3.465493331714783
0.5119133916505976,3.504388884973273
0.5272548287530114,3.39401336538624
0.5264764927911694,3.392250524222051
0.5262821929403648,3.400014818393234
0.5239540738742885,3.410881918240757
0.5188854904914745,3.4450188218083353
0.5083514055244867,3.50725878265568
0.5274049904038967,3.3914847193064177
0.519604120891906,3.4441371284501243
0.5300747097892989,3.3858987861687893
0.5269652844792816,3.3749883637413958
0.522738573516407,3.4250381032116417
0.5140823059519604,3.482037251917524
0.5057307925479568,3.54696593843818
0.5287687693985673,3.3679830594659514
0.5139147730481994,3.4736977024468136
0.5209076924769598,3.4267755499042196
0.5194373203223681,3.442870388579972
0.5191981177171692,3.4392486947158805
0.5148330462330623,3.4862397144163326
0.5206408112963552,3.43822066878533
0.518474130654891,3.4257206444275625
0.5238575185435959,3.3918916461417004
0.5240453634332332,3.420652377101347
0.5182745332411365,3.428303870139613
0.5168688283502689,3.4630180180899592
0.520578997063772,3.4499722252373353
0.5170072568723332,3.4604321021871063
0.5224757021967593,3.407366073015091
0.5197024421768219,3.4450944251460163
0.5048977131657496,3.549376621699524
0.5227184009849462,3.418759498858478
0.5256671888822408,3.4004542130668187
0.5259786940339293,3.4005220523377138
0.5292497261686895,3.369091938224435
0.5089384539534169,3.504696153885105
0.5152973814264152,3.463523011136233
0.5205418336240946,3.4238800953220463
0.5249064608907651,3.4008673855056903
0.519971070559953,3.4332129172292847
0.518621435596984,3.453803841137739
0.5175137780716407,3.4580114305239738
0.519376951722939,3.4412182919424628
0.5254393544193747,3.377132296883117
0.5212653547172359,3.4278601514669016
0.5091463950413277,3.5090691990498586
0.5200685685884465,3.429830163850927
0.5174863134641823,3.462570610020913
0.5185373206578154,3.4335381802385037
0.534734130577136,3.3445451162001856
0.5221742507420708,3.4129521085394523
0.5160844187565148,3.4687174618002645
0.5224020229279704,3.408934663496994
0.512566282052143,3.4851492983652568
0.5162657136298645,3.459369210216436
0.5200794288218524,3.4455139223783724
0.5185499136006857,3.438436114899318
0.5171210029787319,3.459439037587496
0.5241561955728378,3.4126661355422714
0.5118110281559924,3.488844154272747
0.5185632420057749,3.4505289595000943
0.5150922095378241,3.4664958446421577
0.5190667316765953,3.4412684856031963
0.5119076759157893,3.499578773941701
0.5283217647099623,3.3734450165447893
0.5102858328381488,3.510071232642132
0.5152959470009482,3.4769224415868405
0.5171518381248449,3.4551566545808328
0.5187884242286456,3.446293459312926
0.5091327977826171,3.517559029611927
0.5146019637493326,3.4790737075192695
0.5258413121060244,3.384649419107067
0.5207741778331116,3.424127187057547
0.5031559645912209,3.5616180375096844
0.5181074495270404,3.4382887964196707
0.5205313210196376,3.4180947769837187
0.5275851067694162,3.3802271196773837
0.5272136066989526,3.3987382939658843
0.5249959175501753,3.4163246412921806
0.5292718935379529,3.372854736557198
0.5303108692184999,3.3643560192303994
0.5191628523696925,3.447703776218998
0.5257524551826479,3.3858326332384503
0.5249517302831973,3.3963410749917227
0.5046828257101286,3.550535586152865
0.5233897892097735,3.407141112902738
0.5201161906372314,3.4278361442757097
0.5302120993433779,3.381483288062844
0.5096813821947288,3.5087776429989863
0.5082417243979975,3.5120706322871618
0.5160590521241937,3.442076829443646
0.5249890167479101,3.40339080074955
0.5209530718060336,3.416930703248282
0.5245124419858587,3.398227339377776
0.5099408600237259,3.4779984065552676
0.5215765272132165,3.4224281730624377
0.5241397233493312,3.4099838344835707
0.5261241189535761,3.3922609303985216
0.5171508557686415,3.451423725742613
0.5277818718986822,3.384886260375198
0.5133808640913224,3.4758019775606384
0.5149260859507042,3.459976118042143
0.5222970971241356,3.426088024424147
0.5221090600955576,3.4222871922292586
0.5195588257955331,3.4265298894369014
0.5316136949345389,3.3662956983615393
0.5280755373969228,3.3853197306763865
0.5264318302353856,3.4058458021288764
0.5138531283296672,3.4773662759450596
0.5252467284479294,3.3858357978833538
0.5284323860969481,3.389033897258404
0.5182666545852705,3.463048311765127
0.5230655148104326,3.426464999411378
0.5176621113287316,3.4372155153331763
0.5230436814105645,3.426873882004225
0.5101275574869804,3.4991398794590656
0.5282329035109132,3.385607425240738
0.5154658132687124,3.4669797642113678
0.5129099440283486,3.4925367588079075
0.5215684239969289,3.420661511611375
0.5153222210837722,3.471113834341927
0.5206216521984013,3.436655340031404
0.5315108514787115,3.364077381009871
0.5294635741470415,3.3576098656435387
0.5302091610517112,3.370101392428737
0.5163949382776458,3.452859500756059
0.517881468136165,3.4526900941098657
0.5270032487148788,3.3763321840768894
0.5267130475216251,3.3887932574083885
0.521371848034162,3.4299553898583572
0.5099853329649939,3.5011039177317884
0.5188792124786508,3.4439180792728274
0.5193793564428575,3.442655968014399
0.5218267884907073,3.416700629153016
0.5157602314815913,3.4613088505119616
0.5309705263499946,3.3624535988201796
0.5254594089767349,3.4111215750618804
0.522270285227204,3.4242341795821494
0.5134598490327835,3.4838783972242986
0.5120076142001906,3.4979020503881033
0.5099317113607718,3.503110561432108
0.5231944232405945,3.3998729443543754
0.5121698264407963,3.5025062738353503
0.518090401210593,3.4536305121354864
0.5155461080979499,3.4792928541703785
0.5182032136298083,3.475358066357581
0.5180834453382708,3.449463977014527
0.5096977670379568,3.5105753628375496
0.5235985281494173,3.419865289652601
0.5222739706504302,3.4188501382443683
0.5319802041220014,3.361349504741617
0.5144967088469368,3.483696482803271
0.5230953966991938,3.414698256543096
0.5059963752451359,3.535251791626659
0.5279234575028577,3.3716043204001713
0.5230931804978687,3.4161437796630025
0.5166661234389018,3.4549022034540156
0.5197236671327428,3.453920878231804
0.5198789958785304,3.4378784714648285
0.528617862811958,3.3816215145573603
0.5238998049493805,3.420065441157743
0.5131894657221017,3.4658022237246815
0.5196754735793491,3.4349511232747223
0.5105577308172042,3.515150312978096
0.5251180183201583,3.3938780589820885
0.5164758317819067,3.4763956265309934
0.5141752262509586,3.477217243940866
0.5247903101927651,3.3984308121265334
0.5151183745049015,3.476481569236457
0.5281265264775219,3.3955526718077973
0.5199566748815374,3.433877796542415
0.5205717531425097,3.432256315250344
0.5211666093792091,3.4209927909950926
0.521590110639391,3.4091241051932664
0.5158943411338353,3.4587919953811737
0.5313989938548644,3.363500169503362
0.50870469491998,3.5195702289243376
0.5170773164470184,3.458899578819348
0.5188166832601437,3.4455195644770615
0.5169083698504702,3.467481162990211
0.5226913437036997,3.4158619167542046
0.524007903103106,3.4162476930070715
0.5183164537723808,3.445916438819782
0.5199923636992496,3.4397225397870583
0.5210905931308014,3.432264894479659
0.5199238290666703,3.4486237189512936
0.5097241085471971,3.5078192629547003
0.5197177879697887,3.426814786567575
0.521847010417445,3.427687879000183
0.5281522519442268,3.3787873204449883
0.5242552063905352,3.411255333484032
0.5290162581999798,3.3825404644240176
0.5187834209764843,3.457289151767247
0.51806517606871,3.436222245502718
0.5174250873833282,3.457579487925851
0.5170194362688396,3.45553895663342
0.5217369638912018,3.427848542330369
0.5239489347850705,3.4170316700579146
0.521206974489363,3.4167487924389435
0.5204190414986215,3.441879911053345
0.5308014697920921,3.360899935823218
0.5253670809336276,3.3927413261316293
0.5176826178991617,3.4434635135368388
0.5205261425921324,3.42850470193487
0.5251553837861758,3.4067528318529474
0.5126815652662526,3.496496978750878
0.5076598038555313,3.5145253885155605
0.5248259805253077,3.4101179029796556
0.5184674618821973,3.4489154820800176
0.525760414701036,3.395496485173017
0.5226948694811444,3.4086245249963807
0.5124256787879822,3.481303747933118
0.521232433302069,3.4313271456747954
0.5208952760815916,3.4425295891940486
0.5173534500351034,3.4638289253779133
0.5218252557562599,3.422565757761565
0.5278593546588128,3.3905622875749803
0.5181568572397905,3.4434551272877614
0.514655276456303,3.476779336331634
0.5188431095341861,3.4350548792514486
0.5231012701766549,3.4110380738046002
0.5224752342755987,3.4194569378893056
0.5311465067506878,3.3600687294805827
0.5159416063890311,3.465692670216165
0.5242822171677224,3.380282500823466
0.5187330066624363,3.452950290902628
0.5125345754116724,3.4824943855288373
0.5018180076110617,3.5775444432297343
0.5155876672635618,3.4765261033996144
0.5134333826244744,3.473841057148787
0.519170023471482,3.439271525073625
0.5282202567039005,3.3872701683442914
0.5156130620294259,3.4689813918790353
0.5226650879748072,3.419160362050992
0.524381849688216,3.4182248220366698
0.5183003334551387,3.4470286427985766
0.5216438020756663,3.4370316237106717
0.5183254199774614,3.4510558604423967
0.5251750053681634,3.4070479116162002
0.5197157141995916,3.4491221099578686
0.5219364241595348,3.4240003321287054
0.5197118155237951,3.4490559953692648
0.5165041549798433,3.477104966158915
0.5320332721713839,3.370504537498239
0.5241258708482064,3.3903348900416757
0.521793889779322,3.4210223061392564
0.5165864842533454,3.4512246595779263
0.5259852310163265,3.390205211112555
0.5180424978287685,3.4616234832433244
0.5148242481871002,3.455928963780369
0.5248451111733818,3.3945701115200624
0.5298530621148658,3.3738344696203977
0.5218499512563917,3.4234462102660617
0.5169678868843519,3.4563383188795243
0.520040396864656,3.4343733451961054
0.5176639840088955,3.45934872670152
0.5190490442921503,3.4248501826074027
0.5241928645440641,3.418286490921545
0.5247450010178385,3.415272494594719
0.5320988604658934,3.3573924938592765
0.5300098048638776,3.3801253919044085
0.519212336147209,3.4334934300240727
0.5297558931866247,3.3726448349162874
0.5290322836880752,3.3783145852353322
0.5172295923441053,3.457074165816863
0.5039023886189147,3.548795368264947
0.5177053908613041,3.4555047869292257
0.5270847954781299,3.3857742267533806
0.5131055844155816,3.466282771991531
0.520877394051824,3.4301154762487958
0.5189568203452166,3.438466037683383
0.5190857042759565,3.4423068112400568
0.5239814203068003,3.4174146861740566
0.5253974580209018,3.405652610911032
0.5194557094574619,3.442524066266497
0.5235449705277211,3.4152530540893915
0.5212002814709946,3.4308014934784143
0.5226405281325401,3.4370108182707537
0.5242032754188974,3.414939247286881
0.5213217027613617,3.424986111351117
0.5233792461998025,3.3975165973041555
0.5334991076297289,3.3413420712437225
0.5165209054479385,3.450501012301726
0.5220418677643324,3.4205372285871367
0.5146800468065749,3.4583280966076275
0.5268442832181126,3.3915930381760386
0.5147592917814106,3.4818673382011602
0.518790630640194,3.4407483317263003
0.5188477505241365,3.447748351900839
0.5200650418914875,3.435365067985953
0.5197051795164394,3.433193014742778
0.533817061658237,3.3337677076596672
0.5286302423041382,3.39679714516881
0.5205939417145155,3.4237444164662483
0.5293213112208792,3.366674909719637
0.5189046148599767,3.440404643255892
0.5169581790495534,3.467481362972833
0.5208497748784853,3.4275700499655954
0.5100539444590204,3.524855986784532
0.5191973404767651,3.444178588153168
0.512802739660777,3.480940193473487
0.5193377307694993,3.4552637327358746
0.5268297940716633,3.3928988974387018
0.5239923549206609,3.4025641369812236
0.5275371581042527,3.400891415845357
0.5106740388119471,3.5099075175039975
0.521128478501804,3.4110257771157193
0.5244308361212611,3.419348833144314
0.5208763974433015,3.4247751135465374
0.5275269751027178,3.385343627761794
0.5192247722663395,3.443693124968624
0.5222049687046859,3.432484717815218
0.5244316643893319,3.4125213802871546
0.5253452763034376,3.4073240000236806
0.5151194372148294,3.46682760774328
0.5305834864052414,3.351065681483191
0.5161723191848497,3.4574518537145753
0.5181999630176352,3.4377157717281843
0.510285114597016,3.5237200051820685
0.5293029369815894,3.358386922876264
0.5161490779421882,3.454736544942975
0.5265303022863128,3.3945725342134487
0.5188255506378074,3.4432727041102305
0.5157106423610358,3.4816934151348025
0.5193565118489046,3.437573042428089
0.5169447495296948,3.4572482143838514
0.5269439060438494,3.3904817314517395
0.5100953253523148,3.498626898294563
0.5223967566189898,3.421911249473236
0.5171402360477152,3.4669247218940766
0.5296053006112194,3.3759440671294056
0.5240151357447151,3.4052469525291875
0.5184230598313622,3.4452879356778596
0.5148213189623477,3.4633957989032313
0.5301558646179124,3.3734048610256058
0.5246479903603991,3.403812312160516
0.5154449949608613,3.469996691674253
0.5199798553487787,3.4505683246120458
0.5112522524330048,3.483130529003366
0.5166886129933665,3.463259948459846
0.5249947917363749,3.408764098491069
0.5238899438641238,3.4172115217263728
0.5192390947319083,3.430817063621101
0.5244833465202663,3.392595812938246
0.516646765913263,3.462159087628379
0.5144466119531694,3.4750868540211455
0.512953696076756,3.48693758688022
0.5166321421055288,3.465935623632678
0.5177559775937375,3.468064828119302
0.5214343722375337,3.425566210896538
0.5281202637968605,3.380456547209158
0.5233338594397594,3.402810543757383
0.5154022760975192,3.470831605296188
0.5193588750573355,3.4349889755491367
0.5226789099775379,3.4223296010469193
0.522769085310905,3.409058073463613
0.5315727336793366,3.353123506851278
0.5117302602294457,3.496944310030634
0.5239558129438129,3.4035861553831803
0.5235858905844563,3.412776563708879
0.5165889644766832,3.4548215632059285
0.518005485141579,3.4491852452738305
0.5163220482889599,3.4733507543278797
0.5181214237885102,3.4512337787630085
0.5221168715200901,3.4293314856857036
0.5247923894082165,3.397966223249418
0.5183311973235676,3.4604144040666354
0.5158114031086389,3.4705998530245323
0.524732109503383,3.4009911118559275
0.5160331801261628,3.454385433851628
0.5143716007483639,3.472274931544428
0.5153275874477192,3.4635514841621666
0.5173151822798712,3.468620859216622
0.5166578863639641,3.4575385464241313
0.5237558759559542,3.408669276202097
0.5264502493298702,3.3860190758198354
0.5163165004157781,3.4518404541329355
0.5150682118970769,3.4745336798147606
0.5120181114230433,3.49374598275424
0.5211990664516368,3.4349236948133877
0.5224169174279887,3.4178835612788254
0.5196539386482655,3.4287127071451096
0.5277206045926695,3.379962945472768
0.5205443657986137,3.4255643245224325
0.5264727034203663,3.40476826646604
0.5084263430392923,3.514115734329478
0.5314576399965274,3.347092349439248
0.5265835873073819,3.3964366245451183
0.5230952198190959,3.415459921388612
0.519940236276609,3.4363447002509635
0.5146799952439345,3.4755198089338175
0.5187718504099743,3.4476612724893547
0.5184843099441341,3.4491655153386316
0.5162575008163437,3.4489952473669554
0.5048555342078545,3.5481210995753716
0.5153471336661665,3.46290209493946
0.526402868702208,3.380254796260212
0.5187860935178195,3.455561803047858
0.5207482068191572,3.4339744257285045
0.5188262550592271,3.4396725429955377
0.5197855405147773,3.438333621838251
0.5238548633369392,3.4090827057210573
0.5241504773948238,3.412577179546103
0.5139785962831476,3.482906383916367
0.51918197197383,3.426041025744181
0.5223238317717604,3.422675222799032
0.5273571490874611,3.388813877310088
0.5131002211438036,3.470958228842048
0.5242986083606865,3.4165981585962806
0.5133473671418463,3.479248679305858
0.5260148801103459,3.4089066178032383
0.5127648605660591,3.4626915967598983
0.5194721915655579,3.4342968102372775
0.5201967105612355,3.451740464502917
0.5176281761202979,3.4456954674296782
0.5243144268671511,3.4013736011525983
0.5155580615820099,3.469763719398013
0.5248292896693909,3.4023494179275815
0.5066078555928952,3.5241404211185055
0.5350914854942692,3.336740436905038
0.5119934673119189,3.4924997025576423
0.5185799260794199,3.4403648230068584
0.5171577736466457,3.4492387864709904
0.5293648851989983,3.3656695182914578
0.5285153281834891,3.3943234533268636
0.5176184613602299,3.4637250101998847
0.5247234127729452,3.4056381570508094
0.5257702207444956,3.410027571249752
0.5136071485957092,3.4794529793188373
0.5213656108940694,3.431670900291235
0.5200807357923126,3.433348935386806
0.514096651486289,3.479207603019093
0.5198525719328311,3.433344982920446
0.5200913679593171,3.418910388217185
0.5195767611111097,3.440257534673799
0.5130362864703804,3.4852582929416993
0.5232419733979913,3.416308982062312
0.5211226271225013,3.424770103383633
0.5204100555502005,3.4243602288149217
0.5138712514111268,3.4864290334047445
0.5132766086426601,3.490057384882584
0.5191321685417152,3.4440447176943834
0.5226823785087079,3.4202814565450925
0.5277429758460694,3.4038724095044346
0.5176584487496925,3.454621067478026
0.5231154467809311,3.415028698451654
0.5140502766727861,3.4843765076439213
0.52332857780704,3.412817064461602
0.5234903800745694,3.41854534077854
0.5230790146132149,3.4173344236661825
0.5183095790495957,3.451505378955603
0.5055568025993478,3.5242088651802064
0.5156829426021001,3.4763105746926373
0.5193929660282393,3.440354153425142
0.5057631194784562,3.540163552903744
0.5136738647865324,3.4826772590035215
0.523124254585078,3.4160804457491234
0.5300730601495758,3.363270822160152
0.5283315578747612,3.3749270325343876
0.5216966496586253,3.4167315029599097
0.5275600741314042,3.3881855111818218
0.5186283229567941,3.4447325280156664
0.5221200158567759,3.430281465757623
0.5251495140655793,3.386863137185634
0.512524215964579,3.481424540926969
0.5276335174062067,3.3780728496964403
0.5220644483262831,3.4183365066093034
0.5203730853746269,3.4452690262942736
0.5087856253459284,3.5282478639891584
0.5200078386005158,3.4312885238348945
0.5160054911891632,3.467721037772072
0.5191523859744362,3.4534724608711116
0.5183104383871899,3.4371112002624233
0.5235497068013826,3.399416708228367
0.5167511132810785,3.45930944092285
0.5204329771475631,3.4205122433543758
0.5199802079866087,3.4273350545044012
0.513626337868379,3.464223020917697
0.5137036244901183,3.475506802733818
0.525653868610392,3.3992570403250126
0.5119778607660845,3.490443094041619
0.5185737847317784,3.4552509024921783
0.5244167765035181,3.4164910610447894
0.5225996674722555,3.3942663168249374
0.5272675111762872,3.3795466506079257
0.5241830266516878,3.4207267469218485
0.511236094354917,3.5148303435743946
0.5199607716124146,3.43936762958104
0.5195368891857496,3.4343134726549938
0.5127972959191153,3.495460777410528
0.5037664602039122,3.5412883363154237
0.5163442711128938,3.454952352301512
0.5184963119129369,3.4490748445431167
0.524328630918026,3.4157910696200466
0.5249254992261287,3.4030380067546075
0.5180963220236058,3.4783953178177827
0.5291637507454665,3.3646797553150996
0.5265725208389207,3.403489942995768
0.519996190913677,3.4322876408507756
0.5223641352391655,3.413086318143651
0.5247234857230434,3.4106297067485705
0.5191974544719846,3.441497128434992
0.5288709146871906,3.383045200980402
0.5172535124657192,3.4499121393683656
0.5257460291938816,3.4039443268431815
0.5218056785309739,3.4160193300072392
0.528418539503051,3.3776051905197204
0.5136620291705356,3.4836097815241094
0.5152604070005594,3.478195679781388
0.5119911849141185,3.4936682657211144
0.5208258105227561,3.4347314769985715
0.5214757352393957,3.43491954243284
0.5221193038325511,3.4214503102615113
0.5231151294308977,3.4207267469218485
0.5256606382495286,3.3931794141531735
0.5150958102708771,3.4545038881790937
0.5132405211177694,3.4806234620995724
0.5216331165392836,3.4402880708276276
0.5196773295253465,3.4126381928559097
0.5214632908376147,3.4320027034471394
0.5206253054749341,3.4329833554258973
0.5188963683351301,3.440947493496444
0.517780014756082,3.4636440376961932
0.5247268779083463,3.409051971414927
0.5216710229271373,3.4362926146564665
0.5199041656753824,3.430448762288749
0.5247206302516436,3.39727360964073
0.5245470606779334,3.415997948227596
0.5251133373067194,3.395484841281694
0.5211091280673275,3.426464605118875
0.5224662918246761,3.406809971424611
0.5223908872907861,3.4260535004528503
0.518965108839557,3.4341731724890012
0.5215576353955607,3.441119832258039
0.5184751247617028,3.4379803543776175
0.5233298006456439,3.4151560779810137
0.515438100356764,3.4667374373102184
0.523159299278875,3.4251097448816608
0.5083352620879333,3.532131712396979
0.5104635546636851,3.4927234879318925
0.517952545884137,3.444493140312252
0.5166683041574344,3.460474680718001
0.5199318459552977,3.4229172027684434
0.5269311909358902,3.389290456257038
0.5336435508188428,3.3529537271200693
0.5160323848707986,3.466797674390255
0.5157044994044717,3.4792717993138496
0.5320344630307354,3.3596012209766415
0.5125475171780873,3.4919731855144045
0.5275654609843545,3.3722446927152836
0.5241393379764467,3.4070536456999236
0.525621189293473,3.3971963162736007
0.5206812895101192,3.4233824597077236
0.5236123526192376,3.399487339907141
0.5176652462595301,3.4346049677370494
0.5238371777557442,3.408578627062163
0.5162435960199129,3.445906145536205
0.5168528571668854,3.4590383294878437
0.5254386921980243,3.392113216404508
0.5156304981162715,3.470214641178712
0.5197433786641148,3.426160002339317
0.5166165884172884,3.457029957900102
0.5164839638910492,3.4546959566466016
0.518828130065859,3.447303874485046
0.509420990180953,3.505312581950042
0.5261536937191533,3.3814623066190808
0.5138465035550448,3.49020111291221
0.5227129353861165,3.432028043858922
0.5264476970472962,3.3947030842877703
0.5201502048667059,3.43555662212286
0.5153466279772512,3.465307938089741
0.5220449391061659,3.4195729696616155
0.5288658508756187,3.3760329447099893
0.5154369340591761,3.4716800340835468
0.5147928936023213,3.4589642390488455
0.5203623255868219,3.4248584299105267
0.5298274326464052,3.376021796821062
0.5239726206317195,3.414830165015763
0.5141427504502735,3.48211833622845
0.5277477051711095,3.3715321828440876
0.5296850179870045,3.3791729829287847
0.5220098816843219,3.4326852518941857
0.515959616780759,3.456385902886542
0.5230292301154322,3.397578957407463
0.529651634194451,3.363692247793774
0.5225976707611764,3.4178453745326665
0.5189876331894525,3.430472509490974
0.5040184039761588,3.5414387845160387
0.5154195326650863,3.471231173265153
0.5232979656982708,3.386111385616706
0.5127466573692275,3.4882394536324672
0.5144878522456163,3.4809036855317435
0.5193962000177276,3.4451983510959203
0.5232018737783857,3.430993249099845
0.5210276963882325,3.432677856861363
0.5139659528589693,3.488818310796331
0.5199803220753461,3.4384787648603665
0.5242655241520294,3.399316119737166
0.5214389790047425,3.430822958860379
0.5161440269237783,3.445445622676788
0.5176461574881341,3.443609341864783
0.5130454373557249,3.4848377434385567
0.5173735153816097,3.466075882897469
0.5256050794883866,3.3928501668259097
0.5135111055008861,3.4893391382373182
0.5308821376941091,3.3756533331468304
0.5215857161337067,3.4185012192047486
0.5205607005591362,3.4320630072245275
0.5264844839195483,3.3979902008651526
0.5267363112215571,3.3838728542991032
0.5187200280278812,3.45178163628283
0.5270528549291023,3.4006969741564776
0.5160348945751541,3.4486438425316517
0.5210791816001417,3.4212666752264416
0.5137706158168068,3.4877414333409296
0.5099380292609066,3.5046611432896757
0.5281169547323836,3.392117779311759
0.5202418698134612,3.4350653313285906
0.5223076547026104,3.4274411818089288
0.5273294367941799,3.3944871564225063
0.5187839596276178,3.4459096049827647
0.5104350760294236,3.4958342155473887
0.5152275100140027,3.474298911857302
0.524860510796248,3.4061475256854523
0.5185421051277803,3.436260142891795
0.5173958360041937,3.453331021013934
0.5274760720010827,3.382815975675472
0.5231571089496223,3.394796182909705
0.5133186182408174,3.4732349328550294
0.5187379371402223,3.441118869759146
0.5133475833799765,3.474427089721885
0.5324292040693304,3.3572550070509948
0.5252426203190159,3.40367519109275
0.5235954988669489,3.4211965360792327
0.5199819919211459,3.43359733065278
0.5246203603131894,3.4072731440155355
0.5276659665613398,3.3888175455565457
0.5119589029957017,3.4837109045378476
0.511929942822533,3.4839163214290414
0.5242723836202181,3.4202943275016278
0.5240527109022848,3.4041028644136113
0.5151391852761424,3.483808296201577
0.5224663906071243,3.4168283085625384
0.5210225205020933,3.4167435157685553
0.5209734054640058,3.4074867006613956
0.5253851423143634,3.393845931632872
0.5234875124530537,3.4025268273552127
0.522654843800108,3.4249878847448696
0.5205572447068698,3.431622737162236
0.5272986380777228,3.3887033319636544
0.5261169810620161,3.393202988969929
0.5299520356608536,3.381377828115118
0.5219308381610721,3.4242541320796915
0.5278546457463893,3.3799103684955987
0.513082494785953,3.4840210752354475
0.5109607656787434,3.5020991478257315
0.5171240016566903,3.4537380169699365
0.5244770065797828,3.396834016361625
0.5122418630997068,3.4784377591506948
0.528802701683123,3.3744014593004192
0.5213623339446469,3.4269812596970195
0.5225168853213902,3.4130980351578724
0.518544611288419,3.4492483819764925
0.5248113474617144,3.4002892959692765
0.5225718438725557,3.4145008400765646
0.5228425057037018,3.4220970915272146
0.5166691103011412,3.4715833615140412
0.5252521034483794,3.389007356101931
0.5245348749730148,3.4101374481674913
0.5323782324868706,3.344805394047627
0.5259346735061203,3.373856692567656
0.5306088084655923,3.3567478985088433
0.5249581096440017,3.39693459943015
0.5233774040465193,3.4128246041122363
0.5271679362852686,3.3806468969515096
0.5184323687629558,3.464710671035029
0.5169980345500433,3.4685566974434865
0.5220001535484473,3.4219280925771893
0.5176229100663021,3.435841716896269
0.524523043672963,3.4105293325684576
0.5191712981094065,3.4337018280095966
0.5189383994264412,3.443187148551408
0.5282843915046334,3.3842908239981595
0.5185235887427218,3.452883718761944
0.5254828638111729,3.3732750573887103
0.5149542576387622,3.466108093230961
0.5195639990109293,3.4341386633200353
0.5175245262126295,3.4691618465189973
0.5136549113960149,3.4773424543916778
0.5182970307396719,3.440804885919858
0.5205586561045021,3.448740744227214
0.5251474289153268,3.392249717327633
0.5221154007015705,3.4208300977920434
0.5207565627249913,3.4369224816429647
0.519064638600411,3.4556176253101003
0.5241543103411963,3.415030858329769
0.5206935267184376,3.424548117002964
0.5138719211170917,3.4865709156550815
0.5176783034116417,3.4512633523938403
0.5149900537715653,3.473191651273903
0.5144858932886216,3.476467956935052
0.5171119863229565,3.457355740309352
0.5141345260466936,3.469172423172558
0.5297082254749346,3.3871971227604414
0.5216620358068611,3.423748074251635
0.5201126118998729,3.428750504846187
0.5268595140052805,3.3917311549984257
0.5227928942080802,3.4172179782966228
0.5278792462527554,3.3543888602730303
0.5264931066813894,3.3967640924939135
0.5206216106839744,3.4309020521499125
0.5145198147826558,3.485195459602057
0.5244560491107948,3.3936635031712905
0.5230558023481275,3.416580617446055
0.5169696961300401,3.4492880418464007
0.5297987147347921,3.3727751063392164
0.5101382881266432,3.517473883676381
0.5246991571531294,3.3931435930588245
0.5210016563013415,3.4299664154247536
0.5194962103427714,3.4429350577992412
0.520589634725524,3.414319786608294
0.5204092150673856,3.4243415701362863
0.5241180437477698,3.397287351526435
0.5203897492750896,3.444637008622551
0.5218033405125866,3.4184440110331087
0.5231716921582543,3.421781963000924
0.5235449861417735,3.4075017515048884
0.5141752880911267,3.4864496222954173
0.5154997408094354,3.4673052978962637
0.5145575423586849,3.450594028673559
0.5105499610945967,3.483499297139388
0.5201620203989901,3.4379970382979916
0.5271160528164067,3.3967420204357874
0.5133526598427796,3.479037165556326
0.5261652045190477,3.3908607297501567
0.5104818328059602,3.499107822738234
0.5120545082651049,3.5125413914547727
0.5169191523109422,3.4483550869079935
0.5191369560240211,3.440303862590133
0.5200575010270087,3.441693142760291
0.5254314964342715,3.3980901283933793
0.5261352380907569,3.381893164749263
0.518372136740837,3.4480339818196666
0.5213218689386312,3.426301964125832
0.5121473785522859,3.4843736915989467
0.524743370029083,3.3993599140611472
0.5093275968135232,3.519090271040122
0.5199578157415434,3.4128242117135654
0.51356625819312,3.473588136919198
0.5169063539682193,3.4843662779424913
0.5274389685506295,3.404759630405094
0.5236120611374975,3.4121210088138834
0.5206277444598384,3.4301080878819055
0.5141202932674394,3.4800905263467903
0.5256819801124561,3.4138009767543136
0.5260115984781775,3.393846070832029
0.5182356996663262,3.453311461636595
0.525292904315142,3.4000296339720677
0.5232074044857243,3.4126676489955665
0.5213946105572649,3.419030274026994
0.5279831996763642,3.3846752250862613
0.505517669509677,3.5544979659182627
0.5213282719780677,3.423907502000052
0.523934923479622,3.3950289847931305
0.5256510522866102,3.4037720803470064
0.5220835837429066,3.415540102668278
0.5146105224417186,3.4667335529326477
0.5106920545783209,3.495807791206316
0.506448158007011,3.5480400706373887
0.5194441203219515,3.4354369699127854
0.5144581178031004,3.479276905246025
0.5210623656709703,3.4220018772364087
0.5120193554706272,3.4930106359472823
0.5260227581565311,3.4026042397964575
0.5109226900447013,3.487231934875787
0.5261363599248635,3.380954171668252
0.513617500244939,3.49168291257898
0.5266319522712117,3.393784573318868
0.5029597544534596,3.540690191750087
0.5203573867080129,3.4340469703628345
0.51594890757711,3.4529956586231685
0.5162966027341656,3.470267143661417
0.5212350192027122,3.423590878141619
0.534559664990711,3.332350815464109
0.5114093293362606,3.498994211908489
0.524131083740951,3.409671256759627
0.5248448766631435,3.4140376849013916
0.5193731166218447,3.4249536837748717
0.5237067138459345,3.414066566783884
0.5214604861946063,3.429748760030619
0.525083317816065,3.3913209415851546
0.5265618198833459,3.3809993970396635
0.5282361135963103,3.388247969118572
0.5180566677827925,3.453091228804013
0.5188696712221388,3.460541456745458
0.5121547308658572,3.4871901709786055
0.5176999898630471,3.456606302208429
0.5308813725454757,3.3640580734936534
0.5135945310779584,3.477357962745467
0.5126390614881835,3.4799052325923503
0.5097820955857131,3.51397077813729
0.5137512276774401,3.4741655281081685
0.5219285466117896,3.4331248109630765
0.5191726660154246,3.4424734257655825
0.5324798630237603,3.362435183530078
0.5174527053382927,3.4453405820994587
0.5135519830478932,3.4702110381019566
0.5213845976824034,3.418317269701756
0.5227648207803437,3.422920156272268
0.5284216089555189,3.376086112181593
0.5103828420283975,3.495620865968123
0.5163869826031772,3.4472733769927113
0.5229485605573745,3.4187324508526142
0.525291168186153,3.409011944542413
0.5219899941926994,3.4187086050056514
0.5150617018994261,3.480978768398543
0.5247851460442954,3.4061239816402322
0.525558498577475,3.3905056171982726
0.5200399197365371,3.4366284039554387
0.5131147463184627,3.483739001268897
0.5278528478984856,3.385623996686557
0.5065620216637489,3.52531362404827
0.5154891196079501,3.480208973610176
0.5282361606497503,3.38312368434486
0.5303997051670859,3.3825987199124943
0.5194703360183961,3.4365718475017015
0.5274113324911356,3.379547370739455
0.5157933440271512,3.472256044947912
0.5232953900151853,3.4214394863725133
0.5189923888589685,3.44505028752234
0.5296003695051592,3.3561569532415905
0.5192160669658532,3.439893757829141
0.5276311033538201,3.393750665354383
0.5124824913760189,3.5047029245770767
0.508525164459859,3.5136280664795403
0.5254034438617599,3.403125796085074
0.5184202537087776,3.4473754810329487
0.5162223776672685,3.4700533077897138
0.5144897905862418,3.483917528116358
0.5190443919535286,3.4457345678905313
0.5156706777536476,3.4652460476944005
0.5156292593068423,3.4652610919631535
0.5161158904742751,3.457870166508046
0.514719163081252,3.47240113149745
0.5206269453024057,3.4344226280179893
0.5196233945086288,3.414275562640167
0.5134969239375171,3.482316864471268
0.5173725017609042,3.451358353702398
0.5106541346565878,3.487461186710091
0.5253528312272845,3.3929958045850848
0.5164505886044009,3.45985852165274
0.5126340611798768,3.4957540201363426
0.52055378886695,3.435395551921647
0.5159504669615069,3.4460824691962344
0.5183865291198,3.4616042667434512
0.524488910280237,3.41460519787988
0.5211240601101035,3.423824297944121
0.522925418937843,3.4083386546109815
0.5173127724984652,3.460007263223055
0.527838888548247,3.3839466727388072
0.5183275735360107,3.4509673741080764
0.521150176158939,3.4334828990031
0.5287134715114479,3.3858908466237847
0.5186626983666642,3.450404534070517
0.5244139323065109,3.406500654069817
0.5214865437149757,3.421273984415757
0.5236488769884247,3.4205681442531275
0.5131781925471468,3.4900091316188946
0.5152794461123172,3.479845727617575
0.5193362278845723,3.4402198955627
0.5288671168263044,3.383268870538734
0.5281970076692044,3.3877365664646946
0.5256212570918213,3.3974225998067182
0.5126293592700337,3.49303369200375
0.5228284057815267,3.4125005294156896
0.518323815165409,3.4553342574230164
0.5120115827728977,3.4888184259115333
0.5210815698075097,3.441457491172927
0.51899193297676,3.4250301368821616
0.5096904461110914,3.503456915826427
0.5284098593268561,3.373053601064749
0.5239811495464286,3.402516299204582
0.5266812278292523,3.3988737796160127
0.5178717196883322,3.451320767582443
0.5223153481344417,3.426640718491706
0.5229556243456659,3.4025589985003144
0.5111006065359838,3.4808735496030563
0.5172446703253761,3.461450197226877
0.5131104330061977,3.4728911597493477
0.5286391072997585,3.3748200241661044
0.519095309881991,3.430255689654009
0.5261859148853341,3.3906944024232444
0.5172436671873052,3.445961865818033
0.5214281139244765,3.413960069810145
0.5182969582664221,3.4491726691987674
0.5228776653589532,3.4076192235845184
0.5132563664990114,3.469631830150248
0.5125712099561419,3.5031759191196055
0.5199927059698373,3.437891705010177
0.5222783838198406,3.42805937388642
0.5115132069592113,3.4946167500930105
0.5136756674399577,3.485499463623253
0.5157158974611009,3.4592053176763247
0.5249032192493044,3.404003477020118
0.5141309807132368,3.4709102902974753
0.5105861417155098,3.505305694098269
0.5184332178580785,3.4517263713305355
0.5238691650911157,3.4091028875378964
0.5286248082806748,3.3737777245206324
0.5217651588608263,3.412117450086424
0.5331696346923879,3.343518823698775
0.5215563212408647,3.4320626121558533
0.5288211041262043,3.3856471746697805
0.5227876934393458,3.4106563972475663
0.5219859148900345,3.4068575466664575
0.5091428189510758,3.5161045027515034
0.5281693625165139,3.3973078111728228
0.5269707727598674,3.3758917875306924
0.5305680566290377,3.35776234665016
0.5360309611132765,3.3324988696246027
0.5251332291542219,3.418103594360602
0.5146675996714183,3.461456754422485
0.5238734499297397,3.413215656491728
0.5205958098120861,3.4345894898734866
0.5153943187841671,3.4726008591259188
0.5127817572589779,3.4929581264543033
0.5183537272423124,3.4399639910319593
0.5167204155687426,3.458912111966593
0.517859415264244,3.452626881834104
0.5263593783200171,3.4061495669243045
0.5255127488968607,3.410451533833865
0.5253494109098593,3.3893185844068263
0.5161715238080944,3.461824066646432
0.5153974150067124,3.463315434693431
0.5186066460681286,3.4490045581924096
0.5109216016076378,3.492978645968768
0.5179528356705381,3.4435703553641637
0.5314718130512277,3.3660693156140904
0.5278288542342535,3.3834459885399313
0.5150514469432395,3.4735705587211747
0.5198560667378386,3.4289911422504837
0.5253940792688725,3.3969433229310297
0.5207199633524251,3.4290766682807328
0.515169870949769,3.459311121739279
0.5262547280057315,3.4022518517067954
0.5221328063939101,3.4163882332491675
0.5239560316294134,3.3885942359489474
0.5175568127623249,3.4339344973162245
0.5214633895196445,3.4290130732024218
0.5141189534809867,3.477126177356362
0.5174856824601501,3.4556348103627084
0.5172974348521877,3.442984601696928
0.5198762787830018,3.432309625419157
0.5091203073535004,3.5172643130166743
0.522773750312173,3.4114914640908447
0.5222005298741441,3.4323509139691795
0.5249915393923144,3.4100785049970486
0.5132926811955012,3.477098058221185
0.5282933791509161,3.3778042854989296
0.5215337471430898,3.418585896160592
0.5252194315932572,3.3834277381528466
0.5237994648195262,3.4111046001009444
0.5154200590368607,3.462689200933793
0.5247421819622297,3.4198162303854045
0.5196904041967472,3.434291500877157
0.5298594761197635,3.3672296512022055
0.5134021388686867,3.4836770049559638
0.5137052108783593,3.465912295337607
0.5179329234141626,3.450247966189409
0.5141114507141838,3.471114721088325
0.5214633323879418,3.4390711220569834
0.524151899124605,3.4056230602548125
0.5234364326865562,3.414348138546132
0.523249606399258,3.400167944383278
0.5281560263886971,3.380408615486582
0.5167893576562719,3.4517674576668766
0.5180196648849344,3.4573754410190567
0.5002888144271115,3.581081546554667
0.5268891930018202,3.394141383519937
0.5122089239677916,3.491037535585509
0.5229719680000111,3.4194885722305792
0.5204917311412132,3.4305505776983423
0.5157050878875842,3.4549615970793566
0.5251478250935504,3.3998678944962357
0.5211352644843396,3.4354011741103037
0.5249090562959604,3.3872070101875487
0.5159482569738139,3.479251777261557
0.5242538834746135,3.4102624229649914
0.5250920175923579,3.398778286373039
0.517407968801588,3.4470732931059898
0.5181683477791816,3.452417898967899
0.5191040866103213,3.4412620874903492
0.5258915155767079,3.3927231817897834
0.5202443078301282,3.436057181531757
0.5201195515505316,3.432257105441438
0.5310430977662828,3.367777250684957
0.5259464010025803,3.4098141579327383
0.508321606440286,3.5115294734806772
0.5191682203280725,3.447477929162796
0.5144871305241182,3.482218316512144
0.5219901345002249,3.4163839394842035
0.5243162967693918,3.389701733601631
0.5267411457083053,3.38334528006939
0.5132105093692154,3.496661394379182
0.5136238451964015,3.472298311031583
0.522565287163001,3.410696839576236
0.5204429490942624,3.42967285666007
0.5152657626775434,3.473585359900394
0.5253996948859521,3.4139108044007886
0.5042079851929264,3.5637345057399337
0.5197829688582989,3.446320287931084
0.5245686504150628,3.397859246549102
0.5246040212660112,3.4025653936763547
0.5143583538231187,3.4856073213552943
0.524427080272593,3.4071220360377517
0.5224434265518516,3.4108815541212927
0.5134955850943723,3.488535313741673
0.515015019065644,3.4766655851356294
0.5149046302598423,3.472155747730006
0.516862905024692,3.4610830180020282
0.5120715042638291,3.492577100514144
0.5069179129926991,3.5317632537173003
0.522942792007345,3.398961912947917
0.5229671720304647,3.405993234683624
0.520948363511329,3.4402246216494743
0.51486834242697,3.4726455342845495
0.521793271510216,3.4197375575035016
0.5262930006390122,3.388115136543658
0.5158596243709404,3.4688167257336495
0.5208368868917705,3.424031398117849
0.5357086279292644,3.3468519707786504
0.5078666872522901,3.523020666510579
0.5220336152045042,3.4094985755090734
0.5296826621899107,3.375647967398549
0.5262669131007198,3.399473336170699
0.5172694285312298,3.459779452383079
0.5079745790251071,3.5229298908889506
0.5045161456621972,3.5371802880906666
0.5152045818958897,3.454850178146846
0.5218640112897668,3.4173426491350485
0.5258212240923344,3.400133652140733
0.5203674823843256,3.4286243453506926
0.520029651167071,3.4367499716169445
0.5260185373945951,3.3941510171354365
0.5262830748777987,3.4012986232265083
0.529372913550485,3.3822916238032708
0.5262946340671855,3.391983204500899
0.5248801892967161,3.406391478193838
0.518217675884967,3.4579247520861904
0.522507666932979,3.4103680804137007
0.5176155438482684,3.4523380387205993
0.5179052601577399,3.452102193932759
0.5274019238563052,3.3997229311738275
0.5220570270857776,3.4309960135441617
0.5230814024585426,3.4196761660756594
0.5131285922970668,3.4933628369465133
0.5213822866340374,3.4224903272208627
0.5145758963332363,3.488293087210332
0.528407009525161,3.376147745677624
0.5262406800977486,3.3884600253597497
0.5205411486927818,3.4192139327495292
0.5203280756052295,3.4400935110114186
0.5230278567850661,3.415066959394004
0.5186710257108837,3.448246789745218
0.515751001071477,3.463870241399837
0.5248801215469947,3.3956626805371184
0.5073816206176229,3.5391733096484583
0.5228852643761233,3.41554579792614
0.5093340024130251,3.532038323189146
0.5170217832508206,3.4456823962559286
0.5315715013510718,3.371486006958083
0.5123480110921116,3.4911912771630083
0.5178832688160164,3.452216774744573
0.5130871888388706,3.4805381720647084
0.5181271067145101,3.4475800404753465
0.5266974273000149,3.3835962952922523
0.5239882726510323,3.409110949108456
0.5225194537990455,3.4164427898891905
0.5161325408674342,3.462563223205665
0.5206196906436782,3.4205771941755208
0.5107510421997923,3.512379106279392
0.5291994116732469,3.374685315631599
0.5150629605640773,3.4740097878398077
0.5213191477893975,3.4328812554797303
0.5156772437629898,3.4672534488685502
0.5219935122800097,3.427874803842782
0.5213333663970676,3.412531637627211
0.5232557773615879,3.4127631383280512
0.513956472985162,3.484461852334197
0.5132720989080418,3.4816562661887125
0.5255637969724732,3.3825147614146176
0.5191131535637188,3.4443396717312345
0.5308015483976318,3.3691624392859163
0.5229144438909011,3.412512832532243
0.5200089172892604,3.436789656763073
0.5103375272778636,3.484535187539143
0.5210698364971527,3.420629611219847
0.5328851937930512,3.3548743408803983
0.5243411006439879,3.4132065459893615
0.5215508412867096,3.4320059768061473
0.517972117017711,3.442907269401373
0.5218993285264568,3.417440682843401
0.5201355782894039,3.4351171120481285
0.5264160262938273,3.394045661709505
0.5223110335673424,3.420728826831498
0.5175954318872222,3.4571077563158843
0.5179912952633952,3.4539650669424335
0.5245416007973185,3.4090125603361465
0.5200293711167145,3.431669038081314
0.520560565645753,3.439643909120168
0.5265568087415483,3.3838893876840337
0.5173687679227659,3.472771235146381
0.5153552763287261,3.4694075492731233
0.5145153399586009,3.4832395058010963
0.5222166844022444,3.4294646403069127
0.5110328758053295,3.4932153800623347
0.523697406422174,3.4022174502298927
0.5154093974879697,3.4758654112506076
0.5337096033816908,3.3393081950659704
0.5163741710130647,3.453906774384469
0.5231052604152635,3.41670629868139
0.5122161225473312,3.4962143369288574
0.5229298766098103,3.4195404072390234
0.520630546705398,3.4433671864777713
0.5207422279791689,3.4378701863917653
0.5125381246051052,3.482194828590588
0.5126846829088345,3.490261116842247
0.5073928475635705,3.528092127380332
0.5207382005868995,3.4274952752956516
0.5196109117130181,3.445196791895369
0.5159885436204023,3.475613432369643
0.5273994633108708,3.403479606785381
0.5041371758389489,3.5453123696771174
0.5174862307095307,3.435277573270212
0.5160093537505035,3.4714161447295866
0.5226390565372631,3.4300175960426253
0.5186603783236623,3.431261920490713
0.5191474015238016,3.4431706326564937
0.5246723281362751,3.400520768650562
0.5216835634740182,3.4296142669577274
0.5147930689374105,3.464590798585616
0.5187650345114583,3.442435559264482
0.5176981688438786,3.4544408351735276
0.5064438889423822,3.5481343697393988
0.5243513463516788,3.4051368190093916
0.526380499609073,3.4027268697142268
0.5166117311733115,3.4530831839580403
0.5211054210518199,3.431264092758709
0.5188027711752825,3.433373186711008
0.5234247078649068,3.404795041218377
0.5146324041939598,3.4717401735399833
0.5105209458630471,3.518525098271762
0.5134197892919374,3.494424364475715
0.5242279619610201,3.408982190669181
0.5123181019832553,3.484608869432488
0.5222963797742886,3.4207372589132783
0.5116776181680793,3.4919229416972826
0.526820829174947,3.402320125366199
0.5249463776964505,3.390068115003965
0.5191197439979506,3.4483095085165743
0.5243674938376386,3.4073416515811665
0.5349629640658495,3.3324418577422787
0.5234821883788571,3.4150139440037464
0.5279021800561553,3.3806704768447773
0.5181518366429596,3.4485109557126044
0.5162832138838183,3.474611548607664
0.5181116728373976,3.4478424710008877
0.5230780469912386,3.3961674278065557
0.5226903400554699,3.4083335615396497
0.513999988501705,3.491576616949277
0.5227832936101701,3.4193150933968735
0.5108098388351927,3.498269042605024
0.5264822864836782,3.38379720699365
0.5293363782221812,3.3647423472085145
0.5270659579581622,3.395155378230762
0.52810182098889,3.385916330977855
0.5102197777239952,3.5040757466204586
0.5162203013116311,3.459223321755917
0.5242273578106476,3.406022062243765
0.5229824235014129,3.4125520963675813
0.5199954856264025,3.4303599517635606
0.5246958849029313,3.4014798744878694
0.5243870691005152,3.4130964934426973
0.5226698512919321,3.415287418709719
0.5154960249230104,3.4651219568672
0.51943599349884,3.437279774181234
0.5121544840739005,3.5045480705818903
0.5184012323533376,3.4574824876881736
0.5083995715495946,3.5078371634662138
0.5187323851754677,3.446908113129229
0.519549039268367,3.4437889812826956
0.521249117154984,3.4289784291410648
0.5238631934203802,3.416642615374576
0.5261367616983013,3.3996024967895617
0.5144661286840615,3.4838290964935905
0.5289377089830135,3.3812283063481923
0.5182280594455844,3.4481814898909664
0.5071369974066662,3.5210467608004947
0.5077122153869467,3.530429904928265
0.5076135220616933,3.515587350516292
0.534350110873208,3.3416634002420427
0.5085774466998119,3.5022937702922965
0.5255436986765443,3.3928853718950505
0.530677877260372,3.374287836448248
0.5184219829419996,3.4583064243773483
0.5217716946813835,3.4235885429151076
0.5247931137474209,3.4144797782729754
0.5249978825151759,3.4013575223222006
0.5226769079073232,3.4114850486073705
0.5176219065191199,3.4461512661511784
0.5136369369530005,3.487371842518513
0.5230133536991188,3.410787248762613
0.523051177646911,3.408384380729745
0.5211155972065935,3.4297326036087528
0.5265400476895858,3.3969347387829854
0.5193815124038108,3.4460720618862184
0.5159643466331068,3.4702298256227224
0.5254584443050505,3.407200050602718
0.5147890465528191,3.4777362946743815
0.5210769699176698,3.4318548418396992
0.5134740814923313,3.485022258124551
0.5215110852663712,3.424018425774888
0.5210232576878067,3.4529890069201823
0.516777305338292,3.455325096797392
0.5274620757717754,3.382761875046889
0.527684417558558,3.3798581526196965
0.5159057932063418,3.4689446620299735
0.5277351529089452,3.3905129859506062
0.5233388028649852,3.4139408065682866
0.527329933049451,3.3733033555550986
0.5194323343779035,3.4406864857015176
0.5226846770022843,3.4195115537053637
0.5192381309123268,3.4184314574063546
0.5211820355702994,3.4228839268377773
0.5145230832743022,3.466818324943302
0.5271883843121499,3.390921523316626
0.5257069994672648,3.3972494987870996
0.5224852998283065,3.42624375358508
0.5178909890115438,3.4555127247344766
0.516694607544764,3.4524728645674347
0.5245731309678068,3.3959820618455994
0.5229253513187013,3.418654678742445
0.5239016064040459,3.4025681304810305
0.5263556102473965,3.3841095462778705
0.5272008465721516,3.3909701368736127
0.5187421218516597,3.4317554346168504
0.5219121110074352,3.416808071454965
0.5262479910397304,3.38569616828695
0.522292023704487,3.412922341108094
0.5115925569575897,3.499293872102458
0.521776962854527,3.4385054355505322
0.5239787543616736,3.4071174766302135
0.5303502497146824,3.366155946924525
0.517963361187541,3.4417179746527458
0.5212777862153357,3.432539415226348
0.5254333683708998,3.405959961727229
0.5170758482018494,3.4497436159954575
0.5119373138501789,3.516914015482284
0.5280529605756947,3.3823015215509535
0.5224283652898944,3.4166752567494
0.5198052844301244,3.440392416937125
0.5247548234810124,3.394830103548375
0.5197321178447403,3.437287463854219
0.5208332587701032,3.4415730353231346
0.526566126352388,3.385039281368547
0.5165624367689607,3.46205363552568
0.5236581267070457,3.417339364559289
0.5260328327511845,3.3941119538653464
0.5304274013885948,3.358188068739092
0.5152311525635095,3.4631624436093866
0.5153730789836575,3.4669015855806515
0.5237348136241071,3.409928506486292
0.5181343631055046,3.456373779135597
0.5218523309522869,3.4203807723837696
0.5228457147510676,3.427746513583476
0.5204976461707369,3.435414396185551
0.5189252625672869,3.43326201062314
0.5194450428866093,3.447396503738049
0.5218622706612952,3.4189825775182183
0.521579576325397,3.420097897212375
0.5165439908019676,3.4661426740494865
0.5252774721597266,3.4043247593781505
0.5233125301395876,3.408325558160445
0.5107965022075039,3.5003250099879883
0.5235760117415422,3.4049223505480968
0.5210454202428918,3.4295892863444375
0.5240445979664469,3.400032033489371
0.5178436029205347,3.4503473927641983
0.5240096735073745,3.416798556415584
0.5247702686478494,3.4034651082191933
0.515314419273111,3.474674956364873
0.5217401589687531,3.429214349727756
0.5243355897771977,3.402572123986514
0.5259713119362306,3.3794263358697103
0.5237847788120031,3.417953590371042
0.5257771058940579,3.408099933787125
0.5217233888238404,3.441637392123577
0.517843095853739,3.4638558035516787
0.5178157457001853,3.4521363233058024
0.5175133642862164,3.44566646141315
0.525558665455645,3.40127657127638
0.5323848865299845,3.359676814464554
0.524707937048044,3.4009323041783692
0.5281789399551136,3.387213564793386
0.5238092989933599,3.4061874839042297
0.5183121570647388,3.452218081992449
0.5254589761779762,3.412382741699424
0.508626076442009,3.5075037914619074
0.5186901664524722,3.4609684835892027
0.5177663456781104,3.4518676471394985
0.5213203006417739,3.433148552242722
0.5209293229224791,3.4286388043656655
0.51605574707752,3.4452707272831984
0.5217853379570947,3.420494790358441
0.5246931389303353,3.3993227306836515
0.5092013806372575,3.505448084888021
0.5200532068060103,3.4327969982552116
0.521173359281341,3.4367596384607313
0.5215147211040371,3.4353415907744798
0.5162314165838935,3.474669543453621
0.5140399096568353,3.4674517371260283
0.5195052292026006,3.4383762702705614
0.5197054698407979,3.448111452409577
0.520276344979853,3.4383238365449618
0.5298158040274397,3.368467192569741
0.5109425183250771,3.5039784907100953
0.5295647217201929,3.3772508517470796
0.5069039948061338,3.5279723848664535
0.5228180403073533,3.4216254943247897
0.5142875660049209,3.4597729844700877
0.5126061073096417,3.501759658922541
0.5115814997202259,3.5009821384195634
0.521780163257512,3.4182788524439744
0.5146236803020762,3.4749465599632443
0.5272385476265807,3.3850613998971846
0.5153866298774179,3.4692398859777867
0.5201108380958586,3.443904222778992
0.514529352212885,3.4836019676186454
0.5269154734981711,3.3879631133826886
0.5175385744997407,3.4580696921979284
0.5245613200646985,3.3985716093021887
0.522612110608417,3.417812579267757
0.5160134332114226,3.4633905211000195
0.511229150481076,3.497938655172353
0.5123633774514396,3.4913994085141575
0.521537029860401,3.4239362877383117
0.510223512296286,3.509668280112036
0.5236352862500275,3.409717536460132
0.5201800603721582,3.439191209417638
0.51475110294666,3.476766439147408
0.5269834883432074,3.3857925480474935
0.5212211603092035,3.418679198212933
0.5279865710528799,3.3900355587951894
0.5142535708845258,3.4763802092681995
0.5269597492298639,3.386576007126002
0.5271860809515176,3.3934590125894006
0.5238205337038242,3.4058531274404067
0.5180169013706317,3.42899241074567
0.5099744914437724,3.514134369580075
0.523165131509076,3.4140014007024306
0.5215103788766182,3.425072896347136
0.5223813321611415,3.4189394603408503
0.5269114371307457,3.4004195545576614
0.5216871843659324,3.433715042214397
0.5097511379055266,3.5272911745778868
0.5272234576425345,3.381512557025687
0.5162327905070545,3.4658375147125717
0.5106847250410265,3.4808768214888306
0.5132447012230885,3.487890859308029
0.5139662825955342,3.4771930509666
0.5272996619013286,3.386211999837942
0.5240160730238583,3.418656841390526
0.5207441794020575,3.433451447338136
0.5214668070402886,3.413282037900803
0.5200153894471768,3.4364288644396095
0.5095039480461792,3.5091968761475902
0.5337737787431174,3.3492190693368395
0.518363625667982,3.4420894877324844
0.5283159976074642,3.3661513162288603
0.5285257454180916,3.37488771270016
0.5328396932914581,3.3528053807811187
0.524382646662618,3.4185836493098223
0.5214610419287866,3.433772304475832
0.5245632789875837,3.4188871026444905
0.5181605735339542,3.4441540466570957
0.5210073460216118,3.419332707686158
0.5183563882105071,3.436210121835635
0.5205180377342165,3.430982106723927
0.509887456618229,3.5133838853651658
0.511127340854143,3.502116435516815
0.5262577390417211,3.399162928666517
0.5213475696320085,3.4373212195017184
0.5195698772275883,3.427469721629699
0.5230994597476901,3.4034832384225364
0.5229607843757251,3.4203166972507586
0.5233024666552721,3.4209419694478997
0.5199013240583021,3.4473553947054336
0.5221387105741593,3.4263527127494156
0.5223668280869418,3.403217387050002
0.5183929281044258,3.43890102814122
0.5151546311620541,3.4686523833157463
0.517622920412155,3.451679261993099
0.5137558531832478,3.4820412716249547
0.5164928917280478,3.4735215750848205
0.5296173824378589,3.3796309626604355
0.5158567227622308,3.464019674503723
0.510874204600479,3.498531669901548
0.5267241833355338,3.3934836197035874
0.5127337126472258,3.4833715242545744
0.5104256141505965,3.5090871650810214
0.5204690675737412,3.4194417108278885
0.5201730684160237,3.4411950497162764
0.5192770161082279,3.4455717331512616
0.502494383699094,3.5955625621807017
0.5211146470815233,3.4211964517446285
0.5127281664379424,3.5011455908776408
0.5149024021982611,3.4721719438510275
0.5279911185077215,3.386247121275575
0.5241325106513175,3.4041509806861545
0.5267611364938973,3.3785133988728204
0.5134355658156153,3.4693861084140476
0.5194140286184847,3.4161238000031364
0.5120540661473887,3.490805469610758
0.5260698294161774,3.4037430243953612
0.5255900025227148,3.403688852610599
0.526285877251965,3.403182191632541
0.5182863565256137,3.444637405432441
0.5254928758185817,3.398579584952945
0.5161289360108711,3.4538940639199085
0.5253739321246574,3.4018761947649394
0.5298388938408571,3.3838907192360868
0.5237493739683341,3.405150459678384
0.5116252259635381,3.498643357122186
0.5167282914496849,3.4641362416738146
0.5280607701472355,3.371498075581152
0.5119178532396522,3.5033129436072814
0.5050606501794728,3.5445722546876643
0.52871928257407,3.3654311447384537
0.5233193935561404,3.4169879931198133
0.5136659125536074,3.4567759391862505
0.5232023420402903,3.4152281715597437
0.5171923017669672,3.454160142322767
0.5092507334442778,3.506543797393045
0.524438103024421,3.3970856898451802
0.5108062659537302,3.509013910722135
0.5297374698038257,3.366093543441181
0.5154877674522802,3.4687507875795607
0.5251523342380022,3.404871118680338
0.5177024109963217,3.4430218805745745
0.5105405595173322,3.506856270893904
0.5182805276898622,3.442332922888154
0.5275793018203253,3.375688044810635
0.5184662192589717,3.454572602452381
0.52470563394667,3.3981083075566296
0.5231453821850836,3.408448605632023
0.5228639550266024,3.411853808498089
0.5220741615047391,3.4390078978753764
0.5168317487528706,3.463222406706655
0.5245643886982233,3.4109497293080806
0.5226424781296333,3.4081996618410315
0.5206060532778585,3.4387968495522463
0.5124482058776572,3.483417944692623
0.52305454342847,3.4075858754515482
0.5109851645503664,3.508455347918133
0.514028800801956,3.4742371158780547
0.519733413972816,3.4477718175440493
0.5082970084176979,3.5156594896761986
0.5009810953800247,3.5571131312113304
0.5271417330930326,3.380696827820068
0.520185081333421,3.4231789513993363
0.5101081688181497,3.5069202057918183
0.5271239129937246,3.3875109268061507
0.5127122894510743,3.491720937966903
0.5311325159999307,3.3545430014163395
0.5084984614466252,3.5042790050395136
0.516973149214522,3.459684144733927
0.5332077488557783,3.3455050428494726
0.5045241232499162,3.543343823941485
0.5174606081553381,3.4670817109411516
0.5198131344087489,3.4421193637814125
0.5182579477639833,3.4377828128510726
0.5133007021373385,3.4805836865578583
0.5146431493408574,3.473165659734455
0.5266434004500147,3.3906191259480085
0.5037570245749465,3.5598521595469634
0.5229315254853417,3.415368380601316
0.5193722459523971,3.433978859115677
0.5132747965090743,3.48848092756688
0.524756949522562,3.406318072102871
0.5210310968098519,3.4320005588346554
0.5217345169363916,3.41027975689994
0.515544373926847,3.471519735037221
0.5221689648538426,3.4267319761538775
0.5072048727927292,3.5385161188123866
0.5284668673956507,3.378837771699857
0.5184370077310263,3.445941278961944
0.5220490082590465,3.4201959139437474
0.5143816726668391,3.4517727142598345
0.5255275900744253,3.3919653432910164
0.5162806001882337,3.4507871999144535
0.5251102149053416,3.387075782444989
0.5170218556248092,3.453614220427839
0.5159852801394293,3.470521862804683
0.5267579987143072,3.39682880475768
0.5145412200115027,3.4853282562627506
0.5206252432030594,3.4393535970466083
0.5223818156339345,3.4203084631391487
0.5173100421099427,3.4484535682173902
0.5217354624681014,3.4282622456765726
0.5189939015605963,3.448355881556348
0.5239216048485571,3.407389403654941
0.5227344235268487,3.4224926896682257
0.519764666744631,3.4315765498528847
0.5263701189669034,3.390367477546252
0.5241732461415083,3.4083426563163446
0.5279315013342385,3.374316587289101
0.5257278832922021,3.394042376376827
0.5242985823179083,3.4010246609737784
0.520205196562797,3.4463847513758776
0.5292148589978041,3.3819999471732105
0.5205444488208413,3.419290484142628
0.5178746587000969,3.4585673563093122
0.5135440319127613,3.482769733930599
0.5274185783981151,3.3925401308916516
0.5260617423164695,3.3967333532989032
0.5146575760894228,3.487287160778367
0.5252416975562665,3.404213432476989
0.5148652583382871,3.4708106401501455
0.5271700933637835,3.381567742054308
0.5128722146606501,3.5020089528200877
0.5245952474720502,3.404534990344293
0.5140821204508785,3.4866658719061827
0.5208047896450947,3.416107777091382
0.51863625642912,3.455295595228818
0.5291056806031245,3.368054414872127
0.5139659734675011,3.4860745016237797
0.518017367130897,3.428377961499549
0.503588413696404,3.5577805735668377
0.5224714909142512,3.4110639838598162
0.5160502111512031,3.465952556037897
0.5198204866927969,3.43531466708609
0.516099240385179,3.4542239854576295
0.5169833431261849,3.4621595724089556
0.5234992692326988,3.404406496919805
0.5030344638520334,3.549712173857288
0.5141299088710225,3.4696655952856568
0.525185014395372,3.403777947450613
0.5155746811097135,3.46603861872954
0.5193163382035404,3.4259758371302156
0.5231369799958197,3.4256815073330795
0.5271525496004921,3.390737700524543
0.5247982466693819,3.3997489604103213
0.5175852415792106,3.4499643878788784
0.5206929350941243,3.43503140459066
0.5176351182527594,3.4532589817542565
0.520031653010887,3.4313343397203413
0.5213630973534362,3.429721973691839
0.5209963300057598,3.415813375754001
0.5155760850092582,3.46948542380532
0.5202899465659978,3.428927859152723
0.5228955265218613,3.4217110800746524
0.5202086096578687,3.4411761956251037
0.5116117944228484,3.499983760916721
0.5240008319309816,3.4146106668847382
0.5248190495966776,3.400315386269104
0.5143879509212868,3.4786975823979644
0.5229733464553834,3.4179766717104716
0.5192423385619831,3.442632345910826
0.5161333465393305,3.469128401678912
0.509055501524009,3.525692769165402
0.5338929183106116,3.337718484924072
0.5196693873459747,3.440172465327619
0.5126411809690812,3.4935881293906332
0.5122262212267423,3.4970436428474807
0.5290948601606332,3.3814090360823137
0.5193797503199749,3.4377740190924695
0.5240342512033158,3.4085231867130084
0.5253298746489448,3.3910752095688492
0.5165786405911763,3.458027149100253
0.5301932493683278,3.3639311595503454
0.5242566230583099,3.414584163344443
0.5254085746100456,3.403302528263756
0.5206415689499491,3.4451353033710754
0.5181127804243953,3.4527739434693054
0.5193553302468898,3.4485593187646297
0.5233800632010674,3.421703235543935
0.5127441054533601,3.4835078002094355
0.5199837136285529,3.4365392877723053
0.5212219859178051,3.4218966278280374
0.5291909031790489,3.3756420484923897
0.5116797764088257,3.5050575685020613
0.5144827280356141,3.4625852411044673
0.501691296585127,3.5573487100214147
0.5244285075976434,3.3928643322905456
0.51912233458998,3.4455411406452323
0.5217720843381941,3.4173449511476828
0.5261181550539914,3.3829612012740893
0.5243551383834746,3.4044417915056395
0.5235320161522177,3.4065946762379107
0.5231079708732385,3.4161532363770677
0.5247977411926785,3.3991308522075854
0.5160853276717536,3.4520950327834456
0.5300453203850555,3.3757942569042223
0.5084099626750858,3.5109812224565866
0.5037444031993878,3.5507437369160524
0.5236243554940037,3.42008235760044
0.5101294040500672,3.5091634929519877
0.5213564136518163,3.4134929662127647
0.5149152342583488,3.484024867818862
0.5131040814608742,3.4872708805342425
0.518805920281542,3.4324508217521927
0.5197816622935413,3.440698826494949
0.5127560933487134,3.4791588400217757
0.5204530456654872,3.4349084976949307
0.5164356992790822,3.4668568273353717
0.5173669268668384,3.4705948480887274
0.5222848970492542,3.4136585744786307
0.5129738180186791,3.5037690629242477
0.511287836204096,3.4878528835612013
0.5273593013259046,3.38547810473111
0.511614456050454,3.4991701459445506
0.5158958074867348,3.4668846476312054
0.5178824616142741,3.4622219101646343
0.5195371276244489,3.4369412229136804
0.5240325588640716,3.4121227741685396
0.517588779724256,3.455800036781235
0.5258756676280361,3.3905373446816087
0.5140587785406281,3.4777139895884988
0.5227270804798905,3.4180759910079987
0.5210810662067733,3.428402565105119
0.519486227497399,3.429577162649495
0.5196887867019323,3.4427963167820197
0.5267966081483137,3.3841843697647276
0.5148796680342207,3.4846049611419136
0.5142473760372941,3.478581261313857
0.5266262412791289,3.394678410748058
0.5204481893364516,3.4335309806298038
0.5184914137656735,3.43823260302326
0.5249384713461589,3.3996833716605765
0.5318353339827185,3.342563722055574
0.5130611145163047,3.48503910069895
0.5114938586719867,3.4977253838552427
0.5237669174574564,3.3907513825304276
0.5175011473546547,3.4589713887930564
0.5228497819863759,3.4203443224484387
0.5153391768387254,3.4614329775318127
0.5254876403609763,3.382483790574287
0.5099144809646576,3.513958529460434
0.5219301106845322,3.425144623346645
0.5209988166450008,3.430358964682144
0.5108589880088179,3.4972032980851835
0.5216679008026206,3.4263660618719456
0.5127469763592354,3.4963985876931067
0.525750660909063,3.404122088470179
0.5220423302838959,3.42587852161886
0.5248958448136516,3.411029306456018
0.5302190130014699,3.380423936924172
0.5171294303225813,3.443020010953659
0.5219679609622678,3.4311767237534436
0.5226540169906044,3.4172123919588953
0.5261247085622938,3.3955759323461123
0.5260739303822644,3.4015978769386166
0.5214492209594495,3.425558637252859
0.5246850104777383,3.4044493367239843
0.5262071526982675,3.3979234265032288
0.5163847922218311,3.4722319790231695
0.5252473801196267,3.406801440969486
0.5194623229986717,3.4335487396974664
0.5221393030730679,3.4307510885458288
0.5237039028699901,3.4087349629676456
0.515129053249084,3.4634127449958965
0.5243304070893923,3.4141114324296185
0.5255440063538013,3.409544152477015
0.5172201919986599,3.4559582726420253
0.5175946663170541,3.452656640318035
0.5265167570042646,3.373973034265589
0.5133144583773626,3.4784833555953365
0.5210585342340461,3.425105522336268
0.5223672803613202,3.4205021537671305
0.5206324252523324,3.440056751304152
0.5257990134911444,3.4033033383467477
0.5265107543338872,3.3749222488679207
0.5240481232842606,3.4042048260627724
0.5128641461800323,3.4915110554942403
0.5216375008678029,3.421527877989273
0.5279627521123592,3.386002002312855
0.525261717000991,3.395775479491326
0.5273738656168525,3.3946232441737223
0.5167221106345313,3.4578643008265817
0.5203517941845947,3.4352842687672123
0.5172744650560095,3.447359933976202
0.5203250667282828,3.432454180294989
0.5142986574772239,3.480162259822677
0.5170245541447211,3.4599287597735446
0.5221729825421224,3.424335575745188
0.5140795852733118,3.48114179900833
0.5134401175805834,3.4799203242108767
0.5224179623908329,3.4194205841180882
0.5272025858681768,3.3846791376265686
0.5271260282008838,3.394297363073764
0.5165489820270056,3.4752730734616906
0.5077511170542482,3.5214470707303036
0.5252079938209577,3.39412183796268
0.522746509509461,3.4363683835429186
0.5099090452580038,3.5188464544258498
0.518666996675704,3.4432447141297744
0.5215842876638761,3.4265206515303417
0.5244448907233399,3.398497403373479
0.5220249573664021,3.4062443044057376
0.5215036370353314,3.417857869403932
0.5180128751415691,3.4563687133580414
0.5133955586672405,3.4830795749839822
0.5149391349749874,3.4671574092065547
0.5216857817232916,3.4216391305147136
0.5281388167020908,3.374365934379892
0.5232344341101565,3.4069989905669886
0.5164594644520171,3.470322278009147
0.5189096291137489,3.4331032153214944
0.5279753070378164,3.3911824278412497
0.5268386180687343,3.389856325732427
0.5271040511430256,3.4110637877828296
0.5182495412546144,3.4485490160039816
0.5183045058677866,3.4501987795631726
0.5236563204807134,3.4066090790782346
0.518998222098414,3.4318179905033994
0.5127803680544769,3.489473619770786
0.5198215755407903,3.4314296695917434
0.5205608666064028,3.434969653877692
0.5179915540119805,3.4562812874076796
0.5221783724031335,3.423914874272762
0.5199895529363128,3.4347796079154818
0.5200007752935911,3.425601292052137
0.5187405681200001,3.443917597553105
0.517066025494938,3.44546254860324
0.5109069386474085,3.5037411789089865
0.5162799906713661,3.465608445028594
0.5159453344282394,3.478957027249978
0.520896999417956,3.425601883311279
0.5191552564495701,3.429749634115393
0.5219713178802163,3.400104829123537
0.5135633640072033,3.4811755543707354
0.5301926522918197,3.3682924082743604
0.5200209177832769,3.4276092975930066
0.5181554183443391,3.4560821698973982
0.528253424172568,3.379618720081348
0.5264740187376098,3.388120304143218
0.5255794889329193,3.4141894442675205
0.5107180164303029,3.501602704768181
0.5245939657958569,3.402832496038501
0.5262059107700756,3.385602539875192
0.5271399103317422,3.3948354785313213
0.5160865464458829,3.4649264254026226
0.5161188961989385,3.466021543048677
0.5133692692452019,3.4924239778646786
0.5230147322115195,3.4101204511268364
0.5210876649545901,3.427709349091765
0.5185653546840441,3.4503818989341757
0.5191709250444709,3.431756619695311
0.5221374372224434,3.4108999842270324
0.5165923127888257,3.4592576209775503
0.5174834791215661,3.4538641789098268
0.5284666948295466,3.3874146542575136
0.5250308705115883,3.4024673731443373
0.5195564413569966,3.4431687629385377
0.51644307674936,3.4664801942214845
0.5219255795570281,3.42136192106262
0.5136101047259436,3.484125200675753
0.525154049281934,3.401064127753827
0.5249458982061054,3.4066301660880667
0.516825784318121,3.4623447645320597
0.5195344529676706,3.4380121387437645
0.5177939220328536,3.4547587023550443
0.5186459403272241,3.445082745760128
0.5254915825955184,3.3871473806465064
0.523056504638707,3.4165881110121226
0.5264617059711535,3.3964900991649434
0.5234543454385406,3.419009094206045
0.5109834085476936,3.50772298439206
0.5235020640252022,3.4054486422216184
0.5292434988722907,3.3585002775484005
0.527593472012546,3.377717676181796
0.5234576553253325,3.416505598682119
0.5238636567832835,3.420705891695953
0.5172248663059072,3.4528276367651607
0.5183757399919988,3.437077927665524
0.5166057681663929,3.4574968083282487
0.5253724878439314,3.3919898816180227
0.5244696664677644,3.422447719132903
0.5279752965840288,3.37070016851393
0.5192161498731005,3.446460589239421
0.5206198359438918,3.4488086398046995
0.5182318174325584,3.442629570184823
0.5276833306600699,3.3873270230186985
0.5225882540345581,3.418622772853601
0.5168410004222461,3.4742346245940845
0.5152851837229122,3.4823183576477312
0.5140024410144406,3.4587243483294126
0.520331229748384,3.435443100730599
0.5222043085963075,3.422784326405236
0.5282751372873387,3.3835172993306837
0.509022695812184,3.5143958559706734
0.5137048709377822,3.4750724462144933
0.5188360444994864,3.4420576580478235
0.5210661555895306,3.4489058593000186
0.5278348643589634,3.400599325804519
0.5135113011812789,3.4722487765025556
0.5217111594747805,3.4217766488287964
0.5287642709787782,3.3756023866155593
0.5213898274232429,3.409542920657382
0.5083460823526894,3.5160767346798387
0.5244652019967561,3.410311680742309
0.5262484659135294,3.386784187355204
0.5307613188026598,3.3736268982159046
0.5204815200175463,3.41387062442696
0.5076243021621667,3.5328992028945274
0.5235820233546573,3.4061736145071837
0.5161323239558913,3.4796049084021123
0.5100113347212077,3.514053385463587
0.5270759015366566,3.383257499426795
0.5068897089858514,3.5373866979310193
0.5167489530381593,3.450204118486523
0.5213059004707157,3.406594005039383
0.5216236206910951,3.4371631028948237
0.5200090106373817,3.4294702508119808
0.5141269406993295,3.476842275409774
0.5261600022062258,3.395755253906076
0.521741670789555,3.4210081107220427
0.5112104454441035,3.521570218032244
0.5123079713803562,3.4971183322526604
0.5206571476846906,3.425432619289377
0.5235734353468904,3.4235752631093064
0.5341782927689668,3.3489067105116903
0.5171212304643047,3.459911463655943
0.5226543497943472,3.422337447310136
0.5045234100523333,3.539561709335988
0.5210685385732723,3.4332952105449768
0.5248937132728513,3.4124033114579473
0.5190984806859247,3.435805520432353
0.5264574364656354,3.3885048448653294
0.5142232876651304,3.4761305068255695
0.5199018426009367,3.4365843966631484
0.5171335664703841,3.4533551576960835
0.528086870418343,3.3868965728213016
0.5230252974016854,3.412521940796578
0.5299743480823366,3.3636525642852693
0.5199944588120323,3.4401145652827543
0.5261977547824566,3.397036356716316
0.5163077602592945,3.447141631547354
0.5268638321326201,3.3925161442648837
0.5217497494590162,3.4213046551040294
0.5212950887976493,3.4194110602937844
0.5077242140480039,3.5207478000754193
0.5085241405554513,3.5087288502983043
0.5204189584871679,3.429612321507061
0.5230205271863073,3.415916715774798
0.52740421723604,3.398943923482705
0.5145100815534577,3.4649584231522628
0.5166798072750114,3.461945934628505
0.5159784227365233,3.464028463247959
0.514230698609629,3.4807140352687864
0.5134787158449746,3.492702451495632
0.5164732382019253,3.466956256129657
0.5225122579188866,3.4271135437727347
0.5256183626278177,3.3984460097383136
0.5184046286259094,3.4465830004290927
0.5179063571511775,3.450721728720033
0.5165370568677641,3.4498429399491757
0.5179290631350086,3.454259220648706
0.524452027493046,3.4135349350883577
0.5081211892026904,3.512666433107575
0.5186548475298898,3.4508811913186634
0.517421518831157,3.4511027607233555
0.5131535773778093,3.4872944092554
0.5196543430069687,3.4498799388569967
0.5230263742146273,3.409731591304814
0.5229490911200045,3.4201839426818506
0.5243656082148032,3.4030175611445963
0.5205640422658617,3.434439997238277
0.5340582572407708,3.342212312246901
0.5078904539449576,3.517566527220744
0.5206602198698221,3.440445850863048
0.5221990589311797,3.4187509883988714
0.5083809292761122,3.5379922604428287
0.5245330463483406,3.4102244230959307
0.5304318646987978,3.364772183545235
0.5196384279923141,3.438104666063264
0.5225543420780263,3.4205811289334003
0.5242612532840114,3.403153560764919
0.5219757712704225,3.418720092555859
0.5181565777419399,3.4493517769996895
0.5263077850832052,3.3804099176669617
0.5211255969397279,3.4280964584116487
0.5278178061450498,3.383305757636379
0.5150627335916329,3.4784546211490266
0.5215937519645694,3.418687624196824
0.5256099869810396,3.3797545547956163
0.5127678344426352,3.487386397439209
0.5230424016978243,3.4064383752016396
0.5169331500557186,3.456794725102583
0.5211220560048413,3.4176124184608243
0.5213888510643401,3.4287681213959074
0.5171030214554471,3.4669926466067267
0.5210664982404287,3.420729164114288
0.516331057197581,3.457116210935281
0.5216089771096593,3.4273169397270635
0.5204836577032055,3.419809767887753
0.5179617362966438,3.457101892183646
0.5281862956111996,3.390791177526108
0.5229909440356202,3.414222001246677
0.5163640251875525,3.455889240788905
0.5131393809879754,3.4847831385205357
0.5180298392420754,3.4390078978753764
0.5193421046963813,3.451501401361971
0.5156673018522622,3.4766031370729262
0.5174617563450896,3.450497036096381
0.5243284642393469,3.4051669515591483
0.5169737074988563,3.4643359148752086
0.5248924572814427,3.400086106876999
0.5102583554186939,3.507288611247669
0.5162255386953651,3.4628632742726952
0.5319990735285722,3.362103949554348
0.5169332637753432,3.4620452805072075
0.5186391460524717,3.438793002682703
0.522603203324623,3.4093967018919984
0.5200792109936152,3.433106969846131
0.5168596280878222,3.459034056631186
0.5170963211268635,3.439269148671015
0.5205857636409321,3.4368786676887786
0.5229786002083731,3.3931542252238645
0.5216405034168766,3.4207643260652802
0.5127322926496567,3.485617497903078
0.5132559237716792,3.4788501031177455
0.5311676478435605,3.360629376966398
0.5257743466127409,3.3878077927212122
0.5265369001284732,3.373372830991179
0.5126695475271383,3.4886260171634276
0.5132266218957862,3.49532423308616
0.5247915816924404,3.380186367172942
0.5238012192416277,3.415443425312205
0.5193544595937123,3.44514599077007
0.5224147859151507,3.4224944615050394
0.5195218573010985,3.436241801736159
0.5221312887758112,3.4100575041651435
0.5204568747113648,3.4227824137511087
0.5244488914756885,3.4039262495456817
0.5231086575931216,3.41983095369597
0.5076288331195715,3.538932648832653
0.5125483813410401,3.48481411950154
0.5231264760576511,3.4188334538631384
0.5111412886325175,3.5014321747332886
0.5178933485478523,3.450362785588878
0.5257321498195194,3.400186695078812
0.5228611360058761,3.419308519671045
0.5217170819102923,3.416913131966987
0.5308152206049983,3.361167247142381
0.5277219266836484,3.3999043317980226
0.521912469542829,3.4266314802249926
0.5142115580905458,3.468680821033497
0.5154293892854789,3.469986026236662
0.5140432279131806,3.4800954615534474
0.5237270572160191,3.3906294704338733
0.5154096864731152,3.445423933821499
0.5209842135706053,3.417588385515815
0.520340412098866,3.4366284887485636
0.5253400676613713,3.4069634401262947
0.524167793469795,3.4051132275166975
0.5203098149792211,3.4359696656073004
0.516572512453834,3.4593014926685774
0.5155710784656958,3.474914337395187
0.5187551629402063,3.452547584223902
0.5269309507340889,3.395622537575091
0.5097835414674443,3.5075325798813783
0.5233107921780122,3.40970090591769
0.5153742658397997,3.4725866639597713
0.5256100287026493,3.3967910975591753
0.5226218395541502,3.4191937628552784
0.5305527161323544,3.3884626094778305
0.5168384058106134,3.4561002398775202
0.5086467006551374,3.513952434166154
0.5170007433391786,3.462047675800138
0.5246981515082461,3.3978237558328317
0.5225169789095283,3.414017271477097
0.5126349768720517,3.4784905249125058
0.515030679467663,3.477885840635249
0.5183685335034984,3.435917784652797
0.5062169869316666,3.5294654558320886
0.5203600429085996,3.438976385315237
0.5188209615522954,3.444409532218378
0.5161615868218823,3.46824939793889
0.5171281688011864,3.4574202520936805
0.5054656956486365,3.545103830995356
0.5237206699367332,3.407629938714423
0.5202889298122636,3.4457743777540655
0.5251380666426536,3.397619908985663
0.5133578599009643,3.4877059911033297
0.5241935936663964,3.401856651033835
0.5148619267092482,3.48770616371059
0.5132615042115724,3.4811474248749636
0.5280877172632954,3.387677397830007
0.5229096377945504,3.4152693246330683
0.5260718851147236,3.398376073521376
0.525481951263224,3.4074325126958778
0.5259620361306057,3.396936633982239
0.529069368709995,3.3842640505278614
0.5285571075467034,3.3704707465826096
0.5231865825458464,3.4168523350529636
0.5125095154314274,3.482951418350764
0.5135620456623171,3.4838435188823924
0.5163771465921922,3.4450223935747224
0.508672527726101,3.4941059985625986
0.5229802699712909,3.412478837946718
0.5264670924625146,3.3790633736805447
0.5213328834387756,3.419258711551819
0.5234319311299125,3.418934572832525
0.517886031934959,3.4485704162699005
0.5242567741002109,3.403505894357208
0.5244644466331132,3.400232009777002
0.5178188294079822,3.464204300808199
0.5258258717909912,3.3965189686389134
0.5278878594377774,3.388039457311493
0.5324893674021518,3.3532501421112015
0.5219794815782015,3.4202421133722707
0.5203418543064904,3.424744743087884
0.5224949651425264,3.4058447117215387
0.5221333936919506,3.4264834748928132
0.529210997146229,3.3801179397711847
0.5170615174244404,3.4594302912678154
0.5090319779969907,3.4948914519867387
0.524298295847392,3.3892623283907555
0.5185081379888181,3.4602000687668113
0.5164858961817262,3.4478457341543303
0.5208087602204472,3.4313473172602005
0.5192883233760295,3.449615334731199
0.521062048979813,3.4377126049152142
0.5195544612408274,3.438474324483296
0.5351840824707506,3.340000127316356
0.5200895319571989,3.4440183920842617
0.520846593092203,3.4218548159624538
0.5216952158323567,3.428715666678533
0.516349126938976,3.460720987312111
0.5294109993008675,3.385581444076896
0.5255200912378475,3.4027828941817275
0.5164592991269447,3.462958857909835
0.5184683834954835,3.4400610243482563
0.5185142581967856,3.4464464368458163
0.5203318834043416,3.4337215363973086
0.5135949636755811,3.4847634809996033
0.5177405188079756,3.4585765841963245
0.5212650379601618,3.426137980733551
0.5237935352077004,3.4135239171468226
0.5200577084777844,3.4258065508322444
0.5186911089990249,3.436271673293381
0.5231097865200134,3.406873908707921
0.525295693597552,3.401214073082912
0.496155768629773,3.5875765828339836
0.5163435995645078,3.45982888823152
0.5187316186754367,3.4432754804592247
0.5198178734626635,3.4458850486736687
0.5106528720569721,3.5087668065458386
0.5203285528762285,3.4427385619361073
0.5205485272965484,3.442105515981604
0.5231985179077976,3.4008643712615783
0.5195525744323842,3.4362369691862495
0.5256720705907989,3.395431330145512
0.5210397303000825,3.428215013780366
0.5282491579340883,3.371529448724104
0.5199447270473403,3.4370564999789823
0.5222782486694844,3.418375121234289
0.5147994532207866,3.4653771952379673
0.5294751938153723,3.3634032955263917
0.5128416186352591,3.490855924686778
0.5183052098995417,3.4533867147940778
0.5128317803829996,3.4763780027149576
0.5160376728156124,3.460414489564541
0.5214223178793573,3.416085721182705
0.5191206869726305,3.444439999292348
0.5168494355448653,3.457363398517234
0.5087528609906709,3.5184706798980994
0.5145745867955984,3.4738230479516523
0.5223482278320033,3.425496500351169
0.5212986147816285,3.421665137862843
0.5193948628861265,3.4209599311627494
0.5162775836002524,3.466638929960073
0.5209068204172562,3.445844443320992
0.5147801767429012,3.463723526539561
0.5220882974942412,3.4056649680418976
0.5210018795287908,3.4298017977248616
0.5164929020612429,3.4813970405617787
0.5219253717076422,3.4205944790454827
0.5146716936975948,3.468941374945519
0.5202151454056061,3.4338301890936482
0.5170991025845256,3.455629461361846
0.5098596127047379,3.5159354003815535
0.5231645436020858,3.406008808799226
0.5215484207669479,3.4357598304690353
0.5194196778668443,3.4454687859882482
0.5117910667356129,3.50397305234212
0.5252841350688277,3.4010976777443487
0.5120585181802837,3.4999618058447104
0.524867249181006,3.4019171532826222
0.5183402879150565,3.459349923231082
0.5235368512532125,3.4040966054468167
0.5263262646268401,3.4064621176341148
0.5193361035079951,3.4432287928256047
0.5084604664262811,3.512291672079374
0.524600467974595,3.4136671817759963
0.5225595936239529,3.413496050076851
0.39942436509173107,4.174677098685388
0.5121869069689153,3.4724634894601065
0.5301053359272306,3.3827449878801024
0.5204879953517458,3.423296992317916
0.5190113081641345,3.43139381119253
0.5250918977027906,3.3811401768037372
0.5247504724048162,3.4114783810024485
0.5237511647437787,3.4202282028811513
0.5226225675389491,3.4118173842398547
0.5167183174123706,3.4615782077769786
0.5294458151346004,3.3793544375614086
0.5178760143741364,3.461256310523563
0.5098822467110349,3.5105081598467778
0.5011466208858182,3.588535608147286
0.52298856680968,3.4079940815251857
0.5232831048782469,3.4168584259129795
0.5199635615480116,3.4403467668149452
0.512479929946464,3.4896948138616044
0.5232399597938349,3.409098156974242
0.5211677828203793,3.398189418173998
0.5226535073850891,3.4204510318701473
0.5217114711810229,3.4268710370575404
0.5217415045411056,3.422641837202538
0.5252461758306524,3.401413407819867
0.5163417708890947,3.4562960858848566
0.51400431646993,3.472925134515604
0.5151118125568306,3.4523681068384
0.5224692501033068,3.4190052178103385
0.5211658045863024,3.433182738903401
0.5192181500126374,3.437294870838202
0.518238681232774,3.4490722612905964
0.5146764889913663,3.4766442626544047
0.5226281366402795,3.4135724468756807
0.5142624663894813,3.4759523411439703
0.5194204034608048,3.4493709120163856
0.5153622735042733,3.472062750548529
0.5170865292217528,3.4541609385758716
0.5210229462008173,3.4137112840726656
