parameter,rhat,gelman,ess_basic
beta,1.0026036128454048,1.0033265653244705,2259.239686036838
gamma,1.003021555396154,1.0034419793164633,2256.6246210475183
