parameter,rhat,gelman,ess_basic
beta,1.0011993192120745,1.0004246333271194,5189.564257356402
gamma,1.0007853234517639,1.0004994259110929,5131.882582368372
