0,1
0.3010439068472442,5.422067895231667
0.33761319014765245,4.724420443095101
0.3381914074625344,4.615909645566172
0.35560232501878974,4.272101891524309
0.3619844833076301,4.309228778743731
0.3431276769667734,4.456175987079823
0.3882274931303383,3.886998493656099
0.4002920242775213,3.7189552084092026
0.4133889034103245,3.50967108531408
0.37454216709618515,4.002606022285157
0.33816492502206524,4.560369044448211
0.3927594598415492,3.749187932027851
0.3465405162939035,4.457716604723968
0.3189114070764875,4.947179999197027
0.2980262396274332,5.446761928045359
0.32938487834313396,4.815991455927711
0.33084930281038893,4.715755192422035
0.424329266511465,3.400201277839103
0.39655238285282324,3.7126086935451044
0.3567656289872674,4.213604512059971
0.3225102074360885,4.9287133907127805
0.36607230426108983,4.187016741543247
0.4438994932998895,3.2151977541021983
0.3705674418650606,4.101314091855145
0.31283146159192887,5.137704847229225
0.31835907482107084,5.026593499376538
0.40132199399335944,3.6806874007923
0.35445155860928357,4.306209632846938
0.29692599953579746,5.490851934140668
0.3812243856424728,3.8729929200591653
0.3428294588138991,4.575850407538862
0.30932599360684415,5.198602504793111
0.3754749430039478,4.051173546817687
0.3745712665180924,4.054149029463723
0.3522939847642772,4.421863710824272
0.34042310498762723,4.4991322882463125
0.32676056451898383,4.818234234318583
0.3356583030634551,4.702652822713297
0.3101669465196778,5.164008277354979
0.33625972732410475,4.639642786071659
0.35859322110092956,4.238192256479795
0.3707695537500355,4.090976604416255
0.309582708926954,5.1803189334602795
0.38588706166887105,3.8620186769916827
0.3761806066685789,3.9878390246495483
0.3790836976977288,3.9561262169932014
0.39429349082271886,3.747829611921758
0.37632106433423973,3.9846647433512388
0.3639755661471278,4.184778953597772
0.32701961419845493,4.715090808782916
0.3449274873368026,4.464634463935249
0.3148397704971932,5.054391427701967
0.3304268878529879,4.73825336347529
0.31273687321186094,5.126407634163639
0.3528346214352447,4.348976014630322
0.339396432771767,4.597072059787549
0.3522533691232527,4.273272666534808
0.3091476684902726,5.266702452268759
0.3614591490348611,4.154245962454373
0.37102880916004655,4.090537681962163
0.36979559523705663,4.119146979515908
0.31456612411401275,4.944641551055273
0.3187582931552301,4.954819614053577
0.3064210167862904,5.165498532320024
0.3379574615359465,4.57734418134092
0.38754263108528186,3.811117773294398
0.3280332955146513,4.738131445488623
0.36105224921995815,4.309603128567777
0.32481274440666,4.863439825876304
0.3903654718976453,3.843900228512715
0.3597140239196881,4.227853471762432
0.3412558043460643,4.538570000628306
0.39014239614495266,3.78709282737944
0.2686104712379012,6.23898337731166
0.4226723686601828,3.397873905163802
0.3101392498808512,5.095070608727242
0.33055556934900043,4.787655559599534
0.3358727509683419,4.679256280047054
0.3816556644536994,3.973196868717134
0.3869066134805063,3.7834053518562545
0.3404838039249755,4.45165836878126
0.3861709976876169,3.9386020956583017
0.34645903550339574,4.45298550611469
0.36666815735997677,4.143008106919364
0.39612115524189956,3.6938192487263324
0.39934266380318184,3.6493791008462337
0.31356765224581884,5.203767370421571
0.3819413456320425,3.901677482707219
0.27087395388735275,6.26177937741388
0.32389349462377404,4.977499077345771
0.3520772583067595,4.336510439845057
0.3455602766784269,4.557685756872836
0.3537978145807262,4.325230235649726
0.41474948414560875,3.483388028825179
0.3143906227312403,5.20939432778638
0.39082927727404426,3.8016413301187955
0.28886103600151625,5.650914212236689
0.36027127052477625,4.249981732859228
0.38444675187848887,3.8608382180049614
0.37708277888661956,3.988299863419554
0.3607999154569577,4.204253818967395
0.3578239409197919,4.25527753092294
0.3892125807583562,3.8163047705341224
0.36574133959241223,4.181606364330548
0.3441257547590689,4.595732442000249
0.38194076852988407,3.9356665303847085
0.37308229952620736,3.9859453418185216
0.37359780308345186,4.000025101046911
0.3621872643880457,4.224532617891588
0.36607673014161407,4.205786921802367
0.35925665010601754,4.245764830823394
0.35151142818734216,4.333107154551575
0.3476544112549692,4.3189240061084115
0.3465024688565679,4.529133814665146
0.321844647947782,4.954255634442371
0.3331746858195823,4.775146744799218
0.3935511186143167,3.7512114621407204
0.3283037028801669,4.826743340364691
0.35786667528805294,4.200505655867817
0.3490079230042251,4.392779756676226
0.31021603787321234,5.096510874367551
0.3849942693880642,3.9297289933699577
0.38030523543725353,3.998252940368889
0.35888622082793975,4.205211891700647
0.3377186278042801,4.594173499289418
0.315012835940919,5.013097682017498
0.3343366461521281,4.7049380149633215
0.373534124120626,4.004428431607299
0.37440094315677197,4.0037272854149855
0.38314959596896975,3.8795778076085936
0.3933730370338929,3.7576046665664964
0.36691708477238494,4.1255191166691985
0.3665732357997091,4.1819502204747625
0.3172124255486671,5.094843400553336
0.3827401589324692,3.870022117193737
0.40657418675845125,3.5755605588836636
0.41523223749526605,3.523088688169088
0.2715744089764518,6.156831796175328
0.41772882681445944,3.505512149197174
0.3417013523364987,4.499636276949722
0.4016921140841505,3.689112581245804
0.342302148614565,4.566336651857862
0.3677143460650398,4.162082973408817
0.3534092453967843,4.31147865934598
0.4275458369051204,3.385820795224934
0.41178329034515326,3.5419642470673596
0.3663075238095268,4.09906241947326
0.3210923016316789,4.952793329236254
0.32080016448239196,4.893280233952704
0.3521605670272898,4.280677487353251
0.38097080034801584,3.9177918854376825
0.39190714512530067,3.7825489467702367
0.31057645527484856,5.156852586439518
0.3504166241056012,4.338515934842538
0.3738994060026909,4.026766108891029
0.33595517763548316,4.698607662334419
0.3423620083998523,4.559581962501468
0.3213322717070942,4.912437825145784
0.3143245706142417,4.991071722836571
0.41859338916326416,3.49845131550653
0.31707630620739835,5.019786220752745
0.3728083877088647,4.04862531273231
0.3543465059940739,4.363697967949697
0.30928500864578246,5.132945752476773
0.3764424438223317,4.001193035423443
0.3434336842459862,4.440714036339341
0.31607411543105696,4.971770365550026
0.3342852640002484,4.586342054963102
0.44280608062636956,3.24352718898528
0.37188185537511315,4.086769420762614
0.3392536408891168,4.602434330291155
0.3618255577984045,4.1204274782490335
0.3734404200080043,3.9344357611098744
0.33509502676546354,4.6916550201746325
0.2820332534286121,5.822233136316781
0.33158427794767775,4.656789659791408
0.3898106226216943,3.7890516842742854
0.38957043327387797,3.8100435801721813
0.3171914009089815,5.0268704618585085
0.39091204419859904,3.791306471248309
0.3318949539919993,4.64797363269959
0.3590760861022952,4.261998185044707
0.3049094674986768,5.2483783071660675
0.3669521199144247,4.15614343141589
0.4278370576602495,3.3938069617520217
0.32224416400356976,4.883967373025204
0.3183831412978866,4.877761024485669
0.3409687633629136,4.610275531755923
0.36762568205835694,4.133601498661586
0.3630668437511736,4.196730253333311
0.3343773431657189,4.5727577637285695
0.3717282786299049,4.061490260343909
0.36782341206689295,4.100869008679399
0.38010249306569155,3.9538060905872228
0.3304730698039897,4.761559233855687
0.3914050453139118,3.773234267825584
0.3768516470324123,4.047178076954674
0.3146829177937819,4.953168829521875
0.37005754530316354,4.143102214194077
0.31254186148887203,5.134410318772533
0.35913110056068204,4.272781632765267
0.3563703792046411,4.339951016239189
0.3613669305883112,4.292979385832514
0.3710845481577348,4.051756260318949
0.35988901103422793,4.14724001135405
0.30962094555088915,5.223550037467811
0.33431979109873156,4.740737811885056
0.36797080946049915,4.101628819225662
0.35988141237738297,4.190755071095656
0.30274193060197074,5.29397741143402
0.3894755310199468,3.7761882096307686
0.2937063798906503,5.681095168366727
0.35884949115810416,4.271476640613897
0.3694510052770199,4.079656190835917
0.36289379145994494,4.153558526482156
0.375381815777342,4.027797003324587
0.31104712914197474,5.053717719119911
0.3200210129447417,4.931676129835489
0.28374183177560885,5.809583949146071
0.33791938361433077,4.5932987926113205
0.42256711265700186,3.4793377022369043
0.3288391443995986,4.776735251563912
0.3826962680461555,3.8269398629090077
0.31498413475055453,5.062882150764689
0.3891130073504739,3.8088191816746066
0.36248864699592614,4.132479821137688
0.36803565787016346,4.125544540338399
0.4214617422424857,3.4533287422999046
0.3628666957086751,4.194363795561462
0.34533334458451426,4.51687529487309
0.3779031069169452,3.920137848661254
0.30743551449766765,5.3148925385183805
0.3350250290532839,4.587506558968202
0.33245659703764674,4.8131619027049455
0.31151346384608736,5.155184461048378
0.3392485516587127,4.606500005693894
0.3298713631208354,4.631384874802857
0.33631781339836797,4.5765956869976465
0.34399475539305113,4.475668310560785
0.31128897633715563,5.061591828972978
0.3044689657160133,5.200295525539537
0.39359692931074397,3.7907936453053326
0.3778766902118152,3.9587796144420273
0.37990914607187887,3.9194222683921893
0.3432776260268958,4.572895992913992
0.35306381664591757,4.263905297314494
0.35038822036322115,4.374088477005803
0.3559136441546937,4.334481031909348
0.4007730324154059,3.712424140440103
0.31790189749255504,4.994146376277342
0.3668792847612036,4.1190562202671295
0.31511599601362283,5.0060794639716875
0.34326639724265806,4.5578040458272495
0.3302788674913748,4.7386980702419335
0.32880593366865407,4.832759955101854
0.3675263869331863,4.077280271073012
0.35912291114484957,4.219336529882443
0.3610538399120421,4.252565103360376
0.42148599208377835,3.433074447702996
0.2685875759393692,6.302832739217575
0.3812757324872589,3.9175407824720794
0.3678675103988373,4.082258870384699
0.35699143573059045,4.248486581198168
0.3369489348348931,4.627303932418249
0.3946394291328471,3.7725988447227783
0.35823041328045374,4.310815038278764
0.3064704323572641,5.339654246539386
0.3195377890835876,4.992346531327389
0.35665825001638857,4.340535858246338
0.41657913860885154,3.479132342482644
0.38374254985966094,3.897231948260283
0.35546403398143095,4.285159883069816
0.3402816857054596,4.631159128323233
0.306627733767851,5.296545150467548
0.36254901481623186,4.155282993908533
0.26373628336902216,6.639584019618125
0.31980840010915884,4.984933579251109
0.3715119271429062,4.028884100710674
0.34932417695557794,4.4371183844974365
0.3290062924746135,4.77530436689031
0.367729611005676,4.137247762051191
0.36003866844605453,4.263960229218281
0.3321521152269754,4.7373313748802
0.3908744693124265,3.8188799747782185
0.3305431013272037,4.789501933728784
0.37534441210534336,4.012605100871724
0.4525949285493693,3.1706782643360767
0.3667793581523544,4.125616809934051
0.37000093830778796,4.0717876054151985
0.30894121406119374,5.146065612972093
0.3919778346707765,3.7797884977135916
0.34574681198259694,4.476843985462723
0.43405438146061026,3.324574106076029
0.36474220130299007,4.182963866840422
0.3261308537244034,4.819236155454536
0.4052505130846731,3.5747225759415215
0.3663429906912157,4.23802838772442
0.36850723885215886,4.132731610764094
0.3447491457630065,4.403551055863109
0.35810250439852503,4.261779597385549
0.34986497530105143,4.35143319493394
0.3237151312128185,4.813785529979919
0.35610199960760835,4.271144600156199
0.3555307481983635,4.382070625697198
0.36274774218080785,4.197093193060685
0.3463887100353321,4.420189678321691
0.3541528232356337,4.298999256761522
0.3497109930036242,4.464025532661752
0.39274241085286915,3.7785711125651638
0.36866640194610284,4.0288408196429755
0.3619885352459899,4.1550991591870785
0.35900358977672336,4.24272395704558
0.4176414975472747,3.5049431468382397
0.3638543615784635,4.1452594484613
0.34846614700210643,4.3457815546855185
0.3739808100484864,4.076358282433641
0.36380064208177076,4.20397160361948
0.3381368611079508,4.644162069044704
0.34546746383793836,4.548698434063423
0.4187172658331541,3.456991693461377
0.3410319057883903,4.508880984819831
0.3338772849506184,4.650101538745436
0.3258296533285309,4.874096241031221
0.4145812024476547,3.544623123528696
0.3575965675093653,4.2698903203819025
0.32721444617550055,4.829641960112353
0.3171883590438053,5.119083063949762
0.37850231123205524,3.948891083947632
0.36745756876123437,4.1197396307025995
0.2739397156784775,6.0692365416729
0.37837470626562636,3.9702396160523796
0.3209680280508417,4.932306472701585
0.36854349135336634,4.1070237328105
0.39443083027406656,3.736225688775019
0.34453150949322014,4.568115083320143
0.29835474761931546,5.435259348513991
0.38033722500121636,3.9117261212321943
0.3704385165131152,4.076222830300596
0.3001680419210879,5.497676699258498
0.3588180847110898,4.159004882055109
0.33029852156495,4.795579283497029
0.46681400198497885,3.0061519135195662
0.3956664464134798,3.7745322037777114
0.3366929724093328,4.634245845657929
0.3348407865845528,4.658502105027565
0.35257702427492643,4.379717055133359
0.34956281808410794,4.394187284656598
0.3450139006905766,4.524441954152062
0.349449399226689,4.3712855327082805
0.4198329980158601,3.471460141327363
0.3077433427115409,5.251522504595879
0.366652866288285,4.156741418997619
0.342558226995745,4.474434835282942
0.29769038000766607,5.461783676506749
0.3080833090323055,5.201916766824386
0.3770312089990379,3.950883000216146
0.374765985108614,4.051012021925474
0.38248224779147294,3.8932237364389355
0.3867654482174617,3.8945128305156596
0.4178700049003522,3.4730434488865845
0.3309967475632569,4.740765101606994
0.3438614085633783,4.633016404003247
0.3491173874686665,4.435414828136394
0.37527312966906523,3.9682656423204765
0.3598488589576618,4.2644350953941546
0.37191983111740007,4.069354048861118
0.308135825330843,5.208316864177709
0.3610665912829141,4.188108014932496
0.36856868599818776,4.05014903467848
0.37961972344035205,3.924025706623194
0.419865983571248,3.5152796724534285
0.35557641998063405,4.27820812655224
0.427629029643384,3.353506609803246
0.3546948953751172,4.34492116719975
0.37640434585838645,3.9281077796952717
0.38896420089601547,3.8205738807593104
0.37919410859623104,3.9450987672663245
0.39858164128992213,3.69004337857505
0.4007545014966466,3.612422742908715
0.3971363525780219,3.7280563449747324
0.31228119291619344,5.151302213106592
0.3734527074950527,4.04643697751271
0.37394824829818396,3.9739309593854175
0.395562388405804,3.7347341244631376
0.39575587519881295,3.701560737736591
0.3349155343521948,4.608155101765098
0.4129843108862421,3.5422483156765425
0.41841555669186925,3.490131531633055
0.3808790612943784,3.9254049048584987
0.3726708904308073,4.034237573052128
0.3271336818296652,4.726119130709532
0.4081394319219418,3.627629200688513
0.32775724902419173,4.848507118751408
0.33813282844212156,4.63001294381107
0.34403405138213794,4.483399999485644
0.35845610223548185,4.2517407326170815
0.411354654506249,3.573742363437962
0.3518555744638742,4.39690288785762
0.3669523470496263,4.064865321941791
0.3391692619702676,4.586001745090993
0.3153938509633002,5.056056357650476
0.37782735105853416,4.006290440822152
0.35089816602620977,4.463421340030033
0.27943981989425215,6.081735679972854
0.3178717727438562,4.995488523730108
0.37049687421409205,4.077529402879373
0.4223907160910585,3.4375329754623984
0.3078082142337351,5.276160978854047
0.29877375495420505,5.511060362155683
0.3796461534730359,3.897820815729922
0.3534538242603082,4.348306447960204
0.40031558699144226,3.749108824225936
0.36650826424174604,4.133851570947471
0.2992592226600582,5.422778465175234
0.36084156406981654,4.195303203886977
0.3236612525764022,4.767404578434621
0.314777283863583,5.0011193108897585
0.3325012989890981,4.751957867586103
0.36277852001094885,4.167543378904744
0.32638561704588365,4.951434167015278
0.3078081620403771,5.228832151381544
0.3015089903622883,5.33034615071726
0.3642597059596253,4.143563772264011
0.4074440344315653,3.635807087987544
0.3793361229009269,3.9274818311841417
0.3510540982131781,4.376251249730566
0.35971701631464975,4.26841654328414
0.37335485164143645,4.022595788875229
0.35183969680741195,4.419865101889223
0.34983667643004823,4.35779711598533
0.37267427591071756,3.995106504154557
0.35090851288594466,4.412848292375174
0.34700082354652984,4.458666069565723
0.3437107246989307,4.467558187002963
0.3774004683813736,4.005342389076615
0.48335923713732015,2.9179283144968426
0.4119338930391836,3.547139659519306
0.3039912630298504,5.303757440141983
0.3459441225761216,4.485870854190509
0.3044557303018777,5.2933217033486075
0.432219167369817,3.409928154835843
0.3450966778176024,4.531701558441873
0.4006355849085125,3.6986936712656155
0.34718529665830167,4.480373914023311
0.3645923669042259,4.132694463862395
0.37376220074879785,4.04997514048403
0.35080528763135554,4.405543460314886
0.3187305999261256,5.064363678109998
0.33329521776962723,4.674112256784276
0.3323272116191154,4.744944254170148
0.3521507352518807,4.323187749526951
0.24539943551690108,7.1052836942755375
0.3424265762459524,4.532053388032533
0.36631193865072725,4.184434313474829
0.36689878075127214,4.106507449202601
0.4003579380461522,3.6832484878874636
0.34094410600308633,4.529885189961621
0.3221440353508225,4.905247398460415
0.3389706283244074,4.612916074911111
0.3573461355924727,4.1824421618793215
0.3346486166353761,4.702832356091359
0.362970446900293,4.169083575486975
0.2958314278804527,5.56490385546435
0.3745732221966205,3.994108377831172
0.29626561513862604,5.495393982360157
0.3526586869888919,4.309172013292103
0.39239813655000055,3.7804005806174787
0.34821728800886365,4.393008317353277
0.31101811528022777,5.289734743652086
0.2990269525045288,5.44111232450678
0.3219313092654964,4.91657122450922
0.3780640240227336,3.9544481584991007
0.35282974696357117,4.3510941459368695
0.39696061474293665,3.681546674591381
0.3598007426839399,4.274426350325731
0.33570095045205367,4.6533238715996434
0.39989997604536875,3.7349099317804866
0.3578168308616664,4.305365209888181
0.38886300621060654,3.920748564291367
0.32834367042626245,4.749916694383177
0.3550559393981455,4.292290349181841
0.2902739685927302,5.763484934710362
0.33012551237398746,4.756300763617326
0.3314329659325572,4.756162888222694
0.2987112678869658,5.40337316619939
0.37493217592471406,4.01709043214065
0.38907711019140273,3.8274532063125903
0.3113041184295906,5.096052196460031
0.3501261395906269,4.3645513202450275
0.4082656447771242,3.600359887828152
0.35529378619361995,4.238011575256934
0.3597722045954181,4.205533526003854
0.3711293346279345,4.103668348389163
0.3868348003238823,3.8373916601964386
0.34777925626623396,4.468268605176474
0.43835569423570214,3.2874227483501697
0.3707499181763446,4.069790354106329
0.36815203271163566,4.133022310652445
0.37964058776548554,3.870539398329276
0.39870421938823714,3.763499228364277
0.4253231444078899,3.410703038119797
0.3511719173262099,4.385202033233546
0.35886659990320247,4.255793937734876
0.31673420744758074,5.0315489365305766
0.31692002558622206,5.042871339423674
0.376615728312504,3.8961556474070056
0.3639779851432207,4.133604775335801
0.341138037311023,4.498630979336958
0.3823046250202089,3.9323280389089628
0.41277461142935,3.523004340542663
0.30550827341682835,5.326410498147755
0.38167496119345234,3.9403864816959193
0.40793469003697924,3.6439050553738555
0.30635896319146844,5.23766559897911
0.3907701751527354,3.7896714336966686
0.3379311627009507,4.5598519104310595
0.3548916124583347,4.253792773682109
0.36931996545327456,4.064609686947254
0.34059509817698197,4.59255829048255
0.4219645261774607,3.4363668204487974
0.3520161828684519,4.292107909109401
0.36119899008138845,4.21148353166078
0.34379187200034966,4.511388243657306
0.3508846920724335,4.3149102133990125
0.30490885724681493,5.286184043038334
0.3265510572081415,4.872599035365266
0.3121294425611192,5.1121396498841145
0.3865523134723619,3.8580420853016877
0.36307531315320973,4.106562374993942
0.382967962975009,3.9434521347967393
0.3871581443151498,3.883665174292433
0.38582646541205956,3.8753297144821524
0.3636549698568466,4.22255583083539
0.36093732591836725,4.1663131354942555
0.366636493949321,4.176949317937314
0.34775206361156363,4.443811478102872
0.37099507854904473,4.076000028221523
0.3761107775108262,4.006247214374786
0.28458028732943463,5.721713416684679
0.3268383864612334,4.779208644939751
0.3413301480778572,4.596090258001654
0.3355692874805921,4.650945033314145
0.3860462127888349,3.8461124898783767
0.36618438905130585,4.142469894486582
0.34639437497412573,4.380073520262213
0.3609169971990298,4.1984683523961674
0.3124939305523992,5.109797649730283
0.3597775471008963,4.24316013814561
0.32236273948012506,4.938111764394634
0.37237343988669785,4.074715129613916
0.39537331598345926,3.7929643271081344
0.332858693767595,4.7193916253574075
0.3884860979559139,3.867951391558376
0.35482849367269587,4.352797657630422
0.3396479504877916,4.524258078566499
0.31756633521310984,4.967570068042563
0.3625607125616196,4.174071801772501
0.3835614003313258,3.911081264725008
0.3329384861569731,4.726121082508134
0.34967617315908,4.370154860381911
0.31028770150643004,5.208578030691855
0.36086021956782377,4.202748303047794
0.34308524411474683,4.560602292523817
0.3491771843327199,4.459017085035804
0.3161062764221285,5.013380163980579
0.32815292108466243,4.7486218242318925
0.4226215466118684,3.439348717811005
0.3779879837599424,4.0451346211676835
0.3210461194110077,4.874910082917618
0.28391956514960404,5.846182307610314
0.3331594424078791,4.6294372987774945
0.3405488389401031,4.502341345107541
0.3739808100484864,4.076358282433641
0.3879727191161544,3.825889343406075
0.3315270778574002,4.743026144883501
0.32773066361358616,4.863344470661001
0.36362349037511216,4.1982792372773865
0.36119899008138845,4.21148353166078
0.35215559515125594,4.354786436100562
0.4024452780088976,3.6312816766566716
0.4009501719768589,3.739083690295769
0.3667176231954046,4.119563267264044
0.3752341660809524,3.9660153027845717
0.39077106117816485,3.8048552652367023
0.41827272384675873,3.4499498491998235
0.3571393729646639,4.2740369122662205
0.3772044943633475,3.914442245696457
0.3370654340174033,4.567067574665936
0.3852275595658392,3.8638730760667603
0.3828121510310921,3.889816602666061
0.3517168403923089,4.373355890781018
0.3526206024772595,4.369129296129257
0.3472555659717369,4.505844340291695
0.3975445764880721,3.705975105921823
0.37338804687031335,4.041044095516513
0.3935511186143167,3.7512114621407204
0.43728303220496023,3.285126832963462
0.33354669131590536,4.662487555090517
0.37285525843565304,4.069350575579253
0.30756831775294363,5.150809723102121
0.2907327430598069,5.627328842130443
0.35709250042214674,4.221891472410698
0.33442725144608776,4.636049279492372
0.3273510602806148,4.805065508735834
0.3074618855370841,5.357255485942707
0.3365407493583311,4.612588468326034
0.3720481481040806,3.9372726541382908
0.31724868149949936,5.04073989977152
0.29962529237157265,5.513959710512706
0.3405627611247932,4.530165930767933
0.3762800423530738,3.9822000891055604
0.35473732175722517,4.283043007397156
0.37413707092195103,3.970059306402185
0.3668225563387227,4.158826547726033
0.33821142388333175,4.587655594652535
0.3340827697193476,4.58712314675365
0.33315791489291446,4.698142879654633
0.38697043100537987,3.8463146002105013
0.36856613828370505,4.111145431186381
0.3379648503925745,4.5978973946619766
0.35445023978931656,4.360393589107764
0.32569566490365576,4.845676909430459
0.3561686342609539,4.309582010328567
0.365261283534315,4.248651348398514
0.3361720320260546,4.657753597059441
0.33946663481889827,4.555437611584376
0.30129800642132404,5.415884203057296
0.31686888313200257,5.04456921676471
0.39423621991010577,3.69315399640733
0.39812190436496386,3.6874206844549753
0.38740395763671165,3.858864059956662
0.29528831722971666,5.570763061556215
0.41781526454030554,3.4275622576606533
0.32373707917363,4.865184177210815
0.3666301329384864,4.089774909958011
0.35546748754430396,4.2882560903385345
0.3073147854992917,5.146782579088572
0.38605274693526825,3.8797334038868576
0.34462035166806837,4.497011835664044
0.4125162961045586,3.5199524666301985
0.37209756165953894,4.114061942486052
0.32889485213464686,4.7540049916420015
0.335088926405237,4.571646793853848
0.35935950984809095,4.171348109677212
0.3714173896983683,4.0597250024313185
0.4081013700336343,3.6262903201371355
0.4000706032410306,3.681424982718516
0.34863574454228563,4.349095662087303
0.3174592633381959,5.019192377782132
0.3020420817547896,5.444306330109353
0.3762936268028368,4.026909516402861
0.34639437497412573,4.380073520262213
0.38096585967512636,3.91909050745196
0.37353342974192494,4.025996783151218
0.31368292073134585,5.123490480134526
0.34034756519159404,4.607440941816235
0.3592032011649948,4.178397303100898
0.3340782036010752,4.6452864192007075
0.3571078179017384,4.364025393869359
0.2997474185519794,5.4413900256872045
0.3885456263697495,3.8312331878349055
0.32587044272781845,4.864215198058236
0.32800931164141967,4.762205025200174
0.35021865360588955,4.334146223238935
0.38707648074803996,3.8312013153652793
0.33360687016747037,4.639327278376285
0.36280869035359653,4.213051336018102
0.3203419171741194,4.952086098789163
0.38106930535497285,3.9198412469597788
0.3619252494499686,4.153777068820774
0.32957888362604754,4.875392047261535
0.35475590061784956,4.313184686394194
0.35644498664834984,4.278162238534436
0.3199300650854601,5.012612787924423
0.33908892875747504,4.581252062598601
0.3780431706790792,3.922418759073419
0.36399020867007376,4.181952049348125
0.35596481259333257,4.3696625246867935
0.3015128921875162,5.304012383848434
0.34481786505362405,4.6155226031712155
0.3634074978993141,4.143843585348622
0.34465428792648045,4.480170431170381
0.41065897179847766,3.589654730731058
0.3683071186272864,4.02229097539878
0.30003703422018607,5.451776863054566
0.325226983604744,4.859070273733619
0.44528450522647123,3.267332711470463
0.32003525763761914,4.907376407280328
0.34153946817541214,4.501963170871663
0.35870994043526316,4.225335172570656
0.3545148007842079,4.347158806786193
0.4055756084024758,3.5683844365162054
0.38468004172478215,3.8962159355301376
0.30165145894404494,5.46123686599415
0.3800737121370902,3.979849520404846
0.4623366246155406,3.0362272638315346
0.43795786357342004,3.296379109290855
0.3142222917563299,5.0414205055542265
0.3733675680154569,4.023530717701673
0.28824809868389156,5.599812145019484
0.38418028468472054,3.802143685378332
0.3205087591155711,4.973410794013934
0.4053319031572553,3.582933533400044
0.3406183946759328,4.621917894576911
0.33404397025193644,4.664931687399665
0.36111830172703796,4.222860547485773
0.32984015222100443,4.739648796314227
0.39826132275185044,3.721063779745984
0.3689411239475528,4.009676542512142
0.266711872610109,6.392126122821976
0.3424025650836068,4.506694750052485
0.3474566235088938,4.430478515969019
0.3423001824127533,4.538016465935248
0.38060056798655867,3.950941543603698
0.3672639010468429,4.193288491832549
0.3583814033659742,4.282502046181961
0.3343032831819217,4.700324642051939
0.3096732660537424,5.207423381396146
0.3054558754129268,5.343574414132222
0.34476422875284607,4.535772236039954
0.35280160849849157,4.3804834377439
0.33742342783173773,4.704521687789227
0.42092174411158584,3.5055655730132367
0.32534505313520146,4.848369980573478
0.3724181941762409,4.03293702381121
0.4214850875326598,3.4459317059054495
0.3715313918478439,4.005253470218811
0.3181630299329283,4.97535659813633
0.33694634072441354,4.551811678064111
0.334820937352431,4.7014423867758115
0.3799630368620909,3.9245559152464002
0.3446007294159429,4.53345267128672
0.33144082471516245,4.722403995470931
0.37096391151563635,4.03675711805031
0.3233103971045569,4.861149179710754
0.3320944250046812,4.656538936852935
0.4259404191467764,3.4510413197218677
0.3348962754177759,4.699042443116093
0.32085660185246356,4.954545868116482
0.4140300756037263,3.545880801546233
0.33250318159890724,4.667177088825531
0.36561071745393214,4.157565120106948
0.2966432279496859,5.442158751028848
0.3844672950410967,3.902696245079849
0.3305324083562279,4.72113274786413
0.34616948378332524,4.456872368434493
0.37040401958405655,4.070176357061628
0.35219850000916236,4.325882612055946
0.2910443727246863,5.787884729499284
0.36978441894128067,4.103855309681798
0.341823131961035,4.43801748376943
0.34471026853452097,4.4807607525264315
0.3391770950174319,4.586639717021615
0.40925965534518716,3.6121586218572106
0.31296368883467335,5.219050568382289
0.3912746852778518,3.766939106918371
0.37435739130268414,4.001340795006733
0.43478683450197764,3.347864339710728
0.35420576279860805,4.406091716274542
0.3876917242994149,3.809179431634812
0.341901850675719,4.602224248528509
0.3179623679517104,5.025195028280339
0.33045365681020045,4.786097509593797
0.34066674690881804,4.586649355919142
0.41835166204585994,3.526027706213214
0.36227968806146615,4.205297625447546
0.3359265422924034,4.646025339207294
0.3212262602259842,4.8975194866526754
0.33819378082112417,4.547826043805749
0.36741809489661004,4.07443189602163
0.3722289353746155,4.058737106829759
0.4015880099436342,3.61798626213622
0.37844307846682135,3.9474584374772705
0.38171711338816017,3.8941064082293346
0.3512754492832744,4.346204294993352
0.3084103836400761,5.143726094050354
0.37590599533288455,3.9931674661693655
0.37620970744112325,4.031771390141448
0.3383658720243916,4.63530920557739
0.3372126101954662,4.6046809960654445
0.4053401309590176,3.636373953840374
0.3386658538407713,4.598561141993471
0.3217981490189106,4.882256722115601
0.3386253462139216,4.611401008513327
0.35822783388964785,4.258833572564621
0.4326108706866689,3.3798078747455733
0.35062297478916093,4.304917720468506
0.29898428776467123,5.475746563266928
0.3465124771817115,4.503420867100769
0.3497635101027109,4.370958945553568
0.383416778626274,3.932681212243994
0.352967192972168,4.3047780751267695
0.3736082130656043,4.0718889227710156
0.40641643576463643,3.677094569993434
0.38320466737505826,3.920165667628361
0.34745801968404344,4.479291458088236
0.30391946853516977,5.263073896783769
0.3190362440120482,4.892255297146572
0.3563218784560177,4.261952858393323
0.359707209165613,4.247886692173528
0.4057126286779093,3.6117472290568275
0.39398657106108914,3.7756945754208515
0.3387776433574791,4.577858729865896
0.3550679039540083,4.329629013400735
0.33188157282351394,4.738585602613193
0.3649591824258981,4.189861767960403
0.3578239409197919,4.25527753092294
0.36805438831830534,4.128873096409182
0.4088093221590823,3.5963480933398198
0.3360161869021083,4.6153926866371755
0.3426339880336047,4.4625289072737
0.3779031069169452,3.920137848661254
0.3728105087486169,4.101351985305873
0.36259966486672407,4.271836864156744
0.3482142208224686,4.473576579821687
0.3111760558866399,5.17878449447196
0.37290611788632705,4.003985152557456
0.3250962893828121,4.774638375472718
0.36918093476249225,4.11297191602676
0.3760786741426168,3.8877837868935066
0.3484316927447364,4.448208433866105
0.28982221986811535,5.629467824340217
0.3267857805266006,4.790050660580566
0.2974960171577685,5.480087071653624
0.3575046183530469,4.352495681119483
0.3339930095065079,4.624046451899177
0.27969907193998705,6.035385505913465
0.37201417834101974,4.1008666024948655
0.36721540339088665,4.1573817206702035
0.47958205542872856,2.936998951680092
0.354550441125047,4.3498730654191595
0.355697547506492,4.32458487975261
0.3685410604571025,4.08151264533307
0.3559062887858709,4.321141940335237
0.38513616529714856,3.8890859166389324
0.41521194715591436,3.5103007769337147
0.33830063946285566,4.574360072107548
0.32957670453134336,4.793290314309223
0.3517700329930846,4.3997985202102745
0.3851284648602585,3.8751902927935
0.32358025501019,4.934756628569047
0.3402804499614065,4.612704446532654
0.3538827275523282,4.284349165455445
0.40360940222195674,3.6845317909244883
0.33588244226808894,4.664959506118462
0.3517064981641931,4.374713614461657
0.3267534487133424,4.783813788783752
0.4303543892910957,3.3370340786713504
0.3199668478743124,4.931748577113369
0.43458835736416823,3.3517863724196992
0.3119210283307311,5.109190413074228
0.35401007687794916,4.358784190942118
0.3870868242915135,3.859244583529747
0.37548405212133523,4.033182611640846
0.31631157208535116,5.050699533668874
0.38197547802432785,3.9222853977879635
0.33766953118902165,4.66385388578835
0.2728909942645761,6.038030210620119
0.3222609355852556,4.955815854778128
0.28548004466406957,5.872585195792871
0.35374224051158487,4.345657722322541
0.38349407481321623,3.8798615053339764
0.3899700019922331,3.8041810764000723
0.3239197111629988,4.965161881103214
0.31886312094535074,4.978758850196464
0.3679074956601249,4.137535453206685
0.356036720258941,4.388590509523062
0.37807429572908974,3.902530339261536
0.3927619427649248,3.768431743696207
0.3669780719257468,4.081147018423468
0.39056651619889204,3.748993946765016
0.3738397560730717,3.997631277757061
0.35023919380313706,4.291443860014711
0.3681629047459936,4.103679993544055
0.3513249159236939,4.447595117411366
0.3500348257039554,4.448788249362556
0.2853293848690211,5.900111354024896
0.30527222573641677,5.303780510746212
0.32423866253038364,4.907362211408702
0.34766892531078475,4.39637006987424
0.3390063403195571,4.608844207933956
0.3396973732831753,4.539441026844464
0.42826084996642216,3.392307764024657
0.35734376871153434,4.262984768399806
0.3522806527197476,4.384620795291605
0.34962202581769963,4.394168964061996
0.317278383774384,5.124748247795628
0.35334998146230157,4.357843534431037
0.37654482438825887,4.035302696592024
0.345845971506368,4.422925492351126
0.3686311245532797,4.18455522038885
0.38221225829105243,3.8969983278121187
0.42237060866648646,3.4414084911988145
0.32712580792377716,4.836560306719932
0.32919395505838933,4.86575544859185
0.3183386462429558,5.0131527067407236
0.3490560639006026,4.276162459131942
0.3272934740861849,4.872979835036821
0.3598192457243225,4.189283767637064
0.3647500249520685,4.155410417541792
0.3086078347006361,5.225045606429877
0.3619547661009858,4.158997551487912
0.30957697234980563,5.194218041805734
0.39250107275843,3.7785950352535753
0.41841555669186925,3.490131531633055
0.36372533969408155,4.23683370696001
0.3676334791531564,4.1052987296312295
0.3764139481802149,4.035047400108623
0.346530595621362,4.402552559684169
0.3290761677581069,4.800376241704269
0.3396908297498868,4.518021798026011
0.3632404995711227,4.219904923525623
0.3423216298192713,4.512638759422284
0.38690582597358875,3.8868210695200625
0.37527312966906523,3.9682656423204765
0.42658794031250336,3.356081947375362
0.35813505804089674,4.320654264160553
0.3935920347659897,3.7470775640530314
0.43887798040873427,3.2302105698196892
0.3943171452078942,3.723268122704926
0.3638632571758085,4.163599176684082
0.3655489555876063,4.142226848343686
0.3552735543023547,4.3133416697869205
0.3604289503972101,4.222040200324476
0.4044182227040123,3.6577261032895936
0.3997931845222246,3.7273892461804197
0.340070675889816,4.544243208228572
0.24665197237295916,7.218025162747549
0.3144449267563412,5.006760571832667
0.3747210346946913,3.995007129745577
0.36687875938930653,4.0849185839746625
0.3328087162735881,4.705156690367323
0.34190606756248165,4.550435548168123
0.3141683194930778,5.107391986087047
0.39657273489822575,3.7282194297296027
0.33896801818427014,4.562115590939467
0.36752632806758584,4.118319786963553
0.3739571404194463,3.9999960876595435
0.3545936393217135,4.292854684936767
0.3466245543374712,4.408344118546388
0.36601224715119696,4.172542761918644
0.43235769072796576,3.3272210815980086
0.40374606257272083,3.6092949534497
0.31503867023101784,5.113866718321856
0.3684086604993432,4.0779535105352736
0.3109059132318455,5.13075815662227
0.33554791115008775,4.645375530332551
0.2858487350563479,5.7592350446029075
0.3242536174527374,4.884317765304158
0.38048703365250847,3.9566640094616985
0.3971971102003393,3.6945235699767505
0.35633831041424474,4.167976395086294
0.4303637449968081,3.371499464844894
0.32339046016504464,4.8489361029204465
0.42283307069644516,3.4484900005756813
0.3973821578297187,3.726023636488172
0.36728047891952165,4.1910211185930715
0.351970382042588,4.319843297961826
0.383032428559518,3.847855466996104
0.3638697335596183,4.253336526488392
0.324787547378084,4.8144838353354125
0.3337725807073102,4.6677789392609625
0.33660529644467435,4.570103172738791
0.33023279315157006,4.6581237826529724
0.29361146259105697,5.497349144320438
0.3597034773061828,4.158369177536592
0.3517081065204407,4.345442421004249
0.3009065397233394,5.364150495121222
0.29933275355196726,5.418589695414517
0.3382196577521046,4.610389087174587
0.3013925545496217,5.468959007254655
0.40932739914640665,3.562338044533406
0.35026400902522126,4.401451870665111
0.37292012313260975,4.005167921867653
0.373473846581366,4.079415155312026
0.33303861444673155,4.7741439518182105
0.37240978490607163,4.03962480806768
0.3474671122757545,4.397881238624456
0.37671954475653224,3.895213425961738
0.3910445085055434,3.782170388457297
0.3809901340180684,3.9242513588515884
0.2829339723462803,5.969401600991015
0.30610312059735495,5.223096623403579
0.3640563483879603,4.090562672786057
0.36963416166941887,4.029810547785867
0.35108698470945654,4.379412150289367
0.33964586703327326,4.500994635669287
0.3702413745052603,4.106692314031884
0.42754945231355895,3.3830200715259147
0.32891605484771713,4.794588524870705
0.381458833113985,3.9993465920741462
0.3191197670791207,4.949729468385137
0.4057514587130836,3.5914101871688677
0.42267435632358274,3.5116371622558336
0.3605618364384848,4.245257435199956
0.3268467800436774,4.8021088157156
0.2990412809614429,5.437335501415568
0.4009248587972283,3.6770272060177858
0.3265372190040459,4.841330992028584
0.37739875866760275,4.026241775265938
0.3590564844768431,4.217829734600926
0.31079118601621814,5.144981652062124
0.3299284147680055,4.738099741391432
0.3809138163731966,3.901288298729337
0.4004859031232,3.7442901151375048
0.3691626407748988,4.0866163588376105
0.36854349135336634,4.1070237328105
0.34035371103200035,4.501020594196379
0.2953084887053261,5.5298263406472765
0.3460201501810054,4.5482153705379655
0.3603463627500976,4.217951540368991
0.38724879910811605,3.862961700548918
0.36621485463862,4.134701425798515
0.3520633384512507,4.446472011494664
0.40942334000843383,3.5667031335127293
0.4196746655652558,3.3942646246950177
0.39360622356722125,3.7491166613019615
0.3857906063380272,3.8548307794339354
0.37818991132504304,4.023744632974983
0.3048004578867401,5.294924561738042
0.3043365698696548,5.307000783221751
0.36180630407539455,4.188546905358409
0.35803670569116103,4.2920748531377715
0.3673196564629203,4.098765574893707
0.3650248297304619,4.176644735845735
0.39870082099187304,3.7894677348015335
0.30970611225997724,5.240477322046821
0.337700348022678,4.6061931172941355
0.37194122493637227,4.092665352283951
0.39835505947455785,3.7121348223100266
0.3189114070764875,4.947179999197027
0.34857858896242594,4.343678245413965
0.31871232502011,4.948872974424306
0.3804574819017467,3.887407318308563
0.34043743251737557,4.549708641694632
0.33670519494079265,4.783688206822207
0.3402523593250848,4.543871200949692
0.36024118867604604,4.195946763858884
0.375218385687778,3.971453736231247
0.3861743170582286,3.8639764314632714
0.3319527099498623,4.648667374633545
0.40010734459346065,3.6427528834230984
0.27473719641650957,6.123011072517475
0.3013835857891481,5.338397940797689
0.3369903872227277,4.638520146007536
0.34216928576819733,4.609919851058948
0.327466724965623,4.87213642597622
0.3993756628063768,3.7082405514081023
0.34447373348943716,4.507337053624895
0.36141875740969487,4.2690587778999785
0.3013835857891481,5.338397940797689
0.3380738243473237,4.541627545649603
0.37917973486195955,3.934623816829129
0.4158109191708836,3.560302426265082
0.3418505654350894,4.5654249724478415
0.4267187087973501,3.4047720250525235
0.3713679855659098,4.04845519947754
0.30244810956020335,5.349268871543892
0.4150558225703076,3.5668825383829628
0.41373764133104274,3.5156116275711584
0.32127750570727437,4.867297769670516
0.3012360357312231,5.279413869913213
0.372870977992738,4.072953204290834
0.3494275447350858,4.426766667870661
0.3080670437697979,5.218283205380142
0.3296022224099037,4.7429967334741345
0.3452132238319786,4.440726614378855
0.3562112045289168,4.320245334249457
0.3774004683813736,4.005342389076615
0.3453657079905248,4.516532651200551
0.31984753005964034,4.980721412151374
0.34138056813927564,4.563385511303597
0.31233486021798995,5.107956824857021
0.3168974460216118,5.140536548098828
0.3475855431302455,4.457150960504216
0.355098186787623,4.28392848962953
0.35877635979904493,4.2799911100847
0.36268392340716477,4.143148781119454
0.36724397918840923,4.126495777038284
0.35801468197856323,4.206863847682605
0.35120120604197524,4.405973962763401
0.411028726435575,3.554472269573518
0.2848782782214793,5.839339702738916
0.3517992366920828,4.301086625112906
0.3649303025053089,4.165346382255693
0.33744526148903553,4.67143430697278
0.3508687120359627,4.383914588932142
0.4668075128268061,3.0147351213950113
0.4166694947911189,3.4204972897212778
0.40641643576463643,3.677094569993434
0.32522954315913505,4.867411154907961
0.38760462641560167,3.8775435653002392
0.4367657979964261,3.288121714902959
0.38023550343025203,3.864973364915357
0.38098737869357774,3.944339213268153
0.40192457415000715,3.674263276002608
0.34816093739619725,4.350187211799371
0.33952549393375364,4.6285049046583655
0.36067249985414146,4.295293732516981
0.332999663303941,4.7464436705568005
0.2854660502439453,5.792138510432144
0.4020410358317851,3.631077067177388
0.4130966179711195,3.5727878645561395
0.319097479184989,4.971541373821455
0.3572518108799791,4.211908223176353
0.3493343632694593,4.4448680881227665
0.3058334909936278,5.227202251103379
0.3674293321871609,4.170206378527941
0.33991386735151086,4.482027263897718
0.44317984445704994,3.2720344240002803
0.3735328784849883,4.079703514843213
0.4418420767441922,3.282532360945584
0.35741143318812324,4.257817139900124
0.31316998432713805,5.0638980457595135
0.36924344932334113,4.113684711134195
0.34757114758472707,4.366252289447701
0.4074429972379191,3.6182090315465727
0.3109910712475087,5.031906699842257
0.37165373131798085,4.035439224309842
0.3515175383497293,4.329380347171753
0.3772044943633475,3.914442245696457
0.3887260355049788,3.8033311886546324
0.34521006326265047,4.496969005658266
0.395879628201998,3.762339143232113
0.3705856201353924,3.999768485495072
0.34614916998082773,4.450689564331363
0.3290318208595783,4.767496551623252
0.29978858125525704,5.48574467378832
0.30423834232893004,5.281006166321675
0.3526428664603589,4.3043930208264625
0.36857842243903227,4.0883694063901554
0.37718973081990415,3.945524075752341
0.3750602835568708,4.01791033660524
0.3364546989034121,4.755768536461192
0.35272255543969394,4.349381591510686
0.36394226572750776,4.142500405480821
0.44261308538180955,3.26662553339623
0.3296729912356109,4.742202773084078
0.33287381319170684,4.689400114420121
0.35358960071223605,4.363480561767391
0.36660008343951156,4.1248935255903465
0.38335473642802287,3.942783036898526
0.3223470299511798,4.912522591121398
0.35791283805807583,4.254508926618727
0.3962774030109099,3.783693315339272
0.32199057877172216,4.935965282069729
0.3055064411332673,5.329262411455929
0.40798896063742685,3.612529734670863
0.4257874806366284,3.3934814788274443
0.41795661906973,3.4913396180473604
0.363394918228477,4.16098313662751
0.35756466207993576,4.293496286008846
0.37353413528819834,3.9911843876695916
0.3651802818303833,4.156267719913646
0.32769853320182624,4.861788985115566
0.41123222781377233,3.6295901211571895
0.35551436130363506,4.255485756458805
0.3589926420101216,4.204185727306126
0.3379311627009507,4.5598519104310595
0.364128272333336,4.147007937972968
0.42955818186950145,3.397311970353042
0.396803892554767,3.7794176852024015
0.34118419256848626,4.53264901162475
0.3481354455020761,4.383499072153636
0.3692825057402844,4.1495502136308975
0.3717287946836621,4.035972514920431
0.3283993988036753,4.796625799972443
0.3029704323323536,5.3900029177447575
0.33232348441840454,4.68639574059499
0.3509661082815231,4.3671067802524
0.3771186180250788,3.998695962451458
0.35002746088043135,4.361926174129889
0.36844701671800695,4.1256740240431995
0.3510665929342808,4.394644460966156
0.3878298751753508,3.8385661619373064
0.35672034762118937,4.297253963519172
0.3577464883016854,4.3412546896905395
0.3217981490189106,4.882256722115601
0.3348273669354628,4.660798323884755
0.42943832325786585,3.3492978915609544
0.3665415758681545,4.148934488875851
0.37126681279736035,4.101650004468604
0.3518330607205729,4.351566659200178
0.3771023582860899,3.9488288577097634
0.31209466360188964,5.193902597963825
0.3261930183787689,4.843895577655924
0.381537682835652,3.8463651611553136
0.3478292596576199,4.512479889603561
0.33657316937202353,4.567361757135641
0.349557900430026,4.417490070846128
0.3107358264731034,5.145924249653588
0.37999932508000733,4.013620684589233
0.3461521651295866,4.43924729251822
0.2789919303043756,5.9795895007910875
0.3439393879897664,4.484825074623067
0.3958712442404364,3.7229058257852894
0.4009494187424951,3.690211218831841
0.3425089584651487,4.571556425461452
0.33921435517071563,4.604716718675819
0.34670124130681845,4.4251148970150815
0.3462246012142196,4.379741231531555
0.30998176420587376,5.239672618550451
0.374884947571881,4.012868894508269
0.3301238485918642,4.695544253175441
0.3429374171326446,4.473161106807039
0.3728661592617039,4.003391220180695
0.3370693900384818,4.536367542939206
0.39476110597038994,3.7233254248829466
0.37804559515205655,3.9468250288543185
0.3256140039076604,4.809426945732473
0.3388938151537024,4.534081643012377
0.38066173804026876,3.9785330335315012
0.3154232412216487,5.006457844092918
0.3363939898141337,4.646482955732988
0.3765781996125371,3.9981455640102443
0.37706711805849585,3.973348680903946
0.34402464536375266,4.509926733597228
0.3616694199640933,4.219339529822018
0.3761972163401087,3.957069482527124
0.30336105968913074,5.335371104439941
0.2980938890957499,5.4904174177537675
0.37134119639931884,4.065507221944945
0.3664989481818083,4.201531461351328
0.33786004121311675,4.67815044316732
0.32995753251318904,4.73257515893031
0.38273331663230226,3.968490281263875
0.4047155115840935,3.6059035677260027
0.30177453562595674,5.432941774314929
0.34854091705944035,4.44287384736722
0.35269727382269467,4.305713426903097
0.38982373170995666,3.8542835856258275
0.3791923708409734,3.9272891283915787
0.3647871161187224,4.138699560610548
0.37665832783015896,3.989211247672335
0.33271129834243784,4.6438437588749295
0.3895547688824484,3.8076760953456685
0.34767013071214353,4.476080182050474
0.38152174470269157,3.905349327628604
0.36024910693504486,4.264461185821289
0.4270486102243709,3.3403164471842333
0.34519720544213006,4.474983428796233
0.36036019748168674,4.2323332820662625
0.3013464420298741,5.430028164765413
0.3750540290447459,4.042087948969422
0.33911900179193066,4.666999184065173
0.37631022469252584,4.001085190582564
0.3589553577918591,4.2776243778377605
0.3313291948508789,4.72269054848233
0.3227586019373252,4.9390704323929
0.3619484154718732,4.259213379684785
0.40317484425671035,3.6348017203773213
0.3394570112474235,4.531466923309293
0.35884076774007084,4.214239334100742
0.3219870098607206,4.9378329852453975
0.316493397251637,4.965506361336186
0.41561472364661056,3.563437858925691
0.37580305479405224,3.984332229997702
0.38259152260926965,3.9650841477085987
0.37218120216914463,4.015365962435613
0.38374254985966094,3.897231948260283
0.383840728514684,3.8898473439397225
0.32594514767767047,4.8721861139485
0.3830029785442543,3.9492834040414935
0.3927514893077272,3.773153057284897
0.3677305748717785,4.06536460898466
0.32259461147883767,4.830348252997475
0.4093092560602018,3.637399792587952
0.3673829458049058,4.112902943749146
0.3454172094503727,4.443320719904305
0.3563150898578923,4.298390632945749
0.3271299648112801,4.773955138157662
0.3852126857792015,3.83985065801681
0.31788522416875375,5.037059539721578
0.38935727056096536,3.7640261493587803
0.36804314519800957,4.07959112649436
0.33675011582181086,4.602402421462464
0.4027579811371227,3.646907197787464
0.41670746410552517,3.5077980995029705
0.44094844334134914,3.180546787570722
0.32585119925799744,4.801865110277226
0.38200546932201207,3.8941308260914527
0.37398147568943085,3.944542544488891
0.3610121763900318,4.206328812216771
0.3856170124368096,3.8342431510774464
0.373731037438791,4.027351199557168
0.36181419621473115,4.231133136108252
0.3227208964457982,4.836226483187861
0.2947775480220507,5.625813154322134
0.4008087530995514,3.6697156138830884
0.38636689894450604,3.867990299412789
0.38468004172478215,3.8962159355301376
0.34100536197434256,4.5455152572016635
0.35663208528105395,4.255644182190037
0.4119562727698805,3.5222357240581332
0.3875821212659889,3.856042801320894
0.3231140733363488,4.865434946605868
0.3326965897920909,4.623309633335383
0.31801298740014017,5.046439170674891
0.34596281594132283,4.46070008506695
0.38857461640766144,3.7915839304337418
0.34028111876136546,4.559040563805963
0.30341792160737774,5.3311505786704245
0.3073424724615074,5.171092042280637
0.3582551590773646,4.22009440390465
0.33402165835478526,4.670881276197764
0.2906176815632833,5.699736795326627
0.41729903908422555,3.5608122569036484
0.37771641818811796,3.960438006737591
0.2985623233182313,5.5219139819973595
0.38886040410415834,3.8632522885322764
0.34890868929011987,4.4198935223788
0.308856746046581,5.139733293297484
0.38106930535497285,3.9198412469597788
0.34515076980552906,4.4912044179313995
0.3093622711612067,5.220120435058902
0.3355663709094713,4.660789908895948
0.39680584604109526,3.747202577539012
0.36043118021606224,4.255260291006462
0.328846669272128,4.7917942937309554
0.3121548627097214,5.118798568905929
0.34323909444347905,4.455186961032832
0.26794449039587187,6.3732180863856875
0.4380406952211397,3.2975249387946133
0.33979786149992497,4.61666336202033
0.35333614444724726,4.354093759523995
0.30962094555088915,5.223550037467811
0.41468409271914725,3.5080523093245346
0.38080175407242134,3.9495630530375436
0.3329166926998123,4.673344455455631
0.3430921892685116,4.531243505199385
0.3346493101490836,4.580199108040964
0.35352560532358923,4.294287992368523
0.3356558295581331,4.60480786095501
0.3123679931802516,5.12584849552015
0.3656295047703628,4.129130945935545
0.3049168425270433,5.247225919701365
0.35830888841757724,4.23352239755665
0.34925571757092766,4.451404688797233
0.33161763376161557,4.763406574185507
0.3541067891754848,4.317741718386992
0.3856389018858204,3.8780407805730954
0.3741962955915047,4.049430102989995
0.3848849901812102,3.810216099759829
0.33726394929337977,4.550948392366916
0.3855794552801445,3.8469229448168965
0.38505367936742374,3.89144015556524
0.4277232015501157,3.382739188662125
0.3636976199883091,4.178924388900426
0.4524102188001331,3.1599315445550453
0.34163140721922847,4.486642376451921
0.3592705609304111,4.240862383450442
0.39455751733073735,3.8109713685956708
0.3709492762988026,4.096339474925822
0.3331325937403693,4.685248497140424
0.35528314998868243,4.265909400427895
0.36905113965356945,4.102116217872633
0.36879679715503677,4.12250366718687
0.30993002456087804,5.252274093313078
0.38649038915539713,3.8576247787050413
0.3070505082685456,5.2826619761297025
0.3234675218978675,4.847886664171614
0.29130484005780655,5.648041315531829
0.31907116998163887,4.973518358150581
0.32856167109328716,4.796179462233859
0.3490414544533283,4.3914660340918665
0.36237126190401,4.248368882488085
0.38060947966193553,3.967609116972444
0.3910006464520728,3.818417469843713
0.37216693614433377,4.060985322625945
0.42688181039697964,3.420478118232474
0.3587089832526891,4.259562696612317
0.34118073901999724,4.507291697951877
0.3722545248936383,4.105618525834652
0.3723934551487643,4.0276975382895355
0.39092517924957937,3.7872838380459024
0.39217218170662066,3.7982744613855197
0.4255534811175305,3.393717333037455
0.3825347137155691,3.8778178250736755
0.40226113877354486,3.6646741955411937
0.42411688637665396,3.465775729284227
0.37973175894906985,3.9898278016727433
0.38788248964207567,3.9323170748169183
0.3628537948760817,4.209178196800941
0.3093514628742201,5.225603218346425
0.38436197884571255,3.887959107126143
0.32769360564834327,4.829959511177847
0.32523136953818077,4.81865438273257
0.38280999057684667,3.8971984338860497
0.32278750959574243,4.883032497104807
0.32287222046080577,4.898747486544551
0.34954504687085264,4.42291210794642
0.38148772920486074,3.9460525491479217
0.3744094916712196,4.028695543722499
0.38512586874717325,3.8750439192316573
0.3070552192028931,5.134290173374604
0.29254299998523664,5.632765078722195
0.3363702699685776,4.619237843390237
0.3559762257930285,4.283300938332108
0.38996339823694026,3.8374176844287415
0.3816084018611357,3.9436224687246018
0.34953637657712255,4.361571030933845
0.3250374033476203,4.8945417129934015
0.3632070681558151,4.185609564201356
0.3367285416350334,4.621726575399982
0.4062746757509338,3.6322137853579037
0.3258826083478848,4.7747326059722806
0.3771042361282536,3.993068688840487
0.3355191767142154,4.662738517644957
0.2903132968385812,5.697234742938536
0.34917539446810536,4.453008647622377
0.40061406688537704,3.655107520631577
0.3418560254080375,4.506861736211021
0.32731615257037167,4.876703516513597
0.3420050426586946,4.560599117277903
0.40060276262014205,3.7046197748272043
0.376461360828384,3.971899814512017
0.38056813259594346,3.9260026829289294
0.3464763930570713,4.449084539523134
0.34061071057351155,4.590522807365103
0.3462948094047851,4.591587891413281
0.38747787422820923,3.8600283645089295
0.3874834795968884,3.868139573072477
0.33581821436719084,4.609202919659525
0.35225576509385365,4.341204770832929
0.33903701910985823,4.563833057279079
0.3306702811956078,4.790976932505472
0.29331873461170804,5.713237189656227
0.3273016695502491,4.748610872401526
0.3758761931995554,4.049570512255428
0.3823884339344278,3.907978308100603
0.36817419035683663,4.143790807994985
0.3531900822283971,4.3045788393740745
0.3587134760334004,4.195684058993049
0.3335718256350285,4.7455024280198
0.3734708904903138,4.014781544336619
0.3528496018131682,4.282418331950371
0.38127609448943733,3.9381641606920055
0.3592189716505906,4.217615166085651
0.33120179945035777,4.655424177934845
0.380402319480296,3.8896708708167185
0.34689074712338264,4.324973338431508
0.35136209222296677,4.455982321753292
0.32896164372098624,4.8259090237511675
0.3439970313578369,4.56467285747797
0.4205512290782213,3.504890136849875
0.32096128178419986,4.971269950952846
0.375160190032187,4.000574532157166
0.4034798655750506,3.6396232655858882
0.4190482827087146,3.548455882691951
0.3055502571479377,5.244052577205372
0.2865187572294235,5.772393512037668
0.36390570641056064,4.1859983109544485
0.31505377231944215,4.928687919862896
0.34952846172983965,4.321362311979495
0.38606399310908057,3.8674160783231026
0.3624569428339426,4.101204024147932
0.3983591059120313,3.7728858621785086
0.3470294666585772,4.495228314084896
0.3536767534648271,4.281311137310414
0.3464235606548627,4.400035262097082
0.4015920554997401,3.683087236616696
0.3192453819717193,4.897930800786072
0.3882765762177097,3.824118166099232
0.3956797445611723,3.74706218127907
0.408700040003141,3.5417544143207476
0.34124530249270313,4.5383264396521925
0.3511418476983745,4.418998298398207
0.36689170299164686,4.080288856974363
0.35109273487549125,4.329010519462178
0.32273149341456164,4.909830168147552
0.3368953112333057,4.59265435898228
0.3245340915020536,4.856357188657315
0.4077890868102359,3.572389860456765
0.3783381459503033,3.9830858196329566
0.39937375400270786,3.77301299559767
0.33367752296260855,4.716428975576282
0.37379508347517987,4.0000388447853386
0.2779533989659417,6.052872282330666
0.35888548872124443,4.23047858517757
0.3688420535833441,4.0836918156495905
0.3928838771541778,3.7248035607943186
0.4010873222203342,3.605635681665902
0.413244625592262,3.503188193673713
0.32460744291347676,4.8640807334043625
0.371686713621472,4.003225489178808
0.3998352926060474,3.66458270022567
0.3202399732760999,5.011244883502215
0.39986160358816586,3.6849247810726315
0.46051135411691485,3.103506262253853
0.3102031706815792,5.0721980975713965
0.4331929650428852,3.3200134398570116
0.31982424340800225,4.953395903247272
0.31259563648644295,5.112460539550869
0.3761332858064137,3.9616504349889645
0.37831339284978294,3.945589469568753
0.30485357823991643,5.335274948498557
0.31590029796034474,5.004568516189652
0.3735328784849883,4.079703514843213
0.35156094651517056,4.323152781498516
0.3108908924532489,5.203252419497463
0.3255826561580155,4.805061906347388
0.31047231370357387,5.212208083433059
0.39338739100382036,3.6985730810852813
0.3091560648375596,5.323012938120157
0.3967193797051582,3.7300102034103233
0.43663547050209517,3.2710561887178264
0.43044054837230933,3.3593131486584924
0.36319533366003665,4.12523074481999
0.3716490932194848,4.003514132316991
0.36337663455837954,4.2313111979793465
0.37819689724353966,3.99840212936093
0.42559011853193907,3.4379006485887
0.32641026454863,4.824093132687498
0.34728310328120837,4.442787280416249
0.3335908292688257,4.6692700402308756
0.423612324706139,3.449695919603158
0.33059258599189423,4.743271990541439
0.3764530119613813,4.004297706164345
0.36033439749080265,4.259696216783974
0.4019747838262911,3.6105449613532223
0.3946463649724847,3.7834027028859256
0.3480218956934925,4.465692257295915
0.3884898432788237,3.843452241818109
0.3130528616084423,5.17333762919634
0.35020003553634194,4.413820094870873
0.3056827850926483,5.291088602037619
0.34712862240614506,4.3872019597204
0.4431613028824375,3.217645105463259
0.34813115222740565,4.479829931602448
0.4228140219744885,3.4117123333064834
0.37380773051363475,4.028923670780163
0.2956425129752739,5.557473861139672
0.39277687511044856,3.7562954357842
0.4148036421230231,3.568592800855024
0.2751421335748936,5.964131297200641
0.3650248297304619,4.176644735845735
0.4360741917103992,3.294899576915413
0.37158464006852887,4.0473377192651965
0.37317231091050124,4.063651166660653
0.363445948049956,4.105401535723354
0.3193247988140667,4.925902745678047
0.37115904653158316,4.042419304578603
0.33959209323155015,4.609800134763184
0.36930796974208796,4.099662828087093
0.35452974146597827,4.368294020293274
0.411252700447278,3.5856379528941167
0.33307751530909163,4.72671336310958
0.318971584257992,5.03348350935089
0.4297885638628087,3.3479075418342648
0.43073413641889113,3.376002924522388
0.3306541869076439,4.7247940071547285
0.31361861622133314,5.125525318093585
0.3060657495394735,5.320663632594741
0.3386195021724978,4.647208082663742
0.33790676492967664,4.601343758235635
0.33146976677338547,4.781011816514784
0.2953255501234182,5.614008306866394
0.3670598788572349,4.112344006001502
0.38812716460718266,3.820951016282536
0.3332026948307466,4.677352329064836
0.3323066110785674,4.773460018510838
0.31667832662836337,4.944924595031322
0.3358483841531362,4.693680273053757
0.2723689795169266,6.116137539506443
0.4185021091270429,3.43442859382083
0.39708567311309134,3.7814498341688005
0.32801914949127287,4.747649601803727
0.38026240032978365,3.99022940987913
0.3736815920518342,4.035232407992774
0.41454663469731007,3.4779622068890927
0.31730872249383735,4.869636658341413
0.36747469037531855,4.05141694039524
0.33635700514163247,4.5381921434289385
0.3535637633599604,4.345520176915186
0.29962619476654734,5.2682621392478195
0.3791645351868447,3.968387896215009
0.36591091070756643,4.160376074469119
0.37953262405959554,3.8625570601306527
0.3200210129447417,4.931676129835489
0.4020410358317851,3.631077067177388
0.32589992269044743,4.791980285813188
0.357839132492377,4.290625267960503
0.35463245321702863,4.332435040661114
0.4369907944832572,3.254346992952983
0.2694454644834635,6.241976029744137
0.4054685460485209,3.6121602016771273
0.39718673809266597,3.7653928542507336
0.37003533407550915,4.143982323485909
0.37957190859853485,3.9114669823667216
0.33645963060845596,4.614091036765876
0.37555666347020206,4.0385383263649075
0.36421478464586365,4.159647831691423
0.39162156753507094,3.800871644270165
0.35132585742550415,4.386459215740181
0.3172627951709112,4.959836188542694
0.3948965867074672,3.7306843423096168
0.3016130470122469,5.387064625043817
0.3397034110080131,4.536820141024819
0.3459932714148596,4.547030449758271
0.3547742536185454,4.352730224505921
0.29684404294446853,5.378087583121079
0.29691321978875024,5.3554317136929015
0.3070169124701045,5.212103640659051
0.36522895892044005,4.206229027849177
0.37991236554157237,3.867207987436629
0.3611496526534488,4.211146815067409
0.3214517376204894,4.90958091057276
0.38753513342124474,3.8622020295948913
0.3538763363248563,4.3052676023122265
0.4373736378138969,3.3336428658196566
0.3833487197750837,3.811715196833805
0.35986128685819196,4.254856457877321
0.3198453145132435,4.97771535662308
0.3458895014272802,4.440109226638807
0.373802924880448,4.010515426878131
0.39306478533511446,3.7566104267007794
0.3757439816342876,4.059663449581673
0.3312005703026364,4.597403296912307
0.3494494790037028,4.424967383809527
0.3497464599614256,4.376445402466942
0.31351129171437986,5.157448984268643
0.3427119623082973,4.631123551274842
0.3838506134306416,3.8593074606288233
0.3210253962994531,4.956268492710221
0.3681992939608003,4.042660189261158
0.30635457142653555,5.3249707320778334
0.36387102065284527,4.246445408636778
0.36464780579373934,4.215990061346179
0.31939426532117793,4.968030603694044
0.35432467461711376,4.285671358047533
0.31475658980032967,5.0510026063384
0.36193240064541077,4.2253914445153065
0.2823366149677558,5.94252803731496
0.32035095865570196,4.923987777391739
0.3043045146747785,5.265629675833382
0.3938828058589323,3.7337227442675607
0.3884164481545673,3.863460265158365
0.38359092220031143,3.931949839842981
0.38398376666679285,3.9119675028901555
0.3361744982963354,4.653580420168364
0.40330758942854095,3.6654833099900763
0.33985641677511225,4.581565509948747
0.3962403276690305,3.747896146485064
0.4403312856433975,3.295945620112186
0.30834803050747756,5.304727287554484
0.3545050054808585,4.282959414108088
0.3887072793690469,3.794879956891179
0.3526744325276847,4.371851189461144
0.39690783795309853,3.757185371767363
0.3316182241965464,4.686300007735598
0.3607008890823445,4.225863094329378
0.30979445979911513,5.286762975311679
0.373855271303215,3.9969830597722793
0.4226215466118684,3.439348717811005
0.3217029537777163,4.886456361359798
0.35477149916416906,4.342470086386227
0.3714173896983683,4.0597250024313185
0.34802695172311016,4.3531521750437365
0.27236666983430124,6.187927413730274
0.3417013523364987,4.499636276949722
0.3802137709371391,3.9542383010113733
0.37314878644027494,4.016856907719147
0.35801695612639645,4.260007241105606
0.366813392645539,4.134857719800053
0.29000041049818265,5.631001215808647
0.38521097652300373,3.888013162608255
0.34438957508509366,4.543322456264305
0.35971087789404177,4.210015440367822
0.3217346354743489,5.0027668248120385
0.3664726047974932,4.067357872676092
0.3868541665247076,3.805279336968809
0.3074013905495028,5.22850675317222
0.35202220380802085,4.289524704842779
0.3506399163863159,4.3067126725156095
0.3643425452117196,4.1760426469661915
0.3373555413234618,4.6014740345507805
0.30177453562595674,5.432941774314929
0.38564267760065624,3.8277785291654207
0.32631807026170034,4.887951072138371
0.36688394405028874,4.083422143533165
0.33247153491011644,4.729312326298151
0.3422451190658842,4.563961850881784
0.3640313713067069,4.21637798553959
0.3371883656499447,4.532647384246467
0.3168662782162399,4.9447708958632965
0.3840119356257964,3.9224845135972206
0.4114420136198662,3.5464523620184734
0.397021309919838,3.740496265255741
0.3635367829254602,4.182223226009882
0.3490813922377629,4.442534127856039
0.3935529189159995,3.786429258594859
0.39566216980184077,3.7818160577452953
0.31864195625665614,5.000497890750813
0.38817561123054656,3.844537825226009
0.3438637524867691,4.4910569296838885
0.3680868267636591,4.1545960402313655
0.35560646909766536,4.311263650798399
0.32751154690822726,4.826805617244145
0.37196448061040566,3.9946118328569375
0.3135875111553046,5.097713561649866
0.33182991401136797,4.755470930994563
0.34575766597131674,4.439425630316617
0.30736164606705063,5.252632205370732
0.36977445498547423,4.066965581561865
0.35765087903160747,4.1186019602255
0.32226693875050105,4.859818886079966
0.36580281586776175,4.144388839635271
0.42010417469123496,3.5134549900584773
0.3805759015615605,4.03463401806342
0.36362349037511216,4.1982792372773865
0.33901189197322146,4.4889754039600485
0.34285978536311945,4.531090408165715
0.371686713621472,4.003225489178808
0.3840316106053905,3.870162860716844
0.4206740065862928,3.430054678016283
0.31068927444787914,5.17122935922561
0.33571114870140983,4.622247555722981
0.33758360547868,4.660886014126182
0.25651201172555393,6.849131121430633
0.37351541886108164,4.061619532377806
0.40830439359071957,3.6270109909339663
0.31572255614553185,5.103273362349503
0.40311933847067,3.6667116921326266
0.35549557273359156,4.351690136223623
0.3174809320513364,5.0780467509215
0.33448580665666877,4.702866299921887
0.3416247987097675,4.641595946605247
0.3656153069965102,4.195851192629222
0.33019067227527416,4.814000039589172
0.3309403717532284,4.7882146847875875
0.3260757424862759,4.867110375874015
0.2767349671708557,6.1866813237591955
0.3633454157479308,4.207477280722928
0.3538945800403388,4.409919803337168
0.32652957019749973,4.713342242785296
0.31038532197681057,5.2149828636023425
0.3539318867117891,4.35148719989651
0.4023692057677713,3.671935409755079
0.3764256731582462,3.9648824251814148
0.32340787141877037,4.842761484717605
0.33319713123790684,4.673257303398646
0.3678051857926584,4.132967942186235
0.3897954142560425,3.8111982183736437
0.3267433742434198,4.7471272859628435
0.32306856544280765,4.87851098959164
0.3414485988461263,4.554158263264134
0.3460388228102141,4.446021162950115
0.3435049593489795,4.542237648776315
0.3866315924058745,3.8922392886808597
0.2947775480220507,5.625813154322134
0.3339510758506736,4.665717775563113
0.37365223372623246,4.011483943899241
0.32999840893361343,4.72433246891068
0.3584484548859329,4.2790797022503115
0.36119063837359067,4.212319163060902
0.35457867463660686,4.4020524224840365
0.38149158110921755,3.933885616078385
0.35089964715373173,4.3770692066642685
0.38571355553606446,3.8808596397251054
0.32712824298597254,4.84078611164438
0.34319493752994035,4.495149659225972
0.41151867947146226,3.5879188871551215
0.34404204344183165,4.52595288259293
0.36177308305987177,4.232717775286975
0.4095389271177605,3.5681670328861372
0.2812494720306241,6.003422000680801
0.35536683538677555,4.3573992703629925
0.34285507400153215,4.49798202018152
0.38677393074402666,3.8683387932952265
0.31313436113742504,5.067361806842706
0.37742721574913474,3.962627487210406
0.37158801410781217,4.0709583133714755
0.3679165365836235,4.112447894263341
0.3276335345453869,4.841669595899034
0.33895237252214205,4.607801241660182
0.324787547378084,4.8144838353354125
0.33534598579137975,4.738225649636991
0.36166409157110924,4.166115043031262
0.3343185044353603,4.71272951918583
0.39497107136430826,3.7248239167029773
0.3437383859977262,4.543553094219091
0.3878581956445516,3.833705809835929
0.38113924256448495,3.9174850403480628
0.35123459966080445,4.306214362188515
0.40020338531873034,3.6357708284885333
0.4007100897405122,3.704068245632358
0.37349984539048786,4.047017815137729
0.3987272013664064,3.698473415126277
0.32485507479427606,4.872099027988991
0.35056776267577583,4.3095895031315035
0.3197027416597025,4.903560624707639
0.43991065154772624,3.2650009851328634
0.3307738422194142,4.651387282442274
0.32612239021128236,4.787991654136707
0.3745133867584351,4.004388177416159
0.38822309786517295,3.8949020044841625
0.3596485830774808,4.263100205145077
0.3349839647736903,4.690914571450006
0.3663429906912157,4.23802838772442
0.39501638939769756,3.750046074431031
0.28928486610143467,5.650383721891519
0.3977151967336549,3.7036654464571854
0.3436911526114499,4.535089615970615
0.32297043764659994,4.887288288693693
0.3349920594317571,4.631482794792688
0.3876731071641916,3.8759280620495415
0.3769869583680845,4.088836305311676
0.38893470645661493,3.779149659908829
0.39912234777157557,3.7310935254539337
0.3434612521646023,4.600540161602751
0.31792390719143276,4.994864378140035
0.3468440421006188,4.447632531293532
0.4010190980281639,3.7498334286767596
0.3136071399177186,5.127507489278092
0.3861222096032742,3.912785813540742
0.45587626249659824,3.095047679182783
0.3203631661883056,4.887396215944231
0.3409064698182963,4.549258190357272
0.3107498863184802,5.251377901938345
0.3413142754138093,4.576691492234176
0.38819887487491733,3.8355792662311474
0.3401042800779805,4.605082313014042
0.33023099693580255,4.635856818567547
0.436086087128689,3.302065628899873
0.3735052436554478,3.9527316148628393
0.3693676461783567,4.05176453719221
0.3240789109608001,4.935851370901103
0.33215002684392386,4.621574315041047
0.344976713741569,4.488761210594533
0.3133650553290283,5.137216103833355
0.36122865768239254,4.232082251740547
0.3454579257174535,4.456935436469642
0.3907676217004551,3.8359195844731397
0.3034559467368504,5.3727294223491695
0.34535298483572496,4.447620524455568
0.35500505524220977,4.344437711709143
0.3427146801784823,4.51767486591069
0.3544903911205489,4.3380956549412115
0.3680410225783936,4.10853537734257
0.38102023784994987,3.9592375555793136
0.35567906407746286,4.264463549786221
0.3586403503824152,4.256404916450851
0.37382116786911074,4.045801063964997
0.37461529941004285,4.058587830355026
0.3015128921875162,5.304012383848434
0.4000735134245324,3.7126815200244656
0.3617500207153173,4.231845188807174
0.38728852865225155,3.843552843270429
0.3231205480662652,4.947110672288084
0.3781760183204454,3.961783319779821
0.31231068415774144,5.083391049730392
0.3243541869582543,4.860491067141243
0.33758360547868,4.660886014126182
0.26677828691598565,6.313154794713091
0.39252331410715846,3.825614202216929
0.3704195433124201,4.137561592731778
0.36034678782235263,4.1817250877560666
0.3640314154204276,4.232029386224859
0.3642129327993867,4.0768230811463635
0.4041347157244724,3.6496197775208397
0.3603650376474607,4.2011594463782735
0.29393686167193284,5.629666819148257
0.35140164746770586,4.349459223346366
0.34536601741107353,4.404619569302302
0.37702362546141577,3.962886129848318
0.3413108005763188,4.473274318537797
0.3371534281765723,4.625281253956402
0.30584365503627764,5.363570688838459
0.3590641437482616,4.305367878298959
0.3858216945628504,3.8285312578673567
0.42738339189750535,3.3578454517645295
0.3723427944867199,4.027401541842266
0.3779141516471206,4.011104961652667
0.35209633946993313,4.336588961881716
0.35336338757576846,4.360049501169994
0.41454799995419905,3.556702985449804
0.35403768817712455,4.364237545720996
0.38507998444348523,3.9519299663718033
0.3792365477277657,3.8943939202510025
0.3414686618938231,4.47657314286244
0.3186235256900404,4.963804224677713
0.3354203686563846,4.646067549411662
0.39385451324322984,3.7897965280117343
0.3709160337046007,4.114963213638904
0.3748423213223496,4.056351395974918
0.36692695732633585,4.088428625124365
0.35563732747971155,4.241717904902827
0.32405660497656247,4.83681324528309
0.42429259041156225,3.342316357083601
0.36822529458688125,4.1086087849481965
0.34029960234648227,4.4921459019472625
0.31465486286017486,5.150345775644549
0.33531366823559144,4.684145183239775
0.3819691141197043,3.9071609799820872
0.3567622378423446,4.356525277694648
0.31455197275791746,5.089070424353505
0.33531627603139846,4.619145028463924
0.3195905577706935,4.952872301074829
0.3494243555517548,4.43905403936849
0.3323103799995918,4.667143846300027
0.33696989196545923,4.647421971597129
0.2775709377881516,6.029869220047872
0.3365903058281138,4.638560658241296
0.35831761652558786,4.177094788735959
0.33772705367450007,4.526223262360683
0.38554779395269356,3.876129373569832
0.3275162608489362,4.879605557708356
0.35120120604197524,4.405973962763401
0.2786020215411017,5.972793312297273
0.35579122727375784,4.341113097203341
0.38616650464351443,3.8736953660521807
0.3710693019705113,4.084736918344757
0.38490803449266114,3.896085995382585
0.35508212648752924,4.249610265893615
0.4343071309901019,3.332473504060555
0.3243613091121038,4.831922976570963
0.3723603371240657,4.053383793928876
0.3423662745455124,4.646687255966093
0.3311652921864895,4.6906214949644935
0.33707945269376804,4.609385651942826
0.32504788985823174,4.841979150949072
0.38830581300424005,3.831166206617551
0.3745467141128133,3.9993651257728025
0.3355914180443514,4.653383613886198
0.36655218336139356,4.1487259145063815
0.43476836014279563,3.2984213181502677
0.3457929505284933,4.49492139282947
0.29614877694155084,5.567058285222083
0.4049729548132965,3.6112241288179288
0.3616374425207983,4.182713186261323
0.32697698699252964,4.8261134376274955
0.33439890937515054,4.713359721345565
0.324094464651956,4.880012428350507
0.3650942672041915,4.171039379776561
0.35073518639788515,4.2959571280491975
0.3706096569236131,4.061877549894985
0.4076051392545901,3.5814467012666604
0.32703592176989504,4.823737663281777
0.40132199399335944,3.6806874007923
0.3985471346439684,3.6961182341021246
0.36928476105061786,4.121317935463518
0.3536543526845396,4.2799522019521135
0.34401070571365444,4.521180082557395
0.3736090155549351,3.995745868098869
0.36199164156577174,4.194310563957361
0.43894313549533615,3.289810164471294
0.32585119925799744,4.801865110277226
0.32526115789793975,4.808320922626731
0.2967896169062846,5.568055201031943
0.3451115659778456,4.536998916458205
0.38796131766534087,3.8166848865341407
0.445405707540108,3.1922915595139387
0.39852318514705665,3.714378476731982
0.4401631245960619,3.238587205670062
0.35186649848048074,4.3421659160667065
0.31470186794162014,5.038792900426952
0.3488694261139248,4.409440986215455
0.3642307539533012,4.1793404864952395
0.30191978173983736,5.53851038013856
0.32200725919895046,4.98348586489824
0.4002838046940884,3.6954821905340083
0.3142993727881699,5.149967969941141
0.383229244760177,3.891109652265342
0.41570547554830095,3.51526935007998
0.39030914023043584,3.839356637393751
0.32362235584814664,4.81431702016634
0.35802942983526437,4.293719384073815
0.3986726963211752,3.6627466804903244
0.36534286227073814,4.136198162958638
0.3542185754865869,4.320188342307176
0.3590381051427071,4.174539921733647
0.37714648739568957,3.953542345725631
0.3686304801428522,4.089074283481213
0.2866992382233728,5.671814230880139
0.36044906619549344,4.1627008186841445
0.29607882468263336,5.547350898457488
0.3257957102356672,4.817505196481871
0.44155429815304365,3.265903770545201
0.3958643473440336,3.7124016095720447
0.35127515363167716,4.360999130751431
0.3438392780492303,4.526279785735803
0.31647090546723033,5.0153262708539375
0.3446115821081289,4.4659752462702675
0.3473228470960763,4.530585924075067
0.3334257674171174,4.650071583419962
0.36414038506062546,4.1276054599109475
0.3021357694657072,5.394686319163259
0.3016003201108741,5.347017063314015
0.3375516353506672,4.593690091119018
0.3910266975914861,3.822527646328503
0.35135211313550896,4.448530535362976
0.32387926371918985,4.972898200917856
0.3486378311940268,4.3792431682887845
0.33107718618830195,4.798375626884131
0.31209466360188964,5.193902597963825
0.3120842802184517,5.120098176434265
0.3956019412993083,3.7451542935030444
0.3632124607997391,4.210516705042562
0.3970336189494375,3.6987883637507886
0.3509275806977965,4.256347346534168
0.34808052905828735,4.410297599687506
0.3615856179827306,4.156123306323737
0.3325968207513371,4.729524397589493
0.33068844505175454,4.643691092669848
0.41449365303701335,3.483960992790624
0.3523768197413531,4.337030110475757
0.39369832517975,3.7754792147179512
0.2684551470225905,6.212370337170283
0.37886063949872983,3.8776151794861926
0.36331225574085335,4.1853690572591615
0.4028966963302163,3.6436328743871735
0.3395507185570271,4.546094057133729
0.37990842173460393,3.933275429067607
0.3748563834575167,4.018669646575889
0.2908984646268173,5.8146046977188055
0.3477659257108424,4.427042132661673
0.40848087631396696,3.608324270782443
0.3653828048638009,4.2349591244114855
0.4229202563122265,3.4173853781256365
0.32999840893361343,4.72433246891068
0.4134715800767168,3.5041182627708087
0.38980150702915717,3.808429140716527
0.3229779747898122,4.880186536852977
0.34530027642269656,4.513624516326825
0.3300682430540166,4.7411190538090215
0.36349033291403265,4.141476199325924
0.33910773023224916,4.707082130899939
0.3493196003922625,4.3681130652583535
0.3907859224782102,3.77061038593315
0.3775135284530589,3.9693517602470276
0.34676387930351404,4.443136795701022
0.41488348128732633,3.588882374735771
0.3267931217922153,4.778129766075181
0.3191115742474579,4.995656263259881
0.4031595740932256,3.7216616365047526
0.3553810367439249,4.272469801607752
0.372796796838551,4.084598462453885
0.36406377034954823,4.173601402526843
0.37994560936638966,3.943777100302469
0.39563212230749933,3.7975378615642827
0.3107677810527134,5.131696448847698
0.32720912955670756,4.872682482157074
0.34391360804501836,4.426439854782061
0.34233721371706954,4.525679455028119
0.35831761652558786,4.177094788735959
0.4031794628768305,3.6310231930062287
0.3475897768198044,4.369877530941694
0.3486163701024074,4.403799320119561
0.3709555962545595,4.087373091242964
0.36223069294559085,4.162966778621804
0.32788677742895456,4.766950104595766
0.311968093034124,5.136216667053113
0.34089132208436174,4.554067060738203
0.32326116744072064,4.871059994236309
0.34145495177031915,4.5558038038560245
0.31917944761501815,5.0057913747664005
0.3309377661511179,4.701523459364148
0.32811939940486123,4.8247616868357905
0.36349026812488405,4.195231598090184
0.3947017564639691,3.728710449313417
0.41309217711625035,3.5396020930213785
0.3824706135328266,3.9194234037768925
0.2918236879556054,5.685877763666233
0.35891617427193245,4.288188782723214
0.3597254944503813,4.233962660738276
0.32353399366904434,4.945493369910943
0.3923144157840455,3.7055726774930298
0.3585481046951394,4.267871126302024
0.38313090649131265,3.84975116113526
0.42270486681641795,3.4039633116049623
0.3344883626049623,4.6204178416890755
0.3548351500115464,4.3577834039075745
0.4033680159874193,3.669436328389331
0.4044705715232901,3.6059156056099884
0.3197203473231943,4.873610427284028
0.28446101703879684,5.930589197756745
0.36804024341414615,4.055663643080057
0.35895431846552933,4.269407226997769
0.3706578994412096,4.039719290618552
0.31075524027563084,5.192125626385807
0.33599208251497503,4.63874841192091
0.36919904524671854,4.201002527548816
0.3720866047275914,4.017660314393649
0.3126841649862914,5.17831005678297
0.329236914566404,4.793262596447794
0.3866550763198186,3.869575098831196
0.32586022987316676,4.853504982193058
0.3568811215238672,4.288055945933064
0.3911166614064118,3.7520934513538733
0.3453411066646114,4.556631558772278
0.4120199038336706,3.5925561410039366
0.28673610211919237,5.818294078608991
0.35683375554395236,4.283829977992137
0.29450151630838284,5.514689867174621
0.3788813848571776,3.9979864975897947
0.38186463996961933,3.9152457855697462
0.3511263390912357,4.419147803058438
0.3669952541299333,4.147739065581762
0.33280319208769205,4.700290905807433
0.36383552012425036,4.137440622642346
0.34748486241655396,4.48034069845342
0.36572050383338256,4.143067060023143
0.3749461637835654,4.01906988121984
0.4207632697719299,3.408104847658919
0.2788996395666032,5.988960701889703
0.3550559393981455,4.292290349181841
0.3782986718798696,3.9135268273416464
0.37834561938833106,3.9556283919973674
0.3334695697925515,4.683424156944772
0.3535581674799492,4.34486298129631
0.391931874083172,3.723785601100073
0.36065029726959397,4.244946655727824
0.3307868835455421,4.566761304736432
0.3957582570329068,3.761861507385196
0.3686182246597105,4.089300051696156
0.3671233739976709,4.171399019076669
0.4020217486151324,3.6860792281398593
0.3603489793129665,4.248965989980964
0.3849987389691445,3.8506815938901435
0.3113430952733446,5.120484585963273
0.29931766695956863,5.47002420442193
0.3464766741821733,4.475816263967695
0.41772140944938985,3.5297772017957376
0.4141260842494947,3.525518302419358
0.3273510602806148,4.805065508735834
0.3525955827404129,4.379004414180133
0.3215585211616451,4.8997682647229555
0.3626995874321682,4.2574675077040744
0.3724207237347641,4.1030643377351925
0.35417599417608225,4.3781461017515175
0.3254821724874115,4.856352665910735
0.3520970370597731,4.315610701439498
0.3713641335966561,4.012217647981575
0.32034051137041575,4.964739741469735
0.3776176856864826,3.9868293032345963
0.36779340829442136,4.145987602343147
0.34700082354652984,4.458666069565723
0.3016121974672646,5.348672528239306
0.3255407225212933,4.872652762134281
0.3183831412978866,4.877761024485669
0.34147927628071095,4.513624405843161
0.3424930284952471,4.58582295603956
0.3317173487664089,4.70826660576098
0.33260341770665924,4.731560668984613
0.37303282360660844,4.115629867173241
0.3611927863091205,4.180635071813665
0.31830798577218505,4.943219476199817
0.4119428343964329,3.5761333003107905
0.33531366823559144,4.684145183239775
0.36811460006674146,4.108392081730608
0.3367751938505327,4.5540634142263565
0.3145109414382811,5.116609340536372
0.3792821336019745,3.927358128129965
0.3957074961320658,3.760391926751698
0.30003703422018607,5.451776863054566
0.4034871559475172,3.6441543856199656
0.3759049926230488,4.04201353107993
0.39120009748817525,3.831034428164837
0.3645996214662587,4.082531435942661
0.3357036269739475,4.6201213490110815
0.3311832789523057,4.711163197233633
0.40555009590158064,3.683061808064211
0.32048303125982297,4.952466278369544
0.37637701234365073,3.977790007685899
0.38668455625168563,3.928008334794895
0.36481650024125534,4.1538985841772105
0.353566604079658,4.358247535234762
0.38682709970831025,3.888695673833033
0.3788804743120898,4.004731560332364
0.3130209397928037,5.1170283455393974
0.34346339279685456,4.470953327301368
0.3993093512842576,3.6282448379004775
0.3539519409670985,4.282787762593824
0.37969286091042154,3.9714061327932235
0.3459446828583811,4.452964735156477
0.3336831670559277,4.735348980612326
0.3646789776878369,4.175008679984895
0.34910306808571867,4.362511492673732
0.3591680437168903,4.184506599123835
0.37708340335735563,4.0409922652121955
0.34734921365284066,4.498105007041553
0.33938103173603895,4.531018044350699
0.36797080946049915,4.101628819225662
0.3051928936800594,5.268290594230702
0.3369739040687849,4.498288166914525
0.3463764683225913,4.421562789652862
0.3210608200107611,4.968557575372354
0.36501147869661316,4.15352846791993
0.3231999116993415,4.931237390922959
0.3360576393627106,4.670119320739752
0.2842610136720953,5.913438578621975
0.3582152948383177,4.257479340207672
0.3752776970678132,4.116383189699962
0.32536625189106394,4.875651970715266
0.3766302856135772,3.940539032069152
0.39444414657803323,3.7913294492685776
0.3334721208523197,4.651555283976846
0.36645663626666125,4.124209419004459
0.3720866047275914,4.017660314393649
0.3960943977127326,3.747288044309099
0.3933184437498959,3.7800853452895975
0.3411875252041763,4.507095751018285
0.33891323674992374,4.582370019763908
0.37393611212965633,4.010990148551385
0.3571088731241861,4.241178844345168
0.3450254037774956,4.504397601207558
0.3419397495513715,4.524011039456627
0.33834690850226257,4.5791425477117365
0.38053170274363124,4.001060463459174
0.3053050506192637,5.220666540601621
0.3085304022964353,5.249794470842782
0.34845573907198213,4.46089395016854
0.34942071566881994,4.423131514113008
0.36345622295391095,4.154890274426243
0.3371348684427469,4.592304178132382
0.3431299564550615,4.4549389436712135
0.3721291531132682,4.043049023154638
0.39866310139309763,3.6492543156991446
0.34610361223232744,4.458635426037243
0.3030031574782995,5.348785664905827
0.35001878207388326,4.339135535348908
0.34365491140606236,4.466008990606467
0.33708421561339996,4.562091994346165
0.40364878317144126,3.734162860530334
0.2956662484030197,5.598577103010541
0.2931754638255461,5.566604205482972
0.3138255551942985,5.136526410423414
0.40620523665558217,3.5886132996230806
0.40369531860668895,3.6106591044184535
0.371587522220969,4.012866735989236
0.31645454498987113,5.004971604996095
0.36844604029609906,4.09391601632174
0.3419048601520488,4.592336460057345
0.4169426925982336,3.5307806763794534
0.4088610286227472,3.5852377723063946
0.36699615504860483,4.120731914215221
0.4477808874278988,3.2182024120513475
0.337713565783589,4.685427236560732
0.3540799367670375,4.325595939121448
0.3821041210627715,3.8594627646537925
0.3575891122683268,4.27135032126646
0.37013289902405844,4.115712388989317
0.33796020885406264,4.527602967208439
0.2591631904246153,6.832734069165618
0.3366402456056447,4.5767414119206355
0.34191463548126905,4.451086446757458
0.3229071280014018,4.844505065026561
0.3454782921306465,4.550871718204902
0.37330538396771584,4.074657497873222
0.3428294588138991,4.575850407538862
0.37541215879130757,3.993260457270876
0.3234309873416227,4.895571783125255
0.385068949487942,3.895916427669745
0.3121294425611192,5.1121396498841145
0.35524660349925063,4.254525699364181
0.29737804574982857,5.561800635190858
0.34368054210273924,4.501809996342426
0.38353375802138934,3.909462981265006
0.29537108896525416,5.522356857266072
0.36665735640169156,4.089310154436088
0.38907897271336767,3.8522470000912623
0.31209466360188964,5.193902597963825
0.3049993786744403,5.335951913271914
0.35401240311457116,4.3010810846923775
0.3449102336399988,4.49354437825982
0.4020647293823756,3.5744383771540242
0.38220590277074146,3.9568932694997345
0.3229804277781603,4.989513536519044
0.36122865768239254,4.232082251740547
0.36525133999390225,4.200150662248349
0.3280316489520529,4.776832554150969
0.44514790721924946,3.186301063689596
0.37969186477055605,3.968837456081574
0.3627780843692232,4.168594377112032
0.325888432449014,4.880313837453999
0.3827587730465948,3.9359397725310368
0.35125592295306174,4.441517385711237
0.3653994523765588,4.092574777187699
0.3584051487274024,4.273291912842398
0.3856883107229403,3.8713290633166495
0.28702989129918505,5.857180328130745
0.32360110571841666,4.907176671095038
0.3149642796458481,5.0158941196915565
0.3407543782389658,4.546097639278416
0.39445315240573553,3.758703758578121
0.3458198544903106,4.4968381415349095
0.37150239099437965,4.030949735263211
0.3312788799451954,4.7032444521803844
0.38308850968288655,3.913888145091633
0.4657634024025201,3.0172438272935764
0.3790282259551703,3.9177734321722917
0.37241828258813997,4.005896599274851
0.3636654923416189,4.190061491022515
0.35334671536469386,4.399754371301604
0.364233977679837,4.184288662760873
0.40555009590158064,3.683061808064211
0.4515524929537547,3.1218086045165125
0.3216744787081025,4.9374012005127454
0.3212423549048875,4.93891869494463
0.4469112452423917,3.2287618828679756
0.3080196561763309,5.261933248593367
0.3531995496580903,4.2969984555340455
0.39337043296076324,3.7763796753159693
0.35938146979380925,4.221909937711942
0.32722157379825245,4.810980974608911
0.3499062392805833,4.331681753884882
0.3222643264177252,4.8652569416480365
0.43644867420890837,3.2972094633418196
0.46105026222501977,3.0813639779414865
0.298261038221398,5.503996650559885
0.37353342974192494,4.025996783151218
0.36453454236791505,4.102608793686242
0.3899745722660473,3.8326196781491366
0.3232415946950462,4.823019287567038
0.3225736415686089,4.921862660727215
0.36083540546546017,4.269434445825798
0.40687443947764573,3.6640714401605456
0.3803519238552707,3.9859958392499943
0.40923350265517244,3.642614381013646
0.36846928829652453,4.0880915706410486
0.29330931134675947,5.552947578645837
0.36293256130402635,4.191025449378633
0.3532104373746865,4.400534701594295
0.33442962233418994,4.693524242033661
0.38083292424237863,3.938830751916935
0.3551892830469766,4.306164530916688
0.3402622597044812,4.601586257260776
0.31806358563611975,4.920758947201136
0.2948541000817547,5.573022514632082
0.3771212903570396,3.9953759608276145
0.36131735851130337,4.195552242743158
0.42475790716826733,3.465179755557165
0.409762106509691,3.608347872940539
0.3357601249249619,4.738995280857689
0.3479505367855381,4.453386613714569
0.3561686342609539,4.309582010328567
0.36588221544251126,4.133764645337896
0.4269290883381754,3.406695604737694
0.3545227875969848,4.34280277169613
0.327729416747847,4.884742409572455
0.35259591531766604,4.3215669967695405
0.3875997910248174,3.8292494687085097
0.38244285305570264,3.8830260595822415
0.27425801408156425,6.094554984767572
0.3204348856545821,4.899692230680541
0.3675345820816652,4.170992154150452
0.2829339723462803,5.969401600991015
0.4029138068772324,3.672140785959538
0.347094625957042,4.384295234720406
0.3795076610732495,3.8919986774022504
0.36219941027844416,4.111985274276029
0.31257811617492004,5.098721452882366
0.38160360942774396,3.8940706710177486
0.3352588620360959,4.69235393278022
0.34001689933654866,4.601472617861288
0.35026400902522126,4.401451870665111
0.3986831664389863,3.6184617933384606
0.30738235796941876,5.188444843062548
0.34582535750411736,4.485362972130637
0.3517159380454635,4.342959401487239
0.3723531678472073,4.053696304340147
0.4260845440187029,3.409782163999447
0.3365121245827161,4.78386308913891
0.3650307284797081,4.1076617589113
0.34299265146746616,4.513037697672283
0.42013342834807316,3.50006461411261
0.357004348585119,4.2785982191217755
0.3528455351150362,4.283140380904832
0.2937888207029548,5.583494926387104
0.37451891943491955,4.037257479672797
0.3168601282379591,5.0828524966454305
0.3538036949826448,4.304041096107083
0.3771186180250788,3.998695962451458
0.3709797539031476,4.049843923122516
0.3587263405790054,4.218464235238539
0.382112558150358,3.879015370273509
0.31175539379991635,5.099008422611309
0.3436911526114499,4.535089615970615
0.35816127254004126,4.260226955806207
0.41176778915037676,3.5529216994625235
0.3138082726909791,5.100719731475183
0.3895547688824484,3.8076760953456685
0.37728369998993055,3.9471206204119507
0.3590381051427071,4.174539921733647
0.3239376683486054,4.883765343253191
0.4077806963872758,3.56568006914331
0.3369250422729225,4.623560839536552
0.32429450299293006,4.868223598356043
0.3628537948760817,4.209178196800941
0.42085103558552456,3.460787097771409
0.36311973657695307,4.29500167750623
0.36966962792445146,4.089256037901144
0.3500289672469292,4.295424676010461
0.36920010626360084,4.059199030095525
0.39238317087733815,3.778974890141361
0.39532041519451766,3.8111496708900496
0.2821295120357444,5.9031007725788225
0.34814953696735684,4.3912680372171495
0.34315287731331834,4.4709680737483515
0.3328738852878274,4.595361761884309
0.35109273487549125,4.329010519462178
0.36903150862318934,4.119082342544936
0.4123659086143321,3.545647692777607
0.3755162795154799,4.0368225431614135
0.2943239413558797,5.5189850025251985
0.41974305831253,3.441947769280016
0.3517066635878065,4.3942990982869015
0.31532708983037183,5.001559413861574
0.3208324056371685,4.923089505002401
0.3255995044681995,4.806554177454626
0.35083577100368163,4.427279072839077
0.33777724467435416,4.546072311058567
0.33015056557239875,4.780393085805011
0.3546864387647104,4.317201000603179
0.30984738494459474,5.1643663390844035
0.40311559533188335,3.714722456684306
0.3629888822097637,4.130803168376121
0.3322352581948871,4.6979948691422395
0.3679831593878329,4.054471657650947
0.42948631476743604,3.3818441301840503
0.34562037331299833,4.4486833402666575
0.3546081276450914,4.393172568488996
0.354712011084145,4.367895898423194
0.4294634045882141,3.3755954801717474
0.3489533667312436,4.427275550449362
0.3543175264861665,4.344290655209466
0.3409519281804665,4.56579579436516
0.36621073473195637,4.106478367390509
0.34670951292526375,4.431367143508278
0.4062925363905719,3.632776902236492
0.2914090813001392,5.583218902217643
0.3417013523364987,4.499636276949722
0.4107764227293356,3.5627288751763273
0.33042713906969945,4.753260192315353
0.36644274781211367,4.1393110116342635
0.3071654267433118,5.224870892679005
0.37403088415320024,4.036889184723287
0.33146195835199815,4.729710312243236
0.349613021347432,4.51172325843114
0.2944604702994694,5.570675680424175
0.35439853036556423,4.291017190882632
0.3364663001291496,4.673196875432928
0.3540435959771121,4.309152199138553
0.40257297140605797,3.659938783569283
0.3772241703714358,3.9446178930589055
0.29624167774948734,5.467862068457233
0.3253922511226067,4.848475664199304
0.33230221444141744,4.731672732157891
0.3709099578179852,4.087740974876595
0.3060657495394735,5.320663632594741
0.33738088070746697,4.646605395260954
0.3610538399120421,4.252565103360376
0.339776131799462,4.590515139004965
0.33548678189121284,4.743881351323467
0.3916598211996817,3.771207402352033
0.339033027669323,4.590395688454858
0.3140295844371782,5.191552724725436
0.3273381395358503,4.8337281637386535
0.32095115114906625,4.994653190938852
0.37501269614084415,3.9931266660327287
0.37357959152657416,4.000597920069869
0.4044705715232901,3.6059156056099884
0.3792365477277657,3.8943939202510025
0.42167290052271506,3.474065707618034
0.41961144207761136,3.498107262551743
0.33601923401001094,4.700885763035963
0.3222140551810442,4.924588772468556
0.37370157254483044,4.00764181401149
0.29258589866847085,5.640752906480567
0.39687872475838004,3.7182984994897788
0.3594152780242637,4.234311840444742
0.3537563093119141,4.354484762801148
0.275685244784079,6.058366573982736
0.3598738233841636,4.188437830561578
0.37016418109373206,4.062741906082497
0.372574926734192,4.033868838119714
0.3844996414523251,3.9317472446931174
0.38726539888030165,3.922993325203727
0.3442879692803429,4.48544553150871
0.3161638462627707,5.151241916217197
0.4095456536565687,3.5918679849922897
0.38389541335947547,3.8976726182349744
0.38650356148515286,3.8503296829685154
0.3197371482967891,5.0564746733296255
0.3834873802295413,3.8481756805299283
0.3978767652506629,3.7115752366378874
0.3407669848695425,4.541801142081149
0.38052109450948,3.9760844573568352
0.3114164093049119,5.139171710120336
0.4251252649737014,3.3948474165027274
0.3316553358557883,4.691493762365066
0.3524354114784478,4.30122553546834
0.3531458826377964,4.278764794268486
0.3708823331332422,4.113954990545764
0.3204307139040185,4.983682012202769
0.2992238524363597,5.383040981977518
0.3322387453260559,4.7076501657414935
0.37342514877278365,4.00207116807389
0.3698337595697023,4.030484140774319
0.3813782271016122,3.988394652780175
0.3653385212590546,4.146384596596031
0.352110623485892,4.303463867509852
0.3596996278436707,4.233156584444643
0.3389335213915111,4.628359934492915
0.4030362751859402,3.5905461164633
0.35167570864902903,4.309798771569121
0.32639841758632826,4.828030559979289
0.37439730110078323,4.017192505117814
0.3594812592346097,4.205284034194029
0.3242481360143231,4.833702278888373
0.3415286136049589,4.5708252821930575
0.3366969255439092,4.577484682194287
0.35544342547574,4.2789970839899665
0.3922515721775661,3.781785051629393
0.4243729068635472,3.384531421752758
0.3406296878398201,4.6137234375240785
0.3708072504445503,4.083283451567202
0.41449365303701335,3.483960992790624
0.35797681324177477,4.288558519124769
0.34396415260091184,4.530538657645244
0.35169837523935704,4.3540992879382
0.4059636917540339,3.6385898729853214
0.31702114176786284,5.100503233034142
0.34347945898903376,4.48202363122262
0.3483348090864171,4.441824690246748
0.3689203671700262,4.190027104994283
0.4258204365259261,3.407763955927546
0.4329892898536265,3.3583894701345653
0.2828401319569784,5.916634733732185
0.3788268708912435,3.911489578184723
0.31933603963992957,4.965838437136061
0.2989358304520707,5.50451260157106
0.2918501942994778,5.471147297638104
0.292253357775336,5.6309046858053735
0.31871011396307003,4.981318088381368
0.3169718312741751,5.014660993546068
0.4256605892366433,3.3970280700465687
0.33871295765343934,4.596147318012274
0.3385854111839959,4.674141196417525
0.29130484005780655,5.648041315531829
0.3786799855091558,3.873684406694743
0.3346967693572105,4.666751480590609
0.38286661006902345,3.9024182574503348
0.2933526299965751,5.518464412071929
0.38505903800967467,3.87325597838264
0.3689081227313237,4.144175169367365
0.3798768171908659,3.9308796060010334
0.3385580577246097,4.589422709426932
0.3438367172044646,4.532542833035236
0.29802006889741095,5.435092420328091
0.31479407675543236,5.0355514554467975
0.3680325568206381,4.1227764370203195
0.37598256931918306,4.016677456711861
0.35820220431230576,4.228759299970184
0.3732803431322033,4.0471597162958055
0.37546248729403,4.064339587039329
0.4216438663710922,3.4341340797752005
0.3642957635771832,4.124312347308095
0.3834436283165418,3.8593935741274454
0.36730568690107634,4.098395443694457
0.36600260749488533,4.233156590808712
0.3437025940722517,4.482809047400445
0.3732768150498491,4.078686374562213
0.38838342339333676,3.7605721851285794
0.33300896881959385,4.721118310505139
0.35822783388964785,4.258833572564621
0.3283684034164507,4.763066396179926
0.4039043841350688,3.6555770761579955
0.36727142357921955,4.04255187053181
0.3374275256319794,4.614276258214449
0.2934093396882078,5.5728721645406765
0.3252144797580933,4.799023763224328
0.32965612349799517,4.682292399737959
0.36993070853883314,4.126983411265938
0.4106429849425626,3.5876160888654813
0.3377179671743987,4.6168810742110145
0.35814645959693875,4.282383191755823
0.3180928832423668,4.998262360969853
0.3728661592617039,4.003391220180695
0.4028678276435008,3.677497029840838
0.34815413746314594,4.404648329273102
0.3904499226761163,3.821528573112137
0.40378106173700806,3.611798363344366
0.3409167804149079,4.57312620315571
0.3501467888895695,4.487918504936742
0.331226023510992,4.666455263049348
0.35791283805807583,4.254508926618727
0.38093052833650753,3.9476896278480775
0.4368124488912409,3.297854017814379
0.3704455626548072,4.085103720804948
0.34537958860100276,4.481779599582063
0.3746566869194799,3.9561189176335945
0.32259461147883767,4.830348252997475
0.3576470184985414,4.291046847727133
0.25548379345565314,6.759936943859384
0.3980533227342126,3.6863853947848435
0.3716494108907362,4.0691795582589645
0.35001136416929823,4.3093595783106435
0.34883749845499734,4.395702345422731
0.41862459607047503,3.4934691801462447
0.3428680451249321,4.564157456366425
0.3590111011566196,4.263734776018353
0.3449869726740802,4.464018952935843
0.3773964909950008,3.971103679411357
0.3270121425790631,4.781785306111541
0.41044404384581235,3.530604969733101
0.3902164471163259,3.7959184829397556
0.37788923975427396,3.972974215827248
0.37624986588784265,4.017724164026562
0.3370512431947411,4.624257825108724
0.354991140941254,4.269278731449525
0.3157972434203259,5.080069064177784
0.33655083935314933,4.591232856630452
0.3052137860100142,5.2744500253956295
0.38502337540848597,3.904362032486126
0.3870436284751894,3.8902367073251387
0.3300949036825622,4.721427246355068
0.3761332858064137,3.9616504349889645
0.3692884950682297,4.116440737808552
0.36486781811304414,4.135106711389781
0.3792399703322436,3.9333183030916254
0.3525544221768491,4.309599918479708
0.4011143566193521,3.6843124427841714
0.32783214977175057,4.74910600865008
0.31861165182819456,4.957286801149393
0.34956281808410794,4.394187284656598
0.3024929334955583,5.370626606585208
0.3849484707564574,3.8901044134194214
0.3068512971069606,5.233352709314379
0.34300200467650355,4.541946172273416
0.29477623648659673,5.539418948140229
0.35352560532358923,4.294287992368523
0.37006203401985327,4.097707688160264
0.2831772337229268,5.912359527856216
0.3308626671013263,4.660887475060435
0.3473522071047689,4.404273792043637
0.3573417815238188,4.2086708471805725
0.39932485733281253,3.688108993254861
0.3026071186781979,5.256088812304809
0.39245025157109303,3.7840080278385617
0.31700081310993194,5.026955906426226
0.3847962004037524,3.9490055742430186
0.32334215342143,4.808930819201947
0.36241330340959704,4.17402067233372
0.38404915432845954,3.919521750148768
0.3665226850629964,4.108677709281081
0.41649111680243023,3.5181741524978567
0.4017792112720173,3.6788740191765013
0.3273293114417807,4.878510635744718
0.3800618901816906,3.8890162083043154
0.36537562750015795,4.071357592485858
0.3648381105402938,4.115260929192669
0.35826201149937076,4.275900065012669
0.3777113499670109,4.028615397290464
0.31647090546723033,5.0153262708539375
0.3311756216474283,4.783868105746877
0.35656993437410694,4.337693012554622
0.3753570162365384,4.005351145926555
0.35888397771827096,4.2314417252809875
0.4215328768221659,3.4965349723100765
0.36037052837831507,4.115911131739576
0.40264326953145435,3.7129612838616928
0.362891142172183,4.171573435674879
0.3078827494829907,5.186546643902329
0.3401198874297523,4.448069034331984
0.34519875504891817,4.427701097094117
0.32965866273886757,4.734635622287791
0.34914518365408675,4.409461371059139
0.371473145422587,4.078074581735515
0.31512639919931007,5.0683609534215535
0.40790266460746216,3.5674814435115687
0.32318301792251214,4.835682289943703
0.3319179295258153,4.732302418916495
0.35575438156414274,4.266162268110581
0.2972860882191748,5.371610214165144
0.3476752974754833,4.3740830342762145
0.3456904892216168,4.5285129696422235
0.2886851548463104,5.767975313613572
0.37782271789344923,3.971895405803911
0.3157430693270768,5.043884966114867
0.376174733635828,3.979812897592849
0.32796157570178613,4.833133346005585
0.35830093946022656,4.281425217901315
0.3123679931802516,5.12584849552015
0.3557355891528913,4.322686045778129
0.29844741838699285,5.367324448298409
0.3802209268814579,3.9766836769853517
0.3298717596861802,4.7800527122561505
0.3216894321385908,4.885197678230488
0.3975735755344598,3.7484206292183124
0.3324480851281264,4.627171388848381
0.35068778570068626,4.439541052390815
0.2792984837497362,6.109897165127394
0.32963777181991466,4.77279554169317
0.3996641927041156,3.7384748397949337
0.35250419866572763,4.267800421399086
0.3463499872117541,4.482743795513578
0.36768252261014567,4.115856722049386
0.3330629833730865,4.726218531985235
0.2992513023316933,5.504184838660095
0.3631379970291993,4.210949924755077
0.39794388290517335,3.718098260457618
0.3994099394462495,3.765353860725595
0.3609745818803827,4.236877079092418
0.3367540656366952,4.655858778213752
0.3590536381201573,4.292190974542759
0.3715116021510786,4.048007478841831
0.30248883429775075,5.202550810694616
0.32834590221577153,4.78449536329148
0.3790632714487097,3.9483608452406083
0.3243293491155005,4.903558268810749
0.3728784114944329,4.02804203062528
0.30415537909443247,5.273114511788037
0.3177913868386234,4.968671045662664
0.34272312417704887,4.5046536041894525
0.3896953963253161,3.801716615065226
0.39365558066003364,3.750685621414051
0.384650405888198,3.882798049109321
0.4215150463354198,3.4423971122213115
0.4114732978369484,3.574850858524719
0.37876407474302476,3.885822097708639
0.3622956926156805,4.20757253816843
0.37732486104344704,3.9788892207917557
0.32771178126695655,4.797526643106474
0.3231264717675685,4.8365983221932884
0.3498086406452958,4.40155525105896
0.3494341601399499,4.441143340233449
0.27039572063979445,6.391195720530388
0.388546260559257,3.859913565221607
0.357190335671671,4.249566014573046
0.39369832573557423,3.7537466866657025
0.37076124658966736,4.074092118573734
0.4209760889505336,3.4538800873984554
0.3685410604571025,4.08151264533307
0.3505919120721484,4.350895910275457
0.33741275994755676,4.6035701998473835
0.3446598223416041,4.566424740972721
0.39449133519966895,3.7666280840552813
0.3181110648195571,5.008587095277156
0.3538827275523282,4.284349165455445
0.3847787473369127,3.87899745203997
0.3605032761193143,4.255672969032508
0.29477623648659673,5.539418948140229
0.3299438312267673,4.778661297363942
0.29012078117915363,5.544653586995795
0.32027432331183636,4.9709866924984585
0.32775091833438597,4.803203466520859
0.3693341889887253,4.007585096728967
0.42486261931855573,3.4476487651457366
0.4355005503878979,3.2598861478785714
0.3778766902118152,3.9587796144420273
0.3638697335596183,4.253336526488392
0.43677666636743057,3.2727868157050475
0.36723521505961065,4.094038636724533
0.3145484821605648,5.0292806336800595
0.351960791501603,4.392716177307358
0.37467218018422865,4.018084977783038
0.31575836231925636,5.096436262375744
0.3728083877088647,4.04862531273231
0.36307245500047935,4.227503895858503
0.35306381664591757,4.263905297314494
0.3129108736230747,5.144495918853395
0.3096579779466912,5.19431293688349
0.32685339605595976,4.75348574880912
0.3951899276239424,3.7601951288442876
0.37631148838778083,3.969407478126097
0.3882803731786436,3.837163712803218
0.33492300772055106,4.673376393323926
0.38246409584618196,3.907761699379323
0.32473490094044044,4.803899795953235
0.3594577903333376,4.241647501271328
0.3079731423000165,5.392953536828872
0.378046578585735,3.94005657376889
0.301448019683024,5.385863067277203
0.3363837663705771,4.520227774602468
0.36358130700384894,4.1628303774381985
0.3515890523940109,4.32764430883399
0.3470696550549476,4.408660913155928
0.321352718619889,4.925843154947555
0.3426617155833144,4.471148375540357
0.3455375448400093,4.448480202309632
0.3582139178906722,4.259861150752011
0.3670422488303331,4.0923841819029105
0.33211700152019413,4.731055925795897
0.3905878539040019,3.852885032258615
0.3100558125128784,5.20459405821365
0.32774249070830286,4.754733940308569
0.34744649971179675,4.469816931145719
0.3807351071400674,3.9712607961303936
0.28708827242450585,5.836100066741762
0.36975448765598334,4.092992254213566
0.3197203473231943,4.873610427284028
0.4089725941783368,3.540720028086072
0.2952616150849561,5.487720445939504
0.3681549626013632,4.099057284795136
0.3207558195270712,4.8891589899400385
0.3439291763017296,4.606466313900691
0.3645194969550914,4.133782976044051
0.3742145256533588,4.052401802810407
0.3177130697368771,4.9873485723273046
0.34162074053682534,4.510019813414676
0.2933122718401153,5.502576197278535
0.40738310148931056,3.5711637786553765
0.38695551508256615,3.812201496448475
0.40093521468636734,3.6509945129925234
0.37939765590049923,3.917831387884748
0.3137012691308394,5.173190612308679
0.2780403378667769,6.113387209446509
0.3610318532312998,4.191055900351066
0.35362039417391233,4.33380982184352
0.35350758104594054,4.345720658710885
0.3691745409385658,4.077572528891986
0.3636128482975365,4.205292839565014
0.30408861916560537,5.36888899408318
0.36908824968885584,4.126519486672006
0.3517335303737902,4.3527050522379716
0.32254164077018166,4.9194051790604485
0.3856509019396418,3.8791437463041896
0.33657636209863206,4.65932866399436
0.3604898409922509,4.269266946478277
0.35341034127494586,4.309840596199649
0.3799710577471863,3.9083626530839806
0.35894238602313683,4.1947852421348335
0.3768817966616561,3.9511044919206366
0.2795878424858021,5.952584805017202
0.4068450261911779,3.6081180024915476
0.33989786424339563,4.578874775526384
0.3326789520632072,4.749686139289551
0.3744962129348445,3.9800517876570054
0.34148663165126825,4.505300782202926
0.3613364507166842,4.139882014802356
0.3654864468692693,4.097423690434807
0.3257109248909579,4.909498946064845
0.4007537742656844,3.6028024733043433
0.3030465113836194,5.332158463068333
0.31317002367091157,4.999869479720607
0.40781760469922995,3.6116735680368164
0.3446115821081289,4.4659752462702675
0.3067306784418936,5.296606720849624
0.36923351627410594,4.079110432344107
0.37176089843701754,4.1101352049383975
0.3931286151912917,3.782265226838075
0.3442117382898474,4.495312489233848
0.39353715122266886,3.7625071544518853
0.3270638767482818,4.7548371782982075
0.3436811035302144,4.643276934954841
0.3018682598880969,5.41683272894641
0.38543327899244956,3.927636351115338
0.33864205864124997,4.563694333946058
0.4354920496615098,3.3551025851070855
0.3875675342493985,3.883858256897817
0.26228800105952355,6.408623538709813
0.3696025161194933,4.077542319589902
0.4148431514132765,3.4993745214344294
0.3370349659057471,4.626194508752351
0.3285422751885504,4.7001013701872125
0.3451518243636297,4.450205308626486
0.3610297707241843,4.185427861862549
0.36663351621971224,4.195489954370454
0.4017632478180797,3.7373514520539803
0.33938103173603895,4.531018044350699
0.29130484005780655,5.648041315531829
0.3369903872227277,4.638520146007536
0.39487145878426533,3.753179341399595
0.37092091927708387,3.9823131400539533
0.3815928019450079,3.89502196917342
0.3800394598958645,3.9327631047163636
0.40226070309378326,3.707506478149391
0.39612115524189956,3.6938192487263324
0.3188203025508738,4.957838307417545
0.3541465790148426,4.332319331148668
0.34114829615168973,4.6353908111408675
0.3322397678731077,4.703291007466068
0.3219898592233262,4.826140127678906
0.34662916088218976,4.386313166133994
0.3961665244362925,3.7997857149603878
0.3857414001453425,3.8712270953294596
0.3347340950609031,4.6613756159644195
0.38398447976941213,3.874595106020417
0.3216224941050102,4.890732323191595
0.34879003733007485,4.439732903831258
0.37106124357605436,4.044810534699504
0.36677227431374143,4.138307163131008
0.3420812111722076,4.420201135229845
0.3070328993065999,5.2289573315191635
0.35810250439852503,4.261779597385549
0.3513719908666578,4.369105832935547
0.3596397603378543,4.206598605407351
0.3466596217998642,4.4358313434542085
0.33676403540523614,4.5634157340701424
0.3541462994815736,4.275220895843932
0.37367601308654036,3.995717681169271
0.33757037603896267,4.597857957262874
0.3222038126179081,4.921126011315991
0.33646763900236354,4.67593810392936
0.37957602226785575,3.9646687922182724
0.40199268919712033,3.646592209155374
0.27325190159335905,6.175834980026419
0.37675052360341776,3.950808508374049
0.3261667197283339,4.884572864548495
0.34348738476041685,4.485522800514536
0.34553554927101926,4.513703794059956
0.3188395201418714,4.989205938085114
0.3380814909329686,4.556861438286444
0.40466886260987556,3.6021105346853983
0.3992458446959691,3.742228441170357
0.339232789235662,4.607494897479864
0.3264649768664817,4.884023561325763
0.33324990152120304,4.711934371348441
0.40654393982895054,3.6346162615282815
0.3480300134432196,4.485670778088924
0.37389555337475283,4.035074632583616
0.3567656289872674,4.213604512059971
0.38320022735004317,3.844509995994965
0.3648419746492374,4.19188848968306
0.3356583030634551,4.702652822713297
0.4077319844513428,3.617584028479553
0.35209726841997685,4.335480536713412
0.3802633758566828,3.959854957744794
0.3955690473314842,3.772995353874263
0.34179292038814474,4.608943978498872
0.3572580614441235,4.267165595006583
0.41082548936080604,3.597741586193262
0.3365107636529251,4.676392798137333
0.3802633758566828,3.959854957744794
0.3669653222431288,4.134720197196001
0.31861678419946027,4.994596834088347
0.3550529544191574,4.283156408615681
0.44280608062636956,3.24352718898528
0.29656497493627665,5.473027187913648
0.34125517078165024,4.481187002803905
0.4171414587818869,3.5226868536704905
0.3811441677790842,3.8886307942801706
0.2506931534365631,6.933472484051771
0.34267525487928835,4.510600622004109
0.35533758895337625,4.39166383950878
0.3926244925388964,3.8052489614323206
0.33558602496891615,4.65744746182754
0.4136199755284376,3.4931532226843642
0.32163545868021265,5.0479254134673655
0.2715577183738728,6.189058814877697
0.39827331604029287,3.6890613719344905
0.35123611344551914,4.3637634741479925
0.2764883859370653,6.022141652903003
0.3694492393827309,4.116988233739766
0.29951897543641876,5.366252609444947
0.31428065313501347,5.108956794972857
0.3486856620289701,4.496935616671191
0.3603489793129665,4.248965989980964
0.3362263017439969,4.658736122626555
0.3117478985548242,5.020592017299004
0.3979121566759789,3.7166656642870612
0.41151500510240663,3.5804138412448827
0.3179293976341908,4.97591073849377
0.34563179965648094,4.412458430614901
0.4129500960511162,3.5272636787667304
0.339184622128092,4.494244936721232
0.4094827482238314,3.5590553863900545
0.3139983955222881,5.075253259046888
0.3136138031641692,4.998328732606902
0.31356765224581884,5.203767370421571
0.35400457812936365,4.357253891656085
0.3311157788756976,4.756307613766581
0.42608955734148246,3.417067189272163
0.3143357001405538,5.044534685925936
0.37521621030662267,4.010361157470021
0.32892792574097335,4.772204308651753
0.335113188553929,4.65525380967571
0.35889370624954253,4.189806304572063
0.39559292649345684,3.736809761218251
0.32816086203009953,4.839446997518663
0.3554861668490029,4.358399556918111
0.3869831404035787,3.8830986817398956
0.4105720698602025,3.5233966845516553
0.303503232115846,5.403814993189394
0.3609986538678067,4.203141734164752
0.34598578390486623,4.371110395236303
0.3583938567691439,4.2000776320725075
0.32349290060162983,4.919151473338732
0.4522775038747213,3.1772990535467107
0.3840263116713357,3.8433218745879416
0.3973393280407801,3.7000870693938737
0.39071328495604357,3.871200317711986
0.32031046115763717,5.015548083350174
0.3826041610266777,3.9090272821233163
0.3520126300347583,4.293105315997104
0.3378603993393615,4.574311051067946
0.37568491975463586,3.974077418244703
0.3599003836646409,4.181166745505379
0.29691321978875024,5.3554317136929015
0.32087909534558057,5.051516551024158
0.39614434598530457,3.7754633983959747
0.3272934740861849,4.872979835036821
0.29186745742765524,5.651466550022108
0.34581152226652745,4.402691728926119
0.32315558234185704,4.902185066330678
0.34410998802835996,4.51798583499189
0.3485473678854425,4.4119406367934415
0.32611316697486115,4.788159655965808
0.45925921808302306,3.10322429086124
0.3209365139727827,4.90985085122172
0.31361742115259533,5.095543704613799
0.43644812004787914,3.274014382981572
0.3374282923355666,4.663480509138089
0.32046544034574026,4.885805211959226
0.3270638767482818,4.7548371782982075
0.3951019502830492,3.751100758428375
0.3158960683083698,5.1277833969114655
0.28815145214803767,5.671030212524122
0.3376781843703546,4.6324109875312
0.4442755489188588,3.2585434933696047
0.3595193803713403,4.265764905341592
0.39923471248002745,3.687557220542197
0.3704659381115764,4.103871794530281
0.37351001230704295,4.097106690712397
0.3215516108742502,4.920740514122717
0.3150133138901666,5.134852351647844
0.3283221492765682,4.847374009790517
0.3510070207962838,4.312024496455928
0.3057649980255527,5.151231053399038
0.34847671858249013,4.419227121641414
0.38573622965992677,3.8404987444127765
0.3977829357614782,3.7038334030971725
0.3070603169657565,5.2611653103338245
0.33096408374631137,4.665279149421652
0.3463528135869065,4.401663264739017
0.4329218583233654,3.309920353148128
0.31989956901477484,4.985919818483416
0.3954184520061793,3.7344091349178514
0.2968497840731795,5.425406773868055
0.32627694767029936,4.724049437425057
0.44139331636023865,3.2350017472348203
0.32966895505582317,4.783954213324478
0.4220741750369513,3.4464746033640608
0.35388583951441405,4.281285017041042
0.34378702513233483,4.4805603736689985
0.3565098911789136,4.267105046804966
0.34243508794983024,4.587783403350522
0.39208652994749316,3.731311929361373
0.35227227320452614,4.446340083674449
0.33516028980886314,4.702962228581608
0.3293712448474734,4.713993398747765
0.2952209599896582,5.5781022166220735
0.3562809304749801,4.206474902644801
0.45184466538444484,3.1968353638929465
0.36278512367270443,4.212314484702646
0.43795786357342004,3.296379109290855
0.3044689657160133,5.200295525539537
0.39590079174666765,3.714707386791344
0.3377549549715808,4.659939475343436
0.3533681820056934,4.341053157602999
0.3363575443669484,4.709422815097119
0.4612225411521571,3.0522802995408487
0.3462775252731667,4.5235211816121295
0.41307863017013735,3.53433878679271
0.3775036066911734,4.0043502448771
0.40236512328157986,3.7201780420947856
0.31924304087470534,4.903437399597902
0.40493852065202834,3.6681716048892414
0.40863455525540204,3.579905008195333
0.3003321301523263,5.454549014746907
0.38194750461945687,3.943438428630066
0.376275376712178,4.003752736180955
0.38421507481314554,3.9146978896876514
0.3567863571592068,4.237920418918688
0.36349851957275325,4.17176405138495
0.3454871405546809,4.420455547207544
0.31751500046715214,5.009864669451718
0.3406854841796687,4.561075934465666
0.39583011274997754,3.714636860931981
0.3217582392048228,4.910259949275339
0.3677234648482952,4.1730409468087375
0.3766865782260308,4.05375624038446
0.3857509916635216,3.8995016651604124
0.33298673717398153,4.697741085688195
0.36720305190168706,4.1577322136102195
0.35517915729817506,4.321869137958446
0.3721652363886999,4.032914123153127
0.34931167192317775,4.38340416348949
0.38747736009501293,3.74719142800721
0.34665935137876597,4.492644266505271
0.26874667807500785,6.248955077243327
0.3289263251226153,4.833984298633081
0.28439082814127403,5.817391285374401
0.401309687106992,3.6930353813310544
0.37592072833215856,3.987346609635919
0.29447481039998347,5.493749385688144
0.4197503615194515,3.452782191778153
0.3710485129175352,4.110918772623871
0.32050203113605713,4.944456030722476
0.42738339189750535,3.3578454517645295
0.2947775480220507,5.625813154322134
0.4339669774903272,3.322687425610516
0.39604471751196396,3.719121832784568
0.3682384813538015,4.097090765327137
0.37733335898372083,3.9544738394785313
0.43408401681575753,3.3466848091597736
0.3892934320957306,3.8825607549599233
0.3278993348220677,4.8110093813400665
0.37177936082499674,3.966251091731836
0.32090736052806457,4.839184233183923
0.3439646565240503,4.533029758577593
0.3183831412978866,4.877761024485669
0.3490388277515435,4.419376778400178
0.43491731908613646,3.372074860887422
0.3693083269219641,4.138634483759293
0.3664640733395148,4.08008426851805
0.3322723039455856,4.685467513899421
0.35369116005711243,4.341855526233412
0.3651539936473161,4.194996452289544
0.3727030765941039,4.082823158566333
0.37675052360341776,3.950808508374049
0.33601923401001094,4.700885763035963
0.30173349028214763,5.381657579461057
0.35491408208461506,4.33329644602127
0.38398504508528003,3.860857342827827
0.4150147573702084,3.518105783940229
0.31714079802130246,4.9213246522039915
0.35723367416188956,4.372185894691903
0.3660494739526278,4.1624076584705865
0.35020464868370005,4.384292031380791
0.3636824182030909,4.160611488599486
0.3465096274741405,4.446846225216897
0.33306260505865537,4.6661042756987285
0.3426339880336047,4.4625289072737
0.3380703063033277,4.639976154907605
0.31913708142316793,4.970137595276859
0.39256926426756394,3.7865165143514172
0.41621948414713245,3.4855856521908155
0.3828415133003488,3.867391018697293
0.33008420830268204,4.813295681256939
0.3327046922159017,4.642074068606103
0.37768017991939185,3.98084506911129
0.3118215700023594,5.111035407460034
0.3205483847095833,4.942537060360261
0.3093391743085939,5.297550859528504
0.4458334124711408,3.270531275749894
0.35995319575592766,4.226316724004446
0.39876775109057555,3.7579729992009456
0.3811030626789657,3.8877441135559847
0.3536543526845396,4.2799522019521135
0.3783348150520559,3.9697630360984637
0.3205483847095833,4.942537060360261
0.33455624317227384,4.698257129981582
0.37150212320648857,4.0814076532971715
0.2909101520667619,5.6674658236606845
0.31969079616516044,5.01754374804811
0.3356137612011957,4.637339408159703
0.3856170124368096,3.8342431510774464
0.3090338053990429,5.210216105833229
0.31842107634666394,4.983823607302919
0.3775036066911734,4.0043502448771
0.4014078287995149,3.640259761489408
0.38349407481321623,3.8798615053339764
0.3805452129500939,3.9805631810470143
0.3772053798334578,3.943119813346881
0.3544706502154451,4.318291965635909
0.36573688627300593,4.058834205559834
0.3347125861249144,4.6548799935001135
0.3606588441800361,4.274990485701758
0.3203120984366827,4.947502622708735
0.32492637313431505,4.867019988131558
0.3724665718095869,4.063735784130209
0.31296368883467335,5.219050568382289
0.3141395908144685,5.077944076918222
0.3844195957523496,3.911498569336665
0.3277228382814534,4.803532536522394
0.36313748586056627,4.179892962936997
0.33840613712194134,4.605254129474085
0.2981208519075447,5.458290772565623
0.3367822357180826,4.666673277167695
0.33053082465504047,4.729859776399187
0.3933027456709618,3.7979990166970463
0.39195567337273834,3.828822279466494
0.295717501619991,5.406661198242087
0.3112892320408328,5.229933961401911
0.3592049658206578,4.236776230915651
0.32231016060588896,4.898724959198435
0.3643598975279308,4.2024401979227335
0.37850231123205524,3.948891083947632
0.3586665716642594,4.253895981274839
0.30098395894910684,5.356705020875377
0.4047674308089504,3.6537604351896524
0.3063794688789775,5.297342415230727
0.31498359667453374,5.098084023867761
0.344413805352184,4.436673640412806
0.36387468048978816,4.279602275962966
0.4008825218078837,3.702625525811337
0.3513798544097586,4.369421706006893
0.4150147573702084,3.518105783940229
0.39430448486970343,3.7559070409553947
0.3379550542485147,4.673528651034161
0.3500566806853551,4.392388050899684
0.3144503952176795,5.1208640999362265
0.37892864645732727,4.012522072771945
0.3082484289514399,5.209962307203301
0.3426459658331343,4.54239019846373
0.3786695679886164,3.959348004258249
0.36666374887182596,4.021781405273642
0.35470427579745123,4.372417883957969
0.3364663001291496,4.673196875432928
0.4158109191708836,3.560302426265082
0.3254393909883324,4.790521001870014
0.4007537742656844,3.6028024733043433
0.339451058079954,4.543645613325063
0.3785410514683419,3.943311280784024
0.36127663879988686,4.260654575149939
0.41631754639523894,3.4502002226971396
0.28509425772276326,5.859864205544314
0.3954519907802127,3.76067263197967
0.3897750583461139,3.8482298653778244
0.4510654981314741,3.1621289416196228
0.33790676492967664,4.601343758235635
0.36603135098004513,4.147101205252708
0.3526563763500767,4.476218022156554
0.3505647789678814,4.389281821443745
0.3752770864473465,4.0008270415157465
0.36996874553650855,4.1127818384570345
0.34191463548126905,4.451086446757458
0.3433466309806542,4.496798212445098
0.35640649557275944,4.290467855597264
0.3387286694584658,4.653811513223693
0.42165571409454683,3.51635021613588
0.31356116269186246,4.95017629148457
0.3310142885315809,4.766492936259214
0.31100999795986534,5.194435478056247
0.37851763065661365,3.9350347333015776
0.366852263914391,4.094827213596814
0.3637435570902895,4.2061780703692495
0.3305269653556526,4.732039175303081
0.31393394320954116,5.006692741281396
0.3642597059596253,4.143563772264011
0.35886919570396264,4.231181773029572
0.3619723791717156,4.197204457107603
0.30377701637280924,5.3758062342551405
0.3171862163674183,4.975848872775483
0.35248367599012626,4.290420832725225
0.31991201507341716,4.911470266357641
0.3360891653065631,4.620772036517016
0.3486435750464991,4.39541028577257
0.353833528222983,4.3516617139045195
0.3216300911640882,4.919286657676213
0.38436475907152684,3.942961255018093
0.34173800230715634,4.4647309290739035
0.39806007238242863,3.719803377948086
0.34270974341931015,4.5114450149451315
0.372038842709986,4.159285480078746
0.3367357447344088,4.6534191774895595
0.3893307958303544,3.835964889164055
0.3070050615596039,5.245656391557955
0.3774025415926605,3.9760028801303267
0.3400273171278591,4.592359040791326
0.42518422946143736,3.4114605768808897
0.3728958799312152,4.056690410696952
0.3231823525820579,4.994952005913835
0.33431386754841774,4.626393866501823
0.40360348144607844,3.6677963306672283
0.3528393486070438,4.272214588392374
0.3187374764256274,4.85855146258512
0.3403573605812659,4.54435158571751
0.3529094666226859,4.431602173077627
0.3994505549075443,3.7368175143179037
0.319324974885459,4.992904791913334
0.38448004814900993,3.8546466168439024
0.3935920347659897,3.7470775640530314
0.3558524238643789,4.28328599086909
0.39280337272180527,3.784730512583261
0.30180442870933544,5.419346321793203
0.3698508195188424,4.128058343316581
0.3425288748217036,4.445279874498255
0.35062595253235523,4.390982121241114
0.39884533071172945,3.7576037709944883
0.34523110741482016,4.398195779385808
0.3805227026925333,3.9140065219756464
0.38335866484593534,3.866021000263276
0.34193597230990325,4.519613281739004
0.3445182170117008,4.489797590283334
0.4022252931510609,3.662392412727794
0.3801877017847318,3.8619509658788123
0.34454770518682387,4.447122418297191
0.39278502140373533,3.7913318154419375
0.29544918925807584,5.561159939677067
0.35537973610957163,4.2809733468721225
0.3318598354354996,4.676629463094719
0.3519894521607165,4.324387905836625
0.33520974459676756,4.6962016074842605
0.3079353080237263,5.077148025172177
0.3874558789721049,3.8096051155862583
0.3045981919601559,5.114462197214792
0.39472807026270573,3.72245304033674
0.36252146519715406,4.20788043309491
0.35787962253931616,4.2256299110176485
0.3174581554281622,4.964016510913836
0.3300732256215869,4.691897409247042
0.35008295960789393,4.425039382143443
0.3494831590164341,4.341554641806107
0.29944733599660006,5.495106437533706
0.41138621095892036,3.5696745436400663
0.3680408079731574,4.22096367274328
0.3352249593342983,4.741238529710629
0.2937793470731055,5.524334942077052
0.3319157553656187,4.704981221938617
0.3273453868093956,4.841171561701698
0.37798116539207627,3.9501306967426193
0.3720562045145537,4.048837370419009
0.3452455147514115,4.410134986435522
0.3750176019893726,4.020532736604885
0.34663865135428423,4.353539480101051
0.39057529693642223,3.81149672037088
0.35665825001638857,4.340535858246338
0.37104650755250973,4.04104943264645
0.4008833821858677,3.629658283417602
0.32036084022485556,4.931304677068572
0.4074747029434533,3.586756215677699
0.33565093110261085,4.724825150646778
0.3874558789721049,3.8096051155862583
0.3323153991545559,4.595434312392135
0.40583782376404753,3.580232975424933
0.2792245167802915,5.941710270996952
0.3468508521546447,4.461491817595319
0.39012301396631266,3.8083689849310196
0.3224193716129886,4.850644492189772
0.36850847272107673,4.104257300284583
0.3421129578493889,4.6071017605890185
0.3680325568206381,4.1227764370203195
0.3774720170597092,3.9296342224782386
0.4299412671956214,3.437517807035806
0.35335913583427797,4.362052112647328
0.3412558043460643,4.538570000628306
0.3505312207503852,4.391848909124492
0.3946186635154824,3.7273860436316957
0.3545980942782648,4.267224319338525
0.39120009748817525,3.831034428164837
0.35990977675475067,4.202321001876005
0.3213610702559545,4.8781712701126345
0.3374786876672826,4.645846488961472
0.34502504454359395,4.396612498711449
0.37324882239673174,4.022917250168776
0.3386325237811767,4.579076416821724
0.3986418464952475,3.7485687169388484
0.3603637479643667,4.25608665808823
0.39088915863586843,3.7298657170889036
0.32970665974996904,4.788282869176247
0.3207070777232271,5.024454604419262
0.3624645231923165,4.160634473813385
0.37379508347517987,4.0000388447853386
0.38957043327387797,3.8100435801721813
0.3338173353073771,4.729456487458432
0.40616593289914293,3.617987743065214
0.37302948052954954,4.091833364052768
0.3273544401381291,4.81545721524315
0.3321496358673184,4.619103554426415
0.33404397025193644,4.664931687399665
0.34482978469529146,4.5024480911414475
0.34494670271290173,4.466158634376345
0.43445540879772093,3.2906422166668965
0.4316015598126415,3.3240553101287933
0.3020420817547896,5.444306330109353
0.3595758431828985,4.30518706128706
0.3284023873177819,4.742131231492543
0.33180196519320204,4.775275031571791
0.38595957928860897,3.920086758948406
0.3440119694566477,4.446546668161904
0.3805204934821226,3.918016735884453
0.3396973732831753,4.539441026844464
0.39001362980641996,3.8183073831117116
0.36625146870864905,4.154481701476178
0.3856606914398193,3.85333752114492
0.37520264066065806,4.0131027446408245
0.33597530250005353,4.687104191281353
0.3398104741383412,4.518360926074404
0.32689954789069675,4.824693046843008
0.3612449543242757,4.3375479641936545
0.4097404255856125,3.565074331175238
0.3727312442114405,4.049321940945826
0.36054145867928045,4.28436376547359
0.34374244682560223,4.4189282382566475
0.33459279642032935,4.550943031741046
0.40545586437317427,3.6001266103297107
0.3535879143872021,4.340889739885656
0.328585319064559,4.7274010954981165
0.3565647997212345,4.243273364747762
0.34185140440593476,4.527400608894598
0.3848379360954133,3.9404312266751145
0.3623184311194345,4.262059496881937
0.36466941726411006,4.115592732417237
0.37649841712086,4.010292671481303
0.40942058486925714,3.5967872427202714
0.3388174471393539,4.546291971987803
0.35758006444142876,4.21136433348014
0.386811455755294,3.8424647605726525
0.3686887938094728,4.093300997464051
0.3051467825887616,5.303768193243322
0.2854660502439453,5.792138510432144
0.3611187938773025,4.284549578145353
0.31846844290520937,4.963831817948274
0.35401390703105595,4.346070610883309
0.34475129394349613,4.46411301548328
0.39717939146899156,3.710844533316493
0.3771212903570396,3.9953759608276145
0.35590964388777013,4.262211855945292
0.34544578833917733,4.456366469204499
0.3249631465459485,4.8459314612355024
0.31001706540698837,5.1347970460108625
0.3699374057500512,4.130416894686205
0.3586698386861756,4.318458233454272
0.3319211902893625,4.686106221380891
0.34083025988644433,4.564433586739127
0.35576068900724445,4.2712106576158915
0.38248561695237127,3.987527093754471
0.3809057744970895,3.925005622431733
0.36348709792075123,4.19466243679878
0.43073413641889113,3.376002924522388
0.3138082726909791,5.100719731475183
0.35042888778787623,4.2974207458879095
0.303503232115846,5.403814993189394
0.3204793585640935,5.017085284015829
0.37465165143071544,3.969439143060942
0.30339618821454245,5.4277079306964096
0.3731351763442545,4.033334612087816
0.43442912519632765,3.3588154576747487
0.37460827442469313,4.061366579630647
0.40616771077056324,3.5773148223493787
0.347599239234635,4.403483617662663
0.4125288262402682,3.5550989839811273
0.3485768499905012,4.361923264138211
0.3931257414618178,3.787085535608777
0.45051396021946966,3.1550383935897934
0.42108950674063816,3.490224336398033
0.31709534965933833,5.02896034217827
0.32957316378062407,4.710580750892725
0.34492269352318694,4.452110730675894
0.3082565580590788,5.211522820009279
0.4115594486944728,3.615853416803344
0.37769836250960614,3.990298880548002
0.279239514476871,5.972259369931573
0.3409335555308083,4.481742901370997
0.39304912175210777,3.807034639721655
0.38964734096238673,3.8151273843684215
0.3342852640002484,4.586342054963102
0.352837784699129,4.356649735450819
0.3853710970592803,3.827138653803863
0.35560737589361224,4.294984904207481
0.42201978327704626,3.4516747589326893
0.3326895021268522,4.766633228782715
0.3603911523045319,4.1881309946528065
0.394138243324606,3.750295562748476
0.348466987917813,4.406472252176995
0.3610665912829141,4.188108014932496
0.3650942672041915,4.171039379776561
0.4048281109891527,3.6606487278359174
0.44835385968623503,3.242037265670726
0.3279968576252439,4.761472885969665
0.38674825586075123,3.8697384546936147
0.3101142927537074,5.144486461651598
0.4325069080868462,3.353299126393333
0.33684422658868085,4.634841585568602
0.35535291397261376,4.352895109080664
0.32951587349070255,4.815784531153096
0.339232789235662,4.607494897479864
0.3140545945308305,4.988683450428679
0.3980375881222872,3.747706133924812
0.29273562824593097,5.556229214968665
0.3640544042042175,4.095785682816888
0.3618431993900948,4.150324729556903
0.3607092766675841,4.266358436995594
0.3178376953363582,4.934530292950265
0.37698889567399696,3.9585951633597243
0.37337175408616385,4.016152348284935
0.4143697649364312,3.5427652806929966
0.3851720616094384,3.90060610097105
0.366897939312891,4.152493763656695
0.3732539537699366,4.056620832342072
0.3647098884184894,4.131217203224021
0.35833355743159834,4.269614376004935
0.36968401609650037,4.04358105106984
0.3982514729230661,3.7239924352198495
0.36725297051831357,4.075860525765658
0.342441648452293,4.482129689671539
0.31692002558622206,5.042871339423674
0.3930350519501254,3.762822122367057
0.3614764338273859,4.204579247236362
0.37175940211593833,4.066543596575366
0.38226964361384275,3.9497210293550524
0.34453150949322014,4.568115083320143
0.4072009958698375,3.6417276978493396
0.3595059670736372,4.167258715479696
0.405004277111691,3.6171469363627278
0.3675098002024835,4.172628080260685
0.35635307102222413,4.291978270504662
0.40218600392143306,3.673778583232288
0.3395125743073595,4.607469955812713
0.34705097911699534,4.37820241676161
0.3635365172642891,4.166341291660204
0.3451735582200651,4.526926652970305
0.37600506837963765,3.960857675856909
0.2991123779951196,5.366510614751044
0.3823753975446723,3.833060051351884
0.34114476491098045,4.594346641008273
0.3844341305261547,3.8891666692027886
0.43773846914829617,3.2973322030455905
0.3604289503972101,4.222040200324476
0.3518501423246196,4.343278854317603
0.30847501765686963,5.25082753671583
0.34890778506878384,4.38563896497153
0.3831619028953154,3.9273761694011324
0.39334510464078903,3.798591582124912
0.35163954530322517,4.349051228343686
0.36683426078725956,4.093005880274981
0.31231490203559303,5.134956128398751
0.31143404696526533,5.191747515605449
0.4079564547275074,3.623673471327828
0.3533746168808648,4.343619615356615
0.3210498307233697,4.911759496957424
0.32521947853960664,4.831055096143611
0.3533088452025956,4.351472383876212
0.3405395733181788,4.4971373291627135
0.3406058449907971,4.468579646373029
0.3455245103287385,4.347668144772089
0.30768728539490486,5.277436940134978
0.3743957505510155,4.021233128561965
0.3231946031574291,4.91583814932698
0.33864127022380197,4.633574051852046
0.37944422141248596,3.90684169222393
0.35983786409486335,4.276292882072451
0.35455605719734384,4.337593420953525
0.3304257240073841,4.752956738656891
0.3536737836693531,4.276411922302108
0.3753860611476786,4.013045662654852
0.33452172394525415,4.636547202060527
0.37547072277549826,4.045841528645834
0.4048436974511811,3.6039299755401673
0.38475712387597993,3.9315894380951786
0.30846547795051066,5.254642506326087
0.29148788814018833,5.673735489377815
0.4050263872853571,3.618523834484835
0.3811676344563562,3.9193967198959494
0.31508964631706055,5.123561686544404
0.33926709546866196,4.603834960101067
0.31466198176983773,5.148689701428759
0.411596083175433,3.5931496200742474
0.3077415371884551,5.142144755023904
0.3267571442399574,4.806009057752596
0.3422581658542554,4.456883694765228
0.36974705882792425,4.04524155087128
0.35288247993486505,4.33415020638233
0.3374145576751866,4.656979071050362
0.327636112873703,4.792722755615239
0.39963187078086576,3.701714170109642
0.3714397877735545,4.1481443002160185
0.3434306060197193,4.507883086134426
0.28548945964328726,5.854259714542257
0.37673899451454407,3.9613888904070778
0.37049288438471417,3.9991754154695744
0.40387612464804157,3.6385729980326986
0.3555845086348139,4.269188129963214
0.2989431755601982,5.472855926474694
0.29278417238838433,5.667152946386742
0.414844640548612,3.528565376328679
0.38822309786517295,3.8949020044841625
0.2979293588855879,5.442229747735317
0.35010382572701665,4.376356019627269
0.3293168274938274,4.753062747933498
0.3121860620662341,5.162090406823885
0.3325943265981717,4.599028934894781
0.34403405138213794,4.483399999485644
0.3407771062463978,4.560497715620452
0.40955276154694803,3.599443713975377
0.4378786488244801,3.289907359532372
0.4121548059024826,3.5770797627089728
0.34424840152960456,4.538966126628317
0.37810266645376134,3.9171592044580263
0.39056651619889204,3.748993946765016
0.33626424098208874,4.676478122083511
0.3603928853010908,4.249684735801376
0.34922411703847855,4.396055047570539
0.30807922100565494,5.277992060485459
0.3215547587929589,4.869509411276734
0.42643945075925127,3.349921684724914
0.3711076386844952,4.033342820029657
0.4225288755498626,3.4587093739065966
0.3582310246340254,4.233639009692904
0.3203927697634663,4.89110986227105
0.325081844351678,4.945408484880514
0.3486327773687255,4.407328265257951
0.3739090417553866,4.020151359932988
0.3775452074422023,4.061811436021219
0.33069053747012794,4.758947226401562
0.32042279325936507,4.884324318292972
0.34014522897297994,4.612767231406965
0.3973480080966829,3.7485623889327817
0.3852479042806493,3.839429241003348
0.3160132198839876,5.051638388487619
0.35619909636490127,4.3623096135299
0.35524446505643004,4.347525864434564
0.4193803297770808,3.493324967119742
0.38702990178306657,3.818838017517665
0.32202395365735903,4.885699631904488
0.3432712304730755,4.496925312439898
0.28391956514960404,5.846182307610314
0.3910348466172333,3.7969952464448142
0.3245022086622345,4.799906413231992
0.3196706329519534,4.945211758286773
0.32544691420299054,4.8193130156773485
0.372859701723246,4.053347495545876
0.27943981989425215,6.081735679972854
0.3197203473231943,4.873610427284028
0.3805408936411112,3.9514188983102128
0.33437494816864977,4.566064083855271
0.3727234652453396,4.078378179827958
0.36898724329367616,4.0734579997004134
0.39521559898086234,3.7685959503451523
0.4176512574644937,3.493506536685095
0.3187044254397233,5.0450798717964025
0.3582603114565217,4.23035837907351
0.3178376953363582,4.934530292950265
0.3429467223742662,4.4272019389976744
0.30177486348504834,5.2855202197788245
0.36003061457773256,4.248111477404499
0.39088915863586843,3.7298657170889036
0.3707666873348162,4.026099573547618
0.3119687973387139,5.104687025495656
0.3809376321927277,3.9306433505389933
0.35779255965596296,4.181039102600044
0.40021546767756394,3.6817899709121327
0.3808440917617567,3.9148252641806938
0.31334548176837496,5.0778594528569565
0.34996475740261923,4.373851753852429
0.3255762531659384,4.719014909350699
0.32360982418145245,4.851503972983385
0.3686563412707614,4.085356991216663
0.3396458722186281,4.545931833636522
0.34114185022297383,4.599497176045081
0.3937709126585952,3.785287583015783
0.31976384707759026,4.866703618899985
0.4291834585987943,3.3541250323997605
0.3673541359518476,4.230842037728249
0.3760285402422232,4.031638770505823
0.34663865135428423,4.353539480101051
0.3594456889173829,4.297825604305893
0.3033416439736346,5.351076488667264
0.37233041923920396,4.0819845327254
0.3626861896388256,4.237084428612181
0.3961425439121213,3.7140721588542753
0.3690448260396476,4.092427791611686
0.3268338021738739,4.805020305361555
0.3969214725921318,3.673108187336272
0.3323544533469136,4.747517025359515
0.38916426526632997,3.9232591138247526
0.3904245464331063,3.73841446831864
0.34761480800624617,4.448677613288432
0.36480461011497295,4.117900137278412
0.35625214857717247,4.292476092777765
0.4146797430285128,3.5121798310146506
0.33101356558423384,4.696668826674089
0.4024691036714188,3.6864221485156494
0.3185004131298367,4.881004941714033
0.35223998276614554,4.303238501019253
0.3324698908877205,4.552539489540286
0.3524040632897905,4.339931515021139
0.3799381109449623,3.9583901897911855
0.3480570329861188,4.442254140129163
0.32943380393242994,4.767878734127146
0.3288407510262114,4.830264685176681
0.28894083580495067,5.679572854244742
0.3896968447571304,3.8021550622368823
0.3825894742863257,3.8908295536305206
0.3523958696066942,4.342378637378013
0.3387705594703222,4.568459006913199
0.42590326445584653,3.3174131379735226
0.3477542830917061,4.406080516904964
0.3336831670559277,4.735348980612326
0.3359379456636975,4.60119810103003
0.3610025153702292,4.2294099790423525
0.30616037406350727,5.2465137799016075
0.38597333439727677,3.935776496426615
0.3306396899702919,4.63541860450094
0.43580479212403295,3.2777968845047476
0.366897939312891,4.152493763656695
0.3420540525704556,4.542060885058985
0.3501467888895695,4.487918504936742
0.3847610468759315,3.882590866186915
0.3440234350600453,4.495769751128043
0.405652773674285,3.611516055681575
0.332525050238075,4.626082835098927
0.4083715398328502,3.6030614142974695
0.3660809343147498,4.1247513312153945
0.36716288271787195,4.140257832412802
0.31772903924019424,4.843251018510044
0.3238671454815366,4.9495792915229115
0.31244179401855543,5.153569832345255
0.3241564645660522,4.921877600878241
0.33928263734997727,4.512964621791896
0.40349374560122786,3.7117185118014935
0.28696083978833786,5.939589515231535
0.37597486731380614,4.026149921827584
0.3962939011042559,3.7131315139513648
0.40072275048507655,3.687645706912742
0.2915704497325853,5.66134401464297
0.38657058420188023,3.8428279990571874
0.37061001780941283,4.089670147189051
0.33306260505865537,4.6661042756987285
0.4117426754821582,3.544009787240096
0.38398376666679285,3.9119675028901555
0.34530027642269656,4.513624516326825
0.36723003168271484,4.0985280196724485
0.3919592630601331,3.791389863372115
0.3150133138901666,5.134852351647844
0.3557967925401049,4.332863724424214
0.3534284203605311,4.3832538438363
0.3074702647713488,5.188327378144349
0.3877708597908038,3.864419972805515
0.44229393092465763,3.2498725568856544
0.3267967471933665,4.839701584430015
0.3080635103527467,5.1543609839962095
0.34088303961186117,4.54630666617581
0.3937119938801522,3.772769645460756
0.3401799803061416,4.584060305865322
0.32146440527490133,4.951052664516526
0.3282598384060885,4.783858794067994
0.3268383864612334,4.779208644939751
0.365196742138929,4.17688927666941
0.33744902182741066,4.564023005021471
0.3329978706780642,4.710947154394781
0.3490576755846751,4.444594106351654
0.3207927615520938,4.97590340622006
0.32130971521742174,4.953485834221181
0.37969588574972946,3.9081204863869816
0.3912905395169325,3.767055991895916
0.33899639091947104,4.569592028200695
0.29623243151098927,5.528946989339552
0.3822470317544237,3.8683111172478073
0.3997544536456808,3.701279400716909
0.39607535752595413,3.742648552394827
0.36678211844029157,4.138218937471785
0.34315935838156053,4.591763552494179
0.35413158450977555,4.353387289493226
0.38392419649505904,3.8761643330948297
0.37721797412230496,4.029882465859517
0.38527404908550655,3.809755932941843
0.4153359482107945,3.5442096024054126
0.3500891849258932,4.361544278937162
0.3404305714292755,4.540702200490704
0.38893605589172225,3.873828082720308
0.36436388653927665,4.113722683447589
0.3111436326085298,5.162547611784715
0.2880429478484424,5.705862145571028
0.30867808915782186,5.183562749388573
0.3479505367855381,4.453386613714569
0.3459932714148596,4.547030449758271
0.38023550343025203,3.864973364915357
0.36703213088268144,4.091582606485189
0.36562869211571647,4.151694867636541
0.39206047942987743,3.8292964296323873
0.3291298107295383,4.748287291149286
0.38030611804350617,3.9696784058990104
0.3504409997558455,4.454523251089693
0.3520163450610299,4.2906465787672525
0.35297527285613023,4.357181902672071
0.38581528296827944,3.8351586340708628
0.40052465978159824,3.706486219489226
0.33609327789219057,4.6740011853324495
0.36059782153741404,4.218507518011063
0.4228130367770837,3.41541738659596
0.38182777181720884,3.8537059129994793
0.3115557934615072,5.070794343107295
0.37054221174302165,4.095843799431592
0.3389286779100348,4.589896600289995
0.36361098359508676,4.121174573770975
0.3286231022960664,4.773462388834338
0.3864337004247693,3.852258627984723
0.3244173684961324,4.887194848365714
0.3917571804423852,3.7328947901639595
0.4174173325244563,3.438790083409033
0.3003470955725909,5.429707908118351
0.3363478397556414,4.695617377593272
0.32973662538641685,4.769606859317147
0.42121666664759233,3.4310814371318816
0.3721403820759505,3.967590881825522
0.34232457028192914,4.586615588787409
0.41729903908422555,3.5608122569036484
0.3424431638648642,4.538927214882899
0.29268522414850845,5.633486506280569
0.2984590118093504,5.39602940626487
0.39496691988269506,3.7539939991237903
0.3706470845617734,4.053599973172246
0.3096111585598512,5.1847007189379255
0.3837122793630057,3.8876918730628867
0.35971701631464975,4.26841654328414
0.40995854161794526,3.601563870739352
0.2947697954089305,5.582332066884675
0.4153689828358014,3.546931604237204
0.3415772248339719,4.508654466478195
0.34614294146809876,4.4032931766912355
0.36306966578211686,4.146765302372119
0.41713415165726825,3.4360446831900817
0.32727078461065956,4.7882868670079635
0.36561402167498586,4.160448369751556
0.3367372564242521,4.682053261672
0.38343663349014795,3.945137150383048
0.35266156642897123,4.33115581241173
0.42778143874616725,3.3698274846289165
0.3294065367072945,4.753188840709142
0.35948496977174366,4.292287958128324
0.3741325388011616,4.003384222133416
0.33035667137337543,4.760394972718076
0.34403451757246406,4.525658747420068
0.35292822425448084,4.36246448332446
0.4275438951197284,3.427481705606415
0.34898233580978055,4.335347448281529
0.4054685460485209,3.6121602016771273
0.41421163982486064,3.5287156610552652
0.3799740280284244,3.9634311726949747
0.3859533610607056,3.9177504039645337
0.35913087174153946,4.232073273179651
0.31362504386711754,5.108009369109009
0.3498533703196261,4.388368791229244
0.4068450261911779,3.6081180024915476
0.3817181025453532,3.915048287415027
0.4056019069287783,3.562033549082967
0.39263022397786573,3.7766151904982497
0.32358025501019,4.934756628569047
0.37562109776932284,4.068061762259953
0.35813529699966323,4.255774556695586
0.35646216830497335,4.343632162549751
0.3356719897790379,4.699668577587435
0.35083891518228694,4.3831756441381335
0.33409510285222377,4.682560626453514
0.36521675790719893,4.141496856632998
0.2963804279984947,5.513591456216083
0.40490366670488714,3.6930091777777294
0.299891198793578,5.414705228221472
0.3967120769037905,3.6702519002904292
0.38613729989999024,3.8593686385589585
0.36537562750015795,4.071357592485858
0.378655637542234,4.0055805982373185
0.33096408374631137,4.665279149421652
0.30732630700594893,5.151474776577398
0.34796565894859627,4.500929892671663
0.32286500091312653,4.919667365284019
0.3268330057576879,4.852218631282402
0.3709994344658718,4.126904845896266
0.33523159755968723,4.68129405054512
0.28689523106024006,5.777485387985853
0.355421781992992,4.250806286277794
0.3675483824598555,4.092899019529875
0.3581294812940763,4.23820250068234
0.3340792018502469,4.631585594310967
0.3241247817521328,4.8790974201691935
0.31230308670140194,5.189441828247649
0.34835309963485084,4.530848303673127
0.3244265158457079,4.785481541547854
0.3904877113834002,3.7958745016452977
0.34063341694974214,4.5530475514717486
0.3652069217657318,4.113511764583908
0.318644747754684,4.894302025068328
0.37924798292084516,4.001457090920482
0.37121851223309155,4.041597036397677
0.3450074872919866,4.494686088791859
0.34479379007389394,4.472641255287099
0.3491557048939511,4.462424175168748
0.38020150296688354,3.9037780411317353
0.3305771953273517,4.762895676814959
0.37508245674325763,4.01060174377422
0.31472432250038074,5.061149128062699
0.40690386867584105,3.585828728809896
0.38489816073141603,3.8568661999272646
0.3871981811103289,3.884008330540177
0.40343138689977986,3.6254598553862385
0.2858820399558579,5.814811129633246
0.3649815943735068,4.207090318930476
0.41083486294237465,3.5450238182952813
0.41275334292004895,3.574222552699385
0.4021207264009745,3.6750110187145486
0.3326512273049924,4.708983023223756
0.31498359667453374,5.098084023867761
0.3307962067383806,4.766832989203726
0.36001988854323436,4.280542121288611
0.32619933289700576,4.810700705281899
0.3660625886704567,4.139900131999556
0.36555948018548295,4.161514582125273
0.4282534608801978,3.4069543133616302
0.3385535281640598,4.5899455274934935
0.38467341537549793,3.9061954787867235
0.3391549359102117,4.502963377781936
0.41138888925689293,3.5610601417065793
0.3557967925401049,4.332863724424214
0.35651461670425344,4.214820022764629
0.3245689926610996,4.829119852335031
0.3696905622359921,4.06594491890851
0.3895900397010767,3.9082866093517548
0.3303519562135591,4.783535792957331
0.3361546857192166,4.696470824572074
0.29535895595541556,5.549191930563633
0.31441229831322215,5.103341992515349
0.3626319043544156,4.213382269568987
0.2796144886864051,6.058354727437843
0.3515288902267387,4.398784532411646
0.3764577071400835,3.9732467782309002
0.38390692877533883,3.9025206925117137
0.3686762734135189,4.084785332760278
0.3677914471308451,4.103202225428357
0.33053696288150713,4.765731096035359
0.3246819421867846,4.94634396893381
0.3511418476983745,4.418998298398207
0.3492181587871984,4.375490509492775
0.38756402163970516,3.8041759741569345
0.37355497157062545,4.03711555200864
0.29112153109226646,5.659642539604714
0.3340117543604199,4.64227083271018
0.3587637741635611,4.250318344231811
0.32610754962071276,4.8379350414530915
0.39219879549387276,3.7777614991819135
0.2980660116761971,5.621581076087556
0.31793639213576425,4.987843187707513
0.3945694815572445,3.7716729274694356
0.36940964881842236,4.032277784684904
0.37725189167312023,4.006618199130798
0.35649990934582243,4.284607182089149
0.34478791301721334,4.457886541365265
0.3116112999207727,5.078045455665163
0.4616876035190434,3.069628183765059
0.334654412992877,4.597879908804904
0.29826040650070457,5.362057008911391
0.38830581300424005,3.831166206617551
0.3695800987114845,4.05973226315814
0.3677261704859377,4.087270736331582
0.4127778306447736,3.564958437046504
0.2958768267518991,5.567570508983512
0.3610578695964507,4.247029293319539
0.32693618156797255,4.8606861255138725
0.3460959729503106,4.443350980392098
0.4082656447771242,3.600359887828152
0.3440590215782545,4.47163328624657
0.36601224715119696,4.172542761918644
0.3378096924373565,4.57422721002325
0.342902951760779,4.5567058765750135
0.36711859343722764,4.149165705105355
0.36864645061460544,4.106529752453554
0.31995730429421954,4.943527743117307
0.2960812948295579,5.590003100386095
0.3940018221683736,3.7603549657526676
0.36940642004258095,4.046316977535799
0.3663495531048894,4.093897624274076
0.36699365802199857,4.079331187524802
0.3258740084428733,4.847219919234161
0.3883594998314356,3.8075309309634826
0.3995490366059604,3.736140277829504
0.3063657563714628,5.35354838312681
0.36918584442079766,4.053620392065115
0.3736079173603518,4.0052795448003575
0.3663325345344204,4.145791924685728
0.3594131026678775,4.276776851742059
0.37547147771571304,4.034759728931455
0.4136926708365775,3.5583834263154315
0.36979056384678805,4.080263521329582
0.37239012545195055,4.096821983171626
0.353823946177421,4.2880433268699605
0.2775386044489962,6.07858850145757
0.3364644415431275,4.585394650052562
0.3347960631721474,4.590785910449861
0.4017206522494303,3.7270143092759342
0.3358890492678598,4.64281574731803
0.29311598826284946,5.594842477072072
0.3484770725342022,4.411442511159591
0.343747308925492,4.570550234174912
0.3626134607088034,4.193743209023025
0.34908630666008506,4.4006174953458235
0.39360622356722125,3.7491166613019615
0.3385349327826681,4.603098110494737
0.3352239435641038,4.585802251945226
0.325794190324673,4.802283658968474
0.2968008927410076,5.481851150433626
0.3766990606954058,3.9831778283415438
0.34271705129329566,4.488689220267292
0.35152483621569286,4.367702982516541
0.37422165433648047,4.06002659008926
0.3436326096480306,4.463090725284779
0.3334257674171174,4.650071583419962
0.41919127485586294,3.4934406989724596
0.37175782424332887,4.068485300713648
0.3795358941553009,3.9250373098123896
0.30717920316583885,5.158190440628387
0.3472496635133343,4.426581366817543
0.31967253200431234,5.077851766147987
0.37380773051363475,4.028923670780163
0.3974803354825573,3.720411504781503
0.41330322729966495,3.519912945438881
0.38154607155680637,3.982592252940684
0.32837233247090414,4.766444889906321
0.3964011879270108,3.7713727861996595
0.31688686073843403,4.963898423822548
0.3642469065942622,4.236230399644064
0.3947632880251708,3.775892619599951
0.39513745453412225,3.7010623276946855
0.3780500290008948,4.031853898163065
0.34317829283815715,4.499080039457904
0.38418613633912907,3.8966912415211987
0.3095763120987877,5.249191507190635
0.35169837523935704,4.3540992879382
0.32091666918755274,4.917537902102935
0.3230484719413789,4.958193921573821
0.37666323932891377,4.045409773644364
0.283608499348252,5.832003837902069
0.3830029785442543,3.9492834040414935
0.3498086406452958,4.40155525105896
0.3410239389213717,4.437490924086379
0.37542387668494054,4.024594511824029
0.3526186234705162,4.2856301458798525
0.36573177503324067,4.129548717610014
0.340018828922573,4.556853515467139
0.3496564235957329,4.3448139938281845
0.37621888925368,3.958372387207386
0.30721946818131535,5.165301041392417
0.33747422501284874,4.579601297892242
0.31067394042346697,5.0396928124551446
0.33297819808482865,4.622983363620535
0.3038551087422451,5.325862400229012
0.3325312442820646,4.6611573531743815
0.3018533240444349,5.504096316983946
0.3127453318146577,5.0789486130628445
0.40573137442924534,3.6325371108279505
0.37037460010098355,4.059117505728625
0.426338047389905,3.4110122270862897
0.31886978581034203,5.028394585973199
0.29447481039998347,5.493749385688144
0.35875591831446685,4.207405472890929
0.33057644601807856,4.743638623804667
0.36940964881842236,4.032277784684904
0.33597530250005353,4.687104191281353
0.3616338978566521,4.240597306001369
0.3144010555859655,5.107817124838954
0.31495293937731916,5.142602225195807
0.441777851780855,3.196805269566551
0.38756402163970516,3.8041759741569345
0.38489326795364115,3.8600996310813858
0.35097369385537547,4.355931138220276
0.30606796404403525,5.267250499581424
0.3488765135604261,4.385688783637022
0.3853105049166643,3.865627697736182
0.42171127216862603,3.453020681411788
0.3371191023943262,4.537321255914668
0.40366952238378695,3.610505052639075
0.295304996755812,5.644492198154687
0.3379628018732944,4.622246683156489
0.33360687016747037,4.639327278376285
0.35110356356267813,4.354819879490138
0.36319533366003665,4.12523074481999
0.36385672599923957,4.142517033845742
0.3440193359851633,4.517314885502202
0.33282590473707796,4.657807035900519
0.38056622771620674,3.9208358174095888
0.38299574452907736,3.888594584144903
0.35638393193575524,4.35130003592006
0.2815940499086955,5.981702211619514
0.31454871086393665,5.120316896996904
0.29295644359134687,5.540116779547036
0.3889582396330427,3.8937462543784496
0.35605290956344404,4.308505130751123
0.3826962680461555,3.8269398629090077
0.38629780437647304,3.874382388147981
0.39872760528216766,3.671880919366926
0.3301546572173244,4.681102183802879
0.38276695915464665,3.855487143334197
0.3627349516812729,4.250116401343214
0.4125400132611472,3.5244463604281893
0.39556209220421595,3.744855542500277
0.3836643627228865,3.9124760899946067
0.335252880264269,4.690421319607781
0.3696651024895311,4.062964880012617
0.40586268787044055,3.6006042123850825
0.3528393486070438,4.272214588392374
0.3538763363248563,4.3052676023122265
0.40448688683945383,3.6277574829531924
0.3433054340795155,4.506022587443502
0.3573226248515491,4.256117146280218
0.31045091941643227,5.159721984436646
0.344515497392607,4.497773118603435
0.3417478207875633,4.6074553980433555
0.3601584577059182,4.250114385240805
0.32767642442506306,4.80969559342732
0.3951991368105192,3.7041884222875154
0.34639899500340876,4.491851849489935
0.3229010398310531,4.9206911367502295
0.36321830567508306,4.218630847607485
0.36001613614719624,4.319041378385947
0.35907890049728547,4.2016650747036275
0.3624491682649131,4.2013618263865045
0.34425511456438834,4.479293096969481
0.3427840238834262,4.580879272130461
0.3503453204024681,4.460895953158475
0.34732838427417967,4.41492937875476
0.3015815758337146,5.36226222843317
0.3357706646679642,4.623915915975442
0.42948631476743604,3.3818441301840503
0.38762949385270373,3.8524193954964
0.35699302274252287,4.277403751503306
0.3770322963715235,3.971013250271011
0.345300876817826,4.50785168567998
0.3438210040459131,4.457333268110016
0.42475748970985894,3.4332362636819056
0.36837636665555373,4.129978917975651
0.3435403581511677,4.475931178820676
0.3900169324829432,3.8063901285651194
0.35180243843399206,4.339456751315164
0.33484990111707424,4.625602082930825
0.37564023312987155,4.07057024147385
0.3770907292254046,4.05272797280267
0.3665444485098225,4.180463577367482
0.33319243163255113,4.686147338520184
0.38874576962388174,3.797931142986654
0.3024072562674902,5.412326574911978
0.32958443337671495,4.723496591864854
0.3417816199922788,4.515121820762919
0.3375441275010084,4.645610483369714
0.4390633684679439,3.3180852324716197
0.37252712267425137,4.067037521211435
0.29607932848214014,5.441778685294183
0.30329863678065017,5.208659375130809
0.37995834027189695,3.904363800032895
0.3794349379287691,3.927094715162691
0.3013464420298741,5.430028164765413
0.3735921213585452,4.015424645848787
0.35535275163488855,4.325298219923944
0.2858487350563479,5.7592350446029075
0.3318456236748255,4.659725595988924
0.34032146752796155,4.577310121972265
0.36561402167498586,4.160448369751556
0.36227731462722584,4.260215740353701
0.3478607310153419,4.369986201778681
0.38228678745606137,3.9261380709977765
0.38396096849276196,3.8596136780238512
0.3304337593830076,4.732798187251029
0.3584484548859329,4.2790797022503115
0.3537245298121421,4.2698604555229815
0.36784261961441145,4.132132274620135
0.34534887310720386,4.527701039413999
0.4195515338775358,3.4903537634993524
0.3642142169440553,4.099531110734421
0.36175104709449113,4.200161083210136
0.34406543504706477,4.480436352852119
0.3007834983961908,5.358439317562802
0.33655083935314933,4.591232856630452
0.35256197566234987,4.420154016939063
0.36137786006658634,4.249591533031958
0.39708089282919057,3.718786350346097
0.3382962534870393,4.607143614807143
0.3949554928321159,3.7309354638788164
0.43498133819185797,3.285107413842534
0.33496190403038806,4.700988208228042
0.33527565671921367,4.655236410237827
0.3735486726569389,4.095659016578992
0.34339017078704254,4.493186333443067
0.3898857731430708,3.8493466325634187
0.3437244106423236,4.488525970668038
0.3539611590079932,4.328030303591222
0.3772216326081962,3.9968509023467376
0.36899944742531554,4.110783514331364
0.4156752307812324,3.525610029752875
0.33786211290859136,4.64558819424372
0.42274241266975626,3.4575891712755262
0.37373757529766494,3.9357854446022023
0.40573137442924534,3.6325371108279505
0.37770441673177396,3.9472123622587643
0.3776240097743985,4.042106588095773
0.40373463798988085,3.6772010343924633
0.3419705478033387,4.558243728095427
0.4111994190398105,3.548779961223198
0.3627411838140441,4.149299019330598
0.3384931877260945,4.513102879492055
0.37616625728435393,3.972659189840785
0.33112950216853565,4.714653295539292
0.3518452813652169,4.405469625827459
0.4109238451592272,3.565814895442259
0.3327095565622178,4.730551851456276
0.41621948414713245,3.4855856521908155
0.34196621829640095,4.57677797924336
0.30812602685182944,5.214549787375953
0.3434932267819789,4.43117219593342
0.4103163124882596,3.553810265130694
0.3545932675606679,4.342440524182167
0.3441537610726607,4.503793180027345
0.3338173353073771,4.729456487458432
0.363133143481166,4.262844308599808
0.39079913772070585,3.818023440615308
0.3814572460032209,3.9728948913420035
0.3462264368150628,4.36330619833789
0.40429919830149114,3.5870551344557553
0.3770600255441222,3.9793755797050214
0.37096075114968563,4.137040473311789
0.43457638833298606,3.325872144855751
0.47369549392334476,2.9836605087173464
0.318813198116291,4.935674534615498
0.3492482549740039,4.421848829511259
0.3573813457702913,4.334532406640194
0.31381099294013504,5.057641834352737
0.3384838671482695,4.47541342668013
0.33457840727459875,4.557047928254278
0.3699740207614435,4.064369544679223
0.29661010570484375,5.46403555302769
0.3304325841746795,4.719381196260635
0.3836739931972004,3.8890972799347328
0.30211721751465925,5.302475357754682
0.33954872546088494,4.525822045825359
0.32807912503532144,4.819298508397293
0.3015128921875162,5.304012383848434
0.3009172412826891,5.3080670919893
0.3795940408012307,3.8624152173705886
0.32296602847921374,4.866130286556553
0.38280192401016033,3.937246937851789
0.3559836240041488,4.322730805972929
0.34360523918992336,4.5172109976348995
0.42014483895907745,3.466830067762892
0.39948336326766004,3.659005370624008
0.3403073950417885,4.563015506820733
0.3858298200957441,3.8616132697130268
0.34824417239522104,4.4515822305476025
0.34179177919096365,4.440348634119674
0.40429002933393604,3.59554943093102
0.36222315037763064,4.165736633585605
0.3528654443549901,4.327189245181409
0.34053162141965454,4.561847968462452
0.34634392515266754,4.444520778703124
0.40393447690498174,3.6508706542972025
0.36457099595425835,4.120998952445229
0.3603050423248808,4.279767492560273
0.3438767719595195,4.558403119991686
0.341903718517518,4.535138958365394
0.3640028349052854,4.169795162876627
0.41440111375126454,3.5793902156502035
0.3750363310662889,4.0318412753139325
0.3405633719361977,4.6160141922389695
0.4092952840391081,3.5339068362578483
0.3798618265665224,3.9358855153023815
0.38437013867901154,3.890457228810678
0.3957074961320658,3.760391926751698
0.36027143922339006,4.2229894566726855
0.3832343212830028,3.869943461966866
0.3599413197256194,4.2968400705752385
0.39236521184974726,3.8228822080013996
0.35980601021895137,4.216883288550512
0.3699525226512347,4.087424398305532
0.36849485151535444,4.109073236453246
0.3706641779126127,4.065455096260735
0.3882701518711518,3.833131844920146
0.3415578445933184,4.546012555879178
0.40071957876467795,3.66563309181934
0.3933507090919079,3.740873728576302
0.3406900200474182,4.612764443669332
0.4286426958922448,3.377712540831169
0.3272535464607458,4.805159962771511
0.3499766629055674,4.446299162224141
0.4276918093832689,3.3719894436480575
0.3695837256485615,4.130343674696164
0.3668058496067949,4.095288870367997
0.39236521184974726,3.8228822080013996
0.35162583022899707,4.386634351096844
0.3914384727616623,3.8074695474631617
0.3320277676954556,4.638579224290506
0.35489687735377706,4.332081728507553
0.32909386677005636,4.790320449374965
0.3161174358491112,4.976240424589121
0.3385973322690827,4.5730491022225
0.32639086402542505,4.8196754686484455
0.3558275792145701,4.289110038117311
0.39281460207421903,3.817462048659993
0.3445658004676624,4.478737961280056
0.40575078189698927,3.5894065370109534
0.39539784704735914,3.766552000369135
0.33671648791901676,4.602229495274546
0.4110088992676369,3.577527446296919
0.3868942813124929,3.845131769930588
0.3269297616551641,4.831288528599778
0.35225576509385365,4.341204770832929
0.35210591685044434,4.318130654735218
0.39458528731185005,3.7734472697436967
0.4441253808604217,3.194685700934882
0.35879060161393417,4.2230531252352135
0.2775709377881516,6.029869220047872
0.35783042782104074,4.2213135569177025
0.3572130242514154,4.310694354516638
0.2880336953470566,5.787738741472486
0.3164525689906872,5.137251608969843
0.38569883278224676,3.911219388388926
0.40293037067480064,3.7228193859884606
0.3505773002717349,4.379039467890149
0.3223327816478311,4.9401918966474145
0.3897727571737501,3.813916229020312
0.34055558344974535,4.562337842742763
0.35401247504635147,4.37846233944077
0.36394226572750776,4.142500405480821
0.33929172292092485,4.604891962517101
0.309056047267664,5.177127639206821
0.3227473909901006,4.937377009294073
0.3174049650289509,5.000387555550717
0.4164956269404193,3.536525922078613
0.4047596367830549,3.62687943512721
0.3565357112774345,4.235092255076332
0.3351677858697395,4.569214845015805
0.3169102008853418,4.989371236598703
0.39656564023960883,3.791268152992473
0.33986704147247804,4.552780843364609
0.3418894566625665,4.550583516598997
0.3267481607967594,4.845444024790143
0.33901189197322146,4.4889754039600485
0.35989295010237343,4.298122664632261
0.3655037338383663,4.146844921455414
0.3966966002733293,3.760077650108771
0.3390348079551391,4.594604596877195
0.30547049401671245,5.206052084794702
0.36883103488781366,4.12349340547914
0.3797363230051647,3.916642237862061
0.3343032831819217,4.700324642051939
0.4213642970374978,3.437475427418076
0.3540235466391249,4.2277073726798085
0.3722586231614614,4.0471478473363565
0.42045782414443766,3.4818050686127826
0.35920284926384455,4.313056026261089
0.3087675033593141,5.171262743800494
0.43221764284053116,3.317546245149436
0.3370841199083272,4.643903773474348
0.31701656256284116,4.9938149268669845
0.38825987244525084,3.914614542367361
0.32862533760110263,4.796989223522514
0.3356916506165202,4.6378504333424555
0.3712910879798935,4.071505343412645
0.4024452780088976,3.6312816766566716
0.34189929879455916,4.498230561530008
0.34108486196422827,4.576383394895743
0.3595758431828985,4.30518706128706
0.36479625544898664,4.109191091052975
0.31628651681502973,5.0995446628913825
0.3433850485973977,4.590366473161175
0.3437017141038944,4.491710545010896
0.3539318867117891,4.35148719989651
0.34464771083637336,4.427343272359339
0.3371086316021541,4.68986370910889
0.3770510194572877,4.0020368773707675
0.39092517924957937,3.7872838380459024
0.3064634772999396,5.233354575535356
0.44586157652293074,3.204131291302616
0.3852503039805849,3.8630264591566297
0.36251056970646856,4.146345079800483
0.3573951364887106,4.3051875477269315
0.3741404402165509,3.9698398618906388
0.37586591969542277,4.022327660335711
0.38340020076150505,3.8906865529917583
0.28863336686970986,5.879419344486067
0.3565581527376627,4.240987497212263
0.3308626671013263,4.660887475060435
0.369089887787776,4.0243284911692925
0.3704540250535993,4.047975572067189
0.3359223284246776,4.643097326284413
0.3792821336019745,3.927358128129965
0.31486018584859476,5.003442418311844
0.2933892779023009,5.495175720574955
0.35047748288634933,4.335322065249156
0.4427249647106048,3.233703845320041
0.4214093259762058,3.5003123930045663
0.33402784055322865,4.628411649745378
0.36809876438543837,4.158086986311564
0.37000845149678774,4.072075117052551
0.3926193011378662,3.7676622274968383
0.3551877040217297,4.317020140997107
0.36971632771998825,4.119147754911509
0.3185608629479898,4.869154450136997
0.3486856620289701,4.496935616671191
0.4192369537147568,3.4515909929622897
0.37047061533825376,4.062465708907426
0.3490388277515435,4.419376778400178
0.3586403503824152,4.256404916450851
0.3570259704743068,4.247779777025956
0.3548207092440207,4.362355887121532
0.27740620555507645,6.166005419605062
0.33675460428347664,4.661991498310788
0.3181905928885011,4.97033027421326
0.4168626610346497,3.49992301911336
0.36006902525127055,4.250953016604574
0.30793958760645757,5.207863555200041
0.33878351682893204,4.590841907556385
0.33344781008758995,4.74173421544961
0.4022252931510609,3.662392412727794
0.30381243935760904,5.248451085110825
0.3573279614876061,4.314701153078279
0.3436451451263551,4.483564420405795
0.366144677912896,4.110928779320289
0.29544918925807584,5.561159939677067
0.3554484351649747,4.274597192396158
0.3739167315387943,4.040376451617315
0.3856014552489743,3.865851491854709
0.39436034034937795,3.692190116138414
0.33954872546088494,4.525822045825359
0.3861743170582286,3.8639764314632714
0.33479671016960244,4.79611471486612
0.36711813846395736,4.142689022160698
0.33671215174147373,4.5986962869363595
0.3283704545635925,4.8004680867128116
0.3243065442196431,4.863488618377962
0.3325133394355853,4.727564930872095
0.4261027146689104,3.4051907554097216
0.3337320995164724,4.708994326090982
0.41306374979027644,3.573226969948286
0.37466112057504614,3.9916586682684114
0.42612338915479675,3.405895286286146
0.34288664965022575,4.527326649752442
0.3575086770287448,4.289512085778467
0.388220457848503,3.7892297010898592
0.34473970148321925,4.505392746425252
0.4246029303593576,3.439086554999303
0.38755867847277453,3.8330881611963585
0.3929656072572455,3.765243400422041
0.3441882194845649,4.431465293148486
0.3354904953190891,4.617374248877941
0.3426739672900826,4.55191935878
0.34558390484378804,4.501224187383406
0.3202787146471483,4.910558907780439
0.3124711671661501,5.174701100940137
0.36306807935009544,4.134226796936985
0.3442075596437113,4.554408648842424
0.34037118122977583,4.599419183780185
0.3214517376204894,4.90958091057276
0.3826929733034968,3.895928992881815
0.34603750704754466,4.519819736344276
0.39376845840798946,3.767286487646379
0.387400682051422,3.8052057454967434
0.31577201901473406,5.1193108786788475
0.34468185893538816,4.494533986566425
0.301849071867522,5.285565144005825
0.41561421971422613,3.566480873875741
0.36470763295857206,4.181121217498311
0.3364644415431275,4.585394650052562
0.3320277676954556,4.638579224290506
0.34141258290216214,4.442447404855212
0.30584086906727825,5.278853007311701
0.3077481815168554,5.202166049025187
0.3051255967678557,5.3137888463352745
0.3922351946801181,3.8430940997101373
0.33864271034328775,4.610030299508758
0.3688174889162144,4.078706109373376
0.39350961606635143,3.6982926591651184
0.35033539298451455,4.372810200526218
0.3553295140130878,4.273782720604347
0.3231205480662652,4.947110672288084
0.3602401487660515,4.215313956335547
0.3627133547373184,4.147017815021036
0.3386922083257284,4.615979550012471
0.35136605508251983,4.375490725195397
0.35810250439852503,4.261779597385549
0.3608452073862705,4.249979004555628
0.3765149515344368,3.968218639451482
0.357873461608956,4.224074224314088
0.3794436323111816,3.9126865713800485
0.3642469065942622,4.236230399644064
0.377684778575013,3.9831101426929885
0.40679018787160354,3.592943053215718
0.3147142908999518,5.112275764068576
0.3613407807824581,4.175991626303025
0.3847238011745044,3.9421639587714226
0.35751418985432876,4.314651599478834
0.3357931801253981,4.658370990489696
0.3570639160591362,4.211366761103546
0.3350741538720393,4.576196788323015
0.4242445284852565,3.4226400924830007
0.395476110564561,3.735194822053514
0.40188314220911314,3.61352949722427
0.4038508423368004,3.708423144531216
0.3298770905316424,4.780354819438494
0.3035763126601899,5.3507730170599155
0.3662449322390842,4.162155237688971
0.4177210748532751,3.5067240015006393
0.3032498795440645,5.327088245441968
0.2722485785497066,6.227187834570531
0.41999137340745035,3.4435273787602023
0.38221068303248384,3.8974855055588953
0.34218104682579387,4.506571004576639
0.3787140518489084,3.9553507409850837
0.3496007062649488,4.440769878049449
0.28942214592796767,5.74198756231883
0.34429428870250856,4.496445972288283
0.3437383859977262,4.543553094219091
0.3398104741383412,4.518360926074404
0.38058724390376214,3.9554623940635953
0.3886976874953942,3.816776538094658
0.35984591911429226,4.163496583771794
0.3226474490012371,4.841307639355409
0.35696371618640704,4.2883826554244
0.369450548827011,4.051374543144723
0.3517579133063246,4.402073920913311
0.34917875531227294,4.349428354090752
0.35524660349925063,4.254525699364181
0.3641581870165489,4.147508964819351
0.3573786164072384,4.2272814935603975
0.38549403814139344,3.92011795274568
0.2892186171889441,5.725693450062813
0.3371788540281225,4.571594979871664
0.3681549626013632,4.099057284795136
0.36677227431374143,4.138307163131008
0.37946902773948643,3.9193598000375087
0.36899944742531554,4.110783514331364
0.32834813699625065,4.84177138095255
0.47539941668577046,3.0081487118319346
0.3643598975279308,4.2024401979227335
0.33832183998997867,4.542070566347577
0.3797563874863016,3.839435083245417
0.42932304850574154,3.373505680311224
0.28826997342407273,5.613657892077811
0.4098952139234019,3.605461214800259
0.32769259108437965,4.881635873169077
0.34614916998082773,4.450689564331363
0.3579577804124723,4.266303220097902
0.3041858154723904,5.282460771702008
0.3421633977381582,4.596223689697563
0.33409304581616595,4.656131544900139
0.30457735479385095,5.306469036853443
0.3352279528737415,4.5755163768629625
0.40064272501754694,3.685528495075609
0.37109954805961975,4.089992164241719
0.31883478661132864,4.906395814775491
0.36784261961441145,4.132132274620135
0.3201870176863492,4.914405325809149
0.36426933474323175,4.177629515027462
0.37778262889204506,3.952260179720181
0.404110997753955,3.6413931995990505
0.35215771738241747,4.320098846343271
0.38931743293835375,3.8211481041652
0.32650355560911,4.87415355624824
0.38519573093983134,3.9146490878742433
0.3073687872758199,5.188121055459965
0.34083290172330577,4.582553273188275
0.3723527599937037,4.108732410309984
0.35560232501878974,4.272101891524309
0.3390886748532972,4.506841365092991
0.3785191164795679,3.9781597842656384
0.364791872273315,4.115683661858794
0.36084734482372266,4.232325451041641
0.32864076632006867,4.764414416759872
0.3003787080524662,5.451946372470326
0.288265045365955,5.788128907731781
0.3859836577816228,3.8532054309275483
0.3285519163357658,4.821510322991572
0.36151446622195066,4.187440641634079
0.32199276444263103,4.8757203712959845
0.33495149621892595,4.580472763288853
0.33158954474320645,4.672441815841038
0.32018885580791867,4.921526529958708
0.37251565806598896,4.046092920754141
0.3340004836789872,4.684956707465759
0.3868891193541599,3.8376308818068723
0.30618916177329536,5.357540557107584
0.36081275210194197,4.2730954109363415
0.3814472196421843,3.942341619673029
0.39947429028343956,3.7492617390286953
0.42444952056792185,3.4518096289956035
0.3719746476405445,4.005610686725125
0.40555738544350284,3.5798387653220614
0.38206427520118014,3.9723545375243376
0.3781335637512554,3.965663246174144
0.3121548627097214,5.118798568905929
0.3703537487553434,4.078499712803498
0.3599248869111727,4.206276181532842
0.3759769399844651,4.09364158641129
0.39758064667978965,3.7322765790517014
0.36803565787016346,4.125544540338399
0.42656437270158826,3.367574396658425
0.370751447061574,4.09066252172238
0.37737306372916257,3.88967268111226
0.3017983024358429,5.416992155747006
0.409399889407237,3.558406900307744
0.40894164561987717,3.5602311003246365
0.4010751904955981,3.654485987679378
0.33088842090453763,4.771514457088083
0.3595747136736398,4.185166659297978
0.3691485766904842,4.056824364173668
0.3711076386844952,4.033342820029657
0.36772312016940256,4.092890737044293
0.3815371623204508,3.8986801488170655
0.41319744990637475,3.588504612865311
0.3397761363097418,4.553672326988976
0.4189150141009663,3.4850309205958943
0.3882701518711518,3.833131844920146
0.31512996801735105,5.006736654443425
0.30907789234583793,5.143801547346647
0.36027143922339006,4.2229894566726855
0.29708903152503124,5.534299894852661
0.40873022569985584,3.6632897614786772
0.2775325294157702,5.97695939626203
0.3398529557218405,4.577815507852605
0.3248080413415334,4.839366696174949
0.3576070844944521,4.273763645470932
0.4303543892910957,3.3370340786713504
0.3858148017334606,3.8822497030494967
0.36378918713289415,4.070065181124562
0.3096765746054825,5.1205435817395655
0.35567906407746286,4.264463549786221
0.3805892843341314,3.889930104055022
0.33204087688540573,4.71905882333238
0.3480728875676993,4.446359418554892
0.2974239504955114,5.499732147957499
0.3772454652585938,3.9521810881234614
0.3160132198839876,5.051638388487619
0.414653945306087,3.4935854020375987
0.39535527934405756,3.7220948323427803
0.3520599250892952,4.360167185504785
0.3644981614028103,4.148330586289173
0.37821217063781487,3.983311425318326
0.3636068545018257,4.1871326302996215
0.2985731706747109,5.43250749133259
0.2836904114544578,5.873482280421859
0.38547649342738305,3.8738859318390304
0.3429861986515338,4.426066022844555
0.405312599108874,3.6499291534183946
0.3268684257004316,4.845856724754942
0.3869363200235671,3.8347664937287
0.28469757318407657,5.732763945030349
0.3765066569091126,4.037064691773177
0.3740928697705408,3.953428142578238
0.3554779589277991,4.298654744311067
0.333287695417811,4.675176746910263
0.3368179596314257,4.623504037558658
0.2722485785497066,6.227187834570531
0.3803876076494307,3.9519809787095452
0.35240757719827553,4.337968147231055
0.2774240540331905,6.052757481140247
0.3204874131174848,4.9045045593636445
0.32336484281249017,4.888980848802606
0.3358021572702157,4.658471744355863
0.4438994932998895,3.2151977541021983
0.2961056518065961,5.629039493087815
0.3636394933655307,4.2637613807995605
0.3696867565205594,4.044817643277058
0.33328024660981614,4.825332956380063
0.4082656447771242,3.600359887828152
0.33201557462194903,4.691141415927901
0.3130094346847142,5.048550001631524
0.349336289498977,4.429208513020286
0.3541750872493531,4.402708000374898
0.35330894904453125,4.298260521746451
0.3455186092764906,4.462890950043781
0.3312015160700372,4.725706670804444
0.31684300850345537,4.930042611398552
0.3421130663350137,4.561814497226335
0.34020785595155667,4.555048999030314
0.3694931146330953,4.010746304473298
0.345602861808043,4.468548320868548
0.3463528135869065,4.401663264739017
0.32544691420299054,4.8193130156773485
0.339451058079954,4.543645613325063
0.38299345443393346,3.8801279285340278
0.3448569534753988,4.456547266695064
0.32000926629021054,4.8961477387658165
0.3390151434163201,4.574807453974531
0.3651496552456324,4.108448173567623
0.38100674631029147,3.962150643072818
0.34316450708002505,4.553324348587925
0.3669069536066417,4.143766903388476
0.459222593160088,3.111559230827806
0.37741195439577724,3.9527347886768434
0.35859322110092956,4.238192256479795
0.3743751132584652,4.091791266279439
0.365153340234991,4.131969622709099
0.3527899217073903,4.288492703104019
0.334049911948083,4.712317643117765
0.3832642149829607,3.9009433866665337
0.35522475438930773,4.20651676737582
0.40854161898651903,3.565870478692193
0.45750401393492995,3.1159121095170117
0.37233041923920396,4.0819845327254
0.30499562527013413,5.36333025241471
0.35198154990888175,4.348256861913684
0.37687154289475616,3.9720774252155553
0.3462541241162531,4.45323358698638
0.33089513370767815,4.783427579078084
0.3497300222073866,4.452330451860447
0.3115325387512837,5.155110923049753
0.36252146519715406,4.20788043309491
0.37837378922618514,3.9309354707214132
0.3281468379000269,4.802643248362615
0.2776913563998159,5.963433901353401
0.3960110905441736,3.814765708035672
0.3660448980824763,4.1622079553819535
0.3272341515454078,4.834117556947557
0.3738742981780722,4.064349082062218
0.3887604140315539,3.824752752351026
0.36063362350806716,4.258248112851215
0.3385534910990353,4.6298646330671325
0.3287338949503561,4.914378652738065
0.3726033864238404,4.018136890038026
0.33976883226412774,4.565905417526238
0.36679585380259927,4.177846712712337
0.38625504804480354,3.869234911009294
0.33592461733701373,4.551747506994964
0.3480300134432196,4.485670778088924
0.41122630844143976,3.550813767450026
0.32492637313431505,4.867019988131558
0.29925464873213564,5.399475092218826
0.33102156164784324,4.690071502794524
0.33770375224214055,4.604457043959504
0.4069674147573201,3.626717295547283
0.3097713104002608,5.060725092966713
0.33742257003807286,4.719498042985941
0.3154768086401143,5.112283453906782
0.39499932442299174,3.7363568134213763
0.39788499959666634,3.7282480312530493
0.3559585010329713,4.324024767628424
0.3208723321834194,5.046326716529069
0.32802370045159224,4.725906287236113
0.3700685369715562,4.158702708858646
0.33194979065058894,4.735388062206393
0.3738945895996414,3.9715441777892395
0.4021731487601174,3.678052592738349
0.3089286966553698,5.364341635669606
0.3240132363104339,4.945949070221627
0.3154382236811935,5.1005814183292015
0.3637109697551881,4.139039872667435
0.3173956215803022,4.987383868741903
0.29640484463543265,5.53293118569709
0.3684165266224852,4.086156481564817
0.34655943396167743,4.410786752191547
0.4566917239789743,3.0952649776763748
0.274058011911544,6.2753338277727435
0.3415030620314765,4.578435169186255
0.3817337822162959,3.9884988946012645
0.3804406137023738,3.9525674133182607
0.35580985879198057,4.274357227488725
0.2958260325950991,5.53958941646038
0.37649372616197335,4.043579032666874
0.3771729538539879,3.9751235387510153
0.31750870081562277,4.9916961230181895
0.3057126963584504,5.402916634910009
0.33064219923147004,4.716761274001708
0.3263426097608603,4.921595516210442
0.31208480078713485,5.162460730596853
0.33672551424994457,4.609630535104265
0.38744057523459885,3.8853485085365467
0.35889370624954253,4.189806304572063
0.35520749273541136,4.354063397525394
0.36415174721264637,4.1234540406959805
0.304674006524354,5.3799295356646875
0.3768905829345403,3.9775172542168424
0.4030175270702707,3.740569211704876
0.38955948195259965,3.823776825668802
0.3769719934489412,3.9598682337537223
0.413089360678154,3.5738646016686464
0.388220457848503,3.7892297010898592
0.3655774988697302,4.0947359283341855
0.2934093396882078,5.5728721645406765
0.3613114766861911,4.233668590677548
0.3510665929342808,4.394644460966156
0.40758966020055576,3.630112553921287
0.39258946904879316,3.7635701913920867
0.2934364500857832,5.6002856219478305
0.3376279310850028,4.551963685311877
0.35275502606683806,4.355526529512811
0.2925995825780725,5.635638187375579
0.35270823863490885,4.306188632476242
0.36719299442909903,4.08598363565865
0.40349122696137124,3.6361766385436205
0.3069823596927119,5.248001039842771
0.37181403036660804,4.0498134974286035
0.3569103110328691,4.270321862966711
0.36152720260947147,4.254381028882912
0.3905845358776087,3.805204158936273
0.39250772541308654,3.849179247992255
0.4130398950560482,3.514364200770596
0.3356719897790379,4.699668577587435
0.37150212320648857,4.0814076532971715
0.2906393982241912,5.598799749394709
0.34795569264620013,4.416597255265658
0.3614640979207928,4.229130157793092
0.3396458722186281,4.545931833636522
0.42044431376447017,3.4600526637082214
0.3377179671743987,4.6168810742110145
0.3389516450999173,4.531714034988829
0.3896050147121033,3.789883337358304
0.36535688909120306,4.169281072004099
0.35334674458470183,4.336444808661809
0.3571452838624431,4.228623785668297
0.3398873997115192,4.566629780404597
0.3494831590164341,4.341554641806107
0.31042165577182074,5.151165808830069
0.33599823007552143,4.655370739046129
0.37755003479440014,3.891988055745563
0.2850779714061375,5.840206707078775
0.3419716828810062,4.585459107877927
0.33391677881197196,4.652957672585241
0.37434177065341634,4.038147119629313
0.3987895729017145,3.725553373547725
0.3370890360339795,4.643419132529154
0.31440408135775083,5.1777202491939205
0.34683374587188054,4.487178815532666
0.39866551775872516,3.6745508836094882
0.32741978039297703,4.796264983783135
0.46797599636221476,3.0060568340096268
0.4176575816057882,3.5242102497301087
0.3482346603474619,4.441800876553948
0.3714753379689786,4.015856758977642
0.33031278866388103,4.733215781559287
0.3549476875971533,4.337497096293345
0.3927514893077272,3.773153057284897
0.40443984269556865,3.630659428837123
0.35370388222224447,4.3162402345683235
0.2952616150849561,5.487720445939504
0.3593185213575334,4.2195980499520225
0.3611269471873078,4.235411817432318
0.3951372961085311,3.7332741984005766
0.32080016448239196,4.893280233952704
0.34596882946907515,4.48472534939048
0.3414764728482011,4.512244524541734
0.37631793417577153,4.044384369818282
0.38241202827406495,3.8822566199681012
0.29583014671180696,5.455712998388408
0.37704050892382207,3.9885324015275128
0.34012674774601026,4.555242149696017
0.32053466947380116,5.007097621877207
0.3689994940547081,4.1313307798551
0.36383683024891506,4.173593813430511
0.35175223106392894,4.360360106002944
0.3453271136131326,4.507733017932134
0.3269297616551641,4.831288528599778
0.28982221986811535,5.629467824340217
0.3327622467968679,4.729526584681535
0.387618821504114,3.8415479934779793
0.39725586050150496,3.7572419961309693
0.37702362546141577,3.962886129848318
0.34029960234648227,4.4921459019472625
0.38334445731556605,3.8712458173645263
0.32861802208310376,4.8023477108095065
0.3464101408281617,4.5046002802052625
0.3540129998450694,4.302837501181201
0.38626684982991866,3.8865758251764078
0.3531684763716033,4.30300747982096
0.3964211945871277,3.7397337868760903
0.3783774138244607,4.0273638711761395
0.3526916336039163,4.295729486245782
0.3885734331706324,3.8880119976191603
0.3922416647720785,3.7616075142081824
0.37551616287426576,4.002663511407695
0.3918729720533331,3.8301155552992947
0.3518635343893357,4.350099145507542
0.35781471802717857,4.246242338130099
0.3576470184985414,4.291046847727133
0.32958443337671495,4.723496591864854
0.3660970013689948,4.147334698372354
0.32496010922688234,4.899055253306197
0.3417829338091579,4.527554540820558
0.2880943810565152,5.77712175233704
0.3458156880880945,4.485425238139792
0.3669653222431288,4.134720197196001
0.37100791273898237,4.096991862113046
0.3338208046900108,4.703637459103182
0.3971124390342922,3.7280852755468175
0.3625118233607758,4.18831001143091
0.368346360673097,4.055049270151583
0.4446100551185696,3.2314307346806252
0.33774818641245063,4.61793104787278
0.34508144085807024,4.55886092354748
0.3633680840360365,4.173623932412138
0.312830359461983,5.079497880594234
0.36486481826989486,4.089958285457446
0.353834126041939,4.352755035094947
0.3417017167269546,4.573694909844972
0.38839644150460184,3.8324557674086708
0.3306752717015117,4.7674558556449576
0.40407580573693413,3.6495435597956547
0.39447904534791517,3.727284143365958
0.31368292073134585,5.123490480134526
0.3513719908666578,4.369105832935547
0.3057520122217333,5.250900811185885
0.33658831634148756,4.690545591435375
0.33431640431674886,4.649539470769765
0.38680611822225447,3.893061591304917
0.38160461814406543,3.9266786634481923
0.3735170615190598,4.0196516338384365
0.3004720038434586,5.39965527073973
0.37616788817019,4.029733290657319
0.3438820995159278,4.535246833418621
0.3836182396088412,3.917760810108869
0.3494773440033171,4.33890792699856
0.3644308537097946,4.158637925890149
0.3163123565281245,4.945464946826804
0.32860387573836647,4.804247099688741
0.35580088122484876,4.316356417958824
0.31914764108979515,5.086705621152419
0.35068778570068626,4.439541052390815
0.3106750387624996,5.2491867824908995
0.30265839868499433,5.351791479282762
0.4438191515235738,3.187570083505204
0.35242702067111087,4.38164624581289
0.39071328495604357,3.871200317711986
0.3780321942554783,3.9575751222593487
0.3632258314714216,4.145129521316572
0.3716341247356731,4.065823983889565
0.3738397560730717,3.997631277757061
0.3861543249133488,3.8452015056736575
0.3866900580494087,3.8936369842230505
0.3789234399172078,4.009527835434435
0.3407771062463978,4.560497715620452
0.39513511471128393,3.7610642733832775
0.3123010682072773,5.088356856483125
0.34713115900582225,4.412180564100223
0.34179905774341834,4.5316260121934455
0.3379550542485147,4.673528651034161
0.3040596325582603,5.387268371477583
0.40465157124796325,3.6770493324931395
0.39264119128135777,3.78271666856319
0.34869152546393434,4.323905110677755
0.32978430918408674,4.788023584209183
0.4338045993724307,3.338538558151742
0.40344338666355317,3.642447715566466
0.3471656215698158,4.467619794563727
0.34277692181708785,4.449464132671214
0.32510260889987985,4.799987363144078
0.34581588291176535,4.4608767882261295
0.3486881620081955,4.422915199647062
0.3548559511859884,4.281989245873378
0.33959964887229543,4.551962027896692
0.37532625254563284,4.0416532702315395
0.33934024681074015,4.542481348916806
0.3668058496067949,4.095288870367997
0.3084092890874002,5.152345809699085
0.3676409829001094,4.110447361029967
0.34552529276350796,4.5314144720190175
0.40759515674440056,3.573959575581739
0.2957341229530781,5.540755698679265
0.3285032569008295,4.6792335450580955
0.30142842147844595,5.429315881036756
0.36646740447666587,4.097669985681652
0.3611925922439399,4.18120948815071
0.3369564579581007,4.631466802482971
0.40683869533978123,3.591191230272853
0.332525050238075,4.626082835098927
0.3430087301861625,4.580723108777584
0.3094073566998395,5.216754109395597
0.3335269581106299,4.699997086201943
0.4034789985745931,3.629500572404962
0.401899810275014,3.5969633886129597
0.3445158678235146,4.500125011837483
0.3325794224446484,4.7001260702310255
0.34197295101340835,4.517317517366303
0.33803261825548403,4.572233964783966
0.3278993348220677,4.8110093813400665
0.3471589255870823,4.49355132556375
0.372574926734192,4.033868838119714
0.4134343785284756,3.494850710240453
0.36043118021606224,4.255260291006462
0.351013058119003,4.282221683382287
0.3186247887984018,4.9482531044322675
0.4215185257354144,3.4488878242947756
0.32027599338448454,4.968853298143813
0.36511779337050304,4.096561268307329
0.38966989733262436,3.8406516591880355
0.37561672403541874,3.951226672680233
0.3399648632545065,4.58643451559358
0.3072951831736014,5.1458351492319805
0.34237045679567857,4.5069329519364185
0.3777580846604428,3.966277555973364
0.34750460730631805,4.397443191157458
0.4103059010581417,3.6110285284352
0.3074618855370841,5.357255485942707
0.3137393622306665,5.1152290167011545
0.3483023738849366,4.441164177742319
0.29737804574982857,5.561800635190858
0.37204935123921024,4.010993780479923
0.32480783956060644,4.860348080481576
0.3547693284465468,4.289365331696897
0.3322279365891657,4.669800440865688
0.3961838455797254,3.7120762129153424
0.3526904347751287,4.3420539216235765
0.373618119967056,3.935493970647431
0.29393686167193284,5.629666819148257
0.3098860801537574,5.149352014814625
0.2955958494439025,5.451954262435556
0.3652883172883444,4.19641594859982
0.32866671029771166,4.799362681427084
0.34026389841253823,4.429844133402666
0.37246467077976775,4.021953263441183
0.3528543103890608,4.3258399451355665
0.27545306077643195,6.191338816600605
0.35489911166402943,4.267468676273992
0.4392058927959073,3.2589702053619973
0.37299782843632956,4.008185109375603
0.371207959396605,4.1136189894590975
0.41945645492578737,3.480021662391539
0.37379508347517987,4.0000388447853386
0.3423062429418602,4.653369657112773
0.37191586782097236,4.029374664241121
0.2506931534365631,6.933472484051771
0.35859140768590037,4.267249803998342
0.3611900897646273,4.221722258445066
0.3746945873199636,4.05632640863311
0.34709341492856755,4.403129877692907
0.3186641031923022,5.002703269057233
0.3970336189494375,3.6987883637507886
0.3381676583258205,4.584626938557722
0.35006071947676987,4.4437706051913874
0.39244460335326453,3.772564044749947
0.38557700318611643,3.844174835799161
0.375349443267642,3.990670384932099
0.3162325223999954,5.032281039188985
0.2751421335748936,5.964131297200641
0.29832673133874216,5.39771297320729
0.3521321802032678,4.318217723743214
0.40372911944690676,3.5966305465666855
0.3255251467656156,4.928781003068783
0.38110143651741496,3.972463325613316
0.33110942830953005,4.7728080023752035
0.3149642796458481,5.0158941196915565
0.33391589020742585,4.643096242878996
0.3289400739633984,4.699922233255249
0.3568146995450664,4.377599408190783
0.3497955169349552,4.426340941299441
0.41649402615564896,3.5725998680611246
0.33505695668969365,4.659833292065094
0.35788750159691785,4.235374655582471
0.3767494404022885,4.069380179344564
0.33684068820658103,4.6290915643348916
0.38701919966177295,3.914452549423467
0.3155746043842755,5.127734875719652
0.3296187236137922,4.796021890567309
0.3809626712678262,3.946339099099055
0.385836731820312,3.9064824705982213
0.3506456035874084,4.370064010968489
0.36692695732633585,4.088428625124365
0.3337248094921961,4.662409547581261
0.33616325305969696,4.6010392324662766
0.35382722977563563,4.282828433394114
0.3400812932821676,4.558533536447776
0.379384133884611,3.9344339647208506
0.3543685377465338,4.332588569794486
0.33415747162742837,4.6836259815233285
0.3976426382759089,3.726860902546258
0.38935727056096536,3.7640261493587803
0.3316677795165392,4.7530725280056965
0.36085120354429523,4.247817832622132
0.338262409586895,4.556335751302889
0.3599247073940468,4.202757982446655
0.3230268645224163,4.881656557325634
0.2931838611679576,5.54454353386207
0.37623109099281493,4.022541803774952
0.3266740476276847,4.844668148576123
0.35742595055306225,4.302287280319786
0.31166759256702664,5.169422737606552
0.3401081935220671,4.5650228789304235
0.34895034234985606,4.400745999436843
0.3856883107229403,3.8713290633166495
0.36511615028042843,4.167959679661206
0.32693618156797255,4.8606861255138725
0.374878189732594,4.028622751100514
0.330492796105161,4.80334786962557
0.39805946019017885,3.7168729769341526
0.2980279118752205,5.456026411045497
0.4527437932403575,3.156747775377288
0.3708904832183415,4.040286111683998
0.3477225720932896,4.361050030564347
0.3376390284330651,4.684363950234034
0.3641491500332946,4.11257805341644
0.3575086770287448,4.289512085778467
0.34644632059966896,4.42032545313978
0.339232789235662,4.607494897479864
0.4068098864535477,3.6423775210671083
0.37562109776932284,4.068061762259953
0.3332699059509067,4.69818157086719
0.30076163455147975,5.3597794232370095
0.38029043846969945,3.979874907799947
0.34488798685448896,4.4699560290625575
0.4094655166049928,3.5766433001490467
0.2989431755601982,5.472855926474694
0.35049630275133103,4.457636356864581
0.3005066551819562,5.46406919757188
0.3546844452985005,4.364231746571234
0.39545727425763155,3.6840681214491813
0.33241420867842775,4.621022571683097
0.4257243116218059,3.4560424668107004
0.3741835069287883,3.9966575631465617
0.383597062457483,3.8827566432246536
0.3631188202175453,4.186835762787138
0.33509502676546354,4.6916550201746325
0.3356587495740019,4.594377005333704
0.36077319456546403,4.209470536562847
0.36054145867928045,4.28436376547359
0.3508885415931934,4.341643400919188
0.3832150170264208,3.911719865256487
0.3799655651577204,3.946634156301941
0.4046903119044354,3.646075791966125
0.34764837467709436,4.4155028784535135
0.39720875235353736,3.7021292383401025
0.40415542580805075,3.6694990850225966
0.38273814183109617,3.885689048317448
0.3703358543826117,4.121502870265907
0.3504129946954264,4.394300619322056
0.37361209023931113,4.120403743926605
0.3205087591155711,4.973410794013934
0.3794712982537279,3.964877034186497
0.36689170299164686,4.080288856974363
0.36468350676256517,4.149198722003784
0.35439272648505965,4.358130887885309
0.3486595119656409,4.374877717014235
0.3850414577263818,3.846267616299771
0.3653096831677425,4.196063741789116
0.3548811758149209,4.253411999979679
0.3086077798012187,5.231786489701487
0.3372872640164588,4.655172373374848
0.3705561451752381,4.069965949513295
0.38099293578535276,3.9649613079648
0.3154920099052327,5.0136843760884755
0.41468409271914725,3.5080523093245346
0.35408312924594265,4.326456467165905
0.3874384550233327,3.863963347892675
0.4106645947667573,3.556054687894187
0.35746299397664794,4.405322483880976
0.35550712954016006,4.2871186633951455
0.3240723663195518,4.927154058564183
0.39195464379918493,3.8340052092896246
0.34489830692066464,4.46585147079098
0.3222602881403328,4.908872312022815
0.4317350297260472,3.3405382595949753
0.34280681713380845,4.472890657061987
0.3290748294381699,4.718435706638948
0.3961635603717876,3.752641949227624
0.343996021835675,4.504091041783281
0.32203506041247376,5.027739511540733
0.3148192814121166,5.021127515961585
0.33106749781283573,4.7382670288509114
0.3142993727881699,5.149967969941141
0.3927296194828395,3.768428617707353
0.3188038269009988,5.059173347210262
0.3766302856135772,3.940539032069152
0.33182991401136797,4.755470930994563
0.3633473266077464,4.226309850746808
0.3507952253866986,4.356413155047162
0.3566386121445218,4.376139808858631
0.37143074088378114,4.034334105146199
0.3713198748535077,4.0873154481742375
0.3406164045787846,4.611486754550916
0.3450502827630203,4.430997248308634
0.32370348296967405,4.840900236799681
0.3707064355427901,4.095515622254642
0.3749041533636847,4.097005880043176
0.36899377431486713,4.12060284640268
0.32706041716725526,4.797856812105827
0.39723107289859266,3.751037922861944
0.32985252196497516,4.797417616189312
0.3797342093631378,3.9411723713318243
0.3563122386940148,4.353016394898034
0.37596468939994776,4.0326959546707
0.3853549064233709,3.9044508563189724
0.31150542768628314,5.08777429297798
0.3841900881628297,3.9288624839518365
0.40719117630127855,3.648113390144736
0.35398542439996056,4.302526504671752
0.34663865135428423,4.353539480101051
0.40503989905574234,3.663565214294621
0.37205734261354073,4.088910978478158
0.3755385731003001,3.959097097965484
0.3448666426909538,4.448771708453533
0.39869227129367946,3.6984454611040634
0.35132048451747944,4.360761810387957
0.3422042796204241,4.495719763670185
0.3114939238506292,5.183136649509319
0.41475680363546025,3.470387203393317
0.33563174622825753,4.632515999728001
0.3532274475784126,4.37833614165204
0.2975833650732279,5.360024245797607
0.3477225720932896,4.361050030564347
0.37062847718470304,4.090027668615081
0.39050376240055595,3.8453699638240275
0.3808472217285843,3.941812488740268
0.36588782252532476,4.174690790239754
0.38127281720228157,3.976805981959581
0.3337580939457713,4.709140114408426
0.3417339658191843,4.512438318378754
0.3328766496481588,4.705906059043512
0.42135526684248,3.420328415697029
0.2880429478484424,5.705862145571028
0.34667755652064836,4.493130839086115
0.3049094674986768,5.2483783071660675
0.3448904357516462,4.47517475531999
0.4113733544038753,3.550043037574692
0.33481132336355013,4.680418973787266
0.3711885763521825,4.092239965719244
0.3490560967369678,4.408623796571649
0.29253823254384337,5.562010541342904
0.3423819835334969,4.465316252452002
0.3383598808834969,4.629670827091216
0.34668776945306057,4.40587621980439
0.3529311719592674,4.356389798368321
0.3524824954917166,4.351992129066981
0.3245432341325525,4.913459823761663
0.4069979736239725,3.6293322612310512
0.35431819193113945,4.281784027785269
0.376174733635828,3.979812897592849
0.39365285940095956,3.7665868508496274
0.3340655129420901,4.67554894735199
0.3294213012987841,4.672564783229942
0.40773027411871315,3.5810595217590553
0.3911248054438231,3.7848615883622774
0.3344154726677052,4.660621271714988
0.3253293818549249,4.896385743375667
0.3498793479358946,4.4848399702850354
0.3231394882362334,4.842622597314299
0.3693185559392562,4.019560908782325
0.33315259531683494,4.691718192330314
0.31988610756977603,5.047019870318382
0.36919400489127685,4.052494703675315
0.28378284911506063,5.833546599222849
0.3641722326836773,4.165193709404021
0.3732720023624978,4.026882580999652
0.38256982223612623,3.944262270346865
0.39256926426756394,3.7865165143514172
0.371132045132898,4.050681160238678
0.36169973715240866,4.217279645782066
0.3990948303208913,3.7090146690046057
0.3440130217377646,4.445344747208042
0.3790282259551703,3.9177734321722917
0.3832057824081043,3.863352351931546
0.35049050411272675,4.356367390712701
0.3306702811956078,4.790976932505472
0.30550827341682835,5.326410498147755
0.39600902462021875,3.7521988748392676
0.3151230731422061,4.978232044810656
0.3228016820996213,4.789132633198064
0.31154565220200797,5.048326509718278
0.353388728444026,4.316887877175155
0.33130886222410905,4.624287001000916
0.350850110797239,4.33800275231936
0.39852318514705665,3.714378476731982
0.31002795585132925,5.282210389821625
0.36144715365163477,4.16279373624656
0.38080175407242134,3.9495630530375436
0.323396069286972,4.997772141784925
0.3365983847932169,4.602915097243053
0.41456016670115975,3.5283920122648142
0.32746446132228635,4.671096019993882
0.380438691044979,3.906322481699366
0.36422015419963466,4.09538407675153
0.35520749273541136,4.354063397525394
0.3643391101411835,4.185629650256767
0.3708686303323783,4.038093370921397
0.35465951892216074,4.294405720371301
0.2688943480605817,6.234333471619074
0.38142080581980886,3.94732476009276
0.32417333476431537,4.858716104342292
0.3294871995918044,4.797637776923427
0.38151537483893955,3.877968340381549
0.39416855193048056,3.7918477517608924
0.34571610296028643,4.485153935983829
0.3607538135940492,4.192145686704088
0.353570488343416,4.326448793805849
0.36486266883654656,4.19042942209901
0.3813670532814684,3.9403043376233597
0.29587572689155317,5.533235617429456
0.3173956215803022,4.987383868741903
0.4077707055827316,3.5711982620645677
0.3331941184950464,4.636812883043801
0.3138156181956838,5.028031724530901
0.4479211785740788,3.1858467922668217
0.38822814553040746,3.8084662275189682
0.40084722237617787,3.6630606673061252
0.3140170266533913,5.130470040930827
0.3892946351356501,3.8260736910227777
0.3502931235104677,4.336300114391863
0.3049094674986768,5.2483783071660675
0.3666506489213016,4.174257050150932
0.38956756786530056,3.816141926755868
0.3500566806853551,4.392388050899684
0.32418078693610564,4.910659786332381
0.4203197533876151,3.4665028385417043
0.40024906443868563,3.677879731789368
0.36944635447263485,4.095583875125862
0.38038011283069817,3.9139174803483385
0.44387236352105863,3.2241136183101693
0.315998358776326,5.064886188279147
0.3620488537284446,4.306315653794311
0.3703358543826117,4.121502870265907
0.321116321027679,4.9102038942366075
0.3370138898484937,4.566618350561204
0.30211721751465925,5.302475357754682
0.3498999795129686,4.4052084934406555
0.3572053928062363,4.332473513146495
0.3489321774746197,4.30320225451659
0.39501121033118536,3.7807950445085625
0.30244810956020335,5.349268871543892
0.3573234046512328,4.301189610482527
0.3871924788410238,3.898022844909651
0.30512753521284763,5.330302332518512
0.32468465528037327,4.895283912860174
0.35105922628023023,4.387645390394577
0.3113844993079082,5.111440346129905
0.30586775703971897,5.318677902896654
0.36278987624425196,4.158066935204016
0.39985353968924725,3.700011337307625
0.370683649885573,4.06333616294715
0.37016418109373206,4.062741906082497
0.27545306077643195,6.191338816600605
0.43550139862534865,3.3148004259408244
0.3589372791768525,4.332708905472423
0.39612932798581896,3.7498455598151157
0.37741208388429404,3.922716401245044
0.29312471239037097,5.666177090184019
0.35699511533921374,4.317784010794973
0.3112892320408328,5.229933961401911
0.37321479500831245,4.042923214752636
0.4569878534460033,3.110033176780252
0.3592367076837411,4.252039109439331
0.3811136053898144,3.989751127566184
0.373914154737398,4.057836169792189
0.41801216143733777,3.524058932473461
0.41382112122698905,3.5284075395238017
0.3318137555715436,4.716791232249936
0.3537122689930906,4.327212545394485
0.4030391338355652,3.6400035507188035
0.34026363894373207,4.597180769274397
0.3782674149251858,3.945361371973969
0.4011856734522843,3.7108667822047323
0.3229693471011927,4.93279287269436
0.37918524033387785,3.855998807848089
0.3474874164097227,4.488326549002615
0.353566604079658,4.358247535234762
0.41182857146763807,3.559206165161845
0.35154941503395765,4.349291996476493
0.3979395413807855,3.7299211893606588
0.3510537669376747,4.4305210356656985
0.33966472681546067,4.554004991906127
0.40509846270807454,3.6482928588488552
0.31691179051063334,4.970138504223253
0.3396908297498868,4.518021798026011
0.3804916241625909,3.877888065248148
0.3654815579422435,4.112376219014041
0.32914528995706105,4.735244089081365
0.31458074967462424,5.092108861976622
0.342030366241936,4.5382370445253875
0.37778262889204506,3.952260179720181
0.33527011441801613,4.557782584910585
0.3147688583600297,5.029772296425291
0.3788334295770802,3.9755047364513905
0.3273395413571135,4.813607758315495
0.34122668118274696,4.580787773594008
0.3556133955988361,4.338657227820364
0.3418376668807489,4.634620260237156
0.3680837059458558,4.081283788849339
0.3825516370275511,3.9000545264831104
0.3720588919736878,4.051154111890494
0.3541727855219554,4.414952587317774
0.37371988024584646,4.062210345898518
0.2870755003119304,5.807194905820517
0.34473548336431564,4.479658657251112
0.34016695275472353,4.5724856758221355
0.3907676217004551,3.8359195844731397
0.3701645412670582,3.996409609197854
0.3533088452025956,4.351472383876212
0.3839741927160612,4.00444656486348
0.3305640283832323,4.668184161800748
0.45416896137921164,3.153980226913927
0.4027982609463709,3.680021025845815
0.40153113789417344,3.697863124517692
0.4136534233952076,3.5739954188216148
0.33505103212891446,4.637664842805687
0.3450519502304042,4.528713904267036
0.3443826801580856,4.574689849931858
0.3690645549691496,4.091021813224772
0.3255726464484857,4.824394988913274
0.3804132943358246,3.923514351567111
0.32970118566137846,4.7898279559032915
0.3717303497004731,4.02998182782425
0.3936719133755145,3.775735067950149
0.37715293214086154,3.90707903451312
0.37707702900154266,3.972028576072924
0.3705899975853027,4.06946271177623
0.3314837078160062,4.678739741434915
0.3422073830391812,4.577471063025484
0.3785647345828417,3.9325763451297817
0.35090641350883023,4.334953951219969
0.3961176250692714,3.7839889211065865
0.3411843970536095,4.585503644211174
0.36117543011201947,4.282824110920939
0.31452119134102463,5.070385088858237
0.36628907798848115,4.152774278557339
0.37279464029531084,4.0730338600411775
0.36756729273982036,4.02763895274407
0.3397761363097418,4.553672326988976
0.3953761584174227,3.758064332993926
0.3718799321394392,4.07433709429953
0.3358275608594532,4.593742757678625
0.3084405560880935,5.140610289885224
0.34830871143932934,4.385314093485892
0.40517024048659617,3.6345651602786275
0.3533626787488444,4.258409109385396
0.31670325973642216,5.0444095478101065
0.37994876685588197,3.945522831196325
0.4209760889505336,3.4538800873984554
0.33263534461767486,4.721261153212856
0.4008087530995514,3.6697156138830884
0.37198858520328415,4.023465051127966
0.39979896480988414,3.6711943602319317
0.37600506837963765,3.960857675856909
0.2804029450213053,5.908112195452182
0.35941741404733923,4.33642998589829
0.3365121245827161,4.78386308913891
0.3605612775107645,4.281032493905488
0.3636604046505843,4.164036593100856
0.353566604079658,4.358247535234762
0.29757747871330675,5.525099653007486
0.3170973686896946,5.097247066953142
0.4124992550847517,3.5019020046046148
0.4024319573543185,3.6526801743305097
0.3747716221254113,4.0204907876705755
0.33915178313903815,4.557074614654316
0.38556507700890447,3.92292900440386
0.3473936453431003,4.450668036138657
0.36739352839002576,4.12193598883781
0.34215374382931746,4.582286048944718
0.34156195566257713,4.476856315260448
0.28646890577232986,5.780374104616724
0.36180779127288587,4.12291553969367
0.38179971842703053,3.8972205038726195
0.3809376321927277,3.9306433505389933
0.3917347781074332,3.850816588018405
0.3480938369512847,4.422234657037561
0.3619328740329196,4.146611220949243
0.3487819771004975,4.39649893046162
0.3245689926610996,4.829119852335031
0.33311042894937504,4.601272887141718
0.37262833231098086,4.098546033627398
0.4113733544038753,3.550043037574692
0.3651900860576576,4.2383924482125845
0.3810511675231516,3.9332542191698727
0.3007914623068745,5.282155772656406
0.3433867842581222,4.499313524123586
0.34860625639706,4.497194873920277
0.3281427018314922,4.731077316798416
0.4321836561029978,3.355905219236356
0.3370654340174033,4.567067574665936
0.3448341096882372,4.499328271496763
0.35105174548010126,4.341332785564972
0.4363277386960209,3.261253209991186
0.352138160832887,4.40099009655135
0.3406052406015779,4.544885841296796
0.3517579133063246,4.402073920913311
0.32817579494100324,4.767931163635393
0.3862178772241587,3.886737535742662
0.35982522548704604,4.244904951210821
0.3312492110533282,4.747595473003256
0.3879380631009709,3.8770988809317406
0.3554403890316026,4.233155338273989
0.39614070116388467,3.7746150034039663
0.33788014720542825,4.589491373956039
0.3336110861608517,4.659943338473132
0.34635601964511453,4.503406010147218
0.3171811745533908,4.995918922936832
0.3711500043742889,4.018236995086141
0.3385665776062128,4.586893691413508
0.3452166043004538,4.417643284703172
0.3125959278369191,5.172205003563681
0.35267666759129723,4.299549198876945
0.4352145790686792,3.2860933144744573
0.2987653242534096,5.265833270001099
0.35316195915097276,4.407887653159831
0.36221287017563847,4.250253334197494
0.37625391783326256,4.012619202269055
0.3038177180520735,5.264926527746817
0.3559998941424192,4.23555868694515
0.39577498896119656,3.7856008300656923
0.342449135576549,4.520953267945347
0.32705439890004884,4.735653941441537
0.371616132920321,4.046361079179967
0.28511447679020396,5.793100054972067
0.351257294606498,4.337882492536699
0.464069382048536,3.0608807576391306
0.431278935807915,3.334183521480162
0.36030844128297,4.241006542269528
0.27500519132719736,6.167664456386421
0.35855875057133907,4.16050166382628
0.432758330881591,3.360908936348518
0.30398499131341206,5.285428447647582
0.2754310104761997,6.089958616655774
0.4036350875533932,3.6601380143109172
0.4417156496976855,3.238313407245443
0.36278072586667337,4.213078536129634
0.38967635121132027,3.773460063407379
0.37120125037842777,4.023141656067735
0.35630742550051886,4.248879694994961
0.3606665610759547,4.246926275760946
0.39643531999310194,3.7288268295741793
0.36432462331807636,4.219763015599021
0.3386388477143476,4.518432069567702
0.39189632963071974,3.8073464548235747
0.37099979405647243,4.10179086809082
0.31406149653697735,5.057189757133521
0.3397766807504714,4.498862433994823
0.3706486408818257,4.0984632052738625
0.3509731788820112,4.449938929957334
0.32322018687820464,4.861299424242216
0.33322828858378106,4.629511024467255
0.36883103488781366,4.12349340547914
0.35698034765603776,4.224281179846344
0.3044315388416249,5.277672069276129
0.387278982074566,3.8845577712288035
0.39437234060049936,3.756085126026678
0.3374282923355666,4.663480509138089
0.37962162265023014,3.9157768499168295
0.3420181906949248,4.528914004517141
0.29158276920118564,5.725024602792692
0.36190752246429214,4.205605096426237
0.33955678857424687,4.577301438365569
0.43498133819185797,3.285107413842534
0.29992099515240184,5.425382628154138
0.4025206287318077,3.630286006685424
0.3114164093049119,5.139171710120336
0.31973597305687,4.954633325481869
0.37380587458629017,4.063583103797447
0.37192570137879194,3.9951685755461166
0.42193677873681745,3.4497007718771346
0.340070675889816,4.544243208228572
0.36646865628358277,4.1622115130810675
0.36472723880017266,4.149445423279406
0.4220096782653974,3.432861043928158
0.3695424147838816,4.167297091273699
0.38111015695238093,3.903720200664999
0.3511837658381405,4.465521224686624
0.34912845142894855,4.43967723729266
0.40184608968423163,3.6682854349873897
0.38729312828798634,3.802114221720115
0.406040651724647,3.63143389650994
0.3522159670305188,4.38005576326758
0.30407262764999865,5.325183274471068
0.33232348441840454,4.68639574059499
0.3477366993876565,4.371693953136863
0.4069534040710515,3.6574602898865396
0.3734229272674923,4.010643242198633
0.40128737692928373,3.710005180706346
0.3210508692654793,4.935964710223462
0.3714351379157004,4.055930404188748
0.3436784209334246,4.502762385639203
0.3055521833169448,5.275561349834852
0.3520772921129929,4.260104479992919
0.3920983364911997,3.7974503925579643
0.39760498085923607,3.681278570907732
0.3735003080282089,4.027257083114396
0.3061237954170376,5.259459391194308
0.33100045906498166,4.721648949105891
0.2788996395666032,5.988960701889703
0.3649272758488692,4.1682193214703025
0.3581670866724636,4.350285010194996
0.40352371922603986,3.6639371091436095
0.3393291608054721,4.58795080859268
0.3962444277058388,3.7093580922960383
0.3824087149911606,3.9251718606682293
0.3910238536591057,3.721294155539874
0.39370959388901877,3.798739890153061
0.3438080715738737,4.481028131635642
0.35455635386437123,4.317367306234752
0.3368137176659056,4.6786017466168595
0.36610514771877734,4.134544083016169
0.39950245646831173,3.6643271258409857
0.3254594730956578,4.865908128500508
0.3276967887471053,4.834105172787355
0.4283485679639232,3.3849066293961516
0.308856746046581,5.139733293297484
0.4097231110156966,3.5195202466379643
0.3981607805675141,3.691807312435934
0.33844911924795407,4.6370036463198145
0.3778878795063236,4.037804073655492
0.3666714722887829,4.1202364541500565
0.4180225149596759,3.539799303783237
0.38729840316173886,3.8903876391605765
0.36860659045110644,4.026699571027895
0.3195610869754536,4.939197653582102
0.3614177224544035,4.145996086600901
0.32862533760110263,4.796989223522514
0.31084269412625326,5.141653522743
0.3727985946457977,4.030998603248337
0.3712572133767289,4.0939824338825686
0.33765579718237304,4.63716007479012
0.4154744906251726,3.476327707299995
0.31466952300876194,4.998862054072104
0.35673369216277523,4.333562130069377
0.3776497893335089,4.036629534880098
0.33322828858378106,4.629511024467255
0.3054978952406502,5.241684101296657
0.36221949128517755,4.197673933349822
0.34756093187874026,4.441766796982707
0.32286058168990395,4.877303519064168
0.38611213029938724,3.9300829777233903
0.3675665401948363,4.187280214404008
0.39755280643077223,3.7180874411426075
0.35467932660216517,4.35984355243656
0.3234244646540899,4.914084213040374
0.3564506148181995,4.245093626987136
0.41101968689863355,3.6023201904307047
0.35500505524220977,4.344437711709143
0.421554583762352,3.4151288873007344
0.4259839996123851,3.360445092051369
0.31515972990136815,5.117420452540998
0.3756621531160249,4.053103404155354
0.3696358368351258,4.054489554332773
0.41109638739661064,3.5826514864356924
0.36177986849637134,4.148207729977515
0.34454481609183707,4.403864910225636
0.3200085894441873,4.94040352468501
0.29535895595541556,5.549191930563633
0.38841882346843215,3.8605734413273223
0.3959577271733784,3.7818628907408423
0.332310811721482,4.7129156650213035
0.3253293818549249,4.896385743375667
0.36406377034954823,4.173601402526843
0.3260964544118295,4.7856231703278045
0.3251136546271587,4.806503379819473
0.3613663306931292,4.233899593540545
0.3283505929050425,4.721686870396657
0.3777762060078053,4.017270265171087
0.3980506444532959,3.6895203909020275
0.30320607440848374,5.39204005130983
0.3744381932868271,4.039839907573086
0.3730672582179452,4.037045332822373
0.3493420315638115,4.431539219733225
0.3819562780108666,3.918480170639839
0.3610744421761556,4.224982454045009
0.33918060535766204,4.619960150781563
0.34749673087447214,4.409016016177183
0.290037112958638,5.670130429456096
0.30894206136061186,5.141627903743032
0.40848106104331794,3.5787649260020524
0.3014026866957835,5.35903677705294
0.3838628767790768,3.949334242814575
0.39423621991010577,3.69315399640733
0.3191965562164764,4.926716618897573
0.3781717672948576,3.9505085907628676
0.4134343785284756,3.494850710240453
0.3533095560677443,4.348736788254936
0.30158197875380527,5.300910564479705
0.3599413197256194,4.2968400705752385
0.39600670497833923,3.7587102855819485
0.3330759845828246,4.623820535982247
0.39214955390129186,3.7283415061957963
0.31817198106361916,5.027819383346556
0.3047720672426487,5.142381781866073
0.31509472623714296,5.109631769281392
0.3270831196358822,4.745853159317641
0.3780018456999418,3.958652758955014
0.3152383315352338,5.1261903538816025
0.41836197593484487,3.555707469707088
0.38379715264539305,3.865372036570305
0.35443599682558147,4.360229283184014
0.28509425772276326,5.859864205544314
0.3296187236137922,4.796021890567309
0.3030190373239747,5.356834426075849
0.32828649143540456,4.6975873917834425
0.36359120041099735,4.092481936644478
0.40979862258354594,3.5907440027841515
0.3463499872117541,4.482743795513578
0.3684541924128918,4.102609286172424
0.3626252480683022,4.144978926603532
0.3867372975979577,3.8982483119920013
0.38750994434720565,3.8963924262297716
0.3499576271671718,4.3249460639962125
0.4463083534826181,3.1660148763014577
0.3024712917442934,5.36536695884902
0.36607056001833865,4.127562650510834
0.33045377112444696,4.707067198731455
0.34609033360976305,4.459962924059005
0.3001281807995838,5.363476426515919
0.35028993992106877,4.354607573515233
0.4035098767598895,3.652740620201544
0.3200614751691072,4.9520795887004825
0.40658001278774464,3.6185199193521123
0.43407281952493837,3.264515735101798
0.2642113656608649,6.416726482475119
0.34987746795220986,4.361013469811309
0.34745801968404344,4.479291458088236
0.334113475941922,4.6827594751460895
0.3581538147483271,4.221338327152489
0.36490658207319526,4.191757211014005
0.3958830453064671,3.75981388196376
0.3655847977492464,4.099189727544543
0.34398967268407776,4.481447573071925
0.4033509503380304,3.609686624144883
0.3607188332399428,4.2082091524939615
0.33358969492867796,4.734052611355958
0.3231995410705093,4.901738152631845
0.3303880541616999,4.785556613484225
0.3278776989700729,4.80405368737888
0.43476836014279563,3.2984213181502677
0.2908276446088271,5.683160519416199
0.39021822115625615,3.802429494450942
0.35566450104091063,4.3082042254351345
0.33439890937515054,4.713359721345565
0.34956281808410794,4.394187284656598
0.3208626804807944,4.935378445653572
0.3847832023751235,3.933443323767429
0.34639437497412573,4.380073520262213
0.3728958799312152,4.056690410696952
0.42856037563897825,3.3875196447161127
0.35292387351750587,4.345582646740648
0.3532726468870724,4.353039355031441
0.32173331255830934,4.937021054499546
0.3330901472438932,4.673877557306126
0.3407008252406558,4.46473817695366
0.3360608534437251,4.597126401051813
0.32081138435201245,4.912434820665785
0.3802653851540971,3.924465941618676
0.3204184542461821,5.047040741424992
0.3170177005750862,5.025458201200675
0.3641722326836773,4.165193709404021
0.3484883973755637,4.455910535520693
0.36193240064541077,4.2253914445153065
0.36970757359875916,4.049849350800546
0.3475855431302455,4.457150960504216
0.2953442095916625,5.468766090303882
0.36889816949152765,4.062351440960074
0.396803892554767,3.7794176852024015
0.32793289735669867,4.864705151212536
0.38066173804026876,3.9785330335315012
0.327772734694444,4.712075371383285
0.4092766811939854,3.5134501591213696
0.3523285002297549,4.421042437479315
0.3887206766432222,3.855806126965172
0.3454871405546809,4.420455547207544
0.37096391151563635,4.03675711805031
0.38657058420188023,3.8428279990571874
0.349671711823392,4.43892874469782
0.34634398059798827,4.451660771667476
0.3394506883470656,4.542866068160941
0.4077546167306574,3.6341037121689235
0.3429608210907261,4.503183397312039
0.3343366461521281,4.7049380149633215
0.3834436283165418,3.8593935741274454
0.36052756930645335,4.193585229203598
0.3785058701997566,3.9856133455010294
0.3784144045658515,3.97661815454823
0.3989323515107352,3.696617556694408
0.3787342678159406,3.9999376183134325
0.3172287500530408,4.938536841242786
0.3448012381767265,4.518828370155517
0.3771977935305914,3.9321638551298825
0.3244487214342439,4.918460153874475
0.3954519907802127,3.76067263197967
0.34025501334013286,4.611513704224797
0.3522569163691358,4.417058428669629
0.3676687021139386,4.085404654474875
0.2849611354206675,5.9260089675881495
0.34942071566881994,4.423131514113008
0.35152483621569286,4.367702982516541
0.3810720088211084,3.900668164827735
0.3403955195381252,4.599202899273207
0.3029297014766097,5.304713399871935
0.36003310434365776,4.250669252963256
0.35461326643864766,4.3383350505522165
0.38439975546126165,3.83663449483825
0.426338047389905,3.4110122270862897
0.3954283692487449,3.716205592489624
0.3581410803471467,4.296282258364219
0.38367988921659574,3.906480279781457
0.35929180311164605,4.262700757612832
0.41198976206325116,3.5767468060199223
0.4097420884708065,3.583112665448823
0.3595608534141547,4.22215326207446
0.32857415589225225,4.874695183634551
0.3519988316848871,4.362195339869749
0.38273372209746803,3.907295627914562
0.37197849413202916,4.113086480816434
0.37725645712764877,3.961482074481137
0.3595456862880178,4.251265968357422
0.41538738059252117,3.492144540990697
0.3524040632897905,4.339931515021139
0.31233486021798995,5.107956824857021
0.28497300535555015,5.868518986437719
0.373802924880448,4.010515426878131
0.3884273457853705,3.899021276924116
0.30834803050747756,5.304727287554484
0.36510849758300123,4.21724735661739
0.36492706115269924,4.1574719725280485
0.3747321313456396,4.022231429892262
0.3729307351188007,4.085580138822445
0.4085171437020787,3.5569117208221916
0.34518147068222627,4.447205037417408
0.3003747850067646,5.460566031734988
0.3909394816595945,3.823287270147967
0.306627733767851,5.296545150467548
0.3415030620314765,4.578435169186255
0.35318005241120776,4.2885207060641735
0.33592882644358135,4.584527361634463
0.34557693052087735,4.466873833722181
0.29617344367258713,5.523363175057902
0.3518828792819194,4.435242032124051
0.39571128387955995,3.754177952645829
0.31883478661132864,4.906395814775491
0.3637631342967267,4.18169686883649
0.3583830741012101,4.297784594977363
0.3311138049138732,4.747982504102238
0.35288844138819675,4.333752533644374
0.3036218936394417,5.338038918776059
0.33014851164338843,4.711881851050408
0.3088107274515546,5.268157305624072
0.3386558591348767,4.504745021313184
0.4143697649364312,3.5427652806929966
0.33111217350452327,4.7487326725424
0.3484068215727223,4.468432396657044
0.410487366787557,3.586336497511507
0.3340117543604199,4.64227083271018
0.3705408202905571,4.093362432550488
0.28042881450141444,5.968066099237051
0.348391423363658,4.347353782836762
0.35802942983526437,4.293719384073815
0.35140358683581574,4.367694573245781
0.30339618821454245,5.4277079306964096
0.39447591867310405,3.7680285928012807
0.2996944867847818,5.440667136434881
0.35432467461711376,4.285671358047533
0.3560598164058975,4.334903236214346
0.2921946130300048,5.608719697335807
0.360269626850813,4.316105304097163
0.2792245167802915,5.941710270996952
0.41306374979027644,3.573226969948286
0.3727234652453396,4.078378179827958
0.37874206501349417,3.9568606191667683
0.3534774990906807,4.360647283383315
0.33337306531077593,4.627334430927963
0.4034871559475172,3.6441543856199656
0.3260189668316201,4.88162560569308
0.3380675951228803,4.657336988948542
0.3708459196192218,3.9802959365934822
0.33036046234852323,4.766254338997923
0.3502931235104677,4.336300114391863
0.37218161978097203,4.020628963825682
0.3159156381647824,5.056027122637984
0.2975009514839449,5.427007005215206
0.4027170349327176,3.684701349148882
0.35047327786658095,4.353796619869629
0.3715472967220759,4.059849742786107
0.28293645998870615,5.886158606222448
0.4004601453428402,3.6717168578716297
0.3271752285926106,4.858935495430647
0.3840316106053905,3.870162860716844
0.36219857023274654,4.215593814079445
0.3860112685977465,3.911121121548574
0.36668241451935213,4.120338545118484
0.3358890492678598,4.64281574731803
0.41381280856826475,3.549168694739608
0.3768464363590816,4.046992454892911
0.38565398687543945,3.907802934246325
0.4088164595594687,3.5728864109611447
0.3267857805266006,4.790050660580566
0.39612135541110494,3.7265606803207194
0.29714650879044807,5.511445162766167
0.3510070207962838,4.312024496455928
0.2975172491781502,5.4613840767050545
0.34349460773944696,4.5247470566308055
0.33786337850194537,4.575713846560216
0.41649111680243023,3.5181741524978567
0.3514599560465745,4.369381833878309
0.3419019207036644,4.5183486135281115
0.31024593777413034,5.177581292169798
0.33933707065430563,4.575140843680687
0.37034959353650504,4.1011483358139404
0.2860690263383545,5.673762369910271
0.3689203671700262,4.190027104994283
0.3820507718173985,3.8918811808497726
0.37071206557818615,4.138879248467447
0.3502089811217435,4.51743876571926
0.36974705882792425,4.04524155087128
0.39218282730867127,3.8195677982265432
0.3674212515395039,4.1393267888029355
0.38578774331204163,3.885553916938763
0.36537562750015795,4.071357592485858
0.3379154951656176,4.5745644489225805
0.3526744325276847,4.371851189461144
0.3807029415862604,3.9096619986325907
0.3461515281129691,4.403714046988488
0.376520520108693,4.013982875442767
0.3705408202905571,4.093362432550488
0.36725297051831357,4.075860525765658
0.3257407221828552,4.823052706275281
0.32094247158211353,4.888397051218631
0.3297332250305828,4.7992030562720425
0.36923243271184125,4.039549989935186
0.3713715966946315,4.039363354786247
0.343225893398459,4.524088936333444
0.33029852156495,4.795579283497029
0.3219243283961108,4.8946637155750246
0.3669581140019916,4.086724278220501
0.3263695669106866,4.878649134823364
0.4135311740473391,3.53399483446642
0.31252320966264674,5.098399878846466
0.2732457220554694,6.216117236406587
0.30376854552593546,5.351045718510275
0.3362086330845631,4.628519646243582
0.38209344094749137,3.8683018874942605
0.3703233415473342,4.1165570263443225
0.4150147573702084,3.518105783940229
0.30719730366631004,5.265808053161973
0.3960447912399162,3.7553222025365063
0.34174231832600144,4.476021534449896
0.34878707387894803,4.406483454101885
0.32139747530750595,4.890491521339896
0.33100101796966885,4.723487196894796
0.3436372901868059,4.427572321275114
0.39262014189419325,3.7770562058768236
0.34790544145934266,4.4473887282291615
0.35956757170852355,4.216928432732933
0.3697944215408722,4.080469587683882
0.40683869533978123,3.591191230272853
0.38249712255237434,3.844736634724749
0.42153311548781147,3.4255081545279276
0.29505895464385895,5.608101649953177
0.33530987049537364,4.665344569921828
0.3735546018316616,4.031354227387142
0.4221327131624427,3.4287474384563175
0.3733327160798253,3.9795239641951654
0.32849978917870437,4.856170338097547
0.3535115423100071,4.390889334004089
0.36885678497942054,4.10088494205952
0.3568872571367232,4.294911965339776
0.34764000720319077,4.486224699594284
0.38228678745606137,3.9261380709977765
0.36357676883005535,4.200286846952909
0.34941367206149365,4.348153286926411
0.39649945290225663,3.7729849327637255
0.356341529338241,4.306101413008514
0.3056827850926483,5.291088602037619
0.29271230712601715,5.5376359931004435
0.3677596050017857,4.0918146491361185
0.37332398881643053,3.9823182512383006
0.3545254754221283,4.276200816404442
0.33057837596042794,4.718385441407379
0.3258109962852534,4.87620881613163
0.351306542109158,4.411826102389913
0.33922268975002307,4.6460328691741575
0.29990724845379213,5.394788642159266
0.3292137337270595,4.772367097259398
0.3678965070966465,4.122641325490118
0.35006071947676987,4.4437706051913874
0.3369739040687849,4.498288166914525
0.3323706215336555,4.654167496531298
0.3456344446679627,4.487478709397883
0.35732626835891634,4.248507193198618
0.37540561658446026,4.054767400445378
0.37055562610029014,4.091883555462918
0.31210244494805933,5.122516275968208
0.35508130969559665,4.2558341490604175
0.35174276166539675,4.4002701785332095
0.25224036485275136,6.889286232904705
0.4135303644636929,3.5132257855924762
0.35643830705931695,4.326268096152042
0.375218385687778,3.971453736231247
0.35055199067783344,4.378204119983942
0.2874805133411557,5.604171770727857
0.32693268202700904,4.765146450148665
0.3531488578976638,4.321152902875195
0.3822471495965322,3.9388729168145487
0.35125592295306174,4.441517385711237
0.38078126654230154,3.906907957787877
0.32745264184437506,4.8108685984928465
0.3536040893485515,4.405828721528332
0.3480709252199117,4.4927538244673135
0.3581171616966501,4.266484042686864
0.39016665537559725,3.84164562774077
0.31265554711988697,5.153262519085238
0.3412124044347724,4.58466505808951
0.3242322715872668,4.796001795539437
0.3103543991719637,5.238503955804396
0.3509881254866333,4.346003758301101
0.34730172645042523,4.368818252375059
0.36226399892455086,4.215427096062247
0.41584502151435965,3.5235653132801668
0.4166328879703867,3.5398716182851895
0.3076392413401904,5.208398741602505
0.3469303400828266,4.416598606596125
0.42010417469123496,3.5134549900584773
0.35979233244041303,4.157048241630949
0.389957225206248,3.8090367927982753
0.4096065380779909,3.6008303099713133
0.37907782185725186,3.941680097384594
0.29280933144640686,5.569165396070773
0.32754235585688596,4.810676616792018
0.3220375375554557,4.909423724535113
0.30957697234980563,5.194218041805734
0.35203022863117667,4.323248508564417
0.40137333315837564,3.6705646501894154
0.3598179149987781,4.27566527548973
0.3995490366059604,3.736140277829504
0.3356510045437108,4.585538195629178
0.35228083000849614,4.346121294294288
0.38107147671622105,3.9598313569084356
0.3820342573708788,3.925034261504442
0.356142176300224,4.3300044718891
0.3888356886078093,3.8009486103501193
0.3411063193374231,4.5753718641538486
0.3597034773061828,4.158369177536592
0.38728503702367495,3.8606891404386587
0.3468074714046744,4.442583909742454
0.36999801108339614,4.095375576924027
0.3807273177328706,3.9781716829121043
0.4081368098763803,3.6121171440640065
0.3916519640402305,3.815627413581928
0.41381280856826475,3.549168694739608
0.3903715384268892,3.743714139661124
0.33637237131824294,4.59472066557015
0.32694197241802014,4.843635750554906
0.3316182241965464,4.686300007735598
0.4327436284259619,3.3650983981208458
0.3796797556034449,3.958633695319534
0.3505773002717349,4.379039467890149
0.30201936909810745,5.4206293575765425
0.3721205092462962,3.988514872587946
0.3872455491263107,3.8740239780109236
0.3735193981633501,4.14150882264962
0.3647871161187224,4.138699560610548
0.3837854738841509,3.903174378710399
0.3912389307616566,3.774412546494778
0.3805408936411112,3.9514188983102128
0.3528894494716073,4.2859298518372375
0.38758063294275985,3.9009771726885734
0.351960791501603,4.392716177307358
0.45055537476783475,3.1978470900695437
0.42166003454022355,3.4599546075265346
0.3335256826316021,4.716128593120265
0.36215284357450833,4.220328115322067
0.30912854514804805,5.250701851013757
0.2985848336620367,5.398268248903385
0.33201166864714926,4.668401291943219
0.3450182200518782,4.419680629617881
0.32378595749189576,4.946096268012975
0.3289259789248252,4.7296309833048795
0.3534357785401459,4.3816270211898205
0.33291793898696265,4.666484082078294
0.32058657433403803,4.891283142532646
0.3372360241723145,4.563348619305659
0.43052940893093705,3.3569776891559218
0.3483697336687866,4.441128666410216
0.3536397606033677,4.362446568592156
0.3932710393216384,3.7868636413873085
0.31310435628221783,5.122187834666434
0.36579727582958543,4.0917255821982605
0.35156502776156384,4.322023810667254
0.3420560807671917,4.545221499442552
0.37105806120047247,4.116210802314568
0.3453739271680787,4.47513698599714
0.3882147223818304,3.8002461656115623
0.35929180311164605,4.262700757612832
0.40199801446034766,3.641762062369146
0.3447638432800706,4.457892980577012
0.3960779145512446,3.755667194806468
0.3801340199721594,3.9347646067741193
0.3706910106826469,4.1006814197843635
0.41209910697058627,3.528703498548995
0.3446697189668997,4.5069074731927925
0.36899097879134196,4.122987443327012
0.38956756786530056,3.816141926755868
0.3764033724968996,4.016437893972488
0.3834016768706275,3.876696647553628
0.3855957884893661,3.909918082348274
0.4000174663342082,3.6575477991330545
0.32897443001808513,4.793510318321916
0.3049168425270433,5.247225919701365
0.29623069000023305,5.448055289327206
0.41670746410552517,3.5077980995029705
0.3218042500385932,4.917870396875337
0.34744517267473607,4.421561632804313
0.37626919505215395,3.9474841842789754
0.3429752706481152,4.52562744092153
0.36145338588663833,4.2288228098831215
0.4027555226607346,3.6784779620928183
0.3773804203312414,3.9744814442411034
0.36193787041241865,4.145921610508995
0.3331941184950464,4.636812883043801
0.37424473539234465,3.9903441509212665
0.3107498863184802,5.251377901938345
0.3558542971223638,4.291037741987848
0.38927262508599836,3.8462402140834855
0.35292387351750587,4.345582646740648
0.3597541111026,4.18812972867969
0.3228288800345434,4.85945336014651
0.3633447819127741,4.13958786441009
0.3529264375048988,4.317823303975878
0.341748041283139,4.551113821644308
0.3515987824230618,4.305291952513151
0.41969378239417104,3.4750590015926197
0.44422090382439217,3.2046360017989373
0.3777987048089846,3.942937746236152
0.3733179573724521,4.058411041048922
0.4445207766246518,3.231730879396536
0.31177568460335003,5.160265363450842
0.3493574844326387,4.392759114550171
0.3352591185812525,4.723308688538106
0.38069972822242826,3.8711253609045215
0.32912847173253934,4.7007992820500135
0.3071223961684463,5.216036243027958
0.41958455422766217,3.483775146629551
0.3532185119125046,4.284867884628693
0.34581658165958884,4.394079720219432
0.371058568732188,4.070522897067317
0.3447225125137138,4.449494073242817
0.3506626293850361,4.3234057061660005
0.31154565220200797,5.048326509718278
0.359596649622524,4.209723932360689
0.36322461835635517,4.160347787807023
0.33788011611077406,4.508736034053143
0.4343798380195834,3.334952767288692
0.36538938000511745,4.205637488266075
0.3582144936551291,4.22684769475441
0.3701573319182623,4.088680300447479
0.4089983131812449,3.584380217603705
0.35088488376629123,4.468608556154936
0.3493025805423227,4.396358075762961
0.36099545809491396,4.310738796020629
0.3018217849474878,5.2401212667888775
0.3820323844153621,3.9306155551279383
0.3413757963891238,4.509680672663753
0.38414280457107214,4.004179507731834
0.4442755489188588,3.2585434933696047
0.3238033969431538,4.92978122236903
0.32700290752230465,4.749061607433718
0.40087145605384233,3.71317796502983
0.29173232508854746,5.531883121676168
0.3126037929941138,5.138785221269957
0.39870082099187304,3.7894677348015335
0.31375808403979644,5.138687645665198
0.34807744877251334,4.365454556393779
0.3816449660343407,3.940644429143326
0.3936109420571894,3.783196915196348
0.3338944278983482,4.700345171856699
0.34348403629297164,4.547903271999267
0.3597417948049475,4.20122248154519
0.3046980192266832,5.333033459155613
0.3157659633958988,5.074797636909512
0.36624682477885423,4.076556415176188
0.3426339880336047,4.4625289072737
0.3810186376135018,3.899575050949966
0.39640687959677834,3.751844029579026
0.3426978302487047,4.492462921559963
0.34459152836670387,4.460696091258795
0.3538364077200132,4.307696401704315
0.33310040126847096,4.719850353528804
0.34281178570483406,4.527939146887734
0.3223445614990652,4.948089778549026
0.3960110905441736,3.814765708035672
0.35243551473005025,4.325470444961907
0.31824804883095936,5.1029291111401625
0.3586971207133812,4.20140293865053
0.3398712405861653,4.581565847412736
0.36535133744122095,4.0498692464865975
0.3599049552929357,4.270211000583995
0.37457941464384054,4.036158749416619
0.2579191917943829,6.742054500103791
0.3681485062581474,4.133535726192137
0.3768026666846891,3.9935236101485962
0.36332225227838855,4.182235918764467
0.338513071566741,4.532846576044116
0.38443462314600885,3.8806468711890667
0.4221938176763973,3.45681374189426
0.37576370749568394,4.016778657736037
0.3015815758337146,5.36226222843317
0.2978952138828457,5.51895284402428
0.36543737604903714,4.16619680028052
0.40378076453214234,3.6263621892006817
0.32769259108437965,4.881635873169077
0.35971701631464975,4.26841654328414
0.32818291961357243,4.853966294181892
0.38720483259512883,3.9094329826449203
0.3441102975336886,4.59877469706209
0.348523542680603,4.4088682122255225
0.3257407221828552,4.823052706275281
0.4219585434256083,3.470767272768108
0.3833309901295709,3.951051432205664
0.35298515209224723,4.338635368255832
0.3210539030924374,4.930033011571447
0.42696913398064995,3.4170098338601855
0.3545585769181255,4.277366526844376
0.3033319101414631,5.2826763191164785
0.34026744100183537,4.553084693935982
0.3900319677939219,3.7617824588451354
0.34581529576275916,4.440383015051941
0.3404222711839137,4.497158514128965
0.2954705815054938,5.485027574696252
0.3294065367072945,4.753188840709142
0.35445052289611995,4.343357120155228
0.3631068649857959,4.178335143257271
0.30834803050747756,5.304727287554484
0.35769055072839717,4.213989002899866
0.3974810974588336,3.722725712002529
0.35327765369569875,4.32770191460622
0.354215972903884,4.312268114701359
0.35125257035592994,4.310651931065614
0.3287748250487094,4.7736130670374735
0.3762658982229974,3.933453579530429
0.31256031088551206,5.084560425083052
0.35487410393900015,4.359119878299909
0.3597722045954181,4.205533526003854
0.3555891150966568,4.325393495606746
0.3433466309806542,4.496798212445098
0.3387631565347615,4.581096388776401
0.40060537111602246,3.721389860880943
0.36081275210194197,4.2730954109363415
0.3378496924871932,4.528982852327077
0.36426664272949094,4.1048579231271605
0.4099315130414308,3.5718769987396786
0.37616788817019,4.029733290657319
0.3441537610726607,4.503793180027345
0.3165825919933325,5.10259905354361
0.38188117932735594,3.967616087454404
0.3996641927041156,3.7384748397949337
0.3479786639846181,4.39554204822234
0.35083891518228694,4.3831756441381335
0.3036165371205262,5.3493872922955275
0.38779380436705535,3.8394281043458034
0.38652663037709745,3.8684232565237395
0.32028954917417823,4.863466379649781
0.3327139808185615,4.670012568224372
0.2996811536721959,5.446216023036313
0.38053170274363124,4.001060463459174
0.3347226901680236,4.7090546115923795
0.3884273457853705,3.899021276924116
0.3954530500593921,3.7285437264816474
0.30485109758691353,5.380303123388843
0.3693754789764606,4.022247493717388
0.3819327113599222,3.912180909995693
0.3240544385851584,4.807695486283331
0.31694094738952333,5.070603464461388
0.3076749083782302,5.134879258681477
0.3408547708922858,4.512825572864765
0.40228441563950623,3.742799072559739
0.34699200280213877,4.46126491590987
0.3228310190210476,4.893936964381781
0.37172920765915113,4.060658002576477
0.31150542768628314,5.08777429297798
0.352744535757712,4.40005463207837
0.3671515053008534,4.210694865159436
0.3707206477002964,4.095458276851036
0.31921100194005786,4.955004818109612
0.3724874241369774,4.080902175187166
0.3587031953064041,4.248935783222843
0.3559241629015242,4.277185960873061
0.36370813369283794,4.205346804533082
0.34013487589902425,4.615506540723466
0.3595747136736398,4.185166659297978
0.32730979189573695,4.88004170625192
0.33068843615959165,4.754022579952898
0.36024643944802115,4.262957926500561
0.39027596260222613,3.764070134573585
0.3677983620219846,4.032163363269569
0.4148747314513357,3.504776053685717
0.34569695290006097,4.4307406661479956
0.3930925566672687,3.8051560517795764
0.3372397616702336,4.613851052162597
0.3907152308084218,3.8290648337837587
0.3819481761511599,3.892665627990166
0.3408374494631329,4.519339510422895
0.34693851317491026,4.398294348953211
0.3185444985574005,4.947102553819054
0.3625118233607758,4.18831001143091
0.3619009766738202,4.205674896847391
0.3662290227418623,4.085725256044541
0.3172634345481807,4.897195582389531
0.3711968460507518,4.055669782308499
0.3644308537097946,4.158637925890149
0.29894134567564207,5.3243081376016335
0.3724842599844547,3.993230551279352
0.3843096297888455,3.9264764511886376
0.32919463153617,4.763819465694218
0.3323066110785674,4.773460018510838
0.40000588761249034,3.5924369014948985
0.4068248061637896,3.6112157410234174
0.39178675007183505,3.7590325094259054
0.3490708877652615,4.444800077213889
0.3504106622139952,4.416817298312641
0.3618562900624557,4.216035392085649
0.42317469370858496,3.4554553833941006
0.367236105569303,4.1615403823972485
0.3988905790959717,3.744319179500399
0.4024691036714188,3.6864221485156494
0.34110623483970737,4.579022002251178
0.34049279353098927,4.4998565215843565
0.37613117677388136,3.9793319728481937
0.29209163894700396,5.64353927687888
0.2946631573544486,5.548020641721578
0.3319179295258153,4.732302418916495
0.28446101703879684,5.930589197756745
0.410213328215121,3.606270060569606
0.3136527773231992,5.119324809814472
0.345061365362634,4.482608207652624
0.370597083309976,4.1198225697625
0.3423818525796537,4.542366769838203
0.29639361521262947,5.547585104843948
0.42973352306809914,3.4075738500431565
0.3767429814929793,3.960017170569334
0.37716022149747686,3.9692179055338577
0.42212580649498965,3.495287287759899
0.3458935571669486,4.490205018606956
0.3585841938736944,4.16866638931867
0.3889171138836103,3.8124794731621034
0.3522569163691358,4.417058428669629
0.2872762116298032,5.772168355435048
0.38392061715813025,3.955773090966092
0.36856868599818776,4.05014903467848
0.430055225858764,3.3752553143261355
0.3647450265812838,4.10804247718444
0.36941689506603637,4.022623298529071
0.4364136815084749,3.313990557007019
0.3805227026925333,3.9140065219756464
0.32962313829191114,4.7427315463412185
0.4583075921939417,3.1135014456328434
0.37153335498050294,4.037576905479593
0.3377246211312033,4.661958436537267
0.39584040097100304,3.781116906056641
0.3181434469142159,5.073210206435372
0.4140091158523432,3.553806872889856
0.3581670866724636,4.350285010194996
0.33287335866068835,4.688577204896528
0.370822064265539,4.1419456729303334
0.31847236641549403,4.99098734375448
0.34056585471177736,4.598350799487027
0.28993356439238793,5.659140284008328
0.3614270420361083,4.240271591108815
0.33507958092439594,4.679321829381698
0.36181885725051566,4.17974630110247
0.33507598086487217,4.6613491102937
0.2947867465685271,5.602891742680087
0.4220096782653974,3.432861043928158
0.38931743293835375,3.8211481041652
0.3266027873685141,4.686744911587776
0.3800015614749859,3.961304100855279
0.33621785081934097,4.603554923504164
0.36383405526026313,4.304877553430816
0.32936802996455794,4.796999162497504
0.28739624086931503,5.722453969375081
0.38736995504923094,3.8016107471539833
0.3810712408976819,3.9434598632686053
0.3992223333789033,3.618931537013275
0.36573177503324067,4.129548717610014
0.3701708292741035,4.06021716311768
0.4122199124834216,3.50701213092933
0.345358309708375,4.475171398900794
0.4043506255448127,3.6089490790754333
0.3407537914693586,4.433299962414496
0.36394226572750776,4.142500405480821
0.35225122188512,4.336049106175462
0.3682920911930455,4.098591509446967
0.36297178743559355,4.271463565320793
0.3530444272829987,4.3497178016041
0.34751357542193195,4.417594340830082
0.37531101588275173,4.007516408286497
0.4044275781346628,3.6123854998551783
0.44089112993809654,3.215926955521349
0.33422710618393314,4.653199836511464
0.3722893443838726,4.070672201368551
0.3561495110685135,4.296212625426087
0.3484658447270421,4.449371915593754
0.40657418675845125,3.5755605588836636
0.40010734459346065,3.6427528834230984
0.3112060880094945,5.096219111230638
0.38137782478237825,3.9937916666164446
0.3643496143980791,4.201951302978985
0.3371191023943262,4.537321255914668
0.36024910693504486,4.264461185821289
0.33483179718473577,4.653860629831696
0.3202278517693231,4.951913475219164
0.3677305748717785,4.06536460898466
0.39645823447418205,3.7467067339865117
0.39022676569807835,3.7005393104760547
0.34253028022817034,4.515383555828691
0.35825159505363446,4.240214759563535
0.32394622452041266,4.810744100656667
0.31281466468388375,5.124523079884892
0.38111313622275456,3.9050318586734303
0.37983176010239905,3.9284099884176005
0.36810951106774237,4.134118679591164
0.4106681226523781,3.559188288965573
0.3263910992932677,4.808050217830561
0.36752632806758584,4.118319786963553
0.3523267926714522,4.368016282973874
0.3559821432391481,4.255799755523577
0.34511912666871525,4.432489801328049
0.3429498420388485,4.554020613759628
0.342771756783519,4.461916381077211
0.3583925246502268,4.252254359748593
0.39753908564620144,3.745086717834045
0.4375312687667898,3.3226652987435963
0.36854349135336634,4.1070237328105
0.3800033529866277,3.957875488717213
0.336585646590316,4.624676038392724
0.3635996723378442,4.113535147874952
0.31542502930004773,5.127749218091473
0.4019747838262911,3.6105449613532223
0.34613858546682086,4.490280192660933
0.3175388870360441,4.941646535217481
0.3331162324710448,4.576259167985358
0.3483863202224721,4.3842027100448515
0.35696015371867007,4.290936157697543
0.3488898216293994,4.47615368037133
0.3460127284155087,4.488398178118055
0.3821361646576892,3.8725783640112414
0.2930962463028533,5.760230457248741
0.3603457189645018,4.228228815339882
0.32840783716159694,4.73935209298921
0.3306120835716675,4.782778316975697
0.3358275608594532,4.593742757678625
0.35306166178971377,4.33470124692538
0.36340044801434146,4.218888297549851
0.3065984781551522,5.195747599918353
0.34097223188507786,4.511145608759946
0.37953795517782907,3.957524260623857
0.3810186376135018,3.899575050949966
0.38466415216960703,3.834441699719842
0.2943962450625235,5.508985266091276
0.40044807265924215,3.6491585825271464
0.3857883649222516,3.880927372081545
0.3713754451822461,4.020447944177604
0.34597027158092164,4.456008577103765
0.3922416647720785,3.7616075142081824
0.3996195726645906,3.6549713361053855
0.40767564180000343,3.6237711947804443
0.34121935327377617,4.580596716132335
0.3143954227448725,5.066053952268333
0.33521694423935355,4.646772911858514
0.3890269347955085,3.8795078508441154
0.35086260263448177,4.3734519804746075
0.3969801043222323,3.717579305392443
0.354119944891836,4.249484912912981
0.3926244925388964,3.8052489614323206
0.35246000968402774,4.32738446129155
0.35955454860388436,4.225921849353687
0.37486548797306557,4.001080746776875
0.40479993389012126,3.6131480373470324
0.31209466360188964,5.193902597963825
0.32506026177431113,4.851194137210019
0.35769441263229296,4.196036140384108
0.3452166043004538,4.417643284703172
0.38674825586075123,3.8697384546936147
0.3658700715285279,4.179804581755668
0.3197663597839369,4.9329071378054286
0.36889816949152765,4.062351440960074
0.31967253200431234,5.077851766147987
0.35912291114484957,4.219336529882443
0.3058058349444013,5.323048124169354
0.30781453547851295,5.210505794072014
0.3704905298972076,4.065499227418539
0.3361532174138808,4.575484830135731
0.35398466932530176,4.339374010608496
0.4195515338775358,3.4903537634993524
0.37440094315677197,4.0037272854149855
0.34174416175014355,4.537692313232845
0.3911244999974809,3.8277822748949046
0.3499742157429788,4.413193989358156
0.32974157730359,4.739461523118585
0.349962079674365,4.430770280345636
0.3236759606595059,4.865592737906088
0.41151311753266817,3.6213769389334445
0.3243541869582543,4.860491067141243
0.29931654915418415,5.315972879913866
0.3373524429930638,4.628524785195388
0.3803242416615505,3.9355037002224087
0.3566602662980557,4.337546616925323
0.2986333383728534,5.493419298028554
0.3657701140103473,4.139377816107957
0.3603483057329939,4.1464995549364065
0.3439773580123623,4.426578142389721
0.29975958083458465,5.489965460195226
0.39047908326663394,3.849966606960978
0.36108029422974763,4.216151866095456
0.3965852734040044,3.764566823235516
0.37123274702154385,4.055170816447696
0.3777758141262971,3.998996207010809
0.3160147695242882,5.032540699058162
0.38418697928931306,3.8531451807393933
0.28948857744792156,5.672466579318928
0.2853248442405899,5.88157474074181
0.3599105860326707,4.259375743096518
0.34170402915316644,4.5855961426283045
0.37287160166535294,4.0297571685983895
0.3471504562988408,4.433084943986741
0.4002987551907016,3.713430687957294
0.39385451324322984,3.7897965280117343
0.3917440399788951,3.7898604077075024
0.3852275595658392,3.8638730760667603
0.3327103179950865,4.696285913512133
0.3280310395382551,4.693703223326352
0.3575965675093653,4.2698903203819025
0.43272792910537183,3.328585952680537
0.35388216511720444,4.365756451050503
0.35382196520515125,4.3307191516837324
0.37260568627445134,4.039755465467872
0.3945963990557189,3.7091832922046764
0.34676387930351404,4.443136795701022
0.35324032572315167,4.334394693751981
0.37345889781755437,4.0003075054616435
0.3386937174448115,4.630110133243594
0.36982453791521913,4.050853560881382
0.36093856042714834,4.211782203293422
0.2806468046880337,5.979586454818314
0.3740452960757232,4.070101877895047
0.347233854200612,4.448820085700653
0.3223445614990652,4.948089778549026
0.3154663462466394,5.0818755555723785
0.3715895002661874,4.1234848256527465
0.34705097911699534,4.37820241676161
0.32929888820015285,4.648366160926723
0.4235130587913366,3.476240052885187
0.3486309387415005,4.434945069845788
0.43168422973808557,3.3500579758370845
0.3836037491204566,3.9135500925655595
0.32357319968907794,4.881851204219305
0.36513392208268125,4.099366082497743
0.3609745818803827,4.236877079092418
0.3259498169010546,4.90657757466973
0.3368077546692792,4.628934455756464
0.35412049660083467,4.32316030739914
0.3485615613601385,4.356898081897717
0.366652866288285,4.156741418997619
0.4437968536694858,3.2773879942226833
0.2795878424858021,5.952584805017202
0.3169718312741751,5.014660993546068
0.4720297807387795,3.0163903422730884
0.31707630620739835,5.019786220752745
0.3559721046828287,4.289325205847058
0.36253650067034765,4.197163032871952
0.3183258049884777,4.968062272746957
0.28030286437202206,5.937410556476419
0.34478689856632294,4.435498687118283
0.34965616918475795,4.321276552537881
0.3815042855766011,3.941742237608697
0.38078126654230154,3.906907957787877
0.3948965867074672,3.7306843423096168
0.3660625886704567,4.139900131999556
0.35398542439996056,4.302526504671752
0.4385319434389071,3.2793420270770883
0.3519175880071171,4.451062479309809
0.33536521286696264,4.541625285517432
0.37819657837558085,3.963202325935751
0.2991123779951196,5.366510614751044
0.37580031494861516,3.9679613987819846
0.39571128387955995,3.754177952645829
0.3563218784560177,4.261952858393323
0.33053696288150713,4.765731096035359
0.3153220726035658,5.041366019564072
0.3666075878213611,4.116733579128461
0.3997736137661341,3.7339213772007342
0.337713565783589,4.685427236560732
0.3353244350443797,4.660873324332941
0.3906884783212356,3.8307355003576977
0.29923277606868964,5.433997895640244
0.3750466150578938,3.95356743201571
0.3501439352862443,4.381910667064312
0.3714351379157004,4.055930404188748
0.32818291961357243,4.853966294181892
0.3558542971223638,4.291037741987848
0.35529378619361995,4.238011575256934
0.4219645261774607,3.4363668204487974
0.3341662982283863,4.644552417613707
0.30859336958535655,5.2347974291394594
0.32492637313431505,4.867019988131558
0.3341355398330791,4.573392893797896
0.28745688384658136,5.771370732099925
0.3401934763465034,4.56960883077218
0.29974601153246905,5.400654111179723
0.35941292031221866,4.266592093451906
0.41901661177791877,3.520833383157332
0.3026988215223381,5.453308080886646
0.39208652994749316,3.731311929361373
0.3591322640076504,4.1410628231657185
0.346592827999596,4.448964299311617
0.3731773832991896,4.015135791893612
0.33803618626657994,4.622330437033183
0.32378867200950145,4.797615038944867
0.31146311160284457,5.163197481820898
0.3630726975881185,4.1557604427010935
0.36479542092910755,4.158983076787573
0.3731820265758355,4.030778242145323
0.3096637249298676,5.1158655006068585
0.349971269637682,4.396860792959212
0.31793639213576425,4.987843187707513
0.36380064208177076,4.20397160361948
0.41377555036076147,3.5786499402621463
0.3537290434256554,4.350816305694328
0.35444357548634586,4.284630530640516
0.28228163469397866,6.004463539722245
0.38058724390376214,3.9554623940635953
0.32896164372098624,4.8259090237511675
0.35070681565174305,4.396707628044625
0.3845233766418456,3.81964704232985
0.34471416129528387,4.422351490212616
0.31972283325731155,5.001489752120914
0.32943380393242994,4.767878734127146
0.4553427595955874,3.1555926359595063
0.3337968067188384,4.685200100220537
0.302929341172694,5.489648209620641
0.340854365448098,4.605822650585583
0.3232415946950462,4.823019287567038
0.34600059132044325,4.41301736860128
0.3546071070920415,4.291526769768209
0.3802853581101743,3.8781735354653937
0.3416417253786105,4.500981898638455
0.34332498443135573,4.534776812509436
0.3272716146602245,4.852513331617569
0.34055785437419706,4.539726961272705
0.2918519181345422,5.698789914571455
0.3522265952288059,4.352959178622162
0.361199947426047,4.202380809143091
0.30946314859467,5.27411038330939
0.3507588040242788,4.51774742537881
0.27402024040078976,6.147341000094599
0.33119022716641033,4.688979319393058
0.34828499651029404,4.426013373666595
0.3873454631626235,3.8840915330891064
0.3239868444578728,4.878919891772677
0.4358783830913307,3.2718293735886834
0.4008634115398895,3.66540233063173
0.42256711265700186,3.4793377022369043
0.43824506585863,3.2612970914503863
0.37000093830778796,4.0717876054151985
0.3545148007842079,4.347158806786193
0.3253284711191431,4.888201745466726
0.30872240025975184,5.209045238626222
0.30987556173863956,5.2144461870052154
0.34049309861018173,4.529115827787916
0.3520655918319936,4.395669393938581
0.28817296516585283,5.669640479450418
0.42336885432871946,3.3960765814085536
0.33891258717458195,4.5553352200556905
0.4135186428366737,3.5287323957800676
0.3456137763898489,4.5368150107553555
0.35085393357658684,4.3466847893941445
0.37129920243151787,4.123745266324253
0.36827500266289415,4.118099400775433
0.3380595783997905,4.6085350225919814
0.34285764406004304,4.534705942456671
0.3527272346176976,4.4396136780209
0.38995202361476244,3.761138000598026
0.3656295047703628,4.129130945935545
0.3602832293425812,4.196854394250538
0.3960538550280261,3.7466423257434127
0.34247381972450675,4.524292109090404
0.29923277606868964,5.433997895640244
0.34911040912108604,4.379947370937442
0.4116301174672512,3.538103466644496
0.39711525356462596,3.7412128481518483
0.3897431475716301,3.787694801114071
0.4185021091270429,3.43442859382083
0.35736918441445814,4.221027506075572
0.34616586193910764,4.453153061767469
0.3143357001405538,5.044534685925936
0.3588361344031243,4.245284869155805
0.40114320647461466,3.6874488448477747
0.27341719389192276,6.21114001295937
0.40228441563950623,3.742799072559739
0.4563179044168607,3.177918411778514
0.3026142466956532,5.367436144968954
0.3394718902431474,4.560988920457739
0.3026071186781979,5.256088812304809
0.2559862363295723,6.787668977970783
0.3683487823715805,4.188865523003672
0.36398897200603963,4.122764164371369
0.35452709694933676,4.2754522078128145
0.37989378406306623,4.000295285814724
0.35075468749933725,4.38788439638747
0.3251909010172558,4.826646934152053
0.4623366246155406,3.0362272638315346
0.32609742713322093,4.820455697669061
0.34536449677848063,4.4313680098038315
0.35246551050697866,4.387117086936575
0.33539672120725283,4.624243203265704
0.3295940415580443,4.675068476051011
0.313308276822437,5.088835781589149
0.42003417097023266,3.4711159343871465
0.37613117677388136,3.9793319728481937
0.36802433173407256,4.124063894418857
0.3465466572247751,4.436533583237581
0.33878006703345404,4.591701979394061
0.37682600548178735,3.997454700519614
0.32766918231256015,4.829171278184515
0.330999661475914,4.650698112064765
0.4350515600191982,3.3008389479815503
0.33266424869403244,4.776504748783949
0.3517204462211533,4.326806993549611
0.3390808586555704,4.621500285075127
0.31296886994054074,5.215992664348677
0.31695725735057184,4.985097811082578
0.3229419640785007,4.896682849570127
0.3181949521974994,4.978078704740137
0.3616959350731991,4.242362874416183
0.4065967794152035,3.5948064174896275
0.3644594273372913,4.140686605963572
0.3675665401948363,4.187280214404008
0.3116131054068814,5.200390742252663
0.3562864422569978,4.274900210511278
0.36300212614024696,4.167996946175899
0.3699659574528685,4.090064157771003
0.33227267699841745,4.662810065688984
0.37455399597948896,4.011445413895939
0.3680410225783936,4.10853537734257
0.3005343757109346,5.475491990865499
0.41729903908422555,3.5608122569036484
0.35273942131612057,4.430450522256759
0.31885515078587867,5.094431133109519
0.34846420199373734,4.472309396290262
0.2834912114260802,5.8653123607352535
0.34709341492856755,4.403129877692907
0.3420126601479988,4.6375279609457705
0.3431985243965558,4.478945839084488
0.2793159963224785,5.993670359934534
0.2786020215411017,5.972793312297273
0.3446808820459961,4.445392867595965
0.28811423320382207,5.809269043946312
0.35930993230178887,4.236572138891337
0.3782714054957235,3.912261210508456
0.33181752436860956,4.786436772097675
0.4253196651898328,3.3955227770491403
0.3349561664220846,4.713194322758404
0.3656724038907394,4.135172779795775
0.3472375305329253,4.4605129921615045
0.33496190403038806,4.700988208228042
0.34300404001262697,4.529342251705842
0.36025474525654494,4.188305514484905
0.3709962144701918,3.999032055585411
0.32631998938580553,4.834798956643558
0.3033836512062001,5.326840041407127
0.33400208302096723,4.7512068244334955
0.37833732805857717,3.946257010220648
0.32740158545367337,4.80660918208626
0.38073822274632907,3.993989279159906
0.29840787047473105,5.531334026281265
0.3536697772454649,4.370432631762666
0.39418481684887585,3.7359925959629128
0.3934550146491313,3.8055758792522116
0.40657418675845125,3.5755605588836636
0.34455467177488563,4.443006932081204
0.3586596385339843,4.277576900241299
0.3658700715285279,4.179804581755668
0.32339046016504464,4.8489361029204465
0.34138056813927564,4.563385511303597
0.3798328565153772,3.905553181523221
0.30422129740345977,5.242701322344707
0.35047748288634933,4.335322065249156
0.32880565168891907,4.782338191743262
0.40956736868334004,3.5753823964395104
0.3811714951972622,3.8910221982683812
0.38852763801915846,3.817078347371184
0.33610751328179356,4.695808222116213
0.3582727971082638,4.229043560489823
0.36259966486672407,4.271836864156744
0.3670297502170628,4.149623289067118
0.3673541359518476,4.230842037728249
0.37997685373196816,3.9708084657476928
0.33455322095572104,4.652015832452826
0.36880315109861805,4.193108684482543
0.362301099227423,4.19969700988586
0.3990997739324742,3.7183364630191607
0.3240360366346441,4.914027571800253
0.3100928724930788,5.213118641225893
0.4278938534015145,3.3792572960985767
0.36553406140252725,4.119294238314946
0.35346948772386017,4.386713543463402
0.4134070713990931,3.5220462352993493
0.35962488799826364,4.200785547801086
0.3199300650854601,5.012612787924423
0.36977236625654836,4.10216262625696
0.36174314554207343,4.140561278325595
0.38107147671622105,3.9598313569084356
0.39029125986125557,3.825144548287278
0.3322060144242973,4.739350049400576
0.30824236910621233,5.312435382536538
0.3496036887920474,4.390852796951612
0.3215937301486641,4.929566975907998
0.305080603694715,5.368058846561894
0.33590905760815204,4.632607836295129
0.33861715873743764,4.555773815733617
0.31401452691737247,5.054372922778315
0.38625504804480354,3.869234911009294
0.3692370202573063,4.09479026330187
0.3424718107671052,4.481965650817041
0.3074013905495028,5.22850675317222
0.33008315518479986,4.794522380848126
0.3541095086932414,4.361252197271198
0.3806157506656957,3.9530056351128877
0.3094073566998395,5.216754109395597
0.34490326448925535,4.452815237462392
0.3904245464331063,3.73841446831864
0.4067020545136028,3.592975248219345
0.4052805320830812,3.6259320809639846
0.396376897776288,3.7425651881802735
0.3367778580862333,4.622088408050941
0.37254147642048896,4.074034875656582
0.3592049658206578,4.236776230915651
0.3604289503972101,4.222040200324476
0.31725083352323535,5.0443022615240185
0.3803998724764226,3.9176149372314724
0.41867606035247573,3.4365086450937956
0.3337320995164724,4.708994326090982
0.35941741404733923,4.33642998589829
0.3363837663705771,4.520227774602468
0.4427249647106048,3.233703845320041
0.3544134172995523,4.274972513362846
0.3172771476284913,5.1116116124228235
0.3699426439527775,4.109542086899753
0.4358621362417484,3.371895866016856
0.42653628147940403,3.3873864449458915
0.3724701024691953,4.041963258304637
0.36474220130299007,4.182963866840422
0.38953187121166566,3.837491510716978
0.3270638767482818,4.7548371782982075
0.3387377667654282,4.547001363521834
0.3610571677738138,4.269199487424801
0.3591520639854533,4.209303834308367
0.3260454010640404,4.881490160208896
0.30478653906136455,5.291932369786079
0.3130528616084423,5.17333762919634
0.34278774155107716,4.512715292982911
0.3674996102800985,4.061362848075832
0.36221547891522665,4.214155450628806
0.35600725133639666,4.3506373058771475
0.33294656012129764,4.692019013039669
0.34962287565255235,4.37713699551227
0.3538945800403388,4.409919803337168
0.42092174411158584,3.5055655730132367
0.37652302206988536,4.047855459550573
0.3243820055612788,4.7691608994149
0.35741143318812324,4.257817139900124
0.3498549000125647,4.425589319469363
0.3544944907957287,4.3200348510047215
0.323577795571734,4.9200536134278465
0.35990977675475067,4.202321001876005
0.4074429972379191,3.6182090315465727
0.34317829283815715,4.499080039457904
0.4179403822052913,3.504642256050816
0.3445216513952895,4.515743956076408
0.3466126210535453,4.422378942777115
0.36083540546546017,4.269434445825798
0.40597666678468086,3.6399196250800094
0.3561000388299036,4.295761539816955
0.3505712544648021,4.3108293866902105
0.42943832325786585,3.3492978915609544
0.37672853158984093,3.967000143923368
0.3315559856829904,4.738933956945469
0.3139168084398143,5.021623805643568
0.39287029771465565,3.7562275091599684
0.3672490044902935,4.082946941611164
0.380292979102527,3.9771156344451217
0.3423818525796537,4.542366769838203
0.34158301511547584,4.507935318522978
0.38677713385317813,3.8610924168827414
0.34654461009141935,4.43993944435376
0.36315537899151895,4.233426669505192
0.3185119639431364,5.0247079731033395
0.4096789596891673,3.5798492323405497
0.31720950442239915,5.044005536496825
0.43221764284053116,3.317546245149436
0.3547161781321974,4.310547043115422
0.3768898373301386,4.043935184205129
0.384869915300668,3.813093814307524
0.35429930225015216,4.273122814856635
0.33817118956955894,4.6350309287488605
0.3434224918369043,4.430209884938153
0.3535598025939944,4.331499679305698
0.4050932785528991,3.687189787804199
0.38874576962388174,3.797931142986654
0.3477721533459823,4.456504474278833
0.3128808478220837,5.092173554246911
0.3343019753794446,4.653169257521178
0.3741410710206108,3.989630265452539
0.3312492110533282,4.747595473003256
0.41920035144997886,3.478209960568049
0.3426577640707517,4.5560522793456135
0.32124732430645614,4.990978222856547
0.31847983032564214,5.0194603234986666
0.4026476380491687,3.6770180086408337
0.3056603603960635,5.2340355143342405
0.4432544538978033,3.2348683683451034
0.34507416580874595,4.430656054600251
0.31871011396307003,4.981318088381368
0.31657536355212734,4.977483346790557
0.359115708753779,4.204624267425498
0.38473965333026655,3.9186238307963115
0.2849611354206675,5.9260089675881495
0.3699432933542724,4.076891133278735
0.33898331051634845,4.57990529260141
0.3349155343521948,4.608155101765098
0.3541976515195751,4.315976351530434
0.3479222950080847,4.425520519410489
0.2877177780689689,5.745229022028053
0.3393241495419391,4.54278311503953
0.34138056813927564,4.563385511303597
0.30786722464807603,5.261523199332396
0.28183497436798544,5.873675933711544
0.3541952915929347,4.3140780435446535
0.3847610468759315,3.882590866186915
0.40067752054658445,3.6674629179663207
0.34757119049797225,4.4058493712795785
0.3241247817521328,4.8790974201691935
0.36627119838157035,4.110891354231899
0.35596242661145777,4.357345683388188
0.32199276444263103,4.8757203712959845
0.32926710717774177,4.825749132923635
0.3663749992647637,4.148069718693015
0.33004260634881977,4.6907520989778755
0.2598317717311531,6.680661995821507
0.28381751791466403,5.725768544288871
0.43189330290613137,3.368669819804039
0.3254821724874115,4.856352665910735
0.33565093110261085,4.724825150646778
0.35076183283145235,4.315094280483646
0.324787547378084,4.8144838353354125
0.3233283175764173,4.929644074670456
0.3680063526810313,4.056644448386053
0.3626319043544156,4.213382269568987
0.3345964096246514,4.766874079854923
0.3621998302064325,4.188348540456545
0.3187305999261256,5.064363678109998
0.33051446642762117,4.749597170433386
0.31423475745671225,5.0858423992386
0.3744034118966456,4.0132117427740015
0.31054675277594834,5.16814450113943
0.35748041122468216,4.250053373472989
0.40307277157794313,3.6462959646112005
0.42938724901623293,3.374218328413139
0.39992965061058267,3.716284841050436
0.3136197604821629,5.107522493455714
0.37631148838778083,3.969407478126097
0.3562835271453384,4.297253903308636
0.3475382098131819,4.449800267975464
0.3840862957433352,3.950350406219169
0.37454512353934366,4.027470517892385
0.35554504762407224,4.2517657456143
0.3391549359102117,4.502963377781936
0.3294065367072945,4.753188840709142
0.3537753570662715,4.311330284996548
0.3696905622359921,4.06594491890851
0.3639304359022544,4.146519518636393
0.35833355097037545,4.258746724404295
0.341175594752114,4.609901410488778
0.35183274176847157,4.3870260650053305
0.3914264791421652,3.792931515709091
0.3826895453825105,3.989513893619407
0.379804514514721,3.9357878011029834
0.4171517260502498,3.4928372996308243
0.4191000250492421,3.5032450979568037
0.39014136359028384,3.7619070270756536
0.3714324393241492,4.064879982011246
0.3600280629516401,4.310192892513748
0.35262894593086375,4.351517283756486
0.3585461584416192,4.310731636792093
0.3086078347006361,5.225045606429877
0.37417769115901534,4.04505038641315
0.3462222253118838,4.501236783655371
0.3789182539516299,3.951573517321047
0.33747513067778556,4.582947469071222
0.37698889567399696,3.9585951633597243
0.30789243994424637,5.303061433086436
0.37327267381477774,4.0439254840374925
0.3500396920781467,4.3896988784144275
0.39607535752595413,3.742648552394827
0.34317829283815715,4.499080039457904
0.329911674391843,4.661263351190864
0.37390382476883116,4.003866557794958
0.32065440628194,4.9353213129559705
0.3559585010329713,4.324024767628424
0.39871160354315494,3.7250367206726733
0.2815953947360356,5.985008043661092
0.3601258939330052,4.28344570477666
0.3318616784480155,4.684364597931557
0.35599978456497805,4.274723580292035
0.34882509920983773,4.435540981758749
0.33742342783173773,4.704521687789227
0.3509773773227629,4.450334636710532
0.4247160070512377,3.3833090913658097
0.3662419502572625,4.115675076156291
0.42744732670322866,3.384011721042604
0.3945997235280785,3.744746458497693
0.36180277290857477,4.138128072196473
0.3645627095683399,4.190625802314764
0.40926239029824835,3.571452544740105
0.411028726435575,3.554472269573518
0.3467161062656202,4.49616177528736
0.375293310878994,3.9806805612537657
0.35358340743891453,4.391325145245924
0.371473145422587,4.078074581735515
0.36151902306524525,4.225294949497067
0.29185017546168596,5.585856276836676
0.379956722696248,3.943799292154396
0.336123115031973,4.638322721797169
0.3315021282505385,4.758468511417263
0.3624346078455213,4.161194467871191
0.3067944735143096,5.255569229421121
0.3362715258596901,4.620837595993794
0.32358075204896874,4.938026050301541
0.37036177150274485,4.105753804421358
0.35178874181304914,4.272925780980427
0.40905113214178535,3.5677051322360316
0.4259905250392517,3.3980978606492505
0.3583057340384235,4.28571197067018
0.3827225072204753,3.902602020390786
0.35127729701860283,4.359693664813549
0.321348986887341,4.994091290210781
0.35457672988776234,4.306170985147927
0.3438637524867691,4.4910569296838885
0.38572114070161906,3.82067223885994
0.3526574492903109,4.3798907235351825
0.34794280511459996,4.402058259341428
0.3181963962640576,4.896076978330927
0.34917442086205275,4.376064440496488
0.356955609509798,4.198599489146744
0.3273293114417807,4.878510635744718
0.38988248209795995,3.846550898219242
0.3972490882017502,3.7402240152016955
0.3304950346152351,4.748498848804321
0.33023099693580255,4.635856818567547
0.3220557797388123,4.936121396323572
0.3590724236148294,4.254184511522854
0.32241941947211283,4.945814640400925
0.369089887787776,4.0243284911692925
0.35585376099579463,4.305484363000793
0.3627192014288645,4.208102736697929
0.3942955692194252,3.764567579567402
0.31896718623146925,4.99912634815171
0.39866527138773544,3.6651581106389752
0.37741629389406134,3.9628994481501367
0.3300232641752572,4.728760988917169
0.32285592106715083,4.915131035070355
0.32675064607081383,4.843904341991507
0.3119409033207764,5.1250979181862535
0.34984288298705646,4.430798941164268
0.3267446595968281,4.845799548153844
0.38299345443393346,3.8801279285340278
0.36183589043200226,4.182710488450558
0.37957028802325643,3.9491395511635914
0.3424143443988394,4.548355904453655
0.3742761676084486,4.070157333400102
0.3355453044068253,4.701231206573443
0.3760917212158958,3.952371218122426
0.36119477534189265,4.2118072270816045
0.359537489650693,4.332534007165316
0.32222166562960797,4.907233729734847
0.3158960683083698,5.1277833969114655
0.427629029643384,3.353506609803246
0.3644210669415073,4.250776870656022
0.34749198678940507,4.457039885509662
0.33775811780431,4.673777533115387
0.3628676096546327,4.192763907682049
0.33684068820658103,4.6290915643348916
0.37153335498050294,4.037576905479593
0.3457459342384117,4.478678376264335
0.35641073709794135,4.28060433894713
0.3624565581601648,4.226627613013361
0.2970594269164923,5.622746409837142
0.38149265468915344,3.892939316436803
0.3020980172337148,5.375306797581295
0.3892066802150722,3.812534376853162
0.35441732538337356,4.343211273765218
0.32334215342143,4.808930819201947
0.3498733850106237,4.402607491412209
0.36791694856414325,4.155000983332506
0.33277335537049657,4.678150660813838
0.3794789497289151,3.973933234520217
0.4341222935630087,3.2718019372390335
0.34647993060300264,4.4234524442790235
0.39002500923190664,3.8284782446271164
0.2958314278804527,5.56490385546435
0.34206749979524775,4.552154397424426
0.3705408202905571,4.093362432550488
0.4081841292331621,3.6118500554727944
0.2988525701488268,5.375049168354566
0.3900518489723323,3.774062252862836
0.3629080423443328,4.1844021406855525
0.34684110916378713,4.511166179905533
0.35135059511523664,4.395592113555961
0.36668241451935213,4.120338545118484
0.41772140944938985,3.5297772017957376
0.36607767116894285,4.140708320339085
0.30717920316583885,5.158190440628387
0.40859804101693653,3.609492264849995
0.3496036887920474,4.390852796951612
0.34955750737350205,4.467735332056262
0.31241260353534667,5.09845347136126
0.39476893647928085,3.745330350721426
0.307682674270492,5.152820429724357
0.3604195890482038,4.245666907552624
0.3000670577803329,5.501115566772222
0.2972789016403434,5.439673364583484
0.3685217718290418,4.092830966974522
0.37434817043186686,4.051236264902029
0.35715373598128675,4.259619435040319
0.31415182186281765,5.042513497289935
0.30849622224225515,5.228798865850275
0.37440094315677197,4.0037272854149855
0.34100505978587714,4.468138840842492
0.3279035182243393,4.840305574095883
0.3164852400936842,4.94320631637585
0.340165998947782,4.585896986433643
0.35036067147865024,4.353822556087772
0.3684672785933646,4.07466248145415
0.36264452817349124,4.149664965246264
0.3598183284602638,4.210726632954578
0.3526698364803664,4.415742329169327
0.3198575714700802,4.940622729035509
0.2712237846354649,6.286859796922621
0.3247215509038919,4.890508673896071
0.3762958729776904,4.021190697385779
0.3034805146109799,5.345279025397729
0.3932710393216384,3.7868636413873085
0.28312757819271533,5.8971485931532435
0.30109886237834993,5.364145589560589
0.30806294516375865,5.177256223335373
0.35482849367269587,4.352797657630422
0.33726512408028086,4.676689687210915
0.38914926369741365,3.841120043116325
0.3446677450489918,4.47873919803265
0.365647938325471,4.1270332516244
0.32759191105668306,4.841570543641562
0.3511407475005216,4.392432574218935
0.38068865163832666,3.92807485421091
0.38343663349014795,3.945137150383048
0.390668990908224,3.750165862738682
0.3338180524893829,4.557075867752875
0.4068568474319678,3.636361158895073
0.34421564117718073,4.5224752588442305
0.4438191515235738,3.187570083505204
0.39196196475467643,3.761238914697935
0.37175782424332887,4.068485300713648
0.38707648074803996,3.8312013153652793
0.35775289970658947,4.24855717106808
0.3633046190618232,4.246401758988377
0.33560165001728365,4.621228815020943
0.34948795697995005,4.37386131851614
0.3675846179858271,4.089290352908714
0.3467888516406639,4.536186984244688
0.35087969413994646,4.355225862700143
0.3868890908356844,3.85852403457001
0.381194511421191,3.9623391174570934
0.3571088731241861,4.241178844345168
0.36594943239797073,4.21266039561496
0.3184539711635729,4.927513332606796
0.3564175883881941,4.308811999316303
0.26493628420179793,6.455613402829951
0.36981343576580117,4.073417110617523
0.38913129224706416,3.823588578145353
0.31296368883467335,5.219050568382289
0.39538042538810586,3.756066754181789
0.3816839369686781,3.8504483073142097
0.3637424311155202,4.093457170940912
0.32292035659910767,4.939569883179054
0.3161653411707184,5.016648243177552
0.33073485138165115,4.690026338347748
0.3879059562489138,3.811813138129255
0.3319849368573785,4.681455499118822
0.37641601325981766,4.02312035277582
0.33090478813862867,4.652836340526426
0.3201028269637709,5.042271806600721
0.3104054509513582,5.193482649730032
0.3089490198581134,5.202430392907241
0.3910445085055434,3.782170388457297
0.3609659138853412,4.2082225541618445
0.35966980906070345,4.27687675007798
0.34264409410903407,4.585396738035639
0.36821713190945515,4.091210319761239
0.3171914009089815,5.0268704618585085
0.3446308718366289,4.520921844568855
0.33569004465288066,4.6177004787496
0.3468558305909131,4.411061877983848
0.3519756520463988,4.305876979943282
0.2896811303772213,5.7181536889749065
0.37022977390447676,4.141076518952022
0.35530576183857115,4.312870996937301
0.35217695766403045,4.386143467361036
0.3401327638219033,4.529607292849297
0.38493318121630676,3.8964090050907685
0.36585772788375515,4.143719551302106
0.3634141234323704,4.1339991152490985
0.4241475362644982,3.4124623125805362
0.3492669477593492,4.43963475479128
0.35875591831446685,4.207405472890929
0.3513832820440542,4.3777396421085575
0.30898691448387583,5.223723425890725
0.39223760304669353,3.7275591479751844
0.35995319575592766,4.226316724004446
0.32120773910405537,4.816850674572938
0.4120455324861874,3.5009516848398023
0.4533221893905872,3.2212220720690574
0.35987849789301923,4.228927495576246
0.32990530564077747,4.780794747961721
0.36639405857449664,4.142436813624884
0.3627192014288645,4.208102736697929
0.3468508521546447,4.461491817595319
0.3208495178873867,5.104873481307246
0.4019368904655185,3.7278791819534383
0.3181110648195571,5.008587095277156
0.38890613990658024,3.777455771827555
0.29992099515240184,5.425382628154138
0.38048686537186904,3.9142972528059876
0.3334983443577242,4.647169648308274
0.3336537121914113,4.74207073017545
0.3618933007545806,4.237582534782943
0.3584816943708033,4.285978321966389
0.3371309981017075,4.751624909710016
0.3266843821289961,4.817386490673497
0.3695660545762663,4.03352481786636
0.3725371418104871,4.030872477771468
0.4365361863611224,3.2780727023946774
0.3472616728535596,4.467361511979971
0.3788599009668929,4.004123025230417
0.3430047357486266,4.579815380831144
0.3415286136049589,4.5708252821930575
0.36511779337050304,4.096561268307329
0.3603173832164774,4.20207622500613
0.35641073709794135,4.28060433894713
0.33758806377977035,4.619836239925325
0.33931029742202345,4.499416106535329
0.32905430151956655,4.667490039071848
0.35730407160349015,4.320706384284144
0.3871512046303429,3.8392577721995407
0.3827070221576047,3.8941364011324686
0.33429162107206634,4.676372209247444
0.385934614273985,3.8883544575642737
0.3996612459444185,3.7444242883001513
0.3350008118923048,4.765290579075759
0.3713717425462782,4.017621373750533
0.3026260793507354,5.247496732311234
0.43442912519632765,3.3588154576747487
0.32934977628013906,4.723446150911854
0.3356889037505128,4.741693043851558
0.372499807300267,4.031328350594698
0.3265759786274654,4.821251074984656
0.30535229626491434,5.316296603203986
0.32091666918755274,4.917537902102935
0.3409110729390127,4.531770769785224
0.3530709281935138,4.308743825223543
0.3504409997558455,4.454523251089693
0.33074272002271843,4.735399270743079
0.29292971714730454,5.416633779568571
0.38066104781273985,3.922004456739092
0.35496743282310594,4.401992368277471
0.3526106003728216,4.35132770577183
0.36607767116894285,4.140708320339085
0.3458786227873817,4.456929961293953
0.31661533594238983,5.045508775892728
0.3711319134992794,3.997883693085009
0.35049877593299983,4.420037311547515
0.3535660865298938,4.327463410321878
0.4022320909944237,3.6509438300210144
0.3459781847339743,4.5545704530200295
0.31835468382965837,4.940028111783646
0.3431777206203128,4.522750006122113
0.3444264172324954,4.46321619143512
0.3720123592812778,4.04555240537107
0.33632655898933983,4.627619758248941
0.38951713950084926,3.72378303343256
0.32745264184437506,4.8108685984928465
0.4659436683531954,3.0504396540622003
0.4131186123544073,3.490964518207834
0.3157889835486729,5.057996586893847
0.31109082686696704,5.134235846802917
0.3702837200788426,4.014208908312436
0.3596910666112261,4.244777977653101
0.3633680840360365,4.173623932412138
0.31975685126551834,4.927054372429442
0.3492181587871984,4.375490509492775
0.3356422914723357,4.714418572541772
0.35687076945050866,4.381660933963801
0.3056603603960635,5.2340355143342405
0.3611984070962817,4.2020525428575946
0.3919253060139186,3.787317911511983
0.347527330032102,4.460223445683799
0.33401754788175186,4.597196373011744
0.39625087301385015,3.754503358928018
0.35913900910237884,4.27415820475033
0.3114164093049119,5.139171710120336
0.3739167315387943,4.040376451617315
0.3956777492547742,3.8037808219043483
0.35382322898599683,4.346540334822548
0.3672639010468429,4.193288491832549
0.31184568998127404,5.023124303153966
0.3775003841866473,4.038963034635509
0.41538871892120677,3.5269020812125103
0.32201738170990285,4.883224498252214
0.31226741158242594,5.061644441749788
0.36418503870913604,4.120859693384894
0.3822387338887645,3.997710075340853
0.33620811750126134,4.584282892353043
0.3542412576671727,4.380194049254379
0.33604548387215627,4.585121458123417
0.33650768635661005,4.619347389257271
0.37716045774449203,3.9703019315883794
0.38053168570105117,4.031318439182785
0.3986415117779787,3.6938642293947885
0.37985823980838,3.9645276125204
0.28831425506982183,5.767365503119562
0.3560949818247394,4.313840958163974
0.37330042429985505,4.039695907419961
0.265115279756615,6.601682797839221
0.39855676379329463,3.598750168927364
0.33178789724624924,4.739765302173528
0.3636861604745553,4.211846553384096
0.3175426711032627,5.1159538739069115
0.3245022086622345,4.799906413231992
0.4063633149001666,3.6063774957663304
0.32837233247090414,4.766444889906321
0.3733392673372435,4.084168887967225
0.3453500949169225,4.448095110611951
0.37829764575076336,3.96758181372899
0.36389612097258023,4.12282392902124
0.3619697129525616,4.21272121399329
0.35445309970609895,4.423648814527287
0.38461621502564614,3.9175822146852646
0.3782691380982067,3.899073575813817
0.35527121637966164,4.3819686533325175
0.3710688794889578,4.099942326466035
0.3104054509513582,5.193482649730032
0.355391915057946,4.303536731495152
0.29995437937761316,5.397982772125232
0.3422451190658842,4.563961850881784
0.41582828781558834,3.5150778326624317
0.3712300812401773,4.039266106423854
0.32310418533172885,4.978875260957963
0.3397761363097418,4.553672326988976
0.3433104151808244,4.484473926390983
0.32273149341456164,4.909830168147552
0.3619697129525616,4.21272121399329
0.3419214013182522,4.482788599675144
0.37559623080393345,3.9548185269168608
0.3608252847426333,4.253804010162302
0.32965589813861795,4.807926025516617
0.33760688391861393,4.6563708227222
0.3136505997573107,5.0764979037646905
0.2985664293383019,5.408540038951226
0.38532143620067016,3.856981067402424
0.3221407956160646,4.907033996759258
0.3542638353953529,4.341072639220626
0.3494275447350858,4.426766667870661
0.3997859694150083,3.6821219012719735
0.37026116991288177,4.070215386867289
0.3618198987075837,4.231773362783228
0.3114574652323042,5.165593454665772
0.3394586417302097,4.532455116981854
0.322704661830491,4.856588553502205
0.3326424514456494,4.685893050115532
0.39678609338600324,3.773437061939909
0.3220557797388123,4.936121396323572
0.2792245167802915,5.941710270996952
0.357839132492377,4.290625267960503
0.42125163882909594,3.4144326647684404
0.3838752440199634,3.9083343777853683
0.34502142952949966,4.4585265533260845
0.3357847106670479,4.617508416647577
0.41396109156513283,3.513967033412285
0.3575911265224686,4.327407733245644
0.3844726506447349,3.906840666681576
0.39616977399576536,3.7293005154658077
0.3660145645908772,4.112244776143335
0.317429524188652,4.983574293461616
0.3044720601264653,5.390467570454516
0.2983306608063302,5.377591072903438
0.41297195986960755,3.4999384280088095
0.34968776374696825,4.369443985307497
0.3503040605619224,4.427984134746648
0.33227808576229534,4.7485645547590165
0.37577115420353935,3.962335816583
0.3653785005641383,4.118648818817932
0.31748829560228337,5.071419012918091
0.34329444925245733,4.526687356857049
0.32657175454621845,4.848447206389936
0.3349999227309304,4.70561085410897
0.3591322640076504,4.1410628231657185
0.3435061619266184,4.487787961283438
0.4087760809897503,3.616758194736864
0.3550375667557104,4.239107343514185
0.3382492769971097,4.645623082430825
0.2995499139073845,5.378797900489003
0.3373803760190607,4.65048845580491
0.3745522264660964,3.996409435376205
0.3758793789449354,3.988460628314941
0.36126097277295394,4.161714511852621
0.3933507090919079,3.740873728576302
0.37258664416429604,4.092950098627918
0.38626426123147745,3.8203790552638197
0.3734763452621189,4.0308923991991765
0.38384223574795434,3.8487296592128617
0.35123611344551914,4.3637634741479925
0.43687852360088875,3.377239362456008
0.3003624380844725,5.322846312033383
0.3988093207808824,3.7254726662987387
0.29606154646406074,5.496191498975572
0.3182260547158433,4.933535365452887
0.3635240893224235,4.105885071323387
0.3072388059144785,5.19426430327821
0.33741805685668325,4.624713628706261
0.3254887682290178,4.773398662216578
0.2918501942994778,5.471147297638104
0.3426776238503294,4.504612994924279
0.33442962233418994,4.693524242033661
0.38777915852110756,3.825204887443062
0.3076175698627992,5.237566301525679
0.3657581014893843,4.157344092611795
0.4214890832965231,3.47115150457143
0.32581646729855684,4.866335494137729
0.38848444681333333,3.8148191524360486
0.4089983131812449,3.584380217603705
0.3756644653805084,4.095890067494037
0.39612135541110494,3.7265606803207194
0.355161971607936,4.270664552971816
0.3646282366990432,4.180765068200778
0.37033958188411126,4.040840072294793
0.36492706115269924,4.1574719725280485
0.37425488814386276,4.024951341726124
0.3516444609126236,4.385531642409423
0.3420560807671917,4.545221499442552
0.3706283767179959,4.077842097426622
0.3568925514771807,4.221396782759181
0.3594685726702928,4.223346894139065
0.36631563208557044,4.122498937858357
0.3433915116995104,4.540280378344878
0.3822470317544237,3.8683111172478073
0.3628302625428951,4.169476331211824
0.2899046760239155,5.602850427590263
0.3552060184300345,4.333665826881761
0.42108950674063816,3.490224336398033
0.35985773581691316,4.29534391691192
0.3227914435400767,4.903725567596925
0.3691885318213536,4.137462325408006
0.3307798273533138,4.76356266300245
0.38629223066529955,3.8339301696638888
0.32547691494453856,4.878724226096279
0.2793810610476534,5.996769922490967
0.37327325276767054,4.05937807043374
0.29964794793006555,5.377571874336754
0.3406534491830696,4.641772265473851
0.3875588218616698,3.8849179571937387
0.36709599194434606,4.13324039760948
0.3951827802520549,3.781562843081869
0.35674156064195955,4.229158491603838
0.33951296511957485,4.590406134504903
0.3770126966512214,3.9817305676726935
0.3521305452221801,4.327122648828722
0.31102561675854035,5.238879793012654
0.34942071566881994,4.423131514113008
0.34944670224430985,4.367257105967115
0.3329062359220729,4.681398683524099
0.35455605719734384,4.337593420953525
0.36511615028042843,4.167959679661206
0.3510341621364865,4.3639711465865325
0.3132522105769193,5.084002776798673
0.38288733077755155,3.9642354990071906
0.35955454860388436,4.225921849353687
0.31871011396307003,4.981318088381368
0.35580240515079303,4.316092844135629
0.3771729538539879,3.9751235387510153
0.32991343640160875,4.752135877410947
0.3618278583342819,4.171409492843267
0.38077569999734107,3.9747561004780825
0.34075770920410653,4.599923992236236
0.26930083423417517,6.200691971972596
0.348391423363658,4.347353782836762
0.3141698370779227,5.077170216992821
0.3154920099052327,5.0136843760884755
0.36241747466792346,4.15379638612247
0.33263534461767486,4.721261153212856
0.33550555007052785,4.664958607912942
0.3460034603899602,4.489847673184959
0.39838119718972403,3.70663789671873
0.3734872738460029,4.0152508803922595
0.3475943509839062,4.433221797562434
0.3501162793573859,4.403185820905639
0.3543019777213017,4.2930287299602625
0.3387448716465309,4.6511774722244175
0.3478719916513454,4.416131787695
0.39755521944503447,3.667821663702383
0.39161042700024606,3.800604357310126
0.3993765120771607,3.7538508993519852
0.34862814975011147,4.388353614839363
0.3241977394575621,4.85497370622611
0.40660499636139136,3.631461285243558
0.31665615997377705,5.102767414059223
0.34370133350924575,4.47104605873918
0.4076003237153171,3.5613534142343513
0.3546941921173278,4.353447423426346
0.33125733839463073,4.731746752028693
0.30794079121147816,5.235579102799973
0.3970996399997871,3.717032602281961
0.3522543425727862,4.345384516463554
0.4008904001624217,3.6781144955520007
0.33624354284546876,4.526278155768798
0.401335324211914,3.628757695928871
0.32998027727052526,4.8250810239673365
0.3315022998944699,4.817183130484498
0.3591771533800653,4.324496650059962
0.41920322294995044,3.4636367722617485
0.3545393381639036,4.243356803465939
0.401069218539392,3.6871817536212634
0.3828532855190351,3.9173801147337137
0.3520599250892952,4.360167185504785
0.4082364237689451,3.563808593013343
0.4188717816330529,3.4680702773201317
0.359463511780663,4.299734241160606
0.3303369980020514,4.720807523929416
0.31266724431818305,5.12311692993514
0.31728993379309706,5.018421912570086
0.4563179044168607,3.177918411778514
0.38595957928860897,3.920086758948406
0.44287153775533705,3.2115366113830555
0.40199259054350506,3.6936240265750473
0.3197485704044112,4.999582295343176
0.3350585115746164,4.683033781787434
0.31448467455497314,5.065113903239387
0.36250098863700164,4.178971400760118
0.3744785179500877,4.019628018765937
0.3776669223720111,3.9254879055877514
0.34769523921419176,4.395673191147849
0.33186060928191785,4.75715202895803
0.345067494781288,4.408090904588358
0.33777447066054106,4.630563597618097
0.38322863219500036,3.919117655851807
0.3642858119600285,4.1965969925415125
0.35016283930867603,4.346806401653336
0.34473548336431564,4.479658657251112
0.34323855210244236,4.505487098431453
0.35391292564537874,4.308186435116083
0.37393896297987184,4.042376139902503
0.3416247987097675,4.641595946605247
0.3371788540281225,4.571594979871664
0.4028132968732434,3.6331387838210976
0.35803935745084203,4.238459121316372
0.3912282636197655,3.8018783698050513
0.3231831613457705,4.9019011094804785
0.3402420157793065,4.568455533565197
0.36836542712825776,3.998524982187855
0.33736610003520184,4.555539181712996
0.3054558754129268,5.343574414132222
0.39208652994749316,3.731311929361373
0.3361587539711547,4.517775003548778
0.3378447838574945,4.69289080554334
0.381848252307617,3.9672696569244934
0.35303617710583324,4.400909877461645
0.305917598948774,5.114767560249117
0.3835570621843329,3.9325734603858393
0.4583075921939417,3.1135014456328434
0.25328376076491094,6.974812569197368
0.35262723388888595,4.367786681450561
0.35313432366530273,4.384717303579628
0.36532387860574367,4.18680819430072
0.33550555007052785,4.664958607912942
0.3848141221418538,3.908448707804331
0.4015114613724974,3.679091960087394
0.3660223347550831,4.079088098639421
0.4019975800183189,3.6550175462436534
0.4052934648857192,3.6530558752471887
0.36548706686596216,4.1867173147453345
0.32676774617109433,4.796083708923844
0.37375699361061615,3.979611998370081
0.3326158690567283,4.72080363265238
0.36183954806539714,4.234196613037016
0.3631402155322289,4.158325294512983
0.3808344357585893,3.8681229657588116
0.329213618013955,4.7724411527180965
0.2868030390911238,5.767052872059973
0.3840647495878884,3.8714435295951892
0.313308276822437,5.088835781589149
0.3375704030142934,4.691662312872624
0.33075560174411966,4.77888485737929
0.31337807632510095,5.124805494802063
0.39963187078086576,3.701714170109642
0.31045091941643227,5.159721984436646
0.36275990154641896,4.157292026797667
0.2971204295377341,5.422429523680205
0.35585381837873326,4.254430911657538
0.43128553744926673,3.31761271979149
0.3256140039076604,4.809426945732473
0.2984675130817543,5.449027945691064
0.3585315107423561,4.2420742443568855
0.3419404080730317,4.565825668792997
0.33639795754322643,4.588663667883448
0.30642136113299473,5.204893485752082
0.2958314278804527,5.56490385546435
0.38013065926351364,3.9453307190233744
0.34152406820073844,4.531551762531719
0.32783214977175057,4.74910600865008
0.3496812573968282,4.424902624505988
0.3900940159041599,3.87019982415532
0.3323515937927497,4.736135564781559
0.3329456594501579,4.613536570910738
0.3032532226042429,5.342125163733648
0.3443677534797555,4.472837429497323
0.3318212998767055,4.6735178606178405
0.31743653746603295,4.9976409159924975
0.311266884608859,5.122935114465611
0.37327548602424987,4.038704145997188
0.3256629326462464,4.823704608092479
0.44207894337377973,3.299655646907319
0.3135261781509877,4.9727596733410095
0.3815632609618739,3.8830981500025876
0.39221779673497525,3.8010142620641183
0.35857107110216396,4.244223697400663
0.3357601249249619,4.738995280857689
0.3273016695502491,4.748610872401526
0.3581543647841681,4.1850794199602035
0.29768092709645594,5.423239218855028
0.39099833152137187,3.7793807940146396
0.312500377525767,5.0624787620797225
0.3542651999664306,4.299220324817305
0.4379940470610471,3.341292379163995
0.36511315369285247,4.101184138056458
0.44744679161243206,3.236594518354456
0.38577160036746083,3.911104583296412
0.3388423261030777,4.575645484180407
0.34907638861137213,4.414231728327047
0.3442467678476694,4.464966340839136
0.36368512273649767,4.245123631576542
0.3116921706929262,5.1120114695872205
0.42444952056792185,3.4518096289956035
0.34001931806016916,4.566822930813415
0.3698887461448421,4.05968892797813
0.41252817403225284,3.554133900573417
0.41649402615564896,3.5725998680611246
0.33724554783034555,4.61440788962133
0.3478719916513454,4.416131787695
0.3379344816751919,4.620791318733834
0.42000943179609856,3.4749807140979265
0.3545223713033031,4.288200095133282
0.34523996677686086,4.441320345377269
0.31419196096154994,5.136469249253652
0.34932410981380635,4.33195888057589
0.3207714563726419,4.839906051114246
0.3108705980157004,5.187194605123486
0.3154592411983383,5.038337945723362
0.3463760984308374,4.432103682095089
0.3422451333441016,4.563093655580231
0.3348462468995398,4.576491645866337
0.3461051910489936,4.519608909034868
0.34794663094064393,4.469808488991551
0.35535256496720985,4.263254142367928
0.32609742713322093,4.820455697669061
0.33227684054182927,4.691212159918005
0.34390418711216675,4.557112567155999
0.3434336842459862,4.440714036339341
0.3502717256275666,4.374803412827621
0.3740037610809152,4.10275011883747
0.3749178142920771,3.9291302398768364
0.3603483057329939,4.1464995549364065
0.34545734066827327,4.440900823367779
0.3905323376985932,3.797211174243823
0.3428248972975233,4.568270682616553
0.36796238125744546,4.166812127972169
0.37311608032343313,4.024805157514046
0.3323215307962215,4.686599900712562
0.3345905346970929,4.672582991911289
0.3426776238503294,4.504612994924279
0.3948696121556013,3.766162531293174
0.34732838427417967,4.41492937875476
0.34711615928095246,4.3415675378864735
0.3832642149829607,3.9009433866665337
0.4286594131878443,3.4047882996236334
0.34843404569852865,4.50622873123137
0.36830228554984645,4.103994332431313
0.31474621637523537,5.017804270020138
0.39850986152295925,3.747104547838677
0.40268010911837704,3.6968540036420943
0.305516602313949,5.266193111097212
0.3684761343402519,4.100063917500522
0.3613556124194787,4.278527091646418
0.3584765649895013,4.252526608313957
0.4253231444078899,3.410703038119797
0.3278025383110255,4.825053466583625
0.32105854638281023,4.87419745591656
0.36470763295857206,4.181121217498311
0.4018566198421998,3.6500998620028438
0.3938195985603116,3.773560628984177
0.2729282869245129,6.350013396212164
0.3275162608489362,4.879605557708356
0.3899382720691938,3.776013975234113
0.3610958095081786,4.176251010041278
0.3488944307237394,4.378854464168723
0.42590326445584653,3.3174131379735226
0.40447451028302905,3.7110182773223013
0.3947632880251708,3.775892619599951
0.3368305204985832,4.618538160899518
0.40738688627064706,3.6065795484839724
0.36391425608317424,4.166826336068091
0.3453224864019625,4.453827964542039
0.3243007691965335,4.896317585117826
0.36422015419963466,4.09538407675153
0.3458910473825194,4.430032141192096
0.33338260977133916,4.687204162050396
0.3357174773042404,4.684140110014616
0.34877546131986853,4.417676693409059
0.279065540043592,6.077419422118826
0.317524677763787,5.0186758337310335
0.28948857744792156,5.672466579318928
0.347894576502101,4.430162692968484
0.36781693884413064,4.138587779710215
0.37251565806598896,4.046092920754141
0.3611598850774427,4.231173468334656
0.2994709491624694,5.508128956209308
0.3824290638714891,3.8959767332756963
0.3221270102983016,4.99617851293113
0.35782723809963224,4.302650461696676
0.34528824616466475,4.419573966957295
0.29154950890256887,5.510769352554341
0.37839229744077574,3.9627676839992074
0.36216022890258637,4.200788599449826
0.3324231301871094,4.638858622031036
0.34709500281858696,4.305624317604062
0.35869974989588826,4.223091525658864
0.3309153024052308,4.794073724436143
0.35176332199471594,4.301105983256764
0.35162583022899707,4.386634351096844
0.3509346531761066,4.424486534757367
0.33760104791664625,4.551797657343291
0.3468508521546447,4.461491817595319
0.36665735640169156,4.089310154436088
0.38233726444804106,3.864981946492013
0.38041558243162266,3.978003456775451
0.35394545792259263,4.32554700593755
0.35608626536409216,4.299346630686325
0.2992465969486276,5.372134879675771
0.30928500864578246,5.132945752476773
0.370751447061574,4.09066252172238
0.4121673226546764,3.507985732591624
0.3354906944606505,4.602416887605675
0.38208121721539934,3.9912322279586556
0.3468955592867941,4.4847669859674575
0.3848141221418538,3.908448707804331
0.38405288241544805,3.8948927286797828
0.37548405212133523,4.033182611640846
0.36747469037531855,4.05141694039524
0.3370593340700965,4.58520668289006
0.4014794729788345,3.643727601801952
0.31472269624378924,5.062951649606356
0.3147142908999518,5.112275764068576
0.38404657196520553,3.863293338149065
0.3777787013790031,3.968589856243727
0.34929869747542663,4.412855381521825
0.34814763961877737,4.377230744473331
0.3292041832598709,4.816479755208362
0.36141875740969487,4.2690587778999785
0.3339877072430625,4.774996549111648
0.4201248150460879,3.436324345480189
0.3806118840453009,3.9165080822758513
0.39956423966401466,3.632432156229901
0.377761964249176,3.9617449215242764
0.3394019750344509,4.691563411153905
0.3643568602121645,4.238229001073945
0.3170853095680782,5.035454083579174
0.35323226187954226,4.293682271687453
0.4453140784947023,3.1790972684691625
0.35140759874775507,4.386784146253402
0.32919395505838933,4.86575544859185
0.356730263273335,4.318346819856628
0.3720562045145537,4.048837370419009
0.3065472517680425,5.250329088858854
0.39437234060049936,3.756085126026678
0.38091157738904624,3.9209261755102545
0.3410929531679775,4.633504418556194
0.3652857930348558,4.153383460424499
0.344314986676441,4.444042720329333
0.27425801408156425,6.094554984767572
0.3420812111722076,4.420201135229845
0.35736737916323025,4.269927871716576
0.35872112059550587,4.233041815889796
0.3782070803405929,3.9956300027526352
0.36826645781903844,4.141986767842681
0.33316628900132683,4.637875970933671
0.400062010347655,3.70118240608236
0.36353993101852367,4.175130582151351
0.33006698657144135,4.787419142518578
0.40136420151165053,3.706762580185777
0.3812564378561476,3.9149005886060615
0.31159212350256943,5.020880990205572
0.34750203813779557,4.481710516672816
0.3265164009084248,4.822791839133996
0.3369100027169458,4.716158784624013
0.39068857299988724,3.794056173790021
0.35813483931144385,4.204273642870318
0.38178837138666655,3.972219683290654
0.334242938697089,4.616001759470961
0.29196227261224256,5.589233638653283
0.3569064669127916,4.255626411884656
0.36905768476813294,4.096596599176775
0.36875508434002857,4.08867491961076
0.3790704120563375,3.9677123797786
0.36496013165329755,4.147910837517896
0.36507889959634543,4.175578774427938
0.39508806193010043,3.700983164137072
0.3909147913396465,3.8012370741847485
0.3503723742110162,4.328780179449738
0.3678338569462335,4.121232038486518
0.3067993206402525,5.249033720047027
0.29962529237157265,5.513959710512706
0.37023174659762015,3.9889902390662475
0.374779331178612,3.9489641002864753
0.38507581049389034,3.909671277055768
0.2879760413118799,5.713090892381278
0.35068774133073155,4.4375234838941875
0.32276317735968263,4.920095321621859
0.34790923720671274,4.406899886393086
0.3674212515395039,4.1393267888029355
0.3292914795120942,4.775879026381847
0.35947173832076096,4.2675715673204335
0.35706258843386385,4.231690093109575
0.32796540233580285,4.722279882746232
0.3689963049502032,4.071848349697233
0.36719692921568675,4.121892976976905
0.41838549791450214,3.438242721042353
0.3326479145131254,4.69003620132395
0.37708340335735563,4.0409922652121955
0.38070956492440383,3.9227862794131183
0.4094827482238314,3.5590553863900545
0.3394214084902536,4.591603630309711
0.3338416170915808,4.739865910540379
0.3809418427062553,3.8129670702799325
0.30862949411881957,5.250185324555007
0.3546603935317656,4.31623504709213
0.3327920963301998,4.732118866657032
0.36759293858224684,4.148323609016668
0.34515237146602495,4.498024678778308
0.31841792815920344,4.969436576599677
0.35554504762407224,4.2517657456143
0.32708412943971477,4.731076535060765
0.31509248398995227,5.016644807129796
0.4167396049879193,3.5112253678618397
0.3096579779466912,5.19431293688349
0.3748122617540156,4.041128207307043
0.4269854747087676,3.37820322203624
0.3214721831791567,4.9740192536234105
0.36631899726991546,4.161719630318232
0.3722985130860851,4.049238062240569
0.32518894408061727,4.870661701703539
0.3527272346176976,4.4396136780209
0.34436281400581636,4.531414746935889
0.3124796624403088,5.105406309835748
0.3251900480078641,4.878012637203821
0.43475736587031466,3.3073301639015256
0.3381175349754318,4.540172491580965
0.3165932887489834,5.032573747363985
0.38444607491106414,3.896050178292703
0.3110541403482872,5.170426005572194
0.3178717727438562,4.995488523730108
0.4225619947292094,3.4431281350539304
0.3502887627279186,4.451346247327365
0.39187565355173,3.7220453437440644
0.31595626093417234,5.020724824991857
0.42489398186442195,3.446368478448865
0.338842461085738,4.657578870736267
0.36921184844099153,4.1285666991577745
0.36206917656830456,4.191609923613621
0.3644855901745813,4.106875348563287
0.37907751323175237,3.983896865634481
0.41121726061732233,3.5797274623392172
0.3627349516812729,4.250116401343214
0.3590412655171632,4.248270901704973
0.36029363849480517,4.218451844364704
0.29346231143865653,5.735171893965382
0.3728701129065815,4.0252548325141
0.333939201764038,4.709152269795773
0.3067777283805818,5.207560499611884
0.33936592715640257,4.493754659332084
0.36497944178631625,4.192195135952396
0.3603756037568435,4.250639341674908
0.3065717764162983,5.225264324863632
0.34012674774601026,4.555242149696017
0.3931748370280033,3.762752061908236
0.2972073412782649,5.487489998117132
0.34035371103200035,4.501020594196379
0.3916821266915414,3.7760700532560447
0.3266084785895135,4.766209570064875
0.27740620555507645,6.166005419605062
0.4055768117363522,3.6930329465880436
0.3277010624708975,4.722183568154124
0.37033837207837506,4.103737310313663
0.33578854954957316,4.673723920408959
0.34400324622363243,4.49614657068432
0.32150196038625106,4.861527171674865
0.43272792910537183,3.328585952680537
0.3592132436984177,4.26575612707774
0.38176688612271786,3.8798187000699658
0.350647125023001,4.379837436456665
0.3535879143872021,4.340889739885656
0.3864050964801046,3.8020071632837356
0.3261257782160187,4.76407085071708
0.32116425481840444,4.934866199913218
0.32404495201890643,4.867903193341721
0.3213795654648888,4.975311016447511
0.36453395324688653,4.080112815743369
0.3742658366015828,3.993168198127915
0.4076511882418783,3.628738316885793
0.3809809229106545,3.952029366145361
0.3601260335533716,4.202252658762535
0.39922264384702194,3.6957921236248934
0.35709250042214674,4.221891472410698
0.3706628614299099,4.091825520911227
0.3717397251671928,4.007462208085492
0.35227621725089847,4.3589773884814615
0.34380506601322147,4.4887640398126365
0.33045365681020045,4.786097509593797
0.351040774563348,4.419186940924417
0.38160461814406543,3.9266786634481923
0.4145312463737438,3.5690614040445103
0.3856840398252617,3.872906183006692
0.424329266511465,3.400201277839103
0.4036350875533932,3.6601380143109172
0.3867027211668499,3.892598470018779
0.29935053474227075,5.453339246772583
0.285245803680523,5.867726700782735
0.3592424787534617,4.320466885296961
0.36403028056332776,4.136150792263608
0.335766954518202,4.569422437626171
0.3376399550932129,4.551036134996558
0.3300403676932403,4.711405709416946
0.4035212165583991,3.5609284435609085
0.3412683516571682,4.5254289815215
0.38893643253754734,3.8288635076986504
0.3620405882601805,4.226926519664448
0.33119415696383064,4.7953923999818855
0.37973648683729766,3.8725622701034115
0.3683331828096769,4.126336249723929
0.34063336083356754,4.508401082846319
0.4147622250127502,3.5401446262720726
0.35926534829202417,4.170557758765505
0.3024766524804733,5.434651466656516
0.3608781286896689,4.280228458023071
0.3996096815358659,3.665185943493166
0.376244848074692,4.01859254533437
0.34581235777137764,4.406800822309624
0.40118323044105836,3.670881560675214
0.3906314979235061,3.737773779541422
0.3327512015625654,4.755832642983332
0.4008924906245964,3.675053229004453
0.2849945061508621,5.835759960094365
0.3251523207207966,4.884133554108258
0.3375962663871216,4.634750373013471
0.3653481304139413,4.152537938314707
0.331432660318116,4.7240291498222104
0.369659827463739,4.016276191020563
0.3540885875793593,4.340623140708876
0.3710376791706002,4.140998198495514
0.36246896039183507,4.181085164204688
0.36781938150420773,4.0468256750670335
0.3656692562411082,4.130654960629165
0.3083999318813096,5.130607099485292
0.31425889593392375,5.037755522073927
0.3766990606954058,3.9831778283415438
0.35284871153810926,4.324975293357156
0.35984591911429226,4.163496583771794
0.3500055603414655,4.380098799800433
0.3204458371873463,4.937099808072123
0.36570815147168445,4.153923027367923
0.3901864080311366,3.7892202293936457
0.32175420061964066,4.9404775744310925
0.3407774278682786,4.596243415327242
0.35771338558161,4.260594200551978
0.3635538701662891,4.1638976440118185
0.4243729068635472,3.384531421752758
0.38694929223018837,3.867069056523341
0.3755809659731111,3.972902743032201
0.30032177910455793,5.368184074935329
0.3517700329930846,4.3997985202102745
0.38106930535497285,3.9198412469597788
0.28275413995070553,5.763471577982129
0.37012022899653746,4.043806566976788
0.40615672383314166,3.611449358836517
0.3300961173359088,4.729968810822068
0.34374639517567906,4.56182187644719
0.33789109732100386,4.632874323294385
0.3394827533116848,4.602846705770805
0.3963810337530429,3.7372558575315784
0.3192257678130267,4.963990814976577
0.34450441697747625,4.5887175640299365
0.317706706108305,4.911537297148843
0.31512639919931007,5.0683609534215535
0.3360623428237086,4.558937811601213
0.43982547122823284,3.2530671610026562
0.37873097626121854,3.9705335851386985
0.3746566869194799,3.9561189176335945
0.349808181222913,4.32917941654261
0.3858871172942047,3.936953626513595
0.3469188755045161,4.4266895201457155
0.32637079030613403,4.779066368183684
0.312500377525767,5.0624787620797225
0.30859027194993605,5.179579711158247
0.3475243813950454,4.37947949863914
0.3639517096877433,4.156772552545878
0.3910238536591057,3.721294155539874
0.3976261895827939,3.7261177956487064
0.34075770920410653,4.599923992236236
0.331359629463797,4.666295947967604
0.2925995825780725,5.635638187375579
0.35071842936440595,4.386180957311325
0.35775289970658947,4.24855717106808
0.274867075249582,6.159114461934903
0.34769523921419176,4.395673191147849
0.323438189603771,4.843671374183784
0.37676611337911475,3.884259164847055
0.34745459874352125,4.456881670624752
0.40698427929537284,3.6403214570239104
0.3439894256768343,4.486887882949333
0.3375555223080802,4.54922016388046
0.37532109218859594,4.007960987397636
0.36786152937981226,4.048954069078782
0.3819198690121826,3.919456318389089
0.31907187715516155,4.938052046522603
0.37909763644372263,3.9680493377373534
0.332310811721482,4.7129156650213035
0.35633831041424474,4.167976395086294
0.3974522052217363,3.729399139925162
0.3930293154566132,3.7488969253344
0.35527086307710887,4.3129011683628855
0.3912746852778518,3.766939106918371
0.320822051622729,5.0000746790854524
0.37285482454351765,4.036545256036881
0.36601224715119696,4.172542761918644
0.40088636914321807,3.6442729795533713
0.35714456348226964,4.255519225761932
0.33476787206668446,4.637363121321056
0.3580355176968571,4.219922200392013
0.34191296386657977,4.507570636566047
0.3695654749538794,4.140691300431504
0.3832686018492743,3.9257882225214473
0.39895315829673345,3.7202389312713167
0.3827636443244567,3.926538457839112
0.30755386982095834,5.305225593385707
0.3520113021588918,4.338359551924369
0.3440529790352277,4.458688346652043
0.3177352774204749,4.993277394094234
0.3223545983494549,4.807186463905455
0.36716288271787195,4.140257832412802
0.3625557007568879,4.153568470560745
0.3835652621446326,3.9257278686218586
0.3480647347920321,4.39208440518876
0.3238437338690218,4.846538009674125
0.3595018609931632,4.223855979414581
0.2859523242118826,5.828287575477444
0.32347820916998704,4.880796463506551
0.3961342181084797,3.7785705888765606
0.4261935776661836,3.327183548112592
0.3728109742297575,4.029327927841165
0.3531488578976638,4.321152902875195
0.3173136792555014,4.940150397968391
0.34090005305178483,4.56635761808267
0.32230152437400916,4.8473373684636805
0.338285555542011,4.560933384902305
0.3165532418642854,5.039577331525118
0.34926797990299696,4.451855604880715
0.3467178749345912,4.411903034227292
0.3452166043004538,4.417643284703172
0.3358483841531362,4.693680273053757
0.44778197079465615,3.2354113649269016
0.3735235033146311,4.061223860785382
0.31399557884842966,5.147997944572647
0.3380733500472065,4.509399607438414
0.31857224042291604,4.932204952754194
0.38825987244525084,3.914614542367361
0.3197362751120017,5.055962606057202
0.3346747820461031,4.596346227869742
0.3749300960000398,4.026722419921725
0.37276344471941736,4.119789938847617
0.35379535666427697,4.261230373280912
0.3102031706815792,5.0721980975713965
0.414855315326512,3.5101699824103303
0.33635870781354915,4.601545627710445
0.30109886237834993,5.364145589560589
0.338651348299021,4.567502876474239
0.3335279801844031,4.745900827156673
0.35516511391111283,4.31041662289379
0.3241391663104698,4.956760414971732
0.433073983336643,3.3720754110151376
0.3915167954189966,3.762521282366622
0.3230181816121944,4.9901260982931515
0.31119345469698756,5.215962680855403
0.3519623139386019,4.343752379529504
0.40660499636139136,3.631461285243558
0.32394622452041266,4.810744100656667
0.34788316404852426,4.475939250525438
0.3581795746022559,4.240735473036414
0.3361587539711547,4.517775003548778
0.3438293124537083,4.504814639125786
0.3450744314225077,4.466311397273625
0.3378126357198248,4.719110220414141
0.32172013724579374,4.825275419364353
0.32228672512233497,4.826686443847667
0.44166377477305496,3.2398488728454584
0.3464128863710511,4.36623217727306
0.32634238831088225,4.889762066662162
0.3713478333528067,4.101198643101094
0.3512500005210377,4.433777808895075
0.3618154644312914,4.167908123862549
0.31454871086393665,5.120316896996904
0.4465424251986891,3.196386734624237
0.347416080710695,4.487407483905758
0.3614640979207928,4.229130157793092
0.37005115097183244,4.01072800605651
0.34734503601150324,4.488556326283744
0.3151080841963581,5.041651985831022
0.36791694856414325,4.155000983332506
0.3471355431211337,4.530848769400758
0.4006355849085125,3.6986936712656155
0.3148680488935425,5.021164600560777
0.3663924636108315,4.077217638740383
0.35084804246140566,4.339603049814265
0.3730737480502736,4.082921932953361
0.3853234379743134,3.829237463386805
0.35461601052279285,4.381285487540992
0.3696993296775213,4.125284399195425
0.3374786876672826,4.645846488961472
0.3399648632545065,4.58643451559358
0.3532902457294491,4.315736093682289
0.33467599157677397,4.609907531203885
0.436698410998553,3.295271797972708
0.3046147773697479,5.244840975054958
0.33871295765343934,4.596147318012274
0.33122796862109904,4.751542978979849
0.3734763452621189,4.0308923991991765
0.40713242124268056,3.5766992701926177
0.3818669572269309,3.8914271968854592
0.35274387767873383,4.425960488826193
0.37482126209281896,4.0255034407677
0.35097606146275406,4.403872146092949
0.32983553504683794,4.693466753077262
0.3168063886577568,5.0206253728291
0.38025094348627775,4.001381108711151
0.32431586728837514,4.858460651867423
0.36645262199443185,4.15091544933809
0.34497932040533374,4.437448313993552
0.4063466564033751,3.567704616204895
0.3502089811217435,4.51743876571926
0.4285204522615464,3.4156986055941574
0.35651004164307454,4.3153373647915
0.36057689950798244,4.249577570954324
0.3082737461081657,5.153064578753221
0.37907751323175237,3.983896865634481
0.4068609550975933,3.6620846219982774
0.3931627859575647,3.7341880554858036
0.38265310878552533,3.920011894984017
0.354913417736454,4.324845345296165
0.36255588645663106,4.228518152623463
0.37417987144360537,4.02782318820562
0.3170613844506697,4.998600124014985
0.3261354480815539,4.912165916859913
0.30669618997557974,5.253425828436614
0.3566751569545786,4.240566575569817
0.41971315881899895,3.4374667765271245
0.36685652476734987,4.188592589397936
0.35188681994481846,4.396614950421917
0.31041697762207987,5.2210136789327155
0.32373867444636817,4.932565352129798
0.33418564723532074,4.659181790728326
0.3843237394162844,3.861623260991694
0.3542929148061717,4.32458806186006
0.36816471970950915,4.075257820997363
0.32776571859394577,4.7362032363923285
0.3764139481802149,4.035047400108623
0.35140053272018434,4.3457331849641925
0.377684778575013,3.9831101426929885
0.3246657231893832,4.808866201985771
0.35893248648902687,4.235045250252827
0.3583925246502268,4.252254359748593
0.35314698664089467,4.434633430801251
0.2998081586643036,5.394913501254796
0.3300949036825622,4.721427246355068
0.42256711265700186,3.4793377022369043
0.38007843997986535,3.913734131614825
0.3541233402993998,4.286422343670339
0.3410019670989778,4.569769344825222
0.3865397062894575,3.900272959103187
0.38746561912663086,3.9021125697238928
0.3891732974221094,3.8170530900838617
0.36830738903392923,4.096301849141682
0.3785289370252014,3.93290554360994
0.36688394405028874,4.083422143533165
0.28911830883490897,5.578580020387974
0.3037453572469245,5.3667613256283415
0.3825706809508323,3.928294962079062
0.35028314800380483,4.420494416177719
0.3757593817077813,4.037509219384584
0.36342631238193446,4.246845254520498
0.37084773192814535,4.02289597921772
0.35860496462370095,4.211437430134239
0.37498506181714597,3.983906883744681
0.38555217122301105,3.928930095254598
0.33951296511957485,4.590406134504903
0.3080133747845031,5.141656070957177
0.37410344746441515,4.086628476820499
0.407230419464761,3.6143344694127766
0.33904453889543706,4.562132001845754
0.3849593761381482,3.860207448885183
0.3025259999384293,5.358605804037919
0.33836741469986464,4.645906527695057
0.3626852072486122,4.1529374947088975
0.3615294803194157,4.2245188947394485
0.34105272516572627,4.499202758258603
0.36777662407293504,4.154398754305293
0.39717939146899156,3.710844533316493
0.39189999439500134,3.84012568033562
0.3622132924537255,4.203318442099603
0.36235737209534147,4.204911859675413
0.35081821891302367,4.390769383806413
0.37855402180131903,3.958922273842174
0.36880516019627413,4.124971387408738
0.34461569586661345,4.5389551864283835
0.359115708753779,4.204624267425498
0.3853861495148604,3.8281055305964196
0.3520543044894884,4.375654190017986
0.33564964673950926,4.638649257693524
0.37056078667228554,4.034063380768191
0.3510251799972166,4.446822346192726
0.3755473102435513,4.012967409646377
0.3171998132625485,5.051104583865461
0.3942691234038608,3.772095722165187
0.38183299741074306,3.928760878769168
0.4007538104677081,3.726442816932974
0.3209365139727827,4.90985085122172
0.3532593480527522,4.328607437185022
0.3524222888378567,4.368743480049861
0.4035805843084599,3.6386325674318076
0.3338944278983482,4.700345171856699
0.3174857103002068,5.015300793665398
0.34546517018820844,4.50836141518091
0.29962619476654734,5.2682621392478195
0.34293597725206026,4.537996931739024
0.30902595606064087,5.165850110714992
0.33072567794597585,4.780547832994212
0.31905917709043785,5.041366982896665
0.2906735249504676,5.543837125018748
0.3544035188664457,4.263966475358867
0.32154432518338383,4.866432222496983
0.38241202827406495,3.8822566199681012
0.32078834693555835,4.923012009125653
0.40254887548426943,3.690498366208858
0.40188360287220404,3.655137643072909
0.3498719608837808,4.449941211855518
0.3241977394575621,4.85497370622611
0.315243059849724,5.118463310713688
0.36687664178171,4.135325336131099
0.38534991431110066,3.90851846982229
0.3563304757500783,4.317217051039767
0.34464488183740305,4.5426492193864165
0.3426965646918313,4.511210990833911
0.3536737836693531,4.276411922302108
0.4120864980297303,3.556877564383584
0.2950497501708959,5.573640705662958
0.3429212104427045,4.515201503585757
0.36340158742234846,4.192470668710107
0.41843459388841636,3.535939787695364
0.35754589475197096,4.239564058901767
0.34584551198189367,4.557746170008196
0.3330629833730865,4.726218531985235
0.36070549597192947,4.171774549083876
0.33368102157929336,4.6795527070244765
0.35644808108245934,4.322564760399893
0.35679865399903676,4.29487954506324
0.36923351627410594,4.079110432344107
0.29195386653490724,5.632262136933886
0.3193247988140667,4.925902745678047
0.40527644514440936,3.649168430274261
0.38790619832588125,3.808036973885626
0.39011775763353007,3.750572727494124
0.35844498535786273,4.284359286448397
0.3570899655571099,4.2200171186880535
0.3465466572247751,4.436533583237581
0.3650791629658495,4.095182437723593
0.33263259467290784,4.64652273140763
0.3344725101507232,4.596722165355678
0.35744636955644987,4.215665757750237
0.32179116866495383,4.9299322883673184
0.3710718420642082,4.098709156905238
0.382732424184579,3.9286432945940177
0.3974268340024475,3.741416640554873
0.38405383106698576,3.8222433188480465
0.34172739363355514,4.498271246966585
0.35784772632483697,4.301076822288712
0.3310118252049379,4.848572438193583
0.3468424874450313,4.534093364599816
0.32750358597278995,4.903934237035304
0.3393314748232096,4.608039117849554
0.30586775703971897,5.318677902896654
0.3283221492765682,4.847374009790517
0.4319966087542091,3.3241412181450958
0.35235406905271244,4.3255293275005835
0.3401385044549584,4.540206987017573
0.3649068291652176,4.150448706529565
0.3515175383497293,4.329380347171753
0.42240122339319647,3.4280587949292007
0.36495925104112875,4.119125731921495
0.37871875226866064,3.935689096026098
0.3338367233203358,4.766098350739449
0.33213720923340473,4.6223014805339835
0.32324086356730247,4.886606126269039
0.3863065568936708,3.8279419297136372
0.38167444732236144,3.897075060740412
0.3553037534148157,4.3270246451626795
0.4008837470065083,3.7039738050102824
0.3122873174852625,5.128765098751489
0.38393528114167247,3.850451426991604
0.31464483363982554,5.143284193492903
0.36964739642709005,4.140157785296378
0.381537682835652,3.8463651611553136
0.2944059501543414,5.604405857452647
0.3817257813630257,3.9073444769920314
0.3118215700023594,5.111035407460034
0.35167623381676166,4.3312840290141
0.39689842984194257,3.7463069803869327
0.30738476447378504,5.226920117785817
0.32103634324318575,4.907114835151187
0.3432264351828024,4.491731404613702
0.3166819521384705,5.04557525424418
0.387672574773615,3.8173656348952814
0.3252901873544635,4.907616190221125
0.338037898482054,4.554494385228329
0.3633473266077464,4.226309850746808
0.4458848977895675,3.2138581069138046
0.3853710970592803,3.827138653803863
0.38228678745606137,3.9261380709977765
0.39717939146899156,3.710844533316493
0.3558524238643789,4.28328599086909
0.35588053413699877,4.343926940147385
0.4037881933153515,3.728331908289799
0.36467784708798145,4.191661119325709
0.3439773580123623,4.426578142389721
0.39088915863586843,3.7298657170889036
0.3628570696950623,4.217540178063798
0.3708978263138166,4.11189788068682
0.3370957316845882,4.607684331740491
0.33795057999435396,4.566334048177599
0.3578332237525735,4.241454823133894
0.3385206694582048,4.63460173374865
0.3831336781444378,3.9362126878429686
0.367580170868018,4.102736441475185
0.3533681820056934,4.341053157602999
0.3757559919130147,3.9710549655318053
0.3764487637361812,3.915045000867458
0.3994808921144967,3.7689785657779367
0.373476361929006,4.066903369817948
0.3931286151912917,3.782265226838075
0.28942214592796767,5.74198756231883
0.3041850176363363,5.428146598769157
0.3199392199018815,4.927438099242409
0.3823787116203567,3.871853875900365
0.3496699315813885,4.372020968739517
0.4133936438043002,3.536402221749203
0.3397034110080131,4.536820141024819
0.3994946509365436,3.691043573809184
0.29640047711757334,5.536733123271034
0.3046980192266832,5.333033459155613
0.3184539711635729,4.927513332606796
0.3855603576311667,3.8935814774530897
0.3600151615147631,4.255834562118121
0.37983176010239905,3.9284099884176005
0.355161971607936,4.270664552971816
0.3175464582178795,4.978901654001719
0.3598112565296921,4.237942330026059
0.3933507090919079,3.740873728576302
0.38145077716698295,3.9049767274006912
0.3315022998944699,4.817183130484498
0.358311833285015,4.212260063405129
0.39487145878426533,3.753179341399595
0.34323682199290423,4.584307448597961
0.3741832376377315,4.048895201187364
0.31025955664600213,5.166530315313925
0.31556279676993626,4.990075148067507
0.36092268124662163,4.288589959307365
0.3537439129962927,4.328167383227145
0.3725598036816868,4.050392833782447
0.3451957720869755,4.464715364658967
0.3768229679865887,3.9574072166362724
0.27425801408156425,6.094554984767572
0.38069878654835243,3.9146346392164637
0.3834873802295413,3.8481756805299283
0.3483697336687866,4.441128666410216
0.37434264818687923,3.99629644900405
0.37803103275640304,3.950165543059364
0.35418677483272476,4.290209857988785
0.33412161258776407,4.726834770617294
0.35021865360588955,4.334146223238935
0.338859925343114,4.569686778066355
0.34206749979524775,4.552154397424426
0.4072687260573015,3.5492460498023752
0.3771996372842579,3.9611304895346064
0.2992174531105861,5.412953601673568
0.35687255428428644,4.315182274716543
0.3615254390837933,4.166004560591085
0.3601253516551221,4.276418421659196
0.36243000266386755,4.160614555835619
0.350512682649358,4.419839974151514
0.32340952893353875,4.896313525166765
0.3873454631626235,3.8840915330891064
0.3067066363946739,5.246751499773404
0.4041879181534899,3.6551564061105113
0.3097734597390048,5.278500584532148
0.35072465503179695,4.426222708997066
0.380431971128553,3.9233683898547893
0.3994408144416093,3.713590745735634
0.3554592732956445,4.344514289355134
0.35563749880305434,4.3449371064164115
0.3591719943348876,4.232275288660933
0.36126097277295394,4.161714511852621
0.33298072085929986,4.779694703743421
0.3661040180900677,4.182269121111519
0.39826132275185044,3.721063779745984
0.34149809046810664,4.469188199840159
0.4322388276718346,3.3006628563136378
0.35759396131767,4.372464131662891
0.33431386754841774,4.626393866501823
0.32809493974202125,4.882439456556951
0.3268165377357848,4.756031322960071
0.3394284636225877,4.4862320069444355
0.31283190654806564,5.208635533045236
0.3489085852832143,4.414461676791394
0.4432870373018044,3.2770778082116254
0.37741195439577724,3.9527347886768434
0.35536683538677555,4.3573992703629925
0.37230598520686325,4.03341002182011
0.3391370159353269,4.534989150295517
0.3450744314225077,4.466311397273625
0.4215185257354144,3.4488878242947756
0.35142926503921895,4.37369735384876
0.3641581870165489,4.147508964819351
0.3864071310499761,3.919458276891847
0.3341427500850098,4.612384510326441
0.3734708904903138,4.014781544336619
0.4375312687667898,3.3226652987435963
0.3070505082685456,5.2826619761297025
0.399978009495699,3.6940727464752174
0.40296471046001625,3.624084385582998
0.3398873997115192,4.566629780404597
0.29209163894700396,5.64353927687888
0.34583032411787273,4.540310904483823
0.2967358272765199,5.403375472158805
0.32420910508174355,4.920062381087409
0.3427119623082973,4.631123551274842
0.3387122148082234,4.537032489618075
0.340869971358136,4.470260180338146
0.3550349555752713,4.39095116576446
0.3779141516471206,4.011104961652667
0.3122386194347201,5.105117848018148
0.3922619804685276,3.791200461810685
0.36300212614024696,4.167996946175899
0.31732775626818677,5.0152611857407
0.34094410600308633,4.529885189961621
0.3593648237114272,4.3325747156793675
0.35250126224611794,4.404771523581684
0.33536521286696264,4.541625285517432
0.3105842149000482,5.179676430112335
0.3939489125587389,3.7666997644519467
0.370601097103307,4.089254159633812
0.3243961972127217,4.7714820594269325
0.37214146203106574,4.0212655132480775
0.35297527285613023,4.357181902672071
0.4445715708671684,3.245485823616863
0.37139923995439994,4.145180842430708
0.37457941464384054,4.036158749416619
0.3193872644262652,4.995971503092782
0.3336575324347688,4.7091385555628555
0.3709797539031476,4.049843923122516
0.3412558043460643,4.538570000628306
0.37542387668494054,4.024594511824029
0.4223103697542602,3.4347290845979828
0.38500405536082016,3.8890789287757546
0.33219618471635287,4.676615427441255
0.339130894184132,4.5623162062620795
0.40982612597379275,3.515107675664543
0.34771180742758334,4.408417073004391
0.33354669131590536,4.662487555090517
0.33292487824844924,4.683282482986297
0.3412426879636319,4.517594294860232
0.3650195214590124,4.105948310025394
0.34412222036053364,4.5619933521677964
0.3315998771474218,4.699710028064545
0.3299507273710968,4.798231511259956
0.3701708292741035,4.06021716311768
0.3777064085956967,3.922895047382584
0.3605382421537975,4.290348450243427
0.298579016949883,5.466233211607494
0.394429792509171,3.7780824079400905
0.35854336108003104,4.321459093043449
0.36734306404296213,4.104819644770021
0.34339653185071206,4.424401635549785
0.3702328996064602,4.100316823657214
0.35121681836183194,4.39139109097221
0.4022252931510609,3.662392412727794
0.354913417736454,4.324845345296165
0.38498989387397053,3.8734524217859456
0.35114637629464535,4.344429252241786
0.31674425311179644,5.004717390280861
0.37022371192448456,4.0807664830677846
0.32668830576514163,4.797503433215111
0.35591895652797895,4.263418585387175
0.34916909257278395,4.460113887828561
0.3488107948816308,4.466636323618037
0.37955280810725683,3.9401289019440213
0.3151585598249421,4.982656416083281
0.3606719176749514,4.252400122596543
0.37471761267068887,4.090430574245057
0.3379796666476206,4.647711524790751
0.37582078576345446,3.9373761766358704
0.3252719686180614,4.820951130301679
0.34938406002684763,4.447378697677145
0.2907273719015849,5.753229483668145
0.3890269347955085,3.8795078508441154
0.36338348211347454,4.255138539570671
0.35198415510285025,4.356939309907469
0.35632121627714475,4.266480004064232
0.2633127039220893,6.496453998455595
0.3592252051066379,4.32992169730179
0.34254482861041646,4.508584735274746
0.40505596237342656,3.60508050251913
0.38148772920486074,3.9460525491479217
0.30284298868873705,5.367760094066667
0.38745675950850933,3.849884673945683
0.31361742115259533,5.095543704613799
0.3786319218613554,3.9565851127244844
0.40353100116387686,3.6352999744989223
0.3763071897092012,3.977985952109838
0.3547161781321974,4.310547043115422
0.33986544109608363,4.575645825198562
0.3394309279600629,4.567420205677784
0.42332279491397223,3.378783982708301
0.3258826083478848,4.7747326059722806
0.31252760997522855,5.153143447562605
0.357362530662819,4.275811611463666
0.3197398435243414,4.9434699441413565
0.39684789295104167,3.7781342468695986
0.2872218559623896,5.685562347850686
0.4146407503979932,3.5485494957895476
0.35445490650104255,4.269362165103285
0.32404742625696004,4.885861659035548
0.3788473384396037,3.9636475394738766
0.33272269506180074,4.662900399891873
0.28739624086931503,5.722453969375081
0.3635344516474086,4.142792862088585
0.35830888841757724,4.23352239755665
0.40702245655907826,3.615273943284194
0.39138367940655977,3.834925732642429
0.36138436007127817,4.251310991439208
0.3680063526810313,4.056644448386053
0.4047155115840935,3.6059035677260027
0.3598112565296921,4.237942330026059
0.3377552030686029,4.635713806327368
0.3647799974192353,4.21721527365981
0.35341034127494586,4.309840596199649
0.41097976875667663,3.6584229644354482
0.3708538239308218,4.077779147224961
0.3444264172324954,4.46321619143512
0.36345180890551687,4.190063836545516
0.3508419034750236,4.357379595454913
0.38893744760246,3.8207275736679485
0.3494989962692204,4.366102771543943
0.37866339471174737,3.9739078736901337
0.3423559430100307,4.524156304388135
0.3447283606595711,4.522952825683788
0.37975046322237355,3.9980247612086264
0.38689586267171994,3.8927720922829137
0.3588090156165373,4.272329267600999
0.3462949714981608,4.488108759603501
0.3696800340211139,4.035510366803784
0.35482849367269587,4.352797657630422
0.30165955026464125,5.403867640690104
0.3472375305329253,4.4605129921615045
0.35270823863490885,4.306188632476242
0.3699488515970435,4.047771801084225
0.3365739088333184,4.610140247890342
0.34345465809391695,4.483642083481011
0.3448536607469934,4.384767990375806
0.3344634101428917,4.693472595748494
0.33367303709633855,4.730239766573411
0.4246029303593576,3.439086554999303
0.38331042243220353,3.901613414999412
0.3427202776556211,4.491393197130438
0.336107461308078,4.622191548464004
0.3248501292837452,4.8248453466058345
0.33611666961894393,4.603442541519421
0.39040010996853464,3.7659769996171026
0.42774229391349333,3.3810821492027676
0.40584016203957063,3.6118420677265837
0.3513249159236939,4.447595117411366
0.3363702699685776,4.619237843390237
0.34854861768807177,4.431835125493076
0.3024613469406035,5.438577108528446
0.39616977399576536,3.7293005154658077
0.39068878637825766,3.8464315060950685
0.3669572957721866,4.168628808932243
0.3471355431211337,4.530848769400758
0.3994320127697697,3.6840971575590005
0.3545223713033031,4.288200095133282
0.3670735406715381,4.086293457465054
0.37422165433648047,4.06002659008926
0.321226519612292,4.980958948193826
0.3235327402824611,4.834209889275679
0.3696581380951041,4.032185523161969
0.3307473322939405,4.613606606809015
0.3649240937303597,4.119217923092597
0.38596327634766564,3.841552406849372
0.39593126194085115,3.750200564924808
0.3071099324208127,5.2565893347462875
0.360836541071761,4.201930332811301
0.3155985390357352,5.0717502043127185
0.3471477758558864,4.446269178974331
0.3669055402577308,4.134670358669665
0.3196022526983465,4.945773268333092
0.3411843970536095,4.585503644211174
0.3601827828821179,4.24827539362861
0.40604969460843865,3.5838866729110426
0.3289902292889818,4.699483938171325
0.37547072277549826,4.045841528645834
0.37869476312982026,3.9456360720396306
0.343225893398459,4.524088936333444
0.3962444277058388,3.7093580922960383
0.3318456236748255,4.659725595988924
0.3674077863915829,4.151684949144653
0.34558390484378804,4.501224187383406
0.335646029662687,4.638983580267887
0.3344577697053569,4.621746395701249
0.3594468813154054,4.202833070486172
0.39947429028343956,3.7492617390286953
0.3412649652901971,4.491709907897733
0.35792999030805295,4.272979818467938
0.37576370749568394,4.016778657736037
0.364229977502729,4.191655710599042
0.32383558438028326,4.835821438734958
0.28446101703879684,5.930589197756745
0.36221547891522665,4.214155450628806
0.36844701671800695,4.1256740240431995
0.3345524766454125,4.742359299858968
0.346302268293536,4.477514586828615
0.34424840152960456,4.538966126628317
0.3790001448209588,3.939840025830275
0.3304730698039897,4.761559233855687
0.36079086904389945,4.234507185378322
0.3366814189111649,4.695977502439635
0.3736048251824423,3.9921154675401134
0.378665728597809,3.9925019414819864
0.3588599070547802,4.277037231954549
0.35558076288252227,4.30576062106346
0.38639219627277704,3.8542029866090792
0.3185309256667056,4.93758034434675
0.3485615613601385,4.356898081897717
0.3428357043914262,4.464096650732441
0.361285405373672,4.226065535935416
0.36422167692851587,4.180848721469955
0.3652828966244041,4.148795992805729
0.30170626739464707,5.425577060069313
0.31590029796034474,5.004568516189652
0.36484183885954957,4.11791736575413
0.3328644144519658,4.649622988769044
0.3654527208131526,4.2431042209184255
0.32970914807232354,4.794125061738971
0.3882274931303383,3.886998493656099
0.3641566112211025,4.238851444835682
0.328237106804228,4.825384028982796
0.39040010996853464,3.7659769996171026
0.3493420315638115,4.431539219733225
0.3417048194705109,4.613328720280115
0.3763829457231772,3.9457032319021845
0.3902902903984126,3.76642174641805
0.37255929055208536,4.075789145360421
0.36015086269033353,4.245192176208978
0.3364663001291496,4.673196875432928
0.3218471194007966,4.902642054471392
0.3928881242952777,3.6943447848286275
0.32186481502231323,4.912333481555584
0.3195629971963925,5.0020017717973
0.4097404255856125,3.565074331175238
0.29873566021500525,5.503412015310119
0.40020338531873034,3.6357708284885333
0.3667661917140465,4.190256012479442
0.3303115924320007,4.721260692871028
0.42514507060661955,3.367118777715533
0.37781235310816275,3.974135124531931
0.2731830426368943,6.305395367969728
0.35005694818087135,4.322732942075489
0.3332189959643068,4.662888583653246
0.33402165835478526,4.670881276197764
0.3692634348395979,4.088498479346316
0.371207959396605,4.1136189894590975
0.3641035867161484,4.172942161184454
0.46379963583925377,3.035832806065168
0.37990914607187887,3.9194222683921893
0.33168079701320274,4.711079087252292
0.377921775224031,3.9326587913670226
0.39632321795179976,3.744926234049567
0.3114939238506292,5.183136649509319
0.3831235038117592,3.9346093443239343
0.29529041288721775,5.417591635154874
0.3610898404779107,4.2806778064685895
0.40498876320788213,3.5667683068900926
0.42177124472028454,3.4537981290343795
0.3456904892216168,4.5285129696422235
0.3642423553163206,4.116120648710457
0.36385672599923957,4.142517033845742
0.3378126357198248,4.719110220414141
0.30633312931301704,5.298073189825744
0.35166510607265866,4.342754312960387
0.41320614625234664,3.603932508976155
0.31638115435529246,5.016496756565814
0.43168422973808557,3.3500579758370845
0.3616049330019454,4.160405721687978
0.38493240504073756,3.883347792787429
0.39600670497833923,3.7587102855819485
0.3321338462958941,4.550238022886785
0.3383284424033006,4.503988723679081
0.3660970013689948,4.147334698372354
0.34377560241870175,4.532149695600211
0.36621485463862,4.134701425798515
0.36849753709664684,4.024902209653194
0.3930803086822769,3.8208340279943815
0.36910504221220264,4.086973267191757
0.4214890832965231,3.47115150457143
0.39261200039842403,3.8111822279114116
0.33309015668136793,4.750765238324531
0.3112555827120451,5.064962019208387
0.400768266163484,3.6951175167132306
0.37046262151693077,4.073104024603609
0.37183423080320993,4.056769347086039
0.290670189659086,5.647461675229464
0.36844604029609906,4.09391601632174
0.36729065515447484,4.110853308160374
0.3292159695536446,4.734080597337062
0.3375970008141834,4.648171256111548
0.3618032686119091,4.244180515385023
0.32647082762237345,4.862522166869989
0.3331958961756787,4.719500030032594
0.39090706982024065,3.8054879232819716
0.3290737158430835,4.7683257951467075
0.3782714054957235,3.912261210508456
0.3838528837816566,3.8819436583482787
0.38734321733605326,3.8670153512199756
0.36624255340512835,4.129637054053814
0.35266227883566215,4.321926837004607
0.36942321402138695,4.130291313416515
0.30292540897331943,5.406028312833989
0.3710176600921633,4.082956785219212
0.25944675041825666,6.591176064724918
0.330098497436766,4.74627993294214
0.361773086171847,4.220132479725968
0.34237655054841554,4.552673115391272
0.39114365620792585,3.8044189470602565
0.33367752296260855,4.716428975576282
0.33005740628712044,4.742931458372048
0.43022192515719837,3.3778046791454903
0.3459609471385121,4.476641487407865
0.32199057877172216,4.935965282069729
0.31989401165458803,4.899490545263089
0.342378039363449,4.509830231696338
0.3122232100641893,5.046951307663317
0.380059939816746,3.990108748648797
0.4311978891404957,3.330290857713812
0.38673421866958585,3.8319843707987937
0.39399821658011225,3.761121504813243
0.35973026886781034,4.269414093512502
0.42839407123324524,3.35483005331066
0.2867063319436981,5.921827366666687
0.35587811368482825,4.327613969379499
0.3480794714643829,4.453578599365008
0.32546141256861694,4.872326669872612
0.40691466416974903,3.5618390471443635
0.3635961366067787,4.1931050790567514
0.4053804526660558,3.6474682092318207
0.34708383370354645,4.395455821346921
0.36483422058955145,4.182684013173094
0.3043045146747785,5.265629675833382
0.3024712917442934,5.36536695884902
0.3223226317583331,4.900310961822341
0.35939573572035655,4.230422442902593
0.3541529551919727,4.281300533565083
0.3770949646797749,4.094488921743689
0.3180238367825361,5.063446709196257
0.3517066635878065,4.3942990982869015
0.3763944647702473,3.9913084754676165
0.36626168242119406,4.161794901959425
0.39852318514705665,3.714378476731982
0.3885463370881717,3.8931837602814703
0.30404998859157406,5.312114568922851
0.3813985819349694,4.013725961708722
0.3411802529067274,4.60102474611695
0.29093188752804633,5.7269613264309225
0.38545612766248266,3.924021873184534
0.38200546932201207,3.8941308260914527
0.3508002577630412,4.4555813777766184
0.30958135515729107,5.155158051127692
0.4072687260573015,3.5492460498023752
0.35904854221584637,4.265892489398066
0.44155429815304365,3.265903770545201
0.34110390555751746,4.502710986243375
0.3913060848639317,3.783137562366353
0.36573177503324067,4.129548717610014
0.358893768454216,4.228960051898175
0.38160360942774396,3.8940706710177486
0.3056827850926483,5.291088602037619
0.37424473539234465,3.9903441509212665
0.30618916177329536,5.357540557107584
0.4227176837970175,3.4798841763039063
0.3536341197740699,4.399123705620745
0.34781397050220986,4.519122765541311
0.42952433637158444,3.355916482364895
0.35445309970609895,4.423648814527287
0.30248883429775075,5.202550810694616
0.4129882339795714,3.5593544879813397
0.4143893117309676,3.44605833984581
0.35276604354464064,4.39924356058432
0.34044439034830754,4.542911573290752
0.43369128261159573,3.3305539418560426
0.36970742422863834,4.070861578894097
0.35036067147865024,4.353822556087772
0.38557700318611643,3.844174835799161
0.40439749248527346,3.5924233669848777
0.39595032065986746,3.7515095766090414
0.3321493025179597,4.74123073385836
0.32457682042026215,4.870678643714616
0.33863309412312503,4.6482162516127605
0.3653132210218888,4.09119166677995
0.41713995039329904,3.4766792193390526
0.33348447663743885,4.712805857223795
0.31485795792338517,5.098468978661766
0.3810934873299187,3.8527292551398276
0.3708823331332422,4.113954990545764
0.30341326795762436,5.313328524666294
0.362671202027524,4.178519633313142
0.3423069711482497,4.603681938192561
0.332886745152977,4.782307164955882
0.33068843615959165,4.754022579952898
0.46354198500083965,3.0645056910359996
0.35621297299087984,4.257308932453099
0.3771305721773947,4.013812917233011
0.37824067888212537,3.976654099524426
0.3387303085922533,4.585492694615652
0.3373916924064288,4.6497682730064085
0.33489872175909163,4.657905575153042
0.38873379065169167,3.852854181618989
0.3906951395461885,3.753609372239681
0.3855794552801445,3.8469229448168965
0.3992332939073745,3.6873382724133887
0.40181061779592486,3.6884282849714345
0.3579649746795037,4.3328361863681675
0.27226726622072667,6.126062412349023
0.3935474464685344,3.799199670995244
0.3717763356976117,4.109627119692897
0.39401580103664535,3.7252473273669486
0.3575860108012955,4.28669147749379
0.3104971611667094,5.130071389908916
0.3832686018492743,3.9257882225214473
0.35967982331892984,4.331692346496834
0.46192062684119295,3.1172322878836525
0.33952549393375364,4.6285049046583655
0.3521341428432852,4.309912545990567
0.32936832292538915,4.840343009158784
0.34998542697615065,4.372191921038504
0.4537625499028317,3.1954810303372287
0.3448910150760957,4.519658708752222
0.4051429095973633,3.6380216180066487
0.38270791877794547,3.886467670903614
0.3325599977559731,4.728671687072624
0.38437013867901154,3.890457228810678
0.42862532042858814,3.3955083415431453
0.3600263140518561,4.253004150776273
0.3468440421006188,4.447632531293532
0.3343119682803892,4.630158952855711
0.33491135534414673,4.660630291334521
0.36693901472673884,4.129263979831775
0.3392194578036327,4.63518602253233
0.3965215889456652,3.702212906481992
0.32011403493594753,4.982344377066359
0.3704394267991079,4.017894103836691
0.3285059120106416,4.853716092114005
0.3849987389691445,3.8506815938901435
0.3566602662980557,4.337546616925323
0.42839407123324524,3.35483005331066
0.26836896986567055,6.331485465206454
0.3260508682606318,4.748325130209936
0.4315921517559549,3.3596300467810507
0.36759383965494163,4.066645867062254
0.38122439440078404,3.914687765704819
0.3134545287058428,5.132783918712669
0.29714650879044807,5.511445162766167
0.37352900503717756,4.065784885673506
0.318183578550539,4.973229592748707
0.3856656719823368,3.872436094623466
0.3254598181893503,4.833288837884688
0.36067630712647425,4.230184179728906
0.3692825057402844,4.1495502136308975
0.32941606305794296,4.827144680000778
0.37382437645822,4.041896461388792
0.36940964881842236,4.032277784684904
0.333394176544599,4.702864027190102
0.3613445650436804,4.178629935550456
0.3048482286493373,5.271988028074057
0.36997633346932624,4.064351586726884
0.3784144045658515,3.97661815454823
0.3792616825522185,3.928179117466959
0.3425936951073333,4.5631650676639826
0.37628058534370634,3.946865782953279
0.37012022899653746,4.043806566976788
0.35183969680741195,4.419865101889223
0.3261451556444821,4.835950428580711
0.4212623936950254,3.5105474058289756
0.3764684501802167,4.039876508848924
0.4018419754993894,3.697252460051962
0.3523508356801519,4.346820845780017
0.3806439798378848,3.9003194960320835
0.36933209795484634,4.027977962854325
0.3393608634456473,4.62426865775095
0.31483079326254093,5.020817077072304
0.3394586417302097,4.532455116981854
0.4251110752883307,3.381458028451191
0.3303519015647063,4.792721822790334
0.29630914708059314,5.46666648174294
0.38228678745606137,3.9261380709977765
0.36594943239797073,4.21266039561496
0.33775811780431,4.673777533115387
0.35198415510285025,4.356939309907469
0.30398038967185176,5.2699000921638035
0.40031558699144226,3.749108824225936
0.41477293646414026,3.4936512794206696
0.38437013867901154,3.890457228810678
0.3161558540058858,5.0826355404625705
0.3704385165131152,4.076222830300596
0.3396812325448372,4.686656698032555
0.40301554178820426,3.652678624477181
0.33197728875842347,4.70110051214263
0.335079082011695,4.6213279990155725
0.34163020286674983,4.512386030084732
0.37148948993862174,3.982585123724251
0.29345587164498754,5.56843441855806
0.4123111985618582,3.5310517385171067
0.351503138720837,4.317451767035437
0.330341890859141,4.735496986929055
0.37384090769246175,4.114487114118794
0.3560949818247394,4.313840958163974
0.3879598755548597,3.8540794021062705
0.3480728875676993,4.446359418554892
0.3541465790148426,4.332319331148668
0.3912746852778518,3.766939106918371
0.32315558234185704,4.902185066330678
0.366970689845444,4.129718008818537
0.33367752296260855,4.716428975576282
0.4115322970190618,3.504476649334564
0.302929341172694,5.489648209620641
0.31054675277594834,5.16814450113943
0.37512890052943937,3.9814411516638026
0.3607925232640132,4.25399278972979
0.29172117981370116,5.62685818455692
0.2901950895173666,5.6967492380698195
0.3452468173489076,4.41339042200048
0.4059322192053015,3.695673067802459
0.31210581549952887,5.197610631228813
0.3735091252910381,4.050629414574039
0.32058923785364235,4.841428523293305
0.3570707313228115,4.35877625975343
0.3114927225080017,5.136928598973932
0.39385451324322984,3.7897965280117343
0.35138315176411167,4.405077347209519
0.3686887938094728,4.093300997464051
0.32319988565732344,4.881708715483896
0.3480938369512847,4.422234657037561
0.3145484821605648,5.0292806336800595
0.28613364485831305,5.893908843230474
0.32545576600359505,4.852545211820022
0.395875683762434,3.677440767308739
0.38745675950850933,3.849884673945683
0.3062423491737802,5.3157389402449144
0.3642157439305515,4.12251386084579
0.3482406895796962,4.4321660951038595
0.40693708132291134,3.61814624701469
0.37425532309059767,4.05681416755822
0.446270347159874,3.2358993512402248
0.37586824574919847,3.98546872595449
0.36926045795022383,4.136196081015975
0.3454375521795382,4.473678836111536
0.4133889034103245,3.50967108531408
0.4007730324154059,3.712424140440103
0.3130803880728322,5.1416171402081146
0.3497454697292121,4.382940540128742
0.3720187218426591,4.075692930927202
0.3271339875912652,4.879095164257016
0.38536732488996756,3.82031804839789
0.349994165575158,4.3575223497097895
0.3322129844541537,4.716157472983544
0.4445715708671684,3.245485823616863
0.3384558436447772,4.6762715512511015
0.4551846966980207,3.1456163775822255
0.38177747994258254,3.9452309308669484
0.35258480893180516,4.400975124805547
0.40684443428888245,3.580223956250181
0.33495149621892595,4.580472763288853
0.3744900764214578,4.009636463102316
0.4273232970405262,3.337363002960223
0.35682630383754177,4.313494133265276
0.3567800311348415,4.364999786487699
0.4112455343099434,3.591097335302229
0.38091157738904624,3.9209261755102545
0.2975009514839449,5.427007005215206
0.37031264976980155,4.100311480304627
0.3467167215413947,4.472168117184833
0.3715119271429062,4.028884100710674
0.34195614060163115,4.553004729991324
0.35424411500968767,4.335195810833187
0.4116834456606724,3.5476996275206645
0.3396908297498868,4.518021798026011
0.33894016425450274,4.5738089170485114
0.3288443592867304,4.823313234898166
0.3458966201618078,4.369812540780635
0.31778078452142816,5.031986410145493
0.3960050883536944,3.787322679126932
0.32600013995982524,4.772326462569898
0.3952702601824736,3.7615739360144524
0.30673178485408964,5.161249039877602
0.41151867947146226,3.5879188871551215
0.3629848244389619,4.19487705475511
0.3114164093049119,5.139171710120336
0.2980648626820298,5.426118942356534
0.36688172207241476,4.0884978322981445
0.29006751178771256,5.631195140276632
0.3681629047459936,4.103679993544055
0.2855039514127655,5.905750147181515
0.3729275478183153,3.963742036678207
0.3385832316344606,4.512339149208674
0.33939882495024354,4.542346943678174
0.3643051384500233,4.2344612369690005
0.32968778569406043,4.662286977515023
0.3388189043043562,4.506895214649009
0.36247558117873313,4.19038768461471
0.42171127216862603,3.453020681411788
0.33671215174147373,4.5986962869363595
0.37833662485769604,3.9953383193578818
0.28249994618323465,5.950214076639757
0.38257032980017114,3.884989528282568
0.3322038550191443,4.711543261498664
0.3524168852920163,4.380719740231261
0.40642574536416004,3.635221677389215
0.3336831670559277,4.735348980612326
0.3151356182428975,5.144215290570055
0.30618916177329536,5.357540557107584
0.3568596981935082,4.33467438107299
0.3038514410813979,5.348538658094098
0.38354013641223345,3.9009190524364916
0.3748588849942144,4.015157338640539
0.4045811936418821,3.6879075946574233
0.2955859822021356,5.557684332233394
0.3846836610124924,3.8937192412541255
0.3832769780885564,3.874259679085013
0.34137428475221177,4.527044040007818
0.36923789001497925,4.080615667886721
0.4348224648547805,3.3314734707068907
0.3106750387624996,5.2491867824908995
0.34819554149105103,4.410254094416569
0.3364213481841518,4.517350336718215
0.32791968751718825,4.821135546503936
0.37305240836381753,4.017452237245521
0.3173386303589926,5.069813028559069
0.404587939538218,3.6390208042024255
0.3036218936394417,5.338038918776059
0.33329370027591076,4.686685941497568
0.3079731423000165,5.392953536828872
0.3677166868058278,4.106349950840105
0.39886490314309414,3.716708463888732
0.3546709900107584,4.2836254083715986
0.3384838671482695,4.47541342668013
0.358115230320309,4.310329358962652
0.36469534650864527,4.163876356582696
0.3628378305650044,4.1159542244411655
0.3577028018600744,4.270920977002917
0.3301821836280747,4.713096873617071
0.3510154762373343,4.361836766126675
0.4122199124834216,3.50701213092933
0.35981841965996103,4.2719154408327675
0.3808440917617567,3.9148252641806938
0.3479780134401493,4.455608672697527
0.36897036774337316,4.06777918974576
0.3440572963696317,4.499934854966262
0.3473245150791907,4.3972194002137215
0.3433915116995104,4.540280378344878
0.33201705521312563,4.703546090263077
0.3388314315409724,4.628851088195062
0.37993851459536315,3.9636296953619166
0.37867306678047086,3.957592375906033
0.3572389373856749,4.256001192908677
0.3586909791104456,4.301694434983715
0.4009248587972283,3.6770272060177858
0.32336387950681156,4.882950618930992
0.36003350618616603,4.277094296134993
0.3365898277747812,4.601794915600188
0.3274842918057162,4.958322192788633
0.4018729456772765,3.7018144251784575
0.33145649875217703,4.6703984219888115
0.4243729068635472,3.384531421752758
0.3891365820722412,3.8476441826567
0.3415837647932327,4.545860362995765
0.34166036019186274,4.54085545908363
0.3555520615408636,4.360027378316396
0.374448380385251,4.013171201376529
0.3365508097622141,4.766099901868811
0.35800978890008883,4.232282449081016
0.40166461649298396,3.7158848157834696
0.36941689506603637,4.022623298529071
0.3134534155260015,5.200232690495182
0.4041919216892824,3.6985252554324988
0.39612135541110494,3.7265606803207194
0.38098737869357774,3.944339213268153
0.3217015465023577,4.996636766559022
0.3462591502679665,4.5242551953291485
0.4268192684154078,3.423418823728978
0.37148948993862174,3.982585123724251
0.32695229525156927,4.865859547467986
0.34580067228775735,4.420763033273998
0.36639405857449664,4.142436813624884
0.34010043554219704,4.494351297840399
0.37394824829818396,3.9739309593854175
0.35901723139948666,4.216158924907601
0.3422854960117716,4.378106862464121
0.37224244466602463,4.086190782599411
0.4128198957825002,3.5317581401898868
0.3674364954403098,4.057508575438244
0.40000762576455273,3.6947991144802357
0.3815415957331271,3.9320907760740784
0.37109619494881113,4.053342556392043
0.42512691896440724,3.4381136209294176
0.3582548469461823,4.285807678570125
0.3548404166274943,4.331915526008812
0.3676107324375814,4.1534165801718625
0.2948032285666437,5.563869927309917
0.36745931677543864,4.143982287518702
0.3115325387512837,5.155110923049753
0.39139234761786057,3.7778197940209375
0.35016804853175026,4.381441003384168
0.38540449839539487,3.88302378259331
0.35824379242608595,4.330942154204614
0.3332699059509067,4.69818157086719
0.36555948018548295,4.161514582125273
0.3241319872317215,4.899012891664943
0.3763161732846111,4.035855364242803
0.3680317665785089,4.126004245354335
0.39536030457204846,3.7368619865483863
0.3392508516248457,4.562756788420137
0.35680536590310474,4.23429879871827
0.3508846920724335,4.3149102133990125
0.36724619506652667,4.154761935722446
0.3967427132745723,3.7678075968029043
0.3834022432357673,3.895749145943656
0.29266566280549283,5.6500432148725865
0.3336259399494599,4.649889265145332
0.3738264479072637,3.9947109101418192
0.4079564547275074,3.623673471327828
0.3500422996958667,4.399091749445906
0.3650248297304619,4.176644735845735
0.32336484281249017,4.888980848802606
0.3478249740757354,4.44347840630023
0.33911260294149576,4.577003579508801
0.3325845321823246,4.66314619977942
0.3064704323572641,5.339654246539386
0.33473544872410915,4.621543767644699
0.3490240398369471,4.411259165906838
0.3783335232630886,4.029601775132729
0.3666075878213611,4.116733579128461
0.3691256270258877,4.095866220122945
0.38860399758183306,3.81143787780489
0.3005809816279206,5.415969230279135
0.36970427406627643,4.081772251475419
0.3331717968603142,4.632102665697264
0.3059054893626335,5.323829893547156
0.3691704605219205,4.093844107536376
0.3869210080289032,3.8018715122838582
0.359329900675596,4.24712340001124
0.40549225103837233,3.680479746464279
0.33683759641064626,4.5942399438175086
0.3335279801844031,4.745900827156673
0.4088400371504346,3.580035624564895
0.35647301711608026,4.222289107327768
0.3511016611055812,4.2872718280347195
0.3728701129065815,4.0252548325141
0.3370887078728019,4.65008213235658
0.3705931522265883,4.053373040765994
0.42033395448783173,3.491229161636535
0.2973045588296209,5.527415791897692
0.38971536179274346,3.7955007680837918
0.3678182644669671,4.140277150344231
0.34414849783550133,4.553304492094154
0.39817101623146695,3.7036616221471172
0.3523707780042036,4.351121594678358
0.35459692879976595,4.291526937162429
0.36711813846395736,4.142689022160698
0.357873461608956,4.224074224314088
0.3646916901287692,4.138659273875785
0.36791740859510946,4.082831334441235
0.4214093259762058,3.5003123930045663
0.3402420157793065,4.568455533565197
0.3416217694000672,4.530730483027547
0.34328357528541376,4.519133364962065
0.36895911358960604,4.0653211749999985
0.28886103600151625,5.650914212236689
0.2997377318055158,5.429870152814884
0.32062960227159965,4.996320419304641
0.37991194423376284,3.9208568015437577
0.3948805975497508,3.7657164055519043
0.38412719788067234,3.8144548068366824
0.3559748614660565,4.274592289841432
0.34952774584167073,4.386349148384497
0.35371364399325966,4.374664592017042
0.32339046016504464,4.8489361029204465
0.36986981594420587,4.1039766549655985
0.3975735755344598,3.7484206292183124
0.32768606167015135,4.85295379970946
0.3575437610882057,4.249341455674465
0.34980033263251786,4.329694946871582
0.3444800049685558,4.4548476947470625
0.3020904617460367,5.406238365280849
0.386179342981242,3.7810403649081468
0.3000192912205806,5.380531935853295
0.32909386677005636,4.790320449374965
0.36616368717562,4.118122032048948
0.31317002367091157,4.999869479720607
0.35800616013459996,4.256862676150376
0.3976777627217971,3.7527996234459535
0.32788677742895456,4.766950104595766
0.4121348098076361,3.5315057878576144
0.27095220226656214,6.279509504995168
0.38490803449266114,3.896085995382585
0.4063800568695837,3.6376960580539377
0.27875999143220315,5.874020999861259
0.39521559898086234,3.7685959503451523
0.3529887128508474,4.351231706760771
0.3441818806842982,4.4690958005766035
0.3596844453986321,4.238068009306838
0.34189929879455916,4.498230561530008
0.3668188079769043,4.077802343620607
0.32027215898770317,4.873731574887743
0.3094123078145433,5.214094430321923
0.3002361654558188,5.34491293699482
0.3299276278577675,4.750449630880264
0.3683835240573554,4.072577428478223
0.3660620731840312,4.085041323971458
0.43928762926418286,3.2966014307575824
0.37896755455086156,3.967404067131737
0.35747119329684873,4.202056889308774
0.40615909462265654,3.6186390111026485
0.30642136113299473,5.204893485752082
0.3795958311248933,3.953959035690834
0.3390093478389428,4.604159039683691
0.3790863610272176,3.9290440142631335
0.347514811517088,4.421089691191459
0.41506237554252773,3.5164222818376945
0.35752265478520673,4.313941697448426
0.3965692449296284,3.793107061489462
0.3462948094047851,4.591587891413281
0.38198665405411547,3.980623409596372
0.28619800398228923,5.882553172384248
0.3725854591123914,4.086091120977794
0.38734321733605326,3.8670153512199756
0.32339445648712567,4.825318020608112
0.45242907064575605,3.1440397824566917
0.34454770518682387,4.447122418297191
0.36297634519509325,4.201348155136882
0.37959452871205945,3.987881924757095
0.3425773524552615,4.490735604524854
0.3513805440576016,4.353534700978787
0.3221440353508225,4.905247398460415
0.39204322931305924,3.7907700528560597
0.3442996716625883,4.503355694334347
0.43052940893093705,3.3569776891559218
0.3930293154566132,3.7488969253344
0.3518533074437221,4.361365770024519
0.32815031867707967,4.755258052204164
0.44744679161243206,3.236594518354456
0.38823939408705993,3.8476297143742486
0.4019146179728488,3.6589204172669074
0.3743506364593841,4.009721804778599
0.3473282334948149,4.424764064688609
0.3327967824429429,4.752612506086285
0.362750987744884,4.13207584073299
0.30188117067879794,5.340676910890499
0.36600908114831193,4.1196315038569695
0.34888545122917775,4.477682058965879
0.38795405700460883,3.88489756316121
0.3861709976876169,3.9386020956583017
0.3088107274515546,5.268157305624072
0.3038756779405451,5.348883958187693
0.32633880529245585,4.697613585592414
0.3703805517723554,4.0597269587262375
0.3741645995057436,3.9587477312226516
0.3193492309328192,5.046802048101591
0.37654813603924775,4.057043484478619
0.3922741457810048,3.77341567398238
0.4391372694123098,3.288340727535924
0.31314373813048213,5.16214628098254
0.3376446915889263,4.63294797174399
0.3466245543374712,4.408344118546388
0.38161658306856416,3.88351890620509
0.36788168643133845,4.145511233685711
0.34379187200034966,4.511388243657306
0.3773254386707863,3.9492495530310476
0.4025206287318077,3.630286006685424
0.329241743066482,4.754040215986856
0.36573688627300593,4.058834205559834
0.397473343878963,3.7290188858576876
0.4201516885876837,3.4478541371562863
0.3665415758681545,4.148934488875851
0.3653385212590546,4.146384596596031
0.39048875270053873,3.807772465786126
0.3406219009852377,4.553089706542142
0.3089039479224888,5.256484897077713
0.35374653312751914,4.35420852141036
0.4121032421564543,3.576726955530526
0.38025094348627775,4.001381108711151
0.3240789109608001,4.935851370901103
0.38794439777379025,3.830669255639152
0.36124063972699877,4.129171607447185
0.3594456889173829,4.297825604305893
0.3854378066057381,3.861574412671344
0.3619547661009858,4.158997551487912
0.3148680488935425,5.021164600560777
0.3560574175605079,4.346026242178315
0.4041879181534899,3.6551564061105113
0.3556163878719983,4.292635484441273
0.30936036081355545,5.262539989156986
0.32230959986980534,4.939216917351511
0.3097539796792582,5.150353488610357
0.3628302625428951,4.169476331211824
0.3809305682280737,3.973197929109986
0.3892518884453969,3.802332777578669
0.3323272116191154,4.744944254170148
0.25224036485275136,6.889286232904705
0.35120612795941947,4.410156910499639
0.34757857724295627,4.464591658966672
0.4344907925578394,3.3788431569951456
0.365374916064793,4.168587269609408
0.33887962707082403,4.626349420526467
0.45674825534091623,3.088246731984592
0.3609238119801803,4.190420244578361
0.3462246012142196,4.379741231531555
0.43644812004787914,3.274014382981572
0.26228800105952355,6.408623538709813
0.35199239642551494,4.412593666966968
0.3232206028778526,4.757870386586075
0.30811902824842424,5.1554518513614465
0.3604464022734349,4.3003619531959805
0.3538868000119149,4.287191773572151
0.3534590025174415,4.380532641130351
0.29845877743558036,5.3991426553631126
0.33372888177262955,4.702341150064063
0.3906951395461885,3.753609372239681
0.3631776079187089,4.1558692590716975
0.3856140235542394,3.8651951338217785
0.3833720414559339,3.9579654263813753
0.3363920873425255,4.608371504310633
0.34430951552693784,4.525450536473065
0.3500247186541976,4.393826533198886
0.3558690889793218,4.320970977366673
0.3687228796710219,4.1070299053019825
0.3607849194309227,4.19580528999719
0.32721444617550055,4.829641960112353
0.4003911528434002,3.643389758056498
0.32570962251682667,4.778342145974158
0.33920134304104155,4.612715116314932
0.30023742975527185,5.285207173989906
0.336493731454376,4.619145098270163
0.36868603847280457,4.144993013184646
0.31318455355081065,5.156898659231478
0.4110455006906755,3.5814304212713504
0.36421478464586365,4.159647831691423
0.30518729338164746,5.305076639208033
0.36217276113864877,4.15298296759127
0.3558393412900912,4.2383932730205
0.3827401589324692,3.870022117193737
0.3830293081421379,3.900050413279553
0.3062313807848527,5.232498618037757
0.40684443428888245,3.580223956250181
0.4320884178791773,3.3505915450818473
0.32687930547119026,4.8346475312189865
0.42265221643877826,3.4459680836518554
0.3758337146429408,3.999570483978902
0.4438264297829506,3.2481272263050247
0.4294634045882141,3.3755954801717474
0.29896084179474697,5.40117661136344
0.3878935056823426,3.7800490478703597
0.3410433246186385,4.483442374341546
0.35583700601125984,4.315683406603168
0.34457217517338845,4.53354397351606
0.36982453791521913,4.050853560881382
0.34588445861070005,4.447693899397606
0.3306994494994655,4.732062123609509
0.3855919565122169,3.804273021743767
0.3469650275473354,4.44439844110824
0.34828414905567306,4.416944000208758
0.39035858800949474,3.823387819442741
0.3521726705779196,4.3252245015230635
0.3515566998484486,4.364009494807476
0.3749549021255474,3.9439615051879384
0.3731127233315901,4.004137818979373
0.3859028704282183,3.805205730768751
0.3697944215408722,4.080469587683882
0.38398209342516704,3.8834284830669614
0.33326254935265265,4.702651583240595
0.3688771593653118,4.091580786512166
0.3630337180526759,4.216561329510119
0.3962189734767244,3.7109243156380436
0.3254598181893503,4.833288837884688
0.3676498822670156,4.086119696145608
0.3655037338383663,4.146844921455414
0.3419937799057711,4.576295720805903
0.3911539423714874,3.8964552739077214
0.33735640044896875,4.645054539966017
0.3426338080592978,4.552107247502779
0.2589324402952662,6.614942055895141
0.38839644150460184,3.8324557674086708
0.3568939287164474,4.2283276839605115
0.30349834397854053,5.299309318207003
0.294230448117977,5.439152866827596
0.3456505139542208,4.417350671071341
0.31955613189516796,4.9564154363156
0.35742595055306225,4.302287280319786
0.33215717616367546,4.712396438269973
0.35460260186884895,4.288726619332281
0.32459893176169513,4.817678093566
0.3736885258739714,4.01704292261338
0.3358153065328727,4.574769175033752
0.28702989129918505,5.857180328130745
0.36656165874197366,4.093430089188766
0.2885118572464529,5.753145135962294
0.3672730555555598,4.184742246780208
0.4114827081361381,3.496031255622717
0.3456734093066992,4.491499336909604
0.34360935096280754,4.587728834493739
0.31394350283248085,5.132778516358116
0.3191115742474579,4.995656263259881
0.3546337400666009,4.359234566784432
0.38145501429945117,3.8713872722375453
0.32339122212023746,4.908628166638431
0.39796828714094384,3.7325380678890356
0.33391727508174596,4.6641596868855535
0.44930490450965715,3.126304972198144
0.3031389416733842,5.286238462291612
0.33840273425905565,4.586707757585144
0.3113650291661606,5.215929614439094
0.3150948970661248,5.138694391983236
0.2985307984980787,5.412087908703744
0.3952734558327772,3.7230601650995094
0.3845247902946257,3.8798326061445345
0.3229944116924821,4.9803489673258206
0.3539318867117891,4.35148719989651
0.3107498863184802,5.251377901938345
0.3320249234933398,4.671829680932064
0.35338948733983677,4.372338113312163
0.29292971714730454,5.416633779568571
0.35540688609304716,4.308429628930588
0.3398470753696394,4.5426196628387485
0.395994735309191,3.745203151301288
0.3706486408818257,4.0984632052738625
0.3735193981633501,4.14150882264962
0.3254385902497576,4.76009249484833
0.3710904363418583,4.090438898862775
0.2915316238932115,5.64104126533711
0.33979830536585753,4.585713810164894
0.35527086307710887,4.3129011683628855
0.36698888995578194,4.1274934139688755
0.40410778247734314,3.637385032207323
0.30356671544118186,5.328691273074095
0.35013713640513616,4.402203700150166
0.33769915259763816,4.633513913471359
0.30379799443929356,5.267182966905233
0.37078680147160703,4.080531668734892
0.3472555659717369,4.505844340291695
0.36453395324688653,4.080112815743369
0.37990842173460393,3.933275429067607
0.3124711671661501,5.174701100940137
0.32447706184445335,4.878138537250765
0.32613131291277286,4.997094365057041
0.28909750428740355,5.712438433272219
0.36656165874197366,4.093430089188766
0.31077119881290516,5.147036474067262
0.41329758998366706,3.561131362455568
0.32873353849993703,4.768564175913127
0.33740079105029097,4.560228263511252
0.35176332199471594,4.301105983256764
0.3355914180443514,4.653383613886198
0.3212566811295117,4.843219307610132
0.30769840963168393,5.213852609508077
0.37483708091297446,4.043890695129183
0.3813681510576628,4.014027022747899
0.4059908861062448,3.6294824156915864
0.3641859838817056,4.176888762851239
0.36864645061460544,4.106529752453554
0.3717211449529176,4.059289769644694
0.3486077329244336,4.400115988797254
0.3711500043742889,4.018236995086141
0.36803381286779185,4.06691027387346
0.35596751090430545,4.340246703839633
0.3061894632030872,5.242502259384057
0.37912189849679334,3.9304873803555345
0.36895911358960604,4.0653211749999985
0.3235050331969534,4.914830350014937
0.31096844982083727,5.004325906262263
0.35398542439996056,4.302526504671752
0.3726035702440012,4.048552454315199
0.3852479042806493,3.839429241003348
0.42862532042858814,3.3955083415431453
0.4112455343099434,3.591097335302229
0.30909025501556525,5.252947829988661
0.38652663037709745,3.8684232565237395
0.38830581300424005,3.831166206617551
0.34137428475221177,4.527044040007818
0.42085103558552456,3.460787097771409
0.3841870624147892,3.8561507389818175
0.32410105074700934,4.88117047190769
0.3407444260774622,4.522632112236735
0.37803749222194527,3.9899635545715957
0.341186085396574,4.513381564471745
0.3701005442735199,4.065970987172196
0.4057071838420424,3.606396406900727
0.3420568051198498,4.534144865066396
0.32373707917363,4.865184177210815
0.37813515701472206,3.9579338158165145
0.3576115954776348,4.2395740198428955
0.4004013949175952,3.658268819114635
0.3309101687426512,4.737513691671628
0.37926712598057866,3.8761885576390784
0.4294900039761798,3.4179180123590394
0.31836847562575177,5.008961280267436
0.40357550864404584,3.6286114369463296
0.33300872732148834,4.739036376695237
0.3487215653181527,4.419651208416272
0.34633332410953277,4.516835050804857
0.41761765674351253,3.488208856611072
0.3897727571737501,3.813916229020312
0.3290650864458713,4.744648551996024
0.3443013280518889,4.521856078008554
0.3441314806142299,4.499184292510362
0.4239699848485703,3.4096821193299363
0.3618278583342819,4.171409492843267
0.3741410710206108,3.989630265452539
0.2983017376339263,5.343742664776493
0.35130088545541105,4.395120555189285
0.39803410896310354,3.7232075171404286
0.3548005831844691,4.287132418444429
0.33428884833573647,4.639322992436347
0.3118035319678504,5.222344397806466
0.39652133468150014,3.702593809208855
0.3358483841531362,4.693680273053757
0.3395822629067339,4.540175273133558
0.3116384132894994,5.164979893573105
0.3897766255918972,3.7917818165059627
0.3147981549694168,5.000249308266205
0.3626917796162274,4.16622985188293
0.35886919570396264,4.231181773029572
0.31902449697606367,5.014208562095356
0.3583523434968443,4.286904519853957
0.38571355553606446,3.8808596397251054
0.3033416439736346,5.351076488667264
0.42234070667211115,3.4299929127094857
0.30909063363273137,5.25775308819225
0.3445725459410339,4.581042514784196
0.3618003723314927,4.213868262621081
0.40268010911837704,3.6968540036420943
0.36201837548351123,4.235329733995872
0.31659596382219773,5.0786758818608355
0.35031061512203016,4.458391695659162
0.30910070222584773,5.1743803337338425
0.30451519443889496,5.300422299046676
0.3504170657081559,4.388236164180125
0.3070169124701045,5.212103640659051
0.36949728135615634,4.158829885383936
0.30989271362578724,5.262434265780904
0.37206409519418837,3.9974648529457304
0.28755550787777046,5.853551405000893
0.40848106104331794,3.5787649260020524
0.3954174480914525,3.733981068156614
0.3156080190651229,5.070697954346393
0.37370069501459924,4.028339644635653
0.3012639830120058,5.426990620014117
0.3487147932646236,4.382173167110756
0.2977225068319141,5.3636831775528915
0.29447481039998347,5.493749385688144
0.34333557500513956,4.528593652830554
0.40465157124796325,3.6770493324931395
0.41329758998366706,3.561131362455568
0.3624837094459239,4.160036355727153
0.37155597139581326,4.053253439095209
0.36562869211571647,4.151694867636541
0.3125432548426894,5.093182690125564
0.387400682051422,3.8052057454967434
0.3693562807802929,4.026457132907162
0.37689606818586996,4.010359588321134
0.3645842148841886,4.177811823029789
0.3286510631736017,4.738778318531729
0.3147529771952463,5.13726540293461
0.3344345812723275,4.690574652618925
0.3828209966597059,3.8584829034573627
0.33106749781283573,4.7382670288509114
0.35230993812228084,4.307571557588467
0.3244496579788199,4.764859363410593
0.3327592253117867,4.628337369470594
0.3650521745459423,4.141603062188737
0.3356022189482376,4.7066190800282115
0.38434345248344515,3.824760873381931
0.2834912114260802,5.8653123607352535
0.3416549964945826,4.5530334632919525
0.3122140188565313,5.164761455001064
0.2868753211820131,5.796253710408716
0.3953590491860712,3.801229357831663
0.3277747663635956,4.83135314857218
0.3554312535356555,4.334909872379714
0.29173232508854746,5.531883121676168
0.3255488770554543,4.7750396122464025
0.38838294325851236,3.8929880618037047
0.367368281606033,4.166030694908256
0.34738653848783274,4.446491428110204
0.36816739159583434,4.1014160597356275
0.34206270541149986,4.461537788422408
0.3625391682056641,4.274060658673714
0.34469177760420755,4.509594607568009
0.3601253870072573,4.204536978490615
0.37984187010112086,3.9266004475533554
0.39566619821491433,3.753287670408516
0.4067691522792366,3.6156051058727066
0.33946663481889827,4.555437611584376
0.3836541299995777,3.7837599626272813
0.31209475689377164,5.170487142012416
0.31492689542606883,5.150186115676204
0.4380406952211397,3.2975249387946133
0.37702740297907317,4.000983770682836
0.4068098864535477,3.6423775210671083
0.3554573180104862,4.250490672781982
0.3321889714039924,4.647691188556554
0.25458784969172327,6.8929948774359975
0.41298081621524807,3.5113263199843376
0.30473630900791654,5.224739169115811
0.28689523106024006,5.777485387985853
0.37430896752112547,4.089595322670499
0.35995319575592766,4.226316724004446
0.3519756520463988,4.305876979943282
0.2855553976648311,5.762797388154876
0.4130643239021284,3.515009140283615
0.3646260213627401,4.146248024320711
0.38671001443003716,3.8271658669823796
0.3809376321927277,3.9306433505389933
0.40383652055538705,3.673773539495891
0.3882390994049063,3.8163989500714757
0.37543879244274636,4.096433807014487
0.3939946955806073,3.757740804569159
0.3456452714939316,4.401704773098628
0.3174592633381959,5.019192377782132
0.3725083041942812,4.073083656975412
0.37861687352042944,3.9443525556405485
0.39180005173697,3.69377083536438
0.33964586703327326,4.500994635669287
0.4295070431562845,3.4286083804518173
0.30736339547790126,5.234820939369909
0.37285482454351765,4.036545256036881
0.34587506176742866,4.50775433954699
0.3945939327094837,3.7405216892087414
0.34784695972884505,4.299199743048059
0.3565708253766654,4.307671104227003
0.323294202150336,4.9638650345159725
0.38098349525972347,3.870135887848123
0.29258589866847085,5.640752906480567
0.35653620874151537,4.264868606910906
0.4146797430285128,3.5121798310146506
0.37897200920397445,3.904223957832987
0.37989091567597977,3.9213212747627035
0.2984608235201194,5.431665945733582
0.36152720260947147,4.254381028882912
0.31224548748112313,5.060259976442781
0.3963151752110754,3.7474168684647715
0.34461912260689753,4.498221341969547
0.3291499136337403,4.7945745496761925
0.33402165835478526,4.670881276197764
0.30689721368917555,5.161423259795198
0.3368246083648382,4.653490639476381
0.3885531970285315,3.8335501830061216
0.37468712945894656,3.9478862222189472
0.38043561449136,4.009627740221874
0.3355451731002166,4.710467455902743
0.39177682906135564,3.821761077491677
0.37042022076946246,4.083847499992074
0.32936832292538915,4.840343009158784
0.31061340474852006,5.169831381034034
0.29733826240943606,5.479646085787108
0.341219427734502,4.549832731962319
0.31427273717885146,5.028243951124827
0.3657508973334126,4.175868508824507
0.37719480124008997,3.982893281274947
0.39600855161833415,3.730327669347114
0.37185487061737327,4.054562173611939
0.3860112685977465,3.911121121548574
0.349264878223812,4.371790442833609
0.3748154603496739,3.9838122059714207
0.39594893895451644,3.7522868867100287
0.3668058496067949,4.095288870367997
0.29895284001966227,5.536372298695428
0.3686599332149833,4.099020740795617
0.33059988729071604,4.745159274961262
0.3612329482446989,4.334116969859
0.3538481007038205,4.4489010900108665
0.3383374037423887,4.574256377659527
0.3694080276208296,4.131739705603948
0.3803071286587439,3.947776079297247
0.3316563954674741,4.591262892683491
0.32042279325936507,4.884324318292972
0.3860579489227726,3.8331057891895752
0.34930011177518616,4.4677127432682155
0.37773474060161993,3.986534235713766
0.3334364863479159,4.727950064360111
0.39855676379329463,3.598750168927364
0.41021317064312335,3.59790817325386
0.32644096199552847,4.860366716831684
0.32285654153383847,4.890469917296841
0.2866090950980775,5.894139189415988
0.3639999989282141,4.160387033602009
0.33263072362993823,4.683461045130753
0.3175662595925185,4.909045055679729
0.3742628768537688,4.054099528353809
0.3777091212773501,3.960443256593897
0.3849987389691445,3.8506815938901435
0.350884881899294,4.445148227790066
0.3561221650897448,4.302018536217001
0.2983327888085174,5.504578206122297
0.4477808874278988,3.2182024120513475
0.3654542064703743,4.115120897997385
0.32856934894582634,4.823508302814779
0.3175824563919361,4.991297364937455
0.34963255011509,4.437690129798841
0.3715313918478439,4.005253470218811
0.33372381679514945,4.64134341595277
0.37413707092195103,3.970059306402185
0.3389286779100348,4.589896600289995
0.3382030416858319,4.621446989256578
0.3742000568885482,4.0803934018382435
0.4273660565414703,3.4006880684393073
0.36290441231293213,4.192169964469099
0.3655876425912101,4.132016942518737
0.3136207795039678,5.156922709258662
0.405729647290421,3.6302265636431135
0.31029781181186367,5.172663401531401
0.38914609969444836,3.747266849147589
0.3175459845736748,4.97256872939886
0.33387093901788467,4.695210308468154
0.3491171540787884,4.357208433422185
0.3486138148357967,4.458408520217286
0.35895372149161087,4.237487442014434
0.3064185012816246,5.254431285363404
0.29962619476654734,5.2682621392478195
0.3510004274888584,4.40341090136304
0.330727064746394,4.723413236586432
0.39035555173903314,3.8205423217982966
0.3741325388011616,4.003384222133416
0.42506889951184385,3.4140539102875493
0.3446018967500565,4.477645170718694
0.3372360241723145,4.563348619305659
0.3227986863659564,4.849163838080974
0.34968776374696825,4.369443985307497
0.2952106490971675,5.4616455832152075
0.42462697586138276,3.430912902630862
0.32989425484751456,4.842557929278792
0.3060769357646834,5.21110411127562
0.33786211290859136,4.64558819424372
0.3594157102691105,4.209526937216817
0.32467754637861657,4.8127990512137
0.3573051947016027,4.305665155423045
0.45055537476783475,3.1978470900695437
0.3145552985996688,5.024878749790002
0.37541215879130757,3.993260457270876
0.35781471802717857,4.246242338130099
0.3186146351735829,5.056628807951663
0.3608820427023105,4.171574411932113
0.34097351838940493,4.601482096376617
0.38290392702957177,3.9283995693319955
0.3366736434864016,4.548185399834953
0.31691041363328454,4.975807510258289
0.3855238191319598,3.8602204099685986
0.32460744291347676,4.8640807334043625
0.3621338261763741,4.145064732736011
0.3333554781457367,4.729882330678347
0.41475680363546025,3.470387203393317
0.432758330881591,3.360908936348518
0.44096105595444035,3.3160902926551703
0.38420785897687054,3.8822712665549095
0.3523925587980941,4.364898107490471
0.3906793335352865,3.797042941325894
0.31836052323191466,5.062771525615934
0.3149952523999855,5.018318841638411
0.38477307130138994,3.895640506541456
0.34511912666871525,4.432489801328049
0.31989956901477484,4.985919818483416
0.45769274145464456,3.1270127244622627
0.369089887787776,4.0243284911692925
0.32502801969317785,4.9467151781737515
0.36024118867604604,4.195946763858884
0.36583397361922676,4.135267727982415
0.36223063697164865,4.125204361193298
0.3286125159523266,4.749731667005019
0.3932012193878148,3.8612505639995622
0.34332498443135573,4.534776812509436
0.37388472985147403,4.038099170962639
0.279065540043592,6.077419422118826
0.3303523309371015,4.788987529567781
0.3630950668964595,4.202029642564129
0.4149847374529034,3.523241059050542
0.29461785125707185,5.520767198392762
0.29965041194667463,5.345471746138473
0.3459711660019287,4.455141135581418
0.3425648484319227,4.503433985256967
0.3787721242362994,4.051776214948743
0.38107554251171466,3.8694446904535624
0.319779593973336,4.93990308366217
0.4270018880136792,3.44335614440819
0.33840613712194134,4.605254129474085
0.42774229391349333,3.3810821492027676
0.3276161398133965,4.773887008167538
0.27138825302462843,6.288340536524481
0.36928128361833024,4.079033073247574
0.36301346861744005,4.23675232674188
0.36239208505984666,4.210266992516404
0.3228110509848454,4.878545423887582
0.3590412655171632,4.248270901704973
0.3591771533800653,4.324496650059962
0.33409304581616595,4.656131544900139
0.37383232424095625,4.0201738060088275
0.4057071838420424,3.606396406900727
0.3257132049886893,4.855988678311888
0.3673456090459746,4.129772897214588
0.30626048073768336,5.199673040777215
0.3670291059138797,4.183930767294354
0.31948590667933574,5.012323001979954
0.3032498795440645,5.327088245441968
0.3379360401510102,4.563072174325262
0.3452605564521998,4.430390129192654
0.35661478679557884,4.300663968967813
0.2988217774248175,5.361419866975865
0.350562970987531,4.396620269345053
0.3468440421006188,4.447632531293532
0.31475658980032967,5.0510026063384
0.398509403485402,3.704608436870107
0.3116131054068814,5.200390742252663
0.34549711014527473,4.4851182379078045
0.3282575213805775,4.710005605250953
0.2880330361101474,5.726292419209817
0.39150232736012475,3.791751886620203
0.32940597090445156,4.7477212730195895
0.39082927727404426,3.8016413301187955
0.3269686816491195,4.871351537215634
0.3535552710295665,4.285047513499943
0.33412161258776407,4.726834770617294
0.33424212929589436,4.609338374335385
0.37620265342880443,3.9877992805988436
0.34783165454283904,4.3907460825451645
0.44017402137912354,3.2817126636678333
0.370268348731091,4.104630878749673
0.3873663127267744,3.8018967418241636
0.35599978456497805,4.274723580292035
0.3050813457298104,5.1853028112235275
0.3131456721228075,5.058529895603894
0.3181388440109059,4.983751912479383
0.365647938325471,4.1270332516244
0.37383824756183576,4.0086412612637545
0.36928476105061786,4.121317935463518
0.32605018123093676,4.8414247184461985
0.3972907626105863,3.720372647148105
0.30063611230872056,5.286323383363366
0.405615079516751,3.645637430388567
0.3438359905041619,4.513645579153807
0.359526196416246,4.272525961802705
0.33564152383208845,4.608485206640638
0.4132525989848714,3.527427647382036
0.336493731454376,4.619145098270163
0.3512240769765127,4.340622957451136
0.3958055826442605,3.7529629327690714
0.37152931460040045,4.063040498306223
0.3409604983973378,4.564441284353168
0.3318164910188558,4.688189668266714
0.36946456739540523,4.108689398141736
0.33219618471635287,4.676615427441255
0.39195567337273834,3.828822279466494
0.3695048042891365,4.133443419448418
0.39617459876504457,3.6771273081058213
0.3008313566623707,5.396677796357211
0.3339370746744494,4.663678784504573
0.40560117292180864,3.6025240053576746
0.35302746369766885,4.324525112045611
0.3025726349192447,5.4450461637610665
0.35830964823292516,4.2253715906573435
0.3379550542485147,4.673528651034161
0.2975766908687302,5.442416080936482
0.3706470845617734,4.053599973172246
0.300413905944754,5.509017744371279
0.3031800979448914,5.30427628411433
0.37315457643426725,4.075218441756628
0.3471986834877526,4.476781685920058
0.33599823007552143,4.655370739046129
0.33966472681546067,4.554004991906127
0.32027630719929895,5.00417198471132
0.3736638926213701,3.9903755395237446
0.36502153598849435,4.171795948718043
0.37939493471094143,3.9650762103394834
0.4389370032661913,3.2464233288672246
0.3324690120769546,4.578469311431753
0.37909433905036416,3.9987797002007563
0.35272313606215216,4.3283396912726655
0.32769853320182624,4.861788985115566
0.31732697951587446,5.053559991007996
0.3385076992128857,4.573750434621843
0.3981711621934976,3.703384302069853
0.33844388143941206,4.537718866504127
0.3839426552743482,3.830899485068067
0.2793804372772045,6.077757290380399
0.35049877593299983,4.420037311547515
0.3602597267709705,4.331019967501041
0.33372888177262955,4.702341150064063
0.368240122300458,4.095095905238179
0.3112696500600577,5.081674655812789
0.3518589747881492,4.322563747647542
0.327776498005629,4.842138196765496
0.3773641378521688,4.011249584828563
0.3508988238676078,4.322951195804496
0.33842529289341494,4.572873962561625
0.3437869976179658,4.445621213581763
0.3363872700589693,4.690824061991661
0.40880517779081177,3.6140542259088457
0.3913168709369773,3.7934754882076698
0.3898364833868179,3.8854032420608995
0.3487311775840046,4.424924612628821
0.3165932887489834,5.032573747363985
0.36757498885304996,4.141534622831158
0.3418589267364902,4.560323400008866
0.3224193716129886,4.850644492189772
0.30255545760530544,5.441309823668943
0.3687391074683043,4.0774554653190656
0.32492637313431505,4.867019988131558
0.3535290559199257,4.294208554490348
0.3530119106223067,4.360136319358117
0.3603185478161742,4.1453843379090864
0.35333965669813083,4.351873342020701
0.4096812968569247,3.6241546723669105
0.3219003740491602,4.927486565656269
0.32659436227037,4.848988408959709
0.3814779307461775,3.888455936285633
0.3676261900645009,4.074593772433133
0.4066097815398359,3.6085281133320217
0.3091346224039997,5.154002507976646
0.40440795080363706,3.6495462842036264
0.33115886627293134,4.788418829745729
0.32803469711114325,4.78977009264281
0.3402620866621353,4.728501433602899
0.3623141002760917,4.158727085436326
0.3215463685370521,4.884927914757233
0.3899326664817402,3.8001705108474484
0.34217338710999035,4.499900264610415
0.32907482658395465,4.7786906858395755
0.32936802996455794,4.796999162497504
0.38501335706078066,3.8731004893107968
0.29841648456413494,5.487874371448737
0.34785516720825205,4.484397700115656
0.3502993132803945,4.35311417676522
0.38625504804480354,3.869234911009294
0.3518533074437221,4.361365770024519
0.3961303989945372,3.7019743318087643
0.3626319043544156,4.213382269568987
0.31420034855505946,5.036249900795738
0.26251779497132993,6.650960621752493
0.320694623726311,4.957483934136356
0.38308366549449996,3.914405204111204
0.31458439267783733,5.055631393042631
0.3510666618433552,4.414176342339612
0.3581700929572176,4.237547473498273
0.30511711252770973,5.226245199268094
0.3566532884952214,4.307687865511232
0.3993973898620993,3.7036823402771395
0.3970320545896942,3.710855087627354
0.3247644495279498,4.860124250892971
0.3682730577358687,4.182754556886621
0.30381243935760904,5.248451085110825
0.35661303877035205,4.309990388533227
0.3683810058136311,4.1080345223596675
0.38869314813707156,3.8354843020568206
0.35535660466356955,4.333153385044007
0.3148982116825721,5.077159516164195
0.3068795765451263,5.31539902773447
0.36116914834546143,4.1802315535042025
0.348019325576867,4.456996662657707
0.3213322717070942,4.912437825145784
0.327914918006197,4.846603034970261
0.31137233614772153,5.138442408634882
0.3609450787466498,4.278475182454604
0.3124253489087519,5.148598834595174
0.35031030409350006,4.362345361402724
0.3936517799834407,3.8463069037116426
0.34941367206149365,4.348153286926411
0.30743551449766765,5.3148925385183805
0.36052685144002383,4.2759227769756984
0.3270848028040172,4.803066090426105
0.3444270255326646,4.448182296622765
0.36321830567508306,4.218630847607485
0.36586166713545465,4.202413037266009
0.36519148552657454,4.1188051192938575
0.35020373254490395,4.396316163615293
0.42537121300832426,3.4598105286322536
0.32917103251501656,4.7354335635021885
0.3382030416858319,4.621446989256578
0.33151639408111605,4.775933571933972
0.36420480041170705,4.201833142937982
0.36091527272623014,4.1904728674689675
0.4149847374529034,3.523241059050542
0.3290748294381699,4.718435706638948
0.36897591627727205,4.07921599946181
0.37333303759232955,4.004270741726099
0.42658794031250336,3.356081947375362
0.3369895260610235,4.694019410798375
0.3946441055007148,3.7933173885275777
0.3074201712641711,5.296705325508346
0.35429930225015216,4.273122814856635
0.327118372177049,4.883238301981398
0.2837050121844594,5.7380120865687445
