,timepoint,infection_count,Std,N,Missing,Seroprev,Std,N,Missing
9,70,-1,0.0161262194041823,500,0,0.174,0.0164540309179586,500,1
16,119,0.168,0.0162531687585626,500,1,-1,0.0203656615710914,500,0
17,126,-1,0.0147834133612264,500,0,0.752,0.0191151970190325,500,1
22,161,-1,0.00733484282093712,500,0,0.87,0.0142839007994769,500,1
24,175,-1,0.0052967526900731,500,0,0.896,0.0134222143673968,500,1
26,189,-1,0.00370998844366789,500,0,0.906,0.0129464733017081,500,1
48,343,0.34,0.0209815642979269,500,1,0.974,0.00793997568370508,500,1
53,378,0.102,0.0131008356467684,500,1,0.994,0.00427077727894292,500,1
56,399,-1,0.00828479228282567,500,0,1,0.00312497948182346,500,0
