,timepoint,infection_count,Std,N,Missing,Seroprev,Std,N,Missing
0,7,0.006,0.00301519443886095,500,1,0,0.00183534217211384,500,1
10,77,0.176,0.0175708970751918,500,1,-1,0.0187045779196264,500,0
16,119,0.168,0.01636073123826,500,1,0.706,0.0203851664863592,500,1
17,126,0.112,0.014897795855186,500,1,0.764,0.019143974857754,500,1
22,161,-1,0.00735280226480693,500,0,0.894,0.0142504331990362,500,1
25,182,0.004,0.0044434814614217,500,1,-1,0.0131224245325401,500,0
32,231,-1,0.00186650462126348,500,0,0.914,0.0125268234025816,500,1
43,308,-1,0.0190250260956395,500,0,0.912,0.0115176098199102,500,1
56,399,0.024,0.00797002907605869,500,1,-1,0.00314342744795185,500,0
