,timepoint,infection_count,Std,N,Missing,Seroprev,Std,N,Missing
13,98,0.244,0.019036126004741,500,1,0.466,0.022336432980937,500,1
14,105,0.228,0.0184613370032348,500,1,-1,0.0221805928959751,500,0
16,119,0.168,0.01636073123826,500,1,-1,0.0203851664863592,500,0
22,161,-1,0.00735280226480693,500,0,0.894,0.0142504331990362,500,1
32,231,-1,0.00186650462126348,500,0,0.914,0.0125268234025816,500,1
37,266,0.02,0.00557731882076543,500,1,-1,0.0124295842243988,500,0
53,378,0.086,0.0127882602686576,500,1,0.992,0.00425781583347358,500,1
