,timepoint,infection_count,Std,N,Missing,Seroprev,Std,N,Missing
11,84,-1,0.0185499071016057,500,0,0.308,0.0205654259571875,500,1
16,119,0.168,0.0162531687585626,500,1,0.692,0.0203656615710914,500,1
26,189,0.006,0.00370998844366789,500,1,0.906,0.0129464733017081,500,1
27,196,0.008,0.00319108674398691,500,1,0.936,0.0128191468103916,500,1
39,280,-1,0.00886178849661166,500,0,-1,0.012374044387188,500,0
46,329,0.382,0.021663622730717,500,1,0.936,0.00971219878580738,500,1
53,378,-1,0.0131008356467684,500,0,0.994,0.00427077727894292,500,1
55,392,0.042,0.0096527664902763,500,1,-1,0.00339098309763333,500,0
56,399,0.032,0.00828479228282567,500,1,-1,0.00312497948182346,500,0
