0,1,2,3,4
1.3558236655291451,22.837783951475014,52.95202262825343,150.04114002576392,423.08022475537604
1.34379700820439,21.584714504518193,49.86723518190028,148.78356150739555,485.0748965284853
1.350936069866026,22.67109270095179,50.21611639383323,133.73342875101227,549.0604158744422
1.3262432987530328,21.860998770488948,52.489779621601414,150.63296087957568,512.5376026841698
1.3342403555424127,21.124167439893036,52.547738700372676,144.8164065995256,418.32396036864037
1.3164070307051934,19.658722435962293,50.942135001965404,154.61407410161328,373.73012221001756
1.3223976214604036,21.494514267578666,49.94213835540698,129.30155750187924,476.03717705326613
1.3078214602920295,18.918526790271233,51.90684304008231,170.9990723978506,460.2405113492866
1.3421410207435063,21.637337824325638,50.73008447777277,149.10496404412382,492.1483158946886
1.3183097029155664,20.215809086055877,49.159117708125365,152.52302298344213,453.71175848872616
1.2946584200065037,19.59813311132659,50.38559593132296,151.40750020611273,451.4037208099633
1.3275206416176841,20.710062163304677,51.10150889637865,162.11942656850897,505.0925441430331
1.3644326127006372,22.77129712495097,52.14645859197087,145.16386942412825,504.7368730200022
1.3085999966376056,19.210868785425927,53.08616482775311,168.71787958736198,371.82378586897954
1.3113013869443626,19.729677156829915,50.907362172599996,162.9040719669183,456.8818937063437
1.3235392339098309,20.713290441836673,52.57695694959355,152.81467595839734,411.2894006747113
1.3328313256627173,21.18073655156976,50.2365746262196,160.36462799114446,491.0371005929106
1.3127927276821927,20.559573349243003,49.02653067205195,131.12425234455657,458.3918275335132
1.3538840883878709,20.978157046195395,47.76793878160946,161.2745552763433,479.1383682707053
1.3265287197102755,19.653822117398366,53.48652288806742,188.716013954218,355.79261438068033
1.3560707917737425,22.42902610298674,49.161337810685545,138.54438223832102,532.4798225060791
1.3248297735282926,20.526086383089527,50.34160521223868,150.93047606776733,438.2456407600733
1.3123326075865183,20.296115269398296,49.45942519923605,145.61587639828124,449.73641625726606
1.337646502487071,22.662529431203826,52.92536869818983,150.0182697156012,548.1698612533886
1.3356748556988935,21.343909418530508,51.23874968124242,163.05320945172977,472.28520362208974
1.3276963328963263,19.917502159311532,50.33142284639736,170.73575653570873,377.3665798254658
1.3630261593625348,22.21609403454519,53.37514638950144,156.79273308209423,435.2253482633104
1.3623260118166143,22.417212438466304,49.991196768711546,142.2138298356444,478.7950355529453
1.2879209070235524,20.682388101617747,52.52365191757256,139.58966168616487,550.4259674171891
1.3176147127918678,20.001704176179828,50.26994482188084,141.40518039558665,466.2539066817393
1.3424591818316038,22.700169550472452,51.5468225862009,148.3710834299466,603.9308968957205
1.3716351139751932,22.59531413245888,51.6762332855551,142.30840615602668,530.3813826238929
1.3320785610738044,19.765869922830294,51.347252357063745,183.4449459827809,381.34848250446987
1.322784424121145,21.008864779466535,48.37101830305301,156.61029611192433,519.3142598095387
1.3455160343774206,22.85444465084086,50.58621451573868,135.9106168672927,529.1746912196061
1.3608007278856704,21.418484758145254,50.848639762015914,159.73423365638837,411.85278175611205
1.3594980813507296,23.124224152288733,52.160552352816765,135.5097100195004,530.8846761735301
1.3227182249158749,19.719000007038222,47.95898071774947,153.18366142675933,376.47989299894937
1.3173191770838346,20.99171372646103,48.62056430983533,125.98103999718299,491.97339706158726
1.3279012882338799,21.101343112815467,52.65434808862519,142.47106763792254,562.9335569877725
1.3122124002704214,19.69091304750519,47.9268276895095,156.16286700912724,450.5452336048927
1.3544865052329196,21.7950411705492,52.472049006285694,160.8326241789551,455.54192615184064
1.3476402015230506,21.747552211188793,52.39291678470258,165.56173863584206,550.0655560806321
1.3263928525651099,20.018975379849522,51.38035934142035,167.90393780629304,488.5342952086453
1.3561561414389602,21.644452398975506,52.75417328071568,154.14482408970957,435.6905875157763
1.3137823948686225,19.33917668013934,51.552300862707014,158.2413066533627,481.84512458620225
1.3047666168903176,20.23035952856872,49.550416028428764,155.46034814973387,438.3160348329926
1.339667443822562,19.906801093833074,48.88275790844421,181.26109340969293,436.18406051747814
1.3920102996926265,23.92597201577361,51.42190782217119,153.94029845710014,469.53672539878215
1.3156670115836127,20.300889101928068,53.33705682654737,144.56661530659758,413.08562534411925
1.324172368683176,22.08317537690006,50.55019922124159,138.3356519903445,489.8680289235355
1.3555495822054457,21.155592658610402,55.45587783644231,171.9305986269981,398.2240276404564
1.3343407377642016,21.44086828641143,49.31100002670774,150.80488207603128,506.0090946899285
1.3192145849264676,20.75475314762417,48.632207053476414,144.82862483121403,487.61364755651374
1.2919761807281074,19.60014114106977,52.64691998023317,169.9278388708451,429.8815083452902
1.330524526987423,20.988162194656933,50.93272159522969,137.26956093035918,505.6143989781737
1.3362079029710816,19.527902482790623,50.025842831388836,169.96286729657396,415.7241089020847
1.2918493638386752,19.838062804102297,49.84719583875692,146.29058080027934,453.6847431645966
1.3073061608524679,19.96795888743635,48.95559991234123,127.17316194626942,391.83001166383315
1.3246338650169092,19.89082284394306,49.6085604828002,156.49376598385618,420.7182723509847
1.3410748297890946,20.329800687035444,47.219044116172824,152.16239309995763,519.3787250719975
1.328697940044708,20.636933888873983,51.4190041241746,148.12262270988722,509.823379097099
1.3511585451698434,21.863128799150015,51.10528594561112,151.72400558992237,482.73869863318134
1.344246071420828,20.423718838681822,49.930732288777804,157.88013953701534,408.4000771012878
1.321102475206665,21.206560295873523,53.038472224427714,138.89429389911314,518.906473935604
1.3131350779171318,20.32069776402671,50.19834085710093,137.93615316812193,449.93551723107817
1.312421603775444,20.7308704782051,49.37502645063688,138.07220948403807,517.4713208102161
1.332411403647416,20.307047346145406,47.65277898161171,156.8174981691156,416.9432085543246
1.3244322657477845,20.16714178632739,51.04999094277397,151.0190037046588,370.71916341802716
1.3455659627487209,21.240918991151705,50.311363362117,148.34379201018885,493.58974708416366
1.334178897822452,21.566892303556518,51.850393423767564,148.47688907582702,457.14901154578473
1.3227467251359024,18.30927612109627,50.99476928331743,172.210894223795,403.59796083234556
1.3597872056726836,23.14528910688478,50.29497476527443,128.54000632249196,608.3192826475866
1.3553158448362923,20.770431629392665,53.225553893433506,164.36803880880092,478.12831230069463
1.3292516440567954,20.771508494259365,51.93287430696928,165.99869798297902,471.31847388640136
1.3050493512375987,20.108697789829634,49.674902642582325,148.46376990861953,411.6414004527363
1.3245242426491914,21.164830562221155,49.94890307435647,126.9002610588709,531.6004646115719
1.327460177465859,20.77302874724711,51.906435705774506,155.9197668192645,470.8296711233815
1.3418175113144106,22.616648257015928,49.38246255214567,134.08449226723056,545.1331159626532
1.3181333316079005,19.902379206279182,49.772616320839255,152.90030712416086,546.6853618428964
1.3570541380227517,21.620593576441465,50.03937699597423,154.54510122736735,413.7683573006007
1.3293479152281227,20.713492954548535,53.026669212150956,159.78047727500734,544.9648899377013
1.3148687340918717,21.311806419587317,49.15389473850865,129.06925301746196,468.86526212514184
1.3313075225702715,20.983416244306326,50.7179494445341,155.75135701180696,447.9780776155077
1.312185897659931,18.633385029535077,47.70076550310987,164.20604941454758,348.8132688244957
1.3174054866964764,19.037936999146474,48.517982571722634,178.21652512525026,404.1348187672203
1.3348854120897722,21.049007821048885,54.90468144379189,167.67278964411756,549.2566664734557
1.2962892194847004,18.366240425532705,48.115674176385035,159.37155288037343,418.38425121151107
1.3332566033309907,20.65161809749843,47.365270887784675,160.97642643883822,408.82821048482003
1.3137174396081237,21.28422707452601,51.57764182508452,157.93686527334356,485.1271047702202
1.3273990830569034,22.80354957503036,51.077721848043964,135.31648737290584,478.6979336758549
1.3161446833726491,19.98499506770984,49.73307358254941,153.81717703718888,413.4911913472109
1.3068050920650947,18.37682339537275,52.314124444917766,188.738356357789,414.95885170573496
1.2913170774865288,19.13727275447278,51.41411411896319,157.99353987888415,426.065564023428
1.3828081085634432,23.7543224106793,54.33605860169604,154.59550153549762,485.0674140986135
1.356082724707759,21.644275796196965,50.70737016848444,163.20267188107493,449.4910149218433
1.3454460255179657,22.56777539734161,50.45622422058999,136.43585389824366,520.4682953741235
1.3265452192148142,20.791467522988842,51.565964438409154,145.31849256934757,372.60385068392554
1.3369510954468118,21.800429758299366,51.77352502404802,146.03083387017182,396.5871026738429
1.3528183361844506,21.853643984994555,49.18884133255318,151.47201323212988,525.872701643338
1.3443891269651425,22.154448922843983,52.874132755100405,150.4940386048989,488.51926574239286
1.3028890796094754,20.074197178328646,49.54701739763017,149.5747065377244,490.788558259507
1.3356825901451734,20.46139676561239,49.37510968254934,147.71813635935746,402.6953467810802
1.3296526864335168,20.65428775000732,50.73444892258857,140.2298212250926,428.77408131422976
1.3984667581922456,24.621187893605484,50.27757031172938,131.07426410763748,511.81236099704137
1.3452655133674614,21.487451642897366,51.471333760594135,146.5803089204241,508.91430531028004
1.3182582913857461,20.132431784357912,49.3291733572589,155.25717318720916,421.0286256663801
1.3055575799758408,19.63198924322432,51.53271293626451,161.9194483340296,375.22955306530645
1.337095587841492,20.7962067527921,50.96186443801278,139.60049898859046,408.0456149267862
1.3317033352045282,21.604737993145875,50.50705763454509,135.15275575316122,421.27198703648224
1.3582514236605152,21.09920440077464,53.81568751678308,151.32423730925782,402.15490386184985
1.3491973270635556,21.765497767834834,49.62281911840425,151.86939313080737,447.03802065677695
1.3183742539935712,21.10136670257003,51.36732530524528,160.5781774440646,528.2327723690349
1.3555033385588886,21.921202221952754,51.32325962031413,153.5710814123695,458.22647777133494
1.3399056717576672,21.78704801528879,51.53083774797365,141.1108862131709,544.3072603038224
1.29558275837589,19.163694526893217,53.00955721863116,165.4267942537063,379.9759017944666
1.3351183962904372,20.012997748780645,49.781059810083704,148.57104676710836,381.02494686634805
1.3074655782001072,20.734188607235275,50.289073618539895,143.5610737112827,483.7841120957893
1.3030388141757143,20.063192800728785,51.1898835434671,146.91396298127967,443.8827640601743
1.3036374327210318,18.86463978901726,49.252597690418995,173.05776025676943,393.3943275989447
1.3265273034727394,19.769077285022362,51.87552002872019,171.9395645037522,439.03664629873634
1.3143678566550543,19.536037825188554,49.569674997998014,152.45426933489364,371.08213794659815
1.327421291772429,22.443907256233693,49.62758332103288,121.32513280225866,520.885479437514
1.3501592377286291,20.747384849784353,49.59585732565297,154.79781025814643,378.37794782192924
1.3363657680974081,21.738274722018208,50.722264790292805,129.17187309230619,523.1916197807543
1.3375873375979126,21.90459191769351,51.46805469084029,150.6392129926005,519.092894757295
1.3510489758855853,21.285607320705132,48.79476507008135,165.60659929366014,453.97500656388576
1.3532728963438743,23.489569415536575,53.67534171498911,145.88927839929207,468.2157577986397
1.3248926267713537,20.44065844285325,52.6366735274381,161.60957873908856,475.0375826538541
1.3354655700351028,21.52267307415591,49.46856433295349,154.1592459663686,524.0201479066973
1.3699515759321654,23.714771364261082,53.41384800578645,146.6367876858575,487.28783835855023
1.289423887689556,19.291614621972435,47.17660538032419,149.29874377570934,405.8477087666854
1.3039651656825693,18.82992773924899,47.962293702224294,157.16968215870065,369.0065110425102
1.3227105736983729,21.01638131484345,52.06888817293507,155.87430912832087,437.77077812794516
1.302167699935814,19.665541515095306,51.028390697102324,156.18968448801434,503.86571638725223
1.3217794699356855,21.149382762056447,50.69452862013121,150.98094920647534,488.37618245825723
1.3294437796707808,21.5015110176598,51.66456977270919,141.1608292229575,412.14354665976015
1.3507935374680553,20.943116979272837,49.51458506465915,160.87876418521392,493.6089397186369
1.3155129229928704,20.46200304547736,47.9748498362793,140.6270933395932,476.95759697665017
1.3469304283957397,21.094892890230916,51.89825959317405,158.59534939580755,487.95602521486444
1.3492489902918277,21.295907799731502,48.86304706851298,143.19116994851146,429.8954653379533
1.3158092757515434,20.555042373927616,47.97193563372079,135.298472438126,412.9684311151314
1.3323082245907572,20.555229168809376,48.84336548663501,153.47257916199658,445.93017046212236
1.360878145031372,22.982851986486345,51.27486118222091,150.29413186601298,525.7087536665981
1.278158073975087,19.15375946812847,49.01770804528893,143.5416401982188,459.2646880833393
1.3244072485727696,21.47746726460244,50.16008187526617,155.77982434114563,536.314357962146
1.2812788245357905,19.651664160354294,47.22078982563804,131.1227610981312,472.38851687716647
1.3153922180417448,19.46244490874662,50.142761231133115,165.30845962000012,420.31696490484296
1.3270828194161715,19.586749519177456,53.319053278607186,149.8995463389082,412.30604690780496
1.3556518923331966,21.562096315917284,49.292214727348714,163.7348566173609,447.668231106095
1.3194775053503283,19.395814634513734,50.5403155672997,160.47099436219318,418.9101851520944
1.3590172237319271,23.64009730417824,52.004244559829765,132.97643873877448,503.1199765310643
1.324041316588691,19.8922965458175,51.689581732792846,168.68442077887002,433.8882327373367
1.3108049533513313,19.48699104459443,49.15556252060465,163.09329820543905,424.532930983743
1.288056960475363,19.398173416928067,47.93756914255429,137.39783628900204,421.1173539075212
1.343739471288622,20.61656210584932,50.142336487250425,170.1851984678711,528.914221171893
1.3391976983599025,21.30948519143236,50.83059133210096,140.74082983962498,565.7495692728427
1.3334619850910574,20.392415292167577,49.61735922413196,162.956691467099,455.31595625088903
1.3493320057850524,20.00799678750515,52.43804596665454,172.75383190494134,462.9098992549875
1.313246762317279,20.685360332621457,51.18337321901675,148.1560283334879,485.79745826699155
1.3482792806089166,20.73729669674886,50.091542391256674,168.51299315587733,431.97235378221336
1.363246478422758,21.248332706055194,53.112984298218905,153.23467651320044,416.87603981298565
1.3371804342589328,21.143748616596078,51.76431968819912,149.93996646838124,478.2909311562152
1.351233748610182,22.031373625613618,53.36947313203315,151.014349048136,460.97632308964495
1.3412091481659125,20.894881090758016,53.21532145910208,148.2304533770456,450.6005543161365
1.3097766133876356,19.39264495699801,51.457790726695386,176.46320053798027,458.8450281068379
1.3232785347899405,20.88032803753735,54.40997848093012,148.40331495787268,440.62026528896916
1.340136213162837,21.435050999758168,52.51568950363661,154.3894861105464,419.91753509863696
1.2888260142836745,18.535664891858367,49.84106094488928,175.64806107743846,481.8961661630017
1.3494296328889113,20.41957199563523,49.05784794110227,166.76230060155908,411.9995284030946
1.3138866879363003,21.39507361417806,51.339552107510755,136.24487929528738,532.3452851433467
1.3390729272698167,22.200037834096058,52.16641700363268,139.7879046156554,546.862932430236
1.2952870845900464,19.709624499045198,49.67192203996809,150.0903030127491,430.3698975014619
1.3145821996324747,20.256292398452963,51.07285429926069,156.33750947114163,402.9068722161999
1.3088154076559257,20.11269004189385,48.50608085828658,134.47786295351068,559.2219618274006
1.3374011093264013,22.065020798677256,52.739215312126625,133.9761994739128,527.3426828834232
1.3278988020636366,21.955771642253012,49.64313084651202,149.1411838592882,549.3337863493216
1.3360077737054377,21.1938648324092,49.41208396538803,120.80012674412974,528.9163811461424
1.3386639643572988,21.208312099963436,53.55896002292741,163.84709964844592,509.8722389270945
1.330233651478141,21.580889174251293,49.99200130178645,140.993086214831,533.3690010258485
1.3912460009797596,23.35725664756737,50.92804368849258,155.8470821499202,482.1653786445084
1.3152387813210777,20.61945994702313,49.44928361267104,138.92557587252566,513.1598818657859
1.3196747841613257,19.797539931928533,49.55704043630001,158.00074015445966,425.8234979784154
1.3209172621060765,19.813307677664667,49.330468109744025,153.2235000146159,397.4648323873189
1.3056441885844485,20.421464700643842,49.235726604476895,133.94466989045858,513.9503218465112
1.3543135560352748,21.533632631222325,53.1629694340816,172.66110798560737,413.7051865740144
1.368636603226157,23.163729153830936,51.11168344167287,144.5147775011554,530.7668523622501
1.3114492223116097,18.86054526921263,48.32849709795196,153.22823689183696,301.69639919780536
1.3194479666404235,20.052224916027562,49.35619303863359,157.42631405296493,489.9379886029902
1.3458657195302401,22.822591971307656,50.120005023991936,143.64271525014624,581.7684848959182
1.3420061364049785,21.4060476705141,52.512563726133656,148.91917843201048,489.12742049807446
1.3282915067841123,21.498123201812465,50.409810927770984,151.881365088677,495.33438831840533
1.350476131717273,21.554547526298464,52.31159658611646,165.6019416602066,482.3087171601371
1.3158116932741557,20.709844136360104,54.20447977390936,148.0032500396098,463.4440113620432
1.3811757147555501,24.060955096118192,49.52354758334293,133.0119310822364,644.6655682258604
1.299541857918292,21.388960766814797,50.218276116756535,141.04975814460212,552.9496072148944
1.3406376166834644,21.070179316634174,53.30016743685971,165.22528331412823,448.1499714204668
1.3161364573906122,19.986359437709645,50.97407548978248,162.1386484518377,429.7941558711548
1.3062532569342449,20.6805726147906,49.69090097265213,137.31511374151637,494.1148726082086
1.2937369595630963,19.829544706138122,50.5036514345718,142.5993280696604,460.71424615843495
1.302274982758466,20.89656922369958,46.74599137443817,136.84758576730215,451.18994972702774
1.335902101308694,21.35084377761863,50.51562240377351,132.22720495687713,455.49675693236446
1.31846112498823,21.168578533371694,49.97641452062253,140.7997148695001,527.161410618415
1.3111775817969913,19.655118816806123,49.10198293542545,167.93464814371058,462.69486640736073
1.3446001076915037,19.76011349186355,50.51425004598463,168.84329817341447,348.912256635919
1.3093678933141604,19.553605143687687,51.572440995330204,155.1453582810961,326.04142987912803
1.3143960806284958,21.316162875694275,52.743760360252395,138.86326438481834,519.8238659407898
1.3530649620048323,22.234400058668776,52.10226974585218,141.16291232353873,500.16924847594566
1.3357685453962764,20.63380987092634,52.15617997802845,171.6343704290128,467.5037248418135
1.3177459042654878,20.57482425498324,52.33247745400907,150.98820013139346,431.29373293594887
1.3612047291800768,23.35533699962867,51.85546057483043,129.0826801330358,623.5961536067623
1.3302271532464645,20.58690999821348,50.36681891287455,155.09763142638303,455.0183316403497
1.3143080418455664,19.877561114208515,51.092019282448256,152.01237330325802,460.82093556170906
1.3368626682593154,20.56479688903867,49.71275631373693,160.89940835008386,438.1986212759096
1.3293610998110452,20.859064562304905,52.40847589074597,154.74444182592157,408.31392104764626
1.354747628154745,22.48902282897783,50.98228943050807,146.3944449184683,427.1178757615935
1.3299966347759036,20.92325123171808,51.354263415366816,153.46294251774236,431.0423707278117
1.3147457326216376,19.754810593869365,51.86690852675738,162.12337325649725,389.4501672074538
1.3088757319641484,20.867542799110012,52.661661077331985,144.7233352817002,504.85721009242167
1.3210929644024327,20.866127455834768,50.317859913607776,146.45419461087945,564.3076185758338
1.328985742464602,20.329970810079914,52.27640655067876,156.36577104010127,495.1270053322666
1.3447747571243478,22.91463060978469,52.13749611128052,133.61770298531633,509.7599716978718
1.3373914588933624,19.634101866368304,49.41969748951682,157.3944086199626,392.582903969797
1.2973535173176058,19.78528871864615,50.397404609994425,149.6394242173865,490.31196110258804
1.350986429641654,22.19823512312601,51.45094235268059,130.9212758546118,501.9079366307877
1.2949059723451777,20.222669319996683,47.56838191219273,132.03569923173202,495.70063801942473
1.3490202709943295,21.959395635784176,49.68244949183559,157.2891580537131,559.5490612851937
1.3214818896836058,21.152698546995502,52.256679248299335,150.78478689400748,484.60496446904875
1.3126074673999515,19.28779275961148,49.80487733102053,172.21026732001474,432.049160703893
1.3576144105539558,22.885511045130524,51.09785773313826,139.58325688293817,431.53105448688643
1.2972377694587922,19.43514338158068,51.802373266686494,167.71122318514182,537.0032758129281
1.3269581922722617,19.49310163169217,49.55460828724351,154.7140644265292,319.7027106612263
1.31374726966771,19.121491089785415,49.025278983011745,163.56720560715098,352.07917433271933
1.350958932837748,21.894048914612366,53.06352671927051,157.31817971933535,530.5978828000266
1.332739467651123,21.118899608945846,50.119503486021515,137.47640493421613,456.2296165147906
1.3550623247363411,21.522369264863652,50.32821080602447,165.91637036034865,455.87616356662653
1.3104087909519109,19.542347346001428,48.04793090386479,164.91718351826927,454.4771174435688
1.3153014187246233,19.281520490117074,50.372363689456414,155.89132563638017,360.29983845452875
1.3318073059928968,21.553522046677074,53.75296205171981,158.44740060838205,465.42440075117713
1.3282219087082718,20.707046968922942,48.07006675210774,140.23119689905,462.0707801271797
1.3164916332380985,21.45466517246716,49.234852229530176,144.6692331824018,542.9501568377118
1.3190354040195276,19.724795038235506,51.4055992290698,158.92927163331038,433.56823443669225
1.3200731024951176,21.230413267256043,51.226153998606954,145.412905901111,509.3400821370016
1.3345244816476725,18.708483431613903,47.7995759297453,183.04914852453834,342.71799377473246
1.3188160200412833,20.626462017572834,50.211158665058335,155.81413013897844,568.0741559964199
1.31106235030559,21.07768881589171,50.358484771801194,143.75005490924687,458.0749282370476
1.33311369712577,22.491245437522583,51.701805979561975,126.60128631912838,539.7055531195265
1.3369961129692411,21.177678661685484,50.987310818145886,155.5952311885898,463.3845587277771
1.3517512271147778,22.25777015480412,50.48779395581134,142.56565596615988,547.6710474203076
1.331582126306252,20.854321391941713,48.76267722090091,154.47346110437377,484.87442777720133
1.3400122799662193,20.852962015838514,49.21382881470196,144.78776859838905,488.3165733725851
1.3881299849327557,25.837914775814465,54.14494160362933,146.1307535906018,545.6310828536033
1.3836729479630532,24.296353782601585,51.691603855161624,131.09143206275698,581.624600376663
1.3301765274282964,19.859426480475232,50.48338677883384,150.81307199494077,435.59051945119325
1.306891693851665,19.897486330761286,53.1240315793332,153.56393658603707,495.99674148175313
1.324937708919703,21.403878716914136,50.74922179661477,122.03757013251447,445.2667197457327
1.310546692111827,19.55891755992643,49.63614553621257,171.1810635647931,442.9033935907343
1.336228456333462,20.666682853668227,50.310332510367274,165.39586906831912,458.50984135929866
1.3355575541483313,20.596664149034368,52.32155648481572,164.17800233919735,467.0284484315602
1.336640951466593,20.891200647803515,54.36489691886255,141.77982092856635,461.2786028566086
1.2748823030924428,20.30108712837713,48.03241177704738,120.29420524547372,491.8988808811433
1.2976776976886586,20.26937916653484,48.680650039585515,137.32162835399504,524.8085480648235
1.3728481070991607,23.655023148739765,52.49038897153299,134.68485246220843,472.68659572829034
1.3471508660103062,22.689672721932702,52.01635361373352,123.13417871194261,552.6159292702735
1.3392593317087131,21.17586716282061,49.724551400500204,139.8676265812577,469.27074497696367
1.3284752586973338,19.981099911961085,49.98198852814937,157.79857011847267,386.0124191764395
1.3277027939944115,19.59589821072431,50.188385011097466,175.72153807973723,431.66307959667677
1.3498002194008503,19.911158362817076,52.13987107657264,177.05623289679494,410.47295527222036
1.3323014090117578,20.469501071503153,53.83692299701597,172.84258249906011,461.6488661971315
1.3181374986594316,20.482861875354807,51.933162171162856,156.6968646823299,483.37802769207343
1.352182142472713,21.065792078105975,51.01208046440146,162.73789811955157,419.4127012595183
1.3172933915832619,21.234892213454966,48.68026008613781,128.61818255833728,469.11194133392155
1.3061373637835199,20.171178879270638,49.9637577038534,156.3890545409365,467.71160836565906
1.3515067044789408,21.792037622724227,51.88979121353443,149.75008930403618,469.77613898819254
1.3318243620982768,18.85712384979609,53.0461754796392,176.36124976559333,339.2424559295454
1.3504149300390544,21.21115876456341,53.07170172959595,168.77158193412055,566.0199543640615
1.316707124177336,19.56724003341856,48.09437412854874,162.91682311880592,432.22526071184956
1.3391391325440725,21.05146270632743,47.12451445069085,147.35435524572222,487.79001841777426
1.3234607545923198,20.40722167500392,52.87091880653023,152.41804284442466,393.05325247982387
1.3267675628002153,20.67437247775252,50.96937845561682,157.29506637721465,503.1670715331881
1.3111674029859248,21.047164532281872,50.31120113022366,136.04587399807986,463.50527557294936
1.3471185533504455,19.720306753718873,54.598774659220936,168.37420539249354,434.13775046990713
1.3531574327678173,22.524967229166744,50.96225924021931,154.48953876048535,447.7015302469266
1.3258891173938692,19.4334616372737,51.94928340871563,172.58623150571992,425.7352194324061
1.3102964986902936,19.235301256646352,48.34259039372586,173.2611251447456,434.0685259365312
1.331079590607608,19.877913054792362,47.5591401804544,152.51517920699635,421.29735077866684
1.3206993594506462,18.89711605420739,49.95815601194052,176.39702635672458,409.7808967487926
1.3415897108887653,21.747021443438737,49.68929424486747,144.81084376534392,510.4568906408628
1.3465516671295743,21.058406259516985,49.43130016013436,155.98890901322798,452.47817984437734
1.3338506414686395,20.68876377677792,52.759263387826415,154.74553875768225,395.1849214148023
1.3456602947369116,21.326254841459722,50.701742254525435,150.49098790681728,521.6122667748621
1.3276122052832262,20.990504035529614,48.11405177337748,138.95224792123523,431.07544247672143
1.3142913172436255,19.2598287588644,50.667167979748,175.71102476224323,424.41041015640496
1.3556851704681543,23.298419701126186,51.67388908364144,127.12513031931613,556.9664989666778
1.3480121986391136,21.977680597055173,49.69818743659633,143.05100134699111,583.1889008867402
1.3510971055127148,21.263846956208926,52.5657078743758,159.95645770791774,455.9398824053323
1.3344920380726113,22.548409017503513,52.65399025388197,136.0201524685036,530.198670145027
1.2991604368936105,20.18515697553495,50.29303262315751,145.3921387828354,447.74537529207277
1.3176210251528846,21.293945996772006,50.19030145757359,145.54597433897854,474.6804109387267
1.3229877182093384,21.22554714114801,52.076828108170304,149.13445320908855,413.435938843284
1.3174447304277883,21.062847919834546,48.97554768617945,139.232901090221,450.0177331558133
1.3516049323310633,22.074775747497732,50.074130378644604,141.16769628731765,437.2536218116271
1.3582837440435593,21.616900000829865,54.067466588527566,164.30629407487038,461.31390037066956
1.340438523299575,20.80085823000885,49.72637788669546,152.36956354819583,397.6132064642304
1.3337302162240359,20.08512674359274,51.32487052747057,170.48541886072033,409.06401304372355
1.3312898420352042,20.278672629354247,48.1385676036015,150.534968293168,516.0918267175932
1.3287910299670116,19.09252032903576,52.92273325253775,184.74771164607793,404.8217619385168
1.348875267210107,20.998538816687134,51.56259390238833,160.41043662682642,441.76469647665203
1.3088641147755853,20.633202870113937,50.92766382499554,152.96231784942688,493.88104715073575
1.3428182387646543,20.450732773148545,53.6552201713303,156.50802077694982,424.8188100056131
1.3395906625906668,22.425719553606754,52.92170732569402,144.3728699746673,590.6561289088787
1.3429636439043047,20.685208659356455,53.81949920573755,165.9420171365508,418.5980803616241
1.3401049712391564,21.123858410358984,51.28794297229419,157.23412029500432,455.85319862470647
1.350206381529787,23.161099148308345,51.85706005781176,136.4441955745347,631.6084807059941
1.3329007164730022,22.18258853437191,51.03413328787902,134.2049542017451,536.45590362482
1.318330130295981,19.38936127713115,48.805641264886,155.59493189020756,410.08184451964104
1.3429655535697624,21.11771358737212,48.47804056954602,156.23355609508116,433.2493042777138
1.2985505328895264,18.744659864068524,47.95864530763965,170.98981977848518,429.1837450924409
1.3557727913036188,22.06225793096309,50.062427066743155,149.84337555357908,502.0838533164676
1.355241425813743,23.54894915854401,51.850587480806716,135.2866352392535,479.59191999704893
1.3635962802651245,21.588746192448845,51.81096616960893,149.6060029510995,469.67892886104084
1.3434587321021108,22.11140399479568,50.32527200452859,124.13665295813557,509.0010840101989
1.3116091457354935,21.034422545240453,50.31077645030139,147.38929391495267,605.254044721277
1.3552635165753182,21.468225426799584,50.573786845178816,156.45335797246636,474.17594259768737
1.3332555967896933,19.902786747679656,49.581995869611106,174.95720561473138,344.22332781117194
1.3394063091350423,21.379788943017438,50.56968272683145,151.88194064540505,466.45872233802544
1.3037089424359478,19.57212755529441,51.17872785044586,163.60069804949103,377.9469442010081
1.318644793669724,18.663439896398224,52.880831207489244,171.99722965912167,363.92345663177235
1.3204447670415642,19.45078460794575,49.7324845660044,168.30254017149963,406.93465433751345
1.3046003108579551,19.58111652903426,52.61294402071499,156.25835548087065,463.10318456030143
1.3712371449190188,22.27246915773936,53.79233884837172,160.93986520751034,407.51637815335556
1.3410406712051035,22.138709493819267,52.804302484634775,144.52990791203325,426.4661249750238
1.309656596046359,20.493687031582393,51.14524967988955,158.79115216086743,428.17798875244307
1.3235222147884969,21.217063564499078,48.9692939628878,126.15333309539284,493.8326157777251
1.3449784627206214,21.448521533502827,52.01008484812338,164.43907035644054,466.6173749388852
1.3191742731259688,19.515019813749653,52.32928046443072,160.5014159580453,395.587114661252
1.3307849193898431,19.11644182162047,49.378019288890854,169.1872295292004,344.04605492412264
1.3702956525064818,22.524253837771532,50.36803542127899,146.87903147422765,517.0214691481598
1.3169758451575095,20.71030053322447,49.87048717016523,155.32388355141973,415.23139852361
1.317101920748799,19.91000134011323,50.03391593438104,156.62630679005932,469.5913543101417
1.376646597713282,24.577681806354484,50.08233595892123,126.62101220417571,552.7503410688618
1.322262476449047,21.563784783705287,49.94661545658351,146.08657224231283,553.5672571215404
1.370962016314792,23.258413766919777,51.724440956784456,151.64189390063495,539.877115738184
1.3285403440128856,20.112095498216917,48.601149773206345,148.55488249125523,433.9196332744296
1.3291999897845348,22.710294917522116,52.10826498257092,128.70370429223925,537.4730618928945
1.3499350708348092,20.655136186379384,51.41456854942671,160.12406988618707,464.52961149309846
1.3531590841948622,22.968005708053948,50.51719959224612,136.34810053370987,514.6292542215801
1.3343240899139486,21.215543862531597,51.87710454272828,171.23125761490968,492.25520491025964
1.3258710163626153,21.21318939698135,48.32891889305156,128.8322335307427,497.98845089809254
1.3244708866320294,20.340815566192898,51.00406082360999,142.22647025352947,462.58521334058184
1.3544594824947283,21.75340488338704,51.33476636756102,163.1747106656842,491.74323299820935
1.2997529998560364,19.596354440716645,51.49515746714245,167.087978829819,486.92228541362823
1.3290434963893536,20.88554263414709,52.198756115736415,159.5310517491015,436.2303433511775
1.321800763541438,18.506282769544704,48.78606675526543,176.12842792084928,333.0293135004244
1.3434227051043686,21.495779010492218,47.10872699913763,135.35291274424128,451.0644917732533
1.3282505570446643,20.17319429519363,50.17287822011038,160.6066104681277,479.14502745048406
1.3208981090866148,20.655305079098177,49.81166075434489,153.6529565692722,562.976495180493
1.3634234951176014,22.494720486035686,50.06641140723209,149.26666802164053,503.60198272283526
1.3520052363210047,21.40208029090514,50.1856575068414,157.60148124333026,415.21361530573654
1.3191430149469814,21.99439709688343,51.61755387291028,132.25368911092056,558.5471234762242
1.3179455093030357,21.391837691152208,51.10430007018708,142.54982996082876,459.96847335291415
1.308110577892276,20.67030837130202,51.489348259790944,147.56268056008344,494.91051979214
1.3261498977712909,20.869654945781146,49.8290216602412,134.93584418261298,456.96484960061423
1.3350459186395278,19.600274241712363,51.91681037358,160.3997557758962,339.1179749732912
1.3013716880247879,18.147812774201135,47.524468642611815,164.7748825112278,426.6094701447532
1.3295935693599632,20.635169403903,52.395427254630725,165.0677077404685,492.34333511292346
1.316865663543315,20.543995652215568,49.64556315377465,154.03517938563385,455.7318045427484
1.3716051793458417,22.65756886128275,52.91263701488689,144.05153532363082,534.0959720759829
1.3156375288262172,20.128010374372302,54.1721755573282,162.2064665309613,537.4801676262908
1.336935655684988,22.197347166479318,51.03372141664665,121.64783733304354,533.5174598866879
1.3319982569591604,21.066594825908847,48.951000950065655,159.43323772451646,465.82532103785707
1.3433013368655053,21.25064403292307,53.13320216966177,160.3933022006486,416.14791634040506
1.3049953057349684,19.328946320117637,49.729433380689855,164.5935403283475,456.3567676828491
1.367307319049242,22.78106284243485,52.83297535601932,157.27020790194757,502.05498890050933
1.3113628932205077,19.249977988442975,49.55393625947562,173.06761099983822,379.98636255391006
1.3187833968948315,20.5371653265701,48.83552346271987,136.5931680081593,454.18505327761847
1.3355423787282845,21.649968036140237,52.944978161322744,140.2398027521817,421.6357817560491
1.3191690516678078,19.52942966041516,51.0105952005109,168.02655448178592,471.9885440403978
1.3025773990775606,18.95682513102074,49.541229472273464,168.58576888452097,421.40497144803487
1.3312958547698979,21.268395046376252,49.748287094979915,140.52744699798006,471.61735769531725
1.351238682852428,21.202796212261084,51.70510569480722,164.42574355103312,475.8393510391019
1.3218878400998069,21.881724156017768,49.68851125531797,127.89234257137382,528.9032426420505
1.3239802757111507,20.396689254101684,53.75290937425017,159.9432537621505,460.56136334911434
1.3843385964371882,24.28198438736176,53.2850236314271,134.96175655782406,506.09266113416356
1.3659034383259092,22.495658772141596,53.54512827235341,156.77459093749528,472.89952361642264
1.3658369356788,23.229086629425744,51.224280535285196,133.80515381126511,516.7313239404634
1.326029425788921,20.779077628468016,50.321567036951684,150.68895892461262,527.2168636739973
1.3180788858742871,21.419707213398368,49.718056445517064,130.4256379087658,524.0091095538459
1.3832659682290083,23.6480176376074,51.01982692754929,138.54931503490548,536.6628722640289
1.3088268876185238,21.587799542496725,47.78391515804754,126.94170012060165,563.1468841601906
1.3071517439311364,18.945337930508536,48.151521114330116,156.6618051493507,427.3338031568856
1.3298965118970112,21.561032446340363,51.79532660597386,153.32497818285142,541.0863620858654
1.3342882018426323,21.095546123002855,51.27950628559292,147.53598711985921,469.59527028996837
1.3506897280509709,21.551197941108736,49.701942777918774,149.43157238105175,525.2210770173236
1.3539902535047732,21.92527138149274,52.036364504562265,134.2423738145643,522.4447849909748
1.3562231477859332,23.718511449952018,50.22095449433344,132.38724108568692,575.8349314532012
1.3083127753940607,20.501667145481896,50.58035180207095,146.7458724808898,502.6415556827085
1.32080836687295,21.17312373116175,54.75790146942006,135.65093810941394,415.10280304856815
1.3484912125237434,21.633978419808496,52.58469908036885,154.39944001045214,440.96630228646274
1.3443456605143085,23.16995362882342,52.339323260294414,127.84072360264615,571.817148408329
1.326735326971461,20.589068846880355,48.73653557223611,150.69426707866594,502.2537568158229
1.3260309111487123,21.687302987339365,49.27673365417826,149.05080846997865,571.5907743552315
1.3255489998582402,20.34761950636533,49.212615355854915,157.09820604371183,441.5362530991069
1.3141179848471536,19.565238545727773,50.534617152428496,164.7457757081345,371.37865430683297
1.2761620547964516,18.215873176640585,50.25018003994294,156.11148016259787,414.81625699551324
1.3503194861980676,21.015346220925014,51.035932239549176,152.75200066609452,467.2062776439511
1.3322406473453876,20.013694010429617,52.722178143716334,170.06687494023825,576.1370824566047
1.3092354825209684,20.310919159559724,49.31439779739541,143.82604198173868,446.83627746973195
1.3555427924834162,22.079906624380413,49.250887087676816,159.88545841124488,567.7822607361107
1.3262113845098658,20.899329881350702,49.23479456617545,146.32785526789203,471.0886378698069
1.3430188070412419,22.49847049666551,52.37079112748956,132.25127105332461,481.24945593441214
1.314660651737891,19.676157579229358,49.67955628076375,156.8148223740393,507.7513845319837
1.332671753311328,21.193329666809632,54.64996127552782,141.61649388805273,505.4399463577463
1.2830652586834361,19.42657257671859,49.431929463602074,144.1164903619587,443.19776986593445
1.298847116209122,20.08919350067468,52.96138352648678,142.53897946064708,511.5567088846624
1.3345896642653114,21.35366964459243,51.521551372458774,154.60420202407232,424.0513877768425
1.3396274109706128,21.208338542282462,51.996523555506165,149.01204697661473,446.3774763735978
1.3128052778780264,19.997112114811166,51.0278934817552,153.1983813106104,399.8793538920555
1.3366434143896497,20.527118431626118,50.1438688419569,157.37869957986825,452.6860611472039
1.3504755345893753,21.034240737647053,52.1770440791435,158.75942185716912,435.2801576245179
1.3271840075161019,20.44625636750665,47.823998660974844,155.4424047794862,495.1662691530277
1.346923909472801,21.99838676046872,52.180444285990966,132.25691888271663,511.0347620157584
1.3220031051828887,21.359896396428656,47.38708417244007,128.68222918804335,537.6441630443014
1.373820702530456,22.126970830297303,50.43963694570841,150.19197954856358,457.31522416761743
1.311647990591431,19.525306023730003,50.574935109446685,163.96269520022935,338.08472793406224
1.2829256859792446,19.327113577524184,47.390457731979126,143.80235018212093,503.3979034544374
1.3476099322487334,20.8436486726204,48.921656592439746,141.48004255829267,471.1329279446301
1.307870457067077,19.06143729977273,48.632142092565175,156.43352257747566,369.89119322870283
1.312710714884056,19.010669977522134,50.112488675416024,159.4469112007519,357.288687793065
1.323151124827858,20.39588849128116,49.01891612653194,149.4328526229261,479.07736627036826
1.3656739149410344,20.610485930619355,49.89243651371795,174.937464712302,479.0166962240275
1.3474881330611526,20.66988379858949,51.72280071647746,160.45109276326576,420.17194182044966
1.316097887267428,20.306580340693102,50.43568219241116,154.86163779853896,492.0248241119341
1.342080611126956,21.71208283683117,52.21404899760356,151.34735745418652,454.79235557363353
1.3729644788540105,23.680542013931372,53.97597578202576,147.91086476252292,506.1383193871641
1.3113308404857973,20.360339268004324,50.42352983267952,141.01802756847837,417.4354588886239
1.323808815716226,20.330586324058643,51.653770018154965,161.51051587877828,400.72716792100636
1.3044255372536446,19.455051852744432,50.47282860782453,159.44205112760523,403.7453207323623
1.346944207327907,21.218678775617683,50.26743072539534,145.18853594875728,490.55142127667705
1.3737360716140086,23.18419554013791,50.41186618132096,139.90672917707363,530.0540422359859
1.346060439544444,21.8986877607327,52.10414378131375,147.96282703536264,445.2800597833806
1.334218956061465,20.64518234644434,51.48618657073625,162.90041582226894,413.7028907726479
1.3475239574217146,20.603223004890637,51.521589776841644,175.31121547986294,413.1709156565042
1.3602251766585138,22.242384571739723,51.55011212740453,139.01066121650967,406.8679818491837
1.3091010067832365,20.669163894545513,49.32894300171017,139.33145115829305,431.51137772510396
1.3727156682559454,23.531228646907337,53.68592983578704,145.5076490418603,550.9554499634638
1.3155575145493057,20.216613886935573,51.653189806490566,142.28682719329845,431.56053823450776
1.3407294114507615,21.131954648834856,50.981715371493976,157.4552599202181,491.9587257470561
1.300869995796496,19.38538140303782,49.58782471972396,149.6721802598633,342.3219740787072
1.3269928546318717,19.36174459721763,51.03322634001584,178.68534561331373,406.64533962368756
1.3289017243467844,20.954685245316885,51.79075603964742,159.5417894341988,534.5975019904
1.3255429943416335,22.663358817583713,49.447909796967245,131.4341597237566,607.6050605017178
1.3289819684266035,20.171358699628243,50.060267363017466,163.73753945023174,495.6575155411531
1.336978424391166,21.04715405520933,51.42661433057343,135.80390965017682,422.1129816971641
1.2891529358100882,19.488561769746433,48.27845729315594,133.53037422131536,466.9367040234452
1.3084429911195607,20.33766366415826,50.14330752456549,153.5352090283305,446.5250718838722
1.3182348108818716,19.413176873552533,51.61366087068264,165.24151679057587,459.8665117704461
1.344708693713725,21.5177796524618,50.5161537808309,153.3936569088535,425.02646368239806
1.3075681659109457,19.7518678031574,50.9640881314054,153.6747593305126,407.7841979067966
1.2984823815860498,18.88085471958404,50.69040533513922,164.33011055500006,458.64584202884123
1.3542556192740962,22.867797755974593,52.39205157646114,136.4160244838287,488.07743542125155
1.3210841531094326,19.086587432597685,48.39039488686188,160.60402203039447,329.5093468610171
1.305039658865886,19.818446707870184,51.336240710697126,161.32818715774383,517.4838065477094
1.3417524558121128,21.414978370564636,50.678673564322885,146.1680443706392,497.0707600192186
1.3416650702940263,20.932213844542478,52.37437360790515,154.65944072184234,399.795623182337
1.344106815205973,21.526075751355204,50.959201129802516,155.1603431192195,425.8119061279719
1.3336116221434395,20.571966851219962,54.7153031820096,161.24438042786903,426.58060578408134
1.3398261513742962,21.4315702428887,52.37392183866346,153.8419885335719,389.7585345382864
1.320381927918129,19.413932585155948,51.44392966990784,176.79026683912545,331.1543002601898
1.3606595019359649,23.185125140828934,52.118754297747984,138.06059577675765,591.0616321462082
1.2998439599117084,20.924465689580092,53.08283270988612,144.30202805963552,447.05703653241187
1.3474821996846071,21.90340684904871,49.298357606958554,147.03778439794453,489.3573037186244
1.3629127049730834,21.42097486318065,50.31902302963242,160.04533827253877,473.93193769100594
1.3600461181638477,22.312692795711804,52.596550731747584,155.99374170939404,601.1032409930939
1.3297219397553974,20.639756237070486,49.84571489024953,159.63502558193068,421.6440570796757
1.3001530722283707,19.250358663968196,51.47713027001451,170.32171415768693,498.4610210687027
1.3192957073912677,20.365416803462033,49.73724288627538,156.95020952834574,496.36593812448666
1.3255847520537825,19.415158738530675,51.25085877487471,167.08885209481645,434.3271789143008
1.3413918140273124,20.398489468383165,49.72014738823865,165.428398836923,465.1052132908011
1.3810460985077766,22.101111584676914,50.79599874265342,157.69019790657455,466.74369237964584
1.3585637169069156,21.7624376885947,49.57156312246612,155.78108548804124,360.7426675183618
1.3255193969935135,21.836544287947877,51.214422408989876,137.176366858349,460.9668787920768
1.2947764358218552,20.19207212416908,47.03063076869488,124.31119256243977,503.73656916198445
1.3304088539853618,20.858140391434123,52.59923076618298,149.5768380891446,491.6945801513473
1.3467302352989283,21.84107307251443,50.53350309115074,133.21694359625664,496.372724155862
1.3003364581442,20.234522767147865,49.775667586559614,146.25502373345176,517.8205298601667
1.295345294957249,20.62444059504175,51.17672630100949,129.5830239125673,532.5233204593964
1.3269645007596897,20.272206898491387,51.48001890826681,140.66284037455256,376.1881730968818
1.3339148622926527,20.558717397374103,48.90254382780035,152.5168383343492,381.3717918756271
1.337577029903452,21.02406942554171,54.46061203727829,163.25891069894888,420.3000189631941
1.3276199429317401,21.058612701265385,50.28422050703633,141.88160682197014,389.36662632452004
1.3308659344952491,20.13279061518177,50.561013439061064,159.17390442215316,425.20020276362055
1.362058620310421,23.1204722751578,51.2054561611019,134.42712073161695,455.2262812161303
1.331887575711371,21.582484397712403,50.619015581824826,137.77228571897916,490.7832558752019
1.3326103668890172,20.810660238627968,52.694413615090646,153.4988243743314,458.42337308848215
1.3175778809900849,20.041257382096457,50.28945777908776,168.20514095796338,508.2275633843587
1.3305235980538404,20.7563171700354,52.64507526218329,155.52423865607824,512.337524409
1.35012380838665,20.52534817682965,49.87408707269646,168.46411448375082,499.4389380006465
1.3168522304037948,19.158598339852755,48.264958681937344,156.68921953636723,382.94731032107575
1.2958588496185466,20.373769128059458,48.30751877516827,134.25132164627567,554.0572150261509
1.3293279609314963,21.421945535102502,54.33604906908925,137.21595376300266,495.451154896539
1.3470254816696352,22.0101459823696,50.88213914839959,136.93041262249875,414.40119000693716
1.3239673223481354,20.70866560432391,52.08487877514682,153.6924586891774,479.0166523934363
1.3416633124994237,20.933121557998263,51.918079194950685,164.70301140340536,440.95921484389817
1.3015324733710876,20.641675995399932,52.53728809942407,145.39273331372888,520.1479532791157
1.3573511928611153,20.74769169112561,52.104205652986266,180.11171033881794,449.49954042922377
1.3363444845748367,21.110850089268663,52.737871282431364,170.1421460107464,603.8280027742811
1.3419911842729941,21.482939647850248,49.31948520912131,154.13671008847732,465.1825260850453
1.3348714859387638,20.142915733900068,50.644515348241306,171.40497368797364,460.4771343485413
1.3412190992403086,22.755294921942983,51.32846785760185,138.97102954316097,559.069347458872
1.3313758175512644,19.925072986146432,45.15477885509201,155.12990889828654,453.6021209622542
1.3071407163662596,19.263274086622907,51.21584992223427,159.8981008862325,310.47365295519637
1.3374596693663243,19.59355302332159,50.2909901859353,162.60040699519766,409.85335358942984
1.3356337280212807,20.99505826987725,50.76614165107977,144.63550702432815,461.89194888981757
1.308308365470088,20.726472831269163,50.9578886834291,153.07763552585374,471.6744850250353
1.3639652916536023,21.671242116909216,54.01909340393512,164.22914665191863,446.4236754770784
1.3443177409968874,20.18102727687365,55.27121233826367,183.80738408721027,472.1610577589713
1.342446122484723,22.52962627550528,50.76587485137189,134.91908502349864,481.7339991139643
1.3001135058892357,20.13421985689601,49.76267937089396,146.7327668038149,443.472015789298
1.3374913834741506,21.620314650262927,51.49027414311245,138.12502540886794,531.5412066477523
1.3654425734135405,22.216999673869445,50.68204990996523,162.457532418872,449.3500788482392
1.3252063229547808,20.90375794380374,51.357209923269664,150.0826333438316,524.5178096932395
1.3166695403316866,20.349868778071567,48.816207260404305,155.22141897934955,477.25418395719015
1.3211018458087203,20.20585600774766,50.60166215765201,144.91735905924654,422.2574878925899
1.3284652300110673,20.655909736393117,51.033179393432846,152.4050705434068,432.00404941931345
1.3335652868677546,21.987151202570324,51.550694509773656,149.92292371094393,539.7811631270127
1.3310995523498108,20.384789351010845,49.70574494852543,147.72775128984054,452.4913521442466
1.3298159590264005,21.17758880453842,50.63099714416639,148.5668496678112,477.8651743113097
1.3196831483915439,19.33647298246574,49.98801499806369,152.29230151714478,403.8888182776596
1.367197278906817,22.914533407574304,50.92883753790995,138.62602128336331,549.560773396847
1.3046327866583285,19.35340120844928,52.734672299808814,152.61147827020153,433.67867910097476
1.340924609553071,23.052280501095776,47.0111863045081,129.2338181932467,545.9324656673181
1.340792713782949,21.206470265329354,51.067700789215486,153.87109811041213,514.6155505429549
1.3107036767567921,19.80922945384789,49.694895188657185,160.42613745353785,526.7600604389904
1.3461808311533692,21.461319042515154,51.653132216631576,142.3383768851931,484.60697306465676
1.311995840259406,19.720651650171035,50.521593981986285,151.9839231164323,476.9346873191252
1.3225057959440107,19.934642064184487,46.37574370810387,154.28973835971448,397.1522547520715
1.361177251046834,21.439352307719126,51.04102607188357,150.5051752947099,465.3464543033563
1.3601050607987275,22.868237764067224,50.01084261848367,152.244460299298,529.251851366618
1.324763967218347,20.368066331418255,49.21739700283242,155.48805936070096,446.3971667209154
1.3181137470107893,20.575129498767772,50.51068584761896,157.24364767628236,430.1536662772209
1.3085314987912038,20.779151818174714,50.69084284166038,132.2410797507302,485.8539327200326
1.3137040373898334,20.558176018550153,48.84751947165386,129.9175544803706,451.40587332713795
1.309564921543413,21.179368321235994,50.28957949253478,131.71761696367992,452.46389384270907
1.3269531597237239,20.737755324054227,50.02887313885548,145.6121786749203,487.89527169729064
1.3245767592476136,19.706215863032064,49.15146350676729,163.27529176862004,394.33748002821346
1.328932196867421,20.030941066470675,49.292464243669336,160.9718393711853,389.2994416079184
1.3118028587921904,18.666700895682332,51.37087985647312,173.71351823731817,404.6456816826081
1.2852956158757984,20.5130432775393,46.699344220449376,124.73300202041753,541.1641956081451
1.2985892167325295,18.90941031722427,46.232900482531164,155.58361212970402,360.0500092446502
1.3337970831518557,21.0274561848044,49.152749557591456,145.9167880116075,543.021356794638
1.3280862276291572,20.799305516762814,51.25610993170964,152.2258698944302,514.7999928553243
1.3615161799936955,23.480084631299277,52.552632642123264,133.46922233490707,475.0313043756042
1.331462883794249,20.870207614657367,51.1790970037696,145.80695296544974,472.27302871677966
1.3448154615899206,20.807981829722504,49.84920160135336,154.45659166267217,518.7619841824801
1.389623857239455,25.972127244644422,53.69494760605834,143.2805769733376,604.1969524487561
1.3825013013864278,23.217559974002505,52.13822097543764,154.14811791556053,558.2473793646842
1.3143473438308546,20.327696161423287,52.23753973976511,161.43788268270447,485.4119890774512
1.3390285773009556,20.58511972304447,49.99212292470812,157.10308655530517,427.00792011731266
1.3676477170671184,21.075478718910425,48.851062623113265,138.10473850131513,461.00495979266367
1.3585696383883812,21.779957051138467,49.6042934346787,164.42101580303756,451.934926866292
1.384025413156027,24.655584105082788,52.01863090268003,135.16933881877043,507.0994908444151
1.3012935200962612,20.830355385810122,49.454490994380926,136.17538461381025,482.853639867996
1.312271369461952,20.458262015976906,50.858172935850284,147.37419052082444,476.88510882538833
1.3262260322217845,21.602593890201355,51.213839880530955,140.50388247781862,503.1189042065973
1.3428048755428783,20.51817668946351,51.15915400757438,173.3591287532489,406.3850017953927
1.3259439907222312,20.57567572380112,48.71077434380054,160.06799233579474,480.96611801067104
1.3311089253767034,20.53302756997777,52.18459276430176,173.87524433519346,433.24644848022933
1.294609360994078,18.65078765528544,53.06144612135239,172.93937454030132,350.32557877696075
1.3726927782265108,23.45810049823085,50.40495550539132,131.26222440781407,567.2175436122892
1.356522864455717,21.179872009324917,52.97880650818559,161.00022885344853,380.2157367371681
1.3377938311719093,21.199625321083914,52.015125462318636,140.61243736387956,412.41236022863455
1.3233383523752316,19.10311312270539,51.12738901261881,168.35234529417204,407.70012619169336
1.3307909967977056,21.409315354554465,48.04476307102195,140.68190108377442,562.8377103079202
1.3269478437140052,20.56831379511585,50.8816184314214,157.3517953726905,538.9380033663316
1.3357720880583386,22.154354577975703,49.996760182729666,149.8679724479486,458.0096972341127
1.3298359353428157,21.689455524635875,52.45378940970475,152.560200031558,561.3009286870221
1.3079351173154998,18.373251622413434,51.83655449464523,171.69765276920901,429.95604035671033
1.3239690822932786,20.7085092116262,51.94149577746569,157.1195091208839,462.5714492341188
1.2966944750167566,19.54976999726547,49.93164139978951,158.2785210493228,436.01844086438814
1.282383984082488,19.21204213916296,48.303619724500464,143.04383801890876,490.35914737634937
1.3080622306559433,20.49656294269439,52.51399133965844,149.49715347779758,513.5128220755198
1.3678263976758362,23.728555562276846,51.85544352505649,139.53914307070133,544.6326961744574
1.3453407366957992,20.170232716653732,50.495743993322066,167.6210199567612,443.0741660193676
1.360852287097501,21.369296804619943,52.59645268828375,160.79565986904376,488.63275579255935
1.3048810462389175,19.49209764141229,51.698060450756806,153.04441980737508,385.73739612368104
1.3069431497601092,19.295677041745794,49.90921147446774,150.82061228051924,427.3143118617439
1.291501170851909,19.934379177715307,51.317466736850676,149.8510658254114,403.56447511301997
1.2868244325765592,19.06916900601603,48.844408051978476,142.2447044209051,400.18729108029214
1.340689577862832,22.085667792952982,51.85850812690714,150.7316991480705,487.06536208403566
1.3423323457596164,22.715983556709585,54.0759730119963,144.93512129386795,506.1685335710446
1.3351601989666433,21.194396416701704,50.307240036025966,156.03503838908273,448.9878217120576
1.3125151420872876,20.75164633029045,48.848630217159425,142.5925891707074,445.3549427247504
1.3083510419405027,18.770933098903974,49.524068128785174,181.79489198334153,359.5754135083019
1.3182691289770139,20.88224456245696,50.4859265038482,149.0015769302833,463.7280435505628
1.309870377664353,19.640093560394135,48.22121587162094,169.10120109246435,506.41460074070227
1.325816293582388,19.8196534384738,49.866671689869314,169.66431867342703,404.5053871734357
1.3092364344764285,18.71458674087827,49.98933590743447,176.74340004970054,323.760567918193
1.3245374240725856,21.77578645927177,51.76667222450938,130.7719223201678,544.4294398621815
1.3127814808312244,21.56510726496164,48.854435274526715,140.06710807767394,538.4849961449628
1.3633958152727985,20.773384640670997,49.86292685321864,158.7282074286689,516.1023454173977
1.3091448527735745,20.559154310380897,50.7297302073678,148.96480710831153,449.2884700028097
1.3191265861732977,20.621861111969615,51.125312726713815,148.4984210121669,417.61936950828533
1.3150147974920143,20.487572047214837,50.51442722495272,145.94672214105768,453.2028866852533
1.333227774008498,21.40635334053082,47.42932818910595,132.4404615184826,601.2013301495799
1.3491080092313648,22.572123802485198,52.82922130393808,140.26090591769895,508.4468691102582
1.3322225710912596,20.71151694385283,50.253569132189284,150.51927684699322,436.03479907954926
1.335917578128285,21.374231807273645,55.29030503665219,137.9415857047109,471.82162919125494
1.3558518977699183,21.693302723696586,51.4123368904221,146.06459343833515,526.2311277320399
1.3381343440503386,21.763106469155318,51.41611108529656,147.10325849775023,504.4592189637645
1.3052254019856693,19.375844424504116,49.28673944103473,155.75575849313856,459.1022754104103
1.3352903247092416,21.14990503991712,49.83191305659113,149.09054734073527,506.3025890646843
1.3116803412643139,20.45424516848559,48.005322793141744,143.3068628398808,502.2974128535
1.3218709558228106,19.47047191466794,49.472754237840675,161.28332502639915,447.3827255223161
1.3545854260147492,21.867080937715123,54.13131377816564,153.3034453593468,458.1601911022909
1.3224742948757233,20.551525409015778,49.420990113031216,136.13476086911228,457.48897316288924
1.2919576799672394,18.46229627852126,48.31978591936401,153.4614468519901,377.6141166988554
1.314694130913321,19.657791035858146,49.448573139339885,142.25808005555712,450.7493674193575
1.31904111103482,19.777836892836874,50.62329897994899,168.52298351396007,425.95814000834173
1.3632818153233917,22.152232931689383,55.97131631724193,168.69707412511286,426.8462775562174
1.3500352093974355,20.49651289081034,51.31033815959713,161.49463246428294,384.7165813641292
1.3198760588562204,20.368706573631137,50.091557334970666,130.39545323088947,523.6900067050623
1.3071246152988965,20.145193262172278,50.721628772887655,150.39919500727967,485.1568056782255
1.3548454730581776,21.780937287162793,52.23759521457957,157.26272192037123,459.7501388704568
1.347134857624169,21.579059728167504,51.050518039051205,155.82265849891894,572.7986542434238
1.3411150626484363,21.72274822415718,50.31130574182338,146.3972231082504,470.6355774584909
1.329890375378918,22.221934711095155,49.87907398580802,124.94991726205954,538.5184505932236
1.348413175956218,21.435637918855754,52.582459986250555,151.91470847660534,428.7414641163501
1.288418218176332,18.496274619534574,48.59411601414848,146.60318127060862,445.1797197078686
1.3252998049784024,20.785995684839538,49.01982877599166,158.36503523090937,428.3074549894243
1.3374556054762166,21.632229595712012,50.45177437068291,147.31501839083347,533.89856319326
1.3247350522608354,20.333418632535373,54.114434182074625,162.035218030416,375.80812439854554
1.3171957396988554,19.19819113512227,50.27574765101664,162.01942556726476,413.1108170222444
1.3027999079743453,19.063698785691592,49.49821351674142,133.66642085977557,377.41860079097995
1.3704924740169906,22.141776147238556,51.454161729731936,162.94585703286256,471.46819952606427
1.3177740765019794,20.318318600363533,49.35099905537698,147.67459763578282,482.4210794465012
1.3467397134639514,20.791026237475485,54.01355883747664,187.75937691569553,469.3897440621784
1.3117628365548923,20.77738846494873,50.727527704616804,149.33531488527927,550.22908457438
1.3264666927958655,19.252816733185146,50.516029987319136,172.71794580366029,446.00085372440657
1.3274058236027346,20.630848133420308,49.8797824305383,157.5052425743391,428.853182900379
1.3496046826268906,22.08567429930636,51.0317410695291,139.0949228728179,554.9182735205483
1.3091768054867197,18.9952684731443,51.28993158230738,167.40203106150045,398.7550539685275
1.311989816796527,19.48340705822292,53.04533696234002,149.66973029135403,377.12054543625743
1.3311174399769974,21.444985670132553,49.34210609727237,133.8663830567746,567.4395210624504
1.338589388981832,21.237898702170327,48.64141289364758,155.8957806320909,469.4911922524308
1.3542433556410365,20.96077054331784,52.022417693708014,170.84793923695185,412.6519055037812
1.375347662119637,24.098717790268072,53.547487284669444,141.92158498096438,538.4533756889001
1.3462823155764685,21.651929987508087,51.01163660538971,149.59959213613615,524.4333905402557
1.30198120910697,20.109949625912364,51.65900033560477,150.140858505487,473.3309498010557
1.3139044966529894,20.247169072218945,50.40481684756524,154.47405669653998,434.4931462895564
1.339705000599936,22.359161015239394,50.999797038652,141.99533122992813,558.715596269348
1.3223546958942523,21.329551738684497,51.99440621501371,144.12122111548555,570.5800927660241
1.3200849628740432,20.216354276003862,52.19627262010929,158.0520355330383,474.5707021818762
1.3137843196219083,19.920598584281983,49.45794688474638,155.6086952584841,414.6494125121972
1.335880405726221,20.92882156274874,49.63583187236153,149.95041777621935,453.2007679048685
1.377933224483114,24.201315798295752,51.15881258697357,132.28209323942866,498.77686302185293
1.377593061964066,22.868776391767398,50.685287517602596,138.57192282928546,454.42474822830553
1.3331119721787497,19.473452881102013,51.00160029162798,156.07939390628002,497.31977397142725
1.3070061091705485,20.568614533561245,50.27438179469371,156.35299184787576,416.58626844603964
1.3226478949615776,20.150823592915547,49.00623942623528,145.501910488676,396.74303184781166
1.323633835814277,20.378419648970077,54.134016685939834,161.19757255550994,376.1147360915591
1.3459879829454215,21.93155588734639,53.832023798026476,146.1513010027702,454.6179320237977
1.336051612226186,20.66852000887017,52.13486104852052,167.08429906622115,450.4296434950353
1.3648143252337892,22.4675138365664,53.96358536472406,152.87108293007518,452.77541824656055
1.337083333561353,20.001691422152398,50.66441270564793,159.65005164500104,432.6687600639524
1.3214370253883856,19.21585903874054,48.450835455085745,165.6860451509703,416.0916445397341
1.3289347600725159,21.039152014617745,49.145551881055006,140.40355388244555,484.7040299848129
1.330314851698887,19.50355264084793,49.79352976168135,162.70657443509143,365.7041269405032
1.311080722369963,20.97508418779868,50.084231008369215,137.25005055951206,497.81810148164993
1.3176890103531402,20.266047133191012,51.00434038895057,146.8166175749646,537.3203145548418
1.3205136911758757,19.302411183621075,49.50345737966643,163.73472996317656,430.9639434095551
1.3291782611705134,20.083880800852363,50.82332878917674,155.60451046935324,524.588615909373
1.3492279967677303,21.169909662371783,51.056744997356546,153.2878249012583,385.9486405419002
1.3282901559507643,20.058348678227226,50.96931870204286,172.45363245639922,458.74809566434664
1.293771904957138,19.77542425773583,51.785607472501844,149.4358788396076,444.66912022591185
1.327455635893568,21.919320333578025,50.195321015756804,133.34996226182415,502.7545827515086
1.3717879331122593,22.614421604477766,50.97249417008007,142.1736234200887,541.8388314108479
1.314662098314022,20.323510686459542,49.79261008908132,148.66777609144336,433.3780815881573
1.3194887919044507,20.54626506698936,49.372042247312066,146.16248054715837,494.32522164661316
1.3194021299383085,18.463925931377304,51.96753241307655,188.1461238661301,394.69450572922227
1.3358773684279126,21.973729661911612,51.51499988231377,130.0067089724214,508.71429384382304
1.314667195812297,19.221739956460784,50.491949310266534,164.8176645900585,391.33938550615045
1.300954145359539,20.900107217966966,48.53243274939678,134.95078237857217,520.9660782091036
1.3227639244520726,18.488609856478845,53.13314750081187,173.96935102976602,344.65298054752026
1.3060501786294174,19.12643196524992,48.97828006261982,165.0829626050322,428.32326010109875
1.3008805218595034,18.21136666658237,53.846245152243384,174.55065076623907,363.8683241382516
1.3861664762785293,24.842424124471933,52.61094363619527,138.77734873920124,584.3813595015795
1.2927542638247198,19.588710122741617,48.74067935980467,143.00810925656606,481.2555673998597
1.3888825390496238,23.83260664437732,52.23129197061101,151.229161245993,551.9415962125623
1.3719564779016866,23.955668510884728,50.091824164186356,144.1523827153952,501.0993254251907
1.3427989282995196,21.951436216531445,52.1851576911971,140.20782596171915,536.9491846963051
1.3429499826820481,21.993277172475942,52.03947104606164,131.67595266690344,555.5327334571826
1.2918853790435587,18.412527077712824,49.35402585391717,172.02907936363763,358.9217735395642
1.317211470602969,19.73290353709979,49.178634030966535,148.87856749938007,443.2566709693629
1.3143344721991996,21.054460456639195,47.21737288950444,140.52893368989794,520.529679603236
1.350989866854656,23.943871507618493,50.65545111503685,134.3898272953351,584.5589213081773
1.3108540308514514,20.00078214133316,49.57862495877743,159.63903824074328,497.8262255459752
1.332056977921848,21.618780043042054,50.70202823758538,145.86665319124353,540.6979028372036
1.355520764270158,20.904551399562926,51.550092915691216,144.16383500258806,427.11163355473786
1.359727921137508,21.392606978002647,52.42352750512288,165.42423333404454,384.0353431358141
1.3069819657016113,19.99822246518053,50.71948604461684,177.116106602029,484.04558239012107
1.353771783615791,21.084217654275903,48.67879253515761,151.14879038559326,474.75230950171544
1.307242478849894,20.516894994523092,51.46880779276187,145.85188632407167,483.7932161384242
1.346999104853845,21.511753309260374,52.90424360771548,156.7776987802972,454.5162493178852
1.3482057361784672,22.397432373275933,51.74541177760064,151.46306429432076,587.8070252864669
1.3597513601132825,22.887892991238125,53.61941045508848,161.0406407484281,517.3324653281838
1.3384154757755509,21.247564973680714,51.250993200312514,143.16389114622135,473.62918987760753
1.348735439380975,22.39482049912766,52.353364053370555,132.17981484655965,321.537850947644
1.34436400433248,19.947683166147513,50.08477089870264,169.94463141037133,435.0054199771739
1.3135354808230577,20.256532384544297,46.60504420927602,137.7921026944239,452.45407588927486
1.3026073052044556,20.048789455489366,50.73923164665209,155.16990862042638,443.64181211512386
1.316757448824397,19.94102726612828,49.69476080155809,151.19266385372208,509.0078496865203
1.3214359755777683,19.66050498634869,49.04766450648607,155.93336485349357,448.3836338228509
1.385904535063104,24.243916467894113,52.357780041191454,150.35677045754252,522.8313403065443
1.360717451468799,22.01169702416273,51.93277409347552,148.25711517241314,508.69210680542756
1.3481277471216058,21.29623055738615,51.7644178038368,147.47842174093995,477.21655959066794
1.3273727604418621,20.368670441218924,51.475581415852986,150.1733984807611,387.70053483867383
1.3327791818944608,19.557695096945345,50.66503590204337,169.47687795163102,448.98762244441065
1.3233677370066468,20.34157628800866,48.66960868233357,152.23730216065394,462.63962405918045
1.367977823727785,22.45579885659003,53.04671461679422,139.18338152942584,429.8274563693158
1.3772074081877863,23.691604848694197,51.27459019991071,125.44146996661235,526.0327826429188
1.3578155375710792,20.848025587575005,51.85000954208669,190.37034615260512,475.1704343249307
1.308407091183843,20.30802832670751,51.37126176786542,142.14007671680304,471.58725982391275
1.320068707261423,19.72023357449827,51.01019399311249,170.14299308692546,539.1617833035891
1.3366794180605084,20.987076876347892,52.52297007645115,159.73884860594092,498.4335534289053
1.344112558420296,22.029581205250377,52.21318994707681,150.91860580127909,549.6888669204333
1.3138558854483902,19.98449695369644,52.27039354956968,157.95401645165427,437.5462994859331
1.3333291521607646,21.079092244491953,46.9186269175098,131.51474800740962,456.59956486429417
1.302126331784147,20.070335677283268,47.80363519145169,126.95963050882438,501.6158236203402
1.345779843886321,22.582264254477767,51.99702466447619,136.36810268277122,498.8284279777915
1.3048498289407153,18.80793303529615,51.28616559558913,164.99482367280106,312.78424211219874
1.3845395883322604,23.204072594961637,52.344664229986236,148.11527020271905,432.8918576092065
1.3384754032240913,21.696073172582192,49.93708936161791,155.26434571123164,509.3011487859995
1.3496136230849944,22.254967352574155,51.018405676076185,134.8875223527833,556.1098051358563
1.3051252154430841,20.533328855289888,52.070730354342345,151.25972504213053,428.00508522795053
1.3393340897160202,21.379305212692927,49.096054549776895,140.0978470455532,521.2137428759046
1.3063660766226004,20.19310965330821,49.16428512494918,152.66849957119692,433.5533917168954
1.3211822763281984,19.863297172182488,50.772332902349,160.136385448261,509.4974532854513
1.3089883200821697,20.410312326183274,52.8511071485817,155.89604270485364,503.0707369156304
1.31889623208877,21.1213690094347,50.582219249129906,141.50876240947218,443.0565657359774
1.3334985983852565,19.036673402868875,51.99785840819726,170.26293281881618,431.5231264426553
1.335149441084932,20.601997202909676,52.4263553687014,158.46624646630295,450.2116725173858
1.3333665456437014,21.590080276641196,51.35104592848021,149.31694433080966,466.70238534778633
1.3244080237312577,20.98272187312473,49.31959175956968,131.44435855418965,482.37298933641597
1.333797443065428,21.71911282938288,51.13608037566212,151.70362019733713,471.9152320359986
1.3241193374745184,18.705680677113783,51.283923068959695,176.09823110581476,396.97655242837294
1.3248295619165185,20.915986331828478,52.43680362396023,145.49046613352374,460.1960378505448
1.3154412826237827,20.886465733992807,49.89905820070278,148.2174219081641,513.7820693433251
1.3523862432259919,22.540672413950553,51.91054505417428,139.4714640137725,606.3396738513402
1.3598567734035614,20.961290098829746,48.86467258810467,169.72306989817616,382.4187258422231
1.3290493362941134,21.45858741625279,50.6700406514846,159.14836597596448,538.4924369749193
1.3304943733671104,19.840228159924585,48.779899852324554,173.9274875025986,383.5152675168879
1.333153157105028,20.445328951993286,48.62951317618329,154.7328683982762,391.9478477591731
1.3049187927516617,18.205681949100978,48.31461089945987,164.32259849271992,436.4701294963869
1.3558859447421057,23.113303725264146,51.31569579871369,132.05827518664216,531.9071173509274
1.3203230071313417,20.11478814515289,50.171484585122826,159.71252745362875,433.64232248195003
1.3166506458424165,20.340646736546553,51.8170252623006,151.75349573964846,437.7248639592782
1.3016795712548712,21.153311299891072,48.63634908300293,152.4465178370279,541.4597684731165
1.3106975354370125,19.994785056054077,46.29267929414873,126.94306888374014,428.3126852116999
1.3172479241846093,20.891754016943143,48.93567515505795,135.64093703882878,474.86951108827833
1.359595603496611,22.354933548648482,51.65997085072584,152.9328277947827,528.9952829174058
1.3741874958436924,22.946772532875464,49.48504013018142,136.03795115301574,517.6960632669175
1.3631657726726365,20.839279413673285,52.92931482494411,184.24646043816415,450.80302053949987
1.331313965045169,20.675105006573702,51.33048628793248,137.59403296849234,451.2017569108201
1.3540692911900913,21.30213158617725,53.480951000023595,149.20238703002659,392.0189607995824
1.357166004131136,22.01790934153841,52.800907881658574,154.87018276784403,478.62642218996035
1.3170197595547126,19.21147284500985,46.60492094397035,172.91352464271046,344.00741509529206
1.3287976494936151,20.494267656675248,50.222369483905815,154.69627537483083,461.7597786713751
1.3308604996569111,21.07366156671324,51.77781203215793,150.6533674399614,443.9292972091707
1.31732416800634,20.90344826582546,48.07634886263831,146.35805969004664,500.92785761491115
1.3234628640658126,21.14779976178498,48.24714480257337,131.51620916002508,540.8208467607354
1.325246283363857,20.04925946569268,50.62704029364138,149.690742042107,431.8632709464993
1.3226674767053737,19.31173733465197,51.87670573929709,173.16735412983078,418.1460572607752
1.3071775211703434,20.054535995927978,50.35074818280302,141.84725992313668,444.1752415153227
1.320816194109363,21.099601580513436,49.368149216240816,136.70798638854137,506.553465276139
1.3500273049098832,21.135143155392264,52.54100812865055,156.135354392666,505.71279077269554
1.3347580002753476,20.735682637684963,50.33104507674608,146.3729642010352,361.67859452554967
1.3302446487025614,22.29958847798641,49.02036183400738,133.92147110132223,509.86602606103014
1.3962589496354394,24.49900187590106,53.38183029881796,144.34211320226197,584.4463070177507
1.3329557483130885,21.365411885305576,50.363553553215745,144.75748713564474,479.78283071883584
1.3550240407809764,22.043529984284003,50.15519893781222,144.81275362695538,317.4358410857419
1.338810385903928,21.576941470218088,52.91745801464616,138.36584927833974,507.7902980611935
1.3194263712306689,21.35678444540454,49.70748176732877,138.4161894486773,543.6339007210158
1.338709734224082,20.863051485485528,51.19105928321361,156.52434034978512,392.9258754613962
1.2981319401465314,19.469768287039738,49.364335116944304,163.74229901063728,481.27455960054334
1.315771011660031,20.17526110998306,47.992940602817704,141.2427186543796,480.87671580753835
1.344597749010647,21.565932855887834,50.27147930120295,154.30375691792935,484.13920797723904
1.3146169123731801,20.836748587687975,50.71325205289164,132.65174574783788,572.6459647410858
1.3329960566077912,22.406662326035043,51.68977370559519,135.51441848717715,510.45229173596334
1.3920852733920124,24.791673274644666,51.34649279070286,142.23530203723556,568.4649496863195
1.3384498749111087,21.798777515793553,52.015417609544706,151.60798525307524,488.5567898706524
1.3368948479577536,21.12224816333442,49.929138209053825,156.45410114276274,533.4367006683558
1.3097560520842237,20.4193064666479,48.61970020200672,133.78626927799687,468.26707901803553
1.3210648528117115,18.89510380265546,50.79972500060736,170.25827649615093,342.66135711494604
1.3545552356889803,20.34935951823049,51.236906104865234,179.46428436989208,382.80154057346266
1.310440431887563,20.622337357451368,50.778592433165095,150.4230033989025,418.54963542709123
1.32397260220494,19.899733742994627,53.57967084538244,169.6144834144832,424.0663437141934
1.3175314122626578,21.017424453984027,49.88845254882667,139.3885054577915,455.2734049149383
1.318419285711503,20.27762916078615,50.53729137885969,148.35377207406663,388.0991777082275
1.3249344634137326,19.913037277524552,49.172828764150545,158.81987227669697,474.4893461158777
1.3433660234161025,22.002461028696906,52.1224724253162,135.50642546789658,553.2131673566311
1.3329824045502965,20.80070211601381,52.18258250865452,150.5678431483055,485.6173642704648
1.32230237735417,19.678110529913305,51.39152212619262,179.28251195515577,422.6479081014482
1.300990795549702,19.676277582425925,47.94310447120722,134.7249992526783,387.62479786783405
1.3227054495640809,21.304413445788114,52.4078749998351,141.45903071512683,573.1771424679282
1.2983434657103476,18.87182124224858,49.90812953442637,157.3398836213408,393.70869559323944
1.3254332845523427,20.978360026979836,49.79537757797284,154.66503545661942,493.29024462136795
1.3209247418012326,19.839408432505167,50.57830501845467,169.00292114862634,414.31119353015447
1.3325258756355893,21.144566059339937,50.31599032929156,158.04227145078823,423.4500190802976
1.3270314188378347,20.453918338456347,50.26764626043294,151.91839664136063,395.98187030017164
1.333079630653535,19.2164708850422,50.18977649451442,163.0641636439172,386.86234530778
1.3311628777856792,22.453875151894863,50.94106583947466,138.9523790450131,573.3241588950119
1.3354906416125902,21.109972261103756,49.319988568232326,133.216833698456,434.7091743349339
1.3169664256253082,19.661650524683512,49.42346896357664,149.19485166288192,448.8640414802765
1.3580310047614121,21.22204243017222,49.677785298313744,161.6298021608116,476.34876124131483
1.32140224302374,20.018883503021826,50.2058531496844,154.91585360503765,469.7685268873233
1.2996277226413953,19.73024004895663,50.06093750549553,143.76586831294827,496.06158189108646
1.3379940976710967,21.542290595987286,50.31467561080654,155.26980176990332,515.349391636775
1.3110546329139816,19.93994893964195,49.40802240711254,163.09027820768043,447.0863987721264
1.34326436669186,20.611853078378576,49.40137310101059,155.8322745320938,405.9241375207718
1.3209207572745552,20.820645706215252,49.90317019701808,148.2680215026848,474.519875528652
1.3439238059906826,20.317662479711522,52.50623760180291,178.30655426728356,398.35991280889846
1.4026295590243139,28.25206694540507,52.39499888180106,131.3666388581893,701.6982125199671
1.3333265634967701,20.748132844709417,50.15402307645488,150.9902042361603,490.8214973619515
1.3255458204568122,21.633000122329864,51.90409207247056,159.278455445376,487.538731230668
1.322452968060239,20.917533546020664,50.51543667354534,127.32294617757496,528.5716004020985
1.3204479092388923,21.017170867739857,49.37044231512675,152.76498063134605,511.84924572153074
1.3260421576078916,19.34317556811687,50.779414087580975,158.12150090668553,406.72935647878967
1.339886483462325,21.621097901274325,46.65914551085177,132.11714618467826,485.97964279038746
1.3330325599451562,21.332695128143243,50.05656687847981,149.2790356472747,455.5870285152746
1.3432676005451394,20.987552609952374,51.22048025573943,164.21604661970323,430.42501144489347
1.34183055282731,22.09945713236785,52.94704554353509,145.0027823984664,451.6664009414147
1.3552350174218448,21.52807473220204,51.22358278507442,149.5031731198582,505.7555528282521
1.319878987692183,21.50136025935376,48.41085515628868,136.63254101596584,570.9081052961571
1.3208157049029166,20.7865203103687,50.38200609872273,143.3559753249023,438.74151991996007
1.3312415999394214,22.374769714957694,51.63019702827871,129.0764327634904,562.0350697836085
1.3141014053737137,18.724319094654014,51.323308691587975,182.90777780790705,418.2263089712435
1.3538056075691323,22.322813119601054,52.487322747190824,149.29206458144444,486.7707893588296
1.3201296864259096,20.703504741155726,49.30197945528064,128.29728120549572,482.7369766123605
1.3043608227887462,19.756610921203915,51.0224218884402,160.87477900614735,395.2379477432245
1.318996500906529,20.552195538905895,48.534537987248214,141.63633485409042,446.5380028037047
1.364435148274606,21.119414277223246,48.26498866997538,163.55577682917936,420.2753936699169
1.3291608078116905,20.496129615881404,52.00064523951332,148.92339837679026,410.4241389226731
1.3107506267262123,20.379561029663655,50.83083247495921,133.2977116927911,477.16809268938533
1.343107331587233,20.710061555989903,52.27589708862968,146.21076826550734,417.19539389652743
1.3995546402977412,25.905785757742926,51.120498638328236,120.98415935233041,628.4410392332537
1.3361038478364462,19.506546496881672,49.486925891083146,161.20318317384562,321.6376721827275
1.3505462248548756,21.364693419991365,49.08900011086452,157.08246407987122,554.9058988136965
1.36568493024191,22.251193640067434,53.46052513967198,152.67287299302686,533.6271547354701
1.3268782453681733,19.461233327238585,48.87321951668161,172.12389867484814,475.8290387822989
1.3057552900839597,20.30608713438257,47.40045567434024,137.30395552192064,447.52718695913404
1.3115815188455477,20.438700141983986,50.80569851405378,129.8967512852351,474.23067442109095
1.2892736374066438,19.55679033991278,51.182099318150215,164.49343139717348,451.83516280951244
1.3150437542354403,19.24038058213198,49.619236869288684,143.97533959350494,405.1485161033628
1.3444208084738989,21.918493652171733,50.932132582002666,155.2831962890959,599.7753590430157
1.3651947948660372,23.070773960687347,50.923052037600286,130.69167998441796,541.3164474779915
1.2980381925618545,19.37765691788448,49.93794725423963,142.49831096906632,419.55669791050866
1.3279661467217456,19.211535158838707,50.576804714944686,178.18573543341617,428.7316873530611
1.3113828505372969,19.08651047428939,49.0234600608641,154.3573578432635,341.9656838520466
1.3281749948604076,20.720087237712033,49.81928286770578,158.88519605206002,397.3729975413287
1.345815241650364,21.181403825378247,46.472812297467684,158.52994026338135,450.12270930722394
1.3207610570550594,19.420840586511297,48.95750395217659,157.39590935539547,464.425212710418
1.3398732782975822,21.02419977570657,47.44318803545357,158.66383457545476,493.64136951602336
1.317517333932552,19.886598927316772,51.47027772626876,154.74196745759522,435.89589322439735
1.3060241346462365,20.22468640447091,51.924071484978604,153.7201232983156,391.2856261451545
1.2924235267164317,17.98704907292601,48.65513179262024,180.35577194351114,345.6863827763067
1.3248887466791084,19.004070568777927,49.9816726455284,181.97175549604432,349.07745090681783
1.33265911635245,20.415771472779042,50.320324882283934,150.37263529431326,404.3486987830233
1.306239418233326,20.424124896070076,49.691058849129206,141.7958369165065,483.88204914507753
1.3538169579225947,22.231671571331653,49.1329159568789,148.10464398203766,525.3337620652927
1.3085754202879625,18.886085756414168,50.19847527477639,173.5614156671753,375.19035726785717
1.3560840086487245,21.245965068395368,52.06688191954314,167.27637912140167,459.1423797667453
1.3219119416222436,21.605702975265654,47.78410542851994,130.00090050004619,581.105594765494
1.3451038133941546,21.338207856623967,50.7253935297382,152.0628386661183,497.50910717233694
1.3491416502884883,21.154646366803732,52.94355828604695,162.00096045449328,404.2132208625034
1.3346226196954258,20.646787248679438,49.21500186366131,144.10171672216845,442.2771026619578
1.3173151566610466,21.023837490260696,49.4605366922894,123.63603721839858,477.3487087664088
1.3479559941639028,23.41140186046537,50.88572019411789,138.912447159858,544.6815155428237
1.3631165739801039,22.185335798209056,51.44832672897412,150.62668118378966,494.303232447984
1.3395021578048951,21.96196627489956,51.52136150740272,136.62236093701011,540.6037381597769
1.3594346492399376,22.07316747313349,51.808114682021454,146.8553631352481,468.22513419828704
1.3331396440062737,20.19131278414271,52.41438326475808,166.15991410534957,444.3777501968593
1.344320908561968,22.522780823246865,52.801738511943505,149.6298855153896,573.5570374952133
1.2917920589552203,18.983185057572626,49.48942629027352,143.65449236596507,402.596816128562
1.3605106947743384,21.809832310298155,51.14674127164588,150.8956915060568,459.7063094521839
1.3502512172715957,22.274212049361868,49.229639540058585,129.21617953347095,555.0960530656778
1.3063572308713285,19.75662156730323,51.041830593572456,164.34934700793917,519.2428131567508
1.3623270829006289,23.334647084848527,51.79317887101783,134.1902901180481,518.1735472305859
1.3598488570974925,23.046254035077595,51.225526664584386,142.81342218218865,561.4813562663303
1.350437543880618,22.0572513491293,50.9398387304287,149.26220641032705,488.53017645218404
1.3223181564080915,20.637649058925348,48.9424285661144,154.4038106187836,456.7836227374585
1.3528294379727837,22.09999525853151,49.801954017278334,145.80210409675897,541.4207825059884
1.301129630001117,19.5177594775502,49.34174985652257,156.84399713287712,418.1578776204237
1.319773422756687,19.929310410315754,49.37425004577157,165.60472034069184,430.49398767366876
1.3195806281265834,20.67059547092656,49.769253446977764,135.50662781491502,550.461210129779
1.3234580826072806,20.653816046267874,49.47976007926114,136.04407127980437,416.4488563258451
1.3094284341580131,20.80660833472239,46.030534611255426,146.99330163787064,510.3804629210829
1.3229408011240409,20.42942582295983,52.18439663230952,152.66894173686507,528.924998297482
1.3092696182899246,19.767054479391795,53.469128542658915,164.32968392725957,419.33836831722647
1.3603030355239811,22.118160172247556,51.13158212975791,137.4284870906895,449.7696799477527
1.3079135627739356,19.339672311521774,49.292090927660574,161.37065546711858,332.6099155135166
1.3854152801713941,23.463882038198793,52.52783653504492,157.93144663192723,502.43216228248764
1.3544877096245387,21.53906091127457,50.100608124796345,121.26524137718991,439.55190155333065
1.3445811648747952,21.332059934077503,50.343613460163425,159.9704158770667,528.1265775346849
1.3001397056852928,20.098178111010284,49.04726254393029,146.95003292757875,411.7380871026087
1.3701965323104424,22.787706713709742,50.804599438749406,140.85276349106093,477.0379334438698
1.299149358737946,19.341157440000345,53.28107268947681,163.60036876917803,511.64464953758244
1.34195622456782,19.42290653866108,51.620252335111765,186.43027539300226,415.19532226687
1.3124475731246625,18.868871930323678,49.15703193467435,153.64291636676305,374.9112105723444
1.3312753831725712,19.247163395246204,50.68334536877837,174.3619322869954,391.71761898311416
1.3448939310029007,22.914317695791617,51.26183902961136,135.2144668004192,521.7228945883521
1.3412621254875308,21.744183957330804,51.65192490562338,156.1965184040476,495.0288514101369
1.3187909090406076,20.450554006548217,47.93278755281169,144.96076081639316,410.7337701506741
1.3323065027504462,20.554320077999407,52.56130189369507,159.69264023086856,481.00597769678376
1.3195300391239517,19.680917443566564,49.636774941368024,160.8810680871029,421.6078687092963
1.3478228973971411,22.32806353432986,52.16565384969323,143.20542294621094,465.83127397691186
1.3295950667999203,21.314449254051308,49.78089121794425,146.84281432921227,523.6823244939072
1.3598211510434288,23.154963755696784,51.16144150300532,151.96088701728075,601.5233369099054
1.3646930767408998,22.33613881040303,53.8520919423722,168.97478378083474,486.617749156383
1.298578154361435,19.06028041565,49.85159586239532,169.46012169096716,445.26978043922867
1.3526549148775437,22.322438037045483,51.02455375169499,143.78129103575745,556.0713592998708
1.3384977325813066,20.96473106674285,50.24917485263781,146.60869513315788,504.5469206146307
1.322401198783214,20.322401934500775,50.77980036060265,164.83100376908897,396.0230775512916
1.3099219332004997,21.36041775953435,48.372045110033675,145.81254424597594,590.0257369630959
1.3423966030459145,23.91649209400251,48.391730610748944,128.53033011885142,593.7490163548684
1.3319877181177777,19.841894587948183,50.10408243076685,164.23782359265925,431.0133419917569
1.3000764700023075,19.16232853762217,47.87107980167034,158.00793810507656,486.5445002216673
1.3292520715656146,20.91269947702157,46.55918652984318,142.87082654626911,445.91325742112457
1.4063119155159727,24.282382053473366,53.33363256834657,158.5983629047343,575.4422294013965
1.3452339217262086,23.619959619829757,50.5165550508247,124.67728547094241,585.1260316122714
1.336155655323967,21.615863756054928,50.79401611871987,134.19924455938974,506.20173237426866
1.351463993319066,21.66843297216163,52.00030414202755,160.810531086565,413.6906381809649
1.3717950294159227,22.09443051736638,51.91367773950701,164.46205955333605,517.912601756198
1.3369478334814286,21.443612426169686,50.48825924042043,138.704683588013,549.1714862017157
1.3188682639946008,18.905982051112936,48.70597211585953,170.79990197627689,311.3554928873748
1.2955114978270832,19.679200691873916,49.91129624826562,152.2513381689772,472.9798771734043
1.315064645689933,20.78765489187402,51.49066243073052,148.36728219952886,509.87402937812493
1.3686596185818565,23.84709529049496,50.782579071936475,131.81238706229882,494.90572372653946
1.3352672863920025,20.64455582309045,51.48657483966369,157.92973308744564,466.67560596596
1.3157554721768154,21.387897454881383,52.05789080091015,158.0277115613867,548.8934676879105
1.3381126139272856,21.051410630395505,50.469635790885235,172.941260843681,429.01430994704054
1.316382752962028,20.299223624904656,50.742795760748116,151.6467876829753,417.2344126746985
1.3485706745235613,22.0560675462716,51.475348863879354,140.09083291717056,476.45751284074976
1.3123039738811113,20.535827361503603,51.080852360481394,148.93125554968884,501.6230755659678
1.3120926382499187,18.641729451634944,54.29928476631842,172.51016824417246,400.5143127430955
1.3075722970398882,20.948325029365467,50.09887089337162,136.79747281524712,433.66646237315706
1.3654145487188152,23.865478393611493,51.824108056343135,146.07106666585258,590.0563407397194
1.3659757306187492,22.36784843549868,52.92730509139103,150.07926215634018,486.1208996938805
1.350473743210216,22.013364147644335,51.05353761808882,140.35899852150195,471.7624415306417
1.342276604695485,22.146289457166716,52.6711679807935,145.0226765094251,518.3666102577497
1.3502679291879893,21.562197564155582,51.534289457345736,132.69949376652843,434.5152505537412
1.353263285822286,22.33827493266284,49.385120562921934,140.64830315163954,499.7000107642153
1.3171748122611366,18.790967089197576,50.86639361625427,174.9828644160566,385.1591668750284
1.3221552741543938,20.475178568987506,48.7211950899772,133.69163362269197,455.60940111643447
1.3212688783147035,19.965409753886274,48.21385222056903,151.59843228649038,351.16619958080054
1.3595533059911629,22.770812480768033,50.88067728881122,162.38992548902445,470.51197399248554
1.3690044337729401,22.98532422431095,52.83834730847453,147.15918720161875,522.8094352104279
1.3144412429163488,20.096023427577943,52.72643796397629,156.11099293421944,451.46844522686
1.3178511780294828,19.47536723960925,52.279279820183504,164.68890543722125,413.03370953548074
1.3360374329649278,20.875986634691326,51.296281460170434,159.70916672382393,484.79925532185723
1.3934591700715142,24.65084327498959,51.27553117069471,133.91569957318936,585.225394195272
1.3398083523772633,21.452962162737528,52.79199750396515,159.93873770663157,498.4392458001121
1.362925726761237,24.249954245023723,51.01026015847605,139.73002107559827,641.1062327339451
1.3801880146728676,23.040286140640795,52.26099561642786,148.9403872535913,535.4578965785728
1.3213064485624446,21.231249600864146,50.894075259111695,142.61007273677788,489.02440352413396
1.3547788851265412,21.090974276069876,53.08320204308967,155.514833784459,414.5345630782993
1.3248498065747576,21.272507926667476,52.24616206979745,150.682692404969,491.63056137093025
1.3560661848343272,21.74453776590704,51.57364413989807,156.06297482783822,459.0133023950659
1.3183368701563194,19.905924494035077,51.17850166409444,167.06976896749956,420.24250162665663
1.354328154198765,22.211721289417856,51.65938425249914,139.74337887830703,599.0465641561498
1.3328019491552596,21.215367145787322,50.91112674887404,139.8733609562545,468.0776046811102
1.3279657204573336,22.08704198761217,50.43004987711104,131.82645505108758,583.7655004778462
1.3318965352822412,20.739506038001792,47.93243653921413,143.72158502175,432.50060279679417
1.369633436282431,24.375336675519925,53.23250796549158,140.30570926402237,554.364453581407
1.3387670803930942,21.01781651783383,48.975866417707884,151.71882401282699,459.40847824650297
1.3652983094343418,22.447096067866465,50.193442926197754,143.5930472135495,417.70545744676787
1.3194214949984489,20.0033506509397,52.15171369803636,158.99710603085163,463.9394730654175
1.3391018408216269,21.67629339952539,54.03348553409371,143.84374394131243,429.318483436223
1.3411600544808717,20.886831105105053,51.85040192873744,160.84766251484382,522.7395884742607
1.3438741277301136,21.686109112934314,50.882484894517106,172.9958693901992,503.20272442386795
1.3087034098143813,20.225435825717035,48.5626823406156,149.98858202415968,511.5627226990971
1.3099162801676292,18.097072400269283,48.585268982293265,181.28444033398668,320.9194802144474
1.3163896695564772,20.387668674824212,49.08619167085093,155.35406214437717,459.5385852540747
1.3132064646435255,19.48854239395181,49.07327520025255,149.01898866789787,497.59189259583866
1.339774361138061,22.186830646332247,53.0411264993513,130.05474851859975,494.96430379053663
1.3683171329454902,23.191902249402464,51.18945464501557,147.09883663123836,497.98584240036354
1.344188331343333,21.430254512794747,51.92108388939092,143.97125944138477,534.5873383963253
1.3314135489384888,21.15716227221911,51.75497777218279,166.74117299796842,499.73856727238376
1.3099476111973711,18.859360828232504,50.18481671987488,156.15610422828036,361.5996391591043
1.3518734609362122,20.62433060810681,50.869554252301086,166.0651220635005,440.50664071475387
1.358317735888078,22.188585829040896,53.90074672436181,158.14862447139907,438.7215685778391
1.3239373339780114,21.333131277111065,50.22627505246771,131.5941157977973,533.6061057175177
1.34776589931448,21.209296682326915,53.11737359554512,172.1699377078648,440.89899506817665
1.3014185827013196,21.229823836516314,51.893687427350486,139.43201401677294,441.5198004459031
1.3306152145558081,19.88275170668029,51.049933328756026,163.8085869739123,379.9808273586466
1.356103721350178,22.499740713737815,51.0428463737136,141.0013394432232,500.93628122241927
1.3190292099061331,20.77330589022975,52.363877493740745,136.3517727652657,466.72014238672006
1.3615798079339674,22.370649543192965,51.014818412225836,146.86355947382484,532.656966402623
1.314542118235262,21.058909196099194,52.15047721992802,148.3611893393571,471.5582381532287
1.3451888261677813,22.414043390955886,54.16695886404495,143.93488956933865,494.77975751467056
1.3784241800074084,23.092708457580805,49.53649321927683,143.14705732270278,487.73273264631064
1.3452426313566483,21.292940613593256,49.25175301105644,158.2118748192098,438.6616711064733
1.3658232201402654,22.363954228634903,51.047886851503854,149.41917147881762,485.1057023278679
1.3326352794258367,21.849340193399957,50.07092924810994,130.82482463254786,545.598573833605
1.3818875555937935,22.949322840094,51.09993404755285,158.151805975316,497.820179389656
1.3123946083221998,19.846451389951174,51.842732889198714,149.4008609445739,399.209225167731
1.3234236998465765,19.9847420434759,50.74156221057753,176.31043324700357,401.7055275265334
1.3057198260171274,20.628773285061648,49.39291506718409,145.16502005407125,514.569025618325
1.3469463556926935,21.699607071566682,52.47933009800123,151.6843673595468,487.7401644548316
1.3533391992155146,21.552532126104175,50.86826951630312,150.88702079221304,515.3634695479045
1.3473389315062825,22.6301471257189,51.5757197794678,143.6265176720221,489.5277182513876
1.3693969823337424,21.136893441738604,51.906299235562884,192.17021554199144,365.71314457217983
1.3222941023471555,18.821785391522702,49.93638513239271,179.46800456184812,437.50677499661504
1.3710326335689598,24.011409380416197,53.436365692212846,134.75262900811563,582.6040110908964
1.3811912836024853,23.47327972151281,50.38062951304979,142.34885364174988,490.8056243145808
1.3438353455975312,20.921101771214992,51.191821061115995,155.5648890098043,414.25781906615464
1.3253075725125854,19.320484523846687,48.813169572803425,179.02904448932438,396.1481154295229
1.3064937872816433,18.564862388480122,47.41756825453192,176.87533887597024,438.9711871457311
1.342735055338569,22.088205913145156,54.17538583826694,137.86588415653588,504.76962984320954
1.3100167521531443,19.459792850348038,52.527712949263346,166.6513868112055,376.150355132285
1.3001960343740566,20.224022709054733,49.62760904674839,149.83512064058098,475.5968096770881
1.331805012784823,21.79156093484194,50.184342903214684,135.7802856789583,479.85458208073754
1.3097495162539812,19.81856269319846,47.91336965376903,146.4972114449302,485.35518702513536
1.33936323845845,20.675379281373715,52.60349797460592,168.06024806476802,440.43782666820846
1.3045680393293924,18.78963466890934,44.57063079060407,159.84612736421622,341.0853531079072
1.3542439575297822,21.074241887887933,50.29021331355311,158.5034992271353,404.2662179754399
1.3292706685994529,21.378745461132823,50.06768544802013,144.22013591129243,451.4691466648716
1.3048980687444778,18.366364421040753,51.530071882806546,164.19439789360973,349.92664337977715
1.3135038796940517,21.020302426206754,49.74636470404401,125.0000540070294,499.1477796456026
1.3326263050089562,19.873417955138258,49.53246734620337,170.14696043812606,463.1787225061831
1.3327684091468983,21.548206915150626,49.90441850036935,140.16730198552608,542.1670220396667
1.3206748365861496,19.734787549677744,49.006324701311456,158.4356733725204,417.81808151740984
1.333763756407195,21.930196229830337,51.81844568275366,141.88281899848636,507.6441512814401
1.3075311230469455,19.24385296495449,49.320142084023765,151.58702729833368,424.58248608092913
1.291755205931779,20.320558235188773,53.032922590448564,150.81007476490137,443.83789270319875
1.3303084236988703,20.742066372074774,49.98610499476936,156.75273517951035,417.9714143721342
1.392494307159992,24.20114693876489,51.83220167043876,140.00052431352532,488.1268283338146
1.3003794398704096,20.3462623827948,49.81471208876637,121.9120283128512,497.702023442796
1.3098918980878425,20.661220190553383,51.6462615084213,157.7502835465071,496.7643995295327
1.3244556633926967,20.71062179765238,53.36759562301855,152.0471377463155,472.7741352620835
1.3526517655010115,23.182626079832893,54.44379577670227,130.82414801921306,520.5843275249404
1.3114643300287065,21.099694155196378,48.49711363410117,134.10639834585243,460.06323521440663
1.3508524725366713,21.303449098864647,51.22012177798287,152.18762756475402,444.6526731651842
1.3377295641342863,21.684736927176026,53.30401130003675,150.57654616360557,467.758648548745
1.2937841431223065,19.033464486802423,49.42477021849112,151.07292044988327,453.73285436074053
1.3296969759290584,20.4419631346239,48.53468831605742,129.1748346216279,432.12771029188184
1.3227701725360725,19.804645260598214,51.69872594016577,172.8675051185054,425.72617234742836
1.3519198776296801,22.99187105097649,52.710265306907964,135.32523282622782,546.8812051032195
1.3364042836863654,20.70313083904811,49.41570188469414,157.461206660993,543.5282711353063
1.3512395799929136,23.071492022443266,49.84155810881586,132.1408562971087,548.178180856608
1.3637978247801619,23.206874431324266,49.20588856998714,129.43167814339742,561.7803708342351
1.3318022179534408,18.98489281341085,49.607807416948724,170.54291391013237,373.90737292031616
1.330269072085533,20.674404710678147,50.952195002141586,155.3153111848722,469.5134858636175
1.3581899753778377,21.529219416191182,50.34384186453253,150.76264215159784,450.65955279729474
1.312939581621169,20.93209981371296,49.71824420678621,135.47811802715694,465.99164526360033
1.3171279025072395,19.549294101381918,49.617525721029914,166.36448176475977,386.55398232465865
1.3455518552244699,23.217940893112743,48.67019480043473,129.72556635618452,575.7840850883556
1.3414853706132943,22.68516017238438,49.36660488381614,140.47183679109932,609.3684779223411
1.3303785653591063,21.139744095381555,49.492007538453585,148.9939877744878,532.9757295924633
1.3584409763814473,22.470219685846153,50.53611322318514,147.16982239377768,569.6038971046669
1.3243648988295678,19.293871875143576,49.69578923868514,162.0793240145726,469.90039999211416
1.3376188428484057,21.69185143154478,49.254474580787054,141.78042447151114,436.5195238482698
1.315063956186502,19.085045393067524,52.52120379640194,165.98077705124763,333.22244000467435
1.3351262655823033,20.29775980318551,49.10449500513595,160.66886664220934,412.9688020058836
1.3997752838576802,25.167836929358906,50.892713696259364,131.4269401928654,601.6378834713214
1.3229254909590267,19.347620265645354,51.468846198790885,177.56229059109847,473.96074408622326
1.3161764827872946,19.873697353788497,52.62631616921398,165.71138708247543,364.99534652122026
1.3956619479196326,24.944136514305328,50.96739164355576,126.07851540489077,590.6850323963293
1.3282723111199317,20.731013381933014,48.94392219970072,147.62102376530163,460.96786714728535
1.3488925998367773,22.09562866272722,50.662306240709434,135.88275695071374,552.7795306364422
1.3518731614884367,20.498253326698393,52.59858522962092,167.36258176329812,428.4388068771
1.316280054802198,19.166431485332875,46.82334849108804,167.26426440295558,428.1639834296419
1.3342344471662748,20.78236840732701,52.34766936945784,153.74272797769285,467.66036379222675
1.311106198727703,20.441705636456362,47.4672221858496,138.1057695964619,581.0727518757604
1.3099677732830743,20.898059272029098,50.92867535578648,154.95972147233277,565.9794787895238
1.336019275479637,20.9452655933684,51.018693770089854,153.30242350239158,439.73269829939636
1.356744560457722,22.517282655510535,51.9704728942444,146.63569499512846,499.14546945254176
1.326601662130698,21.254619084109972,51.065737532634415,138.1864082554253,488.5488279492902
1.3436074283397428,20.06424544170635,52.719177028296166,163.869324240095,478.9629943163379
1.3197707735085693,21.163448795539416,48.532963526551974,134.43150129492497,541.6098245796948
1.3004807911120055,19.447157574837107,49.93720674649561,136.04511882582753,483.0700059391612
1.3637444960424046,23.14020860473355,51.56068249572,154.3832329494596,509.98653943542564
1.2787111514839125,19.195565783680507,50.453567097481056,153.60441803404694,498.02197486866135
1.2989584247538177,21.275553914460772,50.14471393487082,140.2706544140416,556.9583464216039
1.3491461160966238,21.79338322215002,50.809676615908636,148.1405527654052,406.6709199519212
1.3201162898031538,20.45598840216887,49.49562794158533,156.1075956542765,451.75899750223067
1.3577714249158763,22.642195674409717,52.32169288030891,132.91944200686527,565.0926055249053
1.333105719301553,21.066046304692595,46.898792563434434,155.33320132568463,482.5400199927771
1.3517648486733245,22.01513680256692,50.07391693253871,136.78903911711632,456.7512202475945
1.3353017359736028,19.769102639872788,48.94231663153299,156.95215530060142,451.3359063082864
1.3314813589211842,21.32013751205427,53.27095737052801,140.2125609561765,461.13084077358747
1.3098594816724944,20.718505459615592,51.036145636476334,156.873063554927,530.8019150662096
1.286758930984566,19.34644099990388,50.93381637277014,148.12183410030988,464.3460404776506
1.341855977514751,22.474751861646652,50.85550955548608,140.40429915730152,534.601677069506
1.319424490391667,20.623841907095436,49.303423533701086,149.21481936795112,427.32612473841044
1.343321329922508,20.05452807568831,53.69692911851092,175.64779961632988,417.1780322582949
1.3565221085051973,23.056519764711048,53.00776765992312,136.7039032433509,505.0072082673478
1.3570546677738875,21.88976242175176,51.78057827549924,139.75741810100058,437.1585629023637
1.3488467776303517,21.38286515325282,50.00158731632733,144.43408656795435,440.4862733872581
1.3440445279985787,21.91565140290405,51.92779262959821,142.13224048017625,509.9857654757957
1.3424974816026745,21.269872935194538,48.539926228493904,155.73275687488456,478.24343297034153
1.343569183390453,22.162487776613954,51.07053895396066,149.7393121654229,521.8325256430734
1.3196953465197236,20.42708712898117,50.173798040264266,128.6559203637617,518.5916631278428
1.3318012146849132,21.071264177933585,50.33487815693769,157.36237641845094,395.7570086852334
1.3721257815223362,23.608359386792305,52.05618934609762,155.75693403855993,412.60560671937986
1.311607367712326,20.281742680945662,48.7066861266714,144.77355116076245,497.32368676531433
1.3366797078401083,20.988449423110247,53.453692138767515,153.96841469387934,457.6130232302416
1.3123082893621254,18.82183531270964,48.08892033441155,161.37866966359752,384.00392290534086
1.3085590594945327,19.48538482182412,51.95983022926446,154.57377415102133,449.50483513328555
1.2988604397837518,19.09231057691712,51.242631003212374,166.4256014038058,475.2200802523588
1.3152812744063498,20.99199790889871,51.34907446481952,141.2112939410903,554.9945957091883
1.3551214900246336,21.882490514111275,53.880774661845436,161.27480099996927,492.5134323297187
1.3381387774137812,21.682865250776892,48.95452318335188,130.20801110921312,499.55903907588896
1.3331691145875784,19.810192725619387,50.22071338833909,164.67629728206808,403.12642433588536
1.3446023189657084,21.14340947147605,51.05201610252427,148.87714450087054,510.38512776033326
1.3272386176490754,21.155368673926745,50.191695099377014,138.21708086691666,533.6578536025376
1.3278590252495712,21.437460837660606,50.755306382024095,137.99858472125248,515.0814135106223
1.3420442518818982,22.441658832401853,50.62259470383047,131.6699368812775,585.1022536083234
1.318086663410871,20.45353646985211,50.25721859446159,144.73066124579466,438.4082014551746
1.3759571251282698,24.821956149645416,52.066988503630725,134.62941853772293,542.7321552150343
1.333706178237531,19.71078640559838,52.08938169594874,174.98963752434352,413.70353233864785
1.3527824821804415,20.83931143243666,54.74348135669543,171.08353598549496,502.7670307967338
1.3330047510300456,20.79014424786559,51.53192788026787,159.69070278264263,464.31859924874334
1.3348219902593694,20.336486944020606,50.87654563194576,162.70992753059943,456.1584879472042
1.3787814194674421,23.327640420952218,51.86188624033177,141.3010737275946,512.2046464195557
1.3495764467954932,20.839415342090735,50.75707560703257,152.8785909384692,456.7098631776766
1.3354374655156227,21.349588690812666,51.230018278547774,147.7804084605422,459.6356531342467
1.2846552121719355,18.784604604353333,49.53984484782815,158.036679148791,484.61961130665816
1.3313869146859907,21.88471232287646,49.82136115209378,143.73365415758616,499.3046664548159
1.3297830000744648,20.807655174233993,50.66957964790536,146.47201270305754,525.6283501699181
1.3415986449826627,20.008690350112328,52.11768828850264,165.87343898817952,378.99043265733303
1.3032249208855857,19.40455417403679,49.59847521899251,173.5751602440969,482.4903076023758
1.3104464330260377,19.29309435126112,50.01658108126289,160.02327778107644,439.64711209381846
1.3434050602532681,22.07196222056667,51.19788965377788,158.4567324980333,503.4798115050381
1.368889598071424,23.551939241507775,50.69095384659817,142.30445881361527,556.2466731761455
1.3339038461839596,20.738010416675156,49.94380284384133,135.89104487530233,514.39722292408
1.3279253692952526,22.03012798023995,48.22278756678324,144.96375617179578,484.1824464157828
1.3303760652111332,21.86061581842372,50.409535609970455,136.27420737913107,546.5200132964886
1.3432448170613387,20.069298749060096,50.57087150989814,175.63954339092504,486.60881814007706
1.3285545004516601,20.167410312249785,51.62533132891681,166.9015153352056,486.8553813214197
1.3643793686672534,22.5837138664891,51.45807874442289,151.08290733054284,443.7893612285391
1.3135718937647043,20.085155913303403,48.35704491282538,141.4975441939044,505.134908283415
1.3264777380422021,21.4812520610933,48.784438058067295,136.82212258028872,479.63353180526235
1.3253368079256176,19.597720588061197,49.962475245131486,174.98327378808818,395.29827034767766
1.3628798456474998,22.480760789905165,50.145618803853566,146.3287557770585,593.0196577824508
1.3732465710130148,23.553991649107704,49.692917254645536,142.01321042073798,521.1791980554428
1.3577322423162101,22.048958321174805,52.20439240250035,157.62115752164476,515.9727312352427
1.327324376351714,20.979026908161007,52.2533476495903,152.93228505397465,503.28687620926553
1.361458135334464,22.281706810159793,51.78007708341742,155.5252195311969,464.8893740624792
1.3173992468605185,19.763171669722773,50.115898983840026,165.41057301385445,445.84626133112727
1.3412599301731416,21.76437356122311,53.373613626614066,153.4997089971543,520.9025541408835
1.3265857978917759,19.804891542962412,50.61866558142643,155.2673351574377,455.1483657171505
1.3269271473295938,21.330547317065584,52.10834808974745,153.1017159319258,481.712356103076
1.3063952486944852,19.5898272179114,48.98636562617396,150.3923637963927,413.5345724432005
1.378483992350055,22.84750190266914,53.17023460460815,143.2806717228236,475.8225613937783
1.315400498584653,20.545986996387143,50.962216567541596,149.31137158614257,465.24737757273374
1.3149654377146414,19.501732802457553,48.500111417705234,162.25372125758193,409.8396833464209
1.3032284723462264,20.473175950700195,52.07070903762824,144.06119338787178,516.9791961996372
1.325941939919898,21.04942207589145,52.43797782100137,158.24684398718477,527.7525023784713
1.29979631792835,19.131185108858492,49.004586943927755,155.49397244951672,470.362651219679
1.3244964713303524,20.91059752535641,52.644363728761824,149.8896662448388,492.1142332448774
1.3504492617100696,20.673999059389864,50.75613443391239,161.76183241033561,412.63458489918895
1.3273703482056076,21.105174767288027,51.28674382868222,148.96490550123661,509.98653943542564
1.3306709655188982,20.36582014504119,49.97116487791215,158.63084579099583,432.07002238473206
1.3577207230860209,20.025545417595847,50.926630917276796,171.48479665801608,503.0051799243416
1.3324259711796258,19.853757130159217,51.04506999309599,173.4574973888735,481.47953331790023
1.3484243232421953,22.17844111527477,51.15593399621402,129.97176699563403,508.9284552398695
1.3334324952229581,21.729762369251112,53.122453321260956,144.76522722394853,533.3045648260592
1.348144383697735,21.043606831822416,48.76231372114889,146.48972497822774,407.7046144596655
1.3231794427257906,19.545971344838573,50.922631617838924,170.38787628163777,413.29688731421567
1.3497082533456712,20.513074942724998,50.68288009050921,175.34204372212636,402.0171855514096
1.3468221371886095,21.05310183821719,54.05414094868201,166.12590909015418,529.9235720890421
1.322814613756628,20.508732646571595,49.47409596912589,136.4016211911215,454.47483965693215
1.330724721794323,20.858914862344,50.60365123692111,157.9561320740973,494.0988396359006
1.3246151109386994,20.877398975088582,51.64169026399818,154.49526916098836,455.2080275538492
1.3130945164443841,20.76272983993117,49.516607637230855,139.5955199488261,496.59543348253567
1.3133230432859822,21.31329473791601,52.38538962578719,149.17642487111874,511.4335961590538
1.325494529311473,19.90742348105187,49.80082100079682,158.41502177117619,444.59943282773037
1.3087010329902957,20.035046800774804,48.95689093516236,164.67937980258068,443.62421313551306
1.34059822950733,20.556334638044724,50.7459159368667,160.56241148344566,511.07265410273834
1.3352810803526154,20.413562915875655,48.07022014450186,158.7230284887151,463.86921797131555
1.3856188904606195,23.25014738310659,52.93636254176947,141.24672087514773,524.9542875500928
1.3128877207391847,20.902690923191724,49.049518615153794,145.9104228597638,429.7242366346104
1.2983964970123827,21.025886168428116,52.170603958561934,126.24211633435188,486.3460819382678
1.3240627216477219,20.88972342583968,51.18627736542222,153.33578285768496,538.5406205177884
1.3140018734598835,20.490147449864267,51.19874318168523,147.3658219620974,417.1503222089268
1.3471063255186722,21.182017829483378,51.20276755761385,150.88994930901322,379.1036295574325
1.3691555206284451,21.960785644924343,50.144837722020505,158.66503889986416,453.2940153771217
1.3335142804365339,21.883607757860727,50.77711558858302,133.82313436749908,499.712557130836
1.343615960337215,21.17345555686379,51.85823728793232,146.61291497977246,439.56534921561814
1.3526573144165397,21.45759776168065,49.12532809931528,157.03107658129807,472.24554456533866
1.3469545788354709,20.610953542786714,51.44789365053633,165.64414319721084,426.0224005948443
1.3272708904649164,20.83047202563086,50.60965483536537,173.31897367424676,454.9444056802526
1.340416025714011,20.397850804543886,50.0767659718675,170.72153771098243,446.4728803296593
1.3487718054839921,22.12678039052536,51.97120645588298,134.89048366689534,570.4959117552617
1.3511634786273299,21.920757207997006,48.961882430779575,133.68236513504905,509.6630694342302
1.3420805378191347,21.70474028560307,53.763299583261954,151.5066028397438,448.64987098609396
1.3509612490828777,23.179250090759922,50.041525975019646,154.21091466602977,552.2893338133761
1.3254099756546787,20.88394114177248,49.57144999789784,142.98561267939584,442.65953776554124
1.3207139620481958,21.16957480440514,54.033832838480755,154.6767938467961,485.96168336147986
1.3198105836716822,20.05605897714739,48.14298215231322,156.5301559757918,464.41065091621977
1.336040688368179,20.683138943355708,51.75784008076537,144.5965620625272,408.4871412311047
1.3117676937503377,20.925943720766213,49.84918673910968,133.76179212358497,624.6328407912225
1.327704924047548,20.601530193954943,54.769559130717454,174.4885384501897,490.8125833060856
1.299216031301962,19.680163932320074,53.91031921347277,158.54624247164855,431.5060351113588
1.3505730257282629,22.586676829903915,51.09556163302848,148.733423724052,504.84541394713864
1.3146397113817883,20.46354014213619,51.205718619565125,151.79733346087673,426.7762428315261
1.3636340971171903,22.354574025967473,50.890675626232635,130.25525242731675,546.0323410640677
1.3191555457914292,20.862215286046695,51.23108943558047,131.40337024171714,466.3063939545802
1.3155700093111262,19.89942303172991,51.13972719348614,160.94160701897795,398.00007685280593
1.31791198078658,19.831551938165234,51.04256042027306,167.04743626436448,479.09923969145865
1.3275438501380927,19.680418032127754,52.33082995839392,175.85383931581254,385.2388563641455
1.312263629710111,19.827128231657138,49.14170446573113,158.11929522364264,412.809209435552
1.323999706479368,20.486552139323777,51.59706900833085,145.7757928250381,504.9294341172516
1.3489422952059618,21.046168589503313,49.174042331191814,161.87581575953266,459.9646569886254
1.320487293393336,20.809829467550294,48.0409520679133,141.03169227680687,420.0213662826648
1.3115186813133954,18.89296485485268,50.01874282720274,174.8697688659985,359.6201183051957
1.3225314054066564,20.845334728443756,52.2194080223037,141.26984150836122,475.1088274357672
1.3704572410888634,22.65803711966784,47.6949386878427,147.28610478085383,551.1461986334245
1.3405323238528175,20.77544084650147,52.616437736798076,171.01062373135696,560.369520746879
1.3034904948764279,18.910539227087938,47.8776592966121,158.81242092325638,422.0907994596219
1.349181397472972,21.970276430132913,52.49487430141614,140.80251608747903,508.77318167565386
1.3499369347238233,20.876297881606643,52.752929457478174,162.05493075309738,444.0522046226862
1.3277162845051462,21.645867191676924,52.20872186192292,131.2339410620885,498.51522691465937
1.3322959566235049,21.41174987467189,50.49522116747778,151.656683338585,461.07795145897893
1.3044642498766201,19.49072330278027,48.254751359881375,162.98827602295407,441.61645622039293
1.3346459135028592,21.031916943837004,54.2794333887015,157.9532895500044,483.06304271303986
1.3406922820518463,20.21119174510824,50.849062309306134,150.24819571563177,380.7532725240719
1.3425577258104642,21.30504153284147,52.107567792038026,160.6342878106326,439.8640828018841
1.3125271356888615,20.595999252529673,51.5434647958353,132.9915213784643,446.43818513675154
1.3471953366285123,21.922095357391726,51.0951391059006,150.6144174414669,495.9069915982174
1.354555386259436,21.2831735487018,51.57541898900007,160.3968605787018,385.16060122752947
1.3394980756259385,21.154874231290158,47.83416304641814,142.45256221811786,512.3891415746943
1.3954814992375306,24.260389976042024,51.52372096852289,142.94763945690437,514.3258530028186
1.3196760387854578,19.537987878443367,49.01664512688882,148.16313932899607,418.363320798454
1.2986045853243724,18.114353254207394,49.553413624712306,176.04985670765967,443.32567001530396
1.3702423972535742,22.409766330497508,52.359919790285055,126.62369622625879,430.7447108579674
1.337568319358341,21.637521178603375,49.970735925212054,144.64915113211308,525.6191623365132
1.3077374406383275,20.137517486984674,49.82233852987789,141.4549756518402,483.7773380994536
1.327408945574783,20.7025998946299,48.95047001364087,155.0847260348843,513.4986534667552
1.3554814630223828,21.19177255448772,51.077147812719524,167.77620549071207,428.0095900957129
1.3609204817831426,23.887317863345153,54.28334433255218,130.95994093976634,556.3777748572485
1.318011532783297,20.946667722601557,51.554929065087634,140.69950815618728,544.2981953957458
1.3318804081843563,19.995785341554758,50.20371469061027,146.29557050029385,492.37963913387176
1.313571550231652,20.84391625094858,51.3521788752112,135.45680031059754,510.01733666093537
1.334297497875006,22.24295460999741,50.777555205628545,143.15975464347355,501.910799839774
1.32686626876217,19.869803847536126,49.167428745611396,163.22083124163441,472.03103967497344
1.3335293155791792,21.42789784452047,51.59007848733871,147.92272477234124,447.6778832096121
1.31784486225849,20.54396860693956,49.56898155193216,162.41800887594536,403.3853292610555
1.3374709903951043,22.344290760044338,52.15105279040616,122.00870898408496,512.4840411591626
1.3222065232101343,20.873608415940524,48.60707101586708,136.2942593525437,497.1499620081015
1.3185749874893493,20.21788548587394,49.2974831768432,151.52372461462593,481.76706883221124
1.3548047207451905,21.27626403644743,51.95861476931868,158.170713504301,432.98789156105056
1.3817013036391892,24.450413660859716,54.313755968803406,130.5361444490586,547.263427603492
1.3511370179578281,21.640598113082454,50.41125576690876,138.56129758890782,524.2388272320323
1.3450591731632893,22.585088994648977,53.705551896495315,139.96617630358227,494.6007613456787
1.3250451064573316,20.32800040229003,49.888646720785985,150.83526499286887,474.2106985881549
1.3294936801684623,20.211883531727622,47.48600363727606,146.4941964017,397.52920764455405
1.3431846299771266,21.045175894956834,50.869103937466456,154.1714399973468,402.83790959441654
1.3464061683578223,21.367903757548035,52.079900399272844,163.7306157762208,508.68907837648896
1.3484223910269717,22.744902583373946,50.175153237040284,129.88286976577388,595.0016018593095
1.3225123911127779,18.225311512644986,51.928609393947944,190.15057879431444,304.72580348052196
1.3266656206665774,21.051621626946204,50.09189880285112,148.355891887965,375.18188043634933
1.3524275386021025,21.81573596275908,50.32922248030939,145.97841687215333,485.83419545546394
1.365615684288816,23.2124656220321,52.16049479652885,150.67878140962483,489.8161397465374
1.3514258482567725,21.294793343874503,52.03573335834439,163.92928727909305,420.0766689650086
1.3375329707796098,20.579106353242594,51.86309967962966,146.2225566358205,477.68560510021143
1.3158092066796716,18.479713597574534,51.54756497498427,169.2414966611545,376.05711008962334
1.3146514902042226,19.633893654934067,48.64442109589856,152.3681151035426,412.90694645196476
1.367640911458138,22.7179949940809,52.81528280136756,139.26461116631046,480.8528272002784
1.315212225311564,21.337269049728793,50.815748290124716,132.35231885545394,577.4161414712058
1.2968879571889151,20.867928375728958,48.11499389551299,132.901878132869,580.8003252886621
1.370678713066648,24.50255889974256,53.50191298831762,139.1942751574621,585.2672207442644
1.3282623581417616,20.421239092868742,53.699400702239345,178.2420244165882,424.42528098698
1.3375344224123773,21.663769712133476,49.32254610274409,139.9469694069872,477.243824485948
1.3011287633873845,18.112501401692946,50.919643926746,178.1666039054317,340.1855165577104
1.3599820813713914,21.361537405149736,53.968557680124505,157.68384318297208,434.61907107048546
1.337326958642701,21.26077877129547,48.94938578668206,143.1757204233613,500.5238494008096
1.3148083658669334,20.20351306783686,50.26401812843892,162.2153698247371,427.9877902153098
1.343895396732126,23.232309805197332,54.03691181015394,127.33796054502668,475.4613327405681
1.3502427869314149,22.64885969336219,52.697410557652695,137.4801994954201,570.459465599652
1.3631859287038455,22.65000049170012,50.38846858146726,144.65535132641637,492.4842434299611
1.287313314656999,19.485323067181923,47.7687556093937,135.91548625404945,356.7381445136442
1.3458555200441804,21.32071339952931,51.300533902878094,161.18671560537132,481.33967021591377
1.3749722589597315,23.502590461284058,53.89143042705889,135.8883794379201,536.7230921490162
1.3398297987953833,21.531938781768638,53.3388903404103,146.15350656735188,470.23182647929843
1.307707428087255,20.027374005659667,49.91401916256145,148.699219785091,438.8300758294249
1.34552954996035,22.395444976947168,49.63171605940623,134.66094824465478,518.7329968124261
1.3201228485141603,19.612992691446657,52.770444802941235,167.03891289579724,320.51162497452265
1.2956155662027622,20.24132777833997,50.76308334312589,143.65625434953049,496.1356836737236
1.3193920298046078,20.587248969826874,48.46236748776699,148.7665325973217,497.29574552401374
1.3254513674631747,20.080070069897182,48.26346374842297,163.99587605638402,417.6257536823136
1.333392794857841,19.729401896146527,49.277371492558984,171.3105205866288,402.9130941425179
1.3150554064374385,19.8047045248775,50.71838479129125,162.61304980043016,491.9423423453609
1.324330585171074,21.024951596610194,48.602336730620586,145.2009353024277,475.5931745596589
1.3204729079825082,20.644851429535066,52.012099788131046,144.5617314266352,452.07213531157834
1.3259154925030627,21.654490624437567,51.80420747904369,133.58448536632835,468.41178057209356
1.3224023912307252,20.84345176204991,53.767344951728546,158.41596359066125,406.8030394776394
1.3158326917652994,19.987853990912335,49.14120551199645,151.5151627401957,465.85168876209826
1.3190228070966392,20.85484332585063,49.63100995852872,154.38255015403186,522.5165547661145
1.3672660511339707,23.63160230311035,54.00766031289961,136.10924898641318,503.1708745235724
1.3047014448325278,19.955087896038854,50.13642923633069,155.6093916780522,429.06948500299205
1.3214146299828426,20.54809170574213,51.56098542688814,148.65476502989299,479.85745917139775
1.3640994905638788,24.108452352594384,51.74573384429313,144.02224309933226,622.4555038057149
1.322532878873904,18.012214738613395,47.16890582787369,176.4354959785412,389.8126317291843
1.2927021129446732,19.374670059026407,50.88799517075624,156.0211524149604,514.1861623361519
1.3162643583514335,21.14488402805634,49.68911719331749,138.97868799816507,497.25520467061466
1.305705533382533,19.760774113146056,52.144441845637324,156.68142896813674,392.06824041845994
1.3350361018472165,21.930072541089288,50.56318609591654,141.3538610098319,450.93574678150725
1.3177193297000749,20.423972817053357,53.385838459278844,145.51904635300102,398.96779606520784
1.2924470716651073,18.43069991642177,47.871935385767685,170.78382246162442,426.25132295699865
1.3319619097624216,20.073667757598383,50.12245925274561,166.9304962533679,450.7041170976668
1.3718043093488703,24.643546224947684,49.32486034941913,122.4451389730083,474.79426146350426
1.3348222067009208,21.848520927167918,49.79589182832901,144.05597602578956,474.552751746932
1.3374906577260626,21.142535656221934,51.485318282663165,150.42008420427624,501.8604780577696
1.3415790194966513,21.928461359811273,51.91849718412448,134.44040596897875,463.32069480157446
1.3295957085614534,19.51829331701517,52.421104524023406,182.87975727528806,433.93847132621005
1.3129947422913357,19.64792416566835,49.441213447223085,155.7234695896429,401.4384352923105
1.3232964581127762,20.05865846316042,48.22164587828324,155.7796283112418,408.05626588673766
1.330361850351916,21.192058891059958,51.85233199582129,147.03004098542505,421.8188243796385
1.3389032700983152,21.382737613384943,51.22408422541673,143.65723378834343,430.9435605681498
1.2945553244299859,19.44990838071557,48.94633255408697,134.54519156884183,405.495705122321
1.362946102724726,22.906036540910506,54.1264923038769,148.61997119205745,547.7429309544152
1.3367489704885847,20.35160127259634,50.019389465447794,154.1246143520125,389.9176442560274
1.3485791492823822,23.177217971835432,51.19200030292776,137.33057798999943,566.2977206183475
1.3228858836845228,19.822459410385548,49.59760264057926,168.05411089284803,502.86183926370853
1.3559811532091268,20.359291571774847,50.158466322443005,170.7200009475099,368.5610379920129
1.3255765556398225,20.460811316084012,51.13222442874992,151.4169865708094,451.57098940542534
1.3120373908260317,20.257138128895868,48.70384812567622,155.20044245487344,465.90311455569304
1.345745778853346,20.81367128018688,51.428472598676116,164.689920140328,417.517504357157
1.3323687084467282,21.44498625734435,51.04566109735395,153.79668067493478,533.0367047694194
1.3291628736835013,20.712376229998576,49.33058121096254,150.76147943885175,466.09757934223404
1.3369639985624566,21.482042687401165,49.52729605857729,139.12255702365204,509.6413144534994
1.3131487365537964,21.83298606756731,51.97951193816908,142.69208032299585,575.297415034732
1.319149001860237,20.06250701392295,52.2059911876302,148.67594717708207,431.5389570978457
1.343814815197035,21.538241423812995,48.85344921466202,130.8879194068643,478.2151394525385
1.3390065131609425,21.56554777921468,47.62943177457656,146.63639126329122,563.1241583019046
1.3420029113942094,22.994896966742346,51.29703892234968,128.2461732534421,565.1437099442994
1.3075012609307075,20.520929224412097,49.061474120418,145.64883290697458,466.5624748743091
1.3186717040768114,20.76369917195015,51.55163314689964,146.46478010006064,491.49186422698114
1.2929735169009002,19.747483671382994,51.19972900255509,148.8301650533447,519.2153091191269
1.339122889875829,21.1285476640419,50.74187592258133,156.0290904730635,427.7402105721324
1.3095892163774216,18.44875490782927,50.26108151630998,174.72962491675165,452.9620632149613
1.3442717032528817,22.295253463738618,52.75792802091021,139.65546460675765,555.1490437918961
1.3170913206472412,20.67186700378651,47.191071237686366,143.39467830710527,489.03610933752026
1.314651972385246,18.700869283930455,49.00381180503829,164.74875253649603,380.0274874180667
1.3469238353946544,21.927886552490236,52.537430831148754,154.99944502730216,486.04000530371735
1.325166436795999,18.945667527891363,49.728415627761336,176.32846336658537,382.1177311423348
1.3168757040537564,20.659035347996905,51.24010462422794,134.1724801107584,398.8487381701579
1.2966715324530822,18.851625378348825,49.01222052020109,146.72977929195454,395.1576013534293
1.335494832386951,20.917634702961653,50.868926808287156,139.6374509234334,372.19413286886873
1.3103859482371576,19.868848945746407,50.02037964056725,146.87953350995036,423.9703495170724
1.3172136189213592,20.20535716595892,50.33903985988475,147.94951059561433,402.12602686624
1.3641911784025584,22.339285440023485,54.67293856016691,146.5415814563273,538.3849388403856
1.3456068843772702,21.140315491959043,54.993045217350605,162.6171268109733,461.5234431405919
1.3388223229369163,21.700357604420947,48.999952409986754,136.5447508234472,497.70774894192374
1.3347700472992527,21.58912437253094,53.16982613506377,153.44185386215253,527.1176345747161
1.3274292389337046,21.63284694972874,51.73056460861247,139.87763337911073,525.7590550613488
1.3025163224971565,19.834447824158016,51.56676440929997,146.0724931600061,534.4803515075985
1.3594530543450891,22.083389836539514,52.4511001917991,153.45948155819906,438.38051133524516
1.3192230794341842,20.477635497432708,51.35612605567687,155.61786676868712,475.32750332170417
1.3530259375336775,20.263830462269418,51.517824443931964,166.94462100691638,431.7523293171276
1.3324854661842502,20.35374947960132,51.04895383029189,154.3803437904537,429.22213249008985
1.3376164472110246,18.64996158798911,49.75273816578086,177.3638840619373,383.24124202810196
1.310219609269574,19.75477787128438,49.09527405652954,145.82869622338072,470.2488571988324
1.328654746728183,22.345442635711343,49.101456214620804,141.22029305446983,652.9786934791748
1.318822141505985,20.531441448714954,49.29879274564417,151.96565605559184,466.2894417089772
1.3537184218162888,21.28033002882895,48.74922146988146,149.57634832152172,436.98109023857154
1.3372834316021898,20.25425776597752,54.15441989903671,157.9641908324398,468.5489211371435
1.31833916312275,20.89408308767214,52.35243909753812,156.87883755837535,397.7567168748385
1.3314098257750924,20.963609473975872,47.98331770292036,151.73129764439153,520.5432212778132
1.354543416056338,21.83808829598659,50.604139975440184,128.18740847998905,494.5763065400982
1.316066508429936,20.117022678358296,51.5336451970745,147.25297111140333,407.3052614060431
1.324157719309889,19.75372353219587,51.394031175514556,171.58698795957653,484.7683405627071
1.355533739670419,20.734537475140232,52.199065195076756,183.7976727308425,453.60999529314654
1.337232437737776,21.84392982796572,51.52800682634812,163.17786447925178,552.7554242707075
1.3540627480870124,22.04281744907695,52.51228678802964,148.81593661492994,551.2960225531225
1.3236915214390894,21.22472185808433,50.21812459647492,153.9294363097885,523.431191223556
1.2875818848588487,18.334709452254764,48.90476005387293,149.34429105188457,440.60676516817875
1.350043263162652,21.760023457893183,55.28723829280906,159.6833305079002,460.85870448635853
1.3584481866202198,23.297548989851336,50.28534309888346,129.61087704679184,526.3691957259186
1.3164755830558514,20.26864500254538,50.01463269863808,160.92113898781793,439.1087979895844
1.318298586384505,18.051171089574986,49.23864651776181,185.29996010966653,296.1337083128206
1.3292716661636077,19.376963188826345,49.33908140945246,178.951794803067,467.2048049448065
1.3638306689577928,22.161659648637098,54.05306983756085,154.55004583102243,558.7271722390064
1.3381768625142563,20.442363256662784,52.383654878699865,159.00013081416233,460.2482191298748
1.3135246262543978,21.714425034483614,50.94633485250325,129.83462234355923,617.8271424827054
1.3665519034623448,23.65520983486183,54.67346608106491,132.37843438423945,538.4073753270125
1.3143474814974887,20.11789583355397,48.99848741599682,145.73634551598815,464.58468563225136
1.315314595835574,20.48940674567725,48.78322300320887,142.89385379045893,424.8443117772779
1.313083741889556,18.398777590409022,50.6243746342545,186.17522405254635,433.275255286026
1.33993959980334,21.723317903280957,50.42778547523926,128.84732554136588,442.5646235319145
1.3423130556538125,20.825262569102676,51.41874170283145,159.10171963300178,532.9392524706651
1.3434119710729655,21.95678066987454,50.143446255620674,149.7660122692205,557.70222871433
1.400038034293138,24.902323246140433,50.738597789022,130.2742255307541,546.9547665598385
1.3141211494681198,19.60441289005905,50.98496124548695,155.2857994734319,426.1738904879553
1.3558537095212806,21.27797675575435,51.018360866776,167.15175121608323,381.26072046061205
1.33533120437317,19.84215125545441,51.758236778812005,156.2162939227954,459.4619258144134
1.3260583558463677,20.83711140215015,52.33787179051412,164.77071233710703,559.2449798169456
1.348394226178281,23.89212332641621,53.206284623055275,128.83815298936773,560.2225670783345
1.3222591807568358,20.173758787008605,49.76203712984415,152.7964042354525,398.401459063005
1.318919540230898,21.23257733707832,50.104590359348,140.95641603968198,436.5056646771774
1.3312630004608481,20.16866809803537,51.22597262797637,170.58775686401123,392.31555061580434
1.3290197814719364,20.344814253894448,49.45780181734879,152.78976264844167,367.59318573373696
1.3241142671000046,20.267744204469185,50.318086079481155,160.11701329021713,476.9193034033163
1.3121720649224702,21.489444488521794,52.03986769630162,143.14868230449122,478.15204450152277
1.3494796085317593,21.427174036848353,49.03414097556272,149.79453634107662,511.52708654802194
1.370591419472845,22.181648211247257,51.19487883144773,141.70130626919055,426.43074462570706
1.3156204062938137,19.43970212844166,51.74214418241307,160.97885140486633,395.83071630031003
1.336598649234667,21.305451967090807,52.6184084271373,133.78390170383454,599.6055088673984
1.3523339359127025,22.234927263906542,49.61115059786376,134.41109063234592,512.916862176766
1.3178245968998592,20.385944003743568,48.03259290035119,134.53090785991796,481.28846841925775
1.3318842786346274,20.14772135615586,50.048374239010414,175.2073661947606,411.03524912391805
1.3448364788810003,21.519902934234757,49.76910419204046,148.33735487400799,457.4446977529046
1.3323879387207507,22.004713447203827,49.23105364342029,134.59884384552737,508.4126543590796
1.3250991680483748,21.423862042748077,50.91446874181357,133.75270162764394,515.85109464423
1.314513471323076,19.622005730449686,51.61224659164582,160.34266479395006,446.652715288788
1.3241308164574312,20.93252163470862,48.92241664198041,142.33694205632978,477.65231987506564
1.3924535641374092,23.82586216456862,51.47573074519363,145.0139563877453,499.1510517583243
1.3562498925025528,23.063914402110463,54.54037931783021,133.64786659453728,436.6335180844582
1.3520220852478881,21.96532864549987,49.7328730356547,145.68499673931274,468.3110900811388
1.3357199631237646,19.91721139805857,53.38021010682577,171.842942366057,411.84489938547847
1.3163057097232986,20.150349596918275,51.087721524319896,154.3186387201205,404.1597892804764
1.364759117714221,21.71634224979747,50.28235732632626,162.43117518112018,477.79678214293983
1.3533266587793542,20.46559340607991,51.55950705653237,171.96342801496922,412.23660873545424
1.30526243951261,19.84916871585594,50.71363405550401,158.84553485228378,529.4422961359841
1.3880973840554058,25.466971278062253,53.00446449194182,120.6459429317507,553.5367127655442
1.3170485765134181,20.560133788227336,51.170107100160436,151.28623228804457,473.8100049586355
1.308859359295335,19.363070388919738,50.273037276465296,153.0580538867647,470.50220253694397
1.3103301763692676,19.898358139522387,48.49327618618223,148.0038180946869,414.6348724590934
1.3603955377124541,24.32155792101703,54.79192184628709,123.6291880699905,585.8538093433801
1.3446810472008437,22.151370444488613,50.72049127773313,139.52156910497868,605.5624833805795
1.3350783300110305,21.019301082596918,50.488333964073924,142.7868774028381,517.2125672278578
1.3525788107912546,22.016237863501857,51.296070225698436,154.023596238761,540.5502969171397
1.3414474478836418,20.91944220684723,49.00022532010183,168.03784280687142,451.3398830383136
1.3366029951720169,21.325121093495568,51.83066615208265,159.43500240044398,557.8421639420587
1.3155486096679678,20.927714765968854,51.22594915451342,146.6236779859946,475.80776547329333
1.3338422185674708,21.189402619867494,48.804367423230254,145.33059823271424,469.26657674821547
1.3582792676173239,21.590731987513,54.54410535130991,145.5734716692585,416.2544422679153
1.3806157869896083,23.203225620141172,51.01116070245476,140.240709662194,518.7604584481683
1.3370085823821505,21.650956733205916,53.42140431556817,137.54296307503301,537.5485077566982
1.3111525792556091,19.636651040434792,47.469475073075415,150.44236052200247,434.8991831977938
1.358160998777934,22.304574620528577,53.32021837170752,156.88142337287297,519.8260095101665
1.3028103504865176,20.80341127760663,51.433245212580196,141.48811993120262,538.1516826258797
1.3157403476274419,19.574752014742405,51.32199009341569,163.48378371246486,446.8562739949576
1.3344768985392585,20.533262209004462,48.01634181237062,144.40695021759072,408.32943444998256
1.3250466590466585,20.707064279456688,49.17628594900384,144.20124236811174,480.09900770289204
1.33434585475992,20.171980170828434,49.921054839170864,159.28707531680718,402.83767893629533
1.331819345528921,21.170354047905093,49.42708484232409,142.38277565661485,514.1535605571546
1.3283495254292992,21.068986744513136,50.47667451760067,139.97745065486447,477.7393472237638
1.328679295952845,21.003023341243203,50.48173694461208,144.67891610755885,403.0756492230735
1.3651184619897427,23.128419423350216,53.32774878360299,148.84625691635677,559.850695736157
1.3310580558263134,21.033533261318443,49.17909467164743,130.59387390756106,405.4172547333653
1.3017222289712373,19.62420475011497,50.855808314815086,162.8327852353345,443.1799889919086
1.3270041258048668,20.7115937646199,51.90607959753253,148.3875658976698,490.7930091744966
1.3155938953520854,20.93872620573653,50.33209934741914,130.469788795044,479.89083809369976
1.3605593265313263,22.299732947002838,49.754197622340655,136.50197489561378,493.1385971803986
1.3257921159305837,20.865177912529816,52.81917347283247,154.86023725457036,470.727808213935
1.3264700205010334,22.268131708475977,51.69015553448046,127.06049034990825,624.475260435679
1.344068897054079,21.22917146608848,51.29297850195047,152.64771136364175,439.3591668061856
1.330092925371559,20.97870022590798,49.097272165355996,144.86807660998394,550.0316900741838
1.3246181425582875,19.792279265530393,52.128672111182816,166.8983001190154,430.74748592866376
1.3371093652387398,21.950758086531252,49.6644222229326,152.69274737996864,557.3103545147869
1.3659006639924514,23.962723101637902,51.36161153775506,127.35881550097619,619.9779963696319
1.31156353499545,20.440180690065954,51.103092264015764,144.98581349313426,462.1206928195883
1.3240256859283674,20.708576627626428,50.16188307047484,151.4582063663102,438.9609735553424
1.3072510729769458,20.052846768962503,50.36672293163097,164.35494576042902,481.5163077968128
1.3580859104483431,22.87250283806967,52.58854884714009,143.99970830674724,550.0968581079369
1.3335948574299143,20.530264791432128,50.04871562180497,145.30959403052404,546.4235683280103
1.3112394114542671,20.175731335431852,49.9880469619842,150.02984397104044,531.6465907619285
1.3361263500792453,22.17287438894422,51.59841077661614,141.88691267479052,537.121616094341
1.333361439810964,20.406890311152804,52.29929411998732,144.7935654314486,432.5492768022735
1.3530795219548977,20.347321775417267,50.6263360177913,172.76871342041096,354.90544203319627
1.3104827826798124,21.926455160259465,50.42233465664574,138.6785190421314,471.7243405057876
1.34455765327262,22.113394900884366,50.635472619282766,136.9107974839241,493.0216997805907
1.3181157609881742,21.058850854848146,50.06893175981632,132.80216554531694,491.728340819186
1.3338750471781997,22.219726638201003,49.36077280032428,152.9228828062134,593.2262094322825
1.340537145896065,19.50017794724178,52.05580340252474,185.1673413029968,445.60695345389934
1.326120466439749,21.398568879585806,49.33045964312788,147.80013245424382,496.3782612018516
1.3174570035032398,19.387165462905998,48.06736915837995,159.71599511227282,391.80009502673806
1.3447977635571982,20.861445449535324,48.26702275605161,159.23992965503942,425.0559007479639
1.31566307582745,20.100960132558,50.324501521354584,133.81732286170478,549.931920267497
1.288300945002839,19.028123612215843,47.57050315622784,137.2615411665422,419.8451718969209
1.3213191126427146,20.85627201984597,49.598599051352586,147.30414669202077,430.9282258639797
1.3305222403851786,21.074493026747522,50.7120696827204,144.77819571552075,561.5814865648999
1.3035798852453166,20.100353901857613,50.34017317011325,148.30511316501264,539.5966432107907
1.317221935094821,20.663986499068855,51.151160526190914,139.76881097671466,511.7381608374481
1.3258049115388286,20.236822773549875,48.01930729944176,140.83507111205486,473.87496112504425
1.3305491087056525,21.065067366631197,51.65143215619786,152.2583670981085,408.1985380961895
1.3325627712943224,20.48287198256163,50.23015712914089,150.82054309643704,422.14680947771046
1.3354844277775055,22.7427260661485,53.188557665592924,157.4312602792661,539.7513877707564
1.3220129864784496,20.201114759847542,47.07697856276119,152.93250458867647,406.74884637957814
1.3112004679501847,19.854518766663872,49.99212723984474,136.11305531493974,341.2694332702101
1.3311473496973023,19.906366149486548,51.5760056321863,171.20653217507385,488.96914000053687
1.3067210766898039,19.69066920421369,52.08814727139195,161.9290243100129,487.3581916943541
1.3231416390969035,21.513261173904176,54.31676783375995,146.80369621778945,511.90479889130444
1.3179772353990669,20.584481846375667,51.4604682045716,147.2349016845771,495.60551897101243
1.3431039519150958,18.94282019165236,50.42717506018871,186.5034369100798,395.32976106210975
1.3724929057606474,23.758830962753745,48.25662877054741,132.32965642989646,484.6880926123261
1.3138910884757404,20.475184236715343,51.277965743769926,143.5591219648636,513.7290647243149
1.3145322017762449,20.836249217916876,51.22486519253586,129.57341610990875,458.94395871262503
1.317879843089189,20.57706252652665,50.01570613885102,150.47710309950523,467.96044568228143
1.317174396494658,20.384133326733657,50.36762568281745,142.94027775406678,545.1051651870622
1.318934082371862,20.58787579656458,51.04626714436778,160.7429294365884,497.7490867616722
1.3085046865687617,19.637841336211704,51.13491100333243,165.247336089753,517.8587778953067
1.3623319028077434,21.53799717742056,52.445427597437515,161.92749812776896,461.2251615870847
1.3551525453080575,21.377886358729548,50.35612855865545,149.73699163239974,506.53556693689086
1.3403429892300847,21.566224866994595,48.6124734390184,139.329890968556,418.4973920615672
1.3648374711751026,22.45486917731214,48.88311172857417,123.13975490467612,443.65049946550687
1.3435912473979346,22.42013131538274,51.954194319418455,140.42329596977407,548.5396478533032
1.352642842380928,22.178025242337178,51.63414971896734,141.54982315833223,515.4477625603279
1.3439114411248188,22.5083549609974,52.44901396932126,147.20042463301365,524.0298842675862
1.3302319376495508,20.596508753848937,52.227702270065016,170.86457988836213,478.3574349635957
1.3361476956866745,20.002357580555692,53.22665182812313,173.42035556614732,357.8701672307718
1.3446843646953406,21.719099813485844,47.40351379185171,126.30771589378625,487.9275474474731
1.3231915293396155,19.92655310914523,51.154745429104814,157.03327453924928,403.12191602885815
1.3875457294371385,24.174448118458276,54.97808528895979,131.59958035342456,487.4512385475558
1.3208072487079403,20.549825339823364,51.537756074847316,150.40537214433,444.2097440056652
1.338499696453436,23.362680645397123,50.33877948865655,120.84707945486159,532.490841465298
1.3274419404987574,18.553584939964434,49.62018200437325,173.0966119843145,390.97728621707364
1.3225989795650073,20.146678177297595,50.383197035282144,167.47121581123773,444.46790961994174
1.3705796725663182,22.661388090213308,51.26511644863732,151.7098155672535,497.8590640241262
1.316957006301819,19.89603779434966,51.51702016590365,150.42623075601878,434.0700310648722
1.3483677720830274,20.3218188992343,51.16147777945756,159.45090148937382,428.3180171331481
1.341885067426948,21.75308762923736,49.80779633486543,125.71035392174993,497.80009607557713
1.3426841101508957,20.35993569714124,48.3007633306817,171.862628952717,424.6342046794218
1.3222896142739924,20.578233324370224,51.28245294317389,155.21309935308778,522.2418815136712
1.3038160963524388,17.996334596449387,50.759963178066684,175.83354248414088,347.6746374615124
1.3246735614619163,20.979880223242738,49.52241254577985,153.3760151180517,441.3915847938943
1.3328267287223916,20.95367798558295,52.65931579426875,155.25504942221602,451.7785599133046
1.3344745195161132,21.29951316222776,51.76643973450076,153.21850571132825,484.52013929636945
1.3126165845140492,20.09895917256306,49.58056646304621,145.30815574918495,445.4205943074436
1.3593152611968025,23.790422008043425,52.059901388649365,131.0793140814867,590.1917147575817
1.3587135982536418,22.387733493965573,52.701962491212136,137.74755011182157,473.54387788165354
1.345918642192568,21.241211473768367,53.13742137410819,164.1293154476701,514.4840634761126
1.354624578406306,21.976570900808937,49.014931780685735,140.4689031505442,488.7181537404315
1.3165878778787965,19.616867184479382,49.964197363056414,157.98173286428786,408.1675336100163
1.337469684108128,21.52376926120794,51.537581150543254,152.60858132912418,440.84950054377316
1.3012481736250372,18.472616097375084,50.29570464709188,158.08960944456965,258.20374407998406
1.3521735278162752,21.021794917284147,52.93234631199974,169.06102461998682,505.0777080049487
1.3370174271738877,21.185510826644304,48.568122850850706,141.6497446003401,477.6695028750131
1.3344844682421664,20.670417554695025,50.43305919684256,157.41685024454148,447.79053503446073
1.3295010944370227,20.193260122373474,50.02199511877086,165.37759101676266,470.3240693692825
1.3055005024453772,20.66896619872698,52.30416866658221,140.29436244167766,518.9149141292025
1.3577765029713356,21.06304534602024,49.55244073531021,158.80163003045675,407.0951326429187
1.3263272351160458,22.008755117889724,50.56526700642196,142.27315850053964,565.0492433740867
1.3500493781504068,20.9787500692765,51.904038769891855,177.0110714255025,410.5012258365266
1.339676559261301,20.482937373038048,49.12012896325849,157.93081261314038,366.3940973039254
1.3322590830096714,20.681797748175804,50.19456765408043,148.92420093612594,439.4791502542138
1.3523516957722015,21.75636669989799,52.348788262678674,164.398081839817,436.02252721131265
1.2936580493530907,18.936005899124954,47.511104788842594,145.17926173484938,501.8515014898746
1.3495998399496758,20.753570365841163,50.80804394757565,169.6456139687614,407.4151584150955
1.297543223673177,19.354917540388083,51.87060863228105,162.29190567044077,370.13741429308766
1.3233292843142808,19.710819477058088,50.03155351871601,175.65951575052318,401.96141393909005
1.3280485655951122,21.572172891475123,55.33871500675101,153.9780665353835,450.35843024962844
1.3634866815597233,22.382868399115885,50.96030444730082,124.98316249663338,449.64583265382754
1.3319349559642109,20.2960013663197,49.85489688566308,145.76886077785906,359.29809239827307
1.3675253076982654,24.13368169042728,51.99641911784277,127.77689186198685,507.32606462113614
1.3340603290982873,19.83121113021714,48.0161619705035,155.28097434186233,383.3223988498067
1.2732985237566823,18.952500426839087,49.07321115898436,138.95993692231087,467.6845454332173
1.3506827833434027,21.57822189982153,48.75979844210599,134.55911857625375,462.14096899113974
1.354381584274782,23.134178032815537,54.73244016981594,148.48319740127695,515.5524311669456
1.3208578485832043,20.67362259464496,52.49354047473028,155.36728250129661,499.42872418605776
1.329792059974753,21.00058111104583,50.8386306308873,140.72880757087438,425.61921023345604
1.3445965696747204,21.474466791615004,50.462244945348594,153.78508438750293,564.5923668234748
1.3332247545858966,21.32385817971584,51.78985812815981,146.12298826199333,501.41231650639673
1.3477495730178248,21.32952663446427,50.53506317652139,154.2123690259674,431.7642708329915
1.3268621585230405,19.687453632662095,51.03565695308874,156.14119814697673,465.00442042997855
1.309833264363218,21.09212412411458,51.08563880506113,153.93886626341094,505.69430668090223
1.3336040671519749,20.91945214110651,49.998294536857244,141.9030208686824,359.91906573812906
1.2940359279281066,19.337812366485227,49.338772135850924,163.0122860611684,489.7548411467286
1.360910030747104,23.01614901421272,53.021117688914515,144.79468199629576,487.0424966010893
1.3313574899863585,21.851981724406677,51.09968225181735,141.81888671989844,542.2428522944984
1.321197524850131,19.319945329095678,50.71772320006562,153.18447769044917,371.8995434536847
1.356521050176468,22.09396288200343,51.37127670796694,143.2185674583207,474.2251579093971
1.3089703120809326,19.858450391475415,47.232903715247794,155.49641321531868,433.0278797232758
1.3279422055100358,19.231448984058705,50.195314622531,169.77054725194247,396.8503206539267
1.3216320545367668,19.87500175892253,52.764098083923216,154.29687953082978,414.4977947575141
1.344106520684083,22.42368249559673,52.47205754397677,140.58689390605338,504.06948694677396
1.3497777106507434,21.485062470486213,49.21674450850416,144.8731770641627,452.29731298491106
1.338310403621469,21.61504507492436,49.326905906862166,148.9381860233385,480.93896475278484
1.3399085172389,20.154174969412743,52.65470815661659,174.8587099171316,427.4803355513688
1.3383823881530792,21.621172065504027,51.59037074676273,144.98971962013164,497.24545629586584
1.3347701194380925,22.57600376305869,48.48335969956829,133.8635988477023,531.9886414464902
1.311072799744816,18.736285511997142,50.15877367379971,163.3137248100731,345.67140549227815
1.3342294034920683,21.64345404757011,50.1794493051324,135.03787597320326,531.368232923145
1.3174787769482719,21.246205581109955,55.0205552462915,149.50101281314966,464.1977295519941
1.3396710899762176,21.1130736016926,50.15779192365359,155.42182487033847,542.3978352649314
1.3293720753853269,20.892467711237593,50.024626426167586,156.9063244525061,469.5863824149609
1.3514294382491905,21.614274363663895,49.533137285618984,145.3533259283104,458.17440077712314
1.3284601801915614,20.04982732133076,56.28157819668662,169.49011820007564,397.2083371581719
1.349312423230999,22.87532785855719,52.25003942178467,144.35360773140076,546.3410575684607
1.361510986242674,22.578645554135147,53.01009097616017,147.11484501910675,541.5852878909336
1.3259091283901157,19.54432041783491,51.5043779002593,175.7081418759452,418.1257741909179
1.321499948704791,21.57163513129762,47.45189244212109,130.2048818147859,536.7362850836316
1.3370475152588372,21.456729241054575,52.26415884481615,154.05863154074552,499.66569903158097
1.3421619900137636,21.904545855534536,50.36630671988856,156.45645017351688,475.1696736402747
1.3250306394133535,20.656092926191896,51.09128735491911,144.52194002486624,419.4302996988417
1.3512709809822296,22.541614680647996,49.019038611536494,129.34032485504073,519.5179023365865
1.3119109721905564,19.835367342921568,50.310332510367274,145.52687389693008,401.5054328344972
1.3438864180029728,21.20623107338151,50.04875621695288,144.0239505545569,499.52049385776485
1.3561671700253588,22.691539974793095,52.927954380988616,149.13359617756777,566.3862487786652
1.3157456653297985,19.24987599450604,49.49456977939759,163.808206514635,507.03439829962053
1.3071907148698219,20.6383698427137,51.249111229443095,154.5351249493639,525.9780118284845
1.3700529011975329,23.763464918196064,52.59381524112728,144.00691795164482,490.6602463579014
1.3361128196573613,21.314318317644418,51.966916145166195,158.44097365526886,447.8072866887467
1.3309882359365477,19.75782502798825,48.55564054829687,157.84076670626666,441.7029907479911
1.298857589429531,18.985014380131993,49.23062700024701,155.212241685712,380.23757849607813
1.3316937347153521,19.39452929983985,53.71881293183953,179.63313154337334,434.2647141110834
1.3246555107649687,19.87720230308272,51.50209307445527,162.5805537274693,375.56460769654194
1.3154337603986583,19.504542530362905,52.27099464451597,161.27576190050038,370.24702309943734
1.3485106865299457,22.29150290820089,52.000090876181574,125.35037807774646,524.1513550992803
1.3368749890447402,21.272646834813372,51.09121693692081,150.40272792479587,480.5417529779911
1.3498579123028789,21.79065418307403,50.253767644455614,161.08194657327246,440.28649718582005
1.3528503670494765,20.856323937808888,50.475925443073635,172.98511990518546,506.279307033967
1.3432661306090221,21.827793770369116,54.51655752744507,151.6429492524188,533.8218442945092
1.3590373607542012,22.401256509797598,49.66289462027788,133.76405866750997,498.6589659269704
1.3508710733436375,20.275422429431284,50.665678318534475,158.41236954173291,388.08943900214945
1.2860955454550047,20.321403098505623,47.946402680188626,129.59934357930115,457.78947653867016
1.384035836251536,23.382438542268158,53.37270355598951,162.06950133442714,593.1185114547766
1.3344132459882205,21.411671052419027,49.72808069147156,141.23401835531703,492.5043401224958
1.3092187556602493,19.94858352820005,52.75004351499976,167.1160065881956,464.4401270619323
1.32016625016893,20.479161012156897,49.268033502663904,152.80499805083906,452.98902192062513
1.297421079949283,20.71456742877655,50.084896841162895,122.91067607736653,439.0837514806819
1.328273804086047,20.422024722027103,50.28351620004138,160.9296705964044,552.3763205460527
1.3375251320429498,20.105069771544393,50.84872087511671,165.44578328868462,463.98602618734066
1.32814521426758,20.65986658972253,50.02203571350736,158.93779473433386,451.652863334777
1.3083177281340002,20.843851319688277,52.703719765273384,148.6412880955869,498.99592370575004
1.3227774035772775,20.6009880079888,52.38874187692168,142.84442606589184,463.0376460185957
1.3497871761198386,21.468624534369525,52.00767754875176,154.83681864082274,433.1558623123201
1.3213694927783284,19.617566045921652,51.81764163527937,161.18412345500212,418.9859601277893
1.3309246492901983,21.492213559171596,52.52188348531938,140.22476456415492,463.90888640047393
1.3148419256753878,19.428162760201143,48.840744391261914,160.30873912029136,405.45814750425774
1.314648528247167,20.375434571516806,50.85298702199606,151.5589212994822,460.66180405868613
1.3402141812927646,20.390573677443015,51.25511133866453,174.08885246277035,484.7967721245196
1.332426401754313,20.095676450329535,48.79895390068228,161.46160285248675,439.5229657418953
1.3604830271529245,23.880000449611508,52.24828301440651,137.6794830705353,511.89437541218007
1.332838292990525,20.48377472505193,50.11461213639053,158.64981304063576,446.6708030218849
1.3484350248860706,21.160115928559634,50.548654081394695,158.73287801564925,428.36355210356515
1.3002244344715792,20.053870223462418,47.91939725327228,147.03280038376343,422.2898696002374
1.3158099664708818,19.985537211926385,50.82152115274561,138.10962859830815,489.5243941968638
1.3208567302896375,19.731372076205353,49.93738390258238,156.83124757694978,358.6895412996129
1.3247375910583226,20.44658558654802,49.691760824393064,153.4557119257526,432.2646125040654
1.2994378885662021,19.53876712130999,52.216824421386725,154.0608457694674,519.3741742161715
1.333494426188852,20.84489895647787,49.93924895671074,155.9546096115106,429.911579009762
1.3972031419642983,23.054122634551167,50.17528126072602,139.75592777750933,435.1844019336661
1.3616755328271295,22.695435185333167,53.693642562238125,158.76749286770388,548.536879319768
1.364461887850521,23.418998959349125,52.526057423925174,132.4065033628446,577.32193508515
1.3430831601290096,21.69805349435037,55.089521746171854,152.6821060456651,513.7085082223201
1.3793420440396567,22.71305335841386,50.71256484770977,148.39690373171493,417.86981310104494
1.321423727976068,18.855395777174493,50.30319567069164,161.55430855333182,374.9601172730431
1.3598820455526581,22.20218957256034,51.40179300807385,146.9649987582795,508.8347568041966
1.3645446514405455,22.977171079308572,50.97294017369451,141.2120700202962,544.896195724698
1.3416116802839033,19.867316712448815,50.834377293135994,166.7950040749289,401.6059179004532
1.3124224945180163,19.278633448489657,50.67725219487326,158.3602829554664,424.34746116459405
1.2927025698058936,18.082160271905956,49.970827660991446,172.35830580490594,324.716726851821
1.3262142149474005,21.608766417330113,52.76527154113052,144.9152168416063,523.5463807045702
1.3388922045294636,20.396877882507567,51.40388812964191,158.28284731769412,407.23728560002513
1.314299713874401,19.44260598293781,50.67876746716053,163.63551695427012,444.5201073567782
1.3381583283357417,21.192851276654512,52.4101040389443,155.88086473968693,504.0712116377245
1.326358733096215,20.12238369969499,52.397411268300964,158.8732701419691,436.2823236023889
1.3487654096052308,22.202885227968057,52.61725588043012,161.08208907680392,524.5528236420016
1.3325828713792847,21.1341616683372,49.81156694834696,147.41095946285367,378.5638239298569
1.316779601865496,19.44000472639641,50.12015654025837,146.86941241344567,388.99565854342944
1.3242316050736593,19.67705751643577,47.02434256391522,166.95865170006454,498.4698525989997
1.3225241083094743,20.876512012274798,52.116441136410295,154.1352646954914,426.0481195550051
1.3506939098596464,22.549810491261358,51.88629170553199,145.29110594949114,496.54814174426093
1.340553146676214,21.838614806270353,49.893002090664,136.6392135075,448.00164127198866
1.354047029964877,21.95378277858819,52.08729230628387,150.1589413612761,525.3347111199154
1.3523202979908722,22.04645211997376,52.48811330138122,143.84467958627027,445.96081326922337
1.339359959131927,22.395299526495016,53.49496123860098,144.12529134054688,492.19102694726774
1.345305891794551,22.16391057650587,51.86253879856261,122.92839735146684,525.8287353112939
1.3407302154671037,20.808763062909364,48.65604925842677,151.33926901747293,523.0788074146283
1.3609077422290183,21.825572733941883,51.840666321474394,158.7404251117255,424.34070433808716
1.3317243280398339,21.34665778025374,50.615122740791556,137.8199223901387,480.5878515070473
1.3743812995296028,23.011498160435686,52.49848807388866,130.0515008630071,487.4393344898371
1.3009627411961715,18.91908831860752,50.19475545505793,159.52782027055832,406.05057953345045
1.3704734961492961,20.95805357735631,50.71477374975743,174.69891893521856,432.94740086038723
1.3374190321041974,20.067548472370554,50.82093213934961,178.58343358693213,347.66142012360547
1.3146832464455513,19.729543208351608,50.36252485208424,172.79744693690327,471.77411563940444
1.3481361396062543,21.792926732509077,53.62018258372838,158.94462830265573,547.7094630856647
1.3279193311472608,21.280700996802032,50.601241708976445,145.97615467610308,450.9109064538811
1.3187575227362043,20.40011079380762,51.02802579151063,148.21137297422044,464.4292873090636
1.3252912608504264,20.1519915972281,46.596653384099476,158.53823994553898,460.8354985310315
1.2812875044830423,19.179337591601517,48.86828942576653,148.96755128579036,491.5801531588375
1.3330709347756213,21.783247724770362,51.56854781636098,143.58884241109905,499.09294218078236
1.322406880474368,20.906337931811333,51.33412200922653,159.76574269900044,535.8262695438782
1.3170980409424118,20.46422728746523,48.77439583801326,145.3129033231835,470.613717312753
1.344742166631582,22.442115283674383,53.095456983022245,141.69842989045543,579.3687689448824
1.3343219279007532,20.9486758988101,49.65170801565465,142.5993236760497,572.1884503818859
1.3444524921496277,20.625171341351724,52.505178666893556,163.67526088227493,471.5457707347891
1.3292579142275858,21.795960359702267,48.21663479089476,123.85553235279862,533.2169414730314
1.3441377410475581,22.530263384826828,49.60688561889088,139.27685575868466,555.9239155526972
1.2967726083291877,17.370356107608572,48.931466398206815,177.36699929220512,286.79845372623697
1.2953638899144126,19.79930735356915,48.29070975804426,156.8400413723076,409.60760696062647
1.3144143928023833,20.20218043931916,49.95987173388684,136.56250678478543,520.0409051942706
1.3465306461891622,22.14813948711012,49.48054726040048,123.56530029890504,428.5194042417633
1.3185835388288492,20.031710783282904,48.84301583641281,158.28967071350468,393.16648274984453
1.2873751123641795,19.200257976366604,48.44881571279204,131.269739179524,439.5360869212096
1.3511406805045574,23.864901697553783,50.169083704647605,126.24134651420236,571.044480543776
1.386143099091837,24.832465206676634,55.029518160622075,142.6866480796254,560.5125618478271
1.3168094410684623,19.981553720488147,48.5766745528082,144.779850583902,441.694171232205
1.3475206938052575,21.34022761738933,50.31213168602545,140.22038861680767,490.206034686477
1.31301114095326,20.017301970822864,49.96348673254742,177.21078143625067,492.0146156232746
1.3486195179982754,20.940083317593107,51.90258650294942,166.87660379863206,471.89515648859646
1.3397949306415144,20.62984766377679,51.50969424523063,165.86733118903987,475.4940511153276
1.3206535286794068,20.238216315772352,49.13951859043733,134.33590486890535,414.2660874973868
1.3333640286766246,21.348461877335154,50.779791849570266,133.20032396608755,457.29244278734893
1.3330485131265157,19.392895596447065,49.4807158166076,163.4105820768118,382.65757856376104
1.3686004937349399,23.73763757617533,52.904234359056865,146.31408436455305,519.3179047488024
1.305623225599681,19.45743762043499,50.09499327237734,164.65021558188153,460.64352157946394
1.3430387878609065,20.93937679926109,50.40649216985955,149.04745471680158,420.30783138981155
1.378243758147808,24.026612694433666,53.24488416123441,128.45610605151936,585.7869584331054
1.3539654394268508,21.066908559525196,50.26954571827448,166.92756311650356,443.579257914775
1.3084107556847187,20.75135681776404,50.86431497328671,134.93053030641906,529.5202998174356
1.343540942998324,22.202595796558107,51.13172296291436,133.4363454075214,477.68405200057526
1.3057369508677872,20.59474154591311,48.16509628530606,134.29799246578676,472.83312825309065
1.349926198824213,21.603150245892643,52.50752672012582,161.30891648335137,482.44806493659553
1.286535448237749,19.16099865390498,49.88919519674311,155.3378836119408,390.2395003618401
1.3219727619077923,19.36302727555651,51.81939687448896,165.68354052420548,439.80556838752256
1.314755860800366,19.11099117149068,49.292295716314165,176.45639861363557,479.99530660362217
1.364728594766085,24.026239422785597,52.71220137373761,136.10993599924495,497.0979933367117
1.3241970201844708,20.53935554013252,50.86856615678666,151.68983932863455,510.4721449029923
1.333605793995936,20.86468426773954,51.85420871328978,161.36590117855621,470.1489256045665
1.3157221850697347,20.348353281074452,50.63277495521064,143.40458171858387,472.39901951409325
1.3294514782374356,20.59011968128317,50.15113345117475,158.51886932907385,501.7581101426924
1.3153626164265386,20.944991953191288,51.5091737138165,158.18714752552074,451.57636627338104
1.3405321046702405,22.187147358649607,51.46924727509898,136.78730995552604,532.4739381434708
1.339546991280239,21.89936719111616,52.35886268551175,158.71872474819912,415.1800457272164
1.3327419092930113,20.140096984757005,51.8966132696547,166.45897031174943,488.19946553293795
1.3445880932860441,21.41277247613292,50.43750696511275,154.32138467835105,477.0687329974425
1.3114324062195313,20.086949956813413,50.17083583658604,157.10282400408846,449.77442872961973
1.371981674783267,24.174126742284614,51.0913534978935,140.10899914828804,509.311042051959
1.309342727248908,19.286023867754928,48.933096374647725,144.13207329898952,470.71144911693307
1.2824297371364761,17.980345039590375,50.907411279099975,179.08543010626624,424.6154328639855
1.34241068803315,21.083229069030043,50.13190914149591,145.94650857291413,418.29490784532163
1.3055778656420205,19.30249442530335,50.431738069055385,162.82742717799363,426.75092420547384
1.317340319587285,20.245244225649238,48.66866980903894,148.96586211414945,450.75504789848924
1.3079313892482571,20.951865046908548,47.571032911454246,120.89531982687203,512.4087046598879
1.334111397691133,20.53828253947546,48.705516062396605,166.00891354214144,453.49824022836685
1.3311094977816946,20.47748508572688,49.21933787660215,157.15489941643676,468.92979945619646
1.326130158751062,18.99472451783624,50.647533158768404,178.8792718511896,393.9555807555572
1.3233066501364374,20.303900350310336,47.98997431885237,133.72080157025584,452.7646717753518
1.3615951623779017,22.008008895984517,53.773037675297104,156.85340266349968,383.35738175322194
1.3707700686456887,22.284405138002185,51.08776635219365,151.83515348514473,488.3644435276717
1.3085591273803054,19.772015835918396,50.33076336784821,165.9664664745628,485.34450246563773
1.3386372613305648,21.831014286244447,52.98888370922536,146.67294481948954,479.4928941097901
1.2901383392236674,20.460968867578714,48.765919353245955,134.2126373649547,504.5649407947126
1.3429958889315408,22.52674464398407,52.33827035244393,130.47710869164055,553.9878979699372
1.3338191823809473,20.755475459402994,54.082622750928664,136.01538807878282,450.2941946053432
1.3245367896633904,20.83238501916085,48.29094297385082,139.73069343410415,404.1527867480977
1.299266723135223,20.015792040094787,50.213516896016706,129.17285574865718,468.5182668792022
1.3658289991128676,24.27040937702376,50.07523796520643,123.55256646424193,539.2627489544973
1.3434782172616462,20.629829996438414,53.16483968543166,165.515799549122,475.00298493597273
1.3548713876114347,21.033485935679643,49.77297907184296,153.9629575973504,449.8254474361032
1.31804805489223,19.622983766834068,49.14620656139544,164.23024620024307,390.90736770916016
1.3294552562867545,20.658519611693443,51.44034970609537,157.5015718704865,456.7880149064334
1.3772151325968036,22.273894387966333,53.06015251793318,159.97275036394115,467.67631329622867
1.3134534602028418,20.829074727949752,50.95807008255524,144.8164065995256,507.82412594100373
1.3128906017311315,18.42763466087584,49.37167736990905,181.0391253394268,418.8377671073823
1.3667298035025293,22.233359039618744,51.24330953942288,160.64250373310378,493.04328859792014
1.3643849770744274,22.926590147072886,50.7675757841551,135.69865515816127,510.9552642497731
1.34637590499148,19.30990021293321,49.56051594717603,181.48739484602527,420.90976509274896
1.3222991514851445,19.52460950706768,50.289534659150526,173.12987259576596,454.45301554211636
1.2951471782096227,18.452810846658387,49.47977286076526,178.04992577360133,373.204818699694
1.3464214117755837,21.85072056938725,49.55616149398169,150.55072385276944,545.1344032057763
1.3443989258980142,20.995074772315863,50.21501299760226,162.5819331840144,470.0700306764063
1.3181226363618999,20.27545281394277,52.17163788129041,156.49389217120654,496.2618844241076
1.3094744238946678,19.273500762682694,49.65622911417351,150.26618041086044,409.9255199198012
1.3505133790637143,21.2850715725692,52.05885022786628,144.55199935987625,455.6949062339327
1.3100114384500061,21.378663264690573,50.057243413021155,128.89886345922093,519.4350364252922
1.3094839490335826,20.459743682138082,48.31153941058251,137.96342728222893,531.027983547719
1.3530481510706924,20.919943129045315,53.28553348947286,184.3250856609414,426.1729575907644
1.3560043352926572,22.026574457604763,50.10083643666777,134.9612687907023,451.20293763260673
1.3483740882341593,22.57106138376743,54.626157767489225,135.7783651627264,500.0786810645303
1.3179208659337847,21.502796658821623,53.99454706835719,149.5102214413917,539.6153561147884
1.3265651185852196,20.811714160913127,49.483540374801166,146.1877162043201,481.90799103850554
1.3173170975500645,20.36289267848519,47.14516664163038,138.98499465512313,446.19769751072397
1.392979363887632,24.044196654520142,52.69833291145512,149.44303529934712,611.8747421280074
1.3191753174252427,20.145254128300405,51.13519908154181,153.76849022631683,440.9931925552637
1.29453591504227,18.90422518899413,49.6001970490524,170.02123301451607,423.2071314657207
1.3419142324615727,21.898389821408802,49.632100188658455,136.8780343856376,434.04793897654025
1.3301055610500212,20.13067057443783,52.01165417990123,160.2239940210853,397.8952995985562
1.329381198147897,20.055193679983077,49.030474351236265,136.27764928249826,351.4132240179295
1.3208913288423412,20.03520824785341,49.71687858363511,155.31863390392925,428.8930053785425
1.3084989170772579,20.680443105937886,51.8678490468942,136.95767778540701,513.011891247002
1.323649241347098,20.466195304582758,50.002078205030024,147.2905169498538,466.39971545175206
1.3320957709800525,20.46434635620541,49.6398770707768,167.63036020482318,465.42673956333425
1.3282998962628805,21.125906692114015,48.99509609436488,144.1688259027751,491.24261291897255
1.3228111734361154,19.972070154117173,50.97372977470913,154.03030879787343,333.5051992968028
1.3327976398055557,19.76554122093133,51.82965950870086,169.24153866127114,418.2993764531718
1.353524415627375,21.34235372383018,50.31790466727824,151.83098756638861,463.1598968273275
1.2971716900672248,18.48945590862247,50.322512458817585,166.80160991917592,346.46852440886215
1.3557527148310478,21.63149362626202,49.51170723028712,137.2375471250887,486.7106412136663
1.3200274779741448,21.085873464020615,49.37199527972354,142.48143402212946,481.53529120871286
1.3099460445897775,19.055887869123218,48.737736658283495,153.45374691423396,345.70153549612587
1.315043961076461,20.172939435022005,53.391836451842906,168.37951923743034,486.0628770833163
1.310418951248792,20.857502928005047,52.456058822309124,150.9125883136321,532.1407108753375
1.324610034785699,21.47499299326854,50.62939862837989,151.97248955524213,544.1195931879209
1.3431006457380479,20.60087395845361,49.43451074574356,161.58601669700283,408.0598350123652
1.334612235229136,19.991695502900285,49.3877143582184,161.79998854824566,327.7479511157344
1.302016749998874,19.29803840608806,47.52591376262455,140.17058099649708,355.04186026622097
1.3409967149736133,21.501911179963837,50.92599709189675,145.14413223698725,434.4562809706242
1.329593711973074,20.451757976144172,47.676040472918835,136.41824015239666,486.8728571168096
1.3727150432583948,22.407277700530333,50.689321178747406,152.64242071937963,464.4530397422826
1.321666715387813,20.02002378446818,51.46497828840497,167.7414836250246,495.5147323362376
1.3349573587101324,21.618932462472703,50.33844231672022,142.249205488784,567.0409944282862
1.317814048190326,19.928925607049496,49.91577120748422,162.61577654944017,382.0463680236758
1.3414857366780737,20.79954151620253,47.19201451687289,162.18915320193318,419.71179129921427
1.3365831490648974,20.033768871441282,51.3250497545159,173.37153578388077,342.05144098879975
1.3189317166310515,21.257505908710602,48.76731461297521,143.14347105226946,530.2261482464818
1.3142706705023222,19.12522009398308,49.19465516476741,167.16294543740514,413.9279866910245
1.302295573614837,19.47861985117463,47.588471567180775,154.8422453792284,440.67031068324604
1.3422310633902463,21.352579643464246,52.05792273658537,140.3257008437461,426.8862389758784
1.3153014187246233,18.368120729269958,50.008219875823976,169.05223757212104,437.7795469478944
1.3178685989377383,19.243280738210583,53.85965597230963,174.12314391163366,440.75230787640777
1.33966591244671,21.77497199755953,49.662903089200334,140.1254944759558,431.40552209734517
1.3808998031092383,23.08240258599776,53.82946796564029,147.12754612558294,518.3213387512899
1.3803567493731876,24.196244331004984,51.0278934817552,149.73592368028523,555.5025100152925
1.346075375878079,21.665269724312214,52.23008332625024,146.43109122268072,464.58017100253596
1.3296336454523678,20.876972235837318,50.46622319883653,152.07360178494224,520.4760037997676
1.353430972224898,23.326538749179843,50.82951571888579,141.6893158598838,494.6751527870954
1.3262194513050793,21.003902143245572,51.550581436311255,137.61726121145696,429.38399678557323
1.3283474633612566,20.998256816712846,50.03650665886826,154.79072288402375,447.5167261786844
1.3244921013856181,21.079347811242716,52.5267414157396,153.27232130849228,480.7169078835443
1.3212341095135294,21.274882562831976,47.28783345448466,135.2669500873539,475.19720110764064
1.3364194157086602,20.56037338377598,52.66366335844323,164.92371522453564,566.5651906793253
1.289686415256717,19.441279906426136,53.035263481424344,170.47118305038407,510.050520827325
1.3538453725756927,21.02805599771939,50.825006243367135,161.73103207367888,411.4213961572448
1.3482767546492074,21.05159678632231,52.858417322686826,155.94118859490882,410.70017307438883
1.3225255817518753,18.41128946597513,50.97600254331004,177.17001304273623,391.74634847537305
1.3477210775739423,22.092477325418887,52.52184726292187,143.68437951957418,480.3412176442786
1.3285621835332748,20.037208015451295,51.06369318764538,166.79361750335,416.2697752899966
1.2862410966962263,19.894328055371087,50.10735823594017,140.4319077387813,451.06704931216234
1.3345410648240286,20.55818105823408,49.98871069289015,163.4770708680199,460.6318532812117
1.3154297578012815,19.504010109076948,51.857921648422874,162.40992254013017,395.81640055631243
1.388389213607285,24.827777191854334,50.572568252834415,137.93951225656747,519.6276977225982
1.3451949518212785,21.01067916044574,50.758765874212386,154.40754276318032,435.2639150317649
1.34500074153159,23.106469791197977,50.60422536781938,138.81981501076123,584.1117129654448
1.371086829520192,23.945749005290235,50.556559276002304,120.84009555390638,488.6997115844299
1.3771504245791193,23.58990718798251,52.50491872011349,133.3555075978388,507.36701284316615
1.318276840507569,21.015291062534406,51.182619972159294,155.24516143095835,476.32720950877325
1.35441966626091,22.757171835260046,50.519348756233164,148.48352066144875,499.42157215859925
1.3345409206198573,19.835062193261475,53.19220822900209,187.26308593995134,420.08483405303565
1.3683261162121767,23.635044871396417,50.37782303704482,146.99481336157322,498.33221649312065
1.313498178004176,19.110673460358026,49.45416874762229,173.09768138231075,372.05626253717384
1.3145559603491388,20.72015067674374,52.74568578140459,146.1777885659999,458.7362807042047
1.3403659214303694,21.866608657488076,48.43868487305761,133.53070305112632,542.9867425305926
1.322635121684902,20.1500510424669,48.585763415678024,146.96935017409467,478.4919322953417
1.3215198985025227,19.515226529992113,50.144530371881736,166.29059193130047,353.23875368617547
1.3863514053538326,23.258300527969503,51.20773293551117,142.71296032052263,455.4021827496261
1.3147136272124151,20.095080670950374,52.57254897853235,151.3296330516504,451.0655855631219
1.3535316274561546,21.65018494440203,52.75960632074787,158.1114780981464,504.43247622273947
1.3392421376434434,21.88906627372788,53.569223140525224,139.26559610072962,479.24698939717405
1.3699028631976398,22.349290171864816,54.129790143812855,157.63839348584685,532.171228662492
1.3401901616035916,22.10912868231502,50.691739232451184,136.64836230114267,540.3031802770687
1.3233929053305422,21.4540371630984,52.37200375114769,136.03502518134712,508.9656213592713
1.3453402937357364,20.655887826562587,49.426389400254884,157.9780791610488,463.40282336909974
1.3317631638106318,21.728219267866105,49.434043440104254,130.04395099747717,479.11228197403886
1.3657231390648314,22.837061478918802,52.114019155112274,144.05688190700377,512.4882847824931
1.3229236650121508,20.089832357966912,49.92787702585928,167.3756376489722,437.35395735631926
1.3269206976284744,19.13317231774119,52.67983322087466,176.25081158779392,371.5428493435088
1.3391008940012064,21.44829461666332,51.60433464729052,146.40356701388188,403.12007654489184
1.3318215671455254,20.994504981125104,52.66845629700547,157.66251487101016,438.5310443159363
1.35008785965044,22.297854180398645,53.10981909484238,143.4916338291357,503.31627201777894
1.306614848516562,19.761483564423806,47.98752745906447,127.70350960723961,490.40128711928503
1.3598933879993347,23.30520835551092,49.63773287130388,144.34904784663314,547.1629607601473
1.3177067715395112,20.393437217111547,49.808163408010344,148.0360915405298,465.11675736204336
1.3294380771152072,21.25023634503201,52.00841954065959,151.13233029723978,516.4973237921483
1.3124301001663383,19.084019673989154,51.388769839330365,168.1909465285206,393.33067186139994
1.349982043086992,22.167143538556683,49.95968179059403,135.84880667884732,500.3036465142887
1.3216937457814102,20.94245205604089,50.414916016073164,156.44883286464523,504.5144844970216
1.3114203072551167,19.186251187181245,52.7254923680819,163.77833886653048,416.48008167791573
1.3398665664264588,21.642089611913434,50.08032136143703,133.67096628378172,427.7672734737068
1.323697360776928,19.37452859023576,49.525399371211236,159.4866516679502,521.2832044142974
1.3394646906044687,20.79680559751904,51.008855962058874,161.0165277627307,521.4271207828155
1.3126707428880504,19.749824867777534,49.91811632581929,156.18442784431608,485.55335364815295
1.339977251938634,21.806909355263226,52.22285065375232,152.72598093181517,505.64696794454954
1.3339467601333403,18.84674914968255,52.83487876609489,176.5604215602333,398.30678234496736
1.3476751471653472,20.344417087017575,49.07482975958512,165.2930594333713,400.26634276930224
1.3508184850024634,22.047024117929578,50.668813479631254,143.70581160890848,474.9302661373482
1.3209250214185246,19.896326539008847,47.13916088966333,144.76296312189808,421.0002945112967
1.3576609336093033,21.97229888274203,51.723758432165596,152.69812369630785,481.2086897385052
1.322068003496959,20.48218682812024,49.25831383109241,143.3236105708507,472.76133309065773
1.3413175240642743,23.236915907778766,51.76985655729429,130.36921602987124,621.5316142002114
1.3356538215673521,22.80285226599718,52.13886481068782,123.77826551400736,586.88285201918
1.3511845585256133,21.617780558615834,49.52334482951366,159.2766435268644,523.4844483810369
1.3071349659127791,19.299574803689175,49.42271600975526,152.60691825636005,388.53008828838466
1.3001793411068976,20.623018955373613,49.61062362649533,122.4025375934636,476.77679910776106
1.291454000858175,18.00335649385021,47.76894937913776,176.66258428535698,357.2925433089321
1.3530359935333456,22.014693515249583,50.65570721086099,143.32361509016567,538.5857053207898
1.35234944765197,22.474490700438658,50.31492535215575,129.31790929024316,539.1832105138244
1.338069011464189,21.390955020079996,49.782211989985484,154.3812351724311,402.0102707944894
1.2997745254309643,20.084161180799807,51.72360484309642,141.60374824232582,393.8707688572924
1.3244266984210924,21.231535691604638,50.94303345214876,143.6963813797437,542.0460247361623
1.3166182572450575,20.63023542837702,50.24948428855518,137.53385309807715,407.2493185964157
1.3401130005016801,21.64508676040203,50.67208949376522,145.6650422959196,425.88098269123276
1.391141675870664,23.607793178210642,50.38030089070911,149.15772222241648,534.9491929231192
1.3225271253635813,19.37476526604143,49.37106519408642,154.5523247361359,367.1576996185178
1.3535788826619775,21.73719786699298,50.80413417170462,145.89345253371923,469.354065277608
1.2967412872258324,18.859821220683568,47.29745660921348,148.57045795268047,369.5842112351379
1.3272827362471318,21.607948288763623,51.31137939104924,148.53596311637986,529.3708810064096
1.337309619870639,20.21504892587417,52.95712020208979,170.5210983173206,381.8923449042078
1.3466835137219157,20.769391372554367,50.91008744228544,166.0971225532059,355.04881489767837
1.353745252283913,21.97315987258571,51.91829882994058,166.69986784468736,503.6424670064497
1.3076980115065844,20.07585802469681,47.42245369598076,154.80775375735706,462.18300494523106
1.369831317695425,21.914941478537454,53.66085663348148,157.86563006581378,504.4479205434251
1.347136265747237,22.047261475392105,50.27335526490583,140.7660250939808,492.1775485153928
1.3414091622826598,21.057613086327848,51.4683085741944,149.54783694457086,469.2423156204809
1.32761000469246,21.588472895652007,49.95141260047334,131.7199016176515,540.4247876952348
1.3081040001656818,19.88621929429514,50.20279270573713,163.01135031052476,460.943442603651
1.345960408039835,22.86063459619055,51.465983138973876,141.82085784228545,550.291529494112
1.3536419219454177,22.57847413509356,50.99648717579278,152.77529240753205,477.1347999964964
1.3538007969048693,21.8009174256874,51.60401038017623,170.97499314884914,456.05790166366785
1.3232605419244863,21.34034775746708,51.44151243746458,143.20977821390127,512.1561681369085
1.3074569118930486,19.013608710386677,49.45303169816681,169.26337391918364,353.2401459263795
1.3273674393500894,21.2154883231453,50.12508633682656,147.29654965063452,494.6657048471488
1.3564771315902768,22.8445558981173,51.302460618637156,122.42585934504386,476.76014854613453
1.35090117981634,21.233342660778188,54.21806771955287,174.63105442982052,410.7339709577247
1.3352385443130665,19.790337736654067,50.49800847977262,169.3152393619252,352.5293044718806
1.3705711931825566,23.555148177921318,52.57128130081019,142.02704486514267,627.5412626365832
1.3463647324605503,20.23330667406873,49.53833655796659,163.06750834829893,470.3947312698778
1.3316895793439056,20.7693123063898,48.564565208293935,155.19038023431563,489.0979666091054
1.3324676670887818,21.186293049944275,51.6029118092974,152.10981332026608,414.94423897147647
1.3469482818212533,22.278911630223032,50.986873347500904,148.23086503833798,547.49990593764
1.304346846349746,19.971671331166046,52.579364394857045,150.74777146511929,453.14666559471493
1.3627079254719654,21.958623737165944,51.18798656943838,161.05951994569952,413.6796625234211
1.357909764195039,22.963462834328936,52.65660612753786,142.99995805508263,535.535502819767
1.2968817569144189,19.159946898521433,48.339912796834504,165.50642761651793,412.67583798736035
1.3212425740941325,21.40400258797827,53.71191229170293,142.46999670383192,565.53470605628
1.3125871088459535,19.854240162836383,47.629873033511736,154.61724027329535,496.1348216017767
1.3145431512131505,19.729637677324156,50.018350225491226,139.90587897301307,453.67835653977767
1.3574105652402821,22.930377502933666,52.68161832220829,142.74028511341209,477.9696528557944
1.293040074438928,19.889940716614745,49.14722172413889,149.15465467694136,424.69674741194524
1.343852712526111,21.446116606716004,52.170335339578365,160.60978555650198,419.79049125967776
1.3547778306411598,22.316779434588394,50.2449384915048,155.61288696294997,573.0604519058976
1.3439874755626358,21.354521544142614,52.69984740606174,158.8082802296426,462.77128571523053
1.3233755404369596,19.404137746612125,51.15866748095194,153.80243331903262,472.0898556571269
1.3289779807988527,20.34821880580097,49.82575903666503,151.97760508107385,363.9148897876948
1.315039479543684,20.281924641328217,48.84259274389955,141.94030443200316,511.94978521900566
1.3554118451207207,22.57872265098151,51.76346228409013,166.21807721464884,402.7469029795564
1.3104778722221964,20.868114222622975,48.256116748815046,136.9380334567011,513.3096399895728
1.3094034004680073,19.801442666473527,51.207097060190506,155.59687736684347,499.25217174636214
1.3212574049998143,20.90154823525843,50.958027409810384,137.750530963986,470.65836438191155
1.3504090341991293,23.227741722630327,49.05783085309228,130.3865092275,518.7260154958103
1.2931110205999856,19.91231207462507,51.896581287834266,154.08719364312037,441.9088935258915
1.3452402694068266,19.627896861613852,48.648532237386796,185.23991509847917,466.55268260198767
1.3417042562116848,21.714236397166935,48.4895408891565,132.8114051064799,562.8594117071437
1.3218436341174487,20.916861864797866,49.989617589653975,155.34150562190453,451.073528423774
1.31824891292307,19.746395785421484,51.22815335395554,144.93478080579004,438.6366243570339
1.3461721039338572,22.971876574288316,51.57683119775921,145.65706925811335,606.6929907341204
1.3202485997674689,21.021523698915793,53.043472451705334,150.3228445401593,462.76405253837913
1.3265721296106614,21.404012886012215,50.155141319477835,138.70560530360706,552.9122534636984
1.3483711159171439,22.813690714270386,52.825718093173535,134.6290175576072,531.631940427459
1.31017006129672,19.989554016715324,49.65451376676337,149.1998218448062,477.3095841747127
1.3314654616729014,20.12904345885624,48.54499438390077,161.1515056399727,425.63319227465007
1.3282693252028763,18.928357919516607,49.65547602288088,180.29196974787092,448.9150806013821
1.3355583490653673,20.30280936423331,48.940234587355214,159.727715816606,337.03764341380713
1.348178995610774,22.364141370247626,49.39282975708334,144.1808357994878,526.5049662165387
1.3330704317134767,20.987908278062783,51.99484328921807,155.4579872630433,463.8635307733289
1.3571163499290426,23.00426166477672,52.360294876124264,135.76207325113984,484.1761106947181
1.320323705197639,20.295731018186597,54.40307365456617,163.40415656101908,389.6430088456674
1.3153789005085974,20.151476119673976,48.94649239301898,144.5782416440581,441.14683298787395
1.3793148174111949,23.468647854537224,48.91732640004703,152.1711395521506,492.81854669884285
1.3474957723943362,21.589352209139925,51.88361957112614,152.75631672215943,529.2350631183529
1.3466508632268182,21.509412572876904,50.58661362676448,160.61887746732896,538.4413392968574
1.3275931102011356,20.211094374456387,49.19965650447764,153.64595858759105,431.08090463226023
1.349053905769232,20.94981355682696,51.68370955224277,170.94736481964745,471.84991398272274
1.32678896019705,18.69571014209532,49.847001670951364,169.6877977833084,316.4857838128465
1.3640018318889044,23.489843679596426,52.877242869916145,141.7492130102426,572.4044857607973
1.3282747993996002,19.740927880846694,50.991382559827144,170.9064636366842,408.36921780344227
1.3234283403055724,21.08094690370813,51.58039154726399,151.65265517166105,507.83334572862515
1.3939506386238931,24.239890273722345,51.90619259074539,150.98641622348805,600.6356387327804
1.3021257971668712,18.612769158955896,50.09803652078434,169.50072999586877,458.46462877087515
1.3467136489735267,21.12717994659672,48.683929137218854,142.78301800418322,491.5474641782795
1.3209211766966793,19.852222878868844,50.84219038548843,163.57387570438493,445.9928558408308
1.3382075364232462,21.63732300480153,52.147098189119234,158.77234519552223,463.0095382086158
1.3893257366868126,24.890636157507828,52.468371085711254,139.60422339925293,516.5767892155724
1.3123728898930431,19.40742567828943,48.28373629993828,160.22004540970312,395.97529066960027
1.3225648753999988,20.590017940246906,49.21647999685463,154.52792980954268,431.71570921206154
1.3789991652060014,23.09488205647361,51.59136908121634,152.15603330632896,503.6743171001395
1.3511792510868055,21.179038968758462,49.92519252922693,162.50281586049056,424.02385910952097
1.330338278976351,19.73778797302684,50.87214509975202,171.6091645359307,450.93628077759047
1.3154018786908988,20.159739339094514,50.205080526427565,152.5206877847504,394.39757803891945
1.3390386266693555,20.004917887205973,50.57297159987742,157.07947648269402,417.60595148538255
1.3635333097861122,22.37888897487202,50.66129460507911,129.83176248473873,510.8401279722646
1.3017500022971393,18.48503772031614,51.21249985308484,162.39691874456355,384.08813292619357
1.3084838489025743,19.47519391207303,47.87410718659969,163.97403340634645,432.6994431195896
1.3316577705433132,20.773590299287072,52.22038432359222,139.04660854405023,436.8769877074062
1.3496063962015352,20.378270709779272,51.78711746831839,163.65919128897622,376.98190817577716
1.3667130527027362,21.09754273688445,49.06051032113842,163.703911579943,476.5080663790078
1.337924353937061,20.484618330119975,50.38851341543434,152.66116520227058,424.16967691102394
1.3259239781310326,21.50616548805472,52.03269498711271,136.16141658655698,602.9210206879341
1.3517897726490307,21.01082038274986,52.64950828682825,174.180648678819,378.8461861050426
1.313429076923838,20.532792776062546,49.0833169620459,145.05367317874538,471.3288730108507
1.340367747291897,20.372370936770622,51.53239507951606,167.10364665779372,450.08127261682387
1.3501596852741926,22.395315318330574,53.476888810625645,129.87753255598213,480.87220440863143
1.3335437756900155,20.567343623431594,49.168687027439255,158.45939760350757,444.9707078164065
1.3283237147212439,22.127801684385453,52.996105315725906,134.87656308414282,518.3649982439488
1.2916656922901564,19.10214424225409,48.44325914315089,165.40420427974354,460.1277936147693
1.3367349866937428,19.250248599865543,50.816787625801396,183.3597120629566,337.85245270202205
1.3584456061013481,22.756484106285214,51.97640724321256,125.48700689671236,636.3947501063452
1.3523216467788584,21.53113154808136,51.772162159093604,156.28222360691603,434.79775105809995
1.340678030424554,21.729449019131618,49.719624692246235,140.51306456850526,593.2065076893939
1.3639826402498767,23.030406330180096,52.794227225653124,140.8255626332713,575.232331014121
1.299030171840053,19.84023097199524,47.80358929507321,132.4553608739871,441.66664973797657
1.3222504157402262,21.225294513026366,49.82983252282534,135.2103110022297,495.07116507827845
1.316931104238372,20.5524840852556,51.39618393123693,136.52516300749494,453.4922792055043
1.3221863313383158,19.43293710555701,50.661956242048504,151.50765436151988,435.29595361310857
1.327611495414034,20.14196316711965,49.549093387818004,155.7711933303105,413.38832900277174
1.3307490286297896,20.079952131747284,50.586506936092896,161.08958385368743,456.4807525199087
1.316100306437241,20.77995244709153,50.06103347988461,137.1174237663597,531.8167039075845
1.3631323599381255,23.43937664410982,49.88606047968372,128.39813770320603,565.336324562923
1.327869608372311,20.208765580541538,50.15249926812187,173.36199652704585,479.1158323253147
1.3221586391590794,20.23348784004599,52.25433451963572,153.9971891989357,434.8692002089649
1.3532307766688674,22.061938921979326,51.7994577824949,145.47494035102358,467.2342266882344
1.3331632203160306,20.997984113378397,51.50046105055479,137.95700809424807,518.8322620184886
1.316798432858688,20.683735953149515,51.69373471911048,151.76237866222493,479.24008655916526
1.3386602534887324,22.375294640662464,49.47672862986758,131.11048319504033,563.7420086555667
1.357770288045115,22.6270009525291,51.55052811484073,135.1557205630936,499.1714347758012
1.3013838947920655,20.08910724314469,51.183906677126984,158.69774475586792,500.3738856734588
1.347715141241561,21.83495646923354,51.48217791315119,152.97295655153818,462.8785444169326
1.336978424391166,21.51206928628711,52.88541490467974,152.01992988808215,482.74007787477535
1.3602641807141698,23.558347055735545,51.44319149266637,133.7980877577978,532.0152066559874
1.3269661310577037,20.990552652490663,49.0430969647238,139.15136993313584,516.7864359200425
1.3126091125788095,18.749800525880246,48.742804421397054,168.17688745716393,415.24489982353526
1.361740098530552,22.439752511050195,48.284061075197755,126.39114978290836,507.086368242641
1.3113461489475968,19.34616722955471,50.30443566433914,156.03521585313965,433.36471317415186
1.369638793890719,24.231421751364863,52.617424199617865,127.47788916136288,558.9157897400628
1.338858063120057,21.712074734801593,51.57655387249679,141.9035719472184,564.7945689161348
1.3118268055525024,18.608472739608363,50.631961831768585,171.29434057796246,357.6186012541384
1.3223733525613584,20.121639923357257,52.646063749740556,171.20125877076052,403.0953342122486
1.3322122421320028,20.768653714752965,50.8451739133515,166.53613576862813,482.283277181941
1.3469816940082429,21.157435676915636,48.83150828558865,146.4405778838195,448.61861681093546
1.3485648017541916,21.9348334537909,49.92894403329983,138.58246165562775,437.5965163420246
1.3418676279134738,21.036237544385266,49.87014581421953,148.30935734559333,423.7496588695599
1.3153863527552667,20.52825134653221,48.61851417039292,140.13412678347044,498.12376333234744
1.3145141599279497,19.81565717165586,50.90384304449817,156.69515008142216,363.2467564989534
1.3596034395907437,23.035929763460146,52.2459425677871,148.74932230016952,577.376112058293
1.3346521157727236,22.40107179397311,50.81516990455486,144.21121077178813,567.6198525494316
1.356524527551048,22.052206318335223,51.81869732678936,137.48503161642202,571.5928074943845
1.3203684536134463,20.10875732831343,48.72771633765101,134.4513064833306,476.5232719824285
1.3375350030667852,21.613325258537294,52.84931176340055,150.75503914969073,482.012237878294
1.3293940986255852,21.185387393310894,48.664296292220314,136.12778204911615,474.49310187299295
1.327385815126635,19.64794676954653,50.75433959540132,177.42164945239568,483.5961898733679
1.3019550898769183,19.298762496339638,52.826848354066236,175.71708008047423,465.29060942634976
1.389151010049453,23.882255641730115,50.895325861817774,131.52672712117425,454.03878494856434
1.3428082530238863,19.633181080616087,49.4250945339438,169.92277688765003,405.3281452650425
1.3366326935283315,21.07766968439988,53.320031810449606,153.3985375392972,460.51812469606307
1.3277517168166941,21.019873541339788,50.55725504424172,144.41729032612255,464.3543867226756
1.31057493270207,18.823591612628974,50.30356704540671,173.83585701980434,354.9935108210234
1.312255547644079,20.79855000059321,52.84896984532131,142.6883852125883,467.71130083107624
1.3321617484401551,20.96796003241026,46.682073499365906,145.90617192212002,453.2574507710276
1.3263785532110757,19.943691705362948,49.22197837212945,147.6812350223534,376.61701889607565
1.3306352269165207,21.058099884426028,49.83984032890853,150.10270340537704,456.95462952458536
1.2972896636565472,18.66656975104156,50.321867925637946,158.25040478430603,406.03097601447337
1.3205369477080953,20.020482062877814,51.22005776694344,158.66884003001604,473.8172071243581
1.337453936389045,20.222982335046936,50.61332998194185,169.95440245049508,463.3021106485207
1.3041032091514735,20.16530723770082,49.774210348409134,144.79293082254014,358.7589052274391
1.3791741563089641,25.233168578806335,52.18298539041875,138.11275156511908,554.5552624351798
1.3417674734380856,22.134892162745793,53.47649289351419,136.91312549241496,528.6367819727351
1.3039706704121095,19.040405847677903,48.733732567313986,160.0701379480306,384.38552960731107
1.31816791936844,20.057456730284393,50.40659886047711,162.76378236775486,449.44950016390493
1.335008312824135,19.756142490036677,50.080159138851926,171.65895010067308,488.52988945640834
1.3326571059601307,22.208491966305953,51.43115226416412,133.56573625294496,548.8674880200825
1.368629861555767,22.793686388008418,50.611661015690444,134.03798425029998,517.9181928352014
1.309835851972096,19.884663741506237,51.724596662265334,151.73934773643117,428.45877628071264
1.3345939908798274,21.08478096046467,50.620650421979434,168.97605963924678,519.2961001492329
1.3441174181188549,21.028405631459073,48.97247087951842,161.6032489790773,468.60349204591057
1.3583043057886102,20.974948447532913,53.191706391821015,182.32910036376552,401.53337870632015
1.3902017323930425,25.330634720157327,51.51021052254166,130.88535428974663,679.9342427063405
1.3552996330198899,21.909072778339585,50.998661734158176,153.98060819227106,466.90041413470965
1.339230699577812,21.28713101754941,49.70365386538552,157.07713498999138,494.32352053095883
1.3143033616431707,20.423205964277713,49.92920221513955,141.11584141175095,524.1172686646313
1.3234595592285583,20.018348094124622,51.086754848144714,157.3289965557159,417.86807795693363
1.383476678667503,23.66717677807622,52.81339000604427,131.18036306225855,570.5858565195748
1.3233994437094267,20.39366565510112,49.341306233119894,156.2439430614379,414.4587492159874
1.3347211398295817,21.120280383935963,53.05390746463131,160.52334322351504,490.15533630875507
1.3604144365366795,22.165744961607537,50.99735572080487,148.90102181044418,521.3486034018259
1.3209751457519396,21.494765817325337,53.667813271823164,143.54861328439358,559.0801624359589
1.3043037777388797,19.690979692529886,50.90180286413016,152.87379246666137,466.17824643438365
1.3462983687094556,21.09546368593137,51.923698295617335,158.22559865272518,548.8908222498493
1.3095010267943814,19.536649035394735,50.58295553484301,161.9662455141239,488.83652836673474
1.3062834336703975,19.605613965039936,49.99452797529126,144.63943584146253,445.9916234249528
1.32889040448349,21.02197982338705,48.63246178969169,143.92402377548484,482.05475325667794
1.3598021991870572,22.205593148759352,50.38663949961945,142.43740539437408,477.51047501950734
1.335041010216607,21.772027216295847,49.75898796641312,142.29969591395002,530.8022787117472
1.3016524035056933,19.95174801291949,48.144063708128826,154.17961121108638,478.01002807042954
1.3127792863588832,19.521189104656884,45.89653954311844,154.2072191867654,467.34202778798016
1.2905441182636772,18.420308540424518,47.231439626335955,141.1410262462236,366.2095447603167
1.3309219315035818,19.88205649628903,50.86418479334329,163.31314962249857,382.47357700480944
1.3374136624527067,21.28304773766206,48.64267781492388,150.45878867829643,461.3374527543765
1.360881882722491,22.104447366426083,50.1359469551393,163.845123014126,519.3770465579088
1.3341536110985222,19.850993746402715,49.1966940636163,155.1828721858592,417.4312138787708
1.379658778352091,24.094613886151294,52.670599258924966,140.53715859171115,594.3704618174255
1.3364745903391047,21.68550258227887,51.63949958707384,134.97434728816134,639.104315059089
1.3062182897995676,19.504064753005668,48.32179691563564,139.84632167294978,434.00846220477695
1.331854247688964,21.461072915875384,52.736791558103235,139.3534242623972,483.945788573228
1.3126742394285715,20.40962080098285,49.40515745412931,155.90661210293055,501.8369643457432
1.3614206391041734,22.922477994736845,54.34161924018338,148.12852190464258,526.5756740599808
1.3089686132533018,19.22592930249294,51.18209291590828,158.6512536343782,468.69966114889195
1.3130525178308021,18.138369370841335,51.68812917603335,191.5127096442294,396.18890770375964
1.3108551230451475,19.878703543409067,48.924405867600356,142.50471388026378,424.19152959335224
1.32672080391079,19.391363172655502,46.69772350152644,173.24302305882213,399.2692162793075
1.318112635854922,19.87599880140987,51.49424225227991,154.9626510407461,434.18326392183036
1.345563377568257,22.44636180295944,50.56439837536105,121.95107305894199,511.9621641290496
1.381804362185957,23.171636882571285,51.37335268146385,125.0315582547355,481.6698321103021
1.3218954067120001,20.546636027048947,48.48708219282826,148.1772805916716,529.1235655181542
1.336716801161496,20.09924702541152,52.03010220258249,171.6833772436964,352.12044034662136
1.3559524603252073,20.03444979738601,50.909620071856224,177.86504466237992,351.02645705189576
1.3615944748551478,21.013100804809852,49.161542571495445,160.86110436531132,391.0032818366453
1.3348838246310988,21.132008321285866,50.25602128668036,148.23254916143824,513.5302844414764
1.3087107441004635,20.541717031041667,47.622043224609854,136.09935966071208,474.1204510447056
1.3466068886216773,21.399645442238022,53.231684764526506,161.04731158459106,461.1870452557596
1.3639048066513901,23.777193112992926,53.088023751648755,144.60853749249304,531.0211200620379
1.3278023495006714,21.415843191462557,52.032415700694116,162.45746116577476,530.0232248759762
1.3484331669442653,21.30732779345177,52.69175963168444,153.9153642375728,449.00178977713347
1.3452135506861107,22.133757409830856,52.40680943452848,133.18321060171635,439.7846904837007
1.3288469075834017,20.433297547930405,54.20127454400751,174.28310240854654,394.4842142933622
1.326194826816919,20.177627021251283,51.21067332210734,158.1269174849229,457.2055670620772
1.2781849669339915,18.531905174350754,49.5577658317899,153.90336525726923,452.57707372001914
1.3509695428279151,21.157010379199363,51.45411906918909,151.68476282559726,426.87838502050215
1.3343930635971804,20.574809450570875,52.578220307125854,154.58066596611485,421.97299568770836
1.3494862375926557,22.07420730751483,50.81346687321813,143.48172030898888,584.9194356439483
1.3354309634343078,20.00748935840627,51.58050887141783,173.84989371490133,503.0635067687121
1.3311995892015904,20.619228198570326,50.39376570393655,155.2456067284444,470.01497632892006
1.3302270104292553,21.580095737117432,47.100778172221986,142.24636785796056,586.5808670466432
1.336449319232845,20.877004203850877,49.380771065052386,138.3637344939359,484.52035867866965
1.3403805285266155,22.638502055982674,50.07449957411789,126.73796928209853,550.8270940893074
1.3155517160006407,19.405959177062464,49.146603298870694,169.65643214172206,419.0198518312497
1.3351240275128207,21.441422137972644,52.58307777827671,153.97399771080958,586.0010252995378
1.3271749301262212,19.88557236449349,51.02379619071198,153.9892485085585,426.0894307173684
1.3487609474158484,22.156828473518058,51.79788806852366,135.3964650016137,506.42436241308224
1.3718582767251224,23.823154510079817,50.997838019266865,135.64916096251062,580.668275532536
1.3642287338881627,21.58139081166314,50.67216205874999,159.30476403605974,392.54146701488014
1.3621484738392537,22.27197989279462,51.92993792695429,133.8855278267055,479.58023206306774
1.3432267380648002,21.403317315124042,51.28158452242958,152.94774086345623,479.13814748869885
1.3297007560751655,20.596432199653282,49.56005929851837,156.1406644686104,463.3708037502202
1.2841637069575134,19.054015467448647,47.513205672273116,149.93791932342367,449.92330841720707
1.3412302944570444,20.839916760243987,49.82164704622737,152.13757560492257,363.6785362350797
1.3530126549347785,21.787022373573347,49.42489834704809,149.40496971481642,413.389982835201
1.3221545030111763,20.441115482909787,50.73444892258857,147.66163691469552,399.03851005545016
1.3246270260301984,19.316142995631886,51.43470452141766,173.8330024930189,355.71013323798144
1.3484011371850355,21.079271290985353,51.163389723273035,156.03144325369794,391.82008872215624
1.3487570802193647,20.609820773029803,48.657617955510695,159.97982241566396,467.518696000007
1.3796734698079927,23.68622486145062,51.32697430666649,128.1081303855203,497.851160877462
1.3709023847945934,22.987370576002476,52.467503826089896,142.8184206891271,514.4633315706706
1.3288445584456363,19.837989061110008,48.523656959097785,163.57671159745334,408.37824314344334
1.3427283748850454,21.1245036088653,49.23299662130495,154.862360471913,512.6615921096346
1.3411356193445476,21.8894978259491,49.894800942834564,142.30482790047085,482.19784515467705
1.313614768892902,20.013501832413304,49.99765645446776,148.09469737561838,456.70409097797943
1.3492350689494848,21.31120396662788,49.212726207500545,159.3631829566046,470.08787371931
1.322125901580087,20.399336390375254,50.77242892133961,147.91531704788196,463.7308304393204
1.34666959441048,21.63144246770993,50.51960913017861,152.11180121129564,478.0889049806599
1.349912033775558,22.637761738458924,52.55460346712019,143.7187910847624,506.4970285811176
1.3484761244413344,21.71464057617151,53.75219751152543,150.66616115836666,486.3169915399708
1.3038639456223355,20.2959733143454,52.63515040764116,162.35454609630696,508.0022873201785
1.3166295376086525,21.066770385692067,51.0515892916802,149.00985746581873,453.48773196321054
1.304526896829715,20.433666650581394,49.01172483542372,139.49693439474163,545.1280154989769
1.3430632508516875,22.171945277260363,50.139897187750066,137.9600605117961,512.931694513133
1.3235431019850048,20.638902728723707,51.12679365653395,140.58335565308118,397.61866679836385
1.3895128695974994,22.944131894421115,50.7021733668905,151.72932380385092,480.9278907474631
1.336514273895409,21.003017342476625,51.72953865136088,142.67508198854446,477.2211778320771
1.3313201212750183,20.24525426085129,50.25784178280515,160.19136529518366,396.82120331124645
1.332569447293642,22.227330848959134,49.5450695521165,131.5901474148203,491.7485912605251
1.3473094972620427,21.498433552515674,49.006401512764086,141.45028823939936,428.86202589543433
1.3435659474246215,20.94418604890287,50.53417320620609,155.5688098508296,491.5124012454924
1.3390951402886409,20.68438462309122,50.55853773201162,152.88022304031043,488.2352880759671
1.2857328062908335,18.545995287237936,49.30916983582868,146.2147974403702,439.0004084352316
1.3348441399848527,21.201460329810537,47.91193728528982,120.66404094683284,461.83556868677164
1.3769684034083365,23.516563701361388,52.32068687310914,129.81928800478127,462.4554571894989
1.3230585951149691,21.034216776074,49.5887314852808,135.87559939263886,498.6063404476435
1.3416528391126943,21.535221424741877,50.380189884770054,136.82884524477498,494.69767394665155
1.3331119003061014,21.125168474153213,50.680942256519394,156.5272979160763,515.2892983588067
1.3502369678464863,22.243901732246783,50.80577747037177,147.29097377463938,545.8984499060555
1.3322884238282802,20.49971419172115,49.42272447708807,144.16628369437882,406.2482830784691
1.3397843540080703,21.410996638483695,51.1882917036524,159.07664036088312,514.8061152031376
1.3301150558929224,21.189612267289984,52.08149737587933,161.25876171344458,463.4529692857741
1.3454856811401332,22.296397244711503,51.651246566368826,149.86016060137763,439.2170148786986
1.3282543248304766,20.83504531032903,51.18672120649453,156.3342799704801,502.8975251462519
1.3315640767396244,20.15681600091275,50.327211998580715,171.59121670984246,491.7188622159579
1.3204960924740994,19.799222432826,49.30758293821292,165.98156287532842,423.6394495280998
1.335189152663382,20.1603844101479,51.74462903329981,170.88182257978593,369.52645456011726
1.3384070400211805,20.547217971831333,50.90199277756998,156.2606545057738,412.42246422484845
1.3633344804650804,22.077564427405534,49.19009756703684,147.40228415932822,481.70396204976913
1.3428581104592707,21.205086479654177,46.77352497964595,147.46688783619595,492.14131195427655
1.3278326750899494,20.54983420019774,53.98686407529133,170.37935851840595,579.6681345857933
1.3512968509827012,21.407740710116837,50.81962177301688,147.40719726572092,436.4158062573072
1.3271302550822761,19.67051892636732,49.86187690032482,158.64096512791113,395.92608102556125
1.3379770966487392,20.678002987710215,50.13766702510927,159.04493936467526,406.0220057620632
1.3347222217957055,21.686625502482258,49.93366650447816,141.20920653977606,561.6885136676964
1.3310851712194665,21.635292905138385,53.05684954912387,155.58402193121964,519.4617688172399
1.3109938549096505,19.89504940012541,49.91302687579798,161.60357006228202,436.0664305058204
1.3410237025763498,19.11116231927304,48.862072812221435,175.2952395996669,323.94928365984265
1.3597369008709959,21.865334552546447,55.1341664057464,146.11121421367253,468.92975735707876
1.3751071742897123,24.105400794355628,53.710750235500896,152.75152113386758,519.0415062995561
1.3285682304971829,20.062473477241298,49.349239244437825,168.88742751177998,422.69448070864934
1.3336753769535736,20.618363199541612,50.33967800119223,157.78027358583543,513.4619165663969
1.3622314596507619,22.46580732041763,48.92402312729339,144.61086493614502,544.7431047320758
1.3208375799631964,19.015449803872144,49.81599453290818,159.19097503667132,386.54810162167905
1.325824635889422,20.07300934589069,49.76665251380765,158.51013933508855,407.42289369935116
1.3554021914329182,21.907710684442307,51.357724123430124,148.64394622925676,486.5359431862481
1.3443371887150422,21.88340093020241,51.582537568868695,143.51697116977624,483.5777175867114
1.3160689274206794,22.368608163917074,50.6812943720573,131.79783414834296,603.2095195294719
1.31744417572087,19.489725878223567,49.389103117969036,165.87433490404018,366.3479282432496
1.338725016126527,21.84798668892818,49.86161864715915,122.75974678011103,534.9273818017446
1.3047419323386658,19.629690741666717,50.7685639455765,167.76307069324054,489.8363523514149
1.3317235398950367,20.58613074372329,50.46167720572227,156.3459284584137,410.14814071699135
1.3523456258720237,22.006910109558454,52.081183936647236,145.31067764820864,450.34057503619
1.3431270223432823,22.14671944145125,50.33831420897019,137.20176626919627,504.8704212381433
1.327954282516407,20.658278018391847,50.14873034665461,149.1371892628015,439.37582430789035
1.3264948020790501,19.65702659774379,48.7266271707026,159.8784532488964,425.068063841172
1.301398503375437,19.319636571882175,48.785128841065244,151.8305609265271,453.4089102002115
1.3162237715440348,20.52185350495889,48.00577525776265,146.7331593825423,421.5303894570367
1.333702723782541,21.622776265081814,51.06062455898186,140.19229732745924,396.95362039339517
1.3745624747177563,23.96742232139094,48.63714713416114,129.9236759820049,544.5617139130836
1.3498490417456792,22.351170895288057,50.237080415162346,139.4509607062721,507.1071851006802
1.366799514530225,22.481585206142512,48.4206118416937,139.09027987348222,442.4544194272658
1.352687684629758,22.309562123569567,54.241051444214555,151.5150863562412,381.9895258202592
1.3136133946222626,20.62400932782917,51.59340842300473,151.02954989007793,487.9664164169335
1.3518879843805138,19.793832794929912,49.39854666666063,183.32499874392636,415.6488438909115
1.3176831132479405,19.614110115086802,47.911003841177006,151.99594338735216,450.51943918572834
1.3218501491363797,20.39760534988629,50.79963749322114,146.25086368984182,474.32736704601047
1.3125523576395124,20.29371365770576,51.15489693776859,160.12105780314548,423.760252580875
1.3245892372765014,20.41209986608466,50.559483164753765,158.39657695800918,434.3329771015449
1.3411721262113008,20.567375225172096,52.36380926042819,162.4715486031539,433.66066009614235
1.321953351738774,20.243630214042202,50.9929617501333,164.52487871034825,476.06626278932447
1.3633314905893745,22.714907775750905,52.47023989083298,138.02125559502622,483.70634891719357
1.3572997780540672,22.51663587690001,52.84818187001185,137.63707686685984,485.89019561237365
1.335056024384687,20.62250265495885,52.78439022316748,154.5408997290603,457.83988109121856
1.3344647151900273,20.819106353855883,50.69504084886665,149.59860082208752,453.6697283433602
1.308061010181841,19.636416463038458,49.67682734197828,150.9544886496867,445.8067116917616
1.3747939966100864,23.320461102889176,52.857526819846555,136.82380133475127,533.6440860267744
1.305430901535733,19.350764898006396,48.4018019273479,146.58553449812277,420.6547443553201
1.3392862898111169,21.022924708609374,50.10559766603939,146.4040108347033,467.73361820533603
1.337713880001553,20.478861889208645,50.824190991373555,162.50109687423094,471.8178857752058
1.30618933278635,20.90285872158961,50.01952179776335,134.02158606986538,451.69155529671025
1.346042472213708,21.992685880017515,51.1414663050913,153.06477785753486,483.49028009225896
1.2986866715458194,18.515257319472713,47.50894531107383,154.1445789491454,397.00017950689454
1.3432889886451929,20.600487131692542,50.53363751375437,145.2448651415124,349.23459953065003
1.3763353814778516,23.923572095307755,50.54081713453025,125.92280210038237,487.75722463892436
1.3070843653850683,21.10761588764847,50.425267093728955,134.11929264925377,432.066690868006
1.3471292251743507,22.48112371533415,49.48578241951476,128.55622352746258,536.8821630412656
1.3432279874035717,21.22295570124518,55.54126962389664,157.87313239422502,445.57080331949663
1.3239675335411765,18.752384179356312,52.7584775123538,164.55734777679132,372.35212676936266
1.3303559931052684,21.5275128876343,51.69700886159235,122.16621420400259,486.63499512258096
1.3479961607430169,21.672448013148326,48.86582391346811,141.02429282252504,500.12329600622564
1.3086053601786996,21.670927723588413,51.74989937708713,127.6656889872558,561.905700155057
1.3839628390371632,24.03157381106304,50.50231751738938,120.65443817398459,534.022134632544
1.3240588489438383,20.767898766514048,49.08926458541124,146.26035886953372,496.7779386061474
1.3141707545688546,19.857210686210824,51.41196779301856,159.11544813749518,394.5850699972932
1.337963002266552,20.851543086137223,50.45913108862505,152.79698155404628,464.2110033464891
1.3674340036308117,22.702701295838473,49.79338881443279,141.79768706946098,443.6635401801245
1.346682847362433,21.510110728075375,49.93558916905546,160.4585788630152,486.5770232341801
1.3209319420043686,20.7461789751026,51.03321353458627,149.51524335091244,388.755961792339
1.343886933171243,20.540834686126132,51.08081394502444,169.8176302002803,479.1559091094055
1.3527627561313311,20.609240041938484,52.63675457318784,178.81575706879224,350.5082038186574
1.3090702833651864,19.359688487475303,51.46978064527742,163.35201292954497,377.9014247641276
1.2989692324118307,19.132406379620125,50.01775049512892,160.00325529039358,505.22859089954875
1.3280923391308614,20.301092059758478,52.181220276507105,168.713021331609,452.28420938905697
1.3810320825248479,23.50185458308539,51.82468389509647,154.86427913412012,517.7593687995411
1.3703565337039318,24.21080687706242,53.82370482675657,151.5929030511494,522.4541708363279
1.3198052847327997,18.308964570194405,51.84814559337158,187.3244628097189,382.86853388605357
1.3521912816706207,22.224998274806698,50.94953382199106,142.5467343510642,506.4846465244995
1.318569008605661,20.750815677956396,49.3594652306788,139.90622375224544,469.0678452806475
1.3214762201468673,19.28408498030563,51.20527692066579,162.85278346401145,393.22583996264996
1.323686174644379,20.826640746035814,48.0385400315087,147.1676505961269,495.0422671097147
1.3253981804138757,21.87942830799004,53.825333376150354,136.54873842503272,543.3480587824303
1.313620609593222,20.75599285568105,50.73829902120187,151.31015247434811,525.2496060021953
1.3621304253357154,22.393070207841774,48.93196522684241,136.28447647230587,438.229958938463
1.3545414586931779,22.355261389921438,50.93958904524685,130.5631465350424,512.1830267532702
1.3254630228610886,20.826188615987036,46.916212987927494,130.17657533262832,433.40791068485646
1.3837734055445767,23.90316760936898,52.173857074308614,131.7404369940667,547.047425221205
1.3812857393769526,23.428093824095534,53.064914682813416,149.84490113243245,511.89909523329277
1.3640828288659839,22.74090940892067,52.78507605676406,141.72440599272196,465.97764544812196
1.3192914593959746,21.192337195755343,49.91994300764684,132.52742986490057,510.1271042568613
1.376412734873424,21.9579613064936,54.316379197369905,175.93735221128586,443.6540513526593
1.3050666499996713,20.85586814251979,50.09471157906417,133.29615356918777,461.64962218343186
1.3657181316918097,24.47585519880018,52.25309183259643,128.69654204918476,611.4437969896181
1.3276641708201555,21.061077286639208,49.47348805187053,140.83734981093593,493.5752279639963
1.3583756337556854,22.43179386177899,51.49681937544353,141.7864182149378,448.56051212037755
1.3490043474055238,24.08793072495518,53.82891265885354,126.71724352163466,507.2829167945948
1.3468609472902706,22.682198589057055,51.227255031125814,133.65468071011043,507.11312172718044
1.321995816996239,19.755907489586768,53.836979799399344,161.74994016285004,416.1727825528546
1.3089815924731247,20.740595774081648,51.44420061440361,137.44129174429142,594.6250222387722
1.2944002726865247,20.21895353350467,50.8420260812084,144.2784547199626,516.2809307381733
1.3065184425093512,20.943846538225213,49.39262079529132,145.56265098306045,445.5386454500678
1.3617220651190225,21.93630751594509,53.416778481244236,156.94109235363442,493.99332424658184
1.3567965210713917,21.70658214488909,54.14845736662608,159.8800661689126,509.9845496022585
1.3569127153357892,21.73064544284542,51.10946416707637,156.8095849661062,428.2534951180163
1.3853657913097446,24.729955620842233,50.88594215385021,135.01873450044414,615.9059563562422
1.3267244877635789,20.380230682340464,51.412168349934696,168.7641552702595,532.0730659468906
1.36102851439804,21.99079746804071,54.17349203696009,153.83345435716566,480.12703808052294
1.3082931685540802,21.21843526957405,49.1849895828194,132.7292564010291,520.1661549882422
1.3222694886437205,20.214071152632194,49.572917901771184,158.2763459802492,480.86397736826973
1.332381480700512,21.078260959329278,49.20061406472754,161.22429433880924,500.1733274561048
1.3239713350334588,20.901940485083887,53.59776890153759,143.52827798270985,449.8955759804657
1.3202832192268747,20.80831543721903,49.62257160912569,155.93286649001865,508.4239192921921
1.3116862918721874,19.751208914197694,49.53389046858567,164.37876693517055,428.0553638512523
1.338903706902601,20.32253452492489,48.442900131562396,157.60033788754734,402.25634984147376
1.3315338525166474,20.77830361961051,47.63378480601224,143.8886732927436,408.48920203285775
1.307647545007438,19.83155162564214,52.00276048787022,163.17014745382312,401.49288605984225
1.330531458322462,21.335182259991424,50.68276700758594,135.93605370265254,474.99657534042007
1.3161563659239348,20.01735638431542,49.80337084822655,136.7744302060926,434.79228306866804
1.4057110541273499,23.795686454975794,53.95118115022639,141.1877664362182,402.21629872308665
1.3217811509716395,20.611127447274598,51.3461535465947,144.03438322099333,544.7422151911462
1.3310470384346318,20.881130729481,52.89416247009282,148.24076251397238,430.1571147525205
1.3245808480538614,20.21782985739621,49.19985696112995,132.41568522488575,405.1233495942771
1.3149747439353496,20.44397871669183,51.512625465607854,155.3295282891615,430.0712232095645
1.3536322288309641,21.663314751179644,54.355755532434074,155.64618121384188,472.40383971566445
1.3060402601300156,19.587935825894412,50.303622507868745,157.68901826214883,444.4457045089143
1.3314701162138396,20.936763786457668,49.987605220640525,123.94790407384654,536.8939937196864
1.306465418713203,19.06831057122176,50.57826234216227,149.36752730227877,426.6622678840069
1.3586719851959106,22.25567425708041,54.17603310445534,137.91760133258882,403.69358885292826
1.317090142874488,20.466363245437805,49.115473515977776,140.4773474395685,543.8510834055053
1.3032144677098223,19.482077370278837,50.04233691698913,156.75830668539302,446.36287084136126
1.3658276892064833,22.426690425262628,49.85934391131054,134.7890108936281,452.1530874235971
1.351814623083648,21.236472803499794,51.82850144818214,165.4817502551997,390.623266912875
1.3676686758354195,22.495197476760147,51.308052990736996,153.01677469797283,491.51169366061924
1.3462756577573358,21.367423861550172,48.81548244179553,159.02506882043417,422.564839614292
1.3306563123439588,20.31338948859695,50.63063647516982,167.71776232141866,438.69535719594734
1.3177706069141786,19.592982502613964,51.17049759950941,164.319399281464,403.2068659749308
1.3234381838677058,19.816622628729572,51.359990005429,157.1443057138062,392.32771332499914
1.3279015013348399,20.63747304700255,47.65479136347427,144.45172728358898,453.7047469711276
1.3149546841149626,18.86286476057093,51.15709055091975,181.9994044803562,433.29547580550957
1.3674561129809386,21.786454788689984,49.2834674780338,142.78522203863128,455.42440218109795
1.3487428016160643,21.116835441765716,49.80390635501027,159.3047499276718,428.7040228759049
1.3276878839112598,20.396587873504153,50.706377759742615,172.99847059272838,476.96587394963393
1.343000810352673,21.785202578038298,51.08931131510675,148.2224510737208,495.5670051759062
1.3280148856741483,21.125535647551633,54.46040526212316,161.40211668091365,571.7068450331093
1.3059607858489026,17.983942932637838,47.94434564084913,162.9858108433756,412.86762823537214
1.3719230920289163,22.750651754126373,48.7261326323274,146.72721006142055,481.88581941861344
1.3339435918490496,21.186633887943323,50.41262388482016,148.689828546654,436.05575467563057
1.3363683743119161,19.905410626240858,50.28187710626272,159.35645626997066,471.04617590466734
1.3197865995232885,20.224165769360532,49.29653830115607,139.56669972177298,389.38716306909635
1.3023702576747354,19.010221134889285,51.152489927197024,168.46360396811642,476.2099893995559
1.3494165254026398,22.672573343999044,49.724218542394716,146.20908459222704,453.55527165267915
1.3478988314070843,22.667973952100297,52.06047064040729,144.0151731557643,493.4957603721
1.316596251017895,20.530891115153977,51.18792895444376,145.14541251625027,398.9402435637478
1.326211667552796,22.36092685942416,50.76565076677679,139.3345337290252,564.5068650429969
1.3486308188872789,20.920346809075863,54.55284232823823,159.27466600381948,438.7587409181261
1.35065284012908,22.05866459718257,50.21415294490965,142.60165239702712,526.6044742676355
1.3505848962393237,21.641324704053748,51.4930475549473,153.1804640448804,440.6261096104532
1.318112705302079,19.431860741511915,48.07454736001271,169.67928280475178,452.8927247848252
1.3091433571750097,19.927470362421186,51.74112678304058,157.33928134805373,390.0276081116137
1.3729069539301728,22.313206892767624,51.3352165643426,163.9942335173508,415.71408633964126
1.3689778354385542,21.936657307745403,48.676010039209764,152.89691336543055,445.82757752899334
1.3065562050274038,21.117948409912128,50.23229983677976,133.71211387725725,428.4002924531353
1.3352872191620242,21.222081918992874,50.626692411347044,152.37181145030624,511.2456651306494
1.3107838634057376,20.66471354493593,48.1895146798514,141.65963871463862,466.31284288588756
1.311687249449185,19.08867288908246,51.87162800730384,166.87925520831888,458.4444768132013
1.3253387852706098,20.694844042368956,51.22989878664543,147.35769493687994,441.70570001921357
1.3109483113580707,20.413488767301736,51.82778697339018,144.8088480989261,504.6142254639375
1.3169777844988715,20.801528056582722,51.171142022632885,152.78886341719863,535.9778567485209
1.3183696676961465,19.023737740721245,53.09303876087855,177.82236080445185,473.9441146340617
1.3130846340396465,20.12864429883168,50.96887909070192,149.37061965763908,474.4355253363769
1.3528818749249054,21.856899724066146,50.52426605145952,135.09068330385998,466.8805362662859
1.3648916876888977,22.169693007220914,51.04894957516312,152.63198077824848,504.1648829812007
1.309528652070772,21.42000267259378,49.37687161256896,136.24522060465318,538.0167378706927
1.3420727672563255,22.25808284969113,51.63682249968477,130.8712430664737,502.79969856089446
1.3479684669656458,20.06761957185158,50.582464677705,172.13519656505875,457.105587053911
1.3120338311430533,17.897496377089958,48.928227692390614,182.57490265165637,336.44614576683614
1.3152738929957484,20.956878158852042,49.710846589655006,131.05304961403374,457.3877305005049
1.3142568377515222,21.3437423738667,50.89204358304077,139.4808010378023,613.2717598777758
1.3388564616668956,20.97779702107658,49.77038436517322,143.81788606295356,468.6625713273196
1.3315419455315984,20.489681564860245,49.887936195337524,142.5925057145403,409.5661597004976
1.3226922534426206,22.455716925923802,48.95677899853026,122.66286029458539,571.3825189287082
1.3146398491438929,19.09992801752196,50.896380077272845,171.71431696905972,453.36669868456363
1.3230304256011036,21.59979176486388,49.939541340448045,131.7894921487546,543.8778645620735
1.3633847744410632,22.443477645528638,51.02485678800581,147.06326791546425,480.21094668755876
1.3382936088705295,21.614528361598254,52.111995934993224,143.16952881100386,493.78983195374553
1.3321324876664966,21.046998993955093,50.93741655547258,132.19179817674492,476.1584254524504
1.3367119469796793,21.25048392373511,49.982285152596845,147.41298143882773,531.017707795555
1.2773562612353881,18.52507936717226,48.25778648376419,157.72675449007923,323.15003897351505
1.322679689424148,21.262926312042318,50.8309647738761,142.19877881247265,423.65480041022914
1.3362657297811462,21.714212094052126,51.70684408524914,160.68349078603092,452.60351609933736
1.3682957596183942,22.921633253458964,53.220775057554846,143.12801402981643,467.5387008120035
1.3013649511144694,20.651487225081613,50.33751391518975,128.95568464117702,508.8391338043575
1.3405824463579998,22.801073482821142,53.03747634945293,143.231583515961,562.4033524489198
1.3158940354252588,19.18578034575907,50.73291228679271,166.09694670201083,447.92330557474395
1.3942441161322061,24.346558336795727,52.87245354362693,138.1178521564081,546.1290995226392
1.3065333039091411,20.572641812812055,49.54280599030216,140.48676005126546,464.0203934523934
1.3388013605501523,20.525434719857824,50.379084380764716,161.92069211093946,418.99322842941405
1.2925193458791742,19.62136662592205,47.361978098087135,138.53413115700255,430.28923767223256
1.3684632860616177,22.575360872391624,51.44784457868979,157.9383665641562,500.2622480833882
1.3027341798670933,18.83228819295724,50.36253124550296,164.26611701144873,394.55212269793583
1.3602148929078042,22.696925528864526,52.693048259694685,141.6661651387778,535.8226081332887
1.345464929824503,22.460411851192106,52.3634597142246,129.64646327070463,480.83476060242646
1.3667460144935877,23.461358018501933,53.08233649265931,132.93516607275498,513.823601950151
1.308855215278507,18.98026851871227,50.04484869702327,155.31290011296767,337.40923942881153
1.3498415130845298,20.54813738540448,49.38541067916503,165.9189763868071,429.3480474140762
1.305123061163271,18.92254885329543,49.89181132684045,175.06421683797478,444.7927148452106
1.3076582474537741,20.73882147860169,48.45624178577718,144.2295642162642,523.8171373724301
1.3385067519158445,21.02167684030018,51.20527051850788,155.19081206800846,447.7792120835378
1.3363419508889194,20.53922945979209,49.85678759343377,157.43212821217185,453.2034018905002
1.3164012205205666,19.488151725841977,50.069000004912525,159.533029008313,416.9237316073889
1.3348850513032182,21.13184283079671,50.61236960811606,154.65798328619644,496.33741323173126
1.331997540023278,19.207282385646717,49.92590954000784,182.8530342070818,407.09680942307267
1.2959539937066973,18.85125599384463,49.78506495696285,138.3882520330513,437.4308917136975
1.3713716102230211,23.169757146080244,49.430719903980936,145.70107355650256,557.9968307720947
1.3413027406985991,21.44513834459396,49.03235828507556,161.41219488707233,458.32754367659203
1.3084636909868474,20.05407180465098,49.881052134170154,157.50680806067416,441.3437551038158
1.3307643283202355,20.399694873251278,49.18744438262519,150.2986997846337,432.42576906952206
1.3342348794838435,20.313016703167808,49.678589694484806,150.5608994309477,395.8176084978708
1.3241218726839419,19.593454322192017,51.06480284959459,185.70458436096277,402.88991483256336
1.360101938334953,22.110064436633394,51.261548841446235,153.64093594265006,485.20550410039925
1.3245300226894772,19.87592560053968,52.37290737177623,181.34768950577742,398.52436223687823
1.3083892441716396,19.66152640003458,52.48529640886286,169.4343801950892,359.5656090237443
1.352853142659348,22.013709145963023,50.11253566452651,133.12450605214138,456.289240083473
1.306974729699678,19.367532507979966,51.205902129723995,165.87550956952472,402.8353723576314
1.40160350031671,26.38493521133582,51.092781114872054,127.21718367884779,581.527519604662
1.3420933668657846,21.15440718092953,52.15812420798467,159.1968906338819,533.3919203119048
1.3043457712588853,18.969305488186844,49.29343483398692,167.51279015476663,440.81185075150444
1.2934664667686462,20.5864291453656,50.29007034219394,123.65775872016413,465.7791020306575
1.3343056410692453,21.86371504002214,50.13123906325009,144.81309741585784,483.40348409089796
1.3311452745560608,21.922828406608282,49.20816197356866,138.0181220852624,484.4038710634925
1.3135619314201397,19.13288793625495,47.864995445618185,166.33896443399104,360.5082181347117
1.31040558607751,20.224484022120087,47.57432613733405,135.56184500593892,488.80977004587606
1.353840185647532,22.281131285098265,49.241960981395174,143.16957373755653,447.9182107225869
1.3419985136887038,20.340552394674685,54.56633548053365,186.09851863791596,488.47644095500806
1.3111178104525436,19.777876794439774,49.37455709306153,147.2685193852019,440.40842897524726
1.3763105175723118,24.688214795132442,53.262611918166144,132.01208814346353,588.7762142633059
1.3759346383923008,22.86868203337556,49.80319586171217,157.3668180719153,537.8674907185579
1.3024343217541996,20.345738904166485,49.794620105693,149.7184497297241,444.47483674158815
1.3194097922675336,19.919954439744167,48.302595275081025,158.95243977928112,479.69711105601397
1.331115651181893,20.227375184485147,50.1311814453178,167.91327445774604,401.1755830099464
1.2990385276961496,18.651494198330028,48.3534735257017,159.03207256405847,447.5854689436976
1.3424034987670734,20.482270137922693,53.74062768306859,169.83123015007618,456.0484654610364
1.308596941487054,19.04883813369111,49.424552623643095,171.9707944128349,463.56289762121276
1.324146239616963,20.361548563133468,49.89824091645184,159.7130644802612,401.0957265384506
1.3342209734773984,21.724423663961137,49.61553718692839,132.070971943449,458.25856985205763
1.3202412714090408,20.128093896287083,49.61326503655345,155.21489857619304,393.10450918096035
1.3215749227262126,19.951465937117142,51.61285454294307,164.81647164531753,440.25717868085275
1.3188233240717648,21.318730965079716,50.8874765724424,135.3986576947081,475.93869196145874
1.330930371000569,21.751002094171646,52.388475497802766,135.84428020462664,557.982393154839
1.3052373883092883,21.213809300420014,48.07912814510986,129.09052518842145,535.00822573982
1.3089516253601912,21.141836459038352,53.66629085133525,146.90923478566683,493.08276680459414
1.3262549045091325,21.401232513153573,48.335856861514834,128.35123722872933,465.2821959066975
1.3003905519919083,18.93058161865956,48.4175343597823,157.62527014301475,385.51260930536966
1.3323662688443185,20.704459973660857,49.9908297425381,154.89420241362274,408.245337516485
1.3272455685167492,21.08432942016259,49.784343604755335,133.2815915421112,479.93567220143404
1.3083537560144975,19.537372751931088,53.37497801205704,161.70700894803912,438.86572195174455
1.3021959048783072,20.730700570374324,50.467522910387714,137.82568025137383,466.764320206572
1.2949584158661123,19.865486068478656,49.68666771601811,147.80939743597438,512.2272384857479
1.3320802103277125,19.629804593933343,51.382183538729,184.13972951148367,518.019963885072
1.3285639620434655,21.92772284869979,50.236324888454114,128.96761607792678,547.0143500362764
1.3372864058168945,21.6005712439276,53.31117013787005,122.10198628135564,474.98040542890567
1.3164785578282927,21.295738875016482,50.58251166956457,134.002667173335,488.57570729337493
1.369611462925231,21.77456806789226,49.0772863331907,144.20679601032052,488.1547101620771
1.3203898870323068,19.397535518015967,52.55984248066928,173.28697192556214,454.00724986670593
1.344686650094249,20.685424466736354,49.13162578176674,169.18822832161825,454.7501646292818
1.3415674496404142,21.003974425429952,50.72111658642376,158.76199578318358,470.9736962013508
1.3386874672275142,21.011181979751754,50.05615717000926,144.73303224210466,462.6556217047433
1.3346472116452845,20.69563796426922,50.04988936522371,131.77963866674227,462.0456092382526
1.3957108970569618,23.56528731700724,49.82643757750905,131.5142421743426,409.0210487507072
1.3618118567154827,22.53433447383737,52.198513050924426,148.77385292921792,399.3772010227648
1.3476523691362312,21.514617095238698,51.627878325360605,146.7120488647521,428.79238309486726
1.3826101348155992,24.050773638846515,52.79304521913008,145.77295858474568,533.2160295993066
1.305405435814662,19.96794269611753,50.37921456698161,154.36150915511544,474.8105733497952
1.3380562222021026,20.896853379771525,48.68816311227766,154.21782176062072,534.420198351137
1.290722782099989,20.00479564623958,50.421043419089386,131.60482217975988,405.31036541106954
1.3178966404603882,19.40326622029587,48.84625098540042,179.12352679484718,394.9454599421242
1.3603117211417406,23.177103908214775,51.134554646073184,137.16747019241848,546.1072623789624
1.3652753727334646,23.711647094191505,51.63730674902708,136.753450283888,538.2077593302961
1.3844546099367365,24.693873143552885,49.144344740553414,128.9822994879483,640.4467627425857
1.336775127866165,20.790685431267605,51.17438120422167,160.54585488349343,519.8530480366234
1.3182837184766725,18.71642022809191,50.27354522684567,165.58763410233487,381.9136275641606
1.3390559587095174,21.42079818506594,48.732290602173315,128.78318415047286,452.3548074636726
1.3609087339188677,22.738330598792274,50.91087706120296,144.14028751109856,465.6990728885668
1.3431405418563684,21.563015116005698,50.996600268857165,154.10657478838442,441.5726556613171
1.3243207918305036,19.94020228148297,50.123244644697984,154.174352260024,405.1534695153944
1.3416488109506166,21.813554479851557,48.00194446762647,135.60714822397597,466.94847494263007
1.35614722810913,19.712160024364916,48.14156602248227,179.01263874610333,393.2983510685593
1.3414636268889968,20.434480162865995,49.300070527314574,169.98880330404353,433.66013087846585
1.3326432488591646,20.910870368198903,52.506116165870644,159.40621322317241,512.3528438979183
1.3302542179379453,20.121979809068872,49.36336254374985,151.6907484496511,477.4414164451649
1.3207795051689535,19.80820893198367,48.45433276241304,165.13835031332928,456.90882190403045
1.3113445770707461,20.4054339846521,51.90095723647519,145.63067690618018,478.19330266407167
1.368933172041468,23.23650714075342,50.19148164574947,133.61953088536652,533.3625142908413
1.3626554807835851,21.07778267953086,50.811422323601704,156.13187617974708,383.33087832253227
1.3205189290238344,20.723076589892834,49.1988567547367,138.44448370617195,516.9155993560471
1.2970557310629207,21.952110039170595,51.71835141185301,123.41805180836477,580.8894777456446
1.337809445442002,22.10999156676354,50.788243176625116,124.5912349454204,492.668529857267
1.365254899935417,22.408746131037216,50.91004261116766,130.36583945106045,424.5450073899111
1.3174190066548168,21.492166698651168,49.38247533256432,137.1094692259419,514.1382876756472
1.3365612758974088,22.23281244746479,52.74156249110883,124.44565747667124,560.8324558700883
1.3621794484610232,20.433600838365734,54.16519504428411,179.0547219421973,384.85486282591484
1.3103748341756642,19.057592742262624,49.47304006258546,173.57243613540447,495.849302214383
1.3191912607104501,21.506921123360787,49.3401181795736,130.7890549854284,552.0018259957803
1.3193456419040142,21.622285946533058,50.84820438841437,124.66900494446244,540.4697124262536
1.3143070782702364,19.19792590456564,48.602865331963535,154.39086458889886,332.3904613637924
1.3380257038268824,22.143107874139307,55.28910291802322,157.69371315235378,509.7828317798682
1.318882039096022,19.639644380985214,51.74645904305557,148.97818572507776,373.1990230416733
1.3575206203930525,21.967274481728953,48.35058401454225,141.54333673882564,413.376330920655
1.3552894537878886,21.74207886385037,49.686868256935185,142.0177723913331,463.22308810518183
1.3482677653147959,20.66457026681342,50.241397884226394,172.52866806198278,527.753439657942
1.3476497723629506,22.052450401391614,52.90784451231992,151.85107474826123,478.88944962509817
1.3324375250776732,19.18658688915953,48.523548124247476,174.97957132342066,433.3854192799286
1.32813483773209,21.237281299554994,50.42650710407473,134.25998975270613,510.5445479798441
1.3467397134639514,22.11837894751601,53.225805032287774,151.9678445440692,554.3551930164714
1.3194232365035856,20.41887608956459,49.80491792153689,139.03257944726033,396.98044682989246
1.3601547182873077,22.603349062225234,53.27865067453669,142.1102330016476,554.5932167952831
1.3391742419930335,19.807455758112333,50.86752044302474,170.64618204799126,411.390737870168
1.364227044213658,23.022068953776138,50.27972159078481,142.22889435103448,449.45505513599625
1.3480843017067752,20.205378498679067,53.15617383117664,165.7283657944949,461.0637037530002
1.3504428429903699,20.017527708525833,49.85942940962325,175.60639408762282,425.6313271491184
1.2896263192979118,17.91983281433759,47.36245408945968,161.97080522916048,417.23123411887224
1.3039850367638868,19.335251122617528,50.40746109651848,154.62785315471484,439.06125084969904
1.3407778011295224,20.730429625676855,51.9226043192376,160.34724252497307,452.32350108786517
1.3248888172259319,18.82248715180443,51.21300129668617,192.10378117524021,427.533842942174
1.3510546555244018,21.215978371430914,49.729064247428,158.09784252997883,501.6085164084872
1.3136602597856353,19.58369393065731,48.50954337747829,161.17709454568848,411.72045235420507
1.3164582191025305,20.225103833241207,53.09442121844339,159.26087139586917,484.64926585886
1.36632832636972,22.316642934668746,51.4256969194584,167.9984989565547,543.7833901569046
1.3120495761239643,21.01425471901444,48.07278126225675,134.73268120117532,520.8569645985401
1.3372105331739441,21.358589979331263,51.416691403239824,151.83674175214696,456.8086988360368
1.3384171484006093,21.08586569476856,50.374892689172626,170.8094646503267,486.32813124864714
1.3543559220411028,22.823199651027657,49.38811550559796,156.92647785500048,567.9305041164096
1.3413631944992344,21.81633564881415,54.480132445499365,153.85944927281926,415.2716383464723
1.302510502974426,19.860629575804527,49.80520589050266,150.09279403871898,476.59145611532466
1.3087138680025232,18.557267849829167,49.74694078188746,173.95276981182505,501.5566915777523
1.367310719554961,22.083222060318136,50.978823738279935,175.42629333740453,481.08701022957626
1.3503236647265795,21.889986637614072,51.49000748239599,148.03376928277888,525.0877715035436
1.3424792117743016,22.01939088060507,50.777973525061576,129.73026187760257,549.9982433836483
1.3093755114512091,20.63008860852367,49.87537163509995,150.05882738072245,410.8577997332144
1.3261374458125856,20.995576740720892,49.21116502139408,143.87823688760844,456.1445732683625
1.3124231797058992,19.3142559943109,50.27906635324412,169.2104868318724,440.87211895067554
1.321318482928276,19.170626860463592,51.63956145103357,165.21979307048358,451.15419396316275
1.3230583843636796,21.75081009915089,50.790291973406745,137.93514163653413,510.9717779225286
1.3353843679303732,19.42710868968603,50.74994316126575,177.6540214726275,364.6138559569753
1.3178406980650634,20.32639971559218,51.786556541131134,143.21491278792624,421.9128413394726
1.3451463916308324,20.985880144470073,50.51458298580435,167.03349913390468,473.54490252240214
1.335905934303349,21.619612516722913,51.05978804088622,151.6588715880353,462.55630523843183
1.299991307049736,19.790458498417667,51.422336665013745,145.2088752654091,455.5595473367147
1.331715443579224,20.3257787257645,51.33245563953829,164.72057254526106,453.32423997275555
1.3414479603320804,20.254377072645475,51.4913088508557,165.24346305959247,371.5699123257416
1.3642786587108182,22.24454981684561,51.57337747794276,153.1803904038155,454.69609466489254
1.3357578452797931,21.13322128281372,53.62436446962621,140.35599158837437,456.0827738218726
1.2979498240164216,19.42449368453839,50.34147710443573,141.3437381723204,390.55416167987556
1.3016527372507518,19.696221107636376,48.67668139989995,133.92564285744922,514.5113824154623
1.3303758509133912,20.458523194632328,49.323930305027616,150.48455030447266,420.3121927148382
1.338084126510851,19.50812759550656,52.259503591840804,174.33540459269722,354.1722421135086
1.3306672485702082,19.425397492789028,47.87341767938028,130.18681403862126,414.80425834071707
1.3112198026040627,20.156599406676072,49.68357171919712,141.01688337456403,476.5783010768528
1.353059483376184,21.381559376735268,50.77644757197808,158.86007851030706,510.4895655440935
1.3628233235766143,21.295428535036912,52.33689781077738,162.3482993590276,455.51616019139766
1.304967848241313,19.90166798662373,51.213585957807474,151.21544497165104,422.29673719830475
1.2895047958773858,19.70845143082702,46.67238129329859,149.5057667782736,456.46424363840714
1.3663591798606158,22.34804770891737,50.95705640490196,160.0054875656833,476.0419578785862
1.3402535354251557,22.042812626874024,49.18700498113081,155.5900718356536,544.4015797116502
1.3085202306581394,19.41241846845525,51.85011192119867,147.31009890838536,486.6376220924139
1.3149177379357968,19.74624216046856,48.93629230717256,161.6712404788227,413.1606485816573
1.3138664735493433,20.062518192809456,48.34659819792837,134.8206321364756,420.74803943794626
1.3293931007851527,21.90387751060056,52.42913206983324,136.8863982226845,545.992134580292
1.3214688008656919,19.43281866722979,50.23229552131505,167.67173194391148,462.7725138703875
1.34480793984349,23.11262439010858,51.3810186089049,125.94021146227945,576.6463525547359
1.3629182966396827,22.00973098134144,52.02736657185547,148.14627925214813,505.8672333754854
1.3245368601532552,21.413411537902018,47.356570303930745,148.64455800914814,509.7968705897426
1.3301832391225445,20.46054740002012,50.06882499699933,155.66812009064301,421.3381171426934
1.378325903824979,23.81490838950834,54.08389760593413,132.15493800200642,444.8117483370993
1.3399295305720456,20.83921567808286,49.61590852887742,158.46149097709574,428.75867848747527
1.301074437087212,19.30258952461989,49.86636453404408,159.37426546632892,390.6052566934568
1.3354653532840302,21.46625498541412,50.37210331720534,141.20438506151083,509.0894543835787
1.3489233240476919,22.288401737759283,48.218702827710835,130.32445651081636,607.0725778937102
1.3521802697080005,22.068712360849933,49.41742777336268,143.62054782436434,442.18589741476404
1.2999041018594366,18.5808588647468,50.58171344727682,170.3001948161183,404.0104859443468
1.3452590177143082,20.42822228343543,51.18398136154938,163.819279313263,409.6658586648493
1.314184790914131,20.115890626803456,51.62880621449431,159.53234510860085,444.44676921974116
1.353275449171304,22.444700455189242,49.36491533842691,151.2774683652423,573.9745281114122
1.3178531907673714,20.44337128143419,49.14705961106929,152.07048284942084,445.1241042725501
1.3526716369170824,23.016687961015094,48.22219965591679,125.53552909547571,614.7293424400891
1.307765829236532,20.20765251479766,51.6365878633272,142.39712793630017,401.6752482637343
1.3544366761927091,23.541817011027042,51.37693282322836,122.49012264625259,504.39895659133066
1.3316321961958744,20.76598978333404,51.48659405239179,146.82369902910978,447.595698809365
1.3528365642573967,22.633437400845377,51.84706434084647,143.82940454611364,572.7758573983119
1.367566751836183,23.644300970693703,51.221448995255315,136.02753746569906,517.9012666752368
1.341955271824805,23.022961809220376,50.541340039937126,139.55870545879316,521.0801596990349
1.2910878952187874,18.778188863283116,50.15428128004016,159.36385391041324,451.91091551174196
1.2989679726084655,19.075653375131253,47.84958329142283,173.61681120059333,441.8833482296805
1.3122095924208523,20.034646209848596,51.77846253312985,143.72319545351152,459.08965839893165
1.3584939551712283,21.47873051053228,50.499429827634316,146.01265930061066,471.1448203826745
1.326451258238529,19.13435375168936,52.136969546524625,179.81459672752058,421.680752517498
1.3511084660154102,21.863022390210386,49.82116906450123,140.42847386747508,464.9481969168352
1.3261883878832215,21.970058441461305,52.302361237472674,144.13835370964247,508.34570602644965
1.3492775787260043,21.01412071332514,51.316749829889446,148.7238220158256,419.247207256287
1.3407063148566583,21.535888227572688,50.98892415280901,138.32283684278286,470.899627010545
1.3162166502390236,21.12440487655394,51.5770125065768,142.75253517430173,585.61899389262
1.3396600057593993,21.689103498843355,50.58084905272906,141.92968343192155,603.8075154106384
1.3039748325740603,18.221636849549373,48.75688343715815,179.493877412281,341.22052657828067
1.3355806073114889,18.420339979560957,49.58282577615996,196.662931562521,302.6873029742198
1.3268364349700636,20.7655071364878,51.758096013719346,152.2710440127702,464.188934280998
1.3138580855513393,19.465638030412006,51.09875612388207,156.39780143547273,391.6483037606196
1.3345401995996955,21.052053490191454,49.71982747462067,144.1559074172083,493.0831531926389
1.359729138718746,20.74806129043393,51.4029685758354,178.06442093047445,417.36947035786676
1.4153435304737685,25.27880464015187,52.207543033126555,141.22314543005288,615.7267020193103
1.3244850531800691,20.480906214745943,50.910610272160824,157.46630593394195,398.15352127455225
1.3453772085234172,22.288414297819664,51.565211397250316,141.56580468261618,591.7502748194087
1.2874814791268991,19.683679156823878,49.61942461796527,143.40843984842093,532.4675571876809
1.2897989259018758,18.17879323982331,49.352871813074835,158.9683747651862,319.9226232275209
1.329412915466725,20.602571385411174,48.40173587385132,147.15749686638833,545.2961225163863
1.357419653495218,22.621808446357257,51.573334821609805,148.12097624275236,594.1264748180407
1.3809807070784688,24.154761769110628,52.46314405080811,125.07472191339568,514.8781674850702
1.337298738134898,21.254040721744264,50.89251523152229,152.8327372716344,467.4424231198481
1.3027601485600293,19.02462016234974,47.391006356060494,153.63370418814787,454.9884593646747
1.3588383829575623,23.00504723012621,50.836402610867474,124.3531978042379,496.6242684952372
1.3463426101598879,22.820819739054674,51.26064413583938,135.80449266963012,545.0234039717831
1.361153895852337,22.642468307534543,50.07519529195005,146.12431731867002,505.03628394078015
1.341577774624707,21.385013176875248,52.30686918623476,137.94147169496648,392.4809757501091
1.3330073378329286,20.903682030905102,51.107904266912875,152.43694355136836,461.6856060746894
1.3313686582563746,20.24040857822923,50.1352704030493,159.5327738736309,423.20175426772454
1.3548084869869914,23.44369314931094,50.51037856157539,130.58051598782055,546.2908426156464
1.3338778549998944,21.814923979937692,52.1441135839901,154.4832451074792,482.2577479817594
1.3330219248070263,21.371609587387326,50.67825311934632,150.18753301929596,518.0135562552281
1.3365034112618617,21.246957943650575,51.74348576466432,151.78973851123519,510.2226114295726
1.35783289571868,21.693763288476553,50.88338120509189,159.82191276534869,462.8368699329696
1.3553187856432174,22.55628388346073,53.20022495881676,150.98970609576455,435.0541855583382
1.3730811120220037,22.527867896843492,50.24060607488795,140.76830510027423,476.26354784666296
1.3085729763109053,20.075987927643023,49.27286238488027,139.10121953730786,549.7796237645416
1.3135464043744345,20.093011414325215,49.20533830906846,152.7925030013913,404.6188901316093
1.3253780515470854,21.081627453884856,49.59642487631904,149.3707413660854,473.941209027177
1.3393388991301916,20.780059942553166,50.24967848517655,157.70769494614294,448.52673037528774
1.391730042714711,24.06135694388685,51.97982757312034,151.43440703474207,557.1611985059549
1.3227835816498719,20.581079070261293,51.57913934331764,137.94405489161588,377.59967040961845
1.3318063743756934,20.28861848382229,52.69477142411255,162.25530535085085,419.24389138805446
1.3561178455078713,22.342180556223145,50.84286478415412,149.14514045851493,491.1562938253537
1.3374969717733316,20.568881226196282,51.691699821410516,154.1028321991239,478.5348913718364
1.3322839759517615,20.52279793930915,52.902783274327156,158.95424664759844,426.6321963731917
1.348153073572835,21.55808387047165,50.33279303075291,161.67130330006387,484.15264957427416
1.3351002757836292,20.390809205413692,50.444953346905315,164.85506504991997,500.6726310071899
1.3406952055173913,20.757498002082713,50.208589138610606,158.46468320271214,423.90883236657794
1.3087862676419681,21.22372494354621,50.12675949177049,136.50502267781354,508.98490025896217
1.350264870266146,21.822956670442668,52.298656814830785,149.83136395813284,503.02635046407215
1.3450605750225972,20.596055677882454,50.70609177688987,177.16317585659436,465.0490784817694
1.3412457340603685,21.237557812766873,48.6834015881839,147.66817177845218,513.6798613718074
1.3329798897430567,21.501695438798976,50.10421260943397,146.52855836625153,483.722935187389
1.3202601858082215,20.993049382808497,49.44757477086924,145.2010417995175,485.1620486550202
1.3182258497283281,20.02678215367541,50.51809811414598,143.12662805973133,456.30828845899487
1.3082971034162234,21.135965697506123,51.80678385173521,124.20601431416301,530.516821390891
1.3386061946582564,20.78599114388853,51.91946959009694,172.34315192241115,444.1294464787347
1.3538567238763024,20.35593675432547,51.56459916651636,157.62370403543866,404.9751473310159
1.3115609366324497,18.308227990178555,49.03171103666368,180.4455245625466,369.053973217931
1.2886885272252495,19.058728162795795,47.64946698357684,144.06669059230032,506.60901761575764
1.3233498107388064,20.67594454576839,48.57184234187308,152.11778939169588,415.25782820330386
1.3434269693778695,22.667475089697472,52.78601947526325,142.75795059337625,559.6639518306324
1.3414135543500574,20.648361003423272,51.37333987853483,159.503325334692,444.4663381929174
1.3335816187860996,19.993583586811003,49.68464505063719,165.98431533488844,454.5472111819179
1.3199626771652329,20.356067964098038,48.87764110669397,155.60645637831993,488.32456837652484
1.3093312329865854,21.14991725504742,49.92083285637485,126.0966919018854,544.8354182666852
1.3659046713680043,23.164395554702118,50.89941693818582,140.36335769052465,478.2086244372123
1.2925036244515493,19.98160212016212,50.27886999777224,154.92038755382356,492.09497757374044
1.3788292151778907,23.129656942073378,52.08743728876135,139.48777093737726,491.7423383281196
1.3073351966161875,20.11481341335363,53.81062716220854,150.69759369136557,390.8388719639222
1.345909772052742,20.33375868228543,51.1625212365437,152.00744357911293,379.6910322037205
1.3362274431176273,20.714991558702863,51.6452504439241,150.86787862903367,455.22464083022254
1.2966916400880824,20.235441832621515,51.21288820571585,142.7882672837218,401.86478408812275
1.3384765669420187,21.357932904402553,50.3556996405028,140.95280802898955,511.81234960431595
1.3280575899777638,20.055323041135058,50.582611966815364,164.31546740468292,409.35147875711715
1.353073442746274,22.070057466091455,50.228172336408804,138.21749998332157,476.32477431911224
1.3212165512855478,20.963335151573034,51.04015754293372,144.76368284816314,463.216435646581
1.3424287350528088,21.330876310689735,50.27259549712991,139.78622127072646,457.03627196071494
1.3188443325500798,20.64560154238236,50.50062716436069,152.24037490423646,426.6025253816668
1.3279410688676716,20.154880844836747,49.97983104989049,157.93584730223313,509.04333507674295
1.3204491661242548,20.202367505415165,48.63136415822227,133.8716192396034,464.4399071620218
1.352875273101806,22.41895559492541,53.50608496844994,125.85865128837798,437.1978624155749
1.3539582962195853,21.31765146195107,51.86969374919493,165.22549994112248,517.7959594185398
1.4062924757069537,24.75022214770063,50.96893456903791,140.6414469717663,441.54015334025416
1.321859186260864,20.362727973843818,52.6447707068432,153.5260710733507,475.73929710455786
1.325889400228427,21.349406941517906,52.95100345800492,127.90104919886012,507.68698910427736
1.3520448509715424,21.207398482380007,48.503545179375756,158.7411223629616,482.34806887309816
1.3232263856473852,20.282975055741783,50.88292665675047,159.8074652061306,491.4985586181084
1.330337850417481,21.248093997440265,50.42882273333367,128.63066324033792,463.23501925340867
1.3355686108474947,20.467393699856853,50.77851347633524,176.37963832936197,494.02483834515976
1.3204597799694129,20.99436185595649,53.350205571657945,162.7423275462519,484.5536350042471
1.3405533658688664,22.21571874892603,52.17150353208695,134.2408844586379,494.4582226588677
1.3065276970451738,20.597159760548045,50.75678535140385,131.7370008821005,524.5182745317934
1.3457358775547081,21.54372297520148,48.95152438187368,149.33659152340607,506.6136385990753
1.356908856872463,23.38222178909029,49.48531733029876,132.30446751971158,573.2226744146518
1.370484462780158,22.713520708581036,52.42138581182296,158.013468612898,483.28592711341526
1.3756092424665973,23.11447321926507,48.358264415988856,148.0158026711116,411.8683959034026
1.3396815181364097,21.363024958234277,50.61672769226174,153.15393759694498,425.3536459486313
1.3177461124278935,20.687008011419,53.422142896111865,154.47351812878492,510.9334657257116
1.350684948886414,21.823720257818923,50.69238803981138,146.659285499543,467.13094428234956
1.3315319188091874,20.72954304255274,52.478790952900795,139.69933245469767,454.4352606403713
1.3387656248172228,21.368373030286655,52.26386040958784,144.20787977974305,461.1851588339748
1.3362309170099507,21.826857906557443,50.15299010247328,133.3565470820601,487.0735540094467
1.3320727528803453,21.28366257620358,53.94662151443262,138.491563318706,459.2659598715509
1.3546010112938316,21.465333479665738,50.47164198053046,137.4793473051329,449.65902049292214
1.3071905795476817,20.869599135160414,51.621577021408704,140.86394312195657,451.24268359870956
1.335626138965261,20.880834321629685,50.755058801554306,152.92608370711127,448.69136718231596
1.2971200752310572,19.87880514300442,52.167419001199086,159.75139689336854,422.4830989588764
1.3102759798216312,19.930830569368762,50.215305409163705,163.9471329478642,448.7450791622259
1.332018475025723,20.555791225715563,52.34068725751848,166.9026330061173,425.3227188381469
1.3152387813210777,21.60581329725661,52.701236194307974,145.88784584581043,502.5682496359731
1.317747361404464,21.20955693229111,49.41667258691083,130.91533066494605,512.9430563595818
1.4057793368864608,25.088219812275742,55.40567248186858,133.34503579504513,523.9140173677896
1.377066024869627,23.43361464661393,50.86052261131196,149.14829507898708,486.4301597009055
1.3308700821797652,20.074264383589757,50.777124139578504,164.76637051514643,400.872694970266
1.3597041028193324,23.223333087469438,52.22351788167468,132.04979069059019,500.92215348874976
1.3598571539984534,22.03188003137775,52.7444184910548,153.79615094930713,451.1958790489097
1.3024310447445226,20.125779842139636,49.839281319658234,130.84804243043922,514.8962903255589
1.3224602639577578,20.711672710618714,51.2587600422834,141.85714146341894,423.60450992354276
1.3056176985605137,19.890628290954666,51.28315280040708,162.85448714466858,471.4011913373517
1.3436895921367136,21.80716633532632,50.64248144331565,141.0397738349265,538.5266334856606
1.3365572200621032,19.85353677276181,49.65472484946046,180.03266842195896,479.66163905606106
1.323706436530116,20.959153505161503,50.87576883048068,142.73789500750908,530.4884260321697
1.3315034155032777,21.55165572046066,52.092343125240575,144.72106029203616,485.89056945769494
1.308339710874068,20.506205188481843,46.39533953881875,134.6622452632636,484.3916769085474
1.3147615795392438,19.335471542961574,53.41959998823342,182.602457962012,427.9763471479146
1.3380316620152586,20.844953013168933,50.33774863285953,151.8986890446026,435.25003395898295
1.3365642453713245,21.49598398514554,50.30659126872844,144.57506474633487,441.2515123422724
1.3311363300925803,20.924431378633592,53.84334176954305,148.12060326828467,496.4536246394716
1.3322516943056697,21.86652205699199,51.98930574782658,127.7011911362174,435.4945422766273
1.3461345343818616,20.591062025720376,51.80046445853446,149.1061222573826,445.28811261446936
1.3556469121308665,21.858799616961452,50.830386430584554,143.43822682290855,536.1254883814902
1.301125030303346,18.981658269405674,49.018615423527336,158.58522234095454,399.8847570925798
1.3283454724081625,20.228825067644358,48.1443277981839,139.7005200428958,478.93515742160594
1.3359554045519837,21.838076806216932,49.267982226865335,139.06969489183456,562.3354325587956
1.365672913562236,22.603342239977703,49.91665881704632,154.31415720447444,495.7800203615983
1.3620476096107554,23.42767540817651,51.536104907410795,126.99825626910467,563.2333737159921
1.3495847907170524,21.835757148463372,49.95677319102213,145.96446859202453,562.4527701314482
1.3475250700234402,21.98287487284333,48.50953061121811,126.28944768730227,506.98371021558665
1.3257787551702351,20.578502057334088,51.92466642362636,149.22316337250885,437.98861165391287
1.3018520990100795,19.80070562606606,50.560102131474856,138.61591682613218,523.6799170957933
1.3115957423627091,20.219773550582108,51.9658925709106,143.7338056301336,539.3294875536919
1.3107173244582322,19.982957595358283,50.819034877076696,148.83183105901185,458.11819493470716
1.3459512414089327,21.302189552632438,52.42886355298296,148.25557423827223,434.098424669017
1.308554307518121,19.739903878185352,50.34017317011325,159.79953402065453,421.3501670054302
1.3547907105862391,20.886919130959434,49.63563772997195,172.60351203017336,430.4337041066035
1.3756330506101033,23.26514448864849,50.80372017029809,136.98285297241512,536.4353199658516
1.3274549972387284,20.704272878499772,50.80736530716856,151.00165175931645,487.98623713593497
1.3471656149627727,21.18543468472192,50.01693956081494,148.94807357489188,451.5761796433999
1.3236998935261828,20.98922465158856,51.81148866852673,159.50462504881665,598.182445517668
1.344425966133905,20.848122816396543,50.38652857353135,163.87603410753192,437.70777427058647
1.307302438466649,19.758253987938513,51.07140960846945,151.09499394734115,461.0551054223008
1.3422452899805992,21.06507065674972,50.72235653470859,150.9768089512212,472.93527968608356
1.310231673424759,20.667807366435234,49.9353267513301,131.44496907450008,485.07756836273467
1.3439347727257,22.468401053879724,49.17266249377081,139.36645780891837,511.66109670846964
1.3021718436668497,19.10817938137717,49.41086372303557,155.7704224378834,496.7404162967635
1.3572740348524426,22.89299991315518,50.09939808015311,138.76088045528266,520.3240960207108
1.3099375986331996,21.319397905233245,54.58702602089359,139.56988205838428,506.4130640717851
1.383361361646101,23.834850312459487,50.90429335439479,139.93467890756912,423.39904518137587
1.3425229431748165,21.250231600979802,49.6042678691805,158.79213283724152,405.36268742709757
1.310909668108145,19.414324162353097,48.5216325063507,139.75046932028226,396.03821391664434
1.3407792631329047,21.79713115991925,50.37816452608169,139.38360995133235,495.88500975963063
1.3022941696595722,20.690465328122727,49.16900263635271,142.09654106039795,487.091970026892
1.3284278200450617,21.882719411967766,49.82005521255834,137.88422690042557,520.0495865795124
1.2921819629130515,20.692240910268513,50.60190758586851,142.93847439222787,470.34425602485857
1.32241887540077,20.054587555090166,50.45814929237525,156.87324439995794,452.18209338497905
1.327094589222969,20.634382595036495,49.325293422589,158.67540221506698,389.6382058262404
1.3530891287640217,20.57480899270232,52.49586511486279,175.19280236363676,408.892434323494
1.3122614379479731,20.03241739085282,51.11608570616836,164.11658221392506,511.30752044889203
1.2975894749767976,20.175169973024218,50.310057195698,140.36903387752983,481.8292066800744
1.3339737634644313,19.94280337307853,52.12174331482837,176.82076760920853,499.02383423416006
1.3674111995641929,23.11135517791901,52.5744579093619,134.41082316925906,536.5989907543944
1.3420383877567374,20.363712804614014,50.16636052965055,167.67006753669338,458.96050614121117
1.3204036412875646,20.455000756757762,50.784051639179594,139.74372887316994,504.674874700864
1.333984997328954,20.881295666924096,53.20096869633973,162.35026050954303,437.52092958362005
1.3369783518984153,21.515982278663802,51.848655293744336,140.28110851043456,517.435657877562
1.3372005241562057,21.857968476224197,49.66404895083975,140.22803218082262,544.5683971781469
1.3079660276788034,19.66859182575869,52.55417305028393,156.09824790836132,445.2957612295528
1.3317178796233715,21.20136581920622,51.2172283547478,150.01094264644246,499.6301271429771
1.30710330603081,20.825968894640532,50.142071891417125,133.77864086571466,496.28283879641975
1.3847284610608792,23.890479683381855,50.9394311190581,130.0552612892186,509.3543759160089
1.3457690551243613,21.2603896591217,52.55222360516647,157.3749035281412,446.60584972515596
1.3695352236518574,23.453112533012963,53.15422369659931,126.50488759815462,524.5775281623296
1.338941637672267,21.694152586689164,49.60591269039434,152.09439726675606,561.9017742884197
1.3282403912927323,20.589225048445954,52.28421413109601,152.3165717030543,463.43136492815
1.34945979638977,21.741069264306468,51.731880608592064,164.40977488110343,485.7459514666925
1.3584094802842863,21.754569638325712,50.32459118861722,149.4635262348885,450.39862751857476
1.3129203045395519,19.096002560003566,51.191761313841376,166.8855988126226,395.37680073970336
1.3149518578938146,19.675458416552413,48.30470415619528,157.6188119933867,467.65909806468204
1.3051285815280074,18.48283618381436,48.03273958476549,167.17414980080034,414.47278382675705
1.3403961586360609,21.59522807091217,49.933331450724395,146.25771376788776,387.03960012005797
1.3016088855100605,19.609668058130143,47.46971966209935,151.37297961420785,500.2343581149871
1.306851872342807,18.98559384537142,48.48473520667853,158.77975544721113,488.5182275184588
1.323508149902529,20.354344347062113,48.61255020868753,134.40359761057655,401.30888476027485
1.330980439109179,20.31005073726877,50.684226776114855,145.5331658575247,460.22345872940997
1.3294682302112335,20.692471547549538,51.314669505934994,148.96994032409793,474.0540914867795
1.356210531445409,23.273318081249155,52.35394161141554,129.9175055066049,449.69854269188056
1.323363378394946,20.36922272410392,51.52594817700241,146.5103121597636,415.70360399199654
1.3256137233697294,21.045011239864962,50.12015438258997,142.95626865355314,416.0173983832371
1.2374840801682363,19.035391283518816,48.79485143912178,127.12687401228897,531.6074863082631
1.339377376269388,20.626561485191335,49.39580762666309,154.1753398345341,482.8754856668282
1.3352774693273415,20.66366221172543,49.21116502139408,147.5087986762635,490.4692735704118
1.3057950053902454,19.6577579225225,50.41398760736902,161.28150199990455,453.07447853890216
1.3311887114290684,19.690035832250672,51.14905652911507,167.5180328388764,375.9935036890077
1.3469048717758814,22.60820343427992,50.819698611306315,135.41661531308267,509.10527346774626
1.3191335474411,21.900572009453093,52.387652897962916,133.46363531573337,592.5097635745959
1.3323593806271388,21.223986200356237,50.608734979628004,148.9655833270006,561.1341832631164
1.356761048079099,22.56525544333372,52.23533566996903,140.82518711062616,508.9727956050559
1.3463769408688446,22.069662158730047,51.26852615204692,148.6755407426342,394.2081958892102
1.3527358310214137,23.22979738398766,52.15830110830879,143.3953535239416,474.4196771369321
1.3428537045776827,21.376563750693286,53.10334787850801,137.70727798609101,382.34887990660394
1.3451288285573997,21.072287988938243,50.06710073011374,152.5444023537221,469.52976161913824
1.348960151113865,22.046924579865756,52.33251161218547,143.87851840036168,445.51455465582563
1.3226223487851212,19.970640472965403,49.84830331477248,167.4279005799659,432.7013484827861
1.3132430550444136,20.684528398213786,48.937583298357026,129.96217771583179,490.41703824339606
1.363942877560552,23.434930688254553,50.12401501305698,138.67795343272795,523.3546387977864
1.3197007835115029,19.783911018316957,50.876835878585204,161.25981397977455,437.5307707622967
1.3312868356983336,20.335364668130442,49.49858482514749,158.67467110482875,451.80220623036416
1.383969347672686,24.951318235517387,54.29706721872309,132.4770789319925,527.2131336799199
1.3226064884561226,20.53194636995418,51.58572034813424,161.22235247170624,431.1949965887164
1.3303262794845196,20.06237053805277,48.40051213047449,157.1163170626966,490.99680302641195
1.2978076551982325,20.01876846231882,50.97047321836328,147.8829316216925,463.21822644297936
1.3327444945754343,21.174137345585134,49.51591629698283,152.25694682653582,491.64994946901305
1.3231079137341542,21.419514648011134,49.83741635862813,140.93460005145772,519.2378881350706
1.354942584530761,20.93316097066755,50.22797166748688,173.41877348044056,380.49664592750713
1.3489893172235015,21.257608462198625,49.97806409113199,158.54195461702432,419.367594433412
1.3053260171923964,19.398232440321628,52.114673708735474,172.0310428337067,447.030484355542
1.3528715221068146,21.73633188504317,52.31098068197764,137.86440428337,508.1774406101439
1.3361215022344246,20.810831712036197,48.62856797551009,144.3280755616122,513.8653777168015
1.3278010001670446,20.691246016098706,48.775246413531626,143.47380581430158,432.26070722510957
1.3140848953432978,21.892021050221423,47.958801853583836,125.42593685080335,569.512208404547
1.3188932403893623,20.843188104711878,49.788754181258085,148.81393401649504,501.2535488587158
1.3198644831763975,19.545436094167428,51.664674287983914,166.49797737784857,338.3507900331023
1.335499890269971,19.955345024865423,50.79596673649845,176.03205448814697,448.03016537219213
1.3309371656273288,22.160844424946152,50.193524040213106,145.7227531073344,551.6893018272782
1.3319809791253037,22.042327278799185,50.627112859025345,140.81476064166614,474.4189830803162
1.346263969816122,21.223422415920226,48.14986223806386,152.94710030824606,561.6334103205916
1.3288306062486375,20.9137244860001,51.07955704202811,135.3435391357318,496.88616256003826
1.3369198540326803,21.261436362930223,50.149012124579095,128.7201611257826,533.3460264526715
1.3164398874127674,20.125698173949694,50.95907522927419,154.81138816167663,417.31018308008726
1.3106783614545523,20.645443545581674,49.40836157534314,138.83801830748098,480.4341941051642
1.3331929799928008,21.269750596491075,50.29721348003641,137.9957049206637,604.9932551264394
1.32432642825859,20.120152320204042,49.13079830103566,151.44460990204013,421.92321914487906
1.3070729337741627,18.57039482646682,49.92466969403525,160.63739579510295,372.4340721933255
1.312143236775423,18.836433757173587,50.70441004399742,178.80133982327214,373.5634749129301
1.3791921571964834,24.14043097967706,51.73315395691668,135.12105122785297,572.8773483866399
1.352581134971932,22.037923006633967,49.304330077334974,140.13134001311377,568.793930583686
1.3609981468762054,22.687235781544768,51.588971355629965,134.67653433641053,518.550125836613
1.3022552619777108,19.9470676980884,51.37530703422411,150.15325410549974,515.8689288157984
1.3372217754502613,21.40037881279505,52.15447020097361,144.6919206543747,450.77139785203
1.3456475141062605,20.977459511106808,50.428935817566106,164.0912865014628,460.3928175283868
1.3189590626099543,20.25843600211889,50.548020169643415,146.41053272853875,494.1830292656659
1.3560850660144523,23.8584684433413,49.47711894412423,129.68898417209522,637.1756266309236
1.3270326240238683,21.240406691610417,50.22795680312265,133.64417349724846,468.57137368949833
1.3446882719970834,22.707337167572003,50.0725298129303,122.98176814090779,532.8029506128993
1.3195963077484087,21.294517013213802,52.6414346266755,141.34814577041877,510.05171472401827
1.3403034083276357,21.031832470343886,53.79208392264858,158.54487101060087,400.5354278436479
1.299784823567504,20.024149936926616,50.8884582691092,140.98534556833866,416.2777349183008
1.303240400120397,20.516120136441188,50.86044153844531,129.86588161897456,503.3109323558811
1.3565079724495854,22.29643853074065,49.919629291311445,142.81815921810878,500.4158258976867
1.3206486384890672,20.194200344564507,50.881471190609226,143.21076364946413,484.47103849039286
1.3107142536864258,20.1482263628535,50.647023084412126,150.59869113172394,402.98090784229873
1.3168538229703142,21.070385647753902,51.230323407833424,146.77659338081915,482.4417977670901
1.3490608264973196,22.406246247936814,51.850922328925144,150.76508281908622,498.63075745588304
1.300360343707324,19.115907483324644,50.10083427901262,162.89874851975546,351.7880348017095
1.3311028436191852,19.81506047088791,49.85612182628736,159.47876825631246,395.41148895963835
1.3345706276562468,21.488094661034587,51.459164667137124,146.6963095705899,520.5356007346138
1.3489431135868952,20.834347711119776,48.70474554504085,153.4033508830909,491.1312398448279
1.3363365939997496,21.715874465139066,54.18349469519701,147.38665901889703,490.89945121675765
1.3502286869648437,22.102674306265627,52.60258184889483,149.53545507358479,476.5477013282166
1.298545697672056,19.538963503537534,46.841102320647586,133.65659067268854,445.7196564080147
1.3323321875579865,21.056158013477308,52.298313699384,141.86666445505972,464.8469920406677
1.3222882818862396,19.185492167443766,53.58239537457658,179.4672221085145,453.9584888855552
1.3546869276841493,21.261656839573348,52.17599100564492,177.2227525578307,431.84881288818326
1.377919964084449,23.896756403693537,50.91387119418405,123.03191494208926,496.5972463742127
1.3404936032260446,21.44016464283404,52.63886351357211,158.2791563264872,513.6447384490132
1.336181923122377,20.957379469760923,49.343377542254096,155.01553363607113,550.3178248855016
1.3472439626828636,21.307443696279563,52.08694477934226,147.49788072426446,438.6591517088279
1.3207454047301432,19.003992167129727,53.917421022247495,190.7723845105648,356.2303062552557
1.3690719053031088,23.562869918532076,50.617214312380305,141.50962395127243,535.0433355708932
1.313797380680359,19.912862176094702,49.564793560903325,140.84403202732483,433.7081564666354
1.3209747262772398,19.659728513503687,49.33069207572812,175.4557845070987,354.95098294574177
1.3459086632971524,21.080555659943368,48.174041335668946,171.70078245107686,473.4584704880943
1.3368648424911964,20.722217062418096,49.347330070121146,144.00395967798303,425.9045736299956
1.3277591018662547,20.173195378383717,51.714153758776604,177.07428290294666,466.9982485764005
1.3167555797143988,21.593358114460067,51.05574414641672,138.4525322708773,529.3190362782566
1.3180363202615348,19.67055406929004,48.5084726083279,148.83227207442644,470.35262747884104
1.2996243355179642,19.306943599340983,49.78789220030781,154.76667944425222,520.6004092671802
1.340598960221866,20.76929079792561,53.193990551295975,164.78290712787316,393.8965530253385
1.321879082612323,20.330876525703626,49.3166930161937,159.20415502698114,456.4767123480147
1.330395566739035,21.964162798744013,50.977163469501114,135.1773376555143,493.47602697724733
1.3431041723277415,22.47947835874688,54.15650615613348,150.33370026118064,556.2893288821697
1.3275186544007107,20.97266987205945,48.98416833264594,134.306158755347,419.13683416320436
1.3417300401713659,20.329075074381564,50.72182940388076,170.76008384209632,457.94853296928915
1.3251871912626227,20.334263130986052,49.659141454342134,159.31936487287163,433.5351317811373
1.3316283995692144,21.119109356402006,52.19931249038319,139.0188078477738,418.1104958233616
1.3186059260727374,19.34505570420277,47.67930997819358,165.81029269678982,416.6292220772274
1.373708047108193,23.142838732223122,51.338391412214115,147.5806877839422,442.9866532905812
1.3199624679212003,19.043461297986543,53.330581237272305,165.43614966459094,332.00475901946004
1.3424932259152462,20.632748752371143,50.134335648986216,158.7426354329976,405.2754499566728
1.3001869893305902,19.567085132413926,49.25542165304072,152.5653525831775,455.23597852984284
1.3208031254995745,20.000103353861356,49.96181791439696,147.5032477667363,437.63458572541174
1.3090015717528758,20.992959061202992,53.38325343747421,150.64729072889594,554.0620376827533
1.3620829364850122,23.25786514185007,49.35630821936831,152.91644521529224,474.43167071377707
1.3234513324025585,23.322518034821794,49.635072240480135,127.65822440644514,601.8329786882417
1.3493013292942582,20.91890424530392,51.66036974372377,150.28210128883515,444.1830654475243
1.3306159292674418,20.785197978175056,50.600370922241396,152.7231542764121,472.84023133437967
1.3400242484910208,22.033896694155608,52.41518659893149,143.13990771577517,514.1800844443354
1.360082061658298,21.390898195659275,52.490139710222444,161.79906987099696,596.4989653859129
1.3784114204182945,25.98312899667546,52.69986447481038,125.57657361295723,664.8162685258006
1.3055716652653568,20.224981478679716,51.24679823754776,149.4594714394932,513.667749075019
1.3079504366361163,18.936880239273,49.24627571115403,152.7047981529779,369.0725277867027
1.3291933642250788,20.37554448067179,51.22293624881569,153.92424076548238,408.0644310597528
1.3326896323466937,21.412233095138998,49.21470540670726,128.79666036981718,477.45183155503497
1.3476471014111866,21.466641230287568,51.49185924735835,146.62816411962496,517.1302320294564
1.3369834264189882,20.59029967196485,50.75809577710922,149.3168780490029,527.9010128352397
1.3767875497502957,22.53343806088022,53.7511815173153,168.64190967317805,493.000905741657
1.3028859328295013,19.385738630403026,51.803960063835675,154.8334504530043,504.2479634746702
1.3219553137378934,19.687072232686518,47.11121225664869,155.53820686789942,456.8455943059254
1.32074715161318,20.89076029407915,49.94949415719968,146.75867250975529,539.8276835776105
1.3416032585582163,22.160005791212246,49.35531424677856,126.23700332935496,561.7269791372189
1.372576703510474,21.83478466442849,53.136837394640594,158.89388274076168,513.9928262600031
1.3402534624087874,21.678251294831725,47.04054458993994,147.775927431203,509.43393442107856
1.3438322549413222,21.210367667327077,50.7517273325828,155.90049818308466,510.6388823211725
1.32197521451829,19.690514429629822,48.096205361258,157.96353236261535,513.8004817353926
1.3375656336406698,21.13793233633318,48.395098652501005,145.3886205807451,506.79211373375676
1.298738754340162,19.779970242137814,50.24155579857941,143.7388965262122,516.2384774729974
1.3316600629935174,20.53072922324381,49.48426349088348,153.73336848918268,434.6617583584209
1.3111743026898022,19.945674405286958,49.172421473648185,151.0362189271969,434.95362481628695
1.3287815635046951,20.98934349959607,48.58928175595255,151.03075602552187,556.8344126379401
1.3751845764768942,24.504409341244088,53.69577290589171,136.91318960118662,452.4603851266808
1.3468155457172066,21.005377433540414,51.632526389749394,161.0689000273986,468.3270880674608
1.3559762450941242,22.221581721727993,51.99169601439131,149.00370570339157,474.6771836908743
1.343623609848195,21.844009941070464,54.66626162474419,148.61653601174388,482.7809760381219
1.300806512140876,19.27721430973516,51.8301223012531,156.7399313550427,473.05758036674666
1.3323439542763782,19.51413704796879,49.41155500182815,162.23613498244328,387.2804905966396
1.3567775362659593,21.701577441607583,52.36790971078577,154.70729706769595,452.2277466531859
1.3500204445187491,23.070983180902182,52.4768881826478,134.25878939167484,599.8263296522233
1.3170963088974164,19.281176798781615,49.322900100521544,175.781848804091,439.73333171738864
1.3418127490564422,21.623615824713625,49.8073696543791,150.8289960652515,517.7778617773392
1.31137669920781,20.90816619185374,47.83626677632083,132.33359063652046,468.57311252195063
1.313035980314138,18.753961269184003,49.67190062784428,166.17866862516735,347.32481926669396
1.3555755349188257,23.446465330861223,52.89549573670111,158.28625543930735,475.5325848718678
1.3385623993458602,20.28270135319219,49.408401994361924,141.75204875097253,495.7745279002047
1.3312793915230487,20.18643061415201,49.017533181065055,161.03191920729972,450.9373069511442
1.3277453970169484,21.04960286097419,52.06846822458385,144.2364657243704,420.35141364479045
1.2738463106918907,19.198978979320973,48.34699767172384,143.71062199130864,432.72225026959165
1.3345285192342486,19.310983381668564,49.77282326468422,166.14882498054618,421.53531126035887
1.3521525536549883,20.822207631239902,50.80863512063383,164.16159989438134,393.0582075133358
1.3436175784924391,21.131816590745874,51.41952256545772,161.89947392203044,477.82406195835074
1.3026646481735398,19.69948397732771,50.356149896674786,139.8685183224372,425.542285957115
1.3140806991470484,19.907066985927294,49.73527336790834,158.5914289906846,384.46766621528843
1.3231758589690035,20.11345525888728,50.626297577315064,167.23654461174397,474.36690323262115
1.3274224980287292,20.03241645845741,51.584747590231004,153.5955309336515,433.6764474373902
1.365772136964058,20.754267250002002,50.322151791948436,168.82082520868101,489.0819196737066
1.3302142284753564,20.914174042371606,50.460740323475356,153.29364031089375,437.15017409296644
1.356956749403636,21.27135545602701,52.31214225580362,162.31842683862976,485.3625934152125
1.3442655161290162,22.102286325172923,51.600209051119855,151.41701587156663,431.26112788518134
1.3027069412971266,19.83739879957915,49.46048333037383,167.26590590374258,496.71973750770053
1.3412623450195476,20.71853399381977,49.35506471539268,154.90555797649648,491.91000589060263
1.3168789586149445,20.265791638681556,50.470064792431295,143.6677215390392,399.06205754048744
1.3078430100242133,20.611437149874522,48.524184217939705,139.21294195530714,479.7255028065247
1.316119660292737,19.82014190356021,53.208375088752476,153.409590582517,391.4509347226332
1.3401961481558005,21.350543437329893,51.02718071101333,145.7464021457635,471.00338392850244
1.3446801625396538,21.65798898789062,49.56622934160296,134.39156061347205,507.593950492123
1.3450882441649172,20.663709060243704,49.36645551486137,152.70447683131968,412.3240102211275
1.3214333160689757,18.583490228778647,48.0780212139056,169.96687934061652,428.28927327183663
1.3132575410557323,21.06369085743966,51.00726613399821,128.28841973971694,512.2135772997281
1.3124158482537112,19.896508114723787,49.70032117754894,149.00513408172117,474.5909684800228
1.3326494234728243,20.33774400881292,50.69013641386339,152.17669456294306,389.4372631645868
1.3729595545886764,21.81710126033309,54.278757406514885,150.54313697598312,469.1310100748882
1.3569055280270155,22.21312430879921,50.59050012362395,140.79143146027067,445.9391501563137
1.3243911819621816,21.35606743576165,51.33408787380657,129.0111213838862,498.97992907326176
1.371435115926238,24.23378966473282,51.1658073868962,141.40719731922763,527.2770143527762
1.3098168538506119,19.628876335910675,50.35338186851809,161.711838586813,403.69061926857506
1.338331997784343,22.220404656424844,51.336934143914476,130.58974752688076,529.1461062315793
1.316194042616526,19.65032372053568,53.48017764711869,157.16453158384186,463.89839130261356
1.3674054020872686,22.65509548428478,54.07512425542965,139.18555222629914,499.35824447850695
1.3267477959341067,22.737284775770288,50.67376488161653,143.9993374445995,529.6769270514353
1.321157725942779,20.33095627292732,48.64106653707843,157.5835004886373,492.9817247974143
1.358726887849551,22.942925471792545,49.679298055636025,136.82724662396834,526.3461120493605
1.3065487062906311,18.47241957658507,49.59903206524232,177.02936354475833,337.62101021338765
1.354789505430459,23.367297185145617,52.36043764810345,136.77170469036326,557.8984240200294
1.319035960798157,20.863784757735363,51.11050977984489,151.54240069556664,506.9603506678857
1.3359598889653728,21.213303161191135,52.864854604803796,151.05275180123755,453.6285202030803
1.3458215233721629,20.35825398957444,50.286698249028156,181.45418938884387,380.2964233368033
1.3737037418051068,23.229019750844632,52.242578910386975,155.41697139697962,521.6648971849243
1.3471609456460327,21.04447655142489,51.990382550360984,153.03454432175607,465.1434683560851
1.3453603750163965,22.877654614350583,53.313144600852375,146.08595845078034,515.541623958826
1.3216637743590298,20.76312800092354,51.32891592408641,158.9173943055089,412.7516480858218
1.3549581814620484,22.27571840294751,54.04102310563517,151.06931539265483,531.9834153788527
1.3660134223745357,22.87834935028791,52.442401687472724,145.115256707616,463.6547189327447
1.3162107043866376,19.79738009214581,46.61221750772971,163.56795944520738,437.11033258249057
1.3100060566917127,20.54605361136364,48.76457965107699,134.92822857557664,527.9677149835816
1.337326378254664,21.518494751550115,48.22801818353936,155.86772176632832,536.9748557018522
1.3298683274282406,20.563521217066874,51.33185821896246,147.5185072713679,458.9938046458785
1.3719834690366262,22.996850691100214,51.45723604123793,137.1636356730155,523.7661358567814
1.325063173293302,20.822618726865805,50.47758374847961,153.84892075662975,459.340957717617
1.3527584060102058,22.349859667659118,52.66148846380889,140.33677992694558,535.3758615669877
1.3431557517820933,22.407017214641712,54.95387880077312,150.28566800241208,494.6204198440195
1.3218100798242134,21.341237420855716,50.5219973298228,135.6090618794815,480.90856691774735
1.3119165839021183,18.59485056516025,52.15405022011458,167.38490489410896,368.89905087724964
1.325927443143121,19.371744923608738,51.46517457315321,172.7597770820127,461.4961159201638
1.352365784234864,20.61002288273056,51.43017726540908,177.18965380048644,477.39125938456823
1.3243217077451006,21.045306720037924,50.2957067249336,132.72284194053782,468.4584648488559
1.3056489070890265,20.28213867468979,50.68370603533607,147.16919669368582,461.20528611612673
1.3184047610738336,20.002661492640694,48.663624943966106,147.18840262174407,367.87899289145037
1.3561226795396926,22.568676654295302,50.20967111579615,144.0986922365873,571.2001774738668
1.3405795236122775,20.333205425974867,50.63634128524464,166.17476679082324,415.9391869930173
1.3739411361647025,22.254311330639524,55.038461122306735,163.14957778140302,501.7804298613316
1.3028663831684502,20.091137183696397,52.27075375963015,143.98629560920642,503.85030549956923
1.304405577492307,20.145218042289095,50.54693168271163,144.3615505954531,443.98966946369336
1.333131521967758,21.346511415166063,49.34463812578834,145.25485420663176,575.764325264109
1.3002463178810677,19.379107024607457,51.36216840976665,160.69409717649324,409.2720877401955
1.326549255668861,20.47192877974161,51.20793777929189,157.89759522183513,419.46808087752584
1.3167138384004362,20.29535554778159,52.146936134476945,151.82131825228052,407.9080499868402
1.3471823655941884,21.804878126524518,51.390914064799624,141.68397271170906,538.7896104785458
1.2950838753354883,18.915077529105652,49.7209880806292,171.36263090237267,505.32848655693755
1.2770480466233105,17.68588312694657,49.71699379705643,149.11504347747612,423.8273457494207
1.3506962248053775,22.785493643530934,52.86936652311107,142.48361190113928,405.64452899837585
1.331681340359983,20.700506990295008,48.943117259546064,152.77610629179665,471.1240361855542
1.3177754643450081,19.413196437002522,48.83581978426835,157.52457887316123,365.80714017186597
1.323744852283145,21.190916197474706,52.27476530413028,152.4543657114425,428.556021135152
1.3527877325976927,23.040721478869358,51.74721834475434,140.9465210072578,541.9740846695337
1.3717246946570483,24.45725866130021,52.729436966091626,129.90037482166514,585.7281032958861
1.3059383226508274,19.611043847775406,49.53489098513206,142.81307657697752,384.6371802533293
1.3453544686672652,23.291897472396265,52.5888044496334,138.80623634038497,512.5191887428925
1.3078539886223213,19.859680375034515,49.44348960108612,156.43415929525526,437.9212728857431
1.35604949448987,22.440416977614962,51.41533234777327,138.76531649302598,586.1062284761708
1.3012285028424693,19.529083401736795,52.31575921181899,153.6365160376319,402.7601492638104
1.3415725754901242,21.750274234119864,51.01788070999943,144.18190453569383,430.5452874419926
1.3292952520862218,20.81238640931844,50.75416246105091,158.27178556530998,383.1674569109774
1.318775119775917,20.94661029201113,50.2255878556392,138.93370788126325,420.57148199865736
1.337721939835392,21.862251980745242,49.85684304740486,138.4807019808432,504.4745084381369
1.3355612396845873,21.38876230201432,48.87908559737663,130.23927878756268,458.8268903179161
1.3573196164013452,22.64063268674835,53.036980722737404,153.46149629459072,468.74984671955207
1.356964996782073,21.932658383734903,51.86133601953772,157.70668538753245,493.497374317795
1.3410431580396698,20.273593904781706,49.60239887277343,152.54676917815277,396.844058126737
1.3026214896417923,20.115925195021887,50.27023292131892,134.69384998815798,532.4723769847368
1.337260581579283,20.846581300383793,50.457953013047515,147.81217323172126,508.4566194008503
1.3148413054493941,20.900516062551194,50.28066916398142,154.5992509751385,467.3474689176561
1.3286316930478843,20.817897959960224,52.1464159627854,153.60095722645318,501.87141131556183
1.3370797080982402,20.319719816393576,53.044338232124865,159.31838405671874,439.71627429468083
1.3885251392168334,23.759193979066392,50.38568336153168,132.11067326777345,505.34768977566335
1.3126967276801602,18.53049316750276,52.65889175660946,168.51606279475337,349.69433743536933
1.3683670850630372,22.446052903294024,49.608208476792754,151.6982347802218,459.43335058471143
1.3432514315052995,22.878616176169633,52.6795159221072,141.40598798136244,518.3730631900733
1.3043926747318149,20.1102925779381,50.04056352115297,140.95697843097633,475.2770288890633
1.3296528290656804,20.970041433162876,49.915843763239145,141.39819780803643,497.70307357861117
1.3603617045564529,22.30849379545102,51.61312972246988,155.16186959002687,500.84941454341725
1.3143219451062378,20.191022498036325,53.36743090649238,158.7208364948662,413.0177290919392
1.3437128389773276,22.634424895513234,50.363468201066404,123.63458032613667,485.208429528458
1.3135277864163553,20.322902571911175,50.254149644732756,151.8961662189223,441.3528867735223
1.3711436013889566,24.581570668213825,55.344757603503346,139.4449347459527,594.7860119557537
1.352760131053472,21.730845754134585,50.810252804621214,143.43787277385894,492.085597829527
1.338232251505187,21.02899313559895,48.47365879300039,154.56664851699225,474.0830965974916
1.3210821251389402,21.51571609472172,51.01972450349821,152.1303658519258,520.2477548006673
1.320882381879311,21.320930867351034,51.48904105650478,139.11261041317556,449.9693852280753
1.3315014819280255,21.722330640458157,52.318233741584734,148.0154468397931,519.2630499566235
1.3538964931482629,21.14534115565264,48.821587863766965,148.35626756550377,554.4233812870051
1.331498116094844,20.652237145477468,52.11086812494916,166.47068308992388,508.7708824844338
1.3858707095481266,25.123728326561007,49.474166426835694,145.21996101503083,494.16177984049676
1.3294524762095912,20.970169092622744,48.380241762972,145.33473672019088,495.14712884359443
1.3391775199841767,20.82978517211061,49.473682169961776,152.28251979777332,460.72482964993213
1.3255597393407978,19.07376438464715,51.48004023810215,174.301166734559,442.1467348168765
1.3574335134141444,23.466096585092213,51.049212054664125,129.80125839581564,470.9748432667921
1.3281027857313128,22.2227889725347,51.177342985461785,137.14420842681363,574.730735512505
1.3274371152799707,20.390903231699923,50.667330212147334,142.54043030691213,417.66580054913265
1.33626956586389,20.645195741335982,48.61281227901945,154.32946580114609,481.3603079674776
1.3335133452529444,22.0778715140819,48.78293963438649,135.17443907200473,480.5593865732586
1.3721795492972764,21.348068259420266,51.9357040357273,179.5410142841353,422.1171080741444
1.3266620081418425,21.159291936134426,49.62221097108823,136.64513043687077,457.67857322746977
1.3143405982208636,20.67009486928415,50.96479023221869,150.85398596615335,430.47516353217276
1.3360034334894446,21.321899693246692,49.67248738406564,137.9078927784838,507.68074326380963
1.3227189970646012,20.1542158452688,47.284744419362184,153.60428158078508,476.5829608244041
1.314850953512444,21.55754219643874,48.96645175498153,137.9480176451364,507.68297618850045
1.316632236635779,20.975292301276852,51.16909138396571,151.64387492073726,463.8954037954232
1.3305708332178514,19.94070085802496,52.143297000582635,160.02780506235862,432.961186581002
1.3477918741422403,22.587161804898727,51.506709674364764,146.41223278892537,557.9550367418909
1.2968737758522226,19.534529121034915,50.63139197800322,148.5543263606332,454.00810346658056
1.330854850355957,20.902723458702418,52.56044545730553,154.429354080835,460.70655966898767
1.2975201000325043,19.61699599322723,49.11977919296396,153.04513534139772,419.5958786981801
1.3346835611552494,22.075273115527366,50.05961863712322,127.45496482287908,536.2652152640436
1.338352647707462,20.41032967551311,50.72369042481766,171.18644780906786,431.8185978690671
1.3114666543413867,19.3102362947452,50.37395149681697,160.58720943517108,421.34389853391525
1.3602099415499347,21.167528037198828,48.62764416367696,144.79023031677755,472.1546625764938
1.3223344971018762,20.417923834193942,49.317236949290546,137.53102085700723,431.37047612948214
1.3173161271044491,21.420492154761497,51.710864735702636,146.68390722543515,629.1144077653028
1.359596440354992,21.715658360030353,51.09421084839542,167.10970442395802,486.75691134564926
1.3209537530632511,22.2742064617097,52.04434093600671,130.10225045908754,546.9603939764764
1.3546742764480115,23.90523676378212,48.24823103694007,123.56591698311506,555.0127155924454
1.3384970052234102,22.337348641612095,49.930638397137656,135.62405294328886,486.9875807388436
1.3033822200247995,19.91403189391672,51.16626830244924,156.13648750635926,488.01350057089945
1.3085932074447955,19.360865244726583,49.55773819006007,161.10702226825362,461.3144818288469
1.379819813294462,22.59106582884263,52.10819672450848,159.93449713101208,438.4634231253453
1.3178951828110468,19.936498109940498,52.1902994875793,150.465586980409,460.84814308786065
1.3543771440828598,22.31421246419781,51.199831427416456,153.73020144137365,546.6502039563097
1.3023076745737634,19.847153193060226,48.8235629329083,144.2756587538403,439.8081021608381
1.357183338892748,21.43837663786725,51.30952309580948,170.30491372787765,437.89357747511116
1.3103500161160149,19.251403668900576,50.0315897983979,162.74428791795697,427.4798909345795
1.3425947127602542,21.078849826951107,50.545625578251965,148.99571118870952,432.52287835188656
1.3276180262538264,20.026148947850817,48.781718196318536,157.548430115018,366.6214883830836
1.355117118326213,21.410360732612123,51.57824979519901,162.59678617447207,456.37274385062403
1.2995579935070432,19.136237007604716,50.199275627436506,155.41536449360734,366.8965693212329
1.3258845920658222,20.8932916876804,50.17393037930756,150.50626115070247,464.2527620219743
1.326395754966231,20.258904827993423,51.18131405953488,160.29870223792395,449.37580489944645
1.3145706293536106,18.863963046495858,49.2075925439994,164.13636922256464,413.0669598043247
1.3152062245742624,19.14711660726951,50.543452919736,171.91927169321372,338.6237992396243
1.318237450637392,20.56410096444842,49.91485786818482,149.02043959664073,472.3330511256286
1.3731915944487958,23.316593984171607,54.92034560380789,146.80421746461812,549.183965951529
1.3663549373914723,22.082988641830006,51.44739228676785,151.9406698938673,434.92673559628923
1.3439070987801183,22.410458784183078,50.052219752450945,140.63294542057085,501.49872037825054
1.3180983299815927,19.607862671439904,48.13672697021237,148.3502787055825,527.4728739407353
1.3347494160660172,20.81660726680402,50.53624556790278,136.78034136167673,457.760806647977
1.3341613194360704,19.59095953114866,51.821237402371295,166.50490947512608,366.6170345390721
1.350294639641429,20.881103893114993,52.91755958777262,159.96420660154496,412.4454372898543
1.364060562962989,22.929076347681733,52.586518462698066,139.67709081224314,497.29686195213947
1.350279045924729,21.921667230057754,51.443914730610686,156.27200604568947,476.32457638903446
1.3266773084505337,20.20405105042181,50.335272949206285,164.19096209708087,387.52752336591055
1.354760883873845,22.35495744241795,51.29872666897514,157.19518743917618,564.154700193815
1.3287209260208632,19.31077922213916,49.14669274051557,172.08589295432756,360.2986712859422
1.3257767758330548,20.786336859213286,50.496644673126276,160.96354867956833,531.006159316761
1.346323078299278,21.636785716157547,50.11674838495306,147.3977156068521,432.1087398181335
1.3057769341116385,19.83611887882627,49.20359999779723,159.6708030037456,375.7183737190239
1.3347688209407471,20.10993443175299,50.901311997968044,157.30597241715287,390.26921097117383
1.362137690542962,20.73028853908962,50.03378791653756,173.06810778518786,446.45871712160016
1.313936265423813,20.519617836225436,50.93769399032619,150.82134448683908,503.28799289449756
1.3329299557849072,21.86855217554141,48.7181300355217,131.48835526813207,428.2519953767552
1.3551654353501947,21.41356975610841,51.490660293770915,154.88387369138673,425.77595736558436
1.3365098563929463,20.6106045110244,54.020713904191965,169.40784861797363,460.2014851933722
1.327206063518615,20.552864430140918,48.88960681616577,150.4489902173324,448.21823355990415
1.365527735141085,23.490259110049195,52.14222471959346,130.2323972707108,515.9757819360098
1.322178268875216,19.189873390006525,52.31086343905022,170.42962176652213,420.7555318898367
1.3231411472498467,20.301186218166336,50.415381299342286,156.42418509960126,523.2790137223374
1.3437208579372308,22.503585849286377,49.71536371170087,142.33037333556837,568.5188349222933
1.306910490402033,18.738127123433404,48.96653159662968,163.8535799562703,438.9248906844509
1.3382023755022305,21.01468371169728,50.96729561023907,160.0749990487772,465.92993265947257
1.321727711240759,21.02971693375615,50.57241025459442,153.95672538746214,574.2203818279088
1.3251875442382786,21.307225490911172,50.44119487177459,125.81762127227339,493.3008635960445
1.3158481650038913,19.644702677272793,49.136869864843455,160.74633444724776,447.5199540160409
1.335422510868859,21.061121561685955,50.63494975737621,152.15076815391248,403.1985035243942
1.3397184926237122,21.660041185344753,53.94726380534646,147.56467038427786,458.644525359779
1.3390142318474874,19.697117320896282,50.66445542153488,172.74233602196918,341.4747135030046
1.32188538798541,20.56597524754887,50.4731231867765,156.56944296754398,432.45054761000546
1.3350573958961598,20.967160043826716,53.72363611121722,152.50856753955378,479.76754764704225
1.3289774823479152,20.387920974653213,47.50559846162119,160.31994795014486,379.65600408036795
1.3211801080042234,21.65911480892334,49.61304309463901,142.83844669538172,536.3327761809676
1.3354261953009714,20.14684078903426,49.77565911702841,157.22288715917088,491.1991328318533
1.3206972634246894,21.06674855295052,51.64440787613343,143.22936794005062,453.1918130199098
1.297786565625425,18.85127613055515,48.60538640882079,163.474056654644,470.5084522479351
1.3660151952682167,21.48164122449775,53.383104497174,161.37996689577645,455.4422739184166
1.321134226029562,19.353877594118632,53.280317613690706,175.9486918137341,431.3056647270795
1.3297008273989872,19.963591012460117,49.63632673584027,157.84987637047948,423.4067035049997
1.3015621022152475,19.3766973147713,50.99118623975997,159.61092452931257,425.5686247514443
1.2856455077113988,19.186270594260318,49.77415265976603,151.20684940995946,427.178743372041
1.293523755163957,20.202297162509012,50.67961902598401,148.95538458896448,498.56366299284997
1.32477017360565,19.472515291943683,50.29116520400497,167.34613928935445,447.9759927183626
1.2973377345405657,20.118717040236657,49.69649329346441,139.1974249417123,485.25909166094743
1.348925555908886,22.781169708035407,51.85708353614685,129.36014693590113,521.0505837222113
1.3099235678267485,19.309276495856462,50.593479469438364,159.60528525370057,366.33844752795704
1.3342067797077917,19.47729255134479,51.08748252221734,176.22874197975966,387.27831594204434
1.2756570616832728,17.970611870803005,49.10004662314757,158.59391743746866,408.5296608481268
1.3370640464310735,21.15716227221911,49.523549660411476,142.0236831878453,529.9960963456268
1.3672206913019285,22.53969224468213,51.07951223395587,147.12251669282318,494.4425528614247
1.3342410760814076,20.90049316503323,52.10556155944996,149.63231035905991,417.4640389369761
1.3586398666169281,22.332716572916997,50.55511011839751,134.94450104380678,535.0902390291822
1.3460063917676304,21.50925427003365,53.427986826789,150.92685039679048,415.3231458495029
1.366287911209164,22.63833766552945,51.84383335306862,149.83356745548625,506.72696553059177
1.3561279668177608,21.979134536648004,48.87391772797415,136.89544679568058,513.3612759092373
1.3276183102055827,19.029206716570258,50.3932065977456,165.31877861181783,370.3347348929203
1.3362397466065143,21.426027879030478,52.04769487117779,150.42285515277908,455.1206703344278
1.3521746514582398,22.2801831972784,49.555762526905106,151.8065287808578,495.5105332368783
1.324335164866387,21.36375586740705,52.07046169983169,151.2624910364666,512.5737225592342
1.31974407278974,20.85557322925775,47.90443248516929,132.33245569567458,526.7224941205302
1.383822543833632,23.815064107863385,51.266191850239174,131.2055968745418,453.0679068231443
1.3402772663623774,21.430423758680824,50.52962945028172,154.67543130805439,476.6368435784859
1.301506116202338,19.177493916901476,52.15119776065307,155.03173753625464,459.6213258124153
1.3576647223294545,22.472128731070338,51.2888263229445,128.93266672805245,496.2985543927501
1.3399082253938555,21.966276368533613,51.065814364089746,148.0915031821234,537.8023913300002
1.3263360826345114,19.122134649637278,50.38482544264972,177.4905823458143,429.567533813016
1.3241608886036342,19.95007733178947,49.90118147922927,134.5749648034375,412.9910367876888
1.3379462929986814,21.370993323811167,52.27740831335504,155.6720829170398,401.4551469472975
1.3253147046429503,20.429269783038144,52.401645810714164,166.25503900911048,494.7748842116557
1.3371697731951133,20.700993021248404,51.911291444103014,155.3151948297487,408.4904798569681
1.3336118380022104,21.03649061416134,49.338277234377685,143.43846739742006,414.93070297729383
1.3541422491094952,22.94396240209859,51.025985667338404,146.8934708328651,457.01454446282554
1.3177486797725928,21.71798822016618,51.7868700885681,125.87525927948256,499.5505716672836
1.3326207768578957,21.09712192509298,50.22326158447784,146.17170745428382,473.91327185637954
1.3196992499940219,19.344386976792375,47.89246891899317,177.35283881222307,484.9817308516293
1.3513479969973838,22.557149214704207,51.46045112845553,153.40765870172123,537.0859380315685
1.2908050001749556,19.252797110829523,51.58500783914802,144.2467370512252,462.436613612317
1.300529512669774,19.923046136374666,49.68012801947895,140.0065336506965,470.12074169820016
1.3415025027578042,20.983311474575476,50.55910754904565,166.44770596656147,459.17779153059604
1.3352118259351842,20.168902718307894,50.15830841130378,154.5976558332479,409.09668220231123
1.341537427955386,23.217045660736183,50.03921693338454,138.5608344698567,603.7171154767492
1.3171784155876378,20.681727221001232,48.60325428196031,141.78799979050513,563.565447476619
1.3274555649318736,22.455393336461825,49.70580471206205,136.23784980174338,451.51299340747045
1.355965069881186,22.16173987374686,53.31144735664699,149.35287699866916,499.4349364601963
1.3287861899458744,21.411099875629755,48.89014409758848,130.3141322773974,600.831551696255
1.3369479059692928,20.2301829782728,49.234666620627785,148.6847815824509,468.1591276289671
1.3255307009533297,20.669034632067426,50.011700538254104,154.8687371643551,415.2114679857991
1.324605311196457,19.710332963430755,49.63620737417815,158.49906259704434,375.77268902248954
1.326215983980152,20.519184873133657,50.48965077866908,147.23261653777362,461.6522325992326
1.3446189038585328,20.497140293030682,52.226131231559755,178.06525226866034,445.5017457084984
1.3014344600840864,21.042561027339175,49.43783221591135,132.67479716887055,518.657833510754
1.3218031451284342,21.303238243478077,48.09850381958744,134.6387058708644,416.45602283905816
1.3404498455548426,21.507448469722288,51.75043472809299,142.63089393211163,498.1007507342933
1.3238487888468913,21.184743446210362,49.60285537614808,133.32787011984988,501.9353858947634
1.3069611371802208,19.631556781860812,50.59036777927733,155.24441282539163,418.8101054156903
1.3097382149568964,19.550145204243897,49.783517901350024,152.86914679207086,368.7812290399313
1.3348491905635713,22.256992584281655,49.887603306420885,144.74793413005517,535.7319247129766
1.3112347653716194,19.570458394306137,49.549327941526236,162.26213541969662,429.8822907988001
1.3434657907819314,20.64065143150853,52.00872662115383,169.2691342807388,480.4273902567981
1.3319789000949955,21.367633154240043,54.28734643807949,140.643552607898,456.0430913227427
1.3296362840413083,21.15468747195058,49.35058082843975,145.57028436938072,529.0625167079677
1.3480540779574055,21.618257036833775,51.38525373216487,158.09906007615888,452.8157936150928
1.343299793319903,22.166340146402757,50.76390715809738,132.36552238890727,509.42559973121956
1.3340300076204457,21.898928455147882,51.7762763848953,145.83351980069207,565.7222484719078
1.312163847671111,19.625232680278863,47.77102284813386,148.94865271521743,430.61067935883386
1.3263930649352715,21.13535006095225,54.255361576196904,141.4559358887597,457.5706553398814
1.300294013203038,19.836565887262523,50.57014585274841,149.3780170001853,406.01069146360845
1.331902986284795,20.699202862381803,52.63917445359122,158.1348335566299,401.7276738750792
1.3729422809588454,22.425330301489264,50.89156126605588,129.45223568836715,457.33681231813296
1.343123642526906,21.896592054284234,51.657588232714296,144.39375892409282,527.0664142465366
1.3617744861201988,23.75594998967736,50.23585961704332,138.88209976964467,530.5259065713192
1.362272843096546,22.426161319583915,52.42594193867252,146.38851628161655,471.376970564943
1.3516300723611778,21.50142700298586,50.88584186241592,151.52076857624112,477.7395792989558
1.3512230579286122,22.805555298717508,52.058417420028604,145.20121606833945,448.4108552971712
1.302262749076355,20.637497256325638,51.049811688059314,138.5647088236127,477.0013899847312
1.3153266694652537,19.443479187166737,50.70456584216277,161.58027631615306,401.42852920800374
1.332045792380336,21.042729892329216,50.01977359677164,155.10417243134202,411.42494987947396
1.3364420060817177,20.46441960544896,50.16962792433101,172.91391858758902,455.080104290314
1.340550004926396,20.59766009000409,51.05621790256199,168.47721494170457,500.5909054835731
1.3657028787762517,23.082588490775933,49.50687506551948,151.03048348181025,491.0340296759684
1.305933196087366,20.45840931245415,50.54913423037573,134.62055514753095,442.1117114598251
1.307218862841514,19.108031781408215,48.79588212111606,157.37685061620093,480.48773535768703
1.3193277428110013,20.714467543165547,50.04689531362256,126.67152712389569,485.02849553424954
1.329190372069496,20.173381531793765,49.51315781008051,158.48393815021365,527.4637102113252
1.3536506384028368,21.4560458401366,52.32725570177923,162.59441754384207,489.0214106049324
1.354514508123836,21.34680561969982,51.48462278899127,168.18855354197544,471.5908474434548
1.3566231140317435,20.973381970207534,49.53185940005748,155.8719255144252,484.6758312486201
1.3296466959241564,20.29735168356845,49.84941718380421,166.47884274959932,439.4403639599196
1.3430242429138275,21.232687433858587,49.952468911641944,138.09894094270726,480.7238225525081
1.3311567952901453,21.02483563386004,51.21232275075256,145.1429534647131,442.5831420785396
1.3124703233232764,19.602672498855064,50.89257496673238,181.27092993922182,397.87696570005244
1.3340935338270752,21.254618787670093,50.4113945047199,136.33510181361552,458.8872877035202
1.3399890006236457,21.34049918606418,50.38131464910661,137.06810752221742,507.62151028814895
1.306869720556021,18.402816631385686,50.33990848330061,179.31992727537528,380.86816391180827
1.3482220041037318,20.807696611331416,49.74054800718812,154.49305043848852,467.9251576443983
1.2892236315970413,19.34147942300773,50.520447873129235,132.21774684309315,462.84518926768186
1.3090981518563567,19.471946741593225,49.40010174784151,170.91314395812873,360.9052878048205
1.3170136639098624,20.199872169012426,47.530205197041326,133.2583907334052,465.9522893441562
1.3622310771953356,23.671421153468657,53.40891769501694,141.588803953567,570.7513983738284
1.296739704751325,20.8250089880403,49.754199699746074,133.74272138705035,495.6230351536454
1.3078592069472748,19.604679379432678,49.158443692444756,154.52900202201602,403.37224417569325
1.3740303444577489,21.819561221959695,50.804857645153845,146.50197744492365,503.09387530397015
1.319546134977174,20.177916655810467,50.59957274097203,160.43565120924512,395.85569342793326
1.3561454907844601,21.25117090193278,51.25359424389615,145.43137487715788,458.704721692856
1.337871254172275,21.012562351121748,54.33106156997821,139.65687443553566,415.1052524289895
1.3537379620633752,23.251576505126373,52.04400624430568,138.0755022977885,541.9034542546799
1.3358690521205032,21.842563539254076,53.22489815902299,151.02059210464813,468.99082105925976
1.3132626215761352,21.026412016389937,48.218569488060986,145.61822393536428,539.5856538690509
1.3779531946608738,23.74711893524071,51.63661773703139,137.08668875406556,506.9408054902346
1.3071471434387192,18.325693987248176,49.2695712986367,182.86743796155267,350.2239617220699
1.324558642067983,20.60704534180132,51.95841434841221,168.49670448188397,496.75490574660734
1.3008021159513377,18.952452017229444,51.59528137267153,170.77349434792976,377.56270453254615
1.333838475106626,22.717087113083988,50.898780949339304,125.46599052865811,541.8324499983612
1.3295822317647208,20.556083246297383,51.7902441511382,157.8541119620803,480.282494858023
1.3533009781989869,21.999872957568865,51.343554794674375,159.49004684484504,443.20877562869305
1.3078119055821866,21.393298809790753,51.787974851293974,129.26655191231927,607.6187263044666
1.3332727082995954,21.120575442987196,52.896512946138415,144.91915634731123,397.7705060899957
1.3451011569958193,21.200321418841508,53.26308212684018,161.59055853463985,427.3794806945563
1.3319437014328854,21.30477036960089,50.416032232419084,138.66839220199756,522.5000804942329
1.3173837863277087,20.24906091844329,52.06480524345723,151.65017833025098,458.39178235807407
1.351146286498385,22.236704833183584,51.24501014714717,141.0991781020519,460.27126833365156
1.3468552440768384,22.308080713572334,49.7732222908416,135.62290871343845,482.14481570273966
1.305135987012347,19.225272354823982,48.438345011365925,157.43992339176108,390.6465906840488
1.3013798925326445,19.41600592169864,50.45317014338665,156.05959441925611,421.8849924904762
1.3382811767921914,21.36844406871534,52.3466697860049,153.34927126236025,520.7917597833283
1.3901579324862712,24.34337716116597,53.49426594562679,141.61616038918385,547.5521455881182
1.322762801210576,21.030253475886006,50.37479878571114,134.23503770402638,520.4132270737941
1.2835635690333576,19.095289565024785,47.708227419921464,147.6100408395571,484.53393439609397
1.3423833987617402,21.246230492253726,49.10372728111573,142.53484215947532,532.2587787002958
1.3436498692291161,21.672732219201585,54.2280699770392,149.447176862313,431.9046522703998
1.3364223118472403,20.608951500696627,50.530297407610014,146.69201705550543,391.4288138977582
1.373601208156804,22.357062994104044,53.614352099208176,157.84151922082793,511.33617146553036
1.2994283958993198,19.441902583426057,50.37967337551008,154.83359744607122,456.72728304731004
1.3297202992321626,20.66031597240487,49.20822810089566,146.68454860239942,486.4125842825005
1.314209493265212,20.467548456272823,49.04260748976105,147.51872165741366,421.8986162746689
1.3208075981341938,19.3153765377144,52.59174442871213,179.3512362762123,424.4524241243133
1.345702037394102,20.05144323513088,49.62414406875487,174.06160568761513,445.338348887902
1.2876197611636302,18.41147407558423,49.99631420455638,164.54706516127123,440.84439175366384
1.3767331329193384,22.99431073405354,50.99447477364579,141.16223726270636,464.91589547008823
1.3346460577407213,21.186473879170126,46.82858768595457,153.2419284854696,454.38066941012465
1.316503325347771,20.34921412370025,49.69682822295155,150.0187319359781,397.5737253416396
1.3184176872822118,20.08497142997145,49.495962821430254,161.06305919266305,382.95150555575424
1.308898899377506,20.11429424870507,49.51657983662184,151.01538078867802,523.0956558283757
1.334706569606062,20.720907379724245,50.25728044977719,154.5479892106281,453.2078970610925
1.335419187681422,20.732027337786057,50.2240682551669,142.43026901591338,510.71446847890394
1.333708553190781,20.0514528645298,48.51207684705696,173.80846337964192,444.034326239724
1.2986045853243724,19.752947869172118,50.89258779282082,163.5604750868309,408.6978057205907
1.3128783233553485,20.07202216986323,50.866052143834985,149.4963261372376,428.3967842557871
1.3542904557301858,22.34077589954174,50.806818966394175,137.7457441864466,493.19648265150374
1.3356933607633106,22.291374822107386,51.658390253711794,130.06571029805883,531.8101889284628
1.32757777794733,21.51190983558284,50.47990793351845,141.84563185846318,482.3821576786856
1.3448296942478488,21.319752198924277,50.62176020149906,156.93105150333523,478.20465602810407
1.2883088825706346,20.5782350030059,48.83316247396092,123.44269841957086,629.2401736706903
1.3032312197238585,19.957383301240593,52.00970103805226,137.3714401953481,531.3699632767889
1.3485100175621225,20.524421109447864,49.277482351562675,175.56624730180843,443.0901384462717
1.3535449996777316,21.438136677759296,53.269313977714155,171.6209728431316,431.399148310493
1.346848059608476,21.317812223835354,55.06422451179343,172.2942023492991,488.2026792541068
1.3265400497753275,20.941394033630374,51.790798687027724,140.07504642869486,557.6580602500445
1.3032196942641,20.09051774300268,47.775754957209514,149.3976883373887,428.37063190991074
1.330871369400075,20.3812290617148,51.41775389242928,176.32841710666852,421.1945260608364
1.3411734431465694,23.339905396935173,52.62748560919131,133.44036409329692,519.3016903685171
1.3400178992955385,21.698934402481783,51.38276813541722,142.07521938833685,605.5599239030009
1.3494167488226407,22.381506273801172,51.57440570277396,130.3370577561847,543.0723437818618
1.2876227888519756,19.842337779631528,51.163914652502925,140.9681387676034,480.93776137312256
1.3128403929893984,20.87490115911239,49.33251383790817,136.00603317162742,410.21744503126604
1.3342864723694703,21.06155712766366,52.338980085782005,155.85473985623435,509.13185996026056
1.3055110143563502,20.702293715664403,48.77255628037377,132.5131465122455,541.1403065587514
1.3252054757772334,19.60969288148378,50.48016191399485,166.53523405173303,470.77761822309367
1.3484608882004945,20.85364367582884,48.71414521381816,157.07005069207787,393.5490210642197
1.3206775612798414,19.201646231147155,51.840666321474394,159.95849489277455,283.01686612218873
1.3125492733521278,18.983671811405795,50.213004716495696,173.69806647499544,450.3026685610044
1.3255836215047847,20.181341168834216,52.276692130211835,168.3044364118827,375.37668629257524
1.3796984977296032,23.601066258623533,49.07903701747847,142.09084514981066,500.57267669905156
1.3247592419600038,20.99078253127158,51.32582640479558,153.4814451970248,488.12015869378627
1.3231502113780698,20.139731418580674,48.46055418409918,153.08251409337691,447.55382894232054
1.369866351183508,22.41746388453275,51.647308875339135,162.7493512807166,514.0845106564608
1.3154648163203249,21.050580990357588,52.67670202136714,142.3068297493764,493.53265422304924
1.3394369930957757,20.578616050566183,49.568057703386614,160.06314982248242,512.9060747921897
1.3205557354348927,20.079276462309544,50.75614726046419,148.09405318790368,465.1570568310713
1.3705597579107929,24.21444701209229,51.320306642204315,127.91737284750373,524.4526620667498
1.3440770694416269,20.928573907276274,49.32739441309077,161.69454120292068,404.719516151241
1.3029652793012523,20.7386501083296,49.168793721128644,128.75449338709603,498.9327850908681
1.3308072274592346,21.56171962090201,51.140072882470506,129.70147191613864,494.2299701355768
1.3209967492514116,21.715547558117564,49.23201331171912,132.05991720758246,572.5775930069939
1.327836581348233,20.65545814667879,49.82821942760936,138.33862531964496,428.208166711616
1.3842867324148411,24.542022881399472,52.765495162834405,133.65356967515982,499.14197659574114
1.3243360103538684,20.70243951563406,49.200496825438634,147.5619003736614,435.1038331764041
1.3490503338204327,21.772144578923026,49.040066855787444,147.3393102344425,512.1800199509269
1.3622776624687254,21.63171453652295,50.33054351503936,167.16421014872384,443.48443988162705
1.314382587956675,18.869561364526216,48.6850332404241,175.93379366469566,409.7163193590809
1.340805872409705,21.35614972654776,51.096191138557685,138.37657587443607,445.79802781808223
1.3194832182603264,20.58742135246977,50.573135911648066,147.32484408229234,492.36674607870407
1.3262924130194929,21.187653989561248,51.595183261012245,147.2571815548766,512.123406524551
1.3338121997706553,22.52540062574016,50.01349740805281,134.3297613085375,559.916931840771
1.3585719918178278,22.49228878696215,50.573876513368525,134.73608571809,494.5284363995356
1.3282187809629908,21.857353916207956,50.39094004418386,134.55344886466267,509.2169460161317
1.3388327317027824,20.881446732928747,47.40776029674967,150.60642733881807,401.8780637432287
1.3362463327294414,21.615031691769683,52.96427801892567,146.10219076508005,501.46548979420794
1.3343076588747182,21.45952685112411,53.489980296636496,157.65461723268854,410.9334007894205
1.3473479771628079,20.865790126410232,50.26552271724446,174.09143783816643,437.572219335858
1.31302788334441,20.113430764776936,49.77250749555339,148.6715687854077,459.95447358614274
1.3469054643773055,20.755951634112865,48.61380645543793,151.45401192888048,484.4791604491897
1.3272464905788879,19.712154538758032,51.896636707018,164.0689438419492,458.0602480528328
1.3543350019447684,21.2674316504834,48.279063130549844,144.2645432837153,435.512108331084
1.3271480536423903,20.572275027794625,49.289591135646496,156.63707926482533,526.4509684168634
1.3392081157048845,21.72582311426271,50.44741834559266,143.80113070969097,529.8892466625755
1.3466892888773123,20.4758971357705,52.14865870166807,165.05238222988686,401.1601204533362
1.3003260793439675,19.383349595490223,51.91427907357271,166.81306468844258,327.55433603678335
1.3348030880989774,21.08660465776583,51.72400798440164,146.02707853843964,529.3481431820956
1.3689775252622707,23.057382906202296,52.82839215223118,151.5230663908852,513.4931277625176
1.3234213796356862,20.11940322346853,51.826048840345244,154.86576935557196,439.66131540522827
1.3393866316716156,20.328438435930032,52.59365760499841,159.588406767188,484.68182460657977
1.3788963501761384,23.377652591007738,50.89588713249988,138.40512069091042,461.96901550368153
1.321604957992315,20.856004278319084,49.46068383698526,147.9246100697172,551.1977330356865
1.3016485988314985,18.67617693716875,53.69995540568608,171.53359178140067,506.76071675708846
1.331834825410394,21.7548929269086,49.49957460864809,134.54949713563568,483.22314224497023
1.320246296555635,20.359751596850472,50.63009011715647,151.49339967224068,430.7901627891162
1.304536711493903,19.374932627864936,51.886033651902885,160.41983201151652,538.0704084562531
1.3339751316764752,20.988365986171896,51.82969149290458,158.28954293843833,457.91707062057895
1.3796808354938053,24.60941681210508,51.09609511061005,140.72113483405573,580.4395946826056
1.332408461494178,19.21343653024436,48.12510698711614,158.01433034612032,394.16501812227364
1.3357920431643737,21.171796673805872,51.244999477967276,156.85933484842266,491.3298608246387
1.3262968010174019,19.1840145783838,47.644959584972355,171.07222283500244,419.58868304676946
1.341835681613547,20.53587275619114,48.92861777984552,144.29842350558417,472.72928732857275
1.340608678836096,20.18560787479707,52.35009685458242,170.1686700245098,469.95327567655977
1.3471913340994983,21.136643622540234,49.58728481502508,160.33595201826924,464.56956358972985
1.3485570706256103,21.619028451149603,48.97491437531163,139.31004196351398,545.0000774130522
1.3305502520745214,19.059071206053208,53.80460626491229,193.16326870301128,354.80519329763234
1.2927535458056008,18.0525901418961,49.71388287786708,172.49200759020607,358.8423737297861
1.3181498611517453,20.013755426319143,50.28040447960769,162.90441604271746,514.868044717919
1.3386020477453535,20.96837458547476,49.78507550398453,152.22653453689995,515.5268824030868
1.3386674569671182,21.430831294325635,49.562013557769234,149.19173122348232,445.9542661709055
1.320749527385491,20.158535543498154,49.2412720512287,152.5578323837101,479.2550708604549
1.3194374474500379,19.53615600781458,50.66947723374053,157.5765380171879,428.34858547326985
1.3063902514795518,18.695654254559877,50.44436850514769,173.1418241359143,408.7575054964519
1.3210866706033269,20.89347401944613,51.35761957167615,140.9151442647583,460.32106148107096
1.3161011358700692,21.3649092276708,51.53891020714109,149.09283538234936,473.0733111844776
1.3459101416385257,21.352425061990722,50.65334892324096,139.99407997252544,397.96355480728465
1.2980470569528386,19.164091924368297,47.95558007818316,156.40587396520672,404.2559379325108
1.3255800178993766,20.944461502950805,50.71511947002244,128.12658719545522,489.447988489799
1.327626899832874,18.998361400780325,49.54621100105256,176.95179094265097,397.59563430235136
1.3506492560312058,22.83941579209233,52.307282691382,151.55113352845913,533.1635559729054
1.3178499981530694,18.970122459536725,44.671524295425264,161.26860325066423,396.09178461517524
1.330494587722109,21.154156375414928,52.23990160605392,139.858726809766,482.888781315386
1.3152434719064963,20.149299998622325,49.17845482199792,155.00718373633995,492.73994714894246
1.3231651078763491,21.014282299504167,50.75118953592223,137.55479405518278,418.473259529888
1.3499090517143348,21.20401938361079,53.18741804379177,169.14726920564232,430.9229424587008
1.326363121758629,20.727100983806647,51.73085469263209,156.8482410934074,439.33968207111405
1.3294804203441704,20.503273664037422,52.40325266958423,175.29045842546822,501.6272763946867
1.3927642474658106,23.95631769213378,52.26139422342795,132.52945084717962,550.131204359545
1.3183480571696573,20.506289802955042,51.372428842977655,157.28548770653785,481.4339773074922
1.3550305217075518,20.983897758554004,52.42138365727858,175.56793820078695,466.18618997898983
1.3205504971385746,21.722262680948376,50.008469596031006,130.9769626442966,450.02963380295773
1.3351903801679743,19.555914035993275,50.4672049154095,154.62009512044926,341.95317997112477
1.3243570071531732,19.09264138838637,47.48485230396384,172.40132051758195,370.7233738986665
1.3185414094944674,20.87377732714048,48.33349771932225,135.09317536195906,488.2238477367206
1.3394584220737102,20.79065365069478,51.135275900392756,165.85258982378002,511.8625092630413
1.3326638551701409,20.284313926833644,52.62812473186247,167.59366260305939,485.39616038408076
1.2929298262789843,19.212855373029264,51.22434454866216,148.76093610157943,502.879041048307
1.3321818304739685,22.300508537100797,52.497831816562375,156.11143407319528,546.1126198334828
1.3483912537335885,23.26301059945807,49.30537943254516,133.88374221566875,581.6687693350025
1.3321629676807145,20.89688833404476,52.26843469955157,156.7683491676982,462.54141339755176
1.3383066956360752,20.772301194187207,48.983300435286594,163.22330694233543,396.2835730786815
1.3260698859621942,20.899663416157424,51.11365304731581,156.48332688134568,412.8035650657864
1.3260684004701009,20.841660767823214,48.52055980122011,153.7963566066676,467.164433830228
1.3310280090376205,20.842147943616993,50.16802515363952,141.28443665169863,523.4293364323593
1.3300248987856162,21.068432601039845,48.829272957919336,149.30111216851216,466.02434949134255
1.328578261526018,21.070092597177982,48.39072195704664,146.36213893355924,418.24102061245054
1.351069452798718,22.954894301321566,53.25683329796508,145.004157272689,487.2852647868103
1.3332133959880963,21.059430371079753,52.08570180839522,149.1987870181702,423.08261864121897
1.3323824852753015,21.413842958855923,51.21279005137696,142.32890854296616,471.1607213141808
1.3053012314984915,19.933621673797916,49.047962025974435,147.69829992998706,425.41520396117767
1.3114358924268796,20.132789530638576,50.092752432765664,149.3399961255369,363.8587170211404
1.322336390698587,21.152976477454253,50.5741326511092,143.74917768211563,519.6342359244288
1.3763700041286846,24.420666071546986,52.64045267214936,131.9651024625995,574.2540764241227
1.3351884306034203,21.753323188834408,51.51266600719658,142.46120366189052,508.70108303136624
1.2994974385978688,20.154449641786105,51.43947283854789,153.3933792677028,471.2271287951269
1.3301024913322945,19.96597835429309,53.4110471669514,162.09024725693075,436.10964529988235
1.357747626980506,21.222107453077466,51.24469648496466,173.60902781364973,447.621037613717
1.3337492891963807,20.068365175956032,49.1444918397529,168.14630863776642,366.47034739005744
1.336484510901624,22.17362511912031,52.9394399074424,143.74413992565718,517.1706920303682
1.3192578947509803,19.016222411829663,50.921532580680086,179.430747287727,394.68181416657706
1.3367555640340152,21.87507612819995,51.09577502407772,143.38341970263,610.2801238849052
1.3362524846892383,19.602001685104213,50.37627566749013,179.97381504464016,459.2057862349419
1.337368966200227,20.949969589559366,50.69778544156231,153.75653469736568,422.5025271387947
1.3165258802679856,20.05004414773956,53.41651582559493,149.94512985605633,345.94014716272164
1.3347414812283531,21.017252099580404,51.36665961983799,152.80963609491283,387.606472903
1.3300655849953544,20.511134885385655,50.26527521567263,156.98221134846216,541.5721161022002
1.3345638496643524,21.45965036488634,53.430165736651624,150.90317390203,489.44239993975765
1.3502461441284688,22.46300769475269,49.28674151766356,142.66576772179567,553.7150500252804
1.3232400197235021,19.076812135690115,47.993532395050366,172.81975485593944,370.34984481675417
1.3220243397353348,21.400863198909057,49.96620971195515,140.80651259344887,546.771667549994
1.322010393492494,20.472503119544577,50.25312096120813,147.00509401480173,462.10325704362174
1.3502553205890573,22.720611151895945,50.629289780329785,148.9534337365728,505.20185932146484
1.3288430635462942,21.63247607480718,50.03289163198544,128.93675977017614,504.20956850740464
1.317812035637239,21.764711955989988,51.20544975894466,121.60213789409521,560.3379883334185
1.355113349652742,22.94516739308628,51.882401887452446,129.6591770565046,477.0474648772711
1.3435688892108046,21.160713280712784,50.08530871140356,156.343883132557,470.7963332026381
1.3878331499921694,22.36842802005502,53.37781094968632,146.22477749987735,416.09256452992776
1.3513477726606824,23.457001573138086,53.19537732833478,125.79623901052337,550.558151823527
1.359998451447949,22.270819395255657,51.07111724614885,150.5458888923184,472.2540209036644
1.3102121801051658,20.804837285481312,49.63218120095586,124.99626843523642,468.16232642582787
1.2891590799460997,18.847295654065952,46.82881276972388,161.28196050157084,390.21584094124063
1.3189305337655521,19.37826269960084,50.93061952287403,165.42017086755152,425.47061150477475
1.306116105633483,20.586941119100167,48.21974721645077,135.83017801931922,469.2834051528502
1.3251838027108533,20.91382023952573,50.71618444174692,156.51964852416376,487.1960861607575
1.3634990284052422,22.150164232734355,48.799992092024,138.95708506441062,480.3680153023546
1.3165468449647504,19.22483863388939,47.76965689437664,149.89219919128334,369.9176851072778
1.322821564691655,20.642049273700948,51.802027779167,151.34797161618906,430.57495054080425
1.3417586825730714,21.48260911656891,51.81261903813073,155.22188982855886,494.10007700827884
1.3179891766854765,18.932823461507585,52.82302791255956,178.41084295916724,294.7182707266079
1.331001683996916,20.497025191276848,52.0438079202444,159.7585799568796,418.49912169169016
1.3660454896085796,23.037976892195132,49.88173277236191,137.8710947749144,538.7326710175498
1.3287116033908464,18.896006203831156,49.40320552638753,178.6552250364306,463.46066322987537
1.3171053156084223,20.789162944005035,49.855281067869136,141.3343914401231,399.16472174629575
1.3487732929101486,21.201726918739205,48.565407856436096,148.92003547999244,457.727056141221
1.3299751524796215,21.22096313893095,54.053851863498195,158.7080210870784,459.9206949278091
1.3547244315310851,22.580272969183767,48.870031191672126,136.73705875298612,548.0817268765429
1.2952883984993913,18.951595344807057,49.63848387604238,153.3506949287983,471.7848596118438
1.319404358965404,20.72132927801985,50.108167118690815,150.5066097746294,567.4377397051479
1.3352893135984945,22.11588896054156,51.18066537519316,145.15879850365044,632.9103594120951
1.2985278807311387,20.24028612939177,51.39503181597474,145.89350706908132,513.9732204963314
1.3573545247905816,23.220170618521184,48.42886534213603,129.51510778199366,552.0386123196503
1.3516351603868508,22.570659262126867,51.36050420458702,128.23891475317473,546.6217954541215
1.3024816072709227,18.847062996135733,50.1103225421132,160.51369015871308,464.3619536600113
1.320510478660696,19.582412558523277,50.37627143184401,157.3527227242585,409.6382027133934
1.3468867977938905,21.348289559809224,52.155446589690136,168.39321206662737,404.79120716051733
1.3466196956123626,22.976108391077886,49.9555696061201,131.39694734067075,513.3142153727468
1.337167452452566,20.99969167983755,51.60839834241574,147.16641480745383,420.4817829052497
1.334811889769486,20.401334560660402,51.05153809035508,172.24303580120747,499.98174682936593
1.3493036374071805,20.98880087532125,47.67259956915672,160.39523458162031,481.1834093700927
1.3223892043469625,20.53354545458784,49.43886045171487,132.3772678272292,384.67955120008
1.3295540672979327,21.08700356186494,49.281368654267716,160.83105695397518,509.0845459651165
1.342339607263639,21.76817687458101,50.87978737057322,141.79565828853174,534.0261675310561
1.3327363078990713,20.160292766570482,49.84878769590165,159.00813706275733,449.6044692652571
1.3174553393366832,20.257100164122406,51.06748098271699,143.2711082730026,363.1566825111155
1.324634429061843,20.123982940035127,49.179913730954716,155.19217205055043,429.407323296203
1.3346148313232162,20.605158405742642,50.31820779348612,146.59575995229358,439.4847542793464
1.3674130547711187,23.65311078242379,50.87640478400085,123.51778007185867,590.0135534024707
1.3200712885836956,20.30092238895522,48.53794129994314,141.7458300843937,444.23657684025136
1.351698391150009,22.489050348916315,51.07067551627257,138.20504588709508,458.45840407429995
1.337303816245731,20.256619427268713,48.97330571046814,153.81920354963572,424.69542235360575
1.35560156448836,23.174791137626286,51.945867265862745,147.59522463421567,509.3812714446046
1.329088223482191,20.16463486869536,52.410033735713455,162.4536023882484,388.28765037183314
1.3793029062152344,22.83283728533933,50.52225131028979,146.0475244545538,491.6685527447107
1.3202534156139318,19.46559248341429,52.333283123615466,155.7238219871573,490.7770589209958
1.3219361846266207,20.493385003739093,50.681191958064225,154.2185081261322,434.1927417927872
1.3916090922341686,22.213823945838843,52.10212484601152,168.59854867357265,460.67092758139
1.2857203063752247,18.567851701343713,51.60308886036727,167.29214316859202,394.006152097144
1.351893150042779,22.83725764400623,52.81157599108656,126.0311831665996,496.39207616134456
1.325140177456926,20.286845022951965,49.22796523669408,156.18223831102623,495.0206850032586
1.3280963187589583,20.445110587822796,48.67784407178528,141.93649693678378,441.3212783204901
1.3099151223270127,20.278615876440526,52.6883322623127,152.2828795959597,497.3004651186656
1.3349629879179705,21.080460612653162,51.68773456682275,152.32759286868838,400.12031610230184
1.292106036375825,19.243854943324962,48.949544668153614,138.62782815475288,410.86671773472114
1.3242175172105606,21.0148827663052,52.942026315029885,154.88313785077358,429.0172473119931
1.3803041724335823,23.382391511291736,51.6292840373499,152.40761532007485,578.7423854002578
1.342404379079337,20.82882481341991,50.107424404171525,159.9705552997126,404.29637828443026
1.3076202482531143,21.274378812458746,50.41046609624877,129.6367607758959,575.6148052049986
1.3450717162655366,21.67440836241924,52.11926379103906,154.16859083483172,438.84520008556166
1.3035359587914892,19.46135831681742,51.66663671309594,158.98144887843222,388.87768578770726
1.3820143995949028,23.76467597724634,54.02686537495304,129.77713938889246,586.4380551335408
1.292356291172784,20.130240135005906,50.16701998597706,147.594338817128,541.0346512671211
1.3508604655647696,20.000401063828235,51.02156188281907,175.0481772265753,391.9412193512753
1.3615852315877945,22.20303260845512,51.79826342646504,149.46410870046293,432.29802754488435
1.3296342872698514,20.460848558394694,51.49571640973002,154.57536202555946,518.4172510956109
1.3434743201639778,20.738744134642502,53.55637051717624,175.73666774875448,437.585089933878
1.3247423866050427,21.9130763156583,50.027876567582624,140.4404184535999,483.5689778388775
1.3633633068689108,23.394924578453356,53.31044984618647,129.70066675690128,555.6142456083933
1.3187567576639494,21.979680192934257,47.84563359137392,128.43735787944968,491.1946922827715
1.3195162431594034,21.049641172854667,49.44664254568224,144.9063334087263,593.3408773004174
1.3516898601164156,21.947056258984276,52.64624051589512,149.68986536676277,518.5041932039742
1.3141953184799808,18.405847769872715,47.15287301250972,160.36606563966498,375.4035904034971
1.3061794784179053,19.952161232057826,51.93368675449718,143.4653029979147,393.37362360695784
1.3641192242734408,21.620244845332213,49.893755287899836,159.78867968421213,427.48885316347537
1.3285830992668528,19.99091634312685,51.16497305024685,149.90968772133388,455.749230458573
1.318195285968632,19.76598731570926,53.73254205600087,168.9590446497993,463.78334212327394
1.3590872129871325,22.561151472499795,52.736995890792265,148.51787975361214,476.0296513606007
1.3254067266344023,20.41223619539319,49.2697760826986,145.83407394439735,545.1723410554002
1.317356125161139,20.259347258494667,55.45812760472831,159.53418421799913,475.9664013571634
1.3320373317084022,20.279267294829566,48.02901923501604,145.35909340988334,497.02439481272285
1.3275020472957944,20.04030579363275,49.271629524138675,162.79575399862216,519.7223580247498
1.3180638867398367,20.65291552467032,49.59886349339799,122.25794363974252,420.5605450918184
1.315844365718846,20.271757712135425,50.91037125281303,141.79667053114534,424.665117514269
1.3342162902043155,19.071488557975485,49.63814672280217,171.73243521652148,399.40942572120707
1.3392741220378306,21.5397877561729,50.12736132270396,136.87550207417019,487.93817029998144
1.3380151681972552,19.959058469492696,45.13235476436217,154.58065961368555,426.58744887972625
1.350017312634269,19.881689613485012,49.40869211668964,169.9462018126614,436.12925449363604
1.3636100105903681,24.677653009638632,53.84277232323868,127.59404139016496,536.0783182051556
1.342972384360938,21.585345425029637,50.007667215128414,132.2595102710321,473.0440477654113
1.3441820716911195,20.475603645374402,49.11462688489881,164.20313147405608,446.2854728795444
1.3465037052429538,21.036714031943976,50.49160574128744,162.79055804282217,486.9511134700957
1.3513135999457364,22.84150311107064,48.97819271457635,135.38769095557572,450.4746598848828
1.3018888307479315,20.408937089712953,51.88714045109227,142.81068405402357,462.0258927367773
1.3119869419925463,20.864672499798157,47.75309782609152,137.76110700295823,500.31233514627445
1.3222935413354626,21.150781830117765,49.133660228091216,137.21545300556724,551.8832331566858
1.3319881482696923,21.318456736014525,50.08014635283576,136.57445103235958,427.0975870946668
1.3315680876911966,21.820282405573018,50.74125700965646,142.64887949034684,574.9756457681458
1.3346099997156935,20.67403646228904,50.50855378594653,146.30953903995803,472.77067617528405
1.3143224269106213,18.950640728212814,47.575494923401884,167.6859426774464,465.07206597349756
1.331036379010382,21.869977985376394,51.257260020743,145.38624287040815,453.1090729224432
1.33039613822531,20.757079140492323,50.02336303388703,140.56322718547875,422.9286960045788
1.322384785427973,19.404835367121816,48.422174521949245,159.89383163985295,389.816881290247
1.3078140740075672,19.63575150613067,50.562422077716164,167.4489927603371,398.82519524226814
1.3175222578275987,21.242799587782443,50.99999765320834,136.79396276789547,434.3364088212523
1.3279942810854983,20.278281371384953,48.69580205254474,165.80076702760783,444.26525707769923
1.3024164657164305,18.097068150850284,50.37760102522226,175.67110513205736,434.61965800547716
1.31699634721378,20.98423667360064,50.0128742650322,129.38423520132528,469.63062119774094
1.3380275203394474,20.50626057809412,51.242069822921096,143.1733253792021,421.02197917712493
1.3695263738184034,23.560899705293156,50.688192148668946,142.04359378559488,466.2912537407952
1.3208468055615437,21.717479114048338,48.73095208192308,130.59983694280902,523.6708873130797
1.328322008281419,19.75647455694658,50.06450566128672,161.69214560333543,412.9578450581144
1.319984578604718,20.771873496827354,52.515928143006775,141.81365103917253,431.2760582558558
1.2654982902067684,18.62321523313235,48.1336692559985,142.26425252568527,428.08875463604835
1.3351347847872772,20.40308058068303,49.84516866393476,151.65926088574366,408.76317552890265
1.3363712701234416,21.013236015812144,52.655926515245575,165.92774765085085,479.0359557499823
1.3615769051581093,24.22601797312838,54.20295774658485,141.3209369671046,497.077767296626
1.3292111750941629,21.988221743858762,52.70985422881561,125.64569351536906,470.4160846544967
1.3042557424531025,19.948728861346794,51.13832309228568,156.50943587749717,458.7492122953974
1.320418024380589,21.327432240641144,49.42676052630524,125.38663779961519,490.8429054468484
1.352318424680586,21.27570938532228,51.67645086019683,147.5533981114959,397.27801314297034
1.3592120180693716,22.384135846146812,50.408267869471146,143.43240831400902,449.25933772164746
1.3370612911937962,20.263646388215165,50.55617510898985,158.87225634845993,372.2594444396534
1.362870424849099,21.76480311661608,51.462896066451755,149.64292593402604,486.24415395033566
1.3306400157223155,21.179289776939466,52.8505628563226,141.14733290171156,478.83757862680494
1.328650762055351,20.686414725601814,49.23335490020882,136.77530085025498,471.3793038407696
1.3249664256444889,20.771382483816094,52.9141575944858,164.482802406642,477.2438585631161
1.3543109223935312,22.541014839638333,50.96630754767239,149.77498964414394,475.5607635976241
1.3185567730114567,19.87834224614439,48.55177816089846,157.07814423926888,449.2227421133655
1.3791958365764798,23.666028126557237,52.058971742955094,139.44235380831,500.1973484468163
1.3299009359511695,20.908861013539024,50.33631874923193,150.58362464907816,461.2917533652231
1.3327982143831156,20.392733917863545,47.869142311166,165.16378561869936,560.900455719542
1.3635034764133322,22.649304330933955,53.60571550576478,154.69284841242572,461.07236025117385
1.3398801361808015,21.48451076460814,50.25376332897149,142.4701234650709,447.71156473950674
1.3341181688577135,19.85499117037866,52.07683233954474,167.00006519429485,338.6438529808822
1.3548890916749805,21.904967276576762,51.80712079220312,161.03650066224955,515.1249319686184
1.3313655797949875,20.76753309907571,50.83996236766525,155.0047387669909,465.82740780052126
1.3469287986564695,21.348854307207816,52.30606140986555,147.88561858131436,433.8018651442477
1.317791008495677,19.746723078223077,49.88047377567461,161.69019371367625,459.9597364050735
1.3296277978248372,21.01767893657803,51.39869083489899,132.01845479115488,532.0984621273637
1.33243788389917,22.01267725478001,50.77087523552366,134.22476103471706,601.2496168303786
1.3241074362722454,19.05801786245589,48.32415058486709,166.48190742736185,386.5059555755809
1.3551281230226646,23.006357887918913,50.63093740561762,139.70807400855972,539.365749694401
1.338334833457671,20.038424600282468,51.11174319149325,170.60594648236534,429.97971244225704
1.3325160420931843,19.802378295235247,50.63653120976159,169.27221844329893,420.01680995981565
1.333297082546156,20.597213438529486,50.645725461502714,163.37765723531592,520.6198247274097
1.2858844403026657,19.494789812217885,49.78918740914743,146.12801500665515,508.80818144990894
1.315337639519114,20.464990115483957,51.203998765828516,131.70989294010906,438.265561281422
1.3020106704145618,19.23389282574707,51.34230662230919,159.3650157416436,475.48652640148885
1.3167418039351173,20.206576663296005,51.38911973885449,168.76023169652524,452.92380705178545
1.291827613042235,19.266743013767304,48.18382224817745,157.28736001991547,425.3880496205432
1.3218625489601157,20.764277298705693,51.98500483145843,147.51782229155086,443.0871067516395
1.3463189352825933,22.692352070206084,52.39957865780277,126.75639200533573,555.1073602143606
1.3336379576810276,20.905632793544978,51.34809300635502,152.5600611094361,486.96755232875086
1.334229907856939,21.6009474318141,50.75252765413961,150.615678595974,571.0450497386001
1.3613933015120776,21.644608377285905,52.651220895696554,148.8882902157276,487.1073834002757
1.303574989390477,19.264449853163175,48.29100390987118,163.40396197560696,428.87006791474414
1.3425921441261113,22.679401025722782,52.42429890874161,131.8901845861687,562.9355542819742
1.320836671392237,20.258198345719713,48.85744439372498,139.78938154643728,442.7569623433208
1.3383098219747014,21.096564613168994,51.199696996657394,148.77495084600852,430.33653479067164
1.32560284123557,19.202161453093623,48.73852541089708,160.38296377312466,505.4513330929732
1.3648699234633048,23.027499206594996,50.45702244446129,148.49726754354595,534.8338138827103
1.3575382709432469,22.871425884232423,53.599129513962964,146.47296808195048,470.8866628726584
1.3115141688620413,20.640444382479064,49.453070201579784,144.9574202178519,495.13460839358055
1.3365664905962555,21.346700568230656,51.60518579309779,154.18249259720582,397.54443962690465
1.3594045333029898,21.224196984699724,51.53158014682758,168.59486377811015,438.96788706893847
1.3225586302781822,19.788714612512614,50.18742890596122,165.14593726879826,462.43074501547505
1.3507741928321095,22.399675408393534,52.23084002630324,149.2540953891377,462.2434216112832
1.3686798450758209,22.052790864002144,50.291195013019184,137.34843824207456,446.8710563926125
1.3189681783246916,19.55179198817842,51.357310200704376,164.9701792050512,355.6014785203883
1.3461278047231728,21.111216909982268,48.81731684095234,140.56294472270346,436.9959305872653
1.3848762405022,23.176453879889635,52.28064178356829,154.3449569450339,461.43504657367066
1.3455987588575442,20.427050455893504,51.33027292104365,160.3658134176716,501.4161082792442
1.359446893880822,23.314359994119684,56.48208384163481,139.96744138341649,564.3201013334223
1.3663214617297954,23.215841006088105,52.53915023116367,135.34318772915938,424.2214571386818
1.3820340116817131,24.27699010927183,52.33182318093777,131.86506965894154,564.7863174748769
1.3279867499937301,20.128648637553745,52.16147333264031,163.29019650214593,442.6085428928432
1.3087311177993235,19.902154300142012,49.30514269254848,146.62415044681723,428.96305953297855
1.324638377396827,21.010255188352033,49.360199130904505,139.48757494993973,463.5760069244782
1.3571512435817255,21.715363272444378,51.189934756184556,141.3402869619692,460.08511076269565
1.336691951197806,22.50778361254524,51.687201299019875,137.6604487222539,562.5528674112027
1.363532159365347,23.12445543173474,51.349996191278606,139.44097718032958,569.2637398130595
1.3015262008763453,18.892615623721916,46.39390772873769,155.28488220423887,353.5331770262489
1.3016625494785699,19.109257382284195,49.3218037621283,159.88990182918695,454.98470521581964
1.3060895176244525,19.0788204579079,49.749281529685334,158.45390120380014,425.0784640620371
1.312084285631057,19.41006918598751,52.25726542923236,160.53893438882827,417.5278305665604
1.3233899525465644,20.876289738571046,51.57622534372117,147.00175075601229,481.7619394389077
1.3331839224903517,20.379596994877012,49.16770170860848,152.26027885506036,484.1201051029533
1.3161867144104051,21.029387991982254,51.226644768888455,129.63339638451907,460.80561368297555
1.346750746882988,20.739076863616795,50.82197147362397,166.88381346962188,494.2135383684191
1.348899369405489,20.52403960051809,51.63099056294532,158.38865149191247,435.8245802707786
1.33804459591264,20.674199149059945,51.203783254639774,156.08561844996095,476.5479106258625
1.3262429449238373,20.949518324359303,49.89348009040489,151.42465244011453,469.50911976361317
1.3475806293027441,21.772567885136645,48.92097749838579,148.86519588290298,533.4369375487105
1.334957430879018,20.58267996421228,51.278977125018606,153.39110268326462,568.6337345989856
1.3498744611839582,22.26310883338876,51.25018450894626,134.24036695599332,464.54360145782647
1.3468473189479238,20.98141052525701,50.17760750459456,153.01304696986853,417.92432298942884
1.3573475580552612,22.95993788172257,51.210353250138695,149.46470781824266,509.2892094747751
1.3522918994008921,23.14799482540799,50.768713308574206,124.02058575993244,511.22814502319363
1.3083434426281135,18.860157540337035,50.697734214717336,169.783384026887,487.75404444710773
1.3221110407994054,19.866065589486375,50.80485980286746,180.77500410040022,451.8094308277785
1.3430626631370002,20.679097816667877,48.48890802283524,170.3192815314076,438.1604376274428
1.2936768921448376,20.16187342697501,49.352191434375406,129.6803492128348,431.5540937931887
1.3495383050383651,23.226391468099777,47.34754294194163,122.22822253996858,522.4700924399334
1.3406872391176419,20.910900181958098,49.739890913518444,156.31877106535927,385.2400824078015
1.3320145317138197,22.07981295456768,51.63269277251968,149.66885972935336,496.9354338979847
1.340076650966402,20.075462259941304,50.5298663281869,171.27607436076505,345.86327474730234
1.3844842268915896,24.41797127674313,53.30921398793262,145.7975475826663,591.3843682385047
1.3141832771681243,19.889686714978385,47.84912778801101,166.13360274304824,493.68213122109273
1.3153622714315825,19.749844597702158,50.1843215658829,147.13630568376783,467.63930292670864
1.3725157867070434,24.628736529044023,53.204599239788216,130.83072063779758,581.7646275583512
1.340128256488993,22.347164855707902,52.053396240884155,143.95131680290598,530.6866185438299
1.350267705363767,22.388163698073427,50.80564944605782,143.7259256100496,459.1437806059455
1.3317199574362604,20.309692546193844,48.921533962667674,160.74528170122787,484.7666081837809
1.3290614436596864,20.63507118733617,47.81804019041571,169.01101940551337,487.5284723459977
1.3495819597270813,23.374969783452727,50.35710395393849,137.7872631879355,590.9146724255243
1.309496195962067,19.986283658050674,51.80813812167619,157.15089616240945,428.95139951804003
1.2969607186912802,19.869683334866888,48.56215185746551,151.0480696265928,555.5352915265723
1.3478348470941548,20.29251162420469,51.62955921273704,166.24989417575858,391.1315555206386
1.3597249532960467,21.899419277717406,53.80965874606994,129.97428213080082,384.89721888112854
1.3004242229269907,19.36414805349047,48.62008692762563,160.80657300297435,443.32130461888016
1.3044106849477148,19.103346318127322,48.648533354678406,144.9277945143664,415.55868016578563
1.3566886731413188,23.177657548736267,52.63956851278754,146.5773769027599,553.1244645842452
1.3669508590623203,22.593119963052622,53.33610461976773,138.78233081768335,449.0899873692565
1.320038220926455,18.950815452015778,50.879753207489415,168.91337104038945,431.4770617661098
1.3122865754087607,18.15350562075866,49.43546420959962,172.06639008290202,404.0705007868035
1.3191287441542092,20.17513964555763,51.19170369896924,169.4623171287405,496.2987976797091
1.327487569818763,20.55851306442004,46.67631775321889,140.30304453693293,440.6559140135586
1.3301918787934535,21.682334838860154,50.82324128231568,142.48132469584027,534.9915108366141
1.307927118958057,19.339495673262082,50.11824652480725,140.6993051856918,499.629176596009
1.3569716553192046,22.187758001715093,52.02410860176468,159.67838665149287,502.05944404081544
1.3208985983867245,22.632453916811574,49.46441502360452,124.87043776684749,616.8862463531843
1.3398707978119835,20.519931963399426,52.278039253086185,164.62287869353838,363.41613762801313
1.3450254560335546,21.33603141021654,52.62332730595116,154.80304674595303,438.862300558784
1.339108905620706,20.87914988228789,51.477708413611516,164.85483804716404,400.4422979397245
1.3799990467372223,24.25063789828926,50.65608070556725,130.72687138516426,649.4954856866891
1.315414437864676,21.278199422354025,52.36483435547001,135.4932532986641,546.7514385154743
1.3135424883516835,19.66430256278576,51.18875261347526,155.6309602161399,331.3001854743915
1.37368151136937,23.258435483846274,52.13858125182148,139.3860843359278,499.1272528109973
1.339298895092306,20.908002347050513,52.74022277394439,142.00489977688264,432.0533648686447
1.319263256561287,20.566745167967987,49.07027692416371,147.00284627638507,441.57274532366176
1.3770438042990334,24.922235578965342,51.133216692677735,127.75654260301215,628.7106357418807
1.3270775727365098,20.089791712237883,48.90615877045381,138.83893485642915,407.7165018774162
1.353583014898169,21.778003041091686,51.15601295166584,154.40203322444825,516.9028265777331
1.3317889606587765,20.600026500076076,50.59170169195297,156.06561225380236,427.9140820745896
1.332379471557716,21.449400113710215,49.84162219199318,149.93547303014498,505.11861278693215
1.3061462047986974,19.94263667201921,48.563229102595926,159.30259139229022,398.97520149982057
1.3078371142309484,20.665109913157885,52.06502911053828,148.15970899949482,469.95285779903986
1.3425211820985754,21.173287412653416,50.89181095530703,137.05819813469074,510.11445810344776
1.341351996039282,20.226031364104443,50.6008511496253,162.69050881189705,423.6954496638227
1.32673355584075,20.636744320593102,49.97676875905913,157.15305949330462,396.1729822348991
1.359976218734062,22.63800642887969,50.88530620221567,134.3366831134738,518.770577412527
1.3096329778871907,20.74121629271786,50.92380109744388,132.97343314781472,467.4099859205383
1.3218439143312937,20.176474026903648,49.53479927374538,152.07310679334637,416.0471707024071
1.3155956212743194,19.480255921397514,50.62978279325745,165.96840865279975,372.8519837058729
1.324802123793384,20.39797291668956,52.382478427375716,159.70487812364217,431.8193239401398
1.3492488413982844,20.912431172559202,52.60670847167522,172.15337762000405,468.7238730511449
1.3460086097471624,22.503227088801463,48.95483344338662,145.39859156116597,511.37627321477987
1.3107087263542145,21.612297538680405,50.799018588188176,120.73708007742975,536.4012146649721
1.319791549630144,20.299783366133042,47.174589383512284,155.26131773875454,464.3695400189458
1.348324601611064,21.781463265464474,50.377731211419984,135.45965288861876,467.5494607326624
1.324544050179414,21.790531762140027,52.124371957201774,155.31714705214065,511.8427022405583
1.2988567276985266,20.69521624382796,50.123703429401026,137.69646055855827,498.05472542433085
1.320291804726102,20.15767973146237,51.33742061257707,155.44772151155985,387.2328090211028
1.3347771169605545,19.78488320476317,52.677481632333176,172.98356477109562,361.1698433037206
1.3155214819984182,19.932140903525045,51.24502508349954,155.2118031857667,524.6004951521325
1.3112398214052194,18.612434457426694,48.43019668622912,157.68721816902143,358.68624916547725
1.3221597608331297,20.951064795214357,50.82651080098676,141.13405117790938,488.555288218948
1.3044800451438747,20.06301502848426,49.10940641046514,142.77430110389147,457.35385266838193
1.3200562194620056,20.018163248656272,49.64842002552396,166.36890965578894,436.3160285764654
1.32204781809565,21.2127521564208,51.62869957897374,150.9057107558407,526.4692309544109
1.3328341269464106,18.733656320057623,50.78831358230385,175.6865097788056,301.5008878868657
1.3042259835687697,19.044783992763936,51.843048533996864,162.103169582008,400.2705722856154
1.296114790381992,19.47379954809893,48.13935029737806,139.258329963308,407.222975063493
1.344670873699086,20.771517581525988,54.71858969360006,170.51583381445468,495.5620209120469
1.3260072167248147,21.154810489052583,51.21760603445548,150.89111616072336,433.27796451546783
1.3256301177458287,20.249829356227366,50.7848967877807,157.3170907361905,435.0775159311855
1.3141417888836675,19.661746560193485,50.877307529319026,162.34114775255497,369.1799260359749
1.3955104746986684,25.129189838360833,50.79118191345538,136.42125390632188,512.4672961281257
1.3857153166324605,24.487726018153705,49.42463154570504,133.03042166070026,554.7612873183773
1.3435507975224064,19.947603721355513,49.64734480308833,170.61498094052683,444.10004355751084
1.3814028201986832,23.54565925601039,51.52954922333298,139.98027309538654,568.68327981188
1.41455802724919,25.12335491809143,53.46506894376881,143.37745029991896,592.9329924946873
1.330934876899342,21.951483858593097,52.78700547740034,144.75498064488966,548.3555295568391
1.3215495799091062,21.497053038235755,49.70003738168115,127.22608166043041,566.0671106978419
1.3464381357103785,21.884579698751622,51.22012818008545,141.13176797746365,481.98055541969916
1.3342938947388419,21.10593456829414,49.92791330394371,160.5639885833441,561.8233775184993
1.3651440075634325,23.32913551481962,49.91614245645056,128.25913394289591,541.47032763397
1.32692849398245,21.552841573204724,50.26348244793834,138.83878954716752,525.4985150482564
1.3297931300539572,22.31553278053196,50.05062351449991,141.97868633342569,606.6014034349744
1.3315531900532127,21.137720686149002,49.78656918663453,144.6737558965126,451.3847890432302
1.3132368763290176,18.815334331143188,48.05334821891257,162.9764964161558,379.85158882674693
1.314939450317418,20.353271054062457,51.65070688997225,153.53039834080198,478.5468299302599
1.3446189038585328,21.34711368877824,51.26193718167623,143.60914211399844,387.08630188480817
1.3080109060531437,19.39735812956246,51.34932196901456,159.57113332119852,316.1269857183257
1.32539090566372,20.708704778265282,52.3741199915066,153.00202474233592,530.0312166252197
1.3540889210379716,21.489177928669747,49.346242172977824,156.04731139545623,552.4749718304674
1.3221756047900293,20.635918273992882,48.791134865791186,159.21156483837592,498.6182229252725
1.3377384230043563,20.808913681045812,53.95690789050264,162.9004914380971,452.96181207836077
1.3490062820183457,22.947074253035407,51.43616169157856,138.70143385436305,521.7614546643711
1.334001272529129,21.26397199705078,50.221123116697306,123.27701550842458,506.30873615468965
1.3775847796882332,22.287711476101798,50.42219807652164,166.64142581902115,439.8783709660422
1.2996156353906605,20.770645794459092,50.941859705199626,139.6998486206435,511.71784425819226
1.347096247061663,21.96454363225402,49.46509563012495,136.5006952463666,512.7075707761883
1.3363323230119928,20.194701218001484,51.47318343625561,159.84231185552136,443.40018453954985
1.334615264007021,21.268917903632865,48.54932974962085,144.47327518987217,536.5952425221204
1.3084483526250956,19.515517631513582,49.92236292401026,167.14391686212724,460.4324567657794
1.3827236517625696,24.68908735573788,49.43186124510842,142.89419604550213,526.0432664982936
1.3319924498116635,21.42922725241091,51.71926432479874,153.95528635828407,517.2402984687062
1.3355861720447373,21.486977055116295,51.05319191453385,139.0505755738948,482.2349901242743
1.3804869063357117,22.989336649375232,51.656628338743154,151.58202951705923,484.2649056597515
1.3378847646041379,20.930811135940417,50.894540514223735,164.2880797170627,485.899510869039
1.3296234478105746,21.10202630948315,53.89290467776136,158.97776310604095,411.5617883470684
1.3280300200034654,21.95989833388075,49.82290824101127,136.28564934838062,574.7892141412352
1.3371571543009373,21.09973387260045,52.27657280618992,155.61743711572595,467.3424874190444
1.3613658127421728,23.099608737287017,53.14289837712354,130.6785044900478,510.5846073277111
1.3196710900115858,19.91976035234129,48.80829847483764,166.66429010633718,430.58807986642654
1.336375469083113,23.039707421541955,54.91917002197996,129.0372617470264,509.58807730088114
1.3319987588149642,20.388962725332483,49.67007644386805,152.44936649656816,379.1069304315311
1.3369821940301916,19.714505916350106,52.86126679391272,175.26127534275963,401.44963655687985
1.3435927183692298,21.617219997053002,53.76829279018291,148.34412462996266,438.09926748772295
1.3436895921367136,23.22269091306501,49.022794773917994,126.49275848027266,564.2429637268177
1.3152127081332106,19.432612700569532,50.16230142354329,151.44816397467895,406.47547260757887
1.33408402593134,20.865122996563922,51.49407371255085,158.03131075450779,427.9424822623509
1.3474475651016964,22.13955465362402,54.29348663194259,157.9587621629163,570.6897800938611
1.3665941923418718,23.323111753061344,51.807976040644476,140.53635652231117,608.9231322346791
1.3352238851148688,20.79334486451499,50.59805953299596,155.44735839668627,563.4705930452519
1.2989895887309795,20.20014644920313,50.9990864170916,133.86499789622823,426.58919457231246
1.3496080352787732,20.701461728507518,51.65014800331556,171.7711385913943,447.6462418199794
1.2896387521815176,19.660060415009003,48.690080341538795,139.93913204429168,438.087537429074
1.3214335960164973,20.483226191894246,48.968453866560466,135.408777539347,460.3402395130498
1.361269461575882,22.9999345743646,52.831184373991114,125.53965322458336,420.00331170349153
1.3353369104870412,21.691649805471744,52.02544117341191,130.17072278892962,508.43075101133405
1.3406368859072342,22.86602794187936,52.39170420005392,136.05952098361686,498.29002609552884
1.3752593208291937,22.010170995785177,48.88201386484788,150.35017500352384,500.36557281585834
1.30230506715428,18.764814772390487,50.49778223092291,167.73749047255347,399.56565887682154
1.3383990407434772,20.780856302695614,50.99054389925108,158.4688219771852,475.8344260694935
1.3179979245842033,19.600647455661814,48.92489095967463,162.00566073451722,424.6855954028098
1.3428376234672093,21.29837080413729,52.50022681330108,170.09516893504218,434.83649963344567
1.3135046353455015,19.931514729281403,50.18494690159176,156.1979037866575,391.07945973109526
1.3367002102179648,20.087552397487073,49.70430263457182,161.05603207024012,402.7125069897179
1.3539468673105788,21.387883614660602,49.40154803599723,152.58172087196888,456.89257142794514
1.3455942529487301,22.021610800142206,50.72122327529164,137.0959386631888,465.03839179920686
1.321467610992851,19.374270440272916,49.98477977206221,164.36788356843675,413.75230486378695
1.3256884216950413,21.67602055852127,51.486719913727946,141.6778773822606,506.333234166162
1.3496706224986954,21.275292424598735,50.132946344570726,154.32286820320508,389.3576139292524
1.3316139297040046,21.360075985161107,47.991669973754526,132.5535862404278,506.91776660634656
1.32123557856105,20.964551399283796,52.301080247310836,162.09267205020612,490.79853276888844
1.3432632642470568,22.195283209142044,50.519553666852076,143.86145298907667,547.2717821758962
1.3848056051037405,24.24241591465595,52.05763060494798,137.8830049331513,560.9894475667072
1.3055754393964967,20.02489229365194,49.456125075986634,145.18377509929212,427.5123228899371
1.3397151378129921,20.03531499829628,49.89755164275806,175.18960990142082,437.98959602674233
1.3138866879363003,20.248938040720862,47.23055162738113,141.97244795330715,467.79492216821916
1.3306785424722105,19.77275873405283,48.32300134728248,158.33295106729616,430.95779415551766
1.349550596477889,22.996786947501192,50.071552404649786,145.25195410909225,515.8249054839944
1.320151317271867,19.033650681849387,52.02518535815163,172.48297736397478,315.452025772762
1.3434569674490113,21.607991073348487,50.582537243365636,156.2994983816053,446.64177411692117
1.376975178790117,23.89524758193831,53.2674084693046,148.0331635038607,544.657966408268
1.3296611018098157,20.525186099041004,49.55002137712596,145.4521507459253,488.806666636406
1.3413402855237941,20.701698660823958,51.05814700696621,159.85877412333753,465.2689044688558
1.3096821215043104,19.713291297624444,50.713138930565044,156.65326617556622,472.99006049087063
1.3635627614764605,22.776468384695907,51.43290386278057,138.91391671268852,508.67215302655507
1.3463156800810434,22.02899778746397,50.06733119701774,141.60876972453832,500.25797010382206
1.3535628048477977,22.861648568414928,50.69053979577292,128.69382620027244,437.19379250195396
1.3323574433352103,20.7353004170887,50.43707372843029,155.29373919828663,431.58357795719434
1.330501590042336,20.635427658407874,49.79465845871187,146.77533740405272,485.4003552520873
1.3433977084309536,21.16808618490589,49.262799231698715,141.7121158801582,462.1198268444932
1.3261783405055412,20.575020679759255,50.69049712000597,151.3868893776474,549.524230424134
1.3195156160806567,21.84576170957689,49.03318982355775,126.11715480063795,612.6084339235367
1.3500578050318612,22.424771009158828,52.61299730889848,133.30868542445188,511.91958819374474
1.3415487773860408,22.183595978633754,52.69998587028801,145.05353352146898,499.14268399685295
1.2876804483048778,19.166540913581155,52.141655448884954,166.4338595363829,467.08312671923227
1.326226810616324,19.339446694749665,49.55348392714449,167.94856772786633,416.69122170724495
1.3441651342330743,21.033617728347302,50.08588919761441,154.84455946695522,448.1410593039268
1.3604413381468448,21.745982096537055,50.09350153676781,164.43932682088868,470.6485730825158
1.3667532710139434,21.86430039993267,50.38654991161882,162.94711330898014,461.82505850777034
1.3329803927033734,21.043799939470887,48.4695486325365,145.88405412883907,506.88864700468434
1.3479025430625227,21.159047144359917,50.0480071246955,165.11165626920965,473.86131865178123
1.3139991223934806,20.68032119676947,49.40977368571988,137.19335076192274,512.4598130190194
1.3510193830824466,21.220308707758388,50.635314701803736,142.63010650385664,447.15832259144986
1.3107394346834342,19.436905650729347,49.74336670556286,162.91946674451899,450.57294203329207
1.3549451463106426,21.4735972810461,52.43280806604279,159.28766060658177,480.0316740743134
1.393200134157963,24.99309473166879,51.63227042542319,121.82505055059734,499.96462391657735
1.3552350174218448,22.114233263855137,52.031176875025665,149.63007503725876,447.01882834892274
1.3177121139161767,21.5024029551878,51.974383671788246,135.89650761286086,555.2227809762039
1.3030906582352861,19.631189484668372,52.191120169601604,170.4524816393444,483.49720972669445
1.3404636517806279,20.499322390576346,51.10946416707637,167.0146398726323,383.6738650488372
1.354806001264073,23.186439775784567,51.24336288287956,132.65341007437638,479.81692514774494
1.3400170235513595,21.541076024694807,52.36386041546201,139.7621777042717,472.6017553462375
1.3223736331188853,19.37800014770058,51.55400323173059,158.7325608196003,451.4002265936254
1.3214577421740528,20.281653088187838,49.07496614698777,153.63777615764369,415.82762730921104
1.326958050509541,20.410120101047394,50.507815340408584,150.9652708393407,477.73822255184893
1.3740854123921702,24.00881184962541,52.35250940699591,126.4020403561002,596.6701059400973
1.332370502280536,22.14802904384567,51.628038318697016,130.3835430295469,540.3570464404148
1.3580790848157698,23.599736253257724,54.786975561524144,151.50683193971545,521.6239073505931
1.320876230950093,20.941414184028506,51.54599913601551,134.37902241901088,448.84296541736165
1.3438351984229575,20.850892765429442,49.87148151352799,151.9583243539507,460.0139408085788
1.283756431101232,20.462562570686885,51.823822273118815,150.0916417054284,486.09506773453273
1.306991027790016,19.090819683263035,48.91063707570201,153.17924898485597,386.4210060790796
1.3515735091707934,22.22604071872019,53.54900188586037,158.19087612468934,499.17852019123757
1.3075600392207098,20.903693779346035,50.25110203455404,135.04763232758236,532.2235615434591
1.3346054566097298,20.430111805412942,50.301264234829965,174.89340893724722,460.52854273006244
1.36058997161018,22.7056167812758,50.14672218013837,141.10570483599997,427.75554615824535
1.3685415308621056,22.361721390556397,48.584560369587855,132.86581962137902,460.72806574550026
1.3147899676790948,20.30527080700644,49.78036418783776,149.07060899084593,500.92643162141934
1.3519435369196922,22.36849963375735,51.394903798669475,143.08020734279253,561.8232297306945
1.3192181358887034,20.17244843275464,55.256910560259676,159.4132825601478,472.6816746681696
1.3443202455814374,21.71681291476403,51.36189743889507,145.4201437839114,452.8249434453723
1.3536211082914824,20.93886276272068,51.26319608682216,158.62376457284944,452.7127011526716
1.3554000797146566,21.631039298353908,50.08197099782236,155.37155426868514,418.9830237700382
1.3077856820899076,18.552831797805894,51.27814710985893,187.44257322599674,376.1640131195882
1.3335039215888165,20.974890487393544,50.86956707848135,143.73230012304754,475.88208626226435
1.3382390120410936,21.992324492275216,52.06642133240875,147.00971345004845,528.3173856058751
1.3191546407737083,20.199740284849568,51.701893438567495,164.3815385643698,379.5284564975861
1.303790731137347,20.279552594423397,49.53977662323761,138.95339809235642,468.23127938068353
1.3106280083652135,19.983698182621538,49.15304391846212,154.55794318390184,489.39013787903735
1.3389182672851776,22.240798092730216,51.498372476987015,140.4919042670815,491.4413461736993
1.30640740433597,19.968981416574742,52.320765805422276,150.5378111033771,413.5935901751364
1.370921378921289,22.401375313754613,49.197543007137206,159.12342425548303,499.2708969242363
1.3495876217240568,21.852446094872477,53.11391514255235,157.354672254484,529.0432690962225
1.3328867081436018,21.141931832552288,52.57148585264194,156.2899643560819,455.85984244683476
1.312327812331906,20.972196829538213,46.58341125844628,132.93754856827917,495.4562273950949
1.3425101755246394,20.596152363206972,51.439622192077195,167.16911470565287,465.9922697079539
1.3141380737142372,20.455618058369687,50.128575693357206,143.8996264163447,429.6439210882502
1.3560947334663025,23.379504844601026,51.474617095794024,134.92298931712125,499.4100098581633
1.3270728933183618,21.137033255744143,48.953846296338256,145.58645985516202,536.0251319032135
1.3163152529200575,19.579405882428777,50.542285473348315,168.35312425698643,459.13158300099815
1.3556530242045814,21.22428693849207,53.676827966174024,163.8960376240522,419.2908511375064
1.3219073874524405,19.311216705904492,50.0500067555758,153.15561184357117,400.6554381012487
1.3712690051078789,22.39311010924043,51.63157074668829,134.91080507238155,423.2752443576985
1.3625128749787874,22.05744689333195,52.042159768729434,148.22828288535783,473.2875705779357
1.354030184323031,22.524836576201768,51.7155103144365,140.5561868407113,447.7061427670383
1.310480327443764,20.460532533594158,50.77143440744212,148.26307627690042,393.37105263249384
1.3438909073457599,21.94510771040082,49.92152213780387,148.1074773002282,491.94589914259234
1.3467412684937896,21.599928911340516,48.56451924570032,122.81030919438342,486.51559751343837
1.3310281521127538,20.441691680264725,51.71516691262144,156.27926912717763,388.6310538889943
1.3214583021009911,19.428545708909482,48.83025579238648,156.47640203549312,424.3162000087174
1.3299284088895682,21.141738700744316,48.80164732621854,150.34075911556903,463.2535803511395
1.3375398660766349,20.893987253147216,52.09203184597935,161.30420451035337,444.74543661303557
1.3519840449656289,21.88687884417674,48.87475245295809,136.92805877681104,517.6454413163918
1.3723092711283649,22.944740506357842,51.61300171806866,145.06116270543572,478.73231899153853
1.3348960915028165,21.50015122187095,48.784998730511845,140.17224249399618,429.9338636020201
1.3558217784065554,23.0440134001413,51.483573156810564,143.69770608625703,525.4985150482564
1.3421455664482216,22.23126025173051,51.4918059232767,134.59214779229663,467.75628535500294
1.3298758193271998,19.931249014946346,49.33903028984265,163.95317779145972,415.90563052969515
1.3510487516907166,21.96616920023285,50.30604911093925,146.41272214158823,483.5880236497326
1.3202019795812312,19.586507129582298,50.921327724838505,156.4291254947236,423.2154094759863
1.3124667599575635,21.25891849334734,50.60075297033892,136.56551195896378,541.4660243185336
1.3438831798155577,21.68767040625245,50.588442712332004,147.01582059974766,388.88071308017726
1.30687580535116,19.696219226132662,51.060793125110436,142.69228758261914,406.4396161308771
1.331691442091829,20.811550556474003,48.763150393454666,125.98338108320203,456.5312181377786
1.3531519530737048,20.525068668493773,49.37637669350336,175.64218528999953,384.82574412233123
1.3591046168811414,23.1402488396867,50.89878738234897,135.3481882722396,519.9606076346735
1.3350162523699234,20.960796987145887,49.60347629767905,151.4531965619176,466.9256483961407
1.3019887579451916,18.93492426999748,51.745155841328,167.96448777448614,407.0317795959304
1.354139390754158,21.75469491336858,48.862927641419766,144.3970232273527,482.3419009096818
1.320354491049111,19.167527264503953,50.83119528804526,180.24070849100718,393.1738234332757
1.3446346784850227,20.48427654223081,51.08578605398223,178.76763108537796,419.5654537921589
1.3462742522299054,22.083551386641716,50.61888755336674,137.03479459268902,520.3127640906572
1.3249485039285696,21.11373314990165,50.80674852107423,135.17766721137443,506.29121338623975
1.3103121100689226,21.527561413899676,51.436304634333624,126.08689034972467,575.7465297443932
1.3459612951427302,20.975950864262753,52.230808098047326,154.6980271835871,456.3210659123305
1.3367253504441745,21.69526713704259,50.915266870271005,129.81977917361678,570.7604813457147
1.3175479184837382,19.645491353640747,49.65124494500615,153.43423799250394,445.097208202513
1.3200736606232506,20.712252348857103,51.694082401310304,151.7830742179094,460.49350393294674
1.3235819253027792,20.296958354608254,50.78610259569763,156.86178561794696,374.98088586655405
1.3521193714305302,20.83348331253851,49.32949972099772,165.00624138978668,518.0074576971545
1.3538575508028061,21.689783206540387,51.843711767049605,162.3675209624305,474.34519647001997
1.3436586962468637,20.809905378285826,52.608679035590164,158.9835476519226,467.31120676104246
1.2998970571439359,19.673196294055096,48.42420470412759,144.6659603734579,403.05482976713927
1.341356387559635,21.14292816224841,52.29999750944351,158.62947189700117,501.65857252921063
1.3556802653824112,20.97366488111988,49.373153494659064,147.11158797001278,415.8504399899619
1.2816106419071984,19.475411989526172,50.92578152810488,136.6545749629899,504.2637945949366
1.317049546348882,20.905691831996254,47.4719117341604,141.37399013860917,480.98314733478793
1.346972285013023,20.424128579103805,49.581302576877206,163.15769837386364,412.8578538696099
1.3447031642792555,20.15636283890286,50.577094897773904,168.45882689860184,451.07047867079507
1.3400337359589862,20.80347480540834,50.171706588528316,160.7530979488831,520.3837607738824
1.3031200662690863,19.210425772785108,47.92425872902084,141.446222091393,429.675303903165
1.2699041267525126,17.78865110114105,50.44259927501195,162.21152088210397,328.2807502593347
1.3156817882578866,20.76250469734884,50.403472226361274,129.45367203675536,500.520931023306
1.3305948457579766,20.820873033509223,51.341316620454535,150.03735547010808,526.289759996279
1.3220495702632498,19.485075417661115,50.78024213510599,162.47525110237234,490.2130045687658
1.348823050031016,21.621938702215964,53.87733811833717,155.63454191068618,446.489457698441
1.3542651745931642,22.291812375202475,53.18969935627765,146.21619575118723,536.7540560798011
1.3192593570562248,21.074879894541,51.17536064129093,150.2263018153652,461.2533970814108
1.3377291284566133,21.876723768685345,52.01315532214559,147.22801566101776,472.9138888987719
1.32193688531172,20.960061657016077,52.55840651942182,139.7228091081352,440.859199600833
1.3329642264048933,19.797285001241477,49.49434354402568,167.43230305018187,353.8042326875343
1.331557057661319,21.606903382225752,51.16627469475896,140.5953459363881,480.7712576323697
1.3256686328161043,20.012213154962833,50.29834038988784,159.43788825970356,355.8552834114504
1.3177221744176915,20.867563616787375,50.81179368945901,135.785336376334,503.80735577827585
1.3801201954190545,24.27265050614614,51.81013440343784,131.66159496904834,447.97924374531357
1.3276892328979881,20.316926098052758,50.21982552382065,140.06511505629723,411.2919369874021
1.3297075318895462,20.83767419173099,52.03957132641475,153.8407968847981,421.3075217031377
1.3677963810285658,23.92517066012756,54.93250641246252,132.05266736488116,603.7194101031146
1.320085311713677,19.934090732810485,50.12546201146155,141.4265216038503,399.3348038224257
1.3435276323704137,20.61007638209707,50.458465209390454,156.7720045742676,467.1599057459223
1.3719429828776857,22.117757899946,48.92274828567932,154.0609210428102,530.6442948295637
1.3071876024718485,19.321237870158747,49.34600334695536,157.8269294481305,468.3045270760525
1.3306479495291803,20.773143542369898,52.354566094984136,151.0353953800506,408.6679475272849
1.3365155050103432,21.224357298116836,49.80122211092023,142.40699719198034,479.44546163896763
1.361950741447886,23.33633733353954,49.0938686274399,135.504722737289,551.7381151367298
1.3544627943915484,21.55922728748351,52.379872063785506,146.68948663857427,537.3589144850433
1.3329927513345832,20.37750248499958,49.87288353533502,161.97052279048125,410.3655003444746
1.3221658599867236,20.806005194299374,49.82619866590177,147.65726707973784,486.3401747693823
1.3274031983252241,20.401665527823056,49.75004968816377,155.03290620356356,477.80815723293506
1.3232395277648485,21.014431293518484,50.249258045505194,157.62075921600146,464.2461395757362
1.2957726737774649,19.635204302509027,48.83147619491393,147.38901270998554,431.4189064942145
1.3685299870436898,23.432182940312835,52.3078539043112,136.79878716224403,497.3512850700621
1.342112647763187,21.896221943576624,52.79427188378907,134.19228749719673,374.7126172808428
1.3347761070021353,20.16336067232229,48.82904177807379,174.26074316011582,346.25801538625603
1.3147378093859419,20.18660648179207,50.03265469518772,169.21810252765795,431.94058232305093
1.3367113673793611,20.6616342583091,48.81709300888385,145.8573623722702,485.7286542215126
1.3367218727503722,20.965907282775678,52.388505343761025,152.37880242636845,535.8993121933113
1.3087979505714076,21.29721240711346,51.60978918214538,142.68345629813356,459.6216551010604
1.3251041793184142,19.594439123312174,51.75774408093192,167.47836366524106,366.6874945588813
1.3172769645387659,20.52429006670203,51.8417817215884,144.73889870396562,469.6718902945685
1.3445028220707085,20.46579123107506,50.59249344031008,165.82688171216333,397.7366663519822
1.325722559617015,22.961917744063243,49.4843659030725,131.1085184723652,549.7775700959268
1.3257613655857634,21.51895743095348,49.37099697931756,146.0991502750502,514.980829872293
1.3296061907982457,21.659201295975365,50.93760648657321,136.9146742881938,461.42700596205975
1.3417997080487736,20.78031217653172,50.027902219039504,162.01081515713457,476.0647524480462
1.3370619437484788,20.986362206612924,51.635886070668995,151.76312392989215,563.4822526579322
1.3148844477852908,20.302291902497064,52.037735459412005,153.35513882154407,426.64482925565704
1.320416907229911,21.032367763257266,51.171225242291825,143.57359020062665,425.4833932720744
1.3738108373275315,23.327083432970483,50.11277252801242,135.42346247205572,496.7044079555939
1.3099044975872955,20.359231588033754,50.937947950974596,137.14879420127212,487.11229630857713
1.3353856682046594,21.517256984017994,50.360947675743496,149.91853926006178,486.6741754446625
1.3347290743082856,21.60592041664891,50.18951397305341,132.7095235856032,529.5334074859911
1.3155027076322385,19.860002971687692,49.798917566719,157.65013410003021,383.46961964876306
1.393272999443622,24.793354202332655,51.06249604581484,125.85555342441532,499.22528895705614
1.354304827449805,21.20350260543135,50.7324171635914,141.83032827533376,391.3206841314905
1.3336159393386133,20.838680715324536,49.9584782840508,158.05284643498004,518.3229735460202
1.2989826263556412,18.437777930442778,49.803825333830204,159.85691578273142,380.73129652109384
1.3554144848348662,22.259185340056195,50.92308620019939,135.3156349323703,552.9392964477712
1.3872884430417074,22.27413633649453,50.65766219392059,149.3926448859904,433.9460537970344
1.3674903612271319,22.978761888570922,50.81600649579999,151.96644698924027,583.222644918272
1.3623741364077575,22.80462434951606,50.866101250975355,144.36243379973064,533.1393958243551
1.3120674439721707,20.66753483554202,48.01236075380138,144.06773160872922,453.73424250792846
1.3254958715649854,20.743962644955992,48.394802532082835,149.44528620715386,477.62142699386084
1.3145620207210715,21.370464282529788,50.40198678971757,152.16171762028938,575.0537758755607
1.3611583988909242,21.49349719929463,53.89927807376109,143.52577758959995,498.05163049177224
1.321476920085642,20.589916656428578,48.15388998987227,147.68973478975744,440.24802674272536
1.3124159167713618,19.352184162446434,49.60503803002344,167.81430723225947,437.4685485882775
1.3470115521542634,21.796687440120408,49.57702698673042,128.5931612717673,475.14233450055934
1.3376478092833697,21.624537056179786,52.20054673056847,155.01708057048762,527.6148212367845
1.2970290065415084,19.984666571566475,48.917666344581946,129.59129504107577,512.1561681369085
1.35084335915565,22.1748140039112,52.99289597397397,151.04076617036517,458.8452798421546
1.3201672968867944,21.142883458053912,49.962475245131486,142.11966544791966,588.8242570246064
1.304438844303592,19.43990301963089,48.101107816068954,157.86531521347695,423.03912399665427
1.3639685156826522,22.86235837979132,51.376190334944255,140.43369307728017,526.5741289245393
1.335621007390245,19.55271351939729,49.86152915349597,171.88534963007388,339.01343246767306
1.2941973878946686,19.194243599953523,47.64925096381504,137.19002124420527,512.1054348087772
1.2961561354628919,20.975091695533067,49.019996135092015,123.7046437321214,539.8189270246851
1.3176093716363715,20.840140582667026,53.55120021292669,144.14987001246803,404.8592680331843
1.3327837783457883,21.710296827529728,49.3520762540844,132.03456572011427,509.91134885922446
1.3247918966572376,19.551382342854524,52.65922198912542,177.01241952082893,402.24386954285467
1.3229682624542058,20.54414401875676,53.22979008988091,164.6518224304454,478.26999806833203
1.3415040402892144,21.418398613003177,51.24723565840615,153.97267073602433,476.0521489875039
1.315959188249865,19.74663366021406,51.69686597126014,164.36910221658746,407.144761319571
1.297627008547668,18.795628135919934,47.91144984105389,157.21349233452096,337.4425042143693
1.2942500650010111,20.47773949853382,49.59023983321844,138.26195843701393,479.737786954075
1.3402225775303318,22.396251160976004,50.12129826669952,141.05432936233828,489.8802003063407
1.362979655971047,24.34035712688256,50.05485108981422,120.97510482445854,524.6318777630419
1.328684348281603,19.638623230090065,49.78523131226694,158.06924271881508,421.93478036170916
1.311209076201338,20.429419378850227,47.5953829448103,138.91555839771505,451.860135596
1.3208187799241022,19.526450177238384,52.17256307804678,164.6084181005796,406.25068393043546
1.34421963087416,19.28758701121835,52.28661414947238,180.18551302663315,362.4453566545582
1.3272349294782422,20.4210988161144,52.10541666023439,148.80190463046372,482.5974671061531
1.3435385897102328,21.562161091511353,51.77681811054443,143.38790897302218,483.26662723929314
1.3211856337545913,19.90221871514663,51.99353198605978,161.27968270505878,439.75592376799847
1.3308192399606864,20.217631757404586,48.90473658228082,159.3302363144535,414.51111229769185
1.3560473043972692,22.156327249930747,50.72112086197019,158.79383249102324,519.3897492580472
1.353795760792753,21.189166801185195,50.383626034607445,159.33762999271534,431.38307068730927
1.2962321874208935,19.171061769051697,49.96902227275447,153.55247530166494,519.8096399772703
1.3309680646089599,20.17906047006562,51.91762922452783,163.13352622040873,432.9145909222584
1.3202522988911036,19.729650367169466,49.59140464967861,161.93359197837304,400.18822399442547
1.3565855368907676,21.220562584371056,52.593798169200404,162.57961782186874,398.898950270224
1.3155203085761267,19.90615811046707,50.142191363106164,154.33334277726163,437.057299275197
1.337631184211117,20.41971473563087,50.825793764718185,159.613082459047,413.20761498793763
1.3641338906955505,23.201875524607818,52.17536428569732,129.60420826086755,498.71655484882297
1.3381722834116092,20.503728607907917,49.242379003948166,167.42760246463854,464.09750380311186
1.3198206239459012,20.755712487042818,49.73246331283416,138.55339661141983,557.1926852912333
1.3373291351044585,20.57529585515966,49.30909523529195,171.49063380688702,410.8830414189501
1.3702643206272773,21.958647690243176,54.79363319629349,160.7575384572357,433.6779075826577
1.3273977349601438,20.886464829601817,50.195920700382985,156.84140677320786,487.21208503405074
1.3402921627181246,21.430804850313102,52.34694256669286,151.63696539038474,496.3207024735884
1.341425339938603,20.894966675577646,50.73013570432837,161.49488659053273,480.61375735191564
1.325556559861217,22.325459584351606,51.743878235530765,125.15630530064479,511.72976029354766
1.3395280367532094,22.534230242805368,50.90609667104856,139.50379033626598,544.9233689054938
1.326990940687848,20.371665282066665,50.75621554886551,153.38110329403384,480.70453360535475
1.3808349461873821,22.020357854870607,54.167558458897005,157.98844407118287,501.5687523406255
1.3014921042301528,20.92691578105189,51.90039637937446,135.161755454366,474.258668971389
1.3420460111340282,20.652116015329796,50.85753697885689,148.19832777647292,396.96313297400764
1.321587664704953,20.103765802138298,48.53976728077482,156.932842192774,399.43565986628903
1.3576913199832097,22.693511576443854,50.9150940190399,134.7144541733791,552.9971000589372
1.3393724935738054,20.34847898566679,49.87716631625367,156.0159750538505,416.24571393072944
1.326616606202324,19.918985863189434,53.37819230523071,166.28783353128202,462.8129140029475
1.3049861530321862,19.06676644014867,45.80883645268034,160.87390558349603,414.8493955076283
1.3110577744897918,19.483913558772645,49.42022645688986,159.39005301250032,464.47931801063885
1.2845199116025465,19.371358703698196,48.90669175239683,139.6577304479422,434.62889587847434
1.3537770449619513,22.160377396954683,52.97417933840218,155.9896903504385,520.1491681371406
1.2887256723445537,20.325116609782143,51.22689868966212,130.9510705177411,515.9805996009619
1.3614453817104613,22.026664753511533,50.93663335675255,137.34505340055063,429.30169536191744
1.324305432934452,21.81623124456505,51.1289915769344,142.41716259059834,506.09718284605174
1.3617351316345918,22.511674576872387,50.593746235938056,151.8906344020772,423.9534047959394
1.2850346545669589,17.585533640550977,49.612789195689196,157.86352880897874,408.7380458941072
1.333583201646836,20.951166707106637,51.10471191792342,139.60001223566474,534.7779348595881
1.3245961461694122,19.598155269610317,50.56268884474391,170.2723914173924,449.9861891957983
1.3235162371562785,20.33178960321838,49.777880372891325,133.66014315193553,429.58314806532974
1.350359706071873,21.10641849836109,53.35736555459493,155.99471356609658,393.55208698086574
1.347953841154372,21.153689309275464,49.28043433645937,158.1632494610394,468.2017385765822
1.358696284356604,23.095000614224787,51.407154567857596,141.65320707712567,506.74129279311023
1.355569801058817,21.910261443553637,51.67335792536608,142.50279239770796,497.6148164238313
1.3278706027727618,20.971012528185053,50.32505215188933,152.51377956234737,453.9318894804719
1.3094887797233141,20.102298019280532,50.912221514589454,151.8248491594152,385.17211290323246
1.3068859468763925,20.486258761478414,48.41081271546073,128.29873922986803,465.3386875864732
1.3214510231074947,19.83958918961459,50.50312637101182,169.68035663040882,382.69744012719264
1.3450506145351442,20.08311102403237,48.012585554407465,170.8956826393184,485.9824694260423
1.319202818222863,20.085872735441903,49.3949395065608,151.05472464464137,512.3488647055601
1.323946977899534,19.721877646589885,52.00617855216285,152.01778006774185,493.970859787715
1.311232647321696,20.95100677437711,49.09500319183769,139.49117986903468,580.5253840793238
1.3343368460036755,21.401871954636768,51.21310585314188,147.40012742815196,526.5352664363278
1.3107300172218337,20.694014545188075,48.9536340806421,140.85369526046634,452.58121679014494
1.322434939302706,19.189301744593003,48.85847947478459,164.64415520014632,459.83334764435625
1.3337698745223885,20.40371805353398,49.71478972263457,144.38006154167502,369.59240399411436
1.3380562222021026,20.73517877263908,50.239261565673665,159.98314068988876,399.33645070768773
1.3641850346290005,22.302412058122755,51.61917295102969,143.33737550700297,470.98379946269256
1.3439532474780242,21.35090071784758,49.59312854792998,146.21775451886813,463.5839533567699
1.3170115166012417,20.82830019599156,49.917947721408474,138.759919130979,492.10893089578667
1.386322885681398,25.341708102925224,51.24720578574151,131.5070404602397,639.8474299434129
1.378706987214436,23.989914271466034,51.62176045966126,131.1133808545943,544.1544667996419
1.3651738637073083,23.72983523403157,52.07650828006712,145.20665766331825,586.1515594603871
1.398328813422157,26.19369466484499,51.67318088585979,132.57220561020074,668.8230527199673
1.3042805991674593,20.451492901814248,48.32050059911089,135.61236039387325,470.7609154460807
1.3187530714259104,19.263801574774604,48.44527248415424,152.46833684118633,379.45968129834125
1.3094103390024907,20.88130682352844,48.21248725756786,146.92643310294721,450.4206898546293
1.3420789250500194,21.547000323937485,51.54240880416612,161.27009577731627,508.8465408462145
1.3466299118455656,21.524317476790575,48.39517236353372,152.62147710423994,513.8148933268799
1.3292629019269566,21.726403679738645,49.825818804501225,143.55417028293,496.91401437002247
1.3582315469405666,23.71966830977091,50.7317128986075,132.37638604967512,563.1122205446776
1.3169368524209968,19.917166965170303,50.70418168120094,153.65690627848718,390.75667083541924
1.338298770827504,21.71964820822533,51.12375283899494,142.66891762236756,456.45170405497817
1.3582398920286827,22.16653909895931,52.70565378123611,162.99569494896556,532.5945708860907
1.3522148046785614,20.846493426441945,52.02848388368111,164.39098795308553,473.2463609311007
1.30402565465747,19.392728924507317,51.77333522378497,162.60586688212845,416.0106878888799
1.3577499764059457,22.591255660342263,50.583055832090785,142.01543336327646,582.1829626390712
1.2930144037088653,18.82303675657408,49.219992768649135,160.97949686615445,388.8738340020404
1.3170956160813931,18.898848812242257,50.48853455912259,163.827832337327,447.2801954120255
1.3070145631009038,19.76528373588561,51.644657447521936,157.17221046830002,421.2738529322686
1.3378488103112667,21.295683848446988,50.003484466257255,131.62984657653422,422.49498120012765
1.3227830902090527,20.325150177876647,48.270499797408725,141.25971304123271,425.9985476498206
1.3133559355738866,19.558544784557537,51.23195574856716,165.31932695731706,475.25164998369127
1.3099949527777301,20.264886745163224,50.340830491720986,148.9439597808897,487.13835331468334
1.3147737062780256,20.562186544216786,51.21944323487444,150.41558614855978,477.58395367733294
1.3470365959427404,22.05684409926329,48.9618738079315,146.82943697240734,561.3368110377946
1.3005573371864354,19.577930061196174,50.20153355779431,166.0444300592647,493.68110377725947
1.3605409556563863,22.25752010601123,53.49010626615195,162.75874029232165,603.5664920458357
1.3342900754460747,21.976618468924976,51.318213519772115,145.0359373938193,559.2155092852198
1.3513536802293038,22.258951815858318,50.125425730607866,145.01018154766496,479.80742044309943
1.3188562285368097,19.249220269622906,48.21884860817939,162.35135713817064,450.78413243550455
1.3667830701806944,24.416893379043017,52.301630155533005,133.55832963092055,611.917997397241
1.3286236530044508,20.760984097853008,51.61205244814742,148.89518998634753,455.2252209272739
1.347379415888088,22.540919432868115,49.6937365197781,149.3371939363576,481.28127688616496
1.317167467113176,21.209447603935107,51.360015611528816,135.16771939579843,428.7420807283014
1.3483273507308509,20.730125605846798,49.16432569391055,154.50084184772567,473.8490835955234
1.3439302093547085,21.31644895762978,49.112253255742125,149.6163318289862,505.0548457991412
1.3184279729318193,21.60606857802809,51.924858348246886,146.33870845300868,433.65159328137565
1.3500405039868437,21.620003143677266,52.86096618723915,164.31742167657367,453.9614200564382
1.3251084848217431,19.38230043084737,50.34649472821961,182.06773250668667,422.4027808658296
1.2707575085498402,18.008363394752834,46.30534144101271,155.33308492179256,360.936969644939
1.3277260831354816,21.15932290715518,52.48647258912402,139.74624511360918,492.15578427579567
1.3038975709826668,20.652065493542494,49.29300177423574,149.5782796047544,543.6507691564531
1.3428198541253997,21.84877469155168,52.3709338971835,143.57683432440268,490.4031981684422
1.3183199859645,18.22091970461777,48.69708511436068,167.35019750026947,362.4086219239167
1.3656732987076874,21.25663507255576,50.98584473780469,163.1694597751088,390.07291040185675
1.3499921091790044,22.11812065122299,49.430122553583864,138.3848632428819,433.0151451039415
1.362744601813234,23.213827422737126,50.689190993657604,126.79599726598812,521.798227600495
1.3063577710644172,20.424732743648985,49.293869810824546,135.00662524321646,416.2071271710893
1.3080828436522955,19.309319099493816,50.13606858429158,169.81652453040346,518.0370655170387
1.3487874980673988,23.11067782344206,49.024796065978954,123.04491699939918,496.3807477877919
1.3655345887583383,22.932659241355235,51.67068523665958,151.47798234785014,480.162492361323
1.3758933628811794,23.325899481640352,53.15907447371598,140.85463932841478,550.092360582699
1.3344740148764593,20.485559450093774,50.61960889221153,158.10198025199685,499.6546782060459
1.3204902264002483,22.588320482548134,49.3437144538641,122.87916641970786,583.4178694918728
1.3077877826183284,18.19071288290855,48.62924471479271,173.7526762654236,356.95633330671086
1.3594689502257418,21.64894124329521,53.351521921483524,165.44684280615792,462.5512572576552
1.3739589922276703,22.950442329985037,49.05135675791439,140.70093305980416,429.23099663340474
1.3060806103518647,19.77163553931499,52.36414811257482,151.68121558570422,439.0072197683178
1.3060728503856271,19.156705378681988,47.31372420859252,173.48501346565698,432.24757714627833
1.3575582706312392,22.555541187937287,49.43011824000898,121.86827872997607,486.5831289367069
1.3430359229108153,21.55615554356455,50.87115272962017,149.28822877751904,410.476468667494
1.3239416279604401,18.576731384306292,48.094563885027725,170.93519528613783,381.3359916573053
1.3064717001559418,19.219457423432576,45.91381669700514,148.49223910793404,397.52961713700876
1.3527722065317378,22.283128910899702,51.69515316270389,136.0390208141124,478.0226047223235
1.3644263890745059,23.568415717578727,49.71595048470619,132.73410030590978,641.1580072155028
1.341021800958816,22.940316148100237,50.91198677070653,151.10530645233808,522.3653958128997
1.3585443587237784,21.707507488366254,48.55110054592306,158.62964580545045,560.0304270428619
1.3248100235386737,20.60914569097752,48.52553747513383,147.1884647123455,396.30031204574374
1.3166227555136367,20.68223124281902,50.59148183732362,160.53626262105536,542.4091327162383
1.3137829447972345,18.59718869578485,48.925097738646286,175.78257018084298,319.35859257155454
1.3610466747759595,23.07103049148574,53.61722396955525,134.90942149627085,494.02765556575525
1.337167670021675,21.289529986249146,49.83415148279735,143.72675159486903,539.3438894221478
1.3688652541318613,23.194350372585887,53.3302272413231,148.63510645875115,499.64422116305747
1.3214061620231667,21.15897984101681,50.27572631325505,146.5302245637496,487.0151605414249
1.3426332439911945,20.794942140431687,51.14115049081953,171.02508714151622,443.6784851762151
1.3759631794193998,22.48708803972108,50.86374302858676,152.34620278677636,514.1555279432132
1.3274972214171388,19.942217890634346,50.35583621980414,158.5969725655648,413.87545830291793
1.326404462284974,21.580780450327776,52.237373474935296,148.6293318386374,460.42987010631253
1.300824363827243,17.99632125162061,52.21362051016281,171.39258587220058,358.96361064925276
1.3706969206003445,22.207547365210942,54.23813994833421,168.34688453110383,381.6441604262469
1.318058887145539,19.72388328755664,49.01798734904387,158.55824357086271,450.0305727381379
1.4031979255818618,22.56619052737146,53.52715250952593,170.79170706028117,418.308099116712
1.3170924984232562,22.220389795312805,49.24249209529256,122.94179779910597,496.8278284071962
1.3524644901427487,21.671263869008964,51.76359877555932,136.7049439573869,404.3256717318797
1.3325542290321297,20.45263182987618,52.088725044922214,145.2490349097334,450.73833459351226
1.3220989142202253,21.12343900602505,51.355223537790245,128.63887062676358,498.52222380131934
1.3340384340488278,21.840955322885275,48.549373476866606,129.5854273068076,539.5388353905132
1.3153691023840919,18.990267536258038,47.417544690431605,166.6983542522793,404.45405224328215
1.331627754862242,21.624215735517428,51.38690724228711,143.618171229983,520.5322653216878
1.3479380279739748,20.804194775543763,52.24072654126194,154.0215218992844,407.33574319544783
1.3366506583587232,21.857138441876838,53.184753443562556,145.05937081876542,499.5528487402825
1.3013831610415367,19.602570518222947,50.12806560328689,147.2992133384753,401.2018399623491
1.3418206617583426,21.774091182247233,50.458213386846566,155.03696468390822,522.7319929668357
1.3313368007909268,21.427424713062305,51.47315571530671,153.84879595364578,502.55905184766414
1.335389569050033,21.938637701795475,49.52999482066571,131.89506074929994,517.2584849541039
1.3549869655405575,20.622040428704963,49.85542825250359,168.47404335882084,435.0709366828958
1.3264911909618786,19.778801248556157,51.435937680657005,166.71473935468805,406.7282994296951
1.3372370799005306,19.857971628645217,51.87026313056492,174.06363728407493,415.9836131202463
1.3256100488525666,21.78268635481976,48.71881947603573,149.34519211539364,527.918849861528
1.359025050475009,22.544823708933677,51.47621290488798,126.8390926670293,477.8193668126343
1.3152433339473586,20.792040455851215,48.96423423623888,132.05186644915307,437.35222573259705
1.377612151149231,22.746030652305755,50.5229769687604,125.97480729922935,423.7603032686727
1.355964994373876,22.267465090739822,49.80642648312265,145.858115037266,545.9763234374435
1.3289929345885678,20.41352223396965,52.43756439856135,165.18402843514764,459.6117893725635
1.3181065245493762,20.26523651706136,49.576563941095266,148.21338203608516,367.81054642434253
1.3577591468535035,23.130242180214886,52.93233770165843,145.76467469482833,642.9293999590873
1.3317364369851925,20.39894902725756,49.2525016895698,147.45180457534633,476.20755427706706
1.386059222480155,24.454590318844467,50.681068166196944,145.37673886290173,539.1157498464574
1.327361621696822,18.882135916826257,48.88933186873172,178.01307789597058,218.1248479921006
1.3181516669390274,20.93401389247871,53.145168117159926,139.1462303725742,383.6172182802543
1.318711412190206,19.693178605008647,52.93452169405491,158.67638749081263,457.5467845973757
1.287659380667338,19.488547434809703,50.1674723833145,144.61918085880592,424.4690195897772
1.360346998536238,22.754162275252405,49.88158127081413,148.87796776082803,480.77276789729376
1.3236245505516147,21.09289991604077,50.51981619859178,142.33079496841248,554.9950887471064
1.3331757996480569,20.856075213515446,48.81528207906979,166.95566048896714,450.8718354475486
1.3171789006531518,19.281793954920406,48.006188183908904,144.97365174288797,411.7140403502045
1.3412676138194635,20.766507262359987,50.95676616618436,173.16009257605367,475.36817170661124
1.3819860369790677,23.600306920688453,52.312378816285694,147.07248361009806,541.5348993656355
1.3027793584304648,21.050353821576266,52.002756256101485,142.64918324679633,499.03300883228553
1.350416721194892,22.188726886740206,52.65442051702994,157.3540867097761,487.9475005707273
1.3599939591394152,23.4575934335099,51.15426317621722,132.42945615267743,519.2859817942538
1.323411536454704,19.799969353704206,49.546770062148944,158.61950104480755,419.461485994857
1.3266644164883585,20.55712362020708,51.12988354125193,167.1084570691762,443.23326800020897
1.300419631270053,19.30963779577332,47.824026072541685,162.02744212280422,396.3705367486617
1.329149695011799,19.795396585707167,52.13529389302228,162.34384212394284,443.26092725025865
1.2980872137844708,20.094163636936102,49.91354547302496,147.8333637546412,517.7659083682502
1.3150222433221876,20.951959439894036,49.21048889155901,143.24054231008202,567.8851226152261
1.3287562257023566,20.219150543523146,48.6125746281476,155.15909364388907,431.65257170850015
1.3292306253830939,21.9812498484028,49.05847380966769,133.54906092284688,583.7087680962743
1.3197540417931959,21.210498083097697,51.70932043785556,144.1134828508418,526.0144634739454
1.315406433073459,20.349924934584756,50.664890771930814,156.15404791642808,447.54453713096046
1.3551193795445462,21.039622151190812,50.333834514886014,166.05519652518828,394.8404108698927
1.3506893546769976,21.815122736675526,52.13711451951444,147.75299966970724,513.0815655663173
1.3318017163188947,20.812403343809926,51.022829486524856,149.86131655436347,445.78743777826224
1.287707251611018,17.39386305007491,50.82919130470475,172.21234094556772,350.27755328201755
1.3184687704816562,21.196410844094714,49.84037169148811,151.32517259262661,525.2009676992737
1.3121743246948754,19.98155947865219,51.120889137897684,158.6014947920131,430.7631244323821
1.2823469408675232,20.239864426102745,51.347975655736086,137.8274015678657,538.7625747972202
1.3015401473002397,19.917475811604177,46.61534084608852,140.96876305104178,421.57017557452656
1.3325160420931843,20.583012734204797,49.68515926567362,128.69527035471447,485.75757617813156
1.3305282427411986,20.524226150641788,52.748974342233744,158.67911016032252,460.44545145670673
1.3903582537266752,23.541892027410633,54.25393736125153,158.80617510646076,560.0680538344502
1.3215392891901576,20.63943529930031,54.33431698968434,154.51945459600276,481.7189082817232
1.3455257832829806,21.410094540109835,51.38545642015778,156.56889744722332,390.05843365323506
1.3475980624797752,22.469278017554863,51.41788829883932,134.9732866348776,460.00856810526807
1.3030947444178886,21.390321109279366,51.61832181603122,138.06300831052687,535.5193641667316
1.348344960340001,22.707935485665875,50.09606035085927,129.69841345050295,577.3769468107827
1.3281016486743482,20.175171056147494,47.47540512483214,157.2805740937508,471.7984168321844
1.328072867897513,20.684821113344874,50.04151318918054,165.91358912945373,550.7938187332965
1.317122013169551,18.846962864677618,51.6764785761997,181.38534777702273,367.1399928318191
1.3106115664661793,21.767216678467808,50.44117784918998,133.31556689236314,676.1662243716561
1.3584238999293525,22.132716205877976,49.64358113143641,141.21910570468305,441.01688191991457
1.3374416724152103,22.359626243802186,50.535716268947425,131.22777199051646,480.63136846628316
1.3383652271695778,21.144675128805975,51.73913251429623,151.36133948378404,485.81611290438065
1.3483247502117213,22.242527363337846,53.3352989782227,147.47198854973732,414.7417235802079
1.348186794785373,22.092794014785742,52.790672745019634,150.79908512767895,472.3628698210695
1.3368915139187985,22.08909145651715,52.365829681719454,139.52242744547118,567.5920260619565
1.3237668056674026,20.737288506898885,52.092500880468194,148.9974182765667,491.4412136042364
1.3699082236966602,23.94322530424549,52.01380988029272,146.5366521840129,447.855216747744
1.312666972141738,20.75309566101086,49.77807245572933,135.05701294958274,607.8283789715206
1.2934470455418556,18.53876516446835,48.7341514449418,171.38946108750991,399.0743595926668
1.3139273946816066,20.83852122100907,50.6278875823746,125.02188930117734,514.3616812108484
1.305575372000993,19.204578565049708,49.20413316689795,158.2744092173174,402.15547704802486
1.3449974217733955,22.992974936452153,51.34803966153419,131.67017993443696,545.8615397783801
1.3423838388984441,20.67782816341241,51.69652679633632,171.05203888339918,434.53707441034055
1.357658281522916,22.015587749503243,51.27329503015432,150.81512408810525,418.61253715579915
1.2957240683399545,21.075240745736863,49.23557725466299,120.48395444767688,435.45126620390784
1.3652238844965616,20.64729256527881,48.56186714587444,159.31305694570267,412.25473442269316
1.3378287643055446,21.44302222697889,51.51078012288955,144.43642293723008,517.669989367811
1.293496941063737,20.227694794818554,48.82829874610865,129.48504119086044,505.2311559686993
1.3679976355573866,22.544849198305524,51.33328348908366,162.04939616532062,483.3270827439218
1.3709315768846813,23.728921694095746,54.14003352648112,144.56483107629506,548.2201015900082
1.3415800446878452,21.839337761651258,51.15130563279503,134.8981622658938,538.3226746808622
1.3174367565853118,20.200403565395362,51.1615140559091,163.08896175286557,500.89396437130245
1.3105186580581085,20.192753968200265,49.37570269014057,152.81506507024454,458.35006962809973
1.28499440928481,18.633401502335825,48.56400152838353,151.7634196751371,368.9038902592366
1.349716972208804,22.09514240439726,47.71175273157165,143.57190213605034,489.85913784080344
1.3393683396799054,21.25437422330647,51.11199712321585,134.86331896660147,458.8637695442709
1.3382361769654068,22.0830904976,50.463570310528155,136.67060541643463,537.7829105603827
1.386781474406229,23.697208425684263,54.082915309746,146.44086571100468,475.1047191534517
1.3582348849585055,22.04861692503895,50.49767761780239,140.84601746026192,470.4399004238725
1.367089039929327,23.637966628362555,52.248210539060736,126.9309183381688,558.7502982615653
1.3383207279754228,20.66590567309871,49.90699421715361,159.9226990097234,505.3390113550523
1.3343286301755397,18.721076171657867,51.25358784192247,177.28282584948485,383.6741098563854
1.3215820637888243,20.77182109430212,50.79243039449662,157.31129453550983,465.5775853765883
1.3407529477859053,21.083723068408272,51.199793019342614,140.63754396099642,500.13556619219514
1.2758481485927904,18.471978571986543,49.25184469898535,146.77639936478366,378.0535625950505
1.3847710508398543,23.865703412317114,49.66159312324917,140.97998659063154,444.8848111666217
1.3468889458944437,22.00971534753003,51.95171858584122,149.38935680165605,507.8917161028248
1.3179653638701632,19.563640846129886,51.21187038165419,156.4458805135817,419.7309288304389
1.3449052157602248,22.275396304330062,50.144479226775495,131.66477432796427,509.98200717306094
1.3274850859858194,21.046846925104997,50.89483715228008,147.87084837312847,536.4437376190415
1.3250818760796848,19.046290282399635,49.51873246837238,170.93566893667554,400.42708808001333
1.3532375335848432,22.220693463782112,51.991416713826936,142.25470838591374,469.9569847466692
1.297321952388492,18.15063244708354,47.26989677463509,180.52798725205392,435.7071150061113
1.3263333221895677,20.377241025720796,52.65891106006134,154.8312136655304,524.5435594217206
1.3097986736662643,22.151229602629954,51.17191447111671,135.3818287307413,525.2845166506813
1.3433297831298274,19.95566086562407,48.68951016838525,166.63308321793124,405.72843774988615
1.296440861865469,19.330998569658107,48.775669466674856,146.76627649683692,457.17751975486726
1.326894970643152,20.846998923664593,51.887786602372756,164.93435873055333,460.5547720665373
1.3416179051369306,21.067824013958088,49.86165076899284,154.32503992741573,422.6048126811809
1.384696311081353,22.91051468318255,48.66917069027543,140.7728291406928,508.2619329461853
1.367919708425811,22.786233080749046,53.615704057205306,138.0857285971471,528.2869182408464
1.3241547613232272,21.395642906849183,51.46845365037387,125.94454483858881,428.7093307053467
1.3149254577658192,19.255791261474,52.1184814289028,172.62690740097707,375.62525914365403
1.3333505092098739,19.116702486366535,52.19161692084915,165.7168872600206,343.51656142031356
1.3489095611380608,22.965102137060526,51.66458255256757,129.88159671774994,493.88366583840264
1.3576441878229313,22.207495166268913,50.941080763041604,141.34425151506932,451.55955033022275
1.2664520124606549,18.427375968081897,48.69171727749437,170.7686530367635,498.57744664494646
1.355151188481718,20.54209936138259,50.392564137134755,153.2057617298922,382.57286001389593
1.3131551198880937,19.767218667924524,51.66241963920131,146.78465123744954,401.57311932225787
1.3580054499630363,23.784749881746777,52.43932884311043,136.6657052458032,521.952622797339
1.324403936547505,20.147137824370386,49.254041537933695,156.36932735748385,475.87423153968047
1.3315420171518566,21.04184064201343,48.741513771361355,142.6347742443259,517.7701737263337
1.317591614509922,20.67060702783563,49.81053188658226,152.34592648437993,450.79169151789387
1.3024499715126583,20.522868281232967,49.83240814055589,136.8128586425844,482.7221038984069
1.3371497571815594,20.935347817022123,52.25430897788572,148.6325464513667,405.00778045492234
1.371201703810267,22.712956205909258,51.885489834476914,152.82802957812117,546.9156070658508
1.3549284949867508,21.721035026446387,51.68204153042531,175.72177682616126,497.3656428636231
1.3354373932697594,19.702785939181798,49.94484852358491,168.00751973164358,364.3086407743436
1.356838577732315,23.781512067882254,50.50824218430709,127.27827678845168,547.442762779311
1.3248095298003986,20.986590927398034,51.235301509501326,149.12117166199542,432.1607530733192
1.3206519218964488,20.716106649302162,51.52273751412276,144.74039408679343,487.7735442806447
1.343964509342429,20.35913622901342,52.884483944170015,166.96465482294658,384.49178791094596
1.3157565081246225,21.224745013956777,48.94902858292763,141.51078392986167,501.7101432297749
1.3471986720955544,20.77715861101159,51.04135471679059,160.88358320680877,533.8868340036586
1.3198078644711853,21.30993662804823,50.27801416930316,121.66263728055353,550.4170541687739
1.3463269994025746,19.500856558939212,51.61979583557263,170.15055764610372,359.53329318468263
1.333228349138922,21.197379935779452,51.10614591808971,137.0132119072582,514.7788636133328
1.353720000037263,20.88766040409571,52.83814110077255,166.26272902311075,399.8879281430772
1.3427468014257433,20.605527480221003,52.55802724445097,160.839660917536,341.52491509969417
1.3266333923310265,19.996856999922063,47.07587937442848,158.2556118985965,506.7381421466966
1.3314738398816361,20.544816165520245,54.55041067032567,157.95407817023965,472.2431361866874
1.3420285655146167,19.41201472785212,53.440734402588554,183.7517073870679,436.6956214849849
1.3195818824752257,20.51451712310228,53.03203749986282,149.61466585127442,466.64001158171743
1.3635139063836115,22.043200667669964,50.29540367971829,161.04906432796838,500.5193833789604
1.3860047018726112,25.041024436863626,51.44980523417875,135.60138039037795,584.1093843329968
1.3252874478224872,20.753225705575876,50.92456086536453,151.0989791676032,437.85743921921954
1.3513584661617766,21.579444521671675,50.195688066850686,137.67565219984232,485.50256722588404
1.364411560258063,22.851371539556293,49.47823476749003,143.77023449910328,502.79631567001314
1.3182677395268598,20.43093247704241,50.86111593357786,163.61927871913323,430.332945938466
1.3411934902947642,22.130690563001508,50.64392843285792,149.07427215587856,475.6723270816971
1.3472765064211452,20.656790070149796,49.9478211142802,157.03264942108916,408.8025970766955
1.3241121544614032,21.503648728198566,50.19613623204616,142.51958298490734,473.5643480501869
1.311674801119357,20.4655506536314,51.29340950829554,154.87087360477608,519.9931460256088
1.3366037194989686,21.476588511661557,50.73034912166583,136.90330600640578,492.52909928484326
1.3480764299773433,21.649704083987427,50.4306218516123,134.8119886155962,564.5780119655781
1.321319322547732,20.081524399442404,50.94887013477132,145.8898335944643,444.69567699784193
1.2984788716777416,18.549637540565897,48.59348846823974,166.82461055998039,437.3996127673948
1.3330327036649707,21.255024609853564,50.60506198933211,145.22454864487884,475.89222182855656
1.3448772625171785,19.86580752263911,50.70776927370859,175.99724044027457,304.7844437091222
1.3565430487744903,21.146618617368375,50.0446438836168,140.12293828025628,424.1539657422808
1.337264716259956,21.46187934280391,48.654574418397196,122.92379930676,526.1947131963766
1.3453831889951235,22.255216325565417,51.71402576666346,138.3621440029206,467.4242542344663
1.356865356731709,23.199750796491635,52.07461501635123,129.59364507524455,540.3992156414745
1.3326935098222643,20.3644029660874,49.26976330366074,151.11454660429774,364.5172094697361
1.3724073261842138,23.107297790781438,52.17421310248975,151.5482399989871,433.5463593228696
1.3305287429411983,20.97382615678363,51.06344779020472,151.11554630791235,446.7601909745924
1.3490422226208993,22.73447883719118,51.27414638584032,127.78687561632513,515.2099116993226
1.3428332912091652,22.179068136717603,51.96780110191023,142.7693643267802,519.8670755078897
1.3021169760837135,18.247712603483283,50.11366028676157,174.9142975650101,422.41556765258554
1.3336639349597663,20.297734372932492,50.55623704563159,157.13221223237025,472.2881760424436
1.3230311280604887,19.884358053469125,50.62533932252506,152.3443828315678,483.75557654794784
1.3305824819962107,20.09638234436093,50.06501781839607,168.4742509184061,463.35446919234886
1.3421647762125182,22.813005781732457,51.169125532829966,132.978506945482,527.9506204447662
1.3571270221225862,23.074871470292962,50.98034959597775,141.3905649159652,524.3696983515244
1.3593885634898557,23.24490845430158,52.81776584891243,124.20235126138218,539.4848302445919
1.3408279505102878,21.394308251420302,51.194776406297585,150.6236191554884,464.78651200723726
1.338575712092903,22.70973541702594,51.83104361311919,120.3678161775164,503.75580523002253
1.327103735856975,20.022931448766474,50.25986286991979,150.30226248831835,414.12561938234336
1.315623375070361,20.688219766885272,49.21807537378565,127.44966924323812,403.1182495349118
1.3192716823988309,20.06073589014872,50.85324522504597,158.55264546001467,399.6951011898595
1.3804554546715337,21.915067282916546,51.36381980998118,151.50286694746524,409.56009100034026
1.35465793576381,22.558614948513004,52.22129453116554,148.58955925656002,521.8198919370845
1.3406201514507168,21.783514858942514,51.047302140519264,142.83704520582907,480.23816257163975
1.3299585954072741,20.017448887056837,48.90153215785643,163.70536156845947,360.0370674804623
1.3339608736716086,19.981146911605727,50.543075145982016,170.55239402970568,413.4393095179628
1.374799566359682,23.72181449158049,51.03524510210753,142.55716711231662,543.9305849468934
1.3359274864643567,21.51618995801207,52.60762666498872,154.2873161944394,465.25928123212964
1.3528425654220773,21.711640402667204,51.76061492709758,167.79414447688188,511.11766439289727
1.3061503216722834,19.727846802884045,50.024630661449514,142.08172066696915,501.7187549406451
1.363364533561995,22.957577432687536,51.30508931400233,149.22828645144992,516.8325996041713
1.303681839714854,19.24809008195775,50.65435840213233,165.3478321505447,425.7188890394084
1.3501458115593237,22.236686627199973,49.83897400846978,142.34993244563162,568.6434170535179
1.3290929955890567,20.972101619155303,51.373973553474165,134.91374969735125,433.47190573831085
1.337089569425792,21.19963631853872,51.648603655061336,150.24245434451296,474.7735222066428
1.364019795942532,23.4055837764653,52.77862503933365,132.58326384545464,529.4518412434485
1.3246311153083157,20.09839431614332,51.15388335066721,166.8344232131042,423.73689836430697
1.31909609715409,19.787080783489063,49.92493219036716,158.12556844391332,468.87541107218794
1.335560011169154,21.493665006161283,51.25190644655598,150.5218325275231,467.2418653805902
1.3276296684261837,21.39852267258568,52.05747499830041,147.53360673986873,499.8823589665194
1.3243222713858103,20.5197596068238,51.795379914941606,157.26407984575582,388.6318658873747
1.323507587316569,21.687331674106563,49.747179682467696,138.55238624357847,455.6893265692811
1.3550691076464063,22.811826461042244,55.46205618410113,131.7677849279681,521.1810534369802
1.3046251885688207,21.17945489813248,51.99049130047173,139.9210936047853,565.0128284529155
1.3422793915883582,21.245788611531694,48.03756935279263,135.24630181836648,438.4698424262841
1.3514120120824686,22.556095201036083,48.61068443697624,143.8873483230392,464.247610869896
1.3345282308340043,21.097052635214894,51.64597144052092,166.94687008124578,530.7332277681037
1.3498133375793457,21.734494311819876,51.607180317797074,134.1230036246812,436.62963469877263
1.3115817239889882,18.841174858454785,50.45260240393938,168.48773541119922,400.26515477568825
1.351084474748036,23.87180947929685,52.70675494220992,131.24095037032666,534.1327118684595
1.342457641102869,21.829820818484706,50.27621084828857,136.56777610197136,504.3140961876108
1.3364228910771832,20.44672681067869,49.180227107581516,153.89205071976457,421.63524398820675
1.3237696906497294,20.380557587739027,50.31673731583245,156.14350423914388,419.3990383033816
1.3605804424608268,20.462732678847097,52.74210338562885,168.48051122741634,318.5578666891266
1.3357517000573722,20.893562623130897,51.87282654009027,159.8159037241767,346.9478444014443
1.2948655450430373,19.431434289862775,50.712103847188025,159.92467409864616,379.9209664776649
1.3421704953049338,20.493853734841963,47.52226259088933,164.6978237245449,438.32651969980975
1.3195875967765947,19.511884794111936,49.22498146345036,153.66725436849532,492.52635892834144
1.3296113250456376,20.788398637770218,49.92952024790341,167.28374930784557,479.8123043067752
1.3582342021802316,22.256362386514006,50.84003065467392,143.37853266277287,550.2529398545186
1.3571384514717255,22.035721261682546,51.18896599409782,162.50063148122342,527.4226689904234
1.3744676064082881,22.97018173281577,54.65690870694697,147.88565031840164,505.4538538019154
1.3031279712971737,18.204673156032516,48.21421236212417,160.47537426683311,371.7455588150124
1.3227485503370557,21.915250269385048,52.281326036657525,142.8642727049455,538.237084039813
1.3430585491551548,22.259211908443667,51.33576277548785,130.51932804480998,535.7681438458251
1.3362404703515904,20.596711880639994,49.415774415739435,157.67981056763787,482.08764954832014
1.315184429509412,19.566474015247916,51.356836546805795,147.52767487996806,396.0316525268979
1.3473149836052791,20.81139541852589,51.7161267521492,157.87703463005096,418.77952098214143
1.308798901522035,21.288972738204805,53.58203442966933,149.8666647394029,449.5138171925393
1.2983321453319556,18.121898834809453,48.55872287876568,182.18336287064812,389.08643050965605
1.3262577352280156,22.007476711848796,49.89986685536823,144.47557714234995,518.9927687990632
1.3144185234778587,19.45329890507777,53.98155197918529,170.74053973081496,452.2920116685245
1.3681779130580924,23.078076572501065,52.494652728565285,146.68235474179667,490.26886142204506
1.3394545589522993,20.87763480929845,52.620591941623466,153.24624342439483,454.5229571509218
1.3241632127670568,21.462613575272165,51.39610071356874,137.6475696212648,472.9507798149059
1.3398776556579657,20.794963323758946,50.64537757993107,145.3220751194549,387.42101789188115
1.3416143166819448,22.408676103792395,51.460156720200644,130.6157721717507,591.6981040042909
1.3280195751290207,20.8887883966555,50.85947905273232,139.2642499084495,438.97632274223787
1.3457474783511731,20.858027810357783,50.64373423290598,148.94099903554567,428.4597741220261
1.3628493627442608,23.265815216789747,50.82832910365611,125.13145335524047,490.11429154679604
1.3574763832285857,23.238302702525527,51.41614095453519,143.26855560550217,512.4940769400384
1.3458887061483042,21.5770677096231,51.48096399138022,142.79330955857088,497.803257487102
1.3549066457129504,21.94718524078482,53.12906724194688,150.359655998363,497.05790582540527
1.3189171745705057,19.284910472761023,51.672438581607,159.14180945020638,424.9640719604119
1.3140460305350874,20.267028977529325,52.163278967039474,143.612938902903,432.3627125784165
1.333305782819886,20.975288697596483,49.50638009084148,153.37200054368319,447.10720369757223
1.33610478842221,21.779226953635206,52.206811851777296,145.004729355422,484.7908777851798
1.3025582656653905,21.056817191640533,48.21666126732983,131.2636919601822,537.392009550173
1.3278289819321891,20.968448783669054,49.91952908747905,151.0020979148439,501.424299837413
1.386506545870038,24.307650027972834,51.131518105603256,146.0802502979358,582.3265476948475
1.385660631555856,23.7092620178454,50.540665609440445,134.34337070348215,525.0810839676268
1.2982347106479932,20.637176899683652,52.00320402502003,140.21830626989112,407.34012998325477
1.3461315762781503,21.586844975992857,52.719128057052124,145.80076474422432,475.551102484022
1.3320097997855722,19.500425360526272,52.53186562508422,165.09089214471055,428.1774168447787
1.3459198248906532,23.09611478795815,50.617816134126414,121.69020841033091,545.0261984892817
1.3184816291201136,21.382282233318513,50.71503196108077,149.04725196791676,526.7980765437395
1.3253526975581704,20.902632479660532,52.57294739096837,153.92894236062085,496.0504527243464
1.37437777231347,24.175661052044816,50.084004775489525,133.03377830766254,564.7205613947006
1.3345464725138543,19.670667028486598,49.66688236963267,172.5100405844326,386.5872537755801
1.342664071296394,20.305122269404862,51.203712835834956,148.57178685150402,390.1190156105602
1.3750064749250135,23.087492361863966,53.36168856821797,148.94563146103158,481.2460031139316
1.3553916329347466,20.997174384016905,51.953439423068446,165.16402169226004,452.8759539268753
1.300732316213149,18.609069756479,53.270649692932885,168.13896147792224,467.8212187703232
1.3197289454438508,20.455705739544744,51.17195714964,149.52581175896617,421.09693896368634
1.31170503342075,20.440967482492184,48.99741813492972,144.02222454062888,438.7747662491192
1.3406969596056761,21.38804999113398,51.699512993451066,155.50647634736075,461.9198712392825
1.33525450388418,20.54407617669068,49.316400841969866,161.19099586557235,465.73196168162906
1.2996471825510572,20.080012342328203,49.14652855121712,147.4370936066476,427.0698057091486
1.35420844739282,20.853363829292746,54.30172188999821,152.58640484368203,407.19138861332294
1.3480543007297503,21.05933343705793,51.866972532468154,150.96796833381168,429.6512483539619
1.3624672621469573,23.73928869974888,51.25965408017638,125.40467049895788,529.2343161065874
1.3424718013276578,21.220239522131138,48.08305010066258,151.77666553937578,484.9924700388618
1.3039585198277037,19.68483347648231,51.37651676898628,153.9374341202032,459.16288567349693
1.3581478764396917,22.407234794045788,53.51474824328659,137.79191177787,534.5308980400519
1.3163478950420284,20.177500460027254,50.59874251251991,151.88818926559463,459.67897776881097
1.3621084009467486,22.26317369886593,51.14230919204195,143.4502355402969,467.49181917866554
1.3180792330827182,20.7634746442273,49.62077081666502,132.8695884849455,438.37953314205123
1.3861050081423862,24.46186611970337,51.306700243132425,129.1920576870176,577.79797155506
1.349398726616944,20.960493482278494,47.37180210487249,154.2509188971184,475.4912855097068
1.360626260320587,22.971369525296375,52.49303541188553,151.29276133647693,497.3556067690463
1.381029739947274,26.911483075968782,50.64294029071078,122.89493475851218,609.6930146998083
1.3193567160364528,20.747309654885147,49.25129872465013,154.86950473523478,453.8327096344112
1.3126601848838397,20.58770295922762,52.72102166182275,144.9480532912424,363.8064481966501
1.357690865310133,22.542410772412065,52.277845302034954,142.04803249652113,534.979113284014
1.3555928878080379,22.63479624194344,52.44687667128768,146.03026605738359,472.5190109894645
1.3249120983011384,18.76351440018895,48.02235379797508,170.7736833678168,381.85052625726433
1.304892349641786,18.974050232724544,50.10381136507609,169.8317979334068,368.5172378180049
1.3295177057013203,21.18152133239535,54.144678031192676,147.8558999988282,464.5969941771607
1.382856398537863,23.298359938543513,49.96744742367237,142.83618927063546,466.1633462756516
1.3245888847849034,20.94897384799881,51.623469113812476,151.28960178649072,474.2388681253134
1.3589255158928708,22.695429494602767,51.630924425094065,149.86636728465947,528.0616852353897
1.3120046018147837,20.218591340874603,50.95129229966439,132.36824375265965,499.552329318589
1.3728013002504378,22.376355530907375,51.90413044233979,159.19689415318987,520.3559938212716
1.3522961703203238,21.9596904702515,50.909871877323525,151.33353274174436,538.4469264692411
1.327739219322922,19.252247207383395,51.257481930136684,175.6740050348697,401.76918387318136
1.3211693364920243,21.1908799204679,49.75485903639988,131.44212492171982,467.4194635957436
1.3057756529691436,19.642556977293793,51.156132448563426,162.78518148449484,425.4447565108189
1.3620193193681345,22.672877107568894,51.539366719263796,145.34217387929155,483.63653209919147
1.3641616889899986,23.495496861504193,48.78903504231413,139.20336191891707,488.01231852455396
1.3289269281036735,20.974699788481907,48.064903738123,133.12236533919224,526.5190236928808
1.3211409401596859,19.8746229444958,49.06056669578039,154.59028465713521,507.0940295374536
1.384154458595706,22.17733153299171,50.93811866318163,153.63308970419365,488.5043793974431
1.329185812633277,20.706475410949775,51.54007711959566,152.85115382328237,430.2126604064206
1.313329223268884,19.959984395713736,47.163838754647095,146.05995133780004,472.32365078181425
1.3107932138324272,19.912963837934903,50.12438637222624,156.85148123168452,488.4036457265387
1.3010982997639016,18.948651964386816,50.02775062772323,176.7987947494128,475.9732309944862
1.3279490964671985,19.30090190218396,49.64936741715774,163.0861999555289,368.5882939377477
1.3252925318671407,20.715960017559233,48.429256256617265,137.99501183089416,419.12724735290084
1.309160013009092,18.965142131800746,52.27492301976859,146.53297981476211,397.56181861790736
1.2904143267589299,18.376268861489,48.12816783998119,153.9764765154984,408.36093158548795
1.3555347203835635,21.929071856211408,50.9612946497434,150.83081261597755,526.083654838047
1.3292313378641412,20.025871819507195,48.690516272121435,154.61318405654896,452.7236759582195
1.3531368654750642,22.322480920026518,50.29044595169726,139.47007782712205,482.4374734568461
1.3048570948230656,20.07512515782019,47.14601434080085,141.97972336138534,433.769822770382
1.3335360060202028,21.530249162473886,50.81597876526251,138.43183620311098,482.7511865493801
1.3742888162117908,23.352018573639427,51.59726952481014,130.6848657085881,482.13987274653056
1.327195354517313,19.468259668525242,49.597647379982526,165.02483624131392,438.18852711027523
1.3504392604871178,22.229213291574947,48.953156475773355,145.472179238428,493.4837167981685
1.3406618791164289,21.38799580850868,52.03685912164732,157.09138766955806,511.84442660793144
1.322795727435888,19.809132515584583,51.656131318202604,160.5193242033775,416.15048738194963
1.3571056779721609,22.461549625999393,50.2401173077041,139.6591171826197,521.0148022958408
1.339162805630738,20.95409880972126,50.72732072045841,158.51802610004944,462.8496559910887
1.326583389977127,21.066415675721426,49.779150005697005,150.13640145625808,400.9936873028167
1.2944135136279555,18.682245558751116,50.627257989791616,155.02654955738194,467.7928794396539
1.347040078469416,20.31610375040674,51.94581184984656,168.11622736127853,422.85596427394216
1.3748325938789494,24.48036750391276,49.585238803482106,121.36323558760894,532.6792273517842
1.3530328416299664,21.499699203405925,53.103229926496056,167.117404446601,442.98132087129227
1.314007031757836,18.71649268370578,48.79735949841324,158.85128609585814,447.0738176568657
1.3219284771655513,21.5252089140468,48.979736397026954,140.780739191939,505.44084166932515
1.3188972757097652,20.575165212062302,49.21353028163951,142.4718938183501,491.51552763264965
1.3272877016400757,19.93142854766026,51.5009730578958,156.43514091973097,367.16755023528634
1.3373839853908762,20.800686988635423,51.40115720880248,169.64398716768204,482.95759622978403
1.3626299112517506,23.089164664862817,50.40500033942072,147.5433962178034,563.3284188117209
1.3246906256990154,21.355740333874895,51.1328944746397,136.88817388344557,486.6165137038316
1.2970354070659957,19.533411606375978,47.79277222224044,152.06195628553013,414.9063448345115
1.2985386105410628,20.11302645430443,50.08848428562549,155.12431632195006,499.4072795041024
1.3200478479562627,20.777360301143336,51.3485026573622,130.87242149189206,483.88885738666124
1.3208561012507827,18.42269677976727,45.81314119734332,168.58022191421358,426.3986529364344
1.3210119912072986,21.750886897414592,49.64364504698011,141.98201183493876,504.6163257839031
1.3235213708824878,20.866457237470986,51.28690599198083,149.5289406761689,438.48387673430244
1.2756418339122522,17.748995587811386,47.29067071590893,163.16316088406882,381.69238246947356
1.325190015075863,20.165373638021162,52.39263971389944,156.31679975985566,403.9215521042008
1.321443044351922,20.364720822415883,51.30149406017178,150.9766005032796,403.2276819430044
1.3802460506327008,23.186251905816565,52.747033939026686,157.02528308705763,480.2132962660437
1.338220402636431,20.36462363594163,52.47508546460964,166.97904279250105,394.5366919601037
1.2912419038785525,19.19966861161258,50.48936475090567,144.7635493875901,518.2456205972981
1.3300049853183902,19.392890072291124,48.343509624079466,153.18612868131777,457.5463910545682
1.325342316266084,19.22326117332667,48.06376144040909,157.45243099364544,416.315630457463
1.3350961608697676,19.91407165306433,49.27150796332147,169.52418985170073,455.59806168584436
1.357582362266644,21.1173796993265,51.20762197658044,160.47767088884729,471.6443413106004
1.3433966791851697,21.69087514595567,55.939422098653665,144.38310324762259,488.69041287841264
1.3297785058620106,18.917204347621887,51.32991873763267,168.88868914398046,413.08304773578175
1.3472391443265723,21.937397699455992,49.6620667433966,147.4588390532194,534.7058385707849
1.3156378050017705,20.014569059996493,49.92686131965239,169.17508994930571,463.24880591606166
1.3221250603901782,19.899201695154396,52.799913292688935,157.32317855224414,399.4998587631811
1.3549902810954353,22.466690236477458,51.75908352533967,144.29956247464185,504.8539706900572
1.356647612583221,21.604106870032247,51.922423094330014,155.16197264488645,392.2342061555539
1.3516927037772024,21.30914520300493,51.9801622913585,157.69510091253676,479.70707826731734
1.3232987776557346,21.028455963884607,49.20570504316039,122.99579828872263,524.0003874374651
1.2969738475229584,19.070100598051223,49.752217536568004,155.46497949720703,440.1390773407602
1.3316739612255017,19.97754207546891,52.345201333327054,168.90891616468514,372.0965011215068
1.3485164099603264,22.86973356745999,51.0656393657632,130.72320129323953,512.7296535735766
1.2708761959838937,18.265331069123413,47.51353437423584,159.13829776599673,454.146242509044
1.3105939654845495,18.49404350414841,48.69243334843222,179.1199980093533,411.82510260366627
1.3439214507526513,21.488372074860195,52.09377369891583,155.10203057513257,464.08796190311483
1.3200326401384554,19.582853049076157,49.32665430547651,153.46324536597496,446.8166535781742
1.3148802436258076,20.22403012472382,49.420676662477526,158.99994154059954,454.0785023523377
1.3233342752391044,22.151644800698776,51.2278844968649,132.4337924175579,513.3558160615232
1.3522505409072485,21.7740756126017,51.945039858050826,144.74940141206926,430.64442962799603
1.3471733231433285,21.55435808103205,49.09115615571403,151.10506240451582,538.5705356044297
1.3293253241810914,21.691533347984077,50.679339435310716,140.7814887923534,505.08323574425765
1.351987264792501,22.020650719433302,50.42294075593509,136.2001409279141,473.91702706754285
1.3599145511254658,20.84449971835689,50.85908635464744,168.84648775440516,370.11149415773275
1.3797096656448191,25.142714162352647,55.25073252178058,129.01842455992463,517.1511371969749
1.3759030328432273,24.364929549215354,51.92979076033421,132.24806763535545,497.373501023868
1.3153154927219257,20.91957195395925,49.727700852072,142.27501467587473,454.0301779878945
1.3621683585559108,23.17559805651711,51.46098663934141,136.55480419482788,514.8242828966476
1.3477112084628367,20.747097106781453,48.53402572055964,152.11784909914505,411.1156377475897
1.3424909513398173,21.293811376556093,52.482127868127264,149.0797676496095,596.5364151277639
1.3365299165462237,20.96091989044481,52.405360269255446,160.1837750738564,464.61637878207677
1.3737499278797016,23.956188920630737,51.185238191791875,126.1510790458774,543.8451913262041
1.34103328392315,21.278199422354025,48.89047141632337,136.47915619655964,443.78557186126307
1.30625859002156,20.153971982862416,49.8069172453317,137.07213334648296,492.24971377869275
1.317161092181904,19.942347825557114,48.637732265886555,155.16409176590219,386.24182623146027
1.3179910512200994,19.239832616842826,50.385386706201125,167.36664919665913,382.1058776445095
1.3528901273327574,24.123891515538997,51.5285764382289,127.75814402796044,513.6801819577829
1.3879678457078992,23.818242553265993,50.174054167462785,140.81874703481412,573.7489912243493
1.3187249735992546,20.39658111478498,49.620158515801236,136.73550829372883,447.01387055209466
1.3336403322727817,20.426717173616296,49.29369281692174,158.26139250265385,404.7519361045669
1.3890396781983507,25.554639295757973,53.21925864416326,128.4528359223454,620.7109355370239
1.3206104270590857,20.211018950633203,50.34037592085726,151.77134651706228,442.490320450966
1.3470609000750438,21.49543142694963,51.870254625782756,150.9931526718604,419.3540140348715
1.3440943718194491,21.118217244263075,51.950321855275135,156.1371792471118,472.55019591618685
1.3213791496433602,20.2010223054735,49.9562887843802,157.95146891672502,433.22332817445835
1.3326858985131331,21.054615764734585,49.50459016308962,142.14263039329182,489.704377326394
1.3506862930215555,22.268034442861392,49.40475007000909,136.35637149011538,541.0414422432906
1.3387260349382646,20.820004825180643,52.20244398557323,159.0118426795421,434.3348269124216
1.332442907430409,20.16497182885984,49.895473115618024,158.32177046017205,447.70621022040166
1.3556380837175872,22.758417743906776,49.893985737863446,144.5597203889486,495.30354481046675
1.3499698149386423,21.74699834110025,49.399869300290355,151.72070276858756,481.1737039244547
1.3468260624910962,20.735080485917532,48.98054137422626,165.33420129096388,469.01758697194856
1.344904330671298,21.324935280309337,51.92513343879731,153.28154275509297,428.36379995979763
1.325434767887933,21.179602762318055,49.66459927154412,147.52550432745608,454.8656775451021
1.3302577886010691,19.41204107600912,50.016578923673244,179.70153123735219,386.47684849055855
1.3094936785083635,19.113596248313456,49.475373954399494,173.12334712106485,427.2544232434031
1.2906898607670794,19.706176987974583,50.83547851758686,137.17853692133005,570.7544175075129
1.3337297124206735,21.579850586660264,51.44284373434646,143.90056401170241,539.4365330246793
1.3380683574590975,20.414174058606605,51.92488609686227,166.10060770965103,443.482773074162
1.3571948452801061,21.383384729722426,50.24542294370664,149.8132310602447,465.8135316639491
1.3129232543558602,20.227793813112235,50.75917780207449,159.6257941530486,400.4986228760172
1.3263682891110626,20.452949629949906,51.045961993314094,165.92894727341826,486.97710320687526
1.3515579479970616,20.89893517728523,50.08665963660621,161.88434127930122,472.5876894876012
1.3080041265297468,19.390936061893868,48.34865491665177,155.21012661002575,475.80734695114205
1.3338206940944024,20.48691487621738,48.16252162930569,158.64253418216796,477.40362495886706
1.3375246239813596,20.027796595440922,51.00523454233697,177.03264358410175,356.0653748967343
1.3474036637079103,22.1590407000053,48.69566142349853,143.3393832164202,550.2542602989408
1.3438379211601523,23.700882405026178,50.4852201056086,132.24228153782713,521.9877818483101
1.3211717845393331,20.506251703522867,47.679239878415835,146.60982747733732,441.4893611719793
1.3144781474012432,20.251113953781847,51.088613526909846,159.18883560439934,485.0326576489495
1.3243100828182472,20.83281739319895,50.95755577204929,157.36311779255564,510.6304813110346
1.3446412391185905,21.739358155219964,54.8672564496789,153.67616355997532,517.0399195823118
1.3494072163302777,22.55649255384601,50.41054937089775,129.9362896180085,494.0871484667948
1.3473566522601712,20.52641419652233,52.446942741315304,170.938829559911,430.251206278334
1.3610370603738573,22.704484623969844,52.82849932482788,143.15635970107397,504.92297810188205
1.3105683839888267,20.258730292270386,46.20959939897114,147.53286912000473,487.65845563638726
1.3490942409092626,21.090222614816945,51.7004067143243,151.0169458441696,412.0316273697091
1.3241879341828684,20.716895045900927,51.94732580771621,166.50173099296504,508.38843323525083
1.3164008746787523,21.26591003220709,46.28729748626147,130.81718013794494,473.58889099395145
1.327701444966093,20.668183916633446,52.157791641646845,164.20837923006724,424.2666094585081
1.3129075451078671,21.27455650360828,49.90908330369774,123.01137643390364,445.6224777369802
1.317401950778204,19.82664938819999,50.50053110250345,159.42717323985775,377.31470775442875
1.3228192477009184,20.34661659498911,48.13115854393402,138.5193144588686,460.8081780892782
1.3314356021603428,20.255214830128658,49.318160597864676,146.2181905874048,455.8166820992777
1.3396137758098239,21.731159946282137,51.40002643887383,124.4508522232312,471.25364935437614
1.339600870177219,20.760795001213932,52.7817515100849,170.1791249386956,332.2981537470169
1.3120090511123756,21.393926441929683,49.04483160879575,128.85020275932467,548.0177455005598
1.3306689640811213,21.932702939020235,49.19216408841445,136.70736918726746,581.4377359721585
1.3374288282538624,21.398387582702124,50.13254301885871,136.13321049583064,488.64778630065786
1.3377813401425478,21.37137292795315,51.54664980010668,153.2071495498947,484.8711384752597
1.333327929734235,22.163650232368205,50.607642261242255,135.3076327643088,489.52740926387304
1.3348002744865417,21.56753579683131,48.98664172547067,138.69291963562273,493.32612173367255
1.3279321179116155,21.029437123849384,50.97519374437633,137.20177997833403,418.74484597571666
1.3289142548483528,20.512549479473133,54.18957581008898,159.2428216451262,380.1963100810676
1.381148549830863,23.31290968711207,53.01037618865009,152.61033519238873,490.85791732465844
1.385023501662951,24.335237866325,53.54812691457186,124.39580287685253,539.3476802304541
1.3110725948513344,20.564907734507223,49.38971961730798,139.25628479347802,462.0462910141955
1.3426873399379344,19.82756362396433,50.723594404879655,166.3622017069732,430.35010123363236
1.3060964681305505,19.544133970897775,53.32637660056447,147.7851326728363,485.7175383039167
1.3464891992244903,22.31146167532737,50.02988041860328,137.48006383807768,502.36673873599807
1.3273666589287145,20.001508976836195,51.19182745832909,168.77107734465469,391.35084581860025
1.3355754039866974,21.892581650885504,50.43303785868203,137.95446953075933,526.0776297527351
1.3721326484941576,24.46907712717376,53.72610974939613,143.76962778632026,586.645262140255
1.359290322696503,21.210058409353156,50.81467479045565,156.9912965296314,430.898397130015
1.347367922712619,21.438347560853334,52.25044657562141,161.04084520571809,474.7137166119886
1.309933171385829,19.857294385943106,49.300618604928566,156.31373051960088,509.03805064463666
1.3650694520518019,23.230670342192692,48.20870276516299,126.38065313278881,467.39361045346874
1.3377709554205248,22.375739369686535,50.25153310325615,134.81687519154642,547.3399784953928
1.34531231428112,21.04040818529041,51.1000898254853,158.5611574878791,460.3666963127773
1.3350047039859905,21.444831232806155,54.68847653838347,155.24803981289602,506.75932375017214
1.303844952883075,21.09056439088034,50.020452199617814,121.13294048328484,482.9381220324071
1.3714316092667598,21.867455426073164,49.38007772863512,161.0987244913047,430.1366339722984
1.2986102162061655,19.147594880228205,51.508860104715616,158.02860446518878,457.96074763915385
1.3605584880115418,21.673461853924085,53.790343675948364,158.48686139579706,430.38353422406635
1.3177904533376774,20.94156696557745,51.87491435584015,132.20091416299732,420.5596220966294
1.3285753446785076,21.312310716168113,49.39281266311263,141.1956864993899,471.95058328581433
1.3136634209670612,20.216985219552164,51.96796103759984,148.298662209041,442.95161469258585
1.315514510537273,20.07871515285622,48.48003902762995,145.45608695804205,455.51249547771636
1.3393426155304242,21.468611045198216,50.63111026779851,149.5836287675606,466.0265496297618
1.3263440809450187,21.339753839246217,47.49711616236083,136.65518703289558,550.3425930035368
1.3169378912574756,18.85115928981197,51.407474593233644,180.36613767004667,363.5067791977773
1.3046369555816624,18.684555876072874,49.7638976959761,163.90732014189416,426.06583054651395
1.3408815418484374,21.29270331456699,51.63028021984611,161.5362039896296,419.44591486831763
1.3063357587715099,19.01025632120455,48.83878635910752,160.14919554570878,430.5289701070465
1.3103808343683143,20.703779924714404,51.06481353728231,149.10132498801326,439.8316740973694
1.319088649253431,20.708069788508297,50.97006988687627,146.25467745926835,463.62161029805014
1.343917697116828,22.00635713409651,48.74825598749889,128.6515251279206,482.10463868139783
1.3155051924269903,20.898083377187785,49.65314820147411,151.94777823894057,527.3251672367344
1.3689967565569257,23.12247894121993,51.844880469560245,139.3965587234742,487.0200294896013
1.3056115649823838,19.79972288390262,49.50684726512881,139.7752982833492,455.8341827571679
1.3002793780541053,19.646717195450886,50.07827264268441,157.4764926022927,443.74047830888566
1.3323597393858262,21.033553928812623,52.56772117812045,157.30369363085902,418.2353088668183
1.3742725158195483,22.045616347433374,53.01276007387422,170.20074252056736,466.29525315757337
1.3337584301160732,21.934985378009607,49.78079517636326,143.42106093683583,504.3924008803568
1.3456402004930033,20.948389671525803,52.49048487806663,161.97141099085255,399.05173137832054
1.3685872439133102,23.98325877224426,51.75569441833656,141.14797856075293,596.2446432273109
1.3239409944193814,20.786756433591847,50.69985561311367,150.3888376049247,479.39734452767203
1.340583688530582,21.355654501915687,50.84187668098224,152.08051445105647,483.58197779212435
1.3078097371682005,19.382800231181182,49.513578173370995,153.29528970388435,435.0244933952552
1.346986583797179,21.3036880459196,50.891793893808185,138.14238503521716,456.9581028622896
1.3317125060142945,21.588755224575962,51.60797171244168,140.97759517637377,506.9861755404153
1.342860680576309,23.730924057302538,51.30734674556096,128.20237793100506,576.2457856826437
1.3424533124163935,20.566009904367228,48.5272900114259,155.12160074546284,385.9797563352043
1.3476151253673763,20.609783582236826,50.98947473646281,167.64186535175222,411.46234619190017
1.317786983616562,21.556211000003824,53.01675492467983,127.46620499514589,507.5244915799249
1.2991034573065416,20.11517460699072,49.31787257661075,136.4838638868539,476.24827665240986
1.2965992852108874,19.34207677688008,49.07135380458361,159.93023191136575,471.05560537281247
1.3456433032239712,21.52700452356488,52.006485553660305,159.20269783801686,463.78795253985743
1.3131577281601408,20.309092162148406,50.29381373151061,150.5930991804921,517.3700515396922
1.3232199904294581,20.249668970731665,51.27612434439761,153.04309274027906,496.31641443317847
1.2896713903950974,19.72502755569118,49.37097125899598,149.16228557339474,455.9123199214404
1.3397333707769938,20.073018658734398,50.54736707748985,170.28061864725902,365.947566250883
1.3577048845938995,22.388259605203988,53.53924588770238,137.99455097550242,474.81796383336456
1.351000701711442,20.884464231565033,48.937263464473794,161.10689066318207,412.8127418934081
1.3031914180671162,19.673077693994358,49.47488746028181,147.99408290775784,441.1115527176238
1.2979300496014672,18.80223178154437,49.526843735688246,157.189298780522,416.58042499255885
1.3528637201320746,21.42083316804877,50.925527606323755,165.90186793361755,354.85290376074335
1.3281575811428357,20.370811401678196,52.75568108159243,159.97292554423257,508.5847215268617
1.3366648568746482,21.801641128309132,51.75421204720572,133.69733725373152,490.7205245254939
1.3396427965876223,20.795354909376922,49.40014871663094,157.85956953204555,487.0956685180212
1.3222275574128919,21.285126036009604,51.6039805455201,132.29046218686608,465.6818360135082
1.3281998017121124,20.851042515874795,53.987202519878366,164.78800077411282,530.3067761879025
1.3773856511084026,23.244081655686674,54.83161811809633,160.3920656597233,430.0891328059849
1.3208001903583664,19.95626606356094,50.24097312980601,159.0759593068974,520.3696008435891
1.3626717112397118,23.748065770636277,53.29519263800624,138.57617816372874,534.6204729832241
1.326497705155609,21.643478447859543,51.970786376743575,151.49064568910023,465.7670087206612
1.3253666102890331,21.007132719763852,50.87799470721401,146.68234456183689,501.87297006323325
1.3070168626000005,19.425276985969774,49.288654733581936,157.39457800073563,488.4911613888258
1.3356703741178253,21.533282534880307,50.12839213124698,131.8077165202847,513.9321749057785
1.3641762798843966,22.77343187156616,50.31635738921288,123.01118497949379,463.396480838244
1.4147103841314768,26.048281178115086,50.33002277318947,120.30379169537959,589.4939852366404
1.3091571576757133,19.05061264253616,50.02605619381427,171.3406439946999,440.3679655019756
1.3011148311604779,19.817317474050775,51.874031459807604,167.64759821911537,422.60952924677946
1.2872608587581507,19.469393382485027,51.20941224030427,145.13577077204565,471.9364971966452
1.2842407063372159,19.259900988622555,49.919789425675496,157.20397125187952,472.33908356562574
1.3090447955326057,19.60427383099021,49.24214435542383,152.23873368097372,429.0969778817582
1.2875864581607366,17.658684059589717,48.61096773387463,168.50506011957395,392.4267490475417
1.3378721258009088,20.30082037026495,50.12814671583391,159.25318278798665,476.3232979556388
1.3586753262580922,21.69468640948379,49.87092249496937,140.82550140633495,510.3650100238756
1.3447854490745756,21.31096717815828,50.614471809328144,152.85773892112738,437.7070073474759
1.3234856470328413,19.277841474822356,51.085299499238864,166.88389443644402,418.0927122963302
1.332357873843801,21.069832436750687,48.88847158088749,155.42081395471206,504.42117780378067
1.3429641580442269,20.44084033954593,53.013015312949356,152.76938314624812,398.34027342280103
1.3611287101329868,23.758997449547056,49.65184447611563,124.85134849075112,653.6192753915066
1.3246097527789336,19.43163411067433,48.952739709473484,162.82026504140745,415.0397377931554
1.3297663075153046,21.23667811999558,49.74930917507469,141.75196808907705,515.1392753707692
1.299358502265405,19.36869850827899,49.2832903262125,155.2480978988395,471.7751073893892
1.3635293216723308,22.485243544993537,51.932562966363356,142.62846134191807,440.6913329644544
1.3042058320585783,19.293859778303386,47.01877081498244,150.29807478585016,353.8116479855213
1.329045989022185,20.108900902445672,49.344533649539294,160.31135933044845,435.02349154098613
1.3081751401081494,21.08970755053626,51.26331984357978,120.50961124735016,536.3495113919402
1.3155726325676453,19.67810111832011,48.72222773912858,161.78947657274662,486.145893009049
1.3276884519051675,20.925365280377925,52.405709792897156,161.08036809885076,495.238178090641
1.3252888600511739,20.889001207989573,48.58540112907393,131.69359510049867,459.99417422083485
1.357417381415408,22.66480420965111,48.53793810823163,141.85781515741368,547.7736937731697
1.3096581615626057,19.824548907925028,47.48324267223057,152.75093234921857,436.088752907532
1.3635089981346726,22.817753896296185,49.30055247138565,139.04671392028123,529.2119057021877
1.350608264847355,20.81473928280996,48.30016480748725,148.4717721937336,377.7299629374023
1.3153980834095589,19.808017864550678,51.06812330187121,155.1612383844712,513.7352095373066
1.3429677570397323,21.3039831771068,50.49055777199205,155.05694168209214,415.5939915662505
1.3476514788123395,21.397927858043374,50.566323445230026,159.5644064723336,505.3345893283195
1.311649221649422,20.07397414281737,48.862540780792926,145.07629228081623,434.1285726672263
1.3280424547008547,20.367945477207492,49.561554831456974,145.79861993064566,452.00633164537993
1.3292370377538654,21.455931986513082,53.22179762977197,146.1199506410485,516.4963280911622
1.3275955236601567,20.43856547314379,52.471458708443556,161.84844170032468,460.4010101283901
1.3300950669866212,22.702751400283695,51.305087181745535,120.82593720000274,541.3149028768202
1.3233794773559644,21.02202088012585,52.9873791413471,150.79969013347613,477.50905342928303
1.322608172711268,20.74655435800745,50.13969021018312,141.19670676469286,454.2042527292739
1.3033436100844162,20.18415507464034,51.23871554123518,150.55939408709744,449.03997904380424
1.4003985452997032,22.68418652340988,51.99940644494337,160.2642487069209,473.3362769939913
1.3219668756994127,19.55690579495921,50.50552735799554,171.12302983760483,375.7109110864751
1.3128283218382886,19.543610499369382,51.16864967599001,177.69751400571846,427.63521607904147
1.3196771540099903,19.723222533729146,50.20612206544615,162.934419431254,449.6648203381319
1.3166439326182267,20.656219210760298,51.53706702192148,160.4251887013207,472.32813052891447
1.3218212876488296,19.16508085046406,49.638274713193425,169.62734535517734,387.2502424437349
1.318260167103007,19.102347299857257,49.31957259007292,158.156175729111,468.2918932468409
1.3071804305138994,19.79021134311566,49.1889095349414,142.41525653591174,476.6386396819101
1.3307986472999507,20.920073174385948,49.373241039783004,156.39693992224505,446.2669006265081
1.3247147424134007,19.576612990833006,49.362575284093545,170.05191828563255,396.43717110660396
1.3501326841191348,20.989351302726206,50.892026521543194,143.89256086330872,506.9188718934613
1.309388911549635,20.234889099306734,51.24256912287737,154.03342415181166,382.6713220530564
1.2952268465308108,21.148610792247908,50.16401934876903,124.96617653471868,516.0746551016713
1.3357467116442665,20.666625364404617,51.470565741164776,169.79912850073492,411.6147369352434
1.3410049061647786,21.97094832964305,50.42964868779753,150.0186868410387,441.6269085573619
1.3229197322296302,19.82862598552224,52.227484837649605,175.1623287552319,408.46928318284813
1.330672252162233,21.063738417540158,52.624873909814454,145.55677900528923,465.17035748687897
1.3408402328281217,21.18513725269342,51.05810006090436,162.34038062978573,559.7857954160122
1.3800146197000362,23.55247086530718,50.86271437497124,147.13636767056553,532.429427053562
1.3011021659169573,19.27916553711295,51.301378843126066,147.92500726724884,420.5115892503243
1.3407422758815983,21.857523481940174,50.94977497569203,135.8356467071688,472.5539044111753
1.3571469290450877,22.79245523312381,51.24521712248189,146.24260051767885,514.162048467146
1.3074697083011746,19.739930347836754,47.52568825094516,138.5267874984346,438.1437337345901
1.32515316574971,22.0077766361801,50.39700126381923,135.56644010964897,441.5580215425051
1.28979393769303,18.68084395479177,49.97933169532021,164.27492355547167,433.11696741644835
1.315197809890725,20.7966261574662,51.21883936943345,138.66297234359942,581.5794704850082
1.3396381298053985,20.220066507952016,50.33537116777192,164.44285915214311,427.5384290133623
1.3238100120417555,20.65587930606791,49.44301813795118,146.44149187085475,510.4758372076238
1.325040872150891,20.672275425846415,53.453896479035535,161.3081825031765,482.0699993598912
1.3451988634254295,20.971634271558205,51.563489873173125,160.1794742174601,432.2460290652767
1.3837298595691037,23.924416663892657,49.29821687381843,141.00220317923265,497.7267600379737
1.33419049705275,19.97852012706072,49.38540428893858,171.8491055655603,336.65190006165517
1.347145455707313,20.791115826949657,51.46671491206692,175.0544278685096,534.8041065531696
1.3435746257477372,21.125344157415512,53.1414365317718,159.1448221782543,536.1659811222586
1.3431406153330654,21.604779038677833,48.25924024837204,129.89080036076015,406.43744001383095
1.338108180819113,23.543642421177964,51.79389548867469,121.96879694511036,562.7283778137987
1.3167493494071316,20.612280735629184,47.82109272549166,135.90616643203535,546.3591977196843
1.307370258843679,18.43040116283102,49.20824519177561,167.79927083094395,484.6449951262943
1.3149393124575055,20.86724803090222,50.91136149282481,136.7939929373319,454.90984902404006
1.3378931906684162,21.162796139202232,49.497855149914294,150.8713771649143,457.39296558985245
1.348621897110181,23.620947263049462,50.63299265122839,134.4405982128717,587.6902352149672
1.3277295624118046,20.193654153091558,53.79622143137618,168.9921501255217,405.5280402450266
1.3557466769586686,22.89951369593789,53.20030193020917,143.34890384617785,572.1282423988998
1.3284914046501737,21.463382098341196,53.523380758593994,139.3410856809499,510.3524079457056
1.338674660559516,21.75035247837721,53.05159472101153,145.69122453211952,505.76184319621433
1.292583281829191,19.610754302389083,48.93884443193584,135.77593556229874,426.1517359214355
1.3267518342536928,20.517448363742556,51.02151921115747,149.00985746581873,456.5808850892866
1.3100294235655396,19.21018981473647,47.385883134936535,150.7063799558719,476.7461216902899
1.3640751508543967,23.154518080514784,50.517982871899946,163.83445269126855,597.8197131233258
1.3326726867372396,20.708999643732128,51.795676368651876,143.10044762349114,516.0814837264352
1.3574006440910846,22.424298233583645,52.001619745940225,136.34164083160607,468.1237791871409
1.3434668937103982,21.289413684551626,50.929951555838926,155.9946413327604,454.74724538089555
1.4092205159766826,24.476106932973913,51.997363687356,152.5859333989073,542.0796065885914
1.358792733692112,22.528403831219272,51.49592121747847,131.16928856033496,501.85556970591796
1.3365534539618928,21.299654251683066,50.0523755804861,167.975575673914,426.06071584977445
1.3377374064039254,21.996447243521647,49.396857231742835,135.97403337149814,508.9864588152106
1.3323062875208744,20.29582241893785,49.62302811917204,150.34705126885805,414.6770327628609
1.3530812481641075,22.311539703252866,52.250504124693876,159.21716254515724,522.2340871101557
1.3165598532838851,22.158489996290786,51.0457080436789,128.91034830904474,484.26373567127297
1.3292137399184338,19.373022934127953,51.435329639406646,149.7098724992052,394.84528152940356
1.3103196773671735,19.576013637909718,49.69265902722514,156.4701686052815,465.51571602600586
1.3170706061787474,18.39384852432117,51.42800749762955,188.9761017303434,299.5189714497206
1.313990869302118,19.777923424497324,51.10634864053201,166.70474791995207,471.60278675555946
1.332565427325109,21.882479054811483,51.01089610102131,129.51357032207864,619.7288284688653
1.34530352952298,22.419365490267417,50.50900836150958,131.73504603088222,508.2187856265254
1.3112319640820784,20.09957721561541,48.71911479112377,164.21726203998855,439.2955959039437
1.3464328076660121,20.826833563619285,51.790229216560185,172.27467389192563,497.43640224804346
1.3315568427933206,21.15751549374459,51.55354456849972,147.91502585698416,402.2720952756629
1.2676863683456314,17.835435845579486,50.17695875500144,163.88117862221594,357.77921969888564
1.3073294434468303,19.431298026432383,49.54067041359577,160.44845448314396,398.91725157510115
1.3224500918267612,21.387152424816115,50.96245344484552,143.3802310209491,484.1316373427654
1.3623870673519425,22.665770069694503,49.83744192791831,134.1546824790856,493.81185349726076
1.2950487479244541,20.17324845465324,51.86087963149737,133.87832212904345,449.58090090724045
1.3486269527630395,22.327242090741457,50.4842639625547,135.02904466731644,459.14677272349246
1.383714972551533,23.074747977397912,54.435247217668326,151.43633011879507,449.0829355435756
1.3701345824468179,23.28016150552834,51.580272086300326,162.21609409892238,487.1496033130244
1.3242883133359555,20.894413080914976,49.823416107076106,142.5571451810016,497.83848305626265
1.3432756117792533,22.85601704427892,49.651840321581496,123.25303592435743,524.1464545048482
1.3169818709971313,19.768831561252746,49.43121484712422,157.47347572878178,496.92085598700135
1.3302227259343764,20.366231169453307,51.846889449257645,166.28414516859988,442.7926831395789
1.3364664078491828,21.485014127279175,46.84750415597036,159.4292559433964,487.9725444854097
1.3519974485749848,22.024438440469595,49.55715995077135,144.4377136777704,426.1464559350729
1.340375489025719,21.601612438429733,51.77679678654191,142.05664150202284,416.7713810373285
1.3410735131369893,21.001460608438897,52.03167149532664,161.63197337293914,406.82608354586654
1.3289545542129324,20.179680708775162,50.150913606720124,156.12901081356236,435.5473494895592
1.3310696458447464,20.497892881357224,49.76631309520384,158.32749003888358,448.4573241061396
1.3248419061084622,18.19746007617469,48.281992789658034,185.2289297155544,282.26488084501267
1.3258838849875443,20.47449858645989,50.01894348321994,156.55960466921988,448.89208858273986
1.34001870206251,21.774253797702215,51.80101044306995,151.38345828434376,529.7047003617788
1.3266922551009515,19.6299085525695,49.11921828308096,152.5328540910136,435.9146125615674
1.3130925262191675,21.47810944955826,49.023277689785424,128.90583989794192,470.0019085402977
1.3371063196727422,20.533754562221393,53.21129818671897,157.38195745924722,536.9912282534864
1.3562139310254837,21.62559926377916,53.179839031992735,153.31623310635015,469.07588331110554
1.358450918949342,22.37091791222657,50.853751042447506,148.45609794404078,528.5309591569877
1.3214900091499617,21.69365553477502,50.13653807925368,135.05360586310582,435.6729430457538
1.3491939773384605,20.74781327444217,51.4940225055472,174.7162921154427,475.9706970517436
1.372546712778548,24.27011163089943,49.81733466804189,129.19775877710325,625.2634068527215
1.3216612534931684,21.55032118028074,53.63513276284547,128.85067476017875,394.880738378883
1.3250908395860599,21.041328932634475,48.016283140548595,133.84367330011057,449.5001833798506
1.3159122744427059,20.10536609993065,51.09248236296776,160.18145945856025,439.4465116256921
1.3292702410726471,20.712733903012456,50.91523274753686,147.87236051317075,460.66385483017035
1.3563221257938995,21.83483752763192,53.643421826228916,140.47525315433623,387.7287195237798
1.3037714063195798,18.79254097497165,48.49834523531601,165.54859711452212,340.202700027134
1.3161824281598644,19.80386950007829,49.44073974832608,151.05312895422657,435.0382067331908
1.3306851902830221,21.25145938441009,49.94979932765161,155.34553546889111,490.8358464006854
1.3351881417797598,21.853521444823894,51.556010627632816,138.92542246910043,499.4225892262826
1.3480142776658606,20.86640473823143,51.680979261868686,164.91108347869255,424.5659971152239
1.3290999045515253,21.01546433136923,51.035501170503764,149.71381720241928,493.8582184684263
1.3553343194359615,22.09280900081913,52.0705917557713,149.98568728662298,528.9939349845027
1.3566499566458945,20.127783361042255,52.82098140123525,181.5819674204831,449.75074922568285
1.336700717355695,19.62509981244513,50.76228941663262,170.25133097780196,484.72267158002967
1.3164836772529354,20.8498843407505,53.128886020243236,137.79773911720133,412.69116054227874
1.323263985813632,20.46919295838087,50.581568315947194,167.0797788594881,486.2547408628064
1.3187502198296066,20.289762860645148,49.756098769001454,147.24391435806004,382.7279977272528
1.3253188003744407,21.797692631769767,48.66931450614916,135.31263173967247,610.9914225347748
1.3050702175396753,20.215110122618036,51.5642770447905,157.66933013754408,463.85086313685
1.3195846002432075,20.614750830468502,50.55442074355038,158.07118480883665,408.7843647664478
1.3396909984887355,21.366714902886827,50.54331841725553,136.14420821291452,464.6114016418874
1.2902570774360038,18.589021360314643,50.21554867258225,155.07778948546797,433.55858155331623
1.350346721915789,21.35043486526036,54.33190648884902,155.7582337064391,487.26687101141084
1.3424002709698428,22.003931492154948,53.811520470533395,137.6291418331664,549.3742783408973
1.3482661309088821,20.871508085276275,49.16882997781933,165.71002105185045,475.66178327405936
1.3254705813762868,20.11025645341222,50.87331032314948,168.52638183194318,484.8324876857639
1.340631697429536,21.179511723324637,51.44745202382269,155.57243190677593,444.06214425263664
1.3357997796204673,21.73010519789516,50.27288783229388,138.67774641621304,509.5168205400946
1.32368329021667,20.740760761973156,54.688089328913925,143.4883455830814,421.17393291714217
1.3313457492868013,21.92623344040893,50.96044529120953,129.2805638408827,512.8995976383026
1.333778871902298,21.0702226762336,49.57817054077342,155.8089903872302,485.5424590832644
1.3234547778064345,20.954918793393254,50.28622665961842,135.676721555077,459.95625906896043
1.3347550426721164,21.96857604047178,47.878819324766674,134.06401608163944,543.2612610505021
1.3230186244536608,19.59770723010072,50.91604581946344,162.21330532360972,375.8142043781541
1.3239930182546107,20.739259149894796,52.08625188056882,148.5556330124811,428.7211287714398
1.3070332976293453,19.941063568136055,47.025314988867024,138.21383662729116,397.58275939937204
1.3363292826724233,19.21227999005295,49.62323727975765,185.86699997269045,342.9332983483705
1.3349694832452939,21.372905711461804,52.09227909704685,156.0313446709647,406.8542074171406
1.3541084764790492,23.75092691742003,57.13036949194814,146.51813784850833,522.8703137768518
1.3624083391167385,22.332605267029265,51.39001583355714,151.03439206958674,511.5194150542363
1.3120450579383895,19.66323445517853,50.359530574850474,163.8029418366047,433.2738847363332
1.3062775601720766,18.424099451292378,48.5787598296294,162.94113111899816,385.1431194359689
1.33869991041485,20.69803963176358,49.95508943489641,154.25906813358918,521.1570228773537
1.3108979256393782,21.30455213524573,51.78059748299869,137.50259624654456,563.9527618388654
1.3153739324170994,19.369348608399076,51.791306302515636,168.42558392457622,390.82940252835976
1.3493868859569325,21.301123652998836,49.39006724704314,154.40064804842763,395.6615847417238
1.3359994549947758,20.663855385260536,50.37536436427531,162.5462364692062,501.35474352493594
1.3604076542127892,22.874462759752774,51.80298110399056,145.9984858999547,549.6151800543489
1.3581996093447177,22.419264538743263,49.21209496026188,148.81484278947653,513.5663140823651
1.3503194861980676,21.298315488937114,52.81533176387986,174.8492735823458,430.43183957124734
1.338956417694856,20.722817399328118,52.776806280517654,155.30942918431845,469.17443979087227
1.3796227048876524,23.26161913753596,55.20607968153147,140.68364941626382,572.8359412764313
1.3229073020624567,20.074426575873,50.42198677292647,147.9805678668913,393.144893531819
1.367668289134265,20.945081863894707,52.417083251983065,153.83326098658756,430.43150230057785
1.301319796705132,20.5836831439967,52.15102293419539,137.59307419348278,478.6335318967584
1.3542038583518654,21.285256866067495,51.44821366603682,159.66847910074645,378.71059453735063
1.333923214555405,21.593977376727214,49.713927620856445,131.08371730530433,507.30976948090125
1.3282048485492135,20.127274318610237,48.6735504641448,143.43135549217936,512.0352696662583
1.3468745760306264,20.777665558729584,49.83286055600655,141.45019181753378,452.666239894235
1.3142761762011017,19.75000541188602,50.77123377845176,165.4585066563103,447.49855724037036
1.3208062703159398,20.265347603904566,48.32818186853766,156.80592650034242,496.8077906902094
1.310250690515481,19.642741441369257,51.530319342645264,163.2434018598305,514.5251081733504
1.3492296345266686,21.970655409969087,51.53901046048561,137.67895232633543,495.0578266384329
1.3723868704474442,23.96222764603759,51.720012984677815,124.93600473746721,624.4959374258319
1.3501729626525547,21.770218231096607,49.60591269039434,142.21207773687468,453.86740213875663
1.3324188667572416,20.901665730136692,52.767126545755595,155.17114552944707,484.54949596982823
1.3359952595292928,20.94048995432789,49.21402304493091,155.38113493493347,434.9842729157965
1.331457942901899,21.651383845058024,52.59638025258139,140.90015979563688,522.7487967151956
1.3196501106326906,20.077480921903245,52.272595433392446,151.56984692607546,379.34719554107204
1.343186467073572,21.36525946789291,55.27382101096702,158.81117797946013,482.33150944235894
1.3359773207373957,21.3883156016146,50.624250841510424,160.3183568215432,495.9414723158276
1.3153768304633813,20.48343032345109,49.42855465006685,136.1480997873305,491.36965159150515
1.3748307110171516,22.72718787997295,51.99403517284536,140.89206125007323,430.7231851277364
1.3122028810518476,18.868870657124987,49.163575008695815,161.70872108951227,399.0589323440265
1.3538579266789637,22.034373786793903,54.03238637065229,151.06208893494068,420.0046766897849
1.3728810854861617,24.50398225085177,52.8652957038466,129.0276072126134,512.638734550402
1.3446659344707723,20.973160624501133,49.51397920423688,154.5306135650548,423.51262559421906
1.3278286268224992,19.44426991398078,51.1929775929682,174.0811777862432,469.2288232565217
1.3091112031112235,20.252904305214706,52.691222835404474,146.3094334598482,457.4289276863277
1.384050572708322,24.271901204299336,51.14819017317053,137.15211634847546,516.8936785190153
1.3135993086071411,19.78802363813527,50.45576109411517,151.7510003839801,452.50116703730697
1.335473806653118,19.543553699123784,50.20441682814054,177.32788229725327,409.27310939851543
1.317833619029589,20.471542713797817,49.163073806867246,140.33241793248794,434.700344349323
1.3356651697569941,21.116874232507527,48.740345723170044,137.18354888526508,496.84595436410876
1.3115328343179604,20.495824859533002,50.389546354922516,129.36629189691791,533.7817954713499
1.3271606052520135,20.273742597001895,53.27856160735557,168.03377333841337,372.69562701053115
1.2875914180001544,18.79678907924327,51.193528122399066,166.5324967781578,444.35557815909004
1.338295499157831,20.465089719857282,51.946165825576294,172.28427070314683,345.9661663789958
1.3505672772232968,21.646022576803155,52.06802041249038,165.5643054923899,501.99388838492945
1.322918889495163,19.888999903333648,52.366166378093844,161.2836918402425,451.2530818820847
1.3284870658118066,19.88473942192447,49.1299580439297,158.89724732970257,440.0668980427244
1.3743877269644216,24.062076220120183,51.3293127821459,134.30519150474677,510.81842942594847
1.3171098190354535,20.057530490795635,52.63872503433009,170.67101409491815,443.00012540541184
1.3590960288552425,23.618996861071448,53.689194174117524,138.73003295065124,478.4031050518052
1.3284327983745476,20.396874042365027,52.39128859302522,138.4467751359108,461.72991619564925
1.317443967705962,20.696244402985645,51.170058029297394,149.61026449157768,570.4646539590476
1.3164750987925435,20.731143541942455,49.865645386881454,138.90001436143382,536.358110817453
1.3166089840417445,20.301023636770182,50.87876727272204,145.16291704708397,504.14366800804
1.3389947169303664,21.778577823889037,49.920162752942645,146.2423045508128,470.3817171403581
1.3191261685008295,18.642572530197086,50.51110414024495,177.37775592651317,341.85650046099477
1.3185663667999823,19.567184835253475,48.84448053666806,147.44750534099813,413.2202339647487
1.3530143809012274,22.08881343922337,54.00888646362549,157.23429583470815,493.71520308757124
1.3228804765892992,20.842639941831106,48.591874120382194,137.7797147039136,484.6219839254575
1.330539533107013,20.40183308329732,50.46132932135319,162.70062979080296,435.53475552812273
1.3125367308172768,20.33552229111797,50.32218591664365,146.51201784576276,457.07440599272365
1.331717163138416,21.091789542231922,48.242919196120575,135.05558945706784,486.89886931241404
1.3150837453822448,18.955213699762645,47.79221669848807,160.51202427793524,446.5951784710284
1.3247873826872725,20.442231825862773,49.023433391885995,145.79312517926047,411.88975732280454
1.321656701967104,20.347697669857784,50.42708754978461,167.3778533388719,463.3644806847267
1.3164005980055036,20.507513393967713,52.34316807965009,151.38743393199366,616.641022261021
1.3052245265937703,19.831202535754777,49.90790116044854,150.3490256192678,526.1914017386414
1.3494021522723008,21.431965708290182,51.35718645429427,149.9784852730404,499.89997927697453
1.3633881480021577,22.46616154106472,52.6606896868661,163.90978404117985,506.77561944691837
1.3772675513179093,21.551621270623027,51.319333693455626,161.54897349181994,477.3992726622398
1.3004046588394058,18.256123494917798,45.43233613736695,165.3982628525472,343.9469093918003
1.3434338070020484,20.544775064049848,46.880561271953894,163.36407869285466,370.9925262126603
1.330502447476896,20.722823469395394,51.60360507610453,162.12714132936958,453.98517877941146
1.324276759748889,19.809490716899507,49.80247466176871,162.52520519580924,428.5081034538794
1.3606103264986957,23.77369602084753,54.32899581491064,131.33441355500548,511.70938918228467
1.3463933672319703,21.069725680371462,50.24806289738801,172.5773350168791,412.2019036329686
1.3442048277734668,21.403544761302697,51.51140945696904,151.9961457414518,438.88062906793107
1.3166341052030694,20.774369908512643,51.90812465263416,149.95688812913846,409.52603034679015
1.3515153818231764,22.073475778640624,51.17654065540666,161.21031085091366,463.7464752152507
1.330166388678617,19.850272022508978,48.149502140453734,162.96563536425924,368.6364302445309
1.35533824066721,23.415318051397264,53.06141519606203,146.38657057191693,663.61781252238
1.3315577022659366,20.980812768021153,52.57917261013635,163.6842828765195,474.5527176916164
1.3142953778884405,19.19357750732322,50.497658437398336,160.8232179107436,441.02408482637185
1.306174011370327,20.182539313556084,51.81812791318049,130.32797082225002,495.46089105260603
1.3468138423183893,21.62303799551344,49.81031007629642,143.80038984981866,427.0191528079109
1.3187845097969892,21.208133242048056,49.98918655593917,142.5531846988823,519.0595998077309
1.3121808986476045,19.843420039273482,51.18129058796671,161.99607096689866,478.1658226087181
1.3193061534605213,18.871849092466853,52.816560450323855,166.1348704501656,418.1345399237571
1.336700137769764,20.45360990062879,52.1024403524062,146.37881418667084,434.5772843701757
1.3388922045294636,20.783521347076068,48.95742714538225,155.78008571572866,464.51275635621084
1.3113918726511566,20.21623544147383,51.72662722085108,154.08532946954,469.1288888017072
1.3143333709013756,19.242694182060646,51.8472754485254,188.81272548808005,423.9028316038866
1.3165997110409422,21.533030040609418,51.07307196767999,129.6686821032322,546.4239433422387
1.3332301464262615,20.24005203922224,51.12964668162656,165.82114465588296,474.925068164369
1.336987123605504,21.006495758365244,49.022878932846865,152.12980442068925,437.64557148492617
1.3451075028615063,20.359205133626922,52.76341653012953,160.09946932831278,432.141998808619
1.3219010116953944,20.139706789186548,50.727442353621186,156.88508128097067,467.9038652198806
1.3062113372300928,20.20729390171092,48.18622667586184,156.1342476586749,450.43518164846733
1.3768866332254968,24.664658035909152,50.45017368761208,128.072376019126,692.3734769834921
1.3825422755050485,23.88928999765552,52.46182292251912,137.65919167252014,484.6174369486095
1.357602969904194,21.03866569725258,49.24412585137678,162.75031273177711,527.1617079161223
1.3327396830895766,22.018578394962677,50.15042916580766,133.90354197501074,549.8477652864606
1.3440915739442936,20.46607884865308,53.52484226451147,172.66291217366637,470.41281570891044
1.3585013939190804,21.648364517645277,53.40915248061932,158.89918504773786,436.6315508419531
1.3480995999744176,20.929565115061145,51.69338492018747,158.85639500617162,445.06509635621757
1.3296406341817473,21.176715206475315,50.001034657114054,142.01932185218317,420.6273753433386
1.3332475445408016,20.877174900246548,50.47754322988425,152.06166415053684,452.9832521582569
1.3368922387077866,21.36959980730852,55.16991087895626,150.675330209158,431.86543011241287
1.3336789031614942,20.932456947966376,52.18058925043783,151.40325878963435,420.9674487876827
1.3505577960758877,21.145830754064573,50.58941587494441,158.64098948090978,394.87969860795266
1.3733114870444032,23.10782547851796,48.92596014327494,156.11485140444157,517.3811009216957
1.3707113937275341,21.598428979398722,50.40937769183834,156.9670331637382,400.485726492424
1.3668522482168928,22.300395589650876,51.40932009538812,153.31241543726836,433.4877231826892
1.3880005190408717,24.050018602612575,51.76321489824488,134.32127892021637,569.3171925349761
1.3073373625360545,20.199846658050784,50.47013096480132,154.05355745839412,474.54155080706664
1.306894871625401,19.297326639529466,50.17597700000792,156.8216861080248,343.6237562235766
1.326953443246051,19.630068258931296,52.29086216935387,172.43640937916211,466.71488031235907
1.3160128794953676,20.335775809927704,50.45840758830041,144.32933307125913,395.07649964854915
1.3331435253864792,20.781339253747902,50.24512629464554,146.21547403420712,408.82306019195437
1.3384812218434994,21.9393463138112,50.08478376465169,141.91110033070117,514.0587383909981
1.3128571971587815,20.545831917307652,49.63489519549775,153.92384065485788,538.2474455107949
1.33041521200207,20.424659237903118,50.397472939890704,152.0585819654534,456.5493493791045
1.3958188948569519,23.477293996229577,53.814631597964016,147.8978079299932,476.9525944538499
1.3301718150228428,20.597982760116558,51.23110650441383,164.5692056224243,507.2261600565708
1.3370227196318867,20.689106284299882,51.19610364301712,159.48127792554945,508.85120595509045
1.348961713538108,21.757802829409403,51.80043458970119,159.0014277084894,514.2268320669616
1.355346761915086,22.305343819816585,54.49371999042478,147.96362768153222,434.64303349368515
1.3425423154579241,20.493702645704502,48.69298756167993,150.6184819573609,443.770132348772
1.331054550262977,20.472594271346424,52.433172416774276,163.1209942839351,463.20903973377585
1.3261891662108343,21.642849839342098,50.74137013139303,130.57262174553426,480.6630653801439
1.327119973374327,20.32449174357991,49.78874139696202,139.25973280593732,465.1891602880222
1.334415552604938,21.524061060092635,48.89664770773101,140.5100973916188,470.9144251728978
1.3266270177760753,21.27639640423477,53.59982605782125,149.42193608052315,489.8704147343023
1.3492588173699644,21.20663636098081,50.03997025849751,146.0524836173013,480.67613458963456
1.3010928338865655,20.048362619727794,49.148978935845676,145.83882417637855,449.00081914474816
1.3135941553048611,20.73067842158988,50.04485301224933,143.36352396256535,530.6839041228176
1.3262478985585902,19.537129940713903,50.54051408434988,174.16621779643074,456.4488698405438
1.3705836400337257,20.852862693511188,52.73572443298274,174.8928228458156,348.6662023819874
1.3483282423407308,21.059792074817402,51.22214888120872,143.28024309693984,441.8945578837911
1.3133039545795135,20.77538360580507,51.939531770416195,141.33971945927192,451.648831351066
1.3526789108131143,23.42356264742595,50.38699169794845,145.58415412629716,532.3639578775557
1.32387940455849,19.886167646429108,52.09486313339003,171.61851624063758,371.7172220015487
1.3853064589040591,23.576089244063407,52.66180369881687,150.3827089026834,475.3830552712699
1.3550443881709988,21.42662594679478,48.26717588705338,130.8463108423674,498.7264920301975
1.3342101659978494,19.388532905406123,50.817654064971784,177.02935887907648,416.95429963180516
1.3365478048703898,21.874543597922187,50.49665961785775,140.50081590220975,549.9661459238298
1.3256386685049926,19.751335744897872,49.311477822557976,158.89579234351407,442.3567089811446
1.3323641880175061,20.669563539590914,53.03144143380033,171.279860500763,498.7911662285092
1.3461930347430258,21.869907744232435,48.14374858635493,148.46225690936342,501.264570375516
1.334597163756944,19.837663309114838,50.78537056800041,177.74841696556769,375.65127296445354
1.3290984087876005,20.485187507862115,51.70544055384534,155.02486745348065,403.6449472714423
1.332517621187589,20.626525079782297,51.649712883052054,161.26015129613043,395.5739355351908
1.3228080841920022,21.711471412441753,49.80847502871987,137.45126385920136,541.9873487476281
1.2978603509441615,20.915688558797882,52.4273186013724,154.38706439991623,448.23735647579406
1.3257096250595763,19.885895518725107,51.187243996562316,164.33773609184186,371.5955027909382
1.3361453078228422,22.04280298246377,50.93863511499226,136.18553430975658,552.2960986578262
1.311299815236063,19.59972015068418,50.07861834439408,164.74077951127768,533.1252858459611
1.3130419502138855,19.064843626968937,49.63307952697961,174.24153050404996,295.03744475302466
1.3498463582486917,21.33360875627144,49.2074048639218,156.1953177743909,459.4907563750191
1.3056539626899455,19.852276916053643,50.73026161296642,144.61703763503147,427.87138746905254
1.3416669745791032,21.89238610132919,49.42413676517626,139.85910994135986,489.5797714359382
1.351459879487942,21.922989301523174,48.213446463500766,128.40944915861644,500.5402541022813
1.3610932996882725,22.142323508062155,51.666220729439345,147.03415443221837,452.4752183405906
1.3547016878830522,22.379517481103253,51.4072975137333,135.72121953234748,528.4892635044675
1.3319589705722763,20.716701971468375,48.855620591742095,159.8934639877475,496.96117504597754
1.3368940506853348,21.302798190344937,50.60004225937207,146.9717393467301,514.673016722257
1.3272153543206893,20.580532193063874,50.747907132941535,139.50130610137862,356.98251594119847
1.3212282333735241,20.210950481719088,49.377146709706466,151.16063692257697,431.1556577992719
1.3081919604933259,20.403460056106088,48.72587690280957,136.45640291474533,593.4742249301772
1.3544602351965338,22.688412825422027,52.38699014092962,144.49884328851525,481.4240732443507
1.3487483047763054,19.659558403170738,52.611648829165865,193.319171911395,440.9356030328209
1.2982242537166035,18.758993311801632,49.346274122951456,161.79995150449997,423.2493580436053
1.3389366140299472,22.00773882612461,49.60372795792703,141.85300164029553,500.37645031578637
1.329040149161677,20.54936581848529,53.633163827627534,164.20911457363874,475.4432891648414
1.3225845235620015,20.7521941211807,47.915095961636396,135.0166043745486,517.5367263763558
1.3702998509719027,23.276770523634465,51.55300059091737,137.69250671349872,515.3858132346382
1.3090193772291316,20.224270669535887,49.88802792757873,143.10370080426839,514.7897813420199
1.3465279076153012,21.5243575324447,52.987499991623466,149.60231004232918,420.96734128463976
1.313497903225894,20.58324342787574,51.08398286827179,139.44036367003108,455.05323787656795
1.3246457806213747,20.40345345257011,49.719336578326654,141.79537759009088,472.60563246239735
1.3190252429367868,20.601561602586735,51.07622807735721,154.23367406460784,412.8666036520607
1.3195574233387157,19.446928649368125,51.296217449651785,150.25768350287092,407.7099165215136
1.3343018937402795,20.723801641541453,51.26052251259777,157.09413374248547,480.58421076656856
1.361957468844468,23.666261845704184,52.07858708054431,146.9676239192288,622.7817849862281
1.3054067157998717,19.697503489409375,48.307679893551295,153.90090340515906,487.4299390453663
1.3253759327729768,21.989564018106716,51.95835893322087,139.39423233629338,512.9691845874472
1.3120117207136446,19.813157282690607,51.924370012395315,165.88100890222518,530.907656815398
1.3357548088064861,21.607934027212924,53.27449429308459,150.13894100014986,545.3200483354872
1.3415831935036797,21.421575733072935,51.71400232473646,140.04690204909278,382.89381354284797
1.3057200282749675,20.872058900950698,49.41459698502971,122.57510999319061,479.07286789718233
1.3272650031590545,21.12097163320419,49.668288375042486,159.6746728643048,496.1682313024411
1.3012082996125345,19.25376120928283,49.43056413592812,159.15590443638553,368.7874158359613
1.3582669766264677,21.77542060496333,50.1056744626994,136.81779882216344,485.13913463646816
1.3125594858572076,18.71698847318788,47.2326828284224,159.2191940732313,437.4342784354647
1.296613918172385,19.66037771984263,51.150878852746075,159.30855228557013,422.6896372396134
1.3313383041256555,21.098334760785384,50.19101214370756,130.29452837934153,471.4423158179832
1.329736205431126,20.0780172662338,52.0014853671224,151.0065887457613,428.62476354712237
1.3545583223928088,22.508278562727018,50.664835309210844,129.4799901004426,455.1551623166754
1.309844976826778,20.57578774509935,51.511558801940275,148.15060411238457,558.8536675200421
1.3516082244018977,22.676249521778292,52.62881490696915,146.5735677318323,550.4322108701358
1.3823504139659364,23.153766551255835,49.93561050448094,136.14532646661473,471.1662560343354
1.3383724259778682,19.77269707419274,48.61772140897963,161.71698304454998,432.84264458831973
1.3496209990908081,21.128241679877902,51.47973942348054,156.69828578264327,402.1859061713562
1.3265369339782387,19.77287563712891,48.80897634911513,169.16143820231235,490.72296588114176
1.36818232599357,21.53097547496845,49.770888061073734,162.0088849794865,451.89978045655107
1.3139676927355952,19.21484284356193,49.66689083857815,158.46693625970968,415.40833695241565
1.3273079894000612,21.90692461175545,48.84121553953378,123.64729676656034,435.3388556106739
1.3115965629650124,20.24178759978389,51.82284760671172,149.05881608367088,375.3459258819786
1.3183949624346296,21.17640188063587,50.670785481682856,148.95308401591893,524.6717034972995
1.3366112525680391,20.704174470748793,52.83615222092056,155.5751112536874,440.56262960704197
1.307864086479651,19.93801672123619,49.295614672042575,136.87343809606384,409.59738764626894
1.3462391893918177,22.304722106974154,51.73396662113259,127.61730182074415,486.01684427572104
1.3325583924672417,20.689581289314845,51.368436907397744,161.8830018881467,361.7742750448904
1.345072601673798,21.96616064953996,52.043428357872834,150.41380760660098,489.31451812218205
1.2854834620091808,19.654964068740945,50.23508067512773,138.79223168967263,413.98648757066076
1.3405065340899422,22.348812100392543,50.230667152925044,127.36805271154714,540.1472357538831
1.3427314581592535,21.13474692864229,49.34465298250349,140.5893863625212,379.32577705628967
1.328722989835814,20.17313858822539,49.14184309953231,163.28671646923954,442.15812539351725
1.3301825965091219,21.789501375220485,53.28889917501643,143.92849440281822,461.7022154227244
1.31689938674901,21.38847961870171,51.59649517673729,140.53870638377762,621.6675800001017
1.3129943992299369,20.555052148998563,50.99982478746983,143.92986764016555,438.901100171631
1.3574604012793117,23.26862738730639,50.284485111672595,147.90737642288354,531.273575427108
1.321326459379137,20.221955986238743,49.469121122132705,150.98529842967167,466.46989607217427
1.3460779639053884,21.263414937173156,51.30072166686314,160.57463890334594,432.2526737195238
1.3435107924017815,21.2543653300019,51.690206732527514,152.05987561803312,498.2435470308537
1.3072434938949313,18.232091585416587,51.77995125625085,177.0298254485603,355.44466202531794
1.3542656260302948,21.44583358523112,52.43045757586375,158.77138236539002,586.0089338590954
1.3733365953635996,21.54135674436245,52.11371642686417,160.24488117961891,537.6290866963668
1.3097124137505551,19.03726006694465,48.80020314694403,165.2573764209683,453.0628226912179
1.3183362448039753,21.75308185567757,53.7147091065432,129.76574862213883,555.3075192457483
1.3072595319385178,20.232676059975418,49.560620442727604,148.14159774720508,496.34663049974677
1.3068845946585834,20.06932249941927,52.86064500835103,176.9729420154169,482.91916615127
1.3274038369047967,20.343881111007637,50.50817385411934,171.1204005387788,448.5068272547563
1.3335667977250778,22.07390043192189,51.59845131520718,128.77831288951313,525.3185982972404
1.372710980793217,22.817118037211667,54.00671374066415,147.16807460186592,407.5348480878257
1.3469027976768226,20.752189877136225,50.980895906272124,170.4047526055597,374.09070361120627
1.3303318506367816,20.898384689575668,51.36424866100237,141.4030004696678,478.80568589457806
1.3367347693324674,22.258303522154716,51.10949830701506,136.09194716988202,577.5562176769962
1.3168948855503846,18.84149692441713,49.422280820886684,168.48159895540297,463.4123404238757
1.355359958837251,21.251505339620337,50.44109888997137,162.78633221213144,407.6829620066098
1.3367578826662325,20.379266850991556,49.240212061320484,153.8378272739794,415.8048528196106
1.338604375832155,19.58175260060125,50.50543137605783,184.95101700007115,446.60606160982053
1.3276981789146665,20.21799921489903,49.49360540348598,150.67470431977927,453.60921913093756
1.3574471465103313,22.21820645336004,48.142507238071715,125.48191614167033,465.1011377815452
1.365768053620038,23.148247034003727,49.516153241147535,143.7542944814043,565.8720529090035
1.3251474480297074,19.438706175417458,51.518033501809775,168.81745325889008,401.9080369685195
1.3515402926694557,23.14834676712785,50.55352869598332,145.6324114111939,518.5037946798653
1.334032528330295,20.449037511123738,50.8605994487289,159.57738936957816,405.26920913899005
1.2959126696809005,19.540141149886125,51.25241427907094,164.2562388680734,510.5962139778728
1.30695241385949,18.933019853204975,48.80935360255026,148.37902555898518,432.97385067923864
1.320892517124857,19.807948129394667,50.546323424686086,151.36845538693458,346.4035361441859
1.3089923295172983,20.486502222435732,51.47575634907237,146.84642695911813,456.28123452159474
1.3361390126059864,21.4525512812266,50.242699718801646,142.52664407529443,487.52490693999454
1.3452013727737449,21.29583857331161,50.3998440274914,164.11562009131958,491.70778216895457
1.316416576181216,20.06943348943834,52.12238923985653,157.28737353870258,406.6321619027482
1.3629482476123176,21.15727723366437,52.844384708564704,174.61826825571055,450.7725461810278
1.3236327103173195,21.22610255594692,50.34405100877699,136.68579708844823,465.0101841831439
1.3232311645531136,20.550982510623953,50.48803299158329,150.55433476433424,476.5133993667253
1.3364718386887973,20.343127527373774,50.9263492260043,165.2414379956132,441.9994770288869
1.337588716814234,19.93364084144456,50.870354549916044,162.65329169077617,466.02274792096773
1.3207235343547503,20.63476420107066,50.433981213188595,145.81110553885358,480.4817254971716
1.3419596691167313,21.363447467727042,53.8561512917997,155.54202130305566,447.0138769741036
1.3562660609353252,23.02174747763924,52.841848680504505,157.87805474205183,469.74954205681735
1.3193872932721966,21.56643110981001,50.37476466079388,139.21137153167106,469.96758720207487
1.3452193814360083,20.679058292973355,50.37007788026848,149.2996160317409,409.19335365272525
1.3250241470422854,19.021985252613838,49.755174961981865,162.80770241988043,381.2320054663293
1.3187470900506784,20.131562734324095,47.83094340213048,145.8638795051887,542.4381919116015
1.3805383912618714,24.74401901718731,50.25644604241183,137.013045671378,555.1731977686825
1.3481421555505961,22.07474177756151,49.29825105871106,146.14519529131982,490.28408208938845
1.3512607380494308,21.48194686454712,53.17680481018552,138.6261282161806,420.34855025861873
1.3335235604410416,19.89775353788479,48.49313320788404,154.14967691790432,378.33499884486787
1.3255898395604708,19.679710156433455,50.052379815812316,164.27651608452857,377.80246259947825
1.3270592807491712,19.834131729605122,48.248972102044405,165.34744930701498,422.12819618878825
1.3274363347348503,20.953904630401308,52.3145869495523,159.5469323031625,450.87442171734216
1.3501700535320413,20.694760182347686,52.741937336970096,149.80359392785383,445.98242526113575
1.315113120601205,21.51344986786463,50.2918715897739,131.35374294516976,541.5577688954844
1.3323853555014433,21.24148407806541,51.18396855707892,149.25251311109014,453.92907752397093
1.3418772268915415,21.42179943768975,48.58163543533241,155.8276428708782,487.7030412589627
1.3501819139052111,22.677386039539453,48.58919429595528,138.97678999816907,512.306156275353
1.3459526459616322,22.30070849377562,52.71711528730253,142.30891427534482,539.2948094292944
1.3155140963946805,19.638218939342387,50.08912662499832,168.7602817299913,356.4994814987667
1.390173771148737,24.224823420385174,49.56382274012475,132.2857604012768,618.0880698503552
1.3135753291106638,18.980552192103087,52.51757946742988,182.76387595381587,370.0870214609876
1.3306009920335944,19.932420013551535,52.02236443858961,155.72355442581937,536.0023278248453
1.3335840650277766,20.269351707051566,50.95055177774668,168.8984697042007,335.0601414089829
1.321211095089481,21.058604024767114,50.58125032169087,149.81277155486083,496.3343408103945
1.330749529078615,20.933937777633513,50.82613735876556,150.84186959241495,462.23321689840674
1.343643469746675,20.854753973026604,48.99110771254239,159.38042232222608,423.29028738652795
1.3016590117091191,19.583342111124708,50.50421270114345,149.92535225928935,464.8097497809483
1.2983631281818409,20.512684402876744,49.49864234281083,134.26445523581063,506.4870565206784
1.348041305853509,21.40868910083772,51.90259927961907,145.26354655992452,448.4000849084462
1.376658250369787,24.544795569422472,51.8453240881805,125.53187190587113,568.939598072351
1.3252688774403023,20.83604952751597,48.878938545639905,141.1471963222732,427.602597327962
1.3602107032940136,22.845458171091316,47.63210227427565,143.05002644504955,562.7622513951668
1.355214360366236,21.470593264297534,52.966685725032974,145.92977063079104,529.6659242048602
1.3484654218594476,21.574502226082682,50.24905322003308,156.49680786286405,434.47498464571953
1.3132028950189838,20.339884759586898,45.29760506368589,154.4088332779763,480.6436110284229
1.3161276785774318,19.50969698916167,49.356960963682916,162.09809936700873,410.21657313657215
1.3153615814425148,17.963049320398902,48.703495511382776,178.29808989045728,281.07278405931544
1.3430811765093358,21.07950443780857,50.17587031358318,152.7656910724675,470.6776489790728
1.3286288469980563,18.33079300539154,49.986869011885716,172.64111050099947,295.64045862987035
1.3395681337968575,20.842694305653488,52.202868169215904,158.52024004185887,420.6520384094747
1.3451934019495038,22.952986021819143,49.427667173535035,145.31072624188866,490.0940457245548
1.3206285194336957,20.6259610179399,50.30633729209323,153.3942183668721,508.8117624868969
1.323684908307904,19.014695295729865,49.68724808629908,165.4415335487866,343.2647302434532
1.353353166796916,22.318804496920112,51.346471453749835,146.70973075689767,536.2375776964542
1.311799095854558,19.107129122119808,50.713657551061345,159.96565071648428,404.657457421969
1.3471936318434432,21.618141554559514,48.19969843523142,139.66425817471685,418.7768313018387
1.3561852997592496,20.814444770376547,50.79046483085008,155.2187036356077,367.17264377135047
1.3417853487156273,21.824231980071602,54.366641857427744,142.07099512493411,528.952850468203
1.3224637716445908,20.97118974179599,51.18655903342369,156.64642817338904,512.7050506760888
1.3268607412081315,21.12144866279574,49.255777703884334,138.23631151940597,591.3237552334841
1.3134679534699174,19.58890424499263,49.276648353509025,164.0192353308706,444.0671525625044
1.2639215125324326,18.30949701840708,49.44769858832388,134.25413852702553,362.10056429628025
1.3054794794328677,20.731757014259827,49.47724276467841,141.7494846835595,445.1319704142885
1.3293596031629327,19.413618627018668,47.3577798475858,188.05895519750646,422.70031821836
1.3187653821940897,22.08290149803199,50.69388836412228,142.02652534209543,529.5268569037115
1.302717381417428,19.30827921341731,51.11244951174396,154.9214634777854,326.59616999647113
1.3105935561682467,19.40637764076195,50.07889787853889,156.26177763621774,340.099397517418
1.341050618624304,21.247550443127395,52.249956330764746,165.4296042790005,443.6825051494971
1.3107015614030906,18.34556035264978,48.54542495079481,177.6960748671084,294.85923361626305
1.3440607984340331,20.65114725805378,52.221292375979296,150.16633899724303,441.4245712699531
1.3440778056998446,23.320326908101773,53.37043753060958,137.7096400488403,559.9174784941944
1.3011153644426083,20.53926460952176,46.915549645241526,140.01024554114053,460.54923359297214
1.3355563256429421,21.541609125537992,49.46465611164408,129.03939361008284,483.12640904087095
1.3319705840707188,19.989682223276574,49.1891995948027,173.57228430274228,476.3804838896142
1.3435576369798543,20.402033349971965,50.98678159013112,171.56275464501036,357.187941242181
1.303685126829924,20.13365792834219,49.52171704818656,145.9102988447334,547.4142715671377
1.3450056843266847,21.46298581417037,52.13420874771134,161.47487331484143,471.4751314781635
1.3456193684070183,21.49490872185657,50.10257358929223,157.49709000187752,483.854098066292
1.3347046942650553,20.767752136643956,53.45912854292326,153.0232593432791,374.82364844952207
1.327146635403976,20.121842336338357,51.2618112910918,168.3780311510643,425.81153813417933
1.3326708916891403,20.71031450132821,51.26525300761413,157.76834969653856,492.25055400051696
1.3356225974494984,20.134682313591817,50.74517111616827,169.18514386416032,477.6304971709437
1.3137499503526773,20.611164636165526,50.72192542384959,137.64041245568512,505.00881128330224
1.3668179668214258,21.813256747817462,50.7857419362157,152.22109199489088,506.4514811934228
1.3180876356129132,20.45767496822517,49.20970830002368,141.29065700320112,432.7983400953397
1.338418239246353,21.29703521028681,52.15595398241801,163.4851783431502,484.1186589028598
1.3699105543663452,23.222330387026375,55.6304747066676,142.76701128994324,502.6711059214392
1.3530092030206795,23.154151194299413,53.900765336987895,150.079860702011,490.0325018868738
1.4046644988047534,23.443958964889557,52.76868981683981,150.84490407471947,573.2002152007509
1.3536760372659205,22.03111019738138,51.083722510532986,146.1648470466141,496.65087120966234
1.3157263285504275,20.45253340770694,52.10698787720017,145.17030001049764,580.5914735362682
1.3205177417727048,19.419977394815362,52.13425137759434,162.8023090788479,368.5762963979081
1.375090847547628,23.563844080759655,50.80032896135202,130.11291038993173,505.1108410697342
1.3171281796545515,20.77053007891215,48.82955235354827,141.00851765357586,513.3530975285422
1.3334572378104224,20.577149056230006,49.890584286288906,165.16471024555977,447.9960547181623
1.3697345417142477,22.96739773981823,52.351831690548636,155.47008493708003,512.4560332176143
1.3686819375186465,21.888604354350775,51.33777266196907,164.24931356387532,500.9547534040247
1.317835978695019,20.52757940066803,49.93642996077526,151.93940408323584,512.879858576524
1.3368982545011803,20.477646831886755,49.502804551781395,151.31248983364753,421.84425479509133
1.3122443836908153,19.67516334351839,49.90983027410715,151.55276270816896,497.53946923843995
1.3530024493481971,22.496493300657843,51.41756827594641,131.98937653741643,514.6304258231762
1.3226146290833711,20.43536452227049,49.752870480413804,136.09710012675055,440.21971361937386
1.3344765380803965,21.725127161982154,50.19655882438024,147.97241488771655,509.30437654985207
1.3688978938894563,23.225452312289256,54.38805850541678,140.85021357795114,486.2622799643313
1.3324457780450671,20.554743163397173,50.21271877825964,163.92754268819138,436.5954829906055
1.367356319497921,24.578130811424806,51.65610360166258,137.43410063872477,692.237404003653
1.3555324572024139,21.877574894922457,50.43076698305221,143.27467160140893,541.0418599996054
1.322188154176903,19.009629795664452,52.08830502747969,180.82082587564798,390.6967657306759
1.3056534908312203,19.432976216953065,50.61301838192231,160.544929203768,471.4688476743682
1.3175490281686089,18.77751973457974,48.68511097625354,165.67429693942066,369.57289813066956
1.3161589236852156,19.044401183183766,49.199622323028834,160.8234433210648,406.39670108372667
1.3173109283263331,21.691815799518327,48.67799858407099,138.83397629173157,483.1003154073319
1.3178589514145367,20.500661837704143,48.18958294091918,137.64450293972467,426.8838135787251
1.3307622549668245,21.02983736477417,51.1773643196658,148.1687417346103,484.92449234244924
1.3538595805375795,22.325845446136597,50.838748025447934,143.2362629638763,490.1539221744931
1.3245511698320844,20.25219197419671,51.28215635785638,146.30709570975222,372.62707799521127
1.35286432027943,21.82054119603369,49.97743879965027,138.1295176597698,465.12290947388556
1.3581095733886415,21.511336972138874,53.79688754033946,166.66442726124424,536.0869474128845
1.29477761681416,18.910282889458678,49.49327899213034,161.08337893430226,429.2472498116721
1.3340529826139047,20.395550698803298,49.47141873900532,163.7119560355769,385.5618501582358
1.317180494443734,19.07533342891389,48.672734172618085,161.6635472900519,406.97322197805204
1.3135005136268223,20.36054874123989,49.61883356923846,157.607559198927,472.92740806985245
1.3028873388345605,19.548437633628136,50.58260125778622,168.61682234635748,446.37574296435713
1.3254757381953601,20.544644425132127,52.5472827484562,155.16865242158218,505.01058033898954
1.2990972888731052,19.231573489826598,47.98871198764426,152.34507956988338,407.65741023162377
1.3372430277410616,21.293854573470323,51.10031815859639,145.7265289642403,510.441768207515
1.3691273628813425,21.95812755831986,53.00155620612301,181.54789362580274,438.08939122071627
1.2912471057382588,19.382344001758447,50.8109037539179,137.30035473262734,448.3360067168525
1.3608598383874764,22.696008581382742,54.045167109481916,152.49407530606638,564.5101442606147
1.3486827172543325,21.83327828077914,50.559214239891105,156.719347370799,523.0538565990497
1.2912683040332213,19.665717250080217,50.359406782323404,132.8247304046519,485.3024258931369
1.3485127677692756,21.13048814617965,51.528348170124836,162.3776679405309,428.13032414717577
1.3158621881146109,21.093934660473003,51.9867299116315,153.10540919516,547.9934443468247
1.3272630170977675,20.806316143190937,50.362992290922755,141.49764080768853,476.60020615272765
1.3501173940957956,20.853476432447685,52.39795686700016,173.35549966312925,514.9504837654423
1.3499445394674368,21.949223131615312,49.24758744900882,129.4491941272644,525.6299556830314
1.2894553427887079,18.294304026493062,48.87398590459747,152.48387430617757,382.6945543867298
1.3687256483347114,23.40899933624788,54.10166621412395,131.81393706668993,547.4256506344597
1.349275419642936,21.25018238137341,52.4158046396835,172.5491457222966,434.65566557749673
1.3202716325649586,21.106897939678714,53.339818963053034,133.569167601101,518.8701967886332
1.3840151100714038,24.579578818849214,51.91734135512809,130.70933436947766,555.4644152427009
1.3596171340399104,21.1920993287238,51.79212953989397,174.7081330806289,409.3783071316124
1.3121896640785162,20.09242303327884,48.85778654669114,163.85181077767427,443.4751314211545
1.3380933556567987,21.285564994157568,51.324497137723306,135.9391768778758,420.5225889941494
1.3014970417268235,19.42636705732966,45.844176248540386,143.7278529477851,430.29081570507077
1.3679301547499214,21.997360706186644,53.16449113554536,164.7028357407712,514.0854170582081
1.354751845843665,21.03195888091294,47.956814903549606,154.38871468861285,456.6316687350725
1.331129675528482,21.539919216239685,49.662636398061956,132.78683827384518,586.0649452691124
1.3395713417125426,20.740363758009714,49.74405592032985,147.324012598324,469.4206491342669
1.3471897775696993,20.672767165878497,49.00185224314904,159.58619315815307,343.4217865176592
1.3597423801120856,21.2079674554333,48.17792669401537,157.60102525876135,492.0245369954979
1.3441203634155445,21.54858184181277,51.2779870804439,154.94089888623057,473.29433081786465
1.3482087817288115,22.345400098856917,53.27766440188231,147.21136905468808,520.5077464969556
1.306309359080654,19.84789668724305,51.175428928795874,149.60105131321131,502.84870578771125
1.3508326773017454,21.428316894121306,52.73135382407374,159.9886191851014,431.1048670333066
1.333545430359325,20.604517200855863,48.81941993977797,157.83837926330995,468.2824486652819
1.3387150464462827,21.483578131208677,49.937379587548975,145.31288874396475,514.5079342944937
1.3775633252742956,24.155303155767008,50.553206385650604,129.26845839102512,540.559080771353
1.3842248459767417,24.652858582825328,53.87951974895936,133.45072095645554,550.3438488365831
1.346445757879741,21.88117206978683,50.916910155150966,152.5197585718849,553.8100574226239
1.3469087977743353,20.488045776376442,49.58278535135847,167.5791041423211,313.5323608242824
1.3227832306206584,19.837538788314887,48.49763448717535,155.4594530730032,325.466769537455
1.3317703294519523,20.559274647283193,51.280442986986195,146.74901459853234,417.88192131364156
1.3301059893844174,19.683083164122188,50.032631201287195,162.2124840251702,367.1160280139184
1.3297815733354101,21.95204385630508,50.79930668331814,127.02077663576311,513.6712852874216
1.3276671526355899,21.118954805842993,49.341615507463786,151.86274434731482,574.2809077839075
1.306463797711312,20.93993774470819,50.530743511672625,137.97864561134165,582.5027359387323
1.3546751047925094,21.928407651036004,52.21120315928667,146.47314500728234,468.91307643257744
1.3244931586262902,19.93274182116355,50.326987910260094,157.72080756267673,431.88907284682784
1.3528298130377303,20.5892853017336,49.786537225935135,151.6831868887666,434.36651639918955
1.3118982434653885,19.959276171758646,49.97615201822893,156.28357863580044,468.06464472515154
1.3448639871605774,20.889749649525516,51.109082195259276,158.14333277106817,522.5150525248324
1.320282451426358,20.424109857010748,50.06425385806742,155.84916988657008,456.3688328237075
1.360575182450381,22.675021439521466,52.17573093010336,146.8727311104173,470.5624807957434
1.3338093923600547,20.696853865359003,50.96810015636068,159.49154093856782,456.04417453144305
1.2972173041399582,17.87119790534484,50.805702789522456,167.25756035767714,355.61995545225915
1.3147347090298531,19.896996212036925,49.989412780706424,150.57210278090656,377.4290442512297
1.323689973675957,19.316182037433318,49.46313928685118,164.6835785374116,411.2402825959427
1.3427767553031251,20.083069128797955,52.495980169759,172.23531262660535,390.57418026368896
1.316019375422634,19.94278935152376,50.30633729209323,156.88602595382557,467.2065171599195
1.3565627047313495,22.989839497133357,51.50940410251783,141.49034966755116,535.1933112023819
1.34145476862991,21.226140255930467,51.098952444541005,160.82741724937566,496.9932159581287
1.3480969264547231,24.531025778247262,54.749627541051204,143.92379725881682,562.0827100001202
1.3422243169135222,22.28237808792477,53.06031766577385,135.86449504231317,480.6623037684626
1.3414897634099139,20.707996904873916,50.501681527157544,170.3796233476743,388.31522454534576
1.2994609905396857,20.348818093056753,48.506442141522236,122.55238847190356,439.2016764608433
1.3162313769532792,20.566039370261212,51.66685001647957,142.04069380337643,453.44545462425924
1.3078264749091197,20.63476481017398,50.52126743566756,140.71511792467365,426.55629971240717
1.3232164063375698,20.320845916450118,51.061719279688305,156.95352410095722,485.1059558608064
1.290379679743861,19.14298550443575,50.311420982411114,135.44737694168668,447.59055335737503
1.31484606053863,19.773745591783285,50.383754063097996,152.66315763923075,468.01854874698813
1.3602256337191547,20.481922195324977,49.00002490921264,165.9255995492721,449.2393314030813
1.352687909601547,22.828230051810692,53.52656937614233,128.9762482907223,493.9603402148077
1.3147002621611794,21.21973235177695,49.70234817827909,137.4570648236536,549.3683069562477
1.3411738089625929,22.3104929795121,52.01544108351783,135.78360833709198,567.3077282272602
1.3337614531384032,21.47087122761479,49.715267673983256,129.80026575064483,570.4469648561015
1.317958005076635,20.21580290470965,52.79384810982677,147.94230865455407,455.3002286389204
1.3337592218580463,21.5419207998691,50.56956109134269,150.94045865319498,559.4852842366371
1.3367630996321644,21.24006287718823,51.949082905738024,153.03975386634193,410.60959598397875
1.3453047106572638,22.1294248942205,51.05851404522703,149.8246982477997,523.9042808319891
1.3511389613464364,22.892129653220117,50.254932905225175,131.72009302145875,550.6686539533814
1.3161627257913096,18.953187935315793,50.52869248786625,174.53451312882225,425.9865293093734
1.323572922485134,19.609173630563113,50.325963529432656,155.80989928124197,459.521252997208
1.3221245696968207,20.96933674005824,51.082102850145034,152.69249888729712,484.4989827552361
1.3547517705274648,22.463099508261088,50.49437595101279,132.9518075280603,490.3039307206649
1.3241269431471223,20.59355332652288,52.37185882697759,153.2786512102134,442.08392129457474
1.3021557368211747,19.54557439145679,48.93554613599692,145.9171700636546,486.61797023739
1.304978952152693,19.439540027261934,48.874377241728,145.60360647931947,446.8970382203137
1.2999220465038168,19.580051725624926,49.705060064953,153.86116579895236,464.7990865799683
1.3335277329088207,21.04109687796729,52.38838811457483,154.15555514203703,476.3741808744272
1.2969115059200742,19.865476232781145,49.22530348050225,136.28601425913376,370.76511790725107
1.333461697375647,20.43901457129173,52.21737439622927,163.17279566664644,399.60120847471507
1.3495415082310596,21.51949087264491,51.45076527901973,157.72130225790386,514.5960343897884
1.3481622092563543,20.768206565219806,51.388533017710884,163.5597481319251,503.9615656170268
1.3029553015508988,19.30897692573786,51.27186756920732,151.66020465461375,451.6150247527419
1.3308441955408203,20.632013649616866,50.250598321952744,153.58360807043533,537.9291953534829
1.3310896071404037,22.138602647416803,51.776980236840195,130.6529515031531,497.75929967911253
1.3356721812016068,21.642934081133028,50.177349299366284,133.3907761170212,490.57113798339714
1.3560886912860686,23.961610698612745,52.2522839930434,137.28747335924868,451.397472408498
1.301991563743956,21.4802287107351,50.69648571008471,134.88743244294253,581.0893768466582
1.3325573874965921,21.020709124931283,51.11111581829035,159.27102841658078,482.71416151201754
1.3027873907016088,19.184688857160467,50.26128634227444,162.8688099794026,385.01826749054925
1.323631444136729,20.279891866136012,51.002385628420015,168.28334490841138,478.0773327971944
1.3317928303148308,20.351631887647414,51.73336301335225,158.55153772317567,483.41938383744025
1.3148904439540243,20.87437695214339,53.43170052333809,141.22574899203943,501.2519127692778
1.3363601937446088,20.77352851101776,49.30544556640016,154.21249494700143,407.2114992248521
1.321507998512132,21.40483200358787,49.33551502387316,136.56283110747725,558.3361238634874
1.3510472570609764,22.311688512493124,51.19907179036812,156.8015126601427,491.41228178885575
1.3108087755916458,19.52588573799459,51.35849861909605,153.92701664148223,385.24176209014405
1.3179907735107466,19.99314922448238,49.93122947504605,153.85815724475785,498.5111702189399
1.3202837776281122,21.14856609996999,53.38432867338126,143.4815748172075,492.1097589046995
1.3358494551674676,21.628688702427212,50.27840048685325,140.16770638391984,519.2648179499745
1.3438532276568345,21.88848321651192,50.72632615747077,152.19134238967595,463.54161250479206
1.3081001349525236,19.707588693432747,51.74816533459522,173.08162872218787,489.6844081828337
1.3253922475988078,20.000831603333555,50.81013756688542,159.1854331154632,418.1201512774192
1.3087263638465523,20.599123663184578,50.24170947738044,134.02500370934922,431.8598952650793
1.3348241546795703,21.560101583056618,49.15050392109967,135.10673511692303,460.8048902236954
1.3161340380145041,20.57113510778818,48.106146818260605,152.2286542848463,381.0991125237834
1.3307820594619764,21.958755763806245,51.68490616364699,141.77881789049624,500.3861228141661
1.3342785457027113,19.58725111369372,49.43342915315134,163.2024665957203,400.2278424673374
1.3240056907676814,19.229205855568505,48.81602605568433,153.28451449848984,415.47585387030125
1.3175861349211393,20.68620378970995,50.14116270800451,145.92305032012663,546.0176488665105
1.3261682933584569,21.275319077173386,51.06661673922661,135.28602087226554,480.3856710159669
1.3246086247536966,19.77045565769202,48.68478917870977,159.40882168989,385.03252320602144
1.3702334571465096,22.303235185699666,49.99819424963282,148.7558728985531,537.0220149443511
1.3391064292869135,21.053066524992364,50.26557825925202,154.1030080177938,447.98441584391907
1.3337612372075607,20.480078884451373,49.30844683385282,157.02412044490637,359.4815026253114
1.3426498317609887,20.7265957319185,49.738794053476255,170.01692033769217,462.8406902305462
1.343093739577983,20.303096445334468,50.884939119494625,170.6592231219939,486.5929978836203
1.3136078288720991,19.53902801995183,47.80542770364757,149.9980281935417,408.2854124759693
1.3267859134840962,20.284976016335353,50.19475761277133,157.7865492878006,509.400328701856
1.3453292198714417,21.694367797713593,51.48871036652151,158.0497540875583,531.650807634368
1.30920903263269,19.61676916390968,52.31642419519939,155.1825564257729,438.9579932698758
1.3350227484661186,22.357967461345368,51.94107145139623,143.33920685739207,555.3617973448592
1.314143096080704,20.519390114705846,50.05714312351751,142.45757284376285,433.202713316347
1.3545238427857402,21.067157688934753,51.53001214973631,165.94421366232285,435.7404449666829
1.3212738455152753,19.93043019737433,50.703616108631365,162.71178124046844,367.4004316382495
1.3400640971799558,21.078526101182177,52.809202802285604,158.3733026973516,420.2102297448554
1.3057665502298748,19.41796890208451,54.23082231626289,168.14647797512933,407.47933899350744
1.3307057061976966,21.843005771796836,52.26954095323866,141.88929919184608,486.0539143138929
1.3459487280094193,21.706216277784733,50.24611230121286,146.15760805116693,517.17606228204
1.3142895278193465,19.02700737770306,47.618874193842544,167.96709482311354,391.8772950584455
1.316722283244096,19.88662576518081,47.98964430772539,158.57267944921068,444.72166961923256
1.302107286478969,19.29571269856519,48.441138265390116,150.41843656147364,397.03756219733896
1.3403592753559437,20.931083440177005,51.86093293667413,161.7131551652484,460.91899566721895
1.3170832841450246,19.862710582587553,49.939451683555866,166.9425178922734,310.5387021908532
1.3523108565823398,21.988182464423794,49.41080189618021,135.91857378590592,464.4753080212715
1.3497651896926588,21.19123941688747,49.529655617701216,154.0844444876218,439.14937457459195
1.334269394179679,20.954341080681267,51.158833921393196,150.893877474294,482.7274340275245
1.3391042442976822,21.219004831676457,52.12036181098143,138.70482424874848,439.1245385786353
1.3721813442568314,24.15359257863115,53.58297571980063,131.65331820607568,536.2407328574963
1.3845379094150898,24.165505794370155,51.651203913052996,126.13191358539738,487.36555644914796
1.3435552836067262,21.21740597955536,52.351976619136074,152.07243886312096,470.2302552643341
1.3311134330859584,20.327064112638872,50.34327413024177,150.80636891845018,389.26169604326867
1.3810941051418304,22.09501292141522,50.61599352639227,141.9609651011884,403.55435098887887
1.30708984455372,20.993605407849238,50.77030967025872,134.84844744626932,475.11805770534454
1.3160121884451348,20.405839994529146,50.25275814093565,159.9246205237736,502.3017243660232
1.3833340818064148,21.80758417143972,49.82132056120314,168.0571051654279,455.9590506015848
1.3132863772571632,20.275163620030526,51.99227816972172,152.8538741495971,566.1434536077347
1.309503272129954,21.085759016681333,51.065445189521284,136.4871985679144,562.0616302198687
1.3178040549168228,19.37727374188168,49.52386122073361,161.42534616977903,436.42414686623397
1.314462793090752,20.397188932355228,50.43559252417356,152.09849686041008,406.2755617933051
1.3094617694054915,20.450725260681324,48.00958790259007,156.960945868025,553.6395780121048
1.3378805516306367,22.33741373427698,53.96682655507017,148.46543374972208,538.9641531141667
1.3042452627788683,20.757539221074367,51.325401806864306,128.59614746357275,475.8952407655685
1.316127747701235,19.351366411751364,47.64545088178679,139.01799228943952,323.652973489169
1.3369713201567726,19.8871737526843,50.132271950763446,163.40456862648864,416.566847098627
1.3198418905804146,18.53616641376219,50.94915823669645,176.721945213693,387.23828841443907
1.3369360181146765,22.737074628523093,54.2490302715402,135.2082656007036,496.6698810243774
1.3693522037745556,24.11025243788687,53.03083277291064,146.30709068252895,538.4444828925814
1.3192866543373287,21.737509921995674,51.448401405231316,121.82515395285681,537.8322864955858
1.3529144352576932,21.22608771341488,51.33031132598735,167.22658689146596,385.6289026976721
1.3379849431953652,21.356282157954084,50.03662828393602,148.2461750470544,471.6324569577732
1.320796067217624,20.481756339110383,51.342219142045344,151.11397120589106,496.84102497394633
1.340826561459352,22.61446413984372,50.852639155089705,127.94014128857754,611.2106512106245
1.314433256549958,18.967054955571626,50.280652061790235,166.15759370206888,397.40293002064897
1.3394033939017136,22.495566899398337,49.85709698506257,149.25451440193928,646.2878986311061
1.3205532210446964,19.624711101026406,49.65813237718866,156.53423068976738,421.59341892398135
1.3312655771817063,20.489159635736563,50.77251003600756,157.78915615676092,470.7955620502239
1.3435183666348554,21.584340021775628,50.79618870177534,144.64679674935707,484.56331388821656
1.3402576973774167,20.48103332921281,50.78473887434848,153.12009379868556,426.6307680387979
1.3466034093265853,21.10900663875919,50.15677605028157,138.45005375946718,467.7383542734639
1.3423498029020204,21.462341651482497,49.788948342766396,137.6070231610776,486.04151697451783
1.3202691896339591,20.72248718545483,48.51138012592449,146.54012234871897,473.9441049054637
1.3604084924724131,22.10718864063878,48.478888525164315,149.51741566550515,555.9179562803969
1.364173668850413,21.838787433717865,52.655982032900006,156.68079537709295,508.12137069235314
1.3249767274366027,20.49047752992385,51.66567894402658,163.7688985418572,422.15113847847346
1.332678861757779,20.37751555021643,49.93953702541037,166.33056668148038,508.02952659227896
1.3507948819123596,21.864994717447175,48.73481328488052,153.31348065318048,514.7165577706588
1.352392388589746,23.17313909272619,54.593591727114124,147.84973872969448,579.6161336583142
1.3393056714857345,21.742029757361756,49.47729389058838,144.77851523580307,542.4246318492694
1.3685726772649667,21.740378543096305,51.5887260451305,154.52192846896054,440.02433027632935
1.3286216608039516,19.434837599803963,52.71625055015841,183.5663575316899,419.0723234099947
1.3353747604644486,21.208806179548628,47.985747642542044,138.34552965609026,484.33751202333787
1.2895550321673899,19.635040375598855,50.363239796161395,142.419387231849,390.5975768683134
1.363114428355177,21.93564531812503,51.45912626081543,145.4909111071929,438.603361376397
1.3306003488147171,20.570652290904494,50.83891660530896,147.1530414378341,566.539131261204
1.3782442320273718,22.606579959283504,49.6870283701009,157.46725935379442,461.0883070129181
1.356330891242313,21.70666811097531,50.81715467573378,141.9651961247143,551.3522107726611
1.3257383926017292,19.735238058082135,48.842766451286984,158.0253694868943,421.08967237708185
1.3396408277830536,21.637673439688317,49.123189219644566,154.47019183607767,513.9255875513984
1.310928169994638,19.54764360887232,54.4740524412495,179.1310677777655,366.97315458742855
1.337078257921121,20.412064708984314,50.98549049386168,156.387205986519,388.33858078989243
1.3212274638849328,21.42521935600068,50.108478700829735,139.70893981640626,383.3290306964581
1.3685392065818363,21.446315365157492,49.93068322540109,176.2484453790584,553.0981137191528
1.3241624380445363,20.415559635553638,51.2800226447504,154.2276019782185,429.31164100259474
1.3422950865107361,20.86154805560899,51.43831863357702,160.05107065155298,452.2334823437497
1.3212835702004444,20.164540760678697,53.14798913936404,157.17038332915453,416.9005349247483
1.3231326454103247,20.52842105037216,51.30962337649819,161.19039902455785,422.3253535977254
1.3320398412129917,22.24671306667001,52.19492111020141,145.97047757497853,503.9568117332779
1.3227147853610037,20.689989124032092,49.33955714144013,147.15341872899216,433.1615672282343
1.3583700181933183,22.632624098545335,49.44005068852331,140.54747920281852,510.52569017779507
1.3232272289798637,19.191084306600217,49.67625544473687,172.89251582180202,397.8377294625671
1.3818040440724173,26.066575648659562,48.829120647432774,120.3927530079493,620.0905588683484
1.3152442306825571,20.309178746372353,48.07521164143175,140.5348250113771,422.42960159804977
1.2998339260538359,18.597514981930026,51.67835779135687,180.3647315854667,392.1538681374893
1.3226085937760783,21.41286217544304,52.49194445876467,157.5294473430322,507.60853187788297
1.3489211665919543,21.535689241150155,50.38375622088156,145.0304224985008,508.52630785584904
1.358471336008826,21.12529792511741,50.577494009042894,153.4670898839817,415.08895059716184
1.3249545012711912,22.139347173745794,53.52752082900297,142.51009831643708,456.7692466608962
1.3193516316507932,20.878675527748182,52.13692907223226,136.63757506178257,376.3208461683741
1.3615308450011163,23.688654258219564,55.228229213621134,149.90255754401718,482.68806819756395
1.2881614511131818,21.103967688662806,50.018326731720876,129.44733964495612,559.9025515914224
1.3345221023725713,20.80503723449139,49.96359772609824,156.74752504466926,463.15209377433195
1.3298171718484868,21.283290478262764,50.302662144240706,154.2624909165653,566.3419403170974
1.3825875937069076,24.639909249193522,50.10673938723556,133.33724513764193,676.4166402714382
1.3247337828676384,20.923482088956487,51.885860924025444,150.06763771296548,434.2739628136986
1.32698449004909,21.032259028247047,53.18155988688065,157.90069807328663,423.3529187250937
1.3571044669849128,21.972956452922176,50.46340599848902,158.35632309006726,452.61058869837416
1.3211780096365722,20.48068812784786,51.436925477458345,152.19550629554325,459.49837484861087
1.3460307901237816,21.214562248837886,49.62127861753336,137.71209394417494,415.98775274553003
1.3204888297277946,21.14125288306955,49.70564891140326,135.63979793450125,508.027050332566
1.3492872574961068,21.291501390694645,54.29876867463889,158.0197070955797,488.30380772542327
1.3327386777110155,21.84544444657518,52.76295014458999,143.21273013253798,537.0201637297606
1.311844732310756,20.294446137896504,48.51569514992556,153.82117404061768,487.7779829045063
1.332291436931111,20.081491967897854,49.51832504502158,159.14638662059912,366.0124381607904
1.3415172193410903,20.966528264307843,50.150587076595926,154.04458998100114,525.6796841237235
1.3131051540150027,21.173577572177557,47.53741725206103,133.37519763447756,514.5179027624993
1.3833726090147107,23.75437760405653,52.907330736774135,146.45429564812903,535.485529866049
1.2992716334175012,20.51226586280557,50.2939929852632,149.6704669378766,457.9244199740798
1.3383594827477492,22.100298794151264,52.53583285620293,139.95185298578195,482.88971870530446
1.299939925483117,19.627540212525922,49.961376178021645,150.72440166911838,432.679344538823
1.3376077359090053,22.037236608140155,53.257456161195385,148.5961702841655,583.4456161164844
1.308817920993302,20.545154448109827,51.146589762325654,139.41874870863413,400.15080231042276
1.3293134233681694,20.682649530804788,48.67159401582185,144.26316235932234,443.4121530263168
1.3242165310772274,19.644036906352063,51.71330270077325,165.35554480489208,392.84122145724336
1.3408025096135818,20.548567137103632,50.563085798549885,160.54135320081576,375.4194809543506
1.3597386511773932,22.346457922539116,50.26377270476843,149.69733736353442,508.79027218963444
1.3305814100099698,20.50905026453453,48.11239078501786,161.60408675201012,487.24386179079005
1.2977094229827522,18.60731555952137,49.18668936608125,164.95131553872233,492.2535366665794
1.3575726648597652,22.41278249021365,50.556392806295015,139.8844819530832,485.2107243652155
1.3435507239804034,22.095807895969614,50.31294052804934,142.18721564597698,574.1668508901614
1.2989423132649334,20.4851020630383,51.427975501579525,143.85813712773447,458.82243980127305
1.311936225485565,20.646351633499044,51.27622889684113,131.2133991926457,508.6021433857988
1.3535183307318093,20.724544577696395,50.51984816592683,172.59839046956898,503.2268578631122
1.3263064972332144,20.24208807042057,52.24089703573285,156.86717644098826,565.6479416898594
1.320987450524934,20.727590446333476,51.993476493369336,146.1956887414107,510.4394252141605
1.3511705051556582,21.670923953155068,49.7793548729045,149.51268230746211,503.8637043869498
1.3501135157297237,22.210294849947346,52.82218471640885,149.55945560650542,485.5897025909755
1.348111556735328,21.644162223425546,50.609437138844946,148.089038544817,471.69514273598446
1.3219998815467058,19.84098959860735,51.46692825260362,167.40383945873018,391.85289403694594
1.346922279756292,22.64953113110293,49.40098920268411,125.86524231887086,528.455422084948
1.3232164063375698,20.76602947326935,51.94462615384176,155.4779291660312,505.3233348508765
1.3143492711678222,19.078278431149293,50.46307305882467,160.1650988155616,458.44840070500476
1.3425555242999623,21.124486904941193,49.78886732228248,153.90299659477955,409.1850493239243
1.335707312349069,21.505196755414623,49.80933062760622,133.3507659170789,560.8286373240142
1.3161457202724678,21.534108962078633,51.04046483233386,135.76275598290613,483.5329060077906
1.3353325767230695,20.986490974898544,52.15833527497301,159.06991800434744,578.0553845460287
1.3331509288531973,20.5965564857352,49.7951727088553,156.96001304731467,429.884555463157
1.3402166636426032,18.939513853160356,51.63264800173835,180.85479527869134,445.7711998240115
1.3353613970367366,21.58663167776219,49.04417492853459,138.80756441421337,563.5644395026694
1.3204746537591303,19.147160043546897,53.4305061106503,174.6576749145014,364.31157360087656
1.3643975001870956,22.460189855679083,50.24460124503218,153.44842703831543,483.10754187430024
1.315023622194029,20.588591236580534,48.68669251125541,137.26427135210903,495.3560816184408
1.358452816409212,22.840307185196163,51.376442098716375,156.65292625017113,535.059910783
1.3250506816901668,21.375530999695766,49.88804279011995,145.7948495902059,496.0969803985391
1.3391826919736936,22.208765008366107,51.36318826764456,153.74975524424468,503.9364921024891
1.3467637799825873,21.333758169169275,50.39169343084162,155.9339615856724,429.53712621325025
1.3095128659733546,20.664364322124985,50.4246481275273,145.82912165578432,488.70828100631076
1.3462026499176827,21.459234932997852,49.37689509646824,151.78053546911556,393.7278853791179
1.3323137488732706,21.084072716377094,49.87576636892624,153.34189489800167,482.13526279017435
1.326973928218909,21.629198906050426,50.015996374532186,146.55564416557323,490.06113061456324
1.3400627104456224,22.616236598417895,48.81052288190289,130.33918310286833,510.9609893492379
1.3346604817606598,20.78326611850796,51.7833701473833,153.9380657579283,466.5526405334674
1.3540674861871718,21.282428439949733,53.07768114316921,161.1019155055235,526.4847394423233
1.3190846121277993,21.02400140342895,51.66939687389935,144.2205238238821,513.8182089997492
1.3630166591345085,22.646678984171942,50.686512528759344,153.64530666374574,528.4552466729092
1.3265641271361273,20.44979078611805,53.603844653981234,165.3516212511197,487.1581172330037
1.32325288112629,20.04223535444769,49.46627311228299,175.59715656208778,439.43113930130306
1.3698567963522128,24.014735020267274,51.96205433594395,125.24067368201312,582.1298247877771
1.3425960337776763,20.34061995764449,48.64585441405156,155.35876612976,395.62019325187526
1.3139139857749753,19.97211093903782,48.64872409234546,155.95447839879847,421.71105227130596
1.30757927264664,19.088346738404592,48.81314386897877,167.33507944747515,421.82239308946424
1.3365455597382367,19.48865108733192,50.88768574589998,176.37484755303166,386.9029347099251
1.3079888730090732,20.930766303222445,50.68739609343798,148.1751510041832,523.9563865696764
1.3132859652974913,20.710279277399582,52.293275014371716,159.53376252788723,494.6080545157877
1.2697506278873485,17.031482479020646,47.28440126552816,167.8989182233416,456.9120533070664
1.3138683299321499,18.577334463504577,48.769111532769834,171.2798691550305,334.533000476871
1.3517664952618875,20.477667815931387,52.71015236813771,169.4975846475819,427.55994307775137
1.3415741132561942,20.75087145986064,48.316498404262965,159.7634000979741,426.53916698982744
1.3407697601943234,21.194532878278217,50.48631922259143,141.36639427986339,459.161910888881
1.3404767279023122,21.69718557433539,49.649158252717406,144.97697505069422,420.42758312278676
1.3171391964064676,21.901432499271007,51.51479935160789,131.95024452661835,525.5781971665409
1.3083068050467213,19.489545671683032,50.77751680606832,164.58127236059445,503.9043656017161
1.3384201300518401,21.555785148655225,53.68647739594431,156.42225551078388,433.32047768111136
1.3841132372615803,24.29633755059819,50.719419873523286,133.62870695221204,556.3768279985096
1.32752653234935,21.83935212278653,48.67559454932369,130.40151893593276,567.962515237276
1.3377511307018821,21.980836661125032,53.292118252816984,134.27384825172072,499.8116458113324
1.3423833254056636,21.08188328983314,51.47733933482262,163.72443354788788,486.38419094537153
1.3226901477157682,21.154013694947242,49.090684859823426,139.10392138397106,377.44277047422014
1.3472901472953944,20.467498198837642,50.12768569292081,172.55325515768428,458.39066587961395
1.3094291824709134,19.38750105243115,47.25133294711771,147.4755496185174,416.5268391269588
1.2958108914385627,17.727280847627448,49.114236550073514,175.58591710841077,366.8749773426721
1.3164976522129144,19.092120022404398,50.929016821266565,173.13917793818305,430.6596534393193
1.3212746850477877,19.993785675475895,49.07550786391086,145.6215442065842,375.1407101502339
1.357357326658203,22.15273288154634,54.51751245482418,171.83616912917884,483.86418364228336
1.3343298553333576,20.244643497087814,51.2065849479477,173.82350311596562,455.9480158145577
1.3139771145093306,21.21439235516661,49.861063946324904,133.78110237978416,506.75683644122984
1.3157666605472507,19.660458065695956,50.74547631685203,160.75844258172435,416.8886120231755
1.3422955265630028,21.186823636544098,50.36492374302726,156.2596040743562,426.8666327341621
1.362923428773454,23.033905745512776,50.62641281882551,142.6078663009026,415.3331654540545
1.3261527985625419,20.665739587624486,50.47712485740737,152.46915032323014,486.61087126489764
1.3559262606911546,21.734517141801195,50.19260853079165,137.63341224698453,452.95584276252123
1.349685972540275,21.43190635961692,51.88398211688097,156.88323219141773,487.30618829424657
1.3257862484564478,20.052268557925213,49.77798919852317,147.65697297779823,399.248566392132
1.3625885741172594,22.22830783186319,53.33486469267528,145.10070450939443,432.66891299989317
1.3465686178034733,21.87504087510756,50.84093980277066,150.6304201944674,504.8290187461284
1.326562285879477,19.615381458108057,51.367754155203755,169.64167591027754,456.70783806923373
1.294244757660394,19.037295636618392,48.877260625083075,152.75231024067213,511.78520316039965
1.333035146908885,20.396697088042117,54.673368638949256,167.9764448290104,464.52438548506126
1.3650052925636138,22.712419824336067,49.77916071248493,127.99891993500266,479.2432619932765
1.346531534378734,22.444597201068774,50.97599826807365,132.9471694411891,563.0817433130258
1.3613684851934278,21.94091559994421,50.38165613826054,153.2015064614779,526.7667184343001
1.3241951888820567,20.304863097269084,50.103634277361714,148.39681775563798,421.18673402539264
1.3007909258669805,17.880211875151502,46.920657671691,172.54822960959828,229.95233512916104
1.3375488664115176,21.382942324778945,49.64218777329406,141.39186965273842,440.3397529579529
1.3446770662387844,22.567556777358718,51.7431488018644,139.53073164465846,562.3602676084489
1.294379822204439,19.36446436844692,48.85547035140327,150.41986755484567,454.0511575090905
1.333574495981987,22.626930671924626,48.74365064852605,122.75951025035273,577.1730125722947
1.3386108508862027,22.493899330084787,50.53639069954907,131.636536631816,455.4604648703728
1.3098001716289005,19.656597684047302,48.61074620366972,133.98407747506778,435.87193889596915
1.3399654305852922,21.54862826911885,51.944244469408744,150.26031692870976,530.7102462794721
1.3289063520474271,19.81005654629972,49.26285050722931,149.39709592854697,429.1117799818019
1.338379697617094,21.73603512388972,53.41978491302975,125.64207407878808,448.6011710993702
1.3317284837354624,20.235988842058752,51.31292416643076,160.97750580814014,380.7474642681301
1.3548701069173743,22.152765835412296,50.652260445680454,131.79984226228055,576.8008232358667
1.3427100958973446,21.489009788982344,52.66258125648114,155.28209176015176,541.1700666472291
1.3259067949052357,20.211517239099393,51.46455586067582,166.32347382993657,418.82383201094194
1.3137223194962053,19.657434320702883,51.596070658989994,161.10369203159826,386.80180206858125
1.3186190669577715,20.062686962495007,48.02384516695134,153.684036851098,531.3717131084281
1.341046449459102,22.12005565104012,50.29469945128672,141.47676453074095,483.21995460422704
1.3457827258582373,20.53899808173756,51.68018364800547,147.60264235760917,446.953395371421
1.3121116034215945,20.17224091897755,50.130852759406885,156.15325046240193,480.8701971784436
1.3444867571680184,21.645781801893886,52.130650501064046,163.32365249565865,432.1922293763487
1.3250514579940615,18.334717165698734,51.11638231710879,176.2760585270236,390.1633732246999
1.3690817553594212,23.71774029854782,51.16519710084685,125.97542002972789,595.2418895551256
1.3554763337308509,22.594063759435695,50.617698774692975,139.10203080933795,493.33355764336926
1.3454932877263424,20.52778075683488,48.77442042295199,148.87031931124787,440.8457937886633
1.292145724892539,18.637688138125142,47.044129730535225,152.0078007839129,478.3997970918496
1.3282010101044641,20.32945628111456,52.89441378338091,151.79367490663998,428.1623884575898
1.3507853215026964,21.501803748783985,51.69815429980556,155.7590631630942,423.64627916194934
1.3222969074165376,20.236173235504307,51.938936882038355,158.0352090474919,394.3703340068289
1.3334659411966925,20.639100959528633,48.96043363393102,150.2625986329386,492.35794032140154
1.3428935793398615,21.967863003317525,54.58545950072327,155.39523147748235,453.8942746039575
1.3475772911089317,22.239402993622576,54.35935352935616,146.7946013762478,475.5013763295287
1.3164667280426858,19.587662005151998,50.957402122166016,164.95645137329575,376.51308548626713
1.3472244671782576,21.330181105933626,51.40224744268938,152.0679425676076,449.0842340548729
1.3154892485809249,20.626919900586728,49.015550111573404,156.73389472152613,444.74267821602194
1.3469328730153145,20.861425531834314,52.89202630215035,169.45185889548114,446.225808588142
1.2973034636329035,19.32065213700283,49.544728268029374,147.75763553592571,391.6680230136657
1.3566039848583695,22.4186767928964,53.99289718259391,132.992774175291,513.3953824170387
1.3378973311193665,19.84642624163613,51.13915531330033,170.6292336146384,441.10881228142347
1.3584845430421393,23.045971674336144,48.79640448715271,123.01084932510193,520.4666382242542
1.3577931775593917,21.811704717062014,49.979111864273186,146.75003993729288,379.8558676337604
1.3190572581245135,20.791320428704516,49.94733455205154,147.22779288802164,409.0270395975766
1.3528706218724222,22.209605149782984,51.78373484914629,126.78416735103313,519.8577319949027
1.3191891720366726,20.542309319870913,51.08643050511444,135.51689158833287,474.57713542714725
1.3575809227954774,22.53541568656097,50.76417819347076,153.00721164696353,565.1147770220124
1.3154211316425979,21.88767016682567,51.155759015739065,132.83237679979933,450.5016920273555
1.3631383372783044,23.18351624825764,51.86846322936841,149.78849366271106,455.7531405080478
1.3284509341930617,21.4603025394999,49.55769121509858,141.17021499141418,574.8426173122127
1.3287190045466546,20.280676957221498,51.11140816497821,160.89567278432986,486.51175466567065
1.3529436964460295,22.173205738653813,52.94433096656797,162.95635841737396,435.26320023356
1.303483722663084,18.635467005040454,48.830602243446926,169.04889980566557,335.2095005691706
1.3131475010809472,20.324064277046237,50.009647556551215,154.32949105713914,454.7395509550533
1.348081628274397,21.704485831595754,49.5168444217535,139.97981707765658,529.4675505214863
1.3442721451934645,21.27669785606986,53.64338091384963,157.05474888731356,502.7655162237099
1.3441440001002718,21.052132499600276,51.29047994214569,140.26282501547655,474.0402603010227
1.3265389167556414,20.558427543439738,48.94532833200853,141.04874427197768,426.78977208890814
1.3508450025392318,22.536600478561304,54.30631389035635,132.72138617959186,440.23075338223583
1.2934038906928786,18.740272079793197,46.84271548508175,156.4745166459379,365.6351789539323
1.3105222048413798,20.008391155738977,50.50287239049502,153.72984679728188,472.73852335293867
1.298993235737762,19.933819583157717,49.88333328783801,141.80844202087118,514.119787051427
1.3638378059505842,21.31665405931529,52.44073524040675,172.33451782031483,396.66777981121913
1.3333698536790923,21.51855441502371,51.52071084939349,149.40155862545498,424.62969713976776
1.3367954171781644,21.722085984986556,50.568502494931515,124.28341400237744,519.5309593888892
1.2978036223097476,18.720094753527544,49.89980708522982,158.27853140703414,365.7548524246156
1.3429665084054567,21.270839473999708,48.58721463892225,149.28023844858342,495.0968583654505
1.3110482132456975,19.56133061654633,51.48957439826838,151.88334693957765,445.959792690754
1.3381605814700228,20.494063911163394,54.44438341791546,178.77714651497348,363.90381045816656
1.3145178095525496,21.000076254408285,50.65365836411806,139.64817679615044,496.915860255555
1.3400070255909222,21.52727288539278,53.35799560186618,152.4999728607905,404.9872386564968
1.34701955416549,22.59352550871975,52.09065451955941,144.35657135814924,528.8941512321879
1.345524527730641,21.345377934457836,48.328029677881595,145.60974324671253,455.12191748998134
1.2999708334005922,19.47554513603961,50.95647594741323,151.39047304395388,385.5574717291608
1.3409929851047064,20.27927608518129,50.313226471829964,168.72757217796197,480.826213703158
1.3608853153212557,23.494053380169586,53.611727294144934,126.71195414125378,560.7227824921489
1.3435082921967683,18.97561238308272,51.601879336998856,186.4541327792185,353.1031409596252
1.3137986868085023,19.92842655681329,49.821894586796596,169.3867909012589,489.38974026784206
1.3199794170183297,20.969749165397108,53.292212097087756,153.7885485933871,519.2978892800381
1.3248859953618948,21.401625361652023,52.24928912787505,140.6811669051659,562.858570372695
1.3239797125134285,20.156368567331448,51.598167584978526,157.1677000621983,454.5820010655442
1.3915082604225357,23.81927438834179,52.00937695114594,129.75082229313753,497.5506214855051
1.3609367309199087,22.71842727015022,49.6128724438608,149.27620536984762,521.5600782658533
1.337456548876031,20.769846376733387,49.94833324731116,153.58937995538867,378.40976229276146
1.333117362660271,20.304127325919566,49.72824911839471,157.9052739570918,441.6183583877334
1.3420135393561596,21.426478121450028,51.52145111764171,157.86893956636698,470.2756652803682
1.392756735999935,25.46994630800812,51.920158358697854,136.893137888573,514.0149844166818
1.3310931129802006,21.82610797091148,50.08209262487938,139.98371712105484,501.03513128812745
1.3238949595738625,19.282000990130857,52.48761469702474,168.54372100426158,444.0005450015258
1.361413231839788,22.458561320679358,50.20687327152923,143.73567386231633,531.8387320639258
1.3282002282031522,20.64153350275552,49.211879486540774,136.3829733879906,477.7975205735031
1.3510237919937187,21.23172562517835,49.30902910120182,155.91415575211,427.8087390767704
1.3554402039542834,22.057975984070755,52.2500692738874,150.99123529259924,524.3677121760124
1.3268502532201134,19.851876789178572,49.74110714425454,177.09611432736858,509.0029192804184
1.3325916295563849,19.867386027254145,52.39176381186967,161.81170678499655,359.3008162278283
1.3404010522847511,20.163929206648934,50.271585989927964,159.09091661019875,441.98656921005573
1.303256147998789,18.191892818829853,51.10708057265716,173.45535271880115,347.54213586952784
1.3500158212680244,21.208022717784765,50.221631061639144,140.85034842205897,466.7922330341361
1.353499175086874,22.122804598508402,51.10969462663374,147.88251907694132,560.5701755631875
1.3460418067703317,21.62782408508687,52.51242529699055,142.96453972309791,487.2978075033603
1.3537137623372506,23.028510885589263,49.65348312118241,145.05265706736753,593.5257411945352
1.3136957213562375,21.28761639807467,49.950006290616095,139.43619226817688,536.6141198279531
1.3425553041494909,20.62204225690664,50.26635297042322,155.68294344502735,445.37511731750794
1.3313165420612512,19.861839815123563,49.82356121169224,157.94928150765182,421.359844921842
1.323676817912016,19.649291835806217,47.88968082198373,162.5422211192646,474.12356757964056
1.3867172044746594,24.306171558160695,50.805051879332325,135.53860770313614,473.82783366683213
1.3072711040793195,20.3733482172752,48.947014863760195,141.12412997591574,500.08826514916433
1.3165202760194756,20.922207379142773,50.6636742681999,132.5252512190155,398.7236123518234
1.3493276871288833,21.84131460027238,50.01212949824939,141.17367865155262,567.0089231502293
1.3244621472999327,20.003001485321384,50.03230044874394,160.06673868168406,352.9780031859048
1.342892918404094,20.23675513327404,52.06562606249497,170.988703686024,394.5307152394328
1.3149225628130239,19.73707826096125,53.235445406981704,166.17555514120886,404.8361622386389
1.3655994333093806,21.383962904343594,48.94517583854686,155.07282081205057,479.71164380573475
1.334502708145436,19.735646894834396,50.145734040210165,167.2567091663468,415.0933959588821
1.3733012407060878,23.655654382579918,51.51468202085874,141.01503549683628,528.5796464310945
1.3409220502384973,20.631899125835943,49.55743508974319,151.95991782253233,402.5530260629755
1.3513140485868314,22.405909611584896,51.110138485693746,139.997652060209,551.8253334083566
1.3207805533809878,19.95988208718328,49.19304289646146,162.51977219138604,469.2240721175541
1.373165085842578,22.497342355364452,49.69160294784282,164.0122269246243,502.654368533132
1.3084069554622122,19.415523486557582,49.04883733754174,166.1608262882148,440.07203670120566
1.2980797378247284,19.65436657272103,50.95605767032829,165.07960721581605,456.0073908343685
1.2984923816823282,19.749482097941307,51.91031048461667,161.81243671349347,564.5949015330131
1.3498128903626978,22.500794143156817,51.084778824009646,136.69213934276922,504.47518277031435
1.346604001545193,21.686402373045787,50.16161631547763,155.79496052379906,518.0497489768509
1.3423154760409828,21.337814625917986,50.3306139222813,138.27019113169317,484.44052355490834
1.3300675123295378,21.380379007156762,52.127068926601716,133.01231935187474,522.7685381408389
1.3144762194750648,20.853400055566922,49.45529940756168,146.65855819163724,437.3405069654822
1.2998440263619333,19.290305010611547,47.98584871758028,134.1411095124526,415.29924647100216
1.3347099596654246,20.871739453555172,52.695086799952456,161.8422649264205,496.8577359223545
1.3511644503750249,20.802277429650687,50.5770244898778,169.05094767498673,453.49290396894236
1.3136618403733782,20.06504359499825,49.498264803308864,161.622410371378,386.101038929394
1.305529006522387,18.91611132139787,49.009678861341506,157.0744975912175,454.1318593625915
1.3392213016367218,20.146116773376054,49.3688574021069,171.13100900329553,401.50430579843373
1.320473815785467,19.59605804105638,49.95919954086659,149.68696188743314,495.44804931937716
1.3304419309559528,21.5341583478317,50.83236264290372,149.33642019689665,573.0423091427837
1.3440495342254737,22.22461228019823,51.87767607548742,146.43124771071908,526.9608902363176
1.3617182445665588,21.29212455364246,50.68871716466226,172.53480194980287,426.4222328992081
1.320686783448081,21.96203441295429,50.74135946254691,148.28888640283998,561.8678547556389
1.3206693872505377,19.54961896968728,50.853437299013834,168.85346028417538,366.8701378394641
1.3505365201786124,22.19742607935816,50.11516697591203,140.89141037803893,560.3546419282092
1.319538748926194,20.077265047102664,50.323936026238115,165.02520129013183,406.67968243458506
1.3262699782979135,20.606805709335077,47.56081477515617,153.8538383003023,463.3605174614909
1.3181546534501487,20.50759020128882,50.58437911635236,154.09493997575927,446.1483901080974
1.3485125447789055,20.53842589396698,50.01648287097984,164.18180098416443,477.35350240467983
1.3608147612128183,22.19902559073921,50.494247921817056,145.62540032243726,461.8691091175199
1.3411870516990985,22.24754015762622,51.22629055965755,140.80090952478545,529.8786632116179
1.3512374866677614,22.156283040093093,51.93223884941301,129.5325915510722,411.8096083202729
1.3226469123884521,20.957813148929283,53.703301117821134,151.08818638430017,447.28563555430173
1.3090717787000532,21.275527854466763,49.70362829813255,135.578347643278,527.074998655834
1.397562592298517,24.850982824194734,50.32283260762084,125.77340706807625,519.8839962657725
1.3481670371285337,21.758656484892754,51.56829181734762,155.2657596996001,583.2813698177214
1.3490088119086745,21.891128573733674,50.85350346803379,144.89027942429456,472.24202437849533
1.3315407279889742,20.3557973913697,49.244889379308574,158.49826481064142,427.78656719742526
1.3431722848787122,21.3569153978747,52.3756203808565,121.99230562154342,405.2588828135426
1.283291815545894,18.65367796472998,48.293966493274006,168.36983692637193,432.21185061050335
1.3120475908545965,20.075960146768374,52.38233566021011,162.30181405318166,407.50943087731724
1.3548560195091581,22.400135992673977,48.89257567998296,134.18204261566416,581.172492706081
1.3129082310889484,20.495254676011825,50.77626832070542,133.9517556138046,452.474506936443
1.3396433799387548,21.490669150878617,54.25743479735277,149.45118029496095,453.67757069303553
1.3422727910799548,21.376671589748355,51.67671536029201,151.00489665152256,454.6389489189007
1.3167460958385429,20.615667912844625,51.75895769543399,166.90031669605764,492.16326404997466
1.3269124052949057,20.111786517316258,48.067827100921924,145.8948357800091,387.10153387279325
1.3275877864413095,20.64022758819527,50.60728159142654,141.22161332502273,429.5632025547737
1.332538795947471,21.358158223401556,49.046105684947285,137.01324244054217,483.6995750124298
1.3245427108518193,20.459331085748765,48.803249401130664,160.0935916450027,530.9996983898977
1.3216247726108534,19.900195281661553,51.609078825270586,157.60165819377855,499.8700005046971
1.3337618850004003,21.63457682333591,48.92679173153611,135.0586940439348,379.4483492412515
1.3514811970003653,23.84833867349475,51.6869943896004,125.3487593620107,567.7733491117439
1.3533829806942164,21.589003169289363,51.29716480855129,149.48668825731076,420.97957138904553
1.3054942358575916,18.988755039486318,50.502112606739246,162.5121248560016,445.19484932203966
1.3436029417491024,22.408613826306766,52.89870315270406,150.08555869005144,551.1673702034398
1.3197552269348907,19.88830075286647,46.18931408125737,150.57724478682627,423.57401843485803
1.3111603667717642,19.46270969682536,49.153459665421245,162.82202056536147,410.15374814494487
1.3372340334758588,22.775465271144427,49.7541143663255,125.34581502096668,529.5942394771708
1.3351469863023067,20.617710888793145,52.49530045192797,149.2438532364091,531.8705795385179
1.301655006724454,20.233894648806398,48.58693757680135,126.59779582231248,446.1484671399601
1.3261539305838546,20.07680116766246,51.28606531087127,161.14748839077265,418.45232775864446
1.314353263536716,20.78875551878685,51.63925001448482,144.6582525040349,468.7685734024049
1.3481555245923909,21.1634374814129,51.42331380662563,160.90076283270847,420.42086360784043
1.2928817003836441,19.734019982130974,51.17746674581494,181.00755865771455,525.6827082468427
1.421498860440554,24.34551421779922,51.51301374612746,152.80662707814753,407.5831992192286
1.291338279580407,19.47331421360403,48.21370867440119,155.84051199658487,494.2797398723288
1.33823283305271,21.701267930039588,51.83274124750611,154.33749798717324,562.4152557092592
1.3557031310567513,21.32927559052543,52.3009630824826,156.8577077718385,494.6136680917054
1.3319896538046612,20.42024148608252,51.77219202881413,151.95953134076663,418.24297081614156
1.3844925806960708,24.872091182995593,51.548450293062544,122.81930175647989,549.8991891567783
1.3012383714542808,19.25893572877612,49.000896976396874,147.0583828527289,466.9540254460754
1.342406946666386,21.238653148406293,51.81157827396709,141.53456330099715,508.8194128827611
1.2932074652051055,19.885402594270964,50.82037085636878,128.98415718644299,463.52168856017084
1.3163469268073522,21.453198122129322,49.144334039526804,139.3998765612309,508.22915534467194
1.3207280760345415,19.967586329553285,52.51333509901759,155.2958132023075,452.1135540352395
1.3494832582278853,20.89634804362736,50.11567490628614,171.5441105745221,444.2227242799807
1.3116284309344106,20.107563747322097,50.980550192117505,167.74185299405403,455.89440930720957
1.319073545030399,20.662217471019346,50.990144826172944,157.55310734371756,600.972727336647
1.3161498678971009,18.81577202872002,49.38078592226615,173.25671371773,451.644899128041
1.3286637123736378,21.771934075360896,51.121166550758495,140.3360688479487,505.4602105137376
1.2954528029631125,20.229902781786986,50.40499394597623,141.67624375764274,456.7578471161809
1.3574609314776567,22.482047232223792,51.87434493751054,133.49647389052444,527.5280964142229
1.3323364924189722,20.932419339311984,50.427377812606174,152.15650547251545,517.8606551554135
1.3156303483250755,20.497994204472743,51.79354145262605,148.5679947694154,419.9521951897585
1.3238525893007314,20.672207913490645,52.58972905322621,156.01395815137238,499.54077793662685
1.3187228176541852,20.814055609327905,48.96909451777597,131.9437002009489,395.6349337148288
1.3433910183743643,20.564010270004744,51.69097885627604,171.92220150342752,436.4949542314725
1.3122923976517056,19.492872136569904,48.957404789975726,149.87499450409015,383.4056918548924
1.3187852749189029,19.688294989962728,51.239799496733376,157.82888884933183,381.3054673221955
1.3296024114597578,19.840816971758933,50.63836452258537,166.09946062337252,403.65611400511176
1.3416630195343107,20.97445953560572,48.39722478877057,145.90020577085713,483.66340161895033
1.3144355973658155,18.762583685293553,50.74395890426107,163.65863552892833,392.12839882536207
1.357680180616279,21.297196432838952,52.3358300547244,153.96476611817283,421.07444365492955
1.3861121048776028,24.153277497363742,50.71525820565686,133.94253609447762,587.4017006376982
1.339455725174184,21.91478107655735,51.959256674839935,156.64162353635507,506.88583902060014
1.3296935524283666,20.22050763848447,53.11810328154358,161.42850576493328,410.6789635800788
1.309487895226622,19.384996232432098,53.29104756633315,165.1136886632224,388.1814686816316
1.3137948371792938,19.280051285723864,51.42851953418723,170.08696403851877,340.3416663222085
1.324184694259205,21.507507875737065,51.44226343790755,146.79342639695741,477.9619599064867
1.3672652783593273,23.124813853350965,51.538880330843945,149.24825180195327,495.0963279018565
1.321278742811317,20.56745934363282,48.4144186012861,156.11389663193094,482.5515928659214
1.3351165914263747,20.752208672184835,48.96311901203463,150.89351930040988,447.1722914747411
1.336403487278173,20.08916138683611,51.12666989284229,158.27482349148238,397.46276023253967
1.3203140719828883,20.651297611078093,50.58849178204244,156.14810360725366,486.9073812931738
1.353760058539067,21.88479109480301,48.05131400830307,131.1665826918486,543.7838010901653
1.3440422457660577,21.754307827876204,51.480492518401455,151.06085274456746,576.327587455204
1.325529711845169,20.554084399746873,49.16197541235985,143.37448874891783,518.3798902476276
1.3730040310471856,21.92721315660593,49.34417309473446,151.30270897331403,401.26233661271925
1.30636060708979,19.68350851556853,50.99102192382742,158.11503211413307,379.7122398612155
1.3210523360519408,19.698002069515812,53.493686746245196,173.16873990145345,349.4219915770537
1.3475945757923837,19.345031059544013,50.56911075232149,180.98957280794207,396.7445632298727
1.3388333140183901,21.58860051236233,49.04843968630658,142.58727927346456,497.5140587436519
1.295794314651243,19.243141063687148,50.32196614401939,158.90825558253692,486.6436823337014
1.3403567191991792,22.305087889221852,52.8932009085908,140.7333848026572,462.7209091813871
1.3365295544417064,21.3156979838447,51.147887164738066,137.96739396777133,487.1502552282343
1.3256515302925393,19.107676461450303,52.77878692978278,174.01683891736076,346.05791879550884
1.336459890927766,21.657721671151858,50.48020035471526,141.1608292229575,526.5753653578757
1.3286699030446871,20.601350889593192,53.5022615839153,160.49710605739656,486.17116112748545
1.3036972692605997,19.768890566398195,50.26823740347893,143.44959523962973,428.9574965379715
1.3755675219754262,24.35968117529918,50.73092747821185,134.26276505043387,539.6428000155778
1.3392814080906181,21.985316799013894,50.13070979343245,139.58189046308954,450.21150851178396
1.3290432827357652,21.566859632400142,48.39744656089889,139.5728333737488,465.0616315002955
1.3523248688990148,20.75253273295889,51.225003888551065,172.09206828657273,349.3778292952692
1.2963122058537428,18.01292907066131,51.08813124785385,171.09363393371638,418.706510021943
1.3469412440823576,21.387153013783898,50.33667941681252,160.7579378676933,482.48630327465906
1.3317161600614138,20.128449520609873,49.66082708612931,161.1024491880254,476.603577671985
1.3530390704115618,22.37162225288857,49.467122274158676,130.8516020153147,441.42707521732655
1.3561739685953063,20.84531328732026,50.450483131153426,171.87817527870038,443.33656752320314
1.3213352056571788,19.584896352811818,51.49957569694914,156.548232466818,416.3016392967923
1.3055459886176357,18.234911256320423,49.47466570210933,174.1516006404472,406.6774308269196
1.322961590103959,19.951571852090076,50.803615561114434,147.3012489017765,446.9035048304594
1.3153643414055403,19.444008652311272,49.56383983653447,160.04614026485,407.2641300471999
1.3067702131240626,20.582427599414242,49.203005014659446,131.87843136684373,424.39157778873914
1.3424058462701831,21.071821538924638,50.67813787857844,147.41682772077095,438.4526241734949
1.322394956023426,19.444491914355858,53.146558867323265,167.81187076538907,419.99305539075334
1.3763828308447963,22.863746058434458,51.695406995130384,154.05734571235354,547.0464490997897
1.3798700034545097,25.014887254441216,49.62611551794559,128.18501567905923,591.5478919614636
1.3449961676487028,20.526977463747198,52.577244547956674,166.04695776996226,406.68621212076783
1.3692069533457536,22.682377621356792,49.481714213052754,140.597588757008,441.26635540687033
1.3359643734233173,22.017746832595716,51.96995260565866,146.95181468259494,470.737745535375
1.3420105341833886,20.98987770766551,49.463388842260514,158.3338117552052,456.8820485023473
1.3131175076610648,21.02695253320988,52.01189514851037,130.67430727591008,422.836695978752
1.319595959306138,21.224542844504562,48.82404796000114,135.76913579607756,547.775784469467
1.331461380038597,20.326173986594448,51.269332701594664,162.66598444464097,431.0118269097362
1.3542058895612692,22.270582981217967,52.23218300726136,146.68648808622703,516.0536599420876
1.3135262063324071,19.953694291132045,49.48978241783703,149.50813289890553,473.6049676951597
1.3137108415396046,20.196174101911108,53.17333787750311,158.98956767780595,480.7804101695291
1.356349329432001,21.7328270643137,49.736954769157585,146.61396114546278,465.06408000800343
1.3652335814215975,22.481463777178533,52.40397294580144,156.18292417720295,526.4422238252312
1.3245302341558203,20.36664557093421,48.50840015993119,142.49775522265773,442.74945170353845
1.369575127481196,20.935315026387425,53.024672150545896,167.87820222197095,350.4340387251692
1.3439699563556153,20.60627841876374,51.20344824467866,157.04848840689795,515.7477759727919
1.3687065825069475,23.391021293267823,50.66623106759235,124.02344774993549,523.5379034279947
1.324099619683449,20.399423016466137,50.803190890955186,175.30912354258837,434.45251729550415
1.335972691487472,21.069757677436048,50.23676242902807,163.65349213494386,495.0625125219503
1.306240093281085,21.10144792279434,51.40748953294227,149.47498875820105,474.0021915506365
1.3232498590137605,21.054888074938773,51.02630150893102,143.9942107974186,512.7643367995411
1.3210290516509564,19.80597907600334,46.975765798061374,157.13622057867804,439.77245689678256
1.316428266223327,19.50607692822313,50.4413678148416,165.7612049765337,392.29299133107355
1.340358033792303,20.282006985753686,49.64404835412672,164.3639988150859,475.8220552721826
1.3145295849717717,21.34149953041237,52.09115764476411,137.2298088063062,510.69919241239336
1.3149564763625627,19.724464748363282,48.598219496418885,161.20816072410886,456.1771548885538
1.3310486123310108,21.016900792229112,49.524164153305634,146.15213619736275,536.4557155578569
1.3381815870336018,22.290735491094075,50.97664061227096,148.24616969825786,541.7996815265724
1.3751994930627676,23.256668517411953,54.71678681369233,140.72795807880175,396.64566025869675
1.3167403502357233,20.41757985406767,47.58648848952612,143.4575660501159,516.2785878650252
1.3528616196223007,21.879598509034004,51.51717162712288,128.90085540272003,553.5123040970736
1.3152207092579302,21.524278298184413,51.64932037606616,132.87526203869487,518.707434952019
1.3382307976396348,21.38350843637452,51.07343259082367,156.16856278949672,480.96522480909147
1.3526597139676602,20.679915335366722,51.560569423231186,157.5460916786123,394.83622719552426
1.3152419543584597,19.668440264663825,52.56386066456081,162.7690210380043,411.6515799607474
1.320992554312352,20.521570443543265,52.085588760132175,160.91140695667158,500.68634960538753
1.3051056253785867,19.210532428680008,51.47497551042314,168.53130513829274,442.8738680498555
1.3516748189315813,22.1779037681678,48.24035373378319,145.7387126312209,499.72468346736395
1.3058901624631303,19.462222517165934,51.28464212858458,162.20842998157676,443.9424616019763
1.3038117344966245,19.449234094418195,49.24120160882554,144.02713840227224,504.5444222884931
1.3284118186524467,19.98210338748532,49.49462314283183,170.37698791484317,488.31543599170743
1.338820066522549,21.605707050496235,50.389025609556086,140.39222554056371,470.0467551666064
1.3919470931891214,24.186711626889466,52.762703074932745,143.6638390780082,549.4777307539005
1.3482091531387443,22.198699299726375,51.53403345080316,145.29459766133968,441.16868019379916
1.3474339937913962,21.529831483430467,49.374960312423056,150.5629658045314,475.87961888499757
1.3504110492247388,21.128095247315716,52.840647483690034,158.81562619060497,508.43714079177886
1.3283360866075657,20.843131325889637,49.858355966598886,139.45020497052735,496.6034242843701
1.2817841142887256,19.65499906759181,52.18948088008322,138.23879623411875,406.31932283297317
1.3379486177295676,20.47227654091769,48.03867842672334,159.4791222216454,419.3996068009562
1.3734209246556341,23.68727340647931,52.82475433133064,144.95390725612526,486.9343088750354
1.3258541180291443,20.008468131667815,48.340673128411304,156.08238763040126,464.679908380945
1.3488269177710404,19.321223724762312,52.59682124865634,179.98269346547568,427.25827179496855
1.347271984262683,21.464262928458336,50.63801236511868,149.22156050346373,497.1828878224658
1.3124078317659325,19.181578414087014,52.58787984458043,191.13549333146756,461.04534431443665
1.31465445218207,19.90213464808432,49.657607465596904,158.98626322857606,539.2523612338935
1.3441865639035435,21.82597545678464,48.766186910847594,144.5803297883851,492.6063273837528
1.3357673163159394,21.855644964991015,52.283312545699914,134.56771512120247,470.29348669353436
1.3223800859922334,19.95672501668321,50.997172186857014,156.98378920535774,538.507082013503
1.3623828590189493,22.817947143827627,51.586274974131555,134.9192081443457,520.6699657967172
1.3311213037989846,21.23388362277159,51.02877482080667,143.65174207462348,537.7511544183061
1.3586652272088988,22.24937834548506,51.640564014114126,148.41924365107926,463.5076581497944
1.3621080950594502,21.563623733836963,54.29010844343012,160.2514344588979,388.6781262835583
1.3418898304343174,22.207062413209975,51.7612057394854,143.29769160461566,508.2438915549072
1.3226405959001835,20.49310914977798,50.47407932964929,147.53553195642868,415.1180346166185
1.3198191597246094,20.1733200997406,52.18487415015662,141.81909106207382,334.50988364179346
1.3228468417593626,22.415246357293892,47.96361048517876,123.6903202393266,514.6580755894851
1.3467533386635635,21.704716258817836,53.47868970310431,162.5771747708302,492.7819425348546
1.3432196095494495,22.89799644295688,53.55318022555146,129.08155110093304,479.0072142156549
1.3189411796727897,20.41486301773033,48.78955740336056,158.94101185224523,510.4734714308449
1.3344955707037989,21.27784735928256,52.3481616986694,138.57055116161814,510.86367302214137
1.3902333724023952,25.395707633626934,52.868761651185814,132.44453044407103,512.2283769174194
1.2778522715599643,19.689703225795405,51.69942769076994,152.13121996003207,423.60176040526915
1.3267664291924146,20.19249060400629,48.797886016364416,164.15414087598174,385.770394276294
1.3176273376074363,20.31931492130221,50.980804148685706,142.90319410529614,403.8850495166065
1.329968087101508,19.83287076297227,50.60144869663645,156.46730112275503,370.4735079573825
1.3449894544506276,21.447686947724307,52.84393577731658,162.94440024262946,529.9113714895668
1.3353708597472869,20.835174616225046,51.4201092831622,162.80157314984223,432.8192431036022
1.3163454053001828,18.493936453510663,50.60807765434826,171.65205510493078,329.0316332798641
1.3439054060127202,22.231201691000173,53.915196035215004,147.71385346508382,539.3554043948507
1.337818451125715,19.899533777510445,49.1709967569143,175.2034022669675,417.1325134103714
1.345296664239424,20.98928047421541,49.33948461546173,151.92203764741453,482.344118256793
1.3432302656182733,20.576280083808516,52.86072713703304,176.07870261902406,470.6245647492888
1.3532460924828569,20.899549526758346,50.525115503395085,155.59839997502942,425.9100875416296
1.3258043459791735,20.100097076306888,51.82827751851316,160.4218880477329,413.95542182255843
1.32226850692962,20.491252957612012,48.90154173805796,148.5627125089009,598.9075046108121
1.3292997413922933,20.681530230273765,52.49134995113208,154.04161170961424,452.31757848193837
1.35450208728408,21.232440531366667,48.92869027258276,159.3793731647274,338.97308333719474
1.3345790642357724,21.380051719654613,49.83550857096239,146.19260864582554,468.28189824483377
1.32798291344934,20.219202306734292,50.233409630587325,158.3939361424749,439.1728868920803
1.32787798981788,21.680553640006735,51.508465432050535,131.4872730547624,490.7361989842084
1.329540876961588,20.665961338868915,50.90113487058222,163.64476630683689,403.014401567169
1.3454542960574438,20.898487134903448,50.66770794190456,162.10486472803927,438.11329251933995
1.3406665563597335,20.831775573067265,51.24947183454593,144.77414718475836,449.21640022311783
1.3187905612531674,19.919959116536337,48.67776314439362,139.70312830851242,480.46542534996075
1.2865597307529566,18.726397005919086,49.244277279044596,165.65865080015305,389.90990806208737
1.3349899802262721,19.917960045136464,51.56118594974367,167.71321685290846,459.5936140582765
1.299775588452198,18.77982844702953,46.42847342387386,154.5586733204714,344.7405009926633
1.3373350116034062,20.423603128147423,50.628502230285406,157.2459842479281,382.77552966825687
1.3194104191914438,21.05063007526806,48.56079309489626,144.24358882512047,434.9016015123876
1.3607299572737197,23.40803807214865,53.874800581997874,130.7155307329596,552.768122554753
1.3338430824474885,19.327463221769126,50.25284133386362,162.9250683237106,433.7768369692741
1.3270954400646056,20.77537966860941,50.76744560096445,154.4346583682367,506.1662338521368
1.298980438205516,19.91800291804762,50.396917989258895,143.918444624099,585.246691201212
1.3370869590534862,19.63140320521777,51.25044696043273,163.84264655049037,384.778232041153
1.3401803058651973,18.63571684431169,51.800500716421716,184.30591239575494,357.9810379978617
1.3272859282790102,21.35788306254925,51.08526110384002,127.55761412979871,481.8384504297167
1.3579679164370408,22.012777292322593,53.00996184132778,153.07155193606815,477.2987296366961
1.3344663732595536,20.895323476526585,54.40765115696312,164.9782307590249,416.9253898796986
1.2981750171592523,18.81369658874005,50.230105903000904,153.67687812032585,327.74490854954075
1.3158368363273545,20.189959381787826,47.56605839944014,150.3802884703898,508.15776326580186
1.3120230838224363,20.011896575829464,50.4776221891983,156.7848710320027,479.05997994379567
1.284570715591709,20.72225833983445,51.06720997523744,135.60887708162048,489.036628891644
1.329123338847483,22.193029075028157,49.73744982566809,128.85189695239708,472.59493150182414
1.3152254686194675,20.622768652256006,49.086782264986816,141.50912803560692,520.4060926582035
1.315465644509445,20.197535279574076,49.235839695046494,140.61436641326912,546.6744970796428
1.3194134841659877,19.623235850699736,54.64134873331394,165.8152052722168,462.41174971696165
1.346132241849847,21.77855966404492,51.07553028481965,152.17371664150212,520.922874614683
1.3602632665207723,22.584090455745365,50.58866248709239,138.94334468423483,520.7501017223028
1.3223853465580409,20.36056427480495,50.97824969846357,146.5111675214405,461.4902912734903
1.292741535498748,20.8157092737466,50.23946639072712,130.8768444567736,569.5501581520555
1.2970633198342545,18.852130065909968,47.16965906895287,157.34410652402556,378.2756963435874
1.301322998033188,19.918249709137232,51.01063361716959,159.7170443491322,392.2773347121779
1.3571596456851218,20.55138136022723,47.247560834383826,161.38726212953657,372.6287587047706
1.3368246208920596,19.31536191658232,52.23833274982705,171.0195687063825,350.19093459204174
1.3276414528901264,21.34107773304646,48.40332307443386,143.12456045587865,478.784341407227
1.3301784552449658,21.240756433094298,50.93433494304521,159.5753145716928,511.4988557284158
1.3007246576265126,18.926221069156448,51.1445092321994,174.68413689109016,384.6936180825934
1.3181439576697258,20.559495925281034,50.4670704928033,138.71742841867143,496.85288423665565
1.3350718331125664,20.50698308098427,50.50486579389782,161.96593337187164,383.0551447852814
1.3290030464856954,19.69889887150387,50.06043166218394,170.79329268172384,474.68490314230587
1.343427484034231,20.149101472373104,49.67014898933355,177.7644798725441,418.4638351434345
1.3417361933756133,21.44395743470133,50.746889118464416,160.7242458390185,472.64884831405175
1.3340115708590226,20.959588352727618,53.09305374429833,157.56282022727615,444.05335889973213
1.30857623495019,19.763534515390177,48.05987598938277,152.25957167362435,462.7244869301219
1.3045512994787303,20.999237201415628,51.665973319726696,140.7278442736458,510.68707718427135
1.3270512693823289,20.60139022687897,50.409900595862815,153.14014769508893,422.1752836560827
1.362432825747407,22.083400587736662,50.01523874120654,132.63530138885298,469.373057641665
1.3202733775241773,20.91761182226357,54.318552123129315,150.28129485246572,424.7153997939852
1.3405709746881473,20.646102620270405,49.76784942836101,173.51745705060276,488.0487579969799
1.3509774631167302,22.452454480175525,50.191641715990244,145.31579015441983,582.7627541867348
1.3153194942380568,20.418310787699046,51.65787406408967,169.6250853611581,414.44394066217933
1.324548914087949,20.508224082988185,51.70523153153206,149.00880655126093,481.76781923785745
1.3343115503823073,21.174569738799175,49.693510410866644,150.8082823095892,450.81434640190406
1.3352551538334503,20.287488864603183,52.614275426104435,157.66182999222158,467.1109322834621
1.3701557238211801,21.744356674581695,54.02334803582188,177.73965495508938,451.56999512064795
1.3068296307669902,19.267109021675473,49.15954000635514,162.22319922417745,412.0412132456749
1.2922012564643246,18.79864932886162,50.1678160167293,164.137235061141,421.48513876329747
1.2802857532302936,19.409133071297514,50.76531571873045,160.11730012436863,470.8868637662136
1.3399866654572317,20.58090893528411,51.23651135820957,165.10751307655082,425.3909800582973
1.324143070429951,18.985469339792896,48.67698515651473,155.89803450938285,409.3200000395628
1.3276726193497235,20.607849740934046,49.98886220192121,155.05677463268717,497.24635138845525
1.3133294292698796,20.31358234932111,47.71634080959706,150.85185088204767,510.25457945051807
1.3082881482671125,19.88621336493652,48.96661271575238,165.3956873658775,458.94030841614244
1.3524266392089883,21.934020692331607,51.159431404899586,149.5859000474978,412.51925425285657
1.3320381921083846,20.967204204650134,50.69287249751509,150.74544128268076,435.52772133312783
1.3448337502666061,21.71587070429651,49.85261800279589,141.17045113380152,479.4839517802558
1.332699326098715,20.29356429245875,49.58669809433199,170.47683766808797,460.11697027244577
1.3430597980386225,22.069684246367373,49.75833502013976,126.83114292913014,510.1565194165373
1.3029741188553472,18.835460811431332,48.88589726954081,164.8194677431306,433.94203616737775
1.3481824123760475,21.73807680759508,53.341761114509865,157.49687271025115,439.55174801255924
1.3282696806681313,21.099660708904928,50.45428636201194,156.76961215386433,625.1093614324492
1.3218816748101145,20.857992496612685,53.558685198235445,150.71634683150944,485.64815162337
1.3403702304752678,21.972651603527222,50.77837474246884,149.64072337970396,467.6058311271179
1.3511844837725402,21.79373170129999,51.023708689915445,160.57413961984278,460.6241444161651
1.3418767872393107,20.741643610586483,54.0367359332646,170.26603294572794,427.2580241156173
1.3543408715195415,21.35281829836924,50.54380719750831,144.8473446101557,454.18434457598397
1.344303597714841,20.914174042371606,51.995674879337095,164.91670552168452,460.434278085528
1.3375550360990878,21.39658600043964,51.14312434164572,144.74110370726984,467.6415430246004
1.3132626215761352,18.753821114580393,49.151196937344736,155.12573852975595,352.97738987608415
1.3335187405697437,19.502954224758152,50.28618606185374,159.36283688928629,404.2651818528583
1.3684818777711594,21.92590885541962,51.01450045148497,157.32936189689912,576.5128812632569
1.3166716167004524,20.60244026677007,47.72445721733357,144.90395251145236,412.61681832510396
1.3175781584305477,20.714319080233103,49.82968741770895,129.6871803742534,498.97915514959453
1.3256581733420367,19.813311742385604,49.36134247624713,160.36135289931087,433.0794693119117
1.3453827459945793,20.698641759896336,49.30547128512271,161.4339021617563,428.41745222766315
1.3342031052517331,20.632304830153153,47.35545341358408,149.82117810248516,454.95300625253356
1.342101211087738,21.952689698260347,51.870126654754884,123.65020727810007,535.8132194697596
1.3434233667993998,20.548226147336607,52.3124811342553,169.1375565125142,453.5451431521506
1.3316693761938154,20.83397699942949,47.29957768328269,153.50830261058962,469.84736962812553
1.3437133539522237,20.48819199689548,53.80419826990207,190.20599853852735,449.8527867235483
1.3337158940349343,20.628002123741897,50.241626204727375,162.24542421120813,470.77884946872757
1.3093551060415285,20.349886625084622,49.55477893058387,137.00938546970502,527.8290744853192
1.3691629675712604,23.79698567698005,49.51057428055773,124.38507043651654,570.569883009424
1.3019634398311222,18.976918387710388,49.09434200125726,163.10161923035463,385.40487687077393
1.2996068690408018,19.67966513933964,50.48960810227181,150.06938762584122,489.2239007606585
1.3556259354831923,22.789248234648273,49.96559720911511,147.4285988036551,527.824815364205
1.3171996203964833,19.779786704137937,49.81874080422902,161.05566686127935,446.53650681926666
1.3249012336446748,20.844058495092874,49.92339357077649,148.6039776473432,450.0220033617069
1.317169476622185,19.890492711725813,51.55466880933157,163.65171773502863,416.6483984744551
1.3102877729347582,18.987374243814973,51.851726307297135,173.25498835160766,447.7045078266526
1.3621145952057656,23.521672102602395,55.988435640820946,148.34860459660212,466.5675846014611
1.3412835669437266,22.03222803402617,51.08606345166381,139.2603106977751,473.91026574433266
1.3606164255075996,21.706802992943068,50.00909489553917,153.93815956634873,470.6613905533691
1.3681067695575129,23.604991676434086,52.11993111336815,142.4773411710355,573.5889056468441
1.3184433323697045,20.283971466400732,50.6734895662866,151.95820544108128,456.48445413564195
1.3429700339697614,22.026277442915642,51.745876767593785,134.9813186097064,425.8012977912271
1.285708896551899,18.593419863185538,50.13870207228145,169.29400494340754,478.971284704069
1.3475279628003165,21.076843427118074,52.00508468372603,164.09802268511837,443.7968694549317
1.3431972693485985,20.90520204930207,51.483920903988505,159.7004014488415,435.66545505254646
1.365123309391378,23.848764645571947,51.764210910410924,132.4709317470188,465.2205524577892
1.3417873267603817,21.26429763299684,52.035296226420414,149.32702066556698,424.0712297757828
1.3295319647947852,21.780140363279493,51.48424304736497,126.28946871911589,562.5648661746394
1.319513177449808,19.853881285605723,50.48745246472122,152.7606696855786,404.5361654898827
1.3316919436022163,21.060645899423914,50.81614522839961,152.0679246789025,468.46078321394657
1.3281037806585645,19.81865757581621,51.25989305902377,154.02158456660408,344.2363979797106
1.369678007121797,22.07475819637323,51.625273737565124,152.43017675242385,456.92481126206104
1.301958496637431,18.702913320680462,49.643412554203614,158.1893977446042,429.4031769011412
1.3239107263114125,20.895409963775965,51.94189239518649,137.314155191003,459.6074698994776
1.321696546955277,20.162675569704973,50.76752244021462,155.49654304717208,435.5686885803584
1.3002966741963786,19.54089565223879,49.57281116831163,142.88093145656438,490.7103736331516
1.3496171993157986,21.556914990430684,49.172862944616575,163.3577157256019,485.95590982779396
1.3833528265714743,21.755453760536398,54.134483118944104,160.0788252135069,444.5496062885297
1.3464513820846298,21.63967218266344,48.740028050159545,143.192033271441,429.68034785483803
1.3230129347295234,20.09553855805459,50.12332359945502,143.75338496063543,403.6851979251747
1.3480735338082959,22.304189866253946,51.79241960551307,143.02539334114076,585.7291617710363
1.3303601360278179,20.93940747866833,50.36273831235435,141.34024106050953,512.7014255394687
1.3372336708076193,20.886442822743682,50.913971484700674,149.6945784562141,410.4821465861069
1.3134524985819471,20.28879886132133,50.131563433847404,138.05439552528452,496.3765809665068
1.3331333188662324,21.103791532553696,51.56182378433747,151.78920579771992,469.7567589362594
1.3345038616819997,19.88145911997659,50.34613398026317,166.193858156278,407.4932582741853
1.361560405497273,21.777668943350523,51.307523842445924,140.6132138169217,475.1547924710235
1.3393659348112539,22.63922491421544,51.411790714109195,143.6137933696036,595.3591089113802
1.306710263407261,20.459350244333624,50.62061413926381,144.59360098960545,495.197333623373
1.3167356430527726,20.33395772272657,51.11168556917402,140.34563035353995,460.22408516346496
1.3091138541975937,20.001811340933862,51.19572595862415,140.25471974254532,487.01899067198514
1.3204322683062457,20.39353599717676,47.211576327837115,131.18384100342294,507.8947450035977
1.32505195200635,20.513844227220634,52.309356518442584,160.45071379530265,440.0617529991846
1.339498148521671,21.96065962234529,52.9538155783645,137.72032047225977,511.8142513755995
1.3190076356044216,19.706007849698246,50.54118843493168,165.02835729094244,415.9353121422712
1.3445126971038335,22.00123473335208,50.70943182558608,121.71040499096456,500.9298806294799
1.294540570585447,19.898317895448,52.18366965828106,153.03178085301252,460.6294311386206
1.3249848420332315,18.67547354558544,51.82447701485338,184.2620977906883,370.4301381668866
1.31729429266312,20.709734211196857,51.16642833990908,145.761841530041,521.4466674772082
1.338186384288116,21.48607178983198,51.67263698740074,150.39454006972468,567.4237450999684
1.3239154423663575,19.41527627224591,49.476011749286606,154.59097088390916,535.157158231731
1.3007940563950062,21.35534125634774,50.06253806465975,130.91737914815243,601.6024270481015
1.3122076748758715,20.333200807765277,49.334100773624414,131.61747864741974,456.95008549017655
1.3318788313438825,21.434889726059907,52.52043458772746,157.5104452203508,441.67016595976787
1.3338130635928385,20.714148453041005,51.94674370081786,159.0270818107822,552.1417125371127
1.2948009093281407,18.345059163756435,49.57958508509205,164.02420383913557,329.27822252324245
1.322271171587364,19.72739965951494,47.18921332845431,161.4430151317798,437.2985973507455
1.3218822352873585,20.81063695202208,51.22715047553989,144.7091410434198,443.2447867642772
1.3943327608701148,25.026886421485862,53.171466864012324,138.02987890771252,670.030430243839
1.3229603961152785,21.083367437800145,52.381751742974345,149.8756288602691,549.0627769204303
1.3564295135644144,23.850969339757278,48.7090797364411,129.81688101121753,565.8920995129706
1.3349293580560526,19.46809577106084,49.716048599821725,172.49353474197235,384.1260341504317
1.3418028583706563,20.657964308846438,49.19324111554787,150.02895307420425,329.76952476594755
1.341106137964055,21.05709845094416,49.631022741524035,134.69400985920544,447.6391305223812
1.3137048621293985,21.584489815792537,50.669001285568044,138.89809740044495,556.7089974534215
1.3321164237442393,21.214019000036163,49.82564813057849,142.32874772529294,465.4405266221714
1.303398777841058,19.266829947782824,50.08622211417936,161.86962096201466,390.86560386757486
1.3283964578619232,21.70206500538504,50.90914630832274,143.81517871835132,529.594697394949
1.3462663369704069,21.26079714503076,52.47858214076797,147.6211339285026,449.23627454128416
1.332032886334942,20.88605393102915,52.34540803419964,152.7245857757689,503.6928566482085
1.3290130874013515,20.702958313709296,50.43004564144691,146.94513491524705,439.274973255545
1.343819230259987,22.912613438563692,50.21807129266402,140.19698137819964,539.3299379167174
1.336511377167611,20.935335783767098,51.846398954037696,150.46103751129405,460.58196726480134
1.2811675868373054,18.43422300331227,50.2380386092492,163.87356013594135,440.9103269432666
1.3086499006236574,20.040244735707418,51.01857001013197,143.04334175715476,456.8256969353055
1.339727025622925,21.447584786995662,48.975790726942684,146.5629999126942,536.6242328639853
1.3626985079824219,22.423300376114586,50.180512094852034,147.67607949755592,477.2345344106921
1.3591724904454425,21.884818020393958,49.905255124534875,149.30263045571934,493.8554004774311
1.336818316208706,22.43143876798302,52.31152627235112,153.45868434395686,509.02051833612
1.3830486069078196,21.530055376930214,55.51951556994846,178.42838770826114,414.2093233179854
1.3580523140998213,23.458866378226766,51.59455608906619,140.14361788961784,533.1068759547059
1.3273692839879403,19.201127441047284,51.39312441780481,170.20105352294388,326.31884868754605
1.3432354835072202,21.9486248023069,54.395517721893626,145.12743590394888,548.2197946581989
1.3282320029467738,20.2867848933645,50.76510442067752,162.94701870887434,410.9904591921885
1.3374656926990156,21.665931198253098,51.632204287650154,139.31505393013506,465.38008658149977
1.3295909310257015,21.532010969318446,50.822415401252236,138.20392655725527,496.87785141445204
1.3073974713544816,19.85991662348272,50.048344352035606,153.3738875282071,367.84368087448723
1.31383752878773,20.33428714480867,50.94900456635781,159.6278639734124,472.21211913171146
1.3308989025052718,21.813686515864667,50.65967048147365,133.22759972652156,450.5127011667118
1.3381964150748296,20.97754178713155,50.79206973555323,140.13231375951588,465.230909841968
1.340777216329476,21.250254728223975,51.10064038191965,157.24884097062983,480.4274341001826
1.34906149625061,21.161506845649413,51.19218807933101,151.78629376419894,404.9319918070883
1.3426623096805308,20.67059334202169,52.17022445938081,156.4754460533277,411.0802540682609
1.3144007618604325,19.949593526910363,50.597233620017214,140.10238073891153,381.0045023086296
1.3156552044248966,20.879474355800223,51.10287673623173,164.3472403423941,527.3082071247865
1.3159840636568565,20.452506732480263,50.609772234845444,144.83519946639046,389.3610120359774
1.3024116507397627,19.68090426821543,48.85269993138112,155.53781699579488,396.02265623923284
1.3453468643533415,21.48400035642167,51.13939430921822,151.92753249018065,514.0147525263443
1.3368416512229284,21.191498107767725,51.54302106656208,135.58056444239233,482.56464567978094
1.3020143448776818,18.903401308402184,47.61622289265089,155.4781108525058,407.7638962128268
1.304613489132219,19.898818759471094,53.07300598175661,164.7514716627209,467.11321732830527
1.3061308175056927,18.25354798062573,48.39649214360684,177.0024749185859,349.3016461396064
1.3074250918596744,20.241526808673868,50.214445276496846,151.09175264562055,503.3950734833862
1.3293858308728193,20.381594223925383,51.82617893390114,158.2938322254405,419.66285879357577
1.3206815435555108,19.159434803153303,48.19144002811276,172.21080216066167,443.67013750674175
1.3399225260202807,20.584905827815483,50.67851564771809,162.55530496688763,492.13471633097606
1.3242258994341412,19.843907264788992,51.611175746644626,158.5578407071926,395.35175434439213
1.317869987088539,20.558960670680264,49.75157306239103,152.4553535849894,436.7502919205458
1.329522767626883,21.66340905207644,50.51063038428632,147.62442850943032,490.29036650832927
1.3540399607391362,22.54972720146617,49.11383359822326,128.1709457589422,423.81271538828383
1.32808402466678,20.795075897703356,51.63438862924167,166.7611086989885,421.0079716924483
1.3580783264181093,23.008307881157037,51.70032352830887,149.37947784672906,499.0748913977385
1.3038160963524388,18.477169509806213,48.25699851115046,178.219463687797,401.9442400972935
1.3259645699951759,20.83152387366192,49.80795422265199,151.22669508659231,606.5280722290718
1.3342596663872754,22.19610528727774,51.62458903127527,123.45165758006722,540.0579474479982
1.3330841583263113,19.196940684265417,48.928892900996466,172.65923326514144,418.27974750755595
1.3469099829879054,20.166486016476004,49.91397649214334,179.25207011335962,429.0007612631919
1.3133538067675103,19.724541367077016,49.463924380038996,147.7555229725075,514.0028170846476
1.3095707739504316,20.166939345704947,49.45198427800815,147.4823386928012,414.9089071715363
1.324036458350301,19.850417274254234,49.84707837921783,150.598524964855,414.63999607844863
1.3077663712812773,19.29410068676991,52.895548040355436,173.67897758501212,387.08621589845126
1.3585158922159124,20.410660385509466,51.7668514039059,171.0065072721954,331.1261365170431
1.355366218076095,22.146454295297353,51.327906708193034,162.03679939428906,496.4370687501721
1.304303441808149,19.43950959380981,48.858900500763305,152.01124202957527,427.3715162432236
1.3264502670470042,20.506570115225223,49.96015125500884,158.57577838338057,403.4880629336524
1.339605536578531,22.308907423049696,52.443315821665315,128.18747127888597,461.4027873535042
1.3022259165589392,18.294044521048455,49.1207900135205,173.9597178624145,355.63202903118827
1.3433225795173194,21.84451501812453,52.38637207250174,132.68864086118813,488.4492863598898
1.3381719199927404,22.13460115061384,51.03223616645697,123.83051746909796,498.8159594409194
1.3285872256171407,20.57520962468238,50.72471699492762,147.5088875405611,537.7816172411179
1.3729386074577836,23.50612406908888,50.563130632671616,135.16868005098976,514.5282243332967
1.3241977949685824,18.59195965833679,48.62561203761471,184.64893908556104,373.6853400168635
1.3391671761811814,20.081709056921564,53.21209784026564,171.32952320450676,437.45348063074925
1.3132068078782533,20.5558309358136,51.445079615798,141.77690968288147,551.7545548967094
1.3329487791546077,20.845182526249026,47.83974273300665,135.47858419185272,503.65872921589806
1.339436410008402,22.125027105349666,48.531744622863606,150.24398604202352,442.54431100507867
1.3569238369621024,22.32220412764309,50.794880445054666,148.3942869358384,446.2206729435496
1.3770041721381516,23.230232316481334,50.053579212510755,143.5698492297054,516.2529301169996
1.3417742864741542,20.438034460607817,50.37760102522226,171.61909451287858,459.2499560429639
1.3331389252358568,20.02140388676022,51.75271905149091,167.33535265755262,413.5131018261829
1.3370643364570252,21.04184872626804,51.432649972450186,166.7409952821012,455.706903683973
1.3317764203376932,20.997197785273958,52.095609354396295,148.6665733562176,404.5851627449199
1.3379518142539677,20.333048098563715,49.495096703470445,150.1369161374289,441.3651627271032
1.319561325557527,22.03216473558146,53.87368374217382,139.96112064080558,556.9098426970788
1.3484486995642468,23.110998956239918,52.530917474914126,136.02733522682666,490.8966454708805
1.3071077030910558,19.942533379294225,50.09953672941269,150.16464085620703,422.7058138563916
1.3568348711521543,21.644797466490992,51.92798670951932,149.06041125658282,446.04624840348794
1.3430392286240382,22.100137983189434,51.6806636042781,143.35268139781724,469.520974321058
1.3015641042425083,19.17541084237184,47.59468527119965,164.6709169209655,491.3452598508053
1.3467416387397533,21.04011503526103,51.77328830282209,163.9730197354445,421.0397432699489
1.3420627976699058,21.494489375977732,50.93423037793288,149.05056185910797,473.91196174901245
1.3466388697414433,20.60446658677643,51.06420108274875,168.35841979544745,357.9938619621305
1.342360145470968,20.447134071963887,50.684444470682486,156.92085866946235,450.3513646877604
1.3546774392256395,22.344922176148174,53.80712057990015,152.08572214883344,519.6685435096165
1.2958527969632783,19.01911095955108,49.44793104564529,166.27812800488124,376.83832317928153
1.3823852455500063,24.536724761228403,50.89123050468401,124.23852266406917,493.02841720048224
1.3255892742790247,19.326732245403456,51.892503855707936,178.5775364127709,402.92653561337914
1.306522630667627,19.473412699084047,50.963985685084,155.72451373876766,462.93087593179916
1.2979017454538182,19.74047821874905,51.11667039804511,153.8406221957789,484.479943719911
1.284402928395511,19.955153307544574,50.756021312514875,149.00592765145478,526.062258282365
1.3339210544725404,21.449308823089396,49.389075320390994,137.14802868777662,485.0433416689383
1.3238487888468913,19.77243040202086,49.962581923550864,159.20275767342048,433.6675718218111
1.3160706552796622,20.434341178637176,53.55927688314265,153.41406574596175,516.6548857871232
1.3153303951120106,19.59977075145764,48.64880725079326,154.7062839699081,391.48327171450677
1.346746822214099,20.720454514094435,48.94543387985637,158.94845860444642,517.8742221715204
1.3359686409327352,20.070118204408416,48.98654367747367,155.44871360894595,442.6398906749044
1.3398432215557956,22.987650631535082,50.8203900759269,137.1219653881362,613.7289007723008
1.3379247171579292,21.787150293659245,49.879257449476455,143.97973073057383,527.4728901855887
1.3096827341345856,21.87899420147587,50.5998629632839,127.53684228186545,501.86284377452165
1.3580207675135265,21.180123997603015,50.950639281088996,176.0529916329999,456.1405981207223
1.329635927474316,20.276004202738,51.66858415819944,157.18007272296293,394.41377384912477
1.3757176846272108,22.84506047201453,50.141984385400036,148.22005664509618,450.34316390457445
1.3468007337616452,20.180656759720044,51.39784169244137,178.47704694714838,403.56968380043236
1.3511128757577808,23.27970788678448,53.556478314067526,134.1914363579433,513.3987429403844
1.3075924114885513,20.17972712176378,47.87792324340749,150.28184572602498,469.7796599954077
1.3245662554213156,20.87156751124332,49.79648070749724,144.4701810643468,515.1726711057194
1.3204345026903523,19.59237519648365,51.84920763852552,165.45543429427545,433.31741776806126
1.304369491109259,20.463003623765026,48.69422592345026,137.74308851356486,489.0454857093749
1.325178790526271,21.028511389340586,49.63128734955315,133.8809322801218,472.17281416217463
1.3512285153792138,21.771177106335763,52.00634486794297,146.45934794168778,557.0203848981893
1.3092739704624656,19.786965173907944,49.717749156271545,151.2678252079756,396.2643802935565
1.3832579531086828,24.46838524312465,49.76704930127423,128.619694874719,556.1874164118416
1.3113700695430657,19.49830773809161,52.02329620304568,165.05799038336937,420.0998814491064
1.3291990636250905,20.72320648766939,49.11274372858326,153.80732651535175,463.6227612217795
1.3593128281158606,22.771462260741515,51.29800761589347,131.97450469206697,456.96627183599264
1.3315611401729923,21.62392988617592,51.84839511300227,148.07457921542323,503.2861799088253
1.3268527334649138,21.999371790352832,50.40624458369571,132.15838590557806,566.1550657301487
1.348284035393537,22.57933339547007,52.31132594591936,147.9432730594655,523.5606888272039
1.3390593086756557,20.302955139519888,51.15926496451183,164.35205901729793,464.00901848703785
1.2980862213923823,18.692482886358412,48.012482241775736,150.5794781820052,406.91224000728863
1.329203836929156,21.191973852777057,50.38577942287701,146.80994665339534,489.24151645171844
1.3158110025520013,20.884027369478495,50.64365527424112,137.24047300340294,500.69022972668375
1.3250823701264216,21.244809025976437,52.0869213074963,154.52607729468824,422.1244748257035
1.3533268840537351,22.30445138874332,50.376047342191974,137.93123491015334,584.3145566780449
1.3108960823749,19.46698015037611,50.42496612190996,147.77989706426132,446.0521731509026
1.329498884401663,21.852812301321993,50.83511142948763,137.7231315388131,481.27195779158933
1.312622342793546,20.748448166178243,52.45406429943721,144.72018937224152,425.2483466996373
1.3272703939420984,21.975994945174357,50.801485696768594,137.6771282246594,531.9003947530998
1.3869514402872707,23.99068832892897,53.33941606629063,148.0543406218926,475.41664243181316
1.3219665253323953,21.188218741705924,50.58680998554899,137.89591050862043,474.13094544268915
1.3252289149626935,19.840056466996216,48.497994488824446,170.18065391790066,441.1459813873724
1.3329329013744315,21.032262023709,50.16952970905478,140.59077611661843,466.7329027913774
1.3137582674583324,19.853838651139743,51.53175934579273,167.5360297641351,466.07658378393296
1.3453189583261964,20.608674693232977,48.230419301526574,156.46798478812937,434.3666120809021
1.3299575962933954,19.586698903560215,50.99220843444935,158.36768827321876,368.3553416542207
1.3378381335241314,19.89879005863279,50.593684379356525,164.9725204339566,380.9065577797139
1.3478900720169262,19.84947734506626,50.774033832711666,173.67155443886517,353.54645594848
1.3584916780264111,21.857044619297223,52.39971288249459,149.41185938144866,521.064963567379
1.3524529471618305,21.34620038576989,50.55580372889046,148.93085691352925,502.81185910456634
1.3419428863452771,21.091906945211083,52.47785556655325,162.6157389381785,445.57064929935177
1.3177234233241073,18.12215102075214,50.25906682202832,181.2791319207866,299.5126551942707
1.3580722592797279,23.05374517608661,52.25181929131791,151.52989602955626,584.2527883900353
1.3241133516220174,20.7624589413374,53.48214255944527,145.90836923807794,431.9027733050858
1.3223108629071647,21.29156500982425,52.502084830262156,130.28787978776134,487.77877795500723
1.323280081086642,22.367706866735563,51.198994969192384,123.32717576722527,561.6446431649978
1.306688975588286,20.419853637844618,50.88743605632123,153.78945830819475,509.38770497948013
1.306696544464312,19.92611278819051,50.54006158694939,133.185256362098,416.25405784175587
1.3071202180580266,20.114551274207294,53.064051808974185,143.87166601886955,417.9039233280899
1.341164444164265,20.90663552328088,50.786646821448194,140.04278184926133,415.6257953076781
1.3137122161286787,20.22339067129458,51.57125063044196,161.95064064282658,568.7277201941055
1.383036489659847,24.60707012307167,51.43274170611597,148.3067100268582,655.9975701666331
1.3231766319336484,21.186922079108196,50.82356569701099,147.1481319014391,494.21551606920855
1.31689079988829,20.163296744475005,50.11717088797108,158.99257096268119,467.5520341846655
1.3670200605377323,23.517056789832427,51.95703256074109,129.68813411223417,553.0178468566965
1.3464675150488752,20.98292241138973,54.42267933980359,171.24094004343482,480.84936328038407
1.3316018957187943,19.651004775944585,49.03976933909338,161.9864866417337,421.143714158053
1.309534980287058,18.74783132469663,45.564681420698555,165.10228536655111,480.231833131825
1.3321805394588888,20.66347207887529,51.125031049476256,144.1115602667782,426.1284520815397
1.3483594497550015,21.30877534819465,49.295806682038254,157.9155096690035,569.9304770082206
1.3393877248417594,20.17464372551043,47.59610387542453,153.4833188160449,404.8508999361134
1.3270179493367342,20.487843822369157,51.44843767484276,146.85376610202832,370.66599734843845
1.3342098057530123,22.073755201797244,48.792147342749914,122.22888878457026,532.8342362541664
1.3621395259808387,20.938364656683873,50.1243095751146,158.9810074117969,405.3929946496687
1.3535033817506992,22.978540433033523,52.0906779912916,137.511642483435,551.0526479479336
1.352658814134569,21.403658630512197,50.80217716458557,147.87038840060768,418.68101013272224
1.334580866944241,21.704915709088173,50.91727291874514,131.44893704070788,571.4061839261988
1.3202852434348138,20.464359841436195,49.59416969470059,148.06430674623252,506.9353885269781
1.3359518604503429,20.3458107637754,49.87968222866275,164.8798371476834,408.9043208017717
1.3533502380765243,23.151634861107603,50.2567000167873,130.30304117929015,534.816874438187
1.3310546933466534,20.14007855164548,50.747845237731234,152.76238793489168,460.19725518702637
1.3259812604257593,20.816454580104132,50.08817270552925,142.1086777923817,438.5524641875441
1.3461726216457057,20.976430134755738,50.813368697460646,169.30308896368837,392.3203045510471
1.327786370815463,20.817329869973115,52.643707713305005,150.6837836543284,498.9086771538371
1.3609275001230796,21.684007466426717,52.25819690036975,161.09192276771157,472.5819095014681
1.3387318567633646,21.019594507000157,51.15698813362179,157.53759205379455,511.49341723612287
1.299025131884087,18.31027646267311,51.09360693243205,167.68950200965776,311.690184756206
1.3432931781829198,19.647875033586466,50.298342547647486,165.96523021302434,357.3010136498025
1.2904564393610398,18.636143173171106,51.425541183098865,161.46532781368697,411.6610373685104
1.3433005283409747,23.155141707777126,50.66287181677362,120.36949081702254,521.2779050208751
1.3480577908436486,22.657084550945154,51.41942229254802,135.7528874939035,509.56373502624575
1.3308840272651083,22.594138036879947,50.29920900808426,121.829354036455,540.3122821953385
1.304268439342251,20.288654251069808,51.390764715820545,150.1357510457656,498.872951903829
1.3551348314892129,22.781711020944048,50.93606356321429,134.122558601676,491.64528747272584
1.3580693774157153,21.822755418032077,48.91854167450409,146.52709482156172,446.32455668899286
1.3187281727635871,20.774573135912128,49.95608174092645,140.8245095526615,535.9973531974738
1.320228080678896,20.022203195451937,50.49041479806838,156.96126128657858,370.9427701460024
1.3583668310112862,21.87721467610396,52.75812181839156,161.48360678039347,452.71520581184154
1.3363455704445788,20.315921687992457,50.71275904571692,162.0577857378395,373.45197494663864
1.3295152817011375,20.64425077562222,51.41864356694258,152.3357227112558,500.2759554866753
1.3591398065783067,22.835610511791607,51.341440368226465,141.43876230842,462.72608027403476
1.354779111087997,21.241986562274064,53.17633243936767,165.30199933427866,448.8397580687474
1.3380113899620238,21.077165085257313,50.13555002218739,148.1528867616676,556.5792796380624
1.316429165470674,19.006049486738384,49.36760525696298,184.35051919252777,344.6258687338227
1.3010549747196467,21.143104295863225,50.25152455220811,131.53448018124558,572.8154577841036
1.3285845221419021,20.629882084591294,51.4203482363362,155.90022297857746,441.5157529485579
1.3137838384327614,19.55551638255096,51.50596726015027,151.9826201582819,422.81697837618754
1.3262575229234645,20.0179749819895,53.897191854154606,158.55310384140768,394.1596063371452
1.3314620961120833,21.30699545613077,49.05129287799462,152.13965456151917,555.9565720999627
1.3496810545112847,22.150367622150817,50.293771055852076,153.5730769859823,404.00869496981585
1.3387639509107236,21.797521600763055,49.90774965694181,141.9920639415149,488.90990182423303
1.304428225511588,19.94908853110058,51.12387447538281,157.57647339731216,410.49320134811074
1.3108918497243545,19.673294656551,50.09111989173759,153.33586294891057,389.99521889976444
1.335517232014102,22.255338292827446,48.55914930570748,137.59296572196772,643.3967458617606
1.349212289460472,20.492547329921397,49.81119555974264,176.88432737147414,488.4740002894202
1.323397475154881,20.329415481758254,49.67263039794024,155.05202042626334,455.92617849334795
1.3322910782273263,20.60306109252306,47.10325701138515,158.86269278092396,475.75221919037443
1.3529529253483452,22.310591914292125,51.56478047727329,128.65434105410435,516.5736296779326
1.311690258991176,19.900963616107248,52.4567897308426,173.2953759498923,473.2311676196834
1.3407506818128292,20.77449590364095,51.86354328930932,153.93034919367994,502.2985957496131
1.321390206319636,19.56542883791239,49.49428602656496,171.29674699998804,493.068933308719
1.3349288529056156,20.96549568917615,51.406395029077224,154.83034454599755,380.60074470959233
1.391281954776343,24.193295496114278,51.20697330190971,125.6502766515534,529.0348437771565
1.3303652075891343,21.465228773613354,50.077525700180395,148.53932516844338,555.7671785113689
1.3554909674430764,20.672243798458666,52.031040425239055,170.49541734250977,476.55588828095347
1.3453735169126444,20.65729184389403,50.957794787400815,175.22315090163667,510.98517553717426
1.3514390864887882,21.80625034049338,51.68254065529528,145.32693196292666,483.76007898719655
1.3149329020212732,20.404013365605394,51.213673445218895,145.99093416987245,394.5770759288302
1.347313055963829,21.454091160976304,49.091228662796816,162.8972740767802,447.22751282942403
1.3216339450568566,19.535496950902882,50.363237718300134,179.2920307788056,515.634666173112
1.3098636357356834,18.519267128759328,51.366802569905985,166.66459265433303,355.3077083623283
1.3542006987099817,22.647296135946515,52.747600508767434,142.38929285171156,479.6046324231135
1.353018733366185,20.852093761658534,49.29491931501563,161.31885559179895,423.50459929314184
1.3545645711469965,20.69712912122894,53.30214163112287,176.09863242563983,410.67192938632104
1.3306461626233717,21.273159513179266,50.003356449944604,140.90749515489526,460.2020244389301
1.3219511795358585,20.613412180089448,52.44623735563742,154.27158190049883,422.611529834956
1.3236352426895759,20.10230158607931,52.162321827291066,176.1591299733951,409.0435020437449
1.3516939759467677,21.201967053902536,54.801163457569174,158.24151709467014,421.5760591301883
1.3402755869017196,20.45292050225856,52.738712697088935,165.33169567013204,464.53980158810793
1.3554060378008261,21.75294271230415,46.27250866317293,140.6608302175435,524.045559940174
1.3346399276723957,20.696062108302833,49.77040577863799,160.57549637991212,519.8414942614869
1.3292661795886151,20.301004373513475,52.41722816600332,178.02753373612137,459.47668162507034
1.3137012882696273,20.18798663007128,49.71775986265609,144.7592217968563,470.166966663389
1.3209392821412187,20.22039407307441,51.528672418662744,168.0331384091999,401.92961419349024
1.3243755387269167,21.01886228753348,50.48942029415668,134.3142571896626,441.8196274008099
1.3330867455884727,19.4011560640187,48.91469003865238,164.22432282728306,455.6522322748157
1.301154495941547,19.590091437390328,50.579047777727325,136.9021965436773,405.636336543337
1.3200103874676896,19.94470713802368,47.990239284469844,143.84167918526717,417.06040405133774
1.3267132946144051,21.071959680925602,50.75786314111007,168.10744306564533,499.09258837934266
1.3649136066974776,21.84573443380763,49.687773008400455,161.12839058971412,442.25342322114415
1.3419749133876988,22.631145758835597,51.17587489997483,130.8703921808584,539.1441372691554
1.3217622396945599,20.77878147303487,48.67929980877986,141.36708775006846,493.0612324050338
1.3250990974675176,20.845730328817353,50.1692394585547,154.2111287244304,519.6735593597915
1.3398313307209253,20.70743478277146,53.200569019245634,169.49947774162843,367.5020969121133
1.3224976573636686,20.7857407848179,49.804890115435036,144.19929956111866,433.95922913849955
1.3350010951767861,21.884170075431115,47.31892606442064,123.81747085363942,520.3284268043144
1.3364210809860764,20.644681555183105,51.123291923114905,166.54095856907244,428.80654662004963
1.3307819164660664,21.34868081285359,53.35783024441689,150.48337372542886,505.66715475930016
1.3250903455297316,21.4375865498296,49.439587854010554,145.82247374208094,577.9830186882364
1.329483913485125,21.44544956184707,50.605872997070705,137.54114491840585,461.2703656500281
1.3292102489112785,19.96790361896197,50.35359740642103,170.2202787766468,406.46032070727597
1.3313751016165918,21.73858906905619,53.568935585129374,149.8179777702661,511.5156789941256
1.3353692705759035,19.614444252680713,51.820316080722016,170.4511176146938,395.10849758782734
1.346711501679875,20.2018891705648,49.836522232734325,159.92578846904252,459.621622817858
1.3445648024423695,20.96366896514606,49.19119375878659,159.75970841173833,460.54881699687195
1.3543370337124827,22.326029186230176,53.456817753406916,132.5704312134484,576.2308838014759
1.2940417563666111,18.81887000839152,48.64241461533132,150.8735249484149,363.245357793487
1.3050904117490019,19.512288649067187,50.62292336602531,151.72119905944413,472.3138452759912
1.32386560962606,20.390740682796842,50.32112525406519,155.4506913879104,522.681600985546
1.3439419122835394,22.346506294220575,47.145853965130506,126.51804031123308,529.6006340840255
1.337597209975578,20.763321927847464,52.59678718475289,167.4135477260073,388.19629949177636
1.330442002399163,19.512017838331527,50.74255457296349,163.69033413735565,402.2956234840131
1.384209185758999,25.593835821608607,52.386365688318655,127.15585448267171,569.1380014802058
1.3585615153489736,22.44440753175309,50.64579375114104,151.42325746187632,558.9295780018771
1.308875256400324,19.92106999360907,50.33297444334067,164.94503161650601,478.30549364309985
1.3355517729756927,21.022774572527993,48.078089141333955,148.4362076310692,502.34742567095856
1.3502028754202633,21.739092648101554,53.140223158368926,148.29434442369575,582.3530562997612
1.3078810975227937,19.864679220502378,48.44499452844474,145.39880115448807,417.6118435392945
1.3134838210794313,20.254750269563125,50.13523412208825,145.49908810542507,492.8271096521929
1.3254298234555575,20.83115009668778,50.27031827227888,152.85325338730516,427.97125148375255
1.3342964169311209,21.08767675198885,47.78855784428552,135.26436686209698,513.0736734558598
1.3375678838354763,21.211222336224502,51.726015062602585,151.31850337194075,496.05038641152896
1.3214849694631958,20.8986781641104,48.93586373369903,132.31839013189105,550.1828165433368
1.3337205720865755,20.944755597623896,51.608014367458665,165.8987408083077,481.10612523404
1.3286358198527481,21.025625187424154,49.61347195867285,139.70162230726564,471.42245351068584
1.3629124751799317,23.33086514806487,51.50565153326001,126.07850268942144,516.2656597517453
1.336763679298759,21.839192713498264,50.68300604010914,147.46016993588682,440.3529439331766
1.3431524452338521,21.27593977614715,49.78779615833398,149.88854304591544,501.69307460456486
1.3195485041148245,20.664693163595704,51.404837552313985,140.85400177179451,459.99058706238844
1.3140139783655946,19.7641362245813,51.16029989307792,161.36122079465503,417.12661082924296
1.3424218389536555,21.602700155162463,50.109234121825175,149.9059791729274,513.1219504213973
1.4039627433886714,26.1295559272935,50.537933762189695,135.14996207487866,565.3345092248715
1.3479465655402487,21.071996458843927,51.61720404883976,166.77787017587255,441.7287642076249
1.310311087471607,18.859494449743462,52.76263496726688,178.07995317775143,458.3539256155641
1.3346701461129478,22.060725438693865,52.180160822939065,152.34302542951568,531.0328113577937
1.3541753471028974,21.186124115971438,50.118666950268974,157.0055289473781,435.2091827708001
1.3500818187419132,21.793098673572217,51.690938361127465,140.74530371815337,508.6578817171738
1.2934726137539911,18.12824950195034,48.779925395316006,170.3999199987433,359.3854024842494
1.3502605430447494,21.81528640002694,51.80301312904324,156.79739346703462,491.69149843618834
1.3379217387553868,21.43498314159082,53.377000289247064,149.06828407458207,477.7399541896762
1.3478899235540989,21.343984676709702,49.33918812164593,134.7967538424734,403.5414261729438
1.3048953773920657,18.63333628917599,50.83432179237386,179.67795563559199,361.9428749018381
1.3314442662250676,21.110254029626397,51.90954277294732,159.41429002361417,463.08475371601565
1.3032557459177085,19.169546904598413,48.91322855528869,154.30373798776412,374.7298286140524
1.3637702005379537,22.162599241112485,52.095415354568274,152.64804432308347,464.9792696348468
1.345464339053282,20.781409197593764,52.51920733045743,166.91395663525853,375.08297798578946
1.3471002487759105,22.237360513833327,50.4808363448496,125.60775281901729,419.4443167057732
1.34962643803784,21.492600739768825,51.90905442843835,167.5527715104792,507.565439639745
1.409112228795025,25.208610199641296,52.72803979460126,127.19954245957227,562.4220777309853
1.3348582817481762,20.158764974054797,52.20437955090043,164.93836426369302,482.66692981227345
1.3071484965193887,20.175743559035173,52.589886690414325,148.2265134535938,446.8171094976345
1.3676880886204854,22.402151807372267,54.9574853057062,155.6195073011777,470.66710918206275
1.3530100284761184,21.834534711167418,51.02105399809993,154.1592459663686,528.5922985184459
1.3189997021024968,19.27643797556027,51.48806608200295,164.8561726795058,345.96954147481654
1.3067526395845688,19.212003183466106,50.64126921177537,160.33984488743775,410.21179968075944
1.3367775190592173,21.383887504036252,51.23002041090487,144.33907133850113,541.5319172165996
1.3118513695116338,20.627194687466762,49.032110915712025,147.95078792925145,521.4889835124236
1.3364310727794162,21.124232466777176,50.407390688697994,154.82982052674464,449.59458987755835
1.3447258722441588,21.687196353291665,50.51446990134822,144.70518811716315,458.77867087216583
1.346127361012831,22.384678725922576,51.552716849361474,139.002885813541,511.80439178382824
1.379101961291609,23.022722964458215,54.63470663125084,131.20607147121166,425.63123198971454
1.3351529788834362,21.401462632112242,51.82620452934689,148.52200050673068,463.2058880720974
1.3284443909882047,20.517472988259613,50.55844167028849,155.1416756673832,446.5035761744082
1.3434210876316166,22.499578746274672,47.79613310771637,135.80644783186892,515.4476519164843
1.3293768505578851,19.578590547122637,50.2200133259315,169.61688243348465,421.6172004128385
1.3318680803075327,20.28424191948998,51.036367583643035,158.4085230337024,417.47450351057927
1.3354291573172592,19.992510895024914,50.75176577231508,174.17860946502472,448.81326066703815
1.3501438722553687,21.9853780061095,53.43146654677916,157.6183388170669,475.4640756175276
1.319260192661463,19.833985478351753,49.89029838179281,163.25442425656883,410.6966778755984
1.3474152319183574,20.751106409438716,49.61825546342764,156.34661687414587,469.3853101043794
1.3587530884084429,23.33980223682977,50.263042827148205,131.21743998777455,555.6964508366067
1.349443038650467,20.734699772895215,52.402393779439215,158.6372009992411,422.5331417710139
1.3091081441864856,19.611341403550497,48.52399048537114,145.06566700639954,524.8713857816367
1.331692373468712,21.70492728813452,49.49788071330464,130.5591095665409,441.8660854910573
1.341416043206905,22.27225931508639,52.721997094642404,148.96399811074932,558.1653830372563
1.2885548343089797,19.383857278661417,48.35864890143532,146.55174649481054,483.42651322939076
1.323968941497405,21.783435324284476,51.94141265301151,147.8692147075038,503.53729857810487
1.2997076936177807,19.393236988122908,46.77776941414595,156.82413482806777,478.4724526465272
1.3305589703590033,21.54439969501107,53.162513145781986,159.13207297130165,495.6541117191124
1.3308892478455583,20.562762503171164,50.489618731411944,158.65402707347965,439.7799877092615
1.3148813463521143,20.85273861549288,49.74646921301904,154.29921392790885,515.9455937915817
1.3455111600013239,22.415156442705488,52.041912421953654,136.85978401172042,569.9353276908495
1.3436866495820285,21.2714407606373,50.125457696117685,155.80117729901238,424.95017225965387
1.319862112292555,20.15652787916817,50.47654648843184,159.16859306556648,532.0062931756663
1.3133705628254724,21.489251452696916,51.05534510442323,133.92737158051716,496.63509989679056
1.3495280996628902,20.45963149085303,51.30134470196627,168.3075541508374,433.2654638486891
1.3583806422853066,22.09537733692124,50.010432917147014,133.3430694737637,431.78772740826554
1.3142427990060135,20.484896106242857,51.80012320306463,156.71778543027455,432.54550465902236
1.3444420289286907,21.962528761634424,52.76980377032754,152.2673753665935,410.14315426705366
1.3478287608749435,21.102424333271884,52.77404615112283,154.07203793046875,406.4830705168755
1.3485772907695344,23.25374156884449,51.93881103714161,129.99167489546508,541.6571457507342
1.328763271742949,21.755826677410692,49.557857544816805,144.8318307291153,542.7243578412855
1.3175842621664522,19.240145616142556,49.61032706537727,163.80359893380827,356.56987778318614
1.3771705218060082,23.279794070625023,53.14935262724683,150.95212775976646,514.1556166301708
1.3196685110957251,20.88070315318031,51.15307674549065,145.77680512015843,390.02051171751083
1.3370260546371893,20.106643491498037,49.951113822482455,168.74749108571015,388.7181506435536
1.3326126642405975,21.368766833452028,47.43159996965766,126.64104758262523,484.2235207084759
1.349417716977205,22.463811387015646,50.618146954258734,133.2195331446587,499.52515867749963
1.3292681034448206,21.390325231385372,52.26292040562397,136.29224497652876,436.4191463279381
1.362689473488022,23.639811113084342,50.96470061168936,133.037657056286,514.9333112805401
1.3557799616761899,22.625923820477148,51.40281069972873,143.74659209665248,479.3717649557167
1.2951749584984515,19.76451612319166,49.273894775139226,155.45612588630541,440.79265163283327
1.3060489641064033,20.51923809538838,50.39383403381164,159.7597475699387,471.7313053539313
1.3179142020560244,20.316425976601174,49.432797612187116,136.54174913674245,483.88281121277106
1.3417731143317218,22.002256273491554,52.38486963308114,160.36814471742093,549.7208578753813
1.3797698656788213,22.576164275839766,49.534464223666085,152.13159625151258,511.9804020918707
1.3649748312718781,22.940172379799733,53.74630951313222,140.9645699961759,451.7005494059049
1.3244525624277168,20.733747206508827,50.020648540583274,163.2766278917083,399.8861747375678
1.3399006374881302,22.25323645486654,51.759149654918616,129.34371053681073,486.7066454452147
1.329477283669677,19.11311605229058,48.4767675213598,167.50646025567838,370.2195200870522
1.3205491002703333,21.741632856293695,51.34831916879921,146.27158432933092,513.3010189320543
1.3091122907343495,21.101704122830228,51.02026013708606,160.42433014998002,553.2968042484403
1.3568197425498467,20.52065395281401,51.2931043909807,164.92093318468076,351.74788275743634
1.330382208457094,20.93583004454909,51.28343018247115,147.14773400452677,392.11334963474945
1.3329995774691656,19.46241984837142,54.499172369690505,170.2851058687061,384.6331613597553
1.328705839115101,21.082319339752473,52.059287346773964,150.36888902803432,463.8630037623579
1.3227342297346243,20.460253135276954,50.749492832822156,146.43908829576614,387.9592422043001
1.3214709706422645,21.29705798859705,50.851277575074285,147.2728304988903,484.68215450145624
1.329796482985544,21.722481307195153,51.655450864954155,134.80353463808166,477.5471200723778
1.3261723263404985,19.98744912185395,50.67642624926292,175.72062442212868,431.4159583516778
1.3290737650253277,18.982406769088996,50.1435273685386,162.8282125404728,370.4213583473257
1.3793096334348045,22.695518378107217,51.26391728965983,155.68853774671234,494.0969164617452
1.3349747517463249,20.992736406398485,50.19392313717566,152.262436438665,393.1508623434708
1.3291404345587061,18.762693950234244,51.47858525490415,180.03547514416996,355.9122974983674
1.33336446015569,21.292607151450422,53.18498181571297,149.80663045662396,461.665245945929
1.3221934825183854,19.854276550111738,49.33593084863333,145.7162475529703,363.13712698917595
1.3486074739293907,19.63119231125122,47.749962893679516,170.1060167398268,327.9125904676084
1.3558885115741541,23.65722532302307,53.49320962675245,142.59236076501185,540.2775198644467
1.3317507675233098,21.27325014128778,51.5724239208011,152.30079583059015,594.9616650735402
1.3369476160179052,22.336246750717194,50.70253191457793,139.75451537215662,622.0608213090051
1.3163022520962973,21.06969099191223,51.0121701032152,153.4305510256541,461.65640345427335
1.3290125889107924,20.881805548495876,48.53608181158782,159.0032644507351,464.3889328575759
1.3383445766751632,20.909054668426432,52.70733224128694,153.62442586019895,546.2888834004173
1.3356398716363764,22.067714926116857,50.011250242212796,124.34478085719417,513.4325621301064
1.309109707634086,20.403151684714953,49.03405984972821,138.2667353757761,511.37735636286124
1.3931152117103625,24.369506228438627,49.64722959502548,136.73167949597632,475.10500460838614
1.319369183484092,20.634801660898347,50.04074707779603,156.4372766912378,508.1995946003969
1.3453538042076871,21.211519397488004,53.29881205515438,153.44126702407266,504.6555943630535
1.3195262068670341,18.543477945203765,50.60217647001594,167.88424026633268,469.84733723550534
1.3167521876468886,20.305486216042496,51.55838495723198,160.2149654861339,439.16641393881565
1.3076955727149813,18.422985999575303,47.60572075555312,164.10523097571166,403.68441186368045
1.3094283661296346,19.854836722341073,48.66146804674835,151.56377477621336,494.1717911458645
1.3282367658015788,21.05119993111776,50.97854419005524,132.75381989367577,443.1086491915316
1.3428247002416003,20.790126995177225,50.6127281599417,151.38573588580925,424.72521426169584
1.3445052539623181,20.14847925040482,51.58280636546642,169.65731119480603,408.7267624736592
1.3177382023279476,19.257433020354036,49.1544748362823,160.29674475655992,424.14854070634357
1.3636914032574574,21.60091249209037,51.37255471522073,165.49031910489416,434.408157589479
1.3563199344568007,22.07430101094664,49.28632778939119,135.35427297718917,482.1970069714237
1.283019110636637,18.662930971940632,50.00725959198438,169.69167089099417,388.6270554217905
1.3463541520987565,21.149189697743537,50.139052096026084,151.4426277456844,426.96205044844004
1.3265099549343415,20.5622184574306,48.72981278533216,158.72503238635133,509.2940739104969
1.371414465950878,23.197160871278466,49.44468846991473,145.19835044945248,583.1320835231716
1.3510701254131037,21.35370681272015,51.47547047234981,161.99740205293236,411.29790738717355
1.3008009836072498,19.30261426780644,48.77051941048764,154.28974466762267,403.57502350911204
1.3101024620308162,20.984808524950665,51.00489736196422,143.90891143776523,505.44023367137146
1.3481106655376531,21.18156446771797,50.696827195806215,144.8943160057949,414.35038569557184
1.35184755940351,20.645362263615013,53.056555915366594,166.26826771830196,430.4788990694202
1.3601155707023884,21.5993468324497,49.797511446276424,158.48698970369236,439.6145536549966
1.366091204432165,22.51327543190625,50.75382525444977,139.47105314020334,472.3943289809333
1.3365350584616658,20.69401940678901,50.88661654373913,161.30173860075206,456.43460208632683
1.356217935006231,21.888622968833815,51.68234868114788,152.2986420796502,421.40497144803487
1.3134062060070486,20.44008590540758,49.9814998010967,155.79407808844206,486.5864288794397
1.352164314052596,21.547046463188124,47.782312682288755,161.89598909875826,518.3034210566614
1.3267102484270632,20.808549836838168,50.04082387272098,143.9523996591596,497.38586927299735
1.3650713754268464,23.235568318594428,51.3324172346505,147.8919983664648,530.8648642898959
1.3217289018311198,19.4198773822408,50.33844231672022,162.9352479435767,431.4955282343313
1.3166416487620252,20.52772388189541,50.960660832320066,133.96524840295984,460.3362030411373
1.3454373859151827,21.659663907519175,50.643032076170414,147.8455385431766,473.2898823516926
1.3495567795658359,22.004612790409006,53.43798518960865,147.55141946418945,465.94299399109326
1.3407786783309918,21.843251866297976,49.11389333027348,141.69133572625847,592.8322963803779
1.3107259227397094,20.830618882216314,50.33117526222343,146.1692503361962,499.74004854167526
1.2950773092271979,20.160489521295244,49.630094536578056,147.30090617012192,528.434166325742
1.341874222609678,21.375042449775975,54.04014977351508,150.76180177130303,473.3859113523396
1.335483343977835,20.555771370644557,49.23774434667911,157.15523640675937,451.4460701119707
1.3577060213104515,22.94030445536325,50.02355082460422,144.42211578381637,499.56388070648524
1.337369183866103,21.578638778141652,48.18442383253286,134.61590292072307,455.6816517306085
1.3379754256424294,19.970611206243596,49.48396056814131,164.39393877927432,451.86623079961527
1.3208360423826966,19.471184671897607,51.48798929109487,171.11759865236553,444.7469633553414
1.3344624083208658,21.53942579798051,50.995439351623745,142.05195624669443,489.178167637577
1.3616569669938539,22.600480135906054,50.23163397660753,153.67208148890643,479.8611318482931
1.310496695957625,19.972016293043346,48.30511317158123,159.84110664350243,397.2819458479766
1.3316561944906429,20.8448793269229,51.29337323718234,173.0273780135845,466.6865604048523
1.3325899784115,22.13032754363808,51.87877861280825,134.6115583609721,602.5661279209207
1.3017029356439171,19.722212188064084,51.14766950443317,153.26828029618522,432.72723997288386
1.366674612917921,22.53344821031688,49.91272818303143,142.8159390383621,483.5980762629387
1.3035747211261604,20.35107065793552,49.78210955620679,133.66992040614812,460.0472266227258
1.298553646005663,20.247255832612797,50.53577389004805,138.9172675339929,427.8310129233475
1.371577273147594,21.089134512257814,52.13721901819946,175.08102939884867,463.29485351878725
1.3474623975853959,22.964326672091538,51.94595685774292,127.76548018750506,469.23003128405065
1.3355889905721987,20.98801782871627,48.142567838252944,141.92158070582974,467.1015785049341
1.3107547896968843,20.04264020662886,50.418085329077606,133.73417350087715,444.5134174009492
1.3554436735013573,21.446298337188566,50.285547925767446,165.9892900263433,435.0275882990804
1.3313351542872907,20.90637949845935,48.838596527336584,142.90045078454565,474.05807708248864
1.343574993476893,22.544400797637483,52.88011009748917,139.48007881876688,470.1081270440704
1.340177239678799,20.161603306875673,49.04019477362556,166.84707760569808,376.82586978568304
1.326327942910946,20.619330131574497,50.30915652921332,149.58171388326483,510.35037419669544
1.3315347835639757,20.547492363076024,52.13781591376957,151.1308533227141,462.8699955071592
1.3270956527752724,22.105550375878792,51.485343866373704,130.2899785660122,517.7410953989792
1.3002499098005644,19.059769827856805,50.25207094023246,160.56499780822065,381.41163528199075
1.2954803417993652,19.197096229776058,47.48372008311165,153.71351166338877,427.88532026687966
1.3262500215620685,20.28906495471498,47.34027669566647,157.2999139360979,459.9598009796026
1.329558345329308,20.993505486388585,53.429425418262504,133.33841035413894,392.62018012238315
1.3485296410147947,22.26523414772817,51.64676708024882,137.890487134312,499.0739850239503
1.3329331169061343,21.96760166247749,51.04637172476844,146.0765485684286,509.6050346810966
1.3585495967438752,23.047456099425066,53.03137878225649,161.40789642890672,489.55933912165864
1.2921079262139825,19.338238175144728,49.05444887120117,147.15479355464825,545.8277657214957
1.3145450794453106,21.364959346602603,49.56351132985972,130.90395661869837,469.1469892958818
1.345119678311827,21.958113585247425,51.237492892555665,151.71240268892387,581.8634537266418
1.309994407807994,20.65337750621785,52.35487941392952,140.4351254623572,492.04233497761146
1.3385818957417683,21.032569056417813,49.21683395690466,153.0199282654866,343.5139896979977
1.3566488980355293,21.802180862639844,52.40450784573144,159.294741052833,390.2844794341829
1.358634247983164,22.79551084734532,51.81926677997979,146.32795588210126,593.7591500173085
1.3271579814395507,20.69753531565599,49.315594447930096,140.5839978292936,464.41791078478997
1.3760871116564788,22.356871870877725,50.78510165168071,161.5430823254599,543.308991844064
1.3463417963160147,21.765494594657852,50.728750629196945,146.18484721304696,466.41862601130026
1.3029411054427271,19.255419879226174,48.449528318195796,149.67780635764507,424.3103243543192
1.3103151778759488,19.854182536564885,49.756841362565304,150.5154465272773,443.4957998533137
1.3249990252994766,20.09791413411486,52.250099125988854,161.51669078548846,405.1757070317843
1.353138066460407,22.772379762430035,50.069554915919504,132.0612422860374,549.7014056629937
1.3166785380029866,20.947144601431873,48.557647875600495,142.40951744146858,391.0371091991818
1.330607138394317,20.19655124196408,50.59096748456707,180.81450124996314,457.9105278423744
1.3277757896944007,20.636050443212987,49.67510973340635,147.53446993389107,554.2981139017938
1.3437212993519072,22.230673513249396,50.98295524690452,147.60977339449704,563.7539620356835
1.3698934630410995,23.303066272258437,52.69374904364494,138.64575437196635,498.13409812796687
1.319745327616589,18.98253938463177,49.38102060236818,167.409024091208,417.1139796445663
1.3300358908318732,18.98191317334634,51.230549589939926,179.20849948712873,344.1563733386981
1.3453712281286974,19.975433818646493,49.42827522668841,174.57597211832086,395.4747195423133
1.34433785171983,21.222977671510115,49.33945042920932,155.66578688587103,403.04943634866385
1.3774723117880656,23.121725828268616,54.144883102648066,147.55571192471976,422.1341263400145
1.3237493554510107,20.093444510746803,48.605057148856986,150.384878889209,453.36331097605125
1.3071683196609158,18.967050266559337,48.047156960963285,159.59327421840374,498.287881606412
1.3219380064102428,20.511172519092383,49.43787694958168,154.51462779680878,442.0186179150942
1.3270974253681698,20.030372276184814,53.466593408276104,160.50989231926872,351.4038559481145
1.310810277195647,20.438059155519085,48.28655432188957,155.50587249296208,489.75490701173544
1.295717097006757,20.02858549873504,47.54297529015192,134.6049333926116,485.0667965222723
1.337781194900042,21.657539394251227,51.374536812078944,147.11870643242017,518.04828981863
1.3290814571503686,20.632367725939655,50.26547149073153,139.2732832101624,454.86010622164616
1.3115706463873593,20.426811389167792,47.28180533911409,149.2076831551908,463.1436410292929
1.3331773091916648,20.534687272708005,50.7159261905175,145.4137056856485,466.7210549982883
1.3333836613950674,20.90878812901206,48.650787095315266,137.48841378944428,492.7790150209304
1.344621999770922,20.248215120807217,52.297098786774086,167.6336910740072,426.7131565540286
1.3319452068177533,20.719182379341383,51.49312009160205,146.77220789745022,414.9669608674156
1.3810131436853421,23.602680849905855,53.995783125722916,146.72375927225664,505.8373398007568
1.3184671718671703,20.176507138163682,49.21284360803269,149.20101083356167,453.1546027972928
1.3389851782265167,22.394174382226193,53.39122349894786,157.38190665893507,543.9730608692845
1.357293417840943,21.86579711865773,52.28384754291352,144.5934020168284,420.03496582550133
1.333586799078398,20.486552445562072,49.29016061293157,146.68470640356122,434.8417316835391
1.300684369197401,20.154062250875405,50.00209522591632,123.80540987282846,471.2435032083334
1.3046117409693287,19.136310101055475,51.81506956515548,174.61086193358915,476.0592107493402
1.3260175430921093,21.423916125481867,53.417948085327076,146.57952769773445,490.13036252195866
1.3109533639205455,19.88037888702257,50.74509000103185,155.166674788973,442.3050045419897
1.341613950514645,20.39989745864478,51.124555191544076,170.80730272614068,432.70959446112096
1.3101010311167538,20.49043726526662,50.81168912044507,137.25024298537906,462.7508725604332
1.3235270672798867,21.30621751696915,49.43237104664272,134.68316895812376,505.12584284017305
1.3059748850010324,19.549041441916867,49.833154921753504,158.3120574005763,465.2927411137732
1.3320828634881026,21.449350212138615,52.026392176306175,139.54311114339427,511.40479148241093
1.3402222854846981,21.024436201991932,53.43558699968669,163.4076172425767,378.2634055261511
1.3245919162219693,19.257048436411925,49.147351734050176,176.9201094234917,353.4577927179113
1.3082831280411245,19.596847911891935,50.802036313739606,165.70160715046313,377.6006067361366
1.3240920144886525,20.350453108277964,47.07062017905101,156.75405784849787,465.96314420329173
1.3573448319688743,23.028076942636012,50.10418695728366,132.63196459918947,492.1781894542125
1.3441663861109352,20.89021503971933,49.170706702746,151.44706721950436,486.3626623526632
1.3493394518371238,21.87965037129518,50.69781960611159,149.00092573869492,429.2435871090114
1.3332005999384398,21.97362567686078,50.33405860341888,143.81100313023987,580.6470102044352
1.3345570717746837,22.13570059481225,52.45820893573526,161.62716211695067,545.4925071888073
1.3289295624776891,19.997173871002154,51.62948884133119,157.0653889800166,423.3916592762009
1.3389494280677556,21.114623657199555,51.25095265982386,153.51586453759157,436.4337711863612
1.3111392588412771,19.47001790661592,50.723863284676845,149.17578679814534,366.8535180266403
1.343675982978337,21.86516707349704,50.94392335146447,138.58674864374476,494.41334726619266
1.3726712172388404,24.102605798873338,53.5904042226804,150.7773289432029,502.4063156245626
1.3163838596095636,19.69612342612272,46.768917924995705,146.53041195339543,535.2822391274472
1.3275485345752136,18.38796279676314,52.767782574668956,189.5403974025515,403.72542502212394
1.3608854678817626,22.119063482341247,51.71230232432259,125.63477822583192,473.32568746249666
1.3277216098206435,19.646227114092838,48.63412507915585,165.07704954806982,422.2461076296312
1.3501552098376794,21.589042793514515,49.929232100628425,151.72327882604583,517.0176232021148
1.3620152671162327,22.105000011104742,51.75482207149166,147.1654737795132,498.5166638477603
1.3269803787024297,22.215208536123686,50.79054166969744,127.13285616580099,511.56608278483
1.2997584475777357,20.569900953700827,48.97796356573224,130.09580153978334,548.4512795611299
1.321253487352486,19.319463818802173,48.99801202010425,168.7115839237939,335.13558638129035
1.305919975245755,20.10792346968892,49.693365317674775,154.74784751037993,515.5778903842124
1.3386164529735942,19.50202729473974,49.97675589364238,181.14396730110872,383.93108240848517
1.3678072115683797,21.30784373330722,49.83316562886897,157.1315520680583,410.6946761413678
1.3290341669455996,22.790850356282903,50.93134296885458,123.75482741825647,558.7539209308478
1.3088285179348824,20.7448884394004,49.39191035744517,132.84236215411076,487.14179821828264
1.3157424885125675,20.526546299327663,52.34926989694563,141.56226213787843,470.6329498275058
1.3412328554927369,21.2974659230742,50.28695222483544,149.26809652284197,528.0545009197845
1.3825463372560018,23.763842036686963,53.41991138179255,146.59183682766368,514.4168052821136
1.3320974202976081,19.171375687294056,51.12467042544417,181.95988232068214,408.87616814346455
1.3630905205989332,21.824469149461148,51.94359408832097,162.0466607201381,442.97622560450446
1.3508590462321464,22.558869580625274,49.34774382277801,148.93759067819207,531.1654751646438
1.3628357303013634,21.99890189627767,51.07281374612946,161.58525299839087,444.63092784401385
1.3307720498594648,20.641553293447394,52.33945111270703,169.05687805986474,452.2221268490611
1.3168270271022222,21.25098025815221,49.94886679592292,132.5462218375505,525.8704949660901
1.322821564691655,20.367812783013644,48.705034309367356,147.22977199681011,476.625052916349
1.3160549665784629,20.796758997699904,49.15885113646138,146.79124514181441,394.73720396412455
1.3482044733951053,21.91251326538682,48.330020283862865,141.4796857728535,550.1159620133602
1.3537799763085843,21.184169974630013,51.436300360231634,168.27258861888072,450.78197086430976
1.3563826559892425,23.602803460160313,52.353084890823574,137.3227528620151,542.76523153623
1.3361149179315208,20.92517356723699,52.28693181007072,158.49990549025097,447.9765613264716
1.3316789045156658,22.651758133730727,52.85677920453314,123.84842438790163,467.91134037645827
1.331952518759429,21.344889818425987,50.32794188401931,137.28950141627777,538.6515329238168
1.328543900864309,20.21138818561701,51.46890807183985,155.83439427051908,436.3727371599114
1.316117448378819,20.73071331350168,50.62905713959587,130.9120127201318,443.49406251703823
1.3283828753865625,21.132982751066557,48.941877515996666,137.7912011605933,558.0516710012465
1.3460790730643537,21.951922615442466,52.433449470015326,148.6516836404062,464.1826417978902
1.3456031909416069,20.37272483385589,53.98697476960962,171.68451308777904,396.8304543068134
1.3147438034722916,19.481735174462163,49.79637827287049,155.71720522369242,498.98322292852527
1.3264720029756991,21.718988744103992,53.55596592031293,128.89950716139336,588.2904080549646
1.3428660411522384,21.310330111679956,53.04844791791841,146.85427796261104,513.8837013095092
1.3163913295559213,20.691327760552486,51.13765092080938,139.89065925034953,506.3583959180803
1.3710162824927694,23.554598088853787,53.746764043095986,146.96048359264944,471.8606095604016
1.3223529424894678,19.64943640162348,49.70056214840591,156.65159989932494,377.96904786797563
1.3276640288294486,21.67806632892222,48.80415333375791,133.2230402511658,553.6289734437469
1.3457220604231244,20.845135415849317,50.15533766933964,156.4284225324519,376.3129170381936
1.3260681882573562,18.883539617324754,48.73234711220862,180.67950266102525,321.8435034019959
1.3339007502021212,21.182989073604027,50.63833035775743,145.88309760286106,491.2873961180832
1.3633185346720542,22.97264307080831,52.7062843608649,147.88497855674942,562.7942361847215
1.3212620222727405,21.078715614356632,48.59002660280023,131.3638596723568,467.5201591309509
1.3152102250563318,19.970361659759455,47.47297385675784,142.76642306474793,367.78810087526875
1.31703188183542,20.4763113257211,52.22397406118893,152.18996050426998,407.6027530285859
1.3499431228882428,21.88224385093622,51.58908656208101,142.18973962887054,520.335208387138
1.3525057923282482,20.850449244980847,49.101989323793724,174.72222608537686,460.2308080370151
1.3492849494636037,23.387116578328616,50.90155101803341,137.6551226267542,567.3031143220608
1.3381642882636315,22.43349266088283,51.14425315726842,137.05060215631156,454.55677367800666
1.3151252574380319,19.567616983186547,49.233182070154804,166.744763776022,418.55418693086756
1.3001373117244681,19.52246952221495,50.698643391256375,146.97605060115254,477.8037266408825
1.3420534147271639,22.794216678103673,50.411738152530006,130.59093813126398,620.6391837753733
1.2916807942458426,20.35691335322357,51.1014171336929,153.60361172604559,502.56387186821286
1.3483519449251686,21.16863776920391,54.12619692114587,159.08405534046116,478.5260612410785
1.331399372444369,21.757322882198793,49.90721619848012,139.1743753444081,532.0170179145894
1.331537934815535,22.05404634480619,54.039723601902,146.65589323971665,527.9238804736783
1.3448434111086847,21.99592776129189,51.32334070001952,159.2550607825023,487.25090452578024
1.3612883943738736,22.728903230771518,52.34307646058354,147.38363384736374,499.40001700810285
1.3376767049632439,22.102012782775052,52.51435356823125,147.80366718201037,488.180428755829
1.3093276283427184,21.55988418031813,50.71946470683677,137.26676118843065,590.6328401932589
1.3788235616894626,24.658034455674656,50.65590784389198,123.42657657838807,497.09980588217644
1.3420806844347892,22.34146948500578,49.50348086613866,134.624784306433,466.10518294640434
1.3342830134431307,20.861565558953732,48.866459210803626,145.8252187918911,466.1687853916217
1.3446932851871733,21.76826830530387,51.14664097125871,135.48232019704378,476.13067099281244
1.3134400663956103,19.229552078254113,50.913544670613945,162.55844210340177,337.32182518669146
1.323806986048258,19.22643956181968,53.338010783644684,172.46037589948045,370.1752591253446
1.3380512083282807,21.800911380309326,49.67237441110406,144.17218944612662,578.6023468082536
1.3322202757463142,19.969644301161328,50.6671893576629,160.2754692406928,367.4304732588326
1.3267473000026864,20.31640456684213,49.11132996651317,150.60895486165688,499.0997291067473
1.3296931958152338,19.44612913612778,51.61059551212898,179.7861206351001,352.66471621564875
1.3320510983073537,21.381311054324147,49.73847829087539,137.87542973928308,590.4163128753449
1.3560797792091153,20.704732413325736,49.8075957790435,152.2095927640293,476.5311181727633
1.3048360375749177,18.80632342552075,48.788632256229874,173.95820970443464,390.5546793968891
1.3031707817054503,17.79762775236288,48.077498523812096,172.09577986768736,391.9386766214228
1.3368493331989213,20.781093691738015,53.75219273712299,162.06953856634797,482.2941103972193
1.3424205917978167,19.888071080395584,50.820078487319925,185.18236559250425,369.662069781039
1.334163984966774,20.6031609538466,50.796621923618964,153.32754048537228,443.66965665128436
1.3205238177394971,20.93101513875296,50.13934018637269,135.8277568686359,463.94334976991865
1.3234213093264589,20.326440673057803,50.97738753972275,168.15942327832062,529.0427624081922
1.3502060085381726,22.32072901915596,48.002914119595715,146.38504836858365,457.3605133700606
1.320736600547584,20.39976706078007,54.15639265543563,155.5508731352383,386.28656286811446
1.366939197711807,21.95936997295587,54.19987774953545,157.54220361092632,454.92790388090975
1.318823184946209,19.54750201394685,52.532259756405196,176.0762030925185,449.6252119454685
1.3268866787957803,20.22554798245234,48.69415026168396,145.77082074168547,402.4970101293123
1.3398866293778797,21.935369465830107,52.62286718491611,143.15397991391973,431.5016349503738
1.3208719672893712,20.752313560420212,54.28149787464939,160.77987027942194,510.40909323480844
1.358287385912464,23.0166465044394,53.96435995753563,136.6262828226223,498.36214890384105
1.3303704220717931,20.412390946794893,51.26517832692368,159.10759979154324,441.5483637262896
1.301009255178923,20.22727245741421,48.69742192248004,146.955019019668,511.69752847007015
1.353795460131027,20.664767996496906,48.828764617802655,165.19212908730847,415.83915645271196
1.3225854358197626,21.85557150716712,53.04338588951904,133.53655473776567,585.7419394710889
1.337615213099735,21.632369112595374,50.62298953801119,133.18405561159165,482.32643473587564
1.3203029033085958,20.64341141988948,50.61611088584483,140.90573380095054,478.4809418092444
1.3356195618866993,21.04819934323391,49.29586850223594,152.49396677057393,480.29381912387186
1.3576510073037247,22.203988160394516,50.76736664393848,147.44331623866103,469.1794337579763
1.3422142707130282,21.521471551175136,52.481876449136614,150.6452998111819,500.8772056901544
1.3345485635046996,20.534807718726405,52.17189157211359,156.97286619308264,454.7499777457252
1.3592863691497339,21.7521935705637,52.143870501037895,151.06838661112235,476.761206443875
1.3406819769846323,22.081550140970762,51.3999432314266,152.61989211980045,615.3945597546013
1.3023539423453259,18.824800993889532,52.62472473786717,169.76515416482013,399.7475836142356
1.3261995676308331,21.72800042434065,50.901218100077,140.6842335757437,507.42243178358007
1.3513177125050353,20.36461794621716,51.65774179170648,160.72378863364548,389.9363074525888
1.3057263657378482,19.623485106021743,49.399724240262415,160.88969498690074,511.8516105208057
1.3470412640163383,21.84241449852362,48.36731504863152,134.5260157857205,471.2571264655953
1.3305770506259291,20.77871848655101,50.39035312668257,154.40418381805418,422.0091806359719
1.3257926814744199,19.90130145359892,51.88545996842943,178.76782157425743,455.8590977963032
1.3225118298179055,20.370573251611475,51.05199049187822,149.1039101594731,468.68483682843123
1.3224848183628084,20.970492893875914,47.89798363627702,147.12241859082985,469.8549721844438
1.3574130644932954,23.753016403712664,52.05448573193674,123.20699748778205,561.3781749378514
1.31209058431179,20.261740007316327,47.33868771001212,152.55433553672128,526.5260036751496
1.3707751271500899,23.950925577159666,50.80725434481593,124.00881430228188,510.8933964531147
1.3296819269882294,19.99520648618992,51.91245155333233,174.5439429252303,502.9510319337205
1.302682314385224,20.155944506048872,50.66333921417143,132.55012944028468,590.2489022916308
1.3693005232937638,23.96953384174894,49.49098788405367,131.48867924671356,524.331528564903
1.3464205237958244,20.665697913994407,52.634585957273075,180.136178793454,428.98055607521127
1.3387338944197398,21.733670678552354,48.77802180639217,124.87934512305486,521.9096460555552
1.3182398125377481,19.941413498923733,48.35620670533334,145.16382107934913,470.2311558781863
1.3237785568128846,20.756461746186154,52.48112211175987,146.81273752910457,442.4208385109769
1.3182798278946781,20.35313798576911,49.317825611422194,144.67258714164532,449.5800168174628
1.2955232641374819,19.540898799250822,49.72636078834597,165.03887459614822,528.7855922504788
1.3161146835026498,20.85876123781461,48.75676833781348,125.9431887726904,467.6033029519657
1.3315827709471646,18.211030194829853,49.71270294178276,196.24983948683735,242.72728010638627
1.3458692672299781,21.173927246302398,48.99241476136235,136.09109332555943,497.5352247952862
1.3324286981596591,21.007677001548398,48.36875186766731,143.79538383158248,444.51808048380394
1.3420379479503648,20.770633374753686,50.12935037831797,156.71683093786527,466.1944215185323
1.3837657418270832,24.205143319916008,56.03898034597167,145.1952286076304,553.6258330126028
1.3329448994639617,20.303847496952653,49.7497508621681,148.988905584876,428.16424396308054
1.3515771750986751,22.136759923164878,50.738785592778605,136.92332498449733,449.2627128417755
1.340907498978705,19.723305265644093,50.93154570630664,179.97466470876532,441.29740583561454
1.3053196185679043,20.078375910691335,49.40629014252168,156.16786396191688,440.9755857882096
1.3243839944599523,20.8178495866661,47.42442992541825,134.40063105681068,435.6157401948634
1.2899749794193844,18.424388548869644,51.78467329765996,175.6364750451643,429.6416694873477
1.3203288709234868,20.380784744096474,49.087739865204,132.99990805595056,450.04204900220395
1.3271073520206536,20.611383653278843,51.10248623314983,164.25056454948333,475.6031991214608
1.3161668044521138,21.79571904854392,47.65228958808307,123.34500488281772,569.4910025509917
1.2939434702987462,19.90892053572149,49.5087204376801,152.40409599274653,455.3764666042847
1.3352836803087393,22.02292073386935,50.424498760477114,134.26815299048857,500.5738153332963
1.334863765408683,21.114538606985185,50.84171661215855,151.75545311360403,468.75808152505016
1.331180267025958,20.137155764729844,47.005116969781135,163.4865539034244,393.20916819011916
1.3012062326724163,19.510101807688272,50.45019286799677,167.547836898095,393.6340046852005
1.325074536022644,19.22547033441257,48.50277187120536,173.0155246936793,489.4555098241416
1.3389313720274647,21.13641764991634,52.38929171244378,149.64069550017064,472.7171434010776
1.3673345237478833,21.820043739754297,53.110247063214025,153.7106384593268,478.2001812249223
1.3356345230726365,21.89753461125568,49.059193423342094,122.38490064854635,484.1802380936613
1.3203663591998769,20.669669076474044,54.12600169495724,158.77576758494925,426.7123566441365
1.2923916356754024,19.745245698183883,49.32490939163184,141.39033074004124,460.1770578049472
1.3308956842620563,22.16989754266591,50.19661644334602,125.69563742540888,439.43347424865175
1.325102061873347,19.627584656407357,47.28075646892155,164.08219932474657,418.94180175509086
1.3111385757545708,20.774388989547155,50.22069205081886,143.31711260432803,473.9996491069512
1.3430417997507014,21.44637378859106,49.59734011618198,138.876679149336,469.99121527725646
1.330030252020835,21.423785621235652,50.37592994287202,131.70906582345162,494.25612531446495
1.3357024690035502,20.73988121831548,50.72324225184251,161.03176589072913,506.03520717536304
1.3396861124364148,21.519561061208233,47.99950902666643,126.7402887844047,515.0773472238465
1.3233761028517732,20.415697329928648,49.42286954008237,149.35405476331252,455.2167611922889
1.2983137421259057,18.446738502921274,51.0406206145792,170.56573434562455,375.90294528699417
1.3192542738261517,20.08526685106667,49.08411884513547,134.43433113102657,467.760461410855
1.3548145130356029,21.2260019233712,50.88377390028415,154.99194509543233,467.70593678516667
1.3195564477895632,19.690785872821575,51.884110045986304,172.79114519207087,476.57113786058153
1.3106939871601853,18.749994870047754,49.46030838638616,173.33733459817142,428.60510983738624
1.3084395977975491,19.800823540954582,50.43809172675965,151.54261825638082,410.87126148400773
1.3132808844947519,21.006035119649948,51.40496343158346,142.59531262880202,542.3551182439561
1.341147763590886,23.173401164489697,48.064998451366776,120.57154558038552,566.2820379984346
1.3293468462251161,20.93847083598762,51.659559177658025,140.78219767613177,406.7337347985847
1.3027042643864708,19.262744694930223,53.49350583584903,167.12985652171375,491.48957800123253
1.3533362705810847,22.109110605006492,54.13170454220543,149.61243724446723,521.3624070536121
1.3294695846538587,21.06183982211825,52.14589155974015,139.064861626857,437.4342464852292
1.3418216142223878,20.620160360348468,50.840860807228104,162.7399940417497,392.5614504119344
1.3070549414674855,20.596296170535503,48.96388341310713,138.60929506747732,528.0906433049869
1.3336413396791456,21.136543753667105,49.615823203308885,145.14459602961864,523.847805384734
1.3281167149173674,21.44820537566916,51.02240480779549,127.19308977956804,480.1746883032972
1.3222920686832318,20.874445117804594,50.10424033932878,148.89679922828097,527.1456781857447
1.3837889329017876,22.861611124333432,53.193066084034776,157.31916726683968,488.83666089428027
1.3043031058776946,19.390538779386738,48.41803503984573,167.30106797202646,478.4088801907449
1.3315446671095053,20.46466402360861,52.5196802979277,168.67142845203296,489.96927931655324
1.3323471830033482,20.937547992140114,53.08406520091936,158.6132072982513,476.86517536364335
1.3597378901738355,24.204103841271706,51.38138985181012,138.6822162218472,566.3411196618849
1.3194938082461398,20.176389237165644,49.13813880530976,145.8679509698743,498.29139668888547
1.31822522453859,20.69322209178965,52.08120102172326,148.864705383067,484.9292280692471
1.3778494056033017,22.957687027625674,51.857840632267845,150.92438722886146,508.6882596181744
1.315408710283129,19.891411957280457,50.56716002900163,166.5219956381721,517.1685266842146
1.319361034329199,20.856716941037373,50.56983001605882,149.5619200016153,404.63649718763236
1.3069787872551863,19.639573887182067,50.91866863317514,160.65352920222819,436.0552757972206
1.3014046404721396,20.309572994156813,50.76072505858489,131.89670354535141,533.2541788568527
1.3886409553570815,23.865219761521615,51.85995192127111,133.9086704047273,507.4643964896951
1.3221993718143321,18.9122623859833,53.47984495840377,177.50099356121316,322.6211222777286
1.3416620673989836,23.114428704201377,49.55724958663209,124.97039524391643,432.41021019652703
1.3025116401159804,18.586297383356865,49.5174694564181,151.07938838530762,419.02363446719926
1.3392450518461594,21.711505557858263,50.87433681581411,148.75463981014235,480.5385425953458
1.4107095404610095,25.27430093342737,50.81326412848872,132.58410068524805,532.9731885359331
1.3228683284266929,19.516753966232898,48.52254563170252,157.8046056245332,367.75237199591464
1.349231718955389,22.936990438044717,50.64101095772553,135.18221759511354,556.9458792833403
1.3424078269852422,21.816574079248333,46.363087713918496,146.40848975613494,489.54584282960496
1.3142752815201557,19.951665461975267,49.827577002529175,158.6675903577629,441.1214388102852
1.3192932003725566,20.984630517129155,48.260322997669505,122.90842814237459,524.2197289704754
1.3507706825004975,21.342232415253395,51.271037549689545,157.85491259376317,390.19483134746673
1.347795881815477,21.471621532350046,50.486812238859045,157.71469765889594,496.8260931954203
1.3293962368626653,21.061519733945087,50.949962768303294,145.08264043078947,531.3960905642987
1.3441316293483532,20.968570744548114,50.87033960602107,144.27123824484545,439.1609452066371
1.3266796460447126,21.3732596404519,53.096885180365554,145.97979913426786,493.099351405992
1.3386338417100667,20.242781951909826,52.44418742376223,159.46164999631813,415.16379334567233
1.3450149798749909,21.47995264283845,48.35355457006444,140.66593701137234,543.6637512861989
1.309047718057826,19.27944802918376,48.73036591143755,151.64108619345978,437.02599497298223
1.3803431882912933,23.46133873721138,52.47359384770873,142.39890620664758,520.8797374501905
1.3762156367401035,23.490520706312942,51.042515611441566,140.92226303683105,515.4613977789343
1.3516360582794105,21.896607797402055,52.22223036030997,144.86918178936827,508.6658633963453
1.3241134220433326,20.636671538186967,50.32450583689126,150.03787998174752,422.2350818989617
1.3158197748070544,20.458179707410935,48.778285058196424,147.92105669407576,477.48388032250426
1.3140860647824886,19.95899306511965,51.82445353567983,156.24649230324155,385.4863648952642
1.3843853104434802,22.163249715875455,51.79142573906553,168.9579865864884,503.6561533806996
1.3728946056855424,23.669340454562434,53.889601565083844,145.42213891064537,564.1244180934912
1.3406382013052882,20.122711179125787,51.7138722160414,170.77564662754315,490.83164919866664
1.2934855619735341,20.572215804439676,49.25619589207425,133.2443644905039,467.4216711729781
1.3076429389767752,19.794958330167542,47.35310247816138,150.52192972703565,500.21703604423817
1.3465467078786288,21.079004364707846,51.9632932663627,137.5294130850419,476.2196406749238
1.3027892649210817,19.007695061258616,49.038817222503106,151.88382758380718,369.12384698667904
1.3247907681603635,21.250603709245254,51.713995895178876,158.66228222512044,540.915931662799
1.3182331436762698,21.165548652275877,52.23258370598889,148.62211903709633,546.8326802854754
1.3363413717627042,21.56542496139978,50.19561550373171,138.72022134576804,509.3516006625528
1.3469640615583338,22.083164908478032,51.937629643310856,146.02859256718705,470.6466809218817
1.3381597092876856,20.452461813794283,49.405786743067814,167.6661608609174,493.0225059032824
1.3482471870744368,22.606408897718836,53.213663518915084,129.81122043774153,495.28458125077617
1.3173514804798563,19.897297116377054,51.33705575984692,163.91630234211664,455.00718185903884
1.337534204667166,20.910238849602997,54.01212309906695,160.90589708236004,373.8798488000937
1.3360487184632308,22.33119299914742,51.34099231056102,137.1494435454802,486.66448194300364
1.3634464989476607,23.324221996202656,52.8827379501252,127.20347194586364,478.0146795935647
1.32115178090314,20.974426800954667,51.515859621638896,159.08103584647094,434.78818687333813
1.3326153205680913,20.007397140188765,51.77772457987572,160.3559128963421,378.4280068266351
1.327822092855355,21.104361496880713,53.50022717642763,148.57631415197835,499.9885672897523
1.3168806897746672,21.1053538976308,49.86760642191843,136.54531286929998,501.14285855811187
1.331862561542946,20.496806772133716,52.35340459497705,153.4252342414561,427.3579246909783
1.3233723768672152,20.81389262548928,49.10967935584921,145.23469539584644,482.07725694916655
1.3068061060320435,19.121753636982305,46.009333155298584,154.39709360831523,340.82562394763136
1.3361267842171412,22.52010779938769,50.002682086969095,123.3382312976757,506.1782399225793
1.3240525822778884,19.62856727858698,48.9715188411534,143.69148191380867,364.3610023224216
1.343104025385966,21.03064621292706,50.82949438163175,167.6005540669876,473.9144068507392
1.360921320927156,23.2680658371227,50.84411113073093,138.29780436622465,582.4079523765101
1.3010184519880958,20.83671837807618,52.47843724090488,134.2243072633483,452.1692189671206
1.34975415960072,20.384884933539055,50.76344827995016,166.7675816130325,400.36200838920996
1.3338340117903102,21.588464446112322,48.301233280315294,141.38696471671088,540.2714982883537
1.3249452583422534,19.77399895329874,50.46986419744552,161.6793450365487,403.32123371694956
1.3388358616579286,21.362922941327067,49.72809555266994,152.08474378681387,524.3732757413575
1.3237265586437075,17.420710102846805,48.78855339128392,182.46930209014604,340.4196855287203
1.3396637976980261,21.2239603717047,53.00619539365488,155.32163362344346,385.83687240903015
1.297215125635669,20.624283231320394,53.14170317704375,146.86635522722588,537.2883372917562
1.3432946482051684,22.829106423100246,52.22927753558855,145.5705393404951,521.3415365206498
1.3417249858152402,23.15610708849031,53.68720689129772,137.2849979809361,521.1549691049154
1.3238784895749234,20.96279370819176,49.22020808447376,141.73005925741245,565.3065091908107
1.3650487570113836,22.410498083094193,50.01389000901175,148.94445690582344,485.77808526364566
1.3129840389078078,20.06687612468601,49.46563532261594,152.36735183729326,497.885237527173
1.299962923406245,18.919618430724217,48.74318594981878,169.554599110157,456.06564214915426
1.3371384441737832,22.137021008028256,50.899888585543295,125.21812077042021,538.6200921530123
1.3116319871675848,18.759546488717884,49.05365452183775,156.27987719185722,358.00726798578376
1.40949442398778,25.727475190931067,51.07264304340854,132.40876602597535,567.3816901886552
1.3586797304207896,20.101667310185228,51.21851929898964,173.28847114477423,431.62493310110654
1.3088479463655585,19.73439311575705,49.41555905925734,147.01182277573938,444.62131251044696
1.2989525237629564,19.892993592968537,48.34345633994678,137.52858658268948,457.9959917702138
1.3495032948192442,21.36094825005789,50.71014464450911,157.71701734887222,469.17364956588045
1.3262239093346204,20.705683043772996,50.40882066281418,138.3416754407995,516.0412847542096
1.3419762326272184,21.640288409633175,52.726058960149324,160.3047046943678,517.1018367232483
1.3386777894280923,19.252463846239223,51.822271766815284,193.43907630875236,398.619740910077
1.365622847212717,24.14301172844416,50.45335795134279,123.20155567846582,565.3794944840511
1.3397219933220477,22.093567331796056,51.339596913827116,135.83425318359247,502.7329148130191
1.3130118957188142,20.313240683068493,49.25585884963075,145.3468005785979,411.66204214373965
1.3406505516157519,21.823543451307838,51.26011283448904,142.78992284595589,470.65322572836465
1.324571895028105,19.79846627038266,51.224574996299786,159.43465936228,408.159818619251
1.326936857497988,20.49740233140231,52.82688025076845,163.36546270600456,475.9535873003459
1.3581661567888923,21.556157586699474,50.13819845370586,143.42333818592135,459.187481350999
1.3226603878714656,20.178583640801342,51.270546792723344,170.59629189026577,428.5343153050848
1.381210785040067,23.577192083545924,50.75241029709496,127.51006197418849,477.0812972525503
1.3014663501579367,20.252758753323743,49.3178470173242,139.23712381385016,394.2363635197696
1.3672088690632365,23.2875091718084,52.227962326809006,132.51774718797842,496.6638906415863
1.2930381801038064,19.137701000880387,54.12574033333495,156.6155835296954,436.7459419849539
1.3272838002551808,20.733585812679994,49.94612673709438,142.94317230354343,450.371686680958
1.344082591406814,20.88988227461425,50.02084488156382,160.2442521383869,467.65935056272076
1.3338722393740854,20.812641030243327,49.94863633998444,159.3121221152246,394.3218050025545
1.296542999469712,19.155046949218114,51.41046366013218,158.41368871304584,377.4718041341191
1.3516962957941854,20.918065819268378,51.036237411932035,156.34361175338407,400.36673590125014
1.3332195784802596,21.458555729323606,48.943518052894404,133.73323145423248,517.7366087882378
1.338328944002076,20.94003338980655,51.89409045543037,144.77534880771057,530.5626335133842
1.309753941544463,20.433518151006567,49.93056368336737,128.93246553791687,451.6780400654225
1.321730862810638,19.358293432786656,51.31648738953365,161.2269837612874,302.6355530121697
1.3662061654495634,23.937790173555697,51.51092733101417,122.29185820178827,479.15775004895846
1.3195298300908729,19.2410759776936,50.394896863114,172.65228619002602,456.1916146104914
1.3427705881692262,22.974745648922493,53.574583319713874,137.4293925008741,417.784169025842
1.3292938981774656,20.047743170269573,52.9888236031264,165.37505196740176,412.1265973156618
1.3573085613436398,21.75754539696449,51.97787858725437,154.45882110083863,500.2526971989455
1.3427410017577845,22.093548953593142,50.84338978252962,143.2994569637769,464.0358198891883
1.3383804247874118,19.373372194670914,51.592461293078294,187.056088398132,400.74091334124205
1.3301205530002045,19.972143317872778,49.19437149223516,164.06096038162087,401.79964003602623
1.3511939775073682,22.92363402950737,52.036112924390366,123.2904145929574,512.5884453643444
1.32699540657022,20.992354707335856,49.76721996945235,149.0277992325711,507.77395872115727
1.30798785612773,20.09039472223359,52.229925600483206,161.7008116818595,454.86289671519097
1.3377151143812365,20.39077663414521,47.840040764447444,149.09669851926975,432.4781809950355
1.286722039023975,18.358940977028542,47.76442576988519,165.19627431296928,403.41062668153404
1.3582069677008792,21.940287275566373,51.919164632842,146.56063736252764,499.2458710228123
1.3059367711840706,20.056661038292063,50.592689799010095,160.46278802319426,453.5909777822893
1.3467515614410457,20.555997259394793,52.065785978797024,180.60880347156683,437.44690521343125
1.371915369911515,23.361227069273014,51.272682651570456,148.88939190185985,549.8310715308039
1.3345994713180067,19.95297519598984,49.0327025901349,168.188838711868,447.5551072521067
1.3397669942717203,21.89523494118006,51.87577165695222,145.80413053971716,482.4838649410537
1.3321773119375353,21.08294336313327,50.78009916575731,138.07980387249282,447.7555641758361
1.3162685762833328,21.934632409043125,48.946027566804204,140.0414059922531,520.6479875483524
1.3599587073818995,22.44497874057109,53.028955930821674,151.60486937393875,449.20134754926914
1.3468234703065058,22.268289064992878,51.862340471700136,142.804867615577,527.5378935767768
1.3542306409187097,21.227736059986245,51.22705658924245,161.9658887802707,494.04200932793043
1.3591893653055542,21.023874648013226,50.15944159969363,155.78070648667511,399.5304212058557
1.3333385002387024,20.515633735828576,52.65110172317377,167.10231817210575,363.46692194134124
1.3449081660688433,22.169877848863997,49.907239691105694,138.66395867272894,493.9372900928104
1.317753536953521,20.204312617952187,51.05246209130124,160.33692790828505,419.3946166635248
1.3192310867064032,20.234263768325782,52.776499564729974,157.3167931304011,500.5614343606191
1.3161654218508354,19.84066090391851,48.24428551234504,161.72133273967535,533.6914595392046
1.3289663741587108,20.893559006660524,48.2733742192883,132.51606662308996,465.7267886130424
1.2792065091798401,18.92384392963597,48.851895087343564,153.1462234876572,468.5103176061033
1.325425302880657,20.735015871287853,51.71021415010359,151.0412012042224,488.4772246998911
1.3587177749444277,23.42109361082864,50.282790555345336,138.17884487741915,559.563437401559
1.3446646075228805,22.587825987247086,52.93242763188251,147.65646355766063,549.3640213736264
1.3449317692132703,20.827875295836165,52.2565342993433,156.92880485863122,457.48156699393223
1.3571544984332045,22.08120719002531,48.5003865264441,146.88378577374746,567.0030331038179
1.3478307648652128,21.788799916128696,53.07782875056997,145.8755703820529,494.09342481137077
1.2907227171636562,19.34573879901647,48.7802333480788,149.19382249149908,452.6554746137333
1.3267135779817454,20.33941919139877,49.54306626695293,157.2301573284225,473.74468668814825
1.3001480846603604,19.670451464424843,48.31165012044206,160.73369566444967,407.15939003177647
1.249005970711322,19.119959080321568,47.73103776776114,127.78808362029106,439.57111984109235
1.3714708073207937,22.7621509652669,51.52387458576867,143.12521525398026,515.789788549564
1.323308618278936,18.752673655740644,54.09126457785008,183.33618492660332,434.32862048595797
1.3473901678242237,21.498240608670486,50.95277334289341,145.50912177814845,437.9551432990076
1.3664590040905056,23.952950707871192,49.20208355023945,124.03232652444655,631.6830114198991
1.3408273656462226,21.08205484169793,50.216050223616,161.7069904586933,513.939800480538
1.3201575276192632,19.894743953520212,49.44772622757684,153.00624630539994,372.79395583905773
1.3465840886070541,20.67063348705518,49.82565228556144,172.05389999254504,426.9788132910421
1.276715426616147,17.306804980919857,48.25590364583084,176.0615856416697,359.76981556611145
1.370735283083516,23.58009260978002,51.52503937610973,136.5173213520407,590.1534115100266
1.3118542433838742,19.574601542116866,50.3829259537503,162.04316997461046,421.3992783675558
1.3055049497593987,18.770292676727866,52.16773448007326,157.57484092520974,345.6348917008018
1.3409958373546695,20.17031148722647,50.30875102954351,169.25915585311273,452.48026577541407
1.3256504702407912,18.69906732485969,50.34821918998703,185.08886212729072,398.9581106767274
1.3802202032085606,23.056955553855403,53.01427827409633,162.3163845584721,438.7046548714011
1.3345464004108953,20.743985691682187,50.42735223878909,160.56265383277662,451.50679618660575
1.3464407257539466,22.071504670259763,50.97530470077712,148.57926425433513,450.1555222133252
1.3574379819976095,23.406868119187166,53.4173029956407,136.41893937643465,481.9771914537757
1.3288054079898681,19.144345738152374,48.85227140490938,160.39749873372747,388.5251306949833
1.2937875463160333,18.058950281006766,52.46876956672501,171.91245194286728,403.5968754007656
1.365682696349832,22.038250447092437,52.61231557077976,156.6067471008342,472.40459824156113
1.321132617451424,20.219587051504295,49.85675339415558,141.14278895912338,376.46035215438394
1.3217721154803506,20.77557440760746,51.98655289246235,138.1140957790142,458.49853087815677
1.3305605425268898,20.660421547292813,52.36493451064122,157.12748351192195,489.09245555303454
1.3668356476952725,21.760255460303544,51.29615130686122,148.83525588727716,447.8757144794039
1.2834334344442466,19.419698021649364,49.78604007733264,152.04554655831762,361.2674291544637
1.3141824514907765,19.31212288282471,49.650850264480994,168.4663641208196,419.4865644032027
1.3372005241562057,22.149579966077518,52.40088283862639,148.10963973605035,543.3509389469084
1.310026766624482,18.412634862457175,49.85431661726214,176.86607197074056,323.79642960559147
1.32228365362384,20.175506667865992,48.22110390406736,151.96874257467326,469.5500991342323
1.3718924382621913,23.691956995047516,51.77671576331454,138.10310035652253,570.4131983493181
1.346664485831237,22.057504139145394,51.83094338810502,141.0333726143467,508.79429678909435
1.3525930559484336,21.622021587772423,50.77090300631874,154.87568419168326,425.17532910961506
1.3232071300019892,21.684607382706822,49.696401571375326,136.6334148118956,531.492102532845
1.3011476959879773,20.888355232216796,52.0435925900782,128.58591959532035,498.62053305750874
1.3457911501862232,21.218801418433742,50.9913206691635,158.22226732500968,492.892274396763
1.3631145816137888,20.514719493418568,50.06316329706681,174.02253047118654,569.3596335497368
1.3243200168273503,21.970913282140913,53.87037186225683,149.01956355670842,522.7501883550581
1.322039477875281,20.440072255163628,50.07728452417813,155.38226792586823,477.9090752922313
1.3508909448944602,21.095461595132008,52.55047655865203,158.8428865762447,422.4688682520478
1.3540104816934573,21.856100338919642,50.80937569512668,148.3977258893328,484.2924849553514
1.326608390441128,21.518629286564437,53.81661184106118,142.4428801800152,514.4534069961943
1.334023813936396,21.097707594921143,51.429537215492665,141.71501932582214,463.1281417002595
1.3227270696110045,20.180805895325268,51.35203806085878,159.87114223780702,457.511888553329
1.3123689848059874,20.01573435918938,52.48734413078543,160.39308228883058,429.51942634573436
1.3155174785710462,20.230129997542726,48.79571273538931,149.83450384397082,393.06955104565316
1.3720919162373497,23.32437258988826,51.89358716939542,132.50229148769085,529.7724702214808
1.3438540371491303,21.361316252897417,53.25701590262526,163.2986385826003,470.3694060837591
1.3076499835150848,20.23049977953456,46.39201495627359,139.3046349444756,428.50521153309813
1.330391994966496,20.408120084809624,53.795046906176566,176.95661087869877,495.49009915826815
1.326590684582754,21.930469312975983,52.727147319341725,145.58287869532694,493.9939758743887
1.3485734994261562,21.991522865362047,50.13888347727701,136.56963993172218,530.5427975578593
1.3542067923237802,20.929949670571283,50.01848679302455,174.06000561878676,407.74196725991123
1.3318649267194003,20.713898278696643,51.19059837398937,161.50703084044378,516.3957569325406
1.3225998918532376,20.97488027678372,52.41886483032315,155.70073948598375,518.2368934821684
1.3408271463223906,20.79253831843527,52.624354121193356,149.76014241230877,418.7189981320886
1.3241468030304047,21.00199962855169,51.61992168248998,144.65300591443344,507.2761068681873
1.2948313556982114,18.95769668680633,50.17899043323557,159.55437995886132,490.244306902079
1.360477920629116,22.430648133877696,53.247415990094645,157.55855337788472,459.46896314119135
1.3268609538050757,22.014019183383144,49.47952330192179,140.33402362290477,553.6452268850862
1.327652314754017,21.412893643627285,50.0965639628068,133.51991861298134,585.1811126921531
1.3359091887583292,20.532647863180046,49.67676757958513,162.7756785326756,432.5692017624075
1.3126662865551433,20.023291916824785,48.683894020477524,156.92451307215427,407.8764205826543
1.3740566635190112,23.48329275879189,50.73803649549832,147.1812423353929,421.57616035286355
1.3143379826052168,20.520925859998208,51.07696003011927,138.87719053823184,496.97232688528646
1.3187401350684194,21.17419061405095,52.24662677528119,139.54726106891417,474.97040347069094
1.3051429886844816,17.306831849044283,50.030507880964336,183.33573465326504,385.1348199869222
1.2879093672541968,19.37786326653445,52.57339686114288,158.8692605384986,432.3815012112625
1.3118441849174483,19.835972166426533,50.92954608069315,160.93766434163763,523.0099811116919
1.3445758580766558,21.812129058375277,49.48240537420751,139.7097008240972,529.7720188151992
1.3429831081726853,21.202905278311686,52.34899711721661,165.27801805994906,473.49940678855637
1.3170693591860874,20.678596773305188,52.99462564119956,135.36431009210887,499.69875065494165
1.3439979285147792,21.646642361268608,52.187385384364255,160.05668909124338,457.20924716528305
1.3308830260649092,20.842195663960787,51.840604470114386,152.64566523934332,474.0766009129572
1.3558345354998862,23.014973861450205,53.574163456217256,133.27128193426321,484.2876944816083
1.3149686776348812,19.26427985385362,51.604119174819054,164.09466994357518,417.57758923667524
1.342825434506075,21.13739933158164,51.13748234104117,144.77683660281966,517.8109840949294
1.3356412449264916,20.952334302466088,50.8093863638097,149.21905445105824,484.5452350587073
1.3196032069636916,19.8783725234574,50.207639421957495,156.08619094180136,460.58675979658955
1.3634226516643442,22.441801871971077,49.930115560615626,146.29338960276377,464.812890209141
1.327600279632881,21.423585748158427,49.34331140599047,133.10731509128763,473.9804543587168
1.3210556924657966,19.870132445531635,50.18080234622005,162.38459219568244,455.0900169344741
1.3074099951286735,20.184334667344825,49.2864833767602,154.15355582244683,469.31070128664226
1.3079439292446347,20.012326973475425,51.89920431228637,163.96472989823562,515.2851654296767
1.3162809537354658,20.44562168614125,52.08821545140549,138.90474960601398,491.0043038086407
1.3136465845136174,19.085589427091055,51.40800797867814,177.33133333594128,344.9364017617819
1.394192450795459,23.136049010332055,50.111686264540324,161.68191007610716,535.9109577708895
1.3339467601333403,21.584704887547556,49.98695651307718,143.49408549949771,509.2005971679267
1.327023691547185,22.530724872633527,48.985539245094536,128.809508064413,595.3291095088197
1.308643246411083,19.566915291107854,50.24829553368526,154.0030830942233,493.96303620524344
1.3557877359908006,22.840485884823828,52.32509238336874,138.8557193825938,612.1967441854538
1.3646702450782384,22.544508513819956,48.87948635741255,138.7273794996145,462.62585969164456
1.3381079627985155,22.3748584986747,53.67732683081758,152.07311872077875,510.52535895352617
1.3382449730271382,21.26768820500308,50.22061517181421,142.04347777972137,480.29442641961845
1.3277358109771453,21.158502755445536,50.53207734840446,135.90484363884124,519.9480603073353
1.38791300574529,24.599643604199876,51.341894832352956,138.65021347496733,562.2442996821643
1.3082471741508581,20.40530146203182,50.563062302593,147.5305360526896,500.37909227404873
1.3013835612689326,20.887674270714754,50.86803688685369,131.01448008362829,491.55380562963296
1.3363017757680336,21.048267291230818,49.40603420916266,150.45808666050957,448.80772983755406
1.3422345099980522,22.01178285714382,49.72164964081922,143.69830658047925,510.7667533808885
1.3108478190542352,20.197032440793635,51.2510956208158,150.5858011637049,535.6893972955573
1.310140553410736,19.820410439496246,49.83319551290798,143.03529560255416,505.3938898985424
1.3158047861033024,20.3263475178382,51.94530639811941,131.5373249175289,504.62938227819564
1.3568570354140046,21.32711441468395,49.279764548215084,157.81445687032186,479.8924584986173
1.3012252355849478,20.467335321223857,50.738672510943005,126.88608706127418,544.063430289846
1.3371351083408114,21.415534436307567,50.958172509126875,155.4460097112209,558.445323298123
1.3190529428943405,20.699503610627005,52.12627795069721,156.75722439629794,500.2051417129999
1.3650726833261655,23.60521532501764,49.69095002940995,121.28944941634286,548.9991991575306
1.3191311805973456,21.0563408379042,51.642944553523094,149.27066135713022,397.45129520812895
1.3190565621167039,20.583313917209175,50.766623944357,139.58629110879588,445.13259277754685
1.3179917454942727,19.581117472300818,50.319212993014816,161.64847824793122,380.0884770454661
1.3354985174103962,21.14338682187351,50.30999741765234,151.97474387022115,400.85849364768427
1.340960733974676,21.305820404541073,51.24671075311239,162.38131532815208,450.1136379303992
1.31343567057242,19.931897323339452,51.43220621349769,162.7419467899157,444.7684597539293
1.3394754056180962,21.38584133859203,51.96211190680386,163.66400938423556,465.9586178356793
1.3042109370136472,19.32558933902225,47.56332875043044,146.84370465463059,434.7898202460005
1.361221216804086,24.2573963515998,51.68828488708499,136.001612443485,599.403340965318
1.3627429172446335,21.649096020985702,49.99415455581111,169.37685373353833,412.741755185484
1.3289235817593428,20.98830115725893,51.43371244883039,134.26085913802652,397.0285884972531
1.3586684163595382,22.979795999910646,53.00493384638897,135.96407720813818,504.505164915688
1.3250024124163593,21.036980573004914,51.07483888465914,149.6300025728917,543.1829174388138
1.3022282560929377,19.555349958520317,47.63830068904096,155.03389510114837,456.52051938047225
1.3555086190105043,21.371179884836693,50.62069949155498,139.9539732056402,453.3814732727683
1.350435454107223,22.408457716202857,51.05552649623699,138.2152021779982,616.9278033987264
1.3256910367210633,20.13465132842321,52.116814196523784,164.12385855096267,494.80654403836616
1.311098480524733,20.340179641302814,52.103958325934954,153.9852599607097,504.9358022292585
1.3125112356740303,20.44763624033779,50.953597092178,158.5173078056199,442.4290078271271
1.3173909272215132,20.702785787193342,53.981840806603344,167.8328035906323,472.6888098832566
1.319060111768367,19.823675705838582,50.6726038420334,150.97284864463944,446.6709442827579
1.3561272114887555,20.94232033219641,51.28407029531504,146.0698247739555,437.482185263672
1.3326981053924414,21.148168334564055,52.08543315907071,152.66384199530648,506.31147782588477
1.3190210672193086,20.21413636937041,51.921623412518514,152.12961926965326,500.61329069493695
1.3178207799024553,19.452311583185583,49.55687618380921,159.68971453550586,450.09470102902884
1.3055991633027597,18.980749253080926,49.95637836204402,169.1089718932279,458.48921791961754
1.3254987680208279,20.692628343240195,49.4771061626484,140.3170458783528,438.04672892779087
1.348739380765194,22.30973046240831,49.65118518365653,131.68390115853933,458.4503400648933
1.320724163199862,20.052401657602235,50.82742422787658,152.93824341838865,494.92389102150656
1.350703617772594,21.1748042332703,51.78039486582277,157.0540696741536,488.5603679818628
1.3279042716567089,20.411347433307593,48.910971748114754,160.88384164141493,468.9119980529901
1.3033857728597409,19.315609684962112,50.334353099236495,151.5833539520497,488.4639295035795
1.3678524703081414,22.985421387614636,52.25827576007976,155.63772661237684,365.87682243511057
1.3412686383153627,21.247032970805257,55.39902803447535,167.3850640529243,401.0878526195042
1.3215551103968943,20.29894791154416,49.50015282152674,150.8589721665536,498.56722227505554
1.3163438837984698,20.0068228313651,50.13127957960531,159.50126073680119,485.9037954690466
1.3141402064926822,20.301624644194607,49.15144865298675,146.65170302348727,495.24264274183787
1.3359522220920923,21.42445194786328,51.729521599320236,136.35958084094673,355.3621365557161
1.3375991699584702,20.466015563845797,50.33978900661735,165.91531044916678,453.3909763318883
1.3269129014130194,20.031851422189597,51.00182010444689,158.7430328832706,458.76945373594543
1.2970988240072676,19.90012181644682,47.96452458335601,141.01267750540222,493.5534053924408
1.316957006301819,19.648600864107877,49.03491821894741,148.9575268320287,462.0677525000759
1.3266052033338405,19.868453521571137,50.2977086458456,164.2710412251242,406.2860282824017
1.3224446901716638,20.697006076755855,48.64112942392582,141.6318778664484,440.4496934057815
1.3046766297236225,20.3120728575113,49.54415658543158,143.1264531367417,443.6697656451778
1.2957794487568317,20.255447107783773,51.17207024322729,144.53540548440617,541.1114820920707
1.340044683282132,20.906418354172022,50.67477219997941,142.8591897510026,418.55750114213294
1.3243822328353576,19.25525317575199,50.24936049820262,171.82937036884798,344.35583504559565
1.3186499391979511,19.9885786046616,51.728211985753696,144.28133060131444,450.26046311658007
1.3311648814494847,21.16572191911289,51.00664299606824,138.35753338498404,501.17025197456053
1.3471436769912508,22.690877466865075,52.23479209467607,140.55084651246455,480.39255275046645
1.3081267853151133,19.075377072461908,50.87369658650325,160.09644796970346,402.1904232582791
1.293591387132858,19.193727913431065,48.71979369704804,144.2210706497914,463.0722316693678
1.3345937745481127,21.26353583230948,49.302342072125874,150.33755657643223,462.8393941730178
1.327641736857009,20.162047417175273,52.697084654689675,161.86084561800368,475.47722880027874
1.3307270809288787,21.204491575141,49.813542788161975,140.227602831574,480.81986078264254
1.2937647716566345,19.552296488712845,50.04659868157853,132.13475712683248,499.3326768824648
1.3119587425818757,18.45624842226638,49.916114648734045,164.07953485202995,373.39267230458637
1.3145262106952316,19.166120948926142,50.45725508660503,159.8297619664846,422.3895827419841
1.32248902782931,19.422555725600997,48.8664473957691,165.68345320155382,383.00511569344314
1.3050086313597404,19.747807823466314,51.06958293762637,153.59764555022238,393.7477926813169
1.331783514533118,19.626441664677202,54.472916337634686,164.42931389944997,495.76499044431193
1.3372006692128549,21.097293058197224,50.920736571612274,156.93428418533722,439.83380480026756
1.3323376403889144,21.830900776808907,51.08493032804919,122.24042904991838,579.4919914954268
1.3409208802708807,19.5185916410394,50.392451053202144,179.60427095283785,369.66453987814333
1.3467451931159555,22.654709758579543,51.647274728597864,136.51671397395515,535.2546498513665
1.31793953922935,19.422699111272966,50.91195264793459,172.4032106025,505.65616563452653
1.3139967152251226,19.935432582073428,51.18511442697973,159.10270663497107,417.93811643789263
1.3464501980358554,20.403268245803815,52.755449002073284,160.269995322331,346.36468165824795
1.3334573097385414,20.485821904474772,50.26178789820165,156.63070340482693,422.54486615685977
1.3306657475035966,21.247284146677398,48.95680997671217,139.97989176956776,458.0811746000325
1.2666835645464518,20.639126842087308,51.803989932556966,145.01004691298587,566.364995459497
1.3307671166383601,20.169409715100105,52.13589079012906,170.47643558461172,470.7554817952563
1.3229675600967101,20.606678880072927,50.13591922497183,154.66469809639784,478.15407169361464
1.3579540411454505,22.75486604397302,49.63441934727036,142.05547655222648,522.537225183145
1.3571956022889173,21.386652090281586,51.44749254755374,153.12191367361913,457.5514619550524
1.2803617781252874,19.29438919046623,49.68692594241507,149.18047361428282,402.9212487823337
1.3348344718923508,20.876426661832966,52.134598882898295,151.29437333705982,436.3371982887819
1.3447945189911261,22.92992216765266,51.131018777053505,136.80633979434896,514.4617401244146
1.3142009608130871,20.814894096941845,54.75375549175651,143.32104824507434,431.1028871296766
1.3357326142533188,21.22940267707036,51.146954657156165,154.78892249886977,538.30882941454
1.3292315516086792,19.357197168197533,49.531332460375545,165.04903251751372,365.9718806141251
1.3703126020828968,22.674389305324834,53.46034947039001,152.60983926436987,497.0411283397767
1.3559608414901387,22.35416753778034,50.6191180365573,148.03260024593516,480.96222527693493
1.3166106448990922,19.252898545675507,51.53657849567516,172.01032633358827,307.1379135477305
1.3559250526733846,21.64362688223855,50.73948350344445,153.8202511404873,402.76693765417303
1.3477984051829002,22.166120085520284,52.98693320675872,148.7455804557132,432.10749763557925
1.319730967039834,20.338082931567342,50.31505553733,147.6354741443638,404.43521813973524
1.3932968971957032,22.434103824541154,49.68867552329591,145.34031076073663,435.62061714138235
1.3374246195117767,20.446853007104878,51.9063269448469,163.73742814274846,399.5570187374751
1.3465557381958957,22.0377189913426,52.59104351951201,141.93914072995184,534.0757365018327
1.3154846242877583,20.759221564075354,48.40526831047094,131.789877114995,450.861554733021
1.3584724745319625,22.48446532057679,54.26645186782086,142.34705718898402,473.6455845220435
1.2983222816377804,19.292035417857488,47.55241447480808,170.73826831604595,460.2890510345692
1.308084403230066,19.08216496071283,49.58974482647364,165.1788726242684,428.7617425127753
1.3416340169130205,22.676181403555454,53.4718323183971,139.64892017948577,437.6898283560708
1.3278485134064373,20.057471792970233,50.522067817793925,166.13548631746224,425.68667287830675
1.3614676053070707,22.938461645169586,50.19267462071928,144.57395220796343,486.43653023271554
1.3244403702113612,19.721834868958407,52.01183326956688,168.8891403295896,412.6334033860778
1.3285904982672303,20.68806324791744,48.944316606306145,140.65071322628646,479.7700512554157
1.320753300697887,21.697518035901624,49.27650123383252,127.61882952606244,552.6639379849963
1.358494486506563,22.545737733361495,48.17991994086753,133.3057611400314,537.546112210148
1.3562737675762397,22.16705349321339,53.29905869128299,172.1055105447651,541.065646117024
1.347066235297803,21.786665690447634,50.60563608020219,147.33128883076017,455.39883405966066
1.3322250816383157,20.881035746699837,50.22041881868683,161.10339228424374,479.18616132423017
1.32358853686587,20.678884083959996,52.18805048998151,145.1955722355114,480.83361408612416
1.3549703881109814,22.14674649117235,49.46859213246443,157.4866204281053,487.7334846064552
1.358672364860905,23.48001321577648,50.94929694354825,132.7104019380161,529.7873795956655
1.3367521585644875,22.35439981815357,50.76075494721863,136.41493808685544,560.985481452166
1.3209176116216474,20.143866104436007,51.22073417743792,157.05715647731364,353.1936370993186
1.3098154920114797,18.708655457424925,50.3245100725106,168.00918885864013,421.7745516043754
1.3157015373287788,20.073169371230513,50.47327471192452,154.05853745436735,408.8455975822436
1.3660674599486953,23.10503375241276,49.56449477299649,135.18323099925314,559.6885153275442
1.3210356242972905,20.75667542637139,50.23097874535907,145.0660138913151,501.5716708041054
1.3085349607491494,20.582234128285645,49.53974450815058,130.27064217975553,498.086038938003
1.3973990346547194,24.291358391102687,52.07979597255207,144.62940137732713,573.2022273433636
1.3252908371790106,20.109673804320163,50.141975834583874,153.23210176793174,445.0346146357057
1.3216638443832918,20.86032852355064,48.335761142813745,140.34097894880213,464.3021074693702
1.331640362634606,20.61620949145972,51.36573151262459,153.36626613982153,434.1057846342721
1.375113767930674,24.60247407720345,50.364765825544076,151.4731459402767,510.96408505267647
1.3451514835704828,21.46283416216343,51.83249172359865,165.53313835438274,442.9805453644164
1.3551890303035177,22.925499846429947,49.69926493305974,144.8664260982774,500.6578622340792
1.3389471710235785,21.126489493536596,52.569527928107334,166.61486971975455,423.9084458330796
1.3601260808335462,21.838159532383496,49.23346799050121,154.19140856156133,397.4346562485185
1.310608155365113,20.41376233313705,49.02554551372989,156.42490788815445,440.86211893078564
1.3272271276804493,20.768341377417812,49.81188911683758,134.55648595325195,507.7041134787518
1.3399145001033987,20.70985871203637,48.78166487519063,164.32909828889657,375.1058351522096
1.3587871892328347,22.527611036035943,51.05788239098065,149.89957442730633,434.45182835248545
1.2994050966688042,20.367570456951878,50.22355399659197,144.240492409902,494.21765973129243
1.3218706755914171,18.34186153354124,49.67947734312715,166.75977945175885,403.3225246984326
1.3574619918760975,22.710634070769107,52.86200866173089,149.91828632778254,503.18550047254877
1.321476780097796,21.46581242186015,52.26211473253711,135.68111228547926,571.0571882555489
1.3290960583116647,19.74335324479894,52.92543295773447,176.26255584488626,381.9772096506315
1.3129911744664962,19.37571890540257,48.41524412888737,158.34092944902957,405.6119782287042
1.3554939093258034,20.346180214806026,52.87460781307907,168.10840069364625,326.8363472419821
1.334458299239513,20.447969889859692,49.77144273398663,172.93983504184456,468.7586093563696
1.3596354699914075,22.306272436544827,49.91999638577477,148.72363207218126,541.5716886981535
1.339218970394501,20.379717032296913,47.78776010327641,163.6518442022806,493.0174348964089
1.33039356654287,20.374944356263104,51.07186200587035,157.94542464864696,459.96627135526296
1.300971870308493,18.747903677400608,47.36962427742639,168.42044879954224,453.6990398623795
1.3252944383991507,21.163503281906152,51.703561428126804,143.2183198966933,446.19109188061515
1.3551510377234735,20.353455810313367,50.00126511822836,156.85628161725998,395.2085708917837
1.312905349975944,19.834582198709782,47.21106010628884,150.50458666026455,332.3421096839951
1.3053492551436734,19.473172551736184,50.26434682515418,156.93275500400267,445.68453754693184
1.3305365318425024,21.757384932648478,53.60445314747107,136.02041559098575,467.6720369957473
1.3554102612992187,22.096446220904873,51.25496837740132,147.87285223839825,379.13436103652333
1.3251410245077142,20.332585501885397,48.59770590134969,159.63069369664163,471.95606410494406
1.3173048285076485,19.952152821312367,49.49548702366284,163.67549091937533,509.37718100154694
1.3602330229258648,23.760346969892574,51.29391306171747,137.02338568367864,557.7660690242864
1.2848475403736737,20.02387776655229,49.660355543663236,134.4216998712245,529.5480675085255
1.3198484450999561,20.944729135271626,53.41870658210085,143.6264216684345,353.7342161278185
1.2979381841084723,18.229698902201545,49.62816798197601,176.3097210053264,378.8013884819373
1.3835101896236335,25.16222281548772,52.74682530339919,127.83804301971587,559.2212477384061
1.3165733463764526,19.797878690015647,50.01734502793954,165.40476131910623,485.31936928150793
1.3376316923920724,21.00422276244903,48.91565589976531,150.01243611691388,454.0700240966296
1.3338420025977262,22.36587856069645,52.049720415025675,127.28386967916305,555.7331212469583
1.3232443770959368,20.65541584777619,52.2512800389796,149.57473436391587,466.2368317619286
1.3305153091941098,21.844567276509785,51.256033116881866,140.77270289524378,472.2169941956509
1.342967316344896,20.91581621929046,50.14670939385363,149.07361955692835,493.29970278068424
1.318440621840531,21.05599942477507,50.557137644341665,139.7130985062047,512.7503220936244
1.3495622177705913,22.42621771424111,50.321769787175214,147.37370645761885,536.066468822494
1.3386727686959277,21.42076584779863,52.531198712813875,145.55467165696246,432.33060865809915
1.3151130516429008,21.51322050937544,49.748856781507804,127.70886915261602,547.801884114363
1.2926710476296237,18.551131963469707,48.755212343393666,155.93574527338717,376.95440931996353
1.33295136563374,21.357715840738486,54.87703414104284,142.3185010021639,434.5237797505817
1.2995579935070432,19.204746047938237,49.28594169640358,148.14811364777404,414.3877351363628
1.3427492975078366,21.51614432725419,49.303178168020374,163.57733926391262,556.8114476201017
1.3254438092804706,22.027002932671678,51.78340852233723,129.72043661762103,564.6567859634495
1.3459788157713937,22.006725596996038,51.760393097818266,148.97550082651128,490.50918238203786
1.2850239050147838,18.382925678503675,47.64322603178602,144.24997921452152,437.4680501550728
1.3121156430457266,19.53860929107582,51.589291333580555,160.88557791883585,305.1294613016562
1.3186384661456156,21.085119236018567,52.179131143073654,138.21354040911766,506.3035620996137
1.3241583531667906,19.86052449191234,49.941688072746665,153.03388400624948,422.27303937628966
1.3441551193320764,22.7198730444881,52.87951576303266,135.18910204780713,494.3910259722292
1.334482305456893,21.514625286050993,53.15212804178897,140.96026684596512,486.559889583486
1.2910577377008148,18.110770734864108,48.748268758421155,170.98092600807504,424.8774926330458
1.323525590428939,20.120306229339388,51.31922914394733,158.88198265363258,428.8111873001716
1.3394251857217083,20.48731772450037,51.57705090913463,165.06957362596336,470.35762314701503
1.3098916256704525,18.585340976469187,47.71416626239358,150.2314961349147,406.3272761477246
1.3265769453294702,21.484527172450015,52.64386533576477,152.9311813009286,540.2196682479016
1.2969398058184993,19.245946280070225,50.12416652951086,140.0886481248872,402.99557837276683
1.3559113116854296,20.992374512634722,50.544125192373876,170.26171753918788,390.93104327942706
1.3491784944749108,20.654902777864635,53.05071157775149,158.09761897266986,386.94105712221307
1.3275141122242164,21.342033774549204,50.736476405261584,160.7628218200614,447.6289775324898
1.3308161653014048,21.174609912529412,49.52788275244301,144.49080882621502,536.463277139603
1.3297766511209628,22.169158444904102,51.32502414780018,130.38286290118626,482.50563129022515
1.3827600222737713,24.03385920661928,50.72005161563444,142.6616315947398,497.3860792147404
1.3397665566398356,20.538058030757433,51.70673953430693,170.350011519983,413.7088409949875
1.3398967706231117,21.709835537651077,49.61686213034533,138.04159264308552,498.681061875981
1.3430993232738626,22.00693996115937,53.47415624218383,164.44348092707438,502.24862724156355
1.3341495768811762,20.2418394798141,50.3816113043223,167.86852115611853,421.83845239378684
1.3088690741203077,20.057917924955696,49.99087241442215,156.21616192459476,449.5822640136354
1.3383864603459315,21.055993440273387,48.11714668617429,154.5283612289825,483.1145035312901
1.330952829425895,20.602183211355825,49.94448573994046,149.0361136141408,424.46758697159714
1.3457850905664794,20.52081926903442,50.102394343992614,166.68745344977322,440.3354903920453
1.3298982957845003,20.229918537113765,50.90536039279557,148.10434575242869,437.26606201224445
1.3194658707569162,19.215587078609317,48.80228049261926,169.17183827917887,381.021272915548
1.3564007182871824,23.885069245599702,49.13043367311638,134.96933993337404,548.8005592945628
1.3340367055377962,22.90036716812056,49.55367805774411,123.38398797104426,593.1190915161453
1.2961489590173811,19.330916161987567,50.0510674243846,161.0697950227979,537.253902430271
1.3036876760394769,20.46582019216917,48.493755546703504,142.0710639462141,522.4567314969613
1.3753513531570563,24.380480839677624,50.006956571646946,142.7156173232869,571.5167742055914
1.3595112403703276,22.651147445006185,50.24034994361541,146.8803429317381,476.3504030971336
1.3457265675706664,22.224030606438482,50.29402503196675,120.75037666435064,391.2268986986626
1.3339549689740173,21.84512172222586,50.729476232314525,149.82053913345004,581.1250420609994
1.3296292240683298,20.363730950779026,50.64234486398525,169.75449625564107,473.9629460021874
1.33907263595873,22.78445195396041,52.93238729084427,129.16189699993652,502.96011919842385
1.3274978601333307,21.33626937836752,52.03692315437744,128.38924713901315,441.8573997342906
1.3331885949885631,20.720926198360477,51.85849746584333,151.11558699410347,475.0148148182436
1.3313274945461369,19.169902903902784,50.65466572515455,170.87220262727217,346.27984038278026
1.294455599173773,19.277166224150882,49.29998091162079,153.6602725318205,404.17851907712867
1.354329132442179,21.108414110326454,47.76302892277026,169.54535421332056,419.90671702926227
1.3258151624343655,19.424300302144665,50.27318879847433,166.3012538422738,413.0896489381846
1.3413301122560428,21.671459926733533,50.873090480264544,133.4530919409053,514.8068002550251
1.3461996174180908,20.134145801245797,51.48282006374933,167.71191644934007,433.2912238663921
1.3111154880817164,19.747914151045872,52.28878190077682,159.80489616150678,489.7512844371619
1.3162732091421159,20.641544463755963,50.95572262108651,137.2584538547738,521.7368081083498
1.3822651163345343,22.25733102827671,52.19208589266841,161.61851551501087,507.9196187696537
1.3592512448242782,23.141371181068884,50.86289366215869,140.37390718287898,584.7339885599513
1.3163399417512323,19.487351318794108,49.02097170517821,160.96359242642276,402.81355983340364
1.3147227212005885,19.831344578531457,51.53227561360629,169.78133048673274,364.95378570186426
1.3725930273418019,23.61460356714604,53.40160725946766,143.72102988122458,502.1453297787215
1.339975354663792,20.421692762200085,52.5597764228582,172.3228111618728,445.0409149661204
1.2824952625925121,17.66522200052053,48.76540243735546,185.0975926804939,420.8914145571665
1.3530784712219253,21.844853833338025,51.424267479687266,134.02510290624036,568.2199171839653
1.3683367259688668,22.452284508588868,54.61117618307045,151.0060382270184,562.5514671227793
1.2931474132427794,20.442536400855957,48.44757144771837,138.30314146146952,448.20936292419947
1.3415003062932933,21.31530815204855,52.227864306660116,155.1844252441179,519.9413889920855
1.3498215366265074,22.315531944750333,52.32227900550672,137.7134424875963,513.9113534524681
1.3192552486875169,20.92408706246109,52.403849335415615,146.49942738975682,387.4286487416492
1.3555823251049637,22.681654966825576,54.79763614125923,159.74068474234198,467.31351460553884
1.3068675570949937,20.84190994453113,50.289376743347034,150.29114940131794,539.2905001554069
1.3381645789938208,20.719534491807238,51.12300170566659,155.9701676740474,412.1663702064886
1.3049163031238373,20.151162090876554,50.673980418748314,149.80967285408155,428.3405651979926
1.3098205308385713,19.37236245894603,50.27454610341116,155.93413208208025,427.09598052311884
1.333077259033703,20.874455071181135,50.361922991649706,145.1806790381916,469.12220437091133
1.2994149870601295,19.155279477568087,47.522318649810096,144.04616657727664,453.69634734859187
1.342061258267735,21.740281764824324,50.43658918426061,160.95097299764961,509.6111141385454
1.3193721785115982,18.28846047082719,47.79817578612895,165.51543145124427,353.2497029010078
1.289036862278842,19.268090910947524,49.443237813227384,148.48923211463813,473.8575959219001
1.3215962762553386,20.071303344727802,53.01613923068364,157.99502926350874,432.52305038966364
1.3151881539029064,21.007335440032104,52.661335153602344,146.60958881832966,577.3173406026526
1.3227286841383448,20.48661047765874,51.340168729788516,164.63704656509432,433.99099450580053
1.34993909684432,21.173306756745824,52.601090628644506,155.90992826396052,482.61590203467716
1.31861440850256,20.26071432386884,54.136057603747204,163.0924407520827,508.03279883598253
1.345247871975713,20.982415658575743,55.63196988141898,172.41584906054553,490.02612821512326
1.3443789598704734,20.80494709126871,51.48998187881009,162.5293394500464,382.5309742874603
1.3156500259504054,20.128339037301107,50.616059698422895,150.37859711322253,437.6660669133062
1.324998672476314,20.05476009135673,49.44022786616116,148.49381815881813,420.413910239537
1.364213296623376,22.06385882748312,50.814122057483665,149.96969170569443,434.76165754681483
1.3421997517743518,21.90236562358821,53.3542975058248,149.398214316464,489.120175928607
1.3122058943062545,20.614881125781547,50.67556829665771,150.92453177635272,486.3988955804192
1.3344345826448019,20.650737587275824,49.57774168791922,149.90658038050367,421.87196996976394
1.3247677756728058,20.312002302815053,49.96091310606331,159.91211058109036,477.9505633292927
1.3467801459244422,20.015838682266264,47.00810470676963,159.85856010744826,439.21686136595616
1.3333360553379308,20.36673260218732,51.95797078723194,177.30990361493704,411.31570574986006
1.3555953021728695,21.97967962336531,49.913451502239,152.44147749137838,488.52618940704605
1.3267226458333161,20.74081141061025,52.280797422672144,164.10356209410466,431.7334841902198
1.3304635073283226,20.973352837992152,50.93706869803682,149.76800455328947,504.49637580668593
1.3357357951645774,20.972611605766097,50.43961344974833,147.06847331242543,451.78630576065495
1.3048743181713447,20.096670064398776,49.33578803365682,140.94731294673798,414.6685099525188
1.3435297649866536,21.6742372754642,50.05010704481866,146.53637357488205,544.7370849609619
1.3016545394788268,20.36510941131156,47.58714346160624,133.2669127202112,519.6505846594698
1.3172766872945112,18.467754759281164,50.09849745946731,173.62829562353903,303.4423746809727
1.3641242922022572,23.166700541310718,49.983960378218,124.84170305791478,544.7773308360867
1.344903076798209,20.799931212828056,53.10938490977054,152.94773476288103,405.66759440713463
1.3594742743214707,20.72231297160461,52.69337209122211,166.08059477597726,319.4648058621603
1.3386404627007018,22.28833893729579,52.185908052650674,133.08804178654046,541.169713672747
1.33861587093533,22.551846822238968,48.360260552376126,129.02240440839336,481.5852042038457
1.303492774656778,18.98429554441389,49.206353376992205,167.83878801079896,421.8470009779532
1.36153886511362,23.58810761884527,50.00064197827496,131.85024728169088,533.7370122433083
1.350572801759226,23.87999655920019,52.42843097329501,133.10036224587637,598.4221791662484
1.323204881223245,20.502365590105153,51.91466935556761,149.12651001882267,378.11494323414166
1.339655995089356,20.70854808213481,50.31133986646323,144.3125256855545,421.8155024502973
1.3457289319934023,22.06286420014527,50.3546496022848,141.55771362255396,483.0961432966681
1.299782963239436,19.043942396338057,49.652060032537534,165.96809758102668,367.4426344191329
1.3295209852521206,21.250892792683544,49.19026176411641,142.96203940441916,510.5609960522041
1.3687511480827723,24.461314929483848,52.541570674651695,144.70361851835574,580.446641684747
1.3445309738397482,21.392561640084917,50.91227273869898,139.90725028621017,563.4265286175279
1.3434604232343244,21.415604127186864,51.39438108368505,150.70294909236313,427.93630025326735
1.3320383355085432,22.12600591116557,52.879079460187356,142.23715537994553,493.4562480642974
1.3030857682675017,18.873311772653384,49.95521321342304,160.91397454826586,365.0443380887911
1.3290016934719597,22.100981586272624,48.09334051509004,128.55435188852468,531.2523497033314
1.338389659951612,21.85432870116349,48.73952296633518,137.08515266063608,492.0129035003325
1.333168180124715,21.068365612428966,49.46517663191296,135.80379558349168,525.7687675441812
1.3470805369595173,21.657598605422997,49.58557162966872,142.32501878535652,611.5570788517484
1.3181564592577104,19.21076450553866,47.51974663619805,161.34336644722538,393.93565713342997
1.326264033643187,19.499654138648303,51.82279641563356,179.01501225446222,420.94726365358446
1.3179398169053427,19.365414091374973,51.71365888247256,161.45151513204917,360.7020922369337
1.2944414390499406,19.196904965763405,49.016721939305434,151.04641041280496,414.5024961609927
1.3283021003049795,19.85068247439496,49.120335790963296,163.12037554342234,449.64582300892323
1.3259091283901157,22.070609067417596,51.85238530150298,129.23685992025216,449.36501040030936
1.3443712241870793,19.85420080831899,53.167916539091735,174.80897086656222,372.52474227927473
1.3247983150387759,20.54486368424267,52.22266945883802,163.30575270788768,406.70505084029486
1.3028601569329599,18.97282610917657,50.718555533520984,155.52599255450755,370.58340174416173
1.3267137196654841,20.889078072798934,52.03471841349851,148.77547807633744,460.2868939838398
1.322782528563085,21.255230630457696,49.78174041112714,127.3234322592457,452.6177385803813
1.308405326806116,18.84221062334228,49.3744355202168,157.93017517590317,385.0592455810338
1.3268752689030154,20.15815005933636,51.82984929759879,149.9785640986251,341.87905544309666
1.3049113911999002,21.158684120700176,52.369339726937355,130.87920704422447,547.6937226784356
1.332156512915633,21.0229061289495,48.57715716945951,156.271900313567,439.34819622238916
1.339518413986943,20.631926690781363,53.698018635594075,159.1944060659128,467.4953604453085
1.3182893459883616,20.091724811778043,49.341777652881696,157.65513847615182,385.3204529731126
1.3430263732056913,20.720202581286834,49.63853724533039,145.75762684088872,465.51174025500944
1.3233163503537693,19.966669630630303,52.90239801860892,171.0428870632436,467.9180353340793
1.3995872890767438,25.214892098940595,51.77399211702476,131.01903026281573,553.1695387275228
1.2968570886939537,19.957126187042178,47.83151459170358,149.06823472668196,498.34704994563896
1.3230052783050523,19.284267255538197,50.29382012486772,153.8555795534321,466.18905677843907
1.341565399316551,21.24679869538296,48.95624598237335,132.95120532966155,461.05667521321396
1.3652198826466015,22.97517915710961,49.768547282675435,130.8617621742916,513.8338142136447
1.3357883557413366,20.392753121325057,49.649339613785,159.57134964522373,393.330263982811
1.3254435267341207,19.681478490099398,51.67796529505763,174.73759123570989,338.7137686482795
1.3361257712293664,21.068040834387986,52.22914327696612,142.74322335214208,387.83030415572796
1.3308667926336961,19.829653469704045,50.77173960643485,178.37398644281922,429.0392777238094
1.3394369930957757,21.357036911553113,51.3218684762424,126.82520003327332,474.52195775141206
1.3183076185439444,19.280026532405163,51.6071717708117,151.53251184335497,412.3263475438741
1.3484685434205992,21.08778192672861,48.822631356101105,150.71604790005532,413.91268718563157
1.3647878740618615,21.873992419741263,50.80414272264529,150.42772479073363,492.9288789613397
1.3171644875138422,20.528359284412364,52.298096289088114,152.9897658439263,424.6731057591792
1.2997276888496858,18.789625111158312,49.557287933526254,161.59662107823974,384.65950502405684
1.3615981416543685,21.187858598728535,54.93199301068322,181.78064333235946,501.97999238136396
1.3208990177872613,20.416871773061967,48.94154809966637,144.76221481686773,419.82015021627836
1.3730675086408315,21.495880619634704,50.98037518741922,156.1530593392064,494.50937479763513
1.309630187357721,19.299519385342006,48.666900765918825,138.93915096332051,446.47697008642666
1.352520635007743,19.887030671304196,49.804047303107566,167.4514929217319,317.35224488476456
1.366303953472943,22.55882632088429,51.9808297312577,148.2104058902519,515.8506293055559
1.3394684080296695,21.0741342560658,52.260908216584504,143.89560390311888,426.0441154147651
1.3205177417727048,19.775685276321443,49.083216826528115,167.83045272226786,535.5916373214078
1.328129009922096,21.03339607659438,50.43820273317511,144.22127162275152,447.9948532415739
1.3333219614644058,20.13593501933562,49.710607694539306,165.48742707876076,414.3527141046471
1.3200334074925038,20.2090598771434,50.75458713595003,148.37604502123162,432.8796530010756
1.3240639186722636,19.48899953458228,51.89149939769534,175.4005901658458,337.8614522825677
1.3457750406394748,20.986223532254638,52.812143768549305,157.69363472980066,466.247609950463
1.3225621387624922,20.84668064888376,48.48863866389476,135.1429327836557,473.48158282693953
1.3131706324812522,18.839504171492578,49.15135473876697,182.1512666202988,377.8477459268413
1.3499466270655929,21.17342282092786,50.77596527975005,159.2765377749421,490.71659249678993
1.3333638129372476,21.700035041365467,49.708595543962005,151.83515941138938,508.2039724943117
1.309524093093036,19.231084409366506,51.269810656677876,162.38438996038133,366.93729300750493
1.3491451485012593,22.02110037392,52.525514091487125,144.31432179672336,430.82851882460284
1.3076431421829255,19.44675253999835,49.96117137155113,146.50008512151297,435.6254621843168
1.364853158744031,23.47241555317614,51.05150606705205,123.5221630224192,415.8285156167124
1.3833078402719143,24.757697488094475,51.6102051476843,131.93409209775086,543.9036327560488
1.3319997625282665,21.321115535861274,50.22940160357164,140.41095563682268,447.5197484620715
1.308814796305898,19.000608263469093,50.148263007708074,167.67674182742667,384.2387670527778
1.3356343062403095,20.663482117924953,51.47102229886398,154.0815699977973,476.7071128298509
1.3592949605521139,23.724002219247414,51.28619973458797,138.06766214637486,484.33730239780914
1.3063666843529644,20.205813652104336,49.260521386822774,155.20795360829877,437.045109697369
1.3315438792826106,20.858046523603143,54.72862925293427,148.5393683430897,448.6056666743899
1.354370145220133,20.723665373492842,51.70901545173111,164.8090211833553,460.3560496238912
1.30412322127729,20.11542992045019,49.93225165585386,144.54785587107483,445.31920775168334
1.355213983420951,21.40305632250684,53.47564038043165,161.5614363325933,516.3105208570732
1.314766609337478,19.87663325498139,50.61401296056312,151.59627113512397,430.497137779737
1.3167010330152076,20.72546896832459,51.595174713934654,147.99620061822705,446.0599337614626
1.3144915054175703,20.27137670067562,50.510760571273124,143.9572128802828,492.47797862575896
1.3453854778379988,22.522603205282543,50.771216716396204,123.85173516908921,455.7132634521692
1.3079099704597599,19.791508265425133,52.32029261045581,170.05012863926027,510.5084241906435
1.3329374275620058,19.669648188371877,45.95794167426926,171.11389895239589,443.031280829493
1.3003956756482329,18.75613057155591,49.34649601554489,159.24986740563196,412.3915932486566
1.3452131816537705,21.687825137169284,52.549641328514255,160.5161547505668,543.87921380602
1.3365918406834525,21.516595949857397,53.041315406647904,158.8151164061307,469.979521076869
1.313778339167307,19.22169839476432,48.53701730014404,151.51031560838328,460.2012882234647
1.3170509318319534,19.581680127258377,48.84486419473594,149.1957157506934,378.35913229209416
1.3554082249649857,23.10942097142909,52.45238088718525,124.44516866744532,522.0953992793516
1.351381723491743,21.97249832193604,52.991902078182484,156.49322138992517,447.3647536476433
1.3455847242034373,21.784390580279847,52.69227935846724,157.3587882019536,498.7920725896015
1.3426681817596011,21.02662145323304,54.002272195938666,155.83743012535106,508.3251774478268
1.309212160294997,19.598829599022565,48.078494792645735,167.32405417078672,407.72478370189583
1.3417834439398373,20.592346751126414,51.93625420976662,162.65168460480737,446.8291817676468
1.360897825441665,22.255941960018806,51.43291880220377,156.104896452695,499.07284630928285
1.2787415454265134,19.47458158815534,46.20761455322349,141.4461173029535,479.444214789561
1.3071009384024366,19.630392380948386,50.77713480834387,143.2823682480645,474.35772819481883
1.3259846551675325,20.501764169743204,52.06063271341288,154.04867213361462,415.79716061129255
1.3390635325811062,20.75064529984153,53.22696081099982,146.65978394435842,390.66866986440806
1.3258154452210968,19.837492698330095,52.15318040155755,168.09556883970694,395.42119839638957
1.3537405173857113,22.223579548393875,50.89045794219896,137.8922035434358,573.4176538278853
1.3165315537801112,19.023642684378082,51.52619136390371,172.3842460473015,341.8199358412955
1.3399340544021314,21.856774051543145,47.61681929060704,140.63111597779817,531.6613027280682
1.3384000588255522,21.03307887111782,48.233829117997956,162.08468666402672,401.76829947329793
1.3296947649151667,20.93360924743683,50.88630068571267,130.93182955559445,483.7492087952398
1.3630822451090205,23.8306450132886,49.54336504991378,122.05522878267838,494.5234964884525
1.3291023262752826,21.1075003608323,49.97172823804317,146.84976364633616,498.48554856396737
1.3182175139404446,20.6548699118285,52.190105512410355,153.9023155152609,476.7444894182922
1.3557195829428679,22.77174834735662,51.52660096905947,133.33357438588186,559.049454455615
1.3219211201719232,19.921842723842882,52.06392470430606,145.8342025863953,449.5332280826224
1.3128697492836678,21.158817240023573,49.62294279316673,144.34228220458147,592.6011613471105
1.3271925177395245,21.75465219294899,48.431717906893304,145.43565965219327,570.2854455672563
1.3347399664116255,19.30103423870931,50.882928774460005,171.77756141732613,374.80984151484967
1.3293274620856188,20.053362693271552,51.326620117471734,178.8910694833586,387.4911600414004
1.3221495957683915,21.255117689922585,53.26110186137761,139.8587307192381,529.1436053216381
1.330029895136475,21.526374238118457,49.17351333204317,129.83793049095752,444.040302783061
1.3493353564938917,21.978238834240475,52.883774001925545,143.84668464974698,453.6745400324346
1.3349287085770234,21.314141862489503,51.280402445995485,154.1741698444065,485.5407037321911
1.3256227684666915,20.128958079927624,50.98979270046547,163.99621922195323,394.0306904039566
1.3350101172540598,21.191840645262804,49.680100375315796,132.9157616643542,380.9776992618144
1.31200754519097,19.425360110469228,49.52781436872127,169.05267731554176,469.40820869180715
1.3269915077815033,19.881328345098602,51.475009642291276,145.81760252875083,416.4386329230637
1.3292363965126017,21.580957964389665,53.53662170043136,150.5937236481502,490.62303189122974
1.3435661680579356,21.853204615498562,49.928711421956756,144.20977180805303,519.761724956624
1.3972580453536896,25.578281398409043,51.53174013377972,143.85869512299843,604.9129957177207
1.291105444847267,19.572935145970476,49.08692520224356,137.3443454239872,485.12915741933654
1.319723020131209,20.280607100202715,48.99951741476674,149.64295939163148,433.5516702759253
1.333955689054928,20.351317120326993,49.3163559535371,153.51215765335985,436.8517487511756
1.3538049310665357,23.06961319344387,52.26965389318003,143.04873408598144,461.980689411555
1.2970927524373232,18.62230168548379,51.86105236421599,173.82392877009323,376.1405579323493
1.333101550765308,20.658115230695337,49.31549636438734,142.5057556566694,455.86018092442333
1.3049000872704166,18.30276536259729,50.39370600520388,160.07099406937078,283.5000308810953
1.3429670959976359,22.1023821203879,50.478311484834336,139.65009338342603,488.89530252785386
1.4117704772464716,25.374364528963326,52.1801650537317,140.3755198476609,606.3649704957415
1.3132903595548215,20.079728358487365,50.49870209113539,155.30653372800796,456.1729282164938
1.3312710885514265,20.220250995522548,48.79271328957623,166.30599396036962,400.13259257798376
1.3287070488951254,19.79792013528674,50.54996450128658,175.8521883393383,387.6648288391358
1.336462932146069,19.973492150320453,47.600011194308316,161.9857543184969,423.7226743966738
1.338968722611481,20.105442081141433,50.638554447059214,169.02156327801134,463.2242291746809
1.34395781107631,22.282126501977743,54.58249915514996,140.34870784408645,464.0925727937001
1.3426413176098557,20.407361405601854,50.608365758624515,161.52653676901696,398.89852784043575
1.313397209080603,21.493228646630474,48.76624342362367,135.16584399441527,509.7424178691179
1.3377610792619716,22.06113485458379,51.90493656854645,134.00499640668303,502.8811082661146
1.3703189000076208,22.294005524488465,51.109357472273,146.1576580727463,546.8144363994794
1.3577159487489219,22.269694298757848,53.83765490380072,141.76409162065727,498.30278154885355
1.3429712091638524,21.225504690339456,49.956079663300216,151.03427608171873,527.7530254356658
1.3222566564138343,19.597245985110654,47.925731623504916,148.72221566951274,457.0114903082006
1.3096681673928385,20.416862563134913,48.08672524745952,136.3447396241448,526.4230009494901
1.3144197626883927,19.815257756779886,51.45603064358112,137.26980859353756,426.5618858214697
1.3310848134858355,21.055526045671257,51.1658180540657,145.18901981939229,471.4137716845852
1.3203602156456216,21.52439875751722,51.08104867284458,132.48046085043214,491.55697595030637
1.337884837241955,22.104326720001374,51.69272581706344,146.51680136515958,471.57298716103816
1.3559968595146568,20.94755411998665,50.070865238321744,174.41768831399855,432.4889872588039
1.3243056442917285,21.020674359522964,54.72209799385877,135.23541172655177,466.20507660551857
1.3033707573161388,19.510362080065683,50.49308479016372,155.40332759488086,485.68101308650887
1.3477111342597823,22.965830880011012,49.25239929932334,130.2753780280985,515.7662513727737
1.3474336971551337,21.494390980621787,52.30883862095485,161.75630605057538,466.8154308025092
1.3363565740718197,21.270435150594274,50.52153636086654,157.4739202725118,424.4836374456332
1.2955700041625005,19.98464307409368,47.99826580218754,146.2986813175632,486.94352806873223
1.3584530441048972,22.094422601044453,53.00436963254727,153.3543375281842,426.2819137116711
1.3378522966634887,21.58398068599213,52.18654546014844,143.6694202941214,507.57182914869935
1.3293375103753753,20.011822872808267,50.22186369660612,161.29154227538356,466.6307465574205
1.348055934396848,22.396687478576407,50.603190269887946,121.20541367360892,434.12695906286285
1.337621528881119,22.39150620633389,52.105476296443804,130.1022961512461,536.1100201543463
1.3364411372003386,21.840517057268013,50.30727847616972,131.5428513126591,533.9752222974712
1.3589229328251415,22.46610971790777,52.7556981486047,125.15628364296963,420.11202818410237
1.3340754545919444,21.163992164236102,51.56880593216608,167.68706622386952,508.1355429197473
1.335246415705059,21.488176977494362,50.885304044550956,143.71656623778978,423.702551994782
1.3336841565431181,19.83735302190155,50.490184313554536,176.32205661890856,436.68528673430495
1.325461256871715,21.374499962439316,50.079885997593564,127.83736609696278,461.2759152633869
1.3143678566550543,20.674485596897597,51.75489243431027,146.53400296808803,498.459064542501
1.306361552435933,20.546050708420836,50.40150016879905,131.86299293611077,480.7515267934639
1.319766869383272,20.043906931135147,48.89734817597462,151.51381723045648,475.3682171228121
1.3309112750795968,21.74585589207579,51.325237515445885,136.0250850779501,592.510179893119
1.3188539327943065,19.81396099792089,50.098945612123195,166.5265033811628,441.75945711251586
1.304974712441846,20.900596806251308,49.859198803902586,141.2151870458706,540.9171752624097
1.347279249391045,21.159348219975094,50.68402190825808,156.39904734576086,446.61609084209874
1.365041525492187,21.64290503228428,53.19814465456882,163.09006195790292,420.82926352993945
1.3532279988534712,21.941223901094528,50.977118639472245,140.754522661816,525.7746158258493
1.3318507358489649,21.3826654484268,50.74737572917084,147.02394132274392,498.8625062302106
1.3161498678971009,19.9651254502819,52.99357499145125,162.03137830187924,519.1247289688199
1.3698038208469572,23.504273282441872,48.46808380224963,135.59794630917742,526.5092247321707
1.3579419858882087,21.463549585324653,50.46454355568674,156.08157173806663,501.0583901958111
1.3226307704349574,21.164963345219824,51.91010789632134,143.77081824335195,417.732074775542
1.3259384040763846,19.68822300870498,48.72033819508911,168.705692965264,443.3320931273184
1.316249284773677,19.63456978885936,54.48614658560236,166.17074916438312,390.2377998225
1.3412484415325114,21.964107782383685,50.2204060321587,141.34651369469535,501.3331205187891
1.3588296477398356,22.145709832742597,51.5063896738027,153.74475075891144,466.3127231615031
1.3488670846473192,19.99351964627531,50.471684656915606,176.0929864542863,436.34085751388614
1.366530143075011,22.236886891794246,50.22066639784523,146.287701925226,431.32036629133205
1.3147823881345508,20.823768850527646,52.190915577915206,134.14893748139215,486.37318443540534
1.3182413408331781,19.539512047530728,50.82283367612943,172.0764362246806,470.20846242342486
1.2986991283916631,19.57288294233848,48.5951912385622,147.9926924065835,426.5595688532917
1.35340430966599,21.02410628325181,52.770167910121835,168.51278131876015,373.2173902084884
1.3194995910462222,19.567069091873442,52.24091411710547,155.75062565169128,382.0879877012854
1.311413403483366,21.51702767215782,51.461562653316875,137.03619063138817,424.18586992038206
1.314169309677506,19.785044972761092,51.844662932645676,169.9797619420471,367.78986812450813
1.3252779153983498,18.83929075614972,48.87265143214283,179.46851820061207,306.72332281721947
1.350568770334738,23.873724074995195,51.779691056319784,122.24534469285764,546.0581977323
1.3298507754755313,19.703339637165577,48.89327167377348,158.6631210449441,433.9904906938685
1.361114820384401,22.939966158331885,52.59933303723358,145.58806416170722,507.45013573727334
1.3140670102073198,20.380756157534837,50.225705172173676,166.0007688881268,497.4686760416226
1.3346930817507043,22.015651398199847,51.03217000171209,133.72936664163367,585.3457667692956
1.3268567727507454,20.37048223441682,49.34038480059065,150.81356195041533,343.98993589344644
1.3718193603608428,24.043804058553192,53.847637965832554,134.94932914956982,626.2796559324545
1.347671882493737,21.3674044060604,50.1800169414126,154.12761124799368,514.6364815372056
1.3308338270063402,20.937649663189504,52.77774556662153,158.00573089049806,497.4864931170295
1.3147156940107023,21.18023823922885,50.111436535074276,136.4700902379592,474.73973113393214
1.3102099309347714,19.191620371744577,49.19196570983093,157.40847951913725,399.7874910634137
1.3279991124197443,21.770176125876695,50.23110253522915,155.82490204965393,438.2427895096282
1.3560117356725052,22.226812904359683,50.67263584894351,136.61253176045403,546.7944339351508
1.3083870727246254,19.861860269099363,49.879229802075855,143.53491952082413,514.5014806592806
1.3140652905227321,21.662700477435813,50.08397920342367,133.03849062652847,538.9121515450217
1.3559057248029198,22.153984233523644,51.881190550666595,154.2503328194319,401.2374042293402
1.3145102348952296,19.604150484443345,52.47480627543511,153.19464864462574,492.70496766839113
1.319219110667802,20.65228279739573,49.605575704810775,149.77234768154779,566.710225998825
1.342491318206062,21.177711688553813,52.12217824253144,148.59501339406305,417.0341278164943
1.341432001492077,22.195880322626294,51.998254999074994,147.3730922806301,443.7263278790049
1.3220443838677656,21.609222760463624,51.516988172115184,146.9530830262313,572.2260122346332
1.3371254635706245,22.537147861495612,51.92769668758436,123.87497939610579,620.6342712755797
1.3163385585854437,20.347699977831773,49.1600966289419,158.18214436086032,473.62706597204067
1.3145766210655476,21.429108244166155,50.38950791438742,134.84392175167787,465.1469940436205
1.3435274117555025,22.246386695922176,49.28611661232297,144.60275053993794,426.1819946598347
1.3362398189809697,21.934479910382116,50.51421799872876,139.64941965455213,497.3293014655079
1.3539494989429768,21.931439920968867,50.43452114061165,159.7410121226418,534.1510881327191
1.3366851412419758,22.741071158021516,49.387033957640845,129.7210551722878,497.8386930037371
1.3520585558653049,22.491597906965698,51.00635703819422,159.41864886712415,480.6447363907875
1.2958237849745027,19.518673974985667,49.97409059634791,147.22981344545565,453.19570280391474
1.3480879405698092,21.097727604778743,52.0904860659502,164.12732122366714,457.12340635768334
1.3329080440816867,20.761054705681936,49.95058674592102,153.78933991949214,476.0543747471375
1.3241829334412476,19.688552020065465,50.334632730418534,160.7664097336713,394.252229019642
1.3199773942514028,20.340730766737067,52.95905264581881,141.70731006845827,472.74573323811205
1.3519829966546235,20.461631708279786,52.18286389528769,178.98324982484618,393.6807523340933
1.3396500885303573,20.1223688212335,47.18204783142452,169.20684722439393,438.4627070294424
1.3780030840456838,22.84204129381766,50.484289536424264,135.10223317282055,504.37948825876197
1.3400800814215137,22.19785124696779,51.6890890410412,145.17700773876763,501.1751270781784
1.3457160755898012,20.70740623598812,52.13876885412404,152.6495517570801,418.0294305654983
1.3224514948650934,20.707018421701008,51.265649882071436,155.1152243291523,502.6616096161181
1.3220996151692932,20.808792702696962,49.23685495504503,141.62676707911783,567.2804483530313
1.3400770159072115,20.718478139602503,51.30827062530175,169.90206616003627,446.61790792331504
1.3381347074391572,19.66159889766118,51.68345787349397,164.98155680979755,345.67544454072504
1.3554714307829465,22.987124926423665,53.13906285611871,144.45482405425133,500.18188348941646
1.3360077737054377,22.18299641121513,52.62103722695477,140.81449545066567,494.16568071781364
1.310570498666219,20.236658151069122,53.56789777272998,162.9756142778333,470.8617100368041
1.349508955869572,22.600626435503273,49.59266134236558,137.18221359908767,583.8465747849895
1.3234740444464932,19.665928758720987,51.445331346700335,172.78378352909027,364.0935921399542
1.3576294883813538,22.64652747973417,50.790511781263994,144.8083038509146,570.8859880478041
1.3239900613880438,20.60764487072063,50.76420592434841,155.60996444276128,488.81862659974007
1.324084831926795,20.288763710918538,50.33171094871497,154.42129134803417,469.7101766416863
1.3549481601868993,22.208940392474325,52.47291410519019,139.19802387105236,540.6657386722991
1.33062357675395,19.765172758535897,48.90806364770287,170.81255937062537,406.54686359406827
1.3002247670372868,19.30783569864304,48.671127131512065,153.2454935009804,441.2849702345768
1.3125204192296893,20.24702719838128,50.519963408169545,154.82054263575833,439.88873043401344
1.3280382623922127,20.506630553358434,49.53892102007611,160.49385129508576,540.9195134875271
1.3795799426996946,23.796727122377693,51.18573110855515,148.64043277409644,525.6066041994942
1.322119662793889,21.33941790746904,51.265839784349836,139.1105756035651,461.52679970021364
1.343891275326609,21.592805828963606,51.46500816650861,138.67260864376874,515.5609620529681
1.3321638283231163,19.879285981582868,45.64933759905552,147.86692031436397,398.25894415982515
1.3298813134669847,21.171407975143712,52.79367139104064,149.23030284302064,418.7104559494587
1.2858171753599257,19.08594193207803,49.99260526113849,158.41535763848077,383.47786792112214
1.3459446622448283,20.026306706402195,51.48552095516584,167.28643440603727,388.27530250706855
1.3230172195765588,22.470149138724686,51.14493814115113,131.36293264615904,611.4445670625859
1.3543707472688067,21.77864988657313,49.93708936161791,154.76776419719704,502.299657070036
1.3456775085114323,20.994399662693098,51.33282048841911,156.19783781506823,444.86450675929035
1.323460403014401,20.740603356269744,51.86063011531336,165.4190802138579,504.2836499334862
1.3136406747346672,20.876123559712195,51.487684204464834,142.1555969705591,491.35912338880223
1.3435667564139546,21.72450578356309,50.247388483946125,149.92836569311885,495.4376061402855
1.3387977213452087,21.285149715720664,51.24766454356804,147.64484889269283,490.6679786207732
1.3033402587000102,20.012826557703956,47.739592630063306,140.98308511241456,405.8339023636041
1.3277948216922373,21.179084489326364,48.62651254384382,131.80788518842542,491.31920010100225
1.3103873119461296,20.161824511411442,47.977875651598495,135.82195131736776,505.83654378901673
1.3443886849129074,20.396654999788133,52.545770086587815,164.02935411056308,478.3809248850274
1.3323565823192747,21.773350455155473,51.35966569474741,147.25757047912774,534.497146351688
1.3376533995100255,20.86867477146138,49.8985480772132,158.43257661833522,513.8256580729648
1.3329849912239256,20.957787002185412,50.07460409959814,141.66594939587188,505.0139633985538
1.3198051452879236,19.914758777872777,49.855545712562076,157.6342626702749,404.80925392885774
1.3203364800111486,19.83548765215539,50.70384019589011,158.01380849781293,416.9276093195969
1.3188212371931833,21.378662675467524,48.23744662858081,139.63915370104337,621.9933841307655
1.35234944765197,21.848026305243764,49.28757552409028,150.22180560324816,496.4718823567392
1.3247961990783748,20.867900015847326,50.53501194888442,160.2792639282137,397.1026253013825
1.3038862279860135,19.946939026392428,49.81379879733092,137.6889018251908,468.5969705601569
1.3195819521613688,19.55106220656423,53.6885568440114,178.229022994401,392.7334866303198
1.375328736157917,22.959314912472976,49.496387332892525,147.32737504732933,522.8272548504737
1.3368505652260716,20.52070013746478,52.36948465166571,176.84753197275347,480.17338768282934
1.3292874137245936,21.725351824308127,50.07760249612171,141.42903458112426,505.6995686649609
1.3688292830994544,23.880046161822627,54.12456865495144,143.97294515016515,459.7924677393104
1.3416414138722554,21.326918577027094,50.38535258124849,164.43780359427691,438.07766122651685
1.341433611992044,22.005233781538607,48.82414598724073,132.8355158288905,463.1604140146788
1.3348236496472583,21.171539228708014,51.550581436311255,140.7612256071637,454.12716593358675
1.3912835743740186,24.636466863576103,52.33958534973302,134.31186822508985,522.7526172211543
1.303746110982277,19.64949526378713,51.2358456208025,149.36969579403907,430.09360546476415
1.3114722600898971,19.453765523197653,50.977229615767754,156.59148890224253,510.5117177177919
1.3274331416101577,21.041740935963997,49.34992393451384,145.97908313431438,526.590382883418
1.3234495745539756,20.856147959603447,54.26707607079615,154.5586034807663,494.1866315841186
1.291534746343787,19.850475530980955,48.71571723861921,125.09652289984837,496.9758416895955
1.3407161088397759,23.457772609336864,52.38917663805239,120.31782214246596,498.3395447200811
1.3349416983357463,20.150725573403758,52.614364930898475,164.8431368621573,461.76196271861704
1.3057620326491473,20.611454829637175,48.48850206959613,134.05924582679475,448.8738725475159
1.304738098632034,18.405783368206134,50.338898965324,182.5394597041499,393.3231075935628
1.3451564279711237,21.20168590527933,49.23296882794033,145.9071986385332,478.4258014870205
1.3125515351606571,20.35709870184489,51.69662064552583,142.36369999661412,465.85814646214675
1.3424631437291659,21.37755961889737,50.8546964281187,138.08378339706246,436.2942907734531
1.3291573172226452,20.82159550895043,53.34529411577325,147.66088580657959,451.56235619648857
1.3674323802558208,23.02443752530173,55.457571256583805,147.79357577714015,472.0388640331293
1.3433898421106973,21.370865412069918,51.53871393423396,145.30296687398877,475.92103240680336
1.2952778873467516,18.96111485182491,49.25818588246381,140.45820462198822,498.163400154241
1.3278413399278988,20.35690427803282,50.86275920675825,156.383250736683,460.1660695881767
1.3122251385562052,20.40253447128677,52.65706622140667,154.93925863702916,453.75488122861253
1.3215084885052555,20.20327932082246,51.79741459819247,157.87798627746028,442.7991878046644
1.3180676364740114,19.700858598646516,53.36999882032901,159.41881856229492,373.3717116082876
1.3191748997052275,20.748224712820054,50.929001877657605,146.8787036185868,446.4809571255499
1.3350160358349985,20.892327867445132,48.0314101791286,141.12061989596813,485.08252361071897
1.3107743766909044,20.39912258869575,51.41284466881893,152.51021431783016,454.2214711608375
1.315933001552037,19.634121965156567,51.8762621361514,163.03430920745183,393.05688534497375
1.3147109403897734,19.864434414913408,50.8908335350523,164.58385507917458,467.5166081262389
1.3429731923106716,22.395239683590184,51.24548597552133,129.76971845606568,545.0808495494206
1.3288202847540274,20.543675843914894,52.488283811371666,156.6263334349062,403.02189601516886
1.302008332137214,20.217625576417475,50.0200552824578,138.29493867056684,533.3248170486632
1.335409290507509,22.36869504296527,50.89346915674047,130.9146061799248,500.0970642883938
1.3426744943280695,21.952333974883608,49.942458467679145,149.81909869372237,481.5570114481967
1.338244100682834,21.14819783202899,50.34211101031611,153.8243482294818,420.6992161809565
1.321360885754844,20.484276848494247,48.48672826137452,127.890103491445,500.0812014248188
1.3737489101749416,23.37406325686284,52.252829630057704,149.65210568682548,505.68040983315683
1.3361705619311675,20.556317379755676,50.46305164071869,165.2440579846081,438.2948990611191
1.3159625739832979,19.234175543602742,50.46500236670429,164.98843700112923,401.12762114112627
1.338439911257467,20.2777115168317,51.98212404731528,156.68657806165243,463.0761169243157
1.3305368176763432,20.58130550831006,50.51757520844689,152.22733691350973,400.2426266751534
1.2973493569433345,20.126443253051683,51.63536771350614,165.6215299580305,430.45149048273674
1.3055238850763011,20.000857578632797,49.07608791024013,132.46265204248533,529.2234844235562
1.3411086983065608,21.302789613945105,49.881903611146456,154.3969987431075,406.84865265007437
1.3443611311563446,22.33693582488515,51.22110332190095,141.52612112051753,529.480405006642
1.3025165231718439,19.648321772425117,47.923971483248465,149.6580297637989,425.65709653725844
1.3222537113656263,20.28184183406877,49.43209162233277,156.42909233587557,498.2962158399813
1.3455318395242557,20.428544807565757,52.078503890310394,161.43440246938945,440.9379078603245
1.3572564696930967,22.325598506914588,50.08626910288621,129.55903550407473,438.8784802868938
1.3703510128812226,22.68410705525378,54.3136275873488,143.4614592268594,466.6647907194694
1.3157789542827747,18.67977491823824,50.92343190170588,167.27067586855327,424.66702581331305
1.3081762252736255,18.400326041357445,50.61895368542003,163.49071900086483,359.72844627942595
1.318682691241706,20.33271466021882,54.47120216941308,172.15666743040993,555.331864957788
1.3774146677873884,24.02183651246805,55.43486687064757,136.12266193955847,503.6380116405593
1.34920157008295,22.359910095246452,51.24801447982942,147.5627905207888,490.92732167501555
1.3425006367066716,22.168189432397043,47.51569164668012,133.57313843344187,552.8597115229536
1.3345245537471144,20.966544787533078,48.09603920420398,155.84113363191216,456.6829145354615
1.3223215226807774,20.100252009349465,48.94028999562249,156.6598385745025,433.859887303492
1.3270180202277633,19.648316749386055,53.60213284306906,162.2919953985501,337.02204101144025
1.337441890115996,22.178521532929317,52.68179938444786,143.29971432789608,514.9759898282641
1.3428957090282236,20.77566859652201,50.622187042817075,145.14894445290412,508.90462189107024
1.326786055191206,20.946630437836692,51.732644194478105,158.72138012787477,439.0135066833144
1.3361068866590506,20.614215622346347,50.426280855724876,156.63142289207502,371.25727324634187
1.3309001182921085,20.823606234536065,49.01590526878053,143.28684922957717,454.9068168008872
1.328669191468884,21.21187824184002,51.28611438584107,141.4773605021965,497.8937042131154
1.339915959350527,21.364849969239998,49.553104294056105,144.1225017269352,493.2165254492197
1.3616115104266895,20.28640422405734,51.40953771949278,183.67753008152908,410.75125931042305
1.2770023814024554,18.312466411022207,49.968405613890376,152.50778941605142,387.98217202361405
1.317055850333315,19.912887123811636,49.098157109748975,159.43613055316743,469.4245195753332
1.3486803378340138,22.318189487227578,53.10165494550718,134.20969905642633,546.5017124989635
1.3012132336414004,18.4980919248096,48.96447615578473,162.62603035000262,402.91385474103214
1.3882199899331278,22.680306935481497,50.02159396609446,156.87144937773542,492.6989573237576
1.3681794614520448,23.25973583637738,52.7254816806696,150.4457893239654,487.62543972784323
1.3079327449051772,19.03333109302769,50.18588158886557,171.00003780928995,460.7510737844338
1.3234723568234072,22.341219475487506,53.14391634280363,140.58096885536932,492.55665337199804
1.3479470852232225,20.37662233700123,52.117018888534474,166.64505917614758,423.33295976134417
1.356771939295095,21.45777322152449,53.21906534730057,155.8493204169111,448.61931734164307
1.3218184856653998,19.823008951861325,51.87706401555556,169.53946025568843,412.5815121547019
1.3481755045937294,22.02741634761249,52.1601366861538,156.33437923440556,528.0014425880063
1.3525080411892483,22.03220163605083,51.65013949660628,136.63923677251032,480.3981662913095
1.3318164072788117,21.434909114226254,52.803853200193224,136.29234275643987,453.4169803246159
1.3258886931423757,21.07138378449155,48.00933791309423,131.0296400034097,493.8562953359251
1.3503867948586437,21.71887449231165,49.03068866306807,142.84895588337608,439.1656527926551
1.343371757433994,20.70498875298147,52.126169219386554,152.77428418643922,413.26747291534866
1.3423411475974016,21.741009177562546,50.82573187063654,137.59091187758568,531.5568116868766
1.3511921834011387,23.058743277472303,53.32288757495664,129.20977937419886,568.4127665193473
1.337733340024974,20.88483506050909,51.94586942181719,147.51564718686916,411.41568259654053
1.3532521738987064,21.671006902503905,49.713895661578185,131.24111364088034,438.42313038447446
1.3296325757586307,19.772032737905207,50.31215725952927,159.10393602491422,429.7769429355225
1.304342478810748,18.90729307050144,48.555182524916646,161.0450550149634,406.0591749283285
1.328714948128579,20.667692696981387,50.9035037337493,157.330451172185,509.19836393147796
1.3368663644597274,19.875019240171557,49.563867638173186,156.6614651590419,325.83100620898847
1.3322334024095608,20.116832946563804,48.599172154113624,159.76050582118546,423.7675643137963
1.3151703598745945,19.21008007016756,49.01197427469767,164.16278708581993,370.5742343352857
1.3204096458212753,19.584323677557443,51.89355730362244,168.0653628235047,469.14180106064197
1.3434113093942621,21.703102625842504,51.77056468675382,159.05630062874036,429.59091390750365
1.3015380786615158,18.676223027056547,49.736988966084006,150.38613196015257,468.28105318773527
1.3151099485308555,19.414501333465715,53.55519159624748,184.0268087705258,449.55762535394297
1.3712938559018455,23.088488634161045,49.362854850666956,146.69551518062661,464.36391653961476
1.327754202156072,22.124812939190114,51.68126085359821,130.1700099979315,536.2208355197414
1.3507286352375265,21.954607104161596,51.583311926561386,161.54289800675554,520.8714976665153
1.352220198653744,21.810223898599883,50.33761421163951,127.11840428405318,442.64785586078017
1.3454627882824017,21.164274710448012,52.959708590769466,154.99187452926418,563.5712577627121
1.325913088271733,20.62571089533956,50.17310869457432,154.06648538182316,483.51389450131177
1.3487474867348892,21.962778781141736,54.54019387231414,150.00523986604338,469.95499253821475
1.2865387243605544,20.144464098775988,49.50020826223433,133.469042250485,444.7766003482434
1.3597440543369874,23.086575799823905,52.70152365038931,137.8536404459821,517.139911859492
1.3089044706203627,18.91555716780178,51.07438648788833,160.15907708484818,349.6335697075073
1.3724814266331922,23.31656415264802,50.70179775689763,126.43923575230792,478.941275745217
1.328707262386062,21.599099610721122,49.890306851852756,135.30229092583602,525.6122316391807
1.3307248647718182,21.286233624883103,49.133046124439,124.92232089262396,544.3372888354583
1.3507888319431327,20.589411451844263,52.55154610467816,170.67997125872657,458.4363708975114
1.351540741525558,20.952679098470462,52.736244118391284,160.91513638000754,463.06507531488825
1.3264113999473652,20.854377238511283,51.276495611156825,148.1505241159047,457.13301109500287
1.3217840928003102,20.286605583143622,51.72106023699023,153.98433332108795,433.7632740856007
1.3276307332744055,20.542212592472843,50.5806548516543,162.05532530513278,500.18377374192977
1.3267008266327198,19.30938075219373,50.923506619894745,172.69225300636108,393.64913778660525
1.366977040180285,24.826975213513958,51.701360178130884,138.90271260778883,559.4296490858015
1.3315390091109376,20.82713548021047,51.11247298416546,143.08977235965654,426.08296427201265
1.312491635623946,19.546082264609723,50.70265143046902,164.8592686746244,410.118680182436
1.3583244890170518,21.779586962168608,49.881327329954665,145.04811631311904,448.3680857355854
1.3515088738000838,22.32394694043423,52.284448626111924,133.27784637167545,458.6038928906755
1.3542936159664878,20.402701100252898,51.819096155692584,172.03563030335542,398.1576247607569
1.3516506492721807,19.90908084171309,50.153568443199276,182.75093969639516,387.27067397370496
1.3351661195212718,19.95363791035718,50.975099828989066,160.27132598370997,475.1098411262755
1.3610672013967418,22.592221164502238,50.86793871258614,144.5537685723893,498.5239479996247
1.2892876764192889,19.081382785452213,48.263037536799786,139.14691859974948,407.8897246159506
1.303571569033689,19.42474479660833,53.09091397961262,157.56726769045167,409.8781171794287
1.2904188687310756,18.7702673433555,52.59714298092973,164.83481831939773,434.5784518320167
1.342854806044132,21.41912715948407,52.67919846363336,146.9988861279692,441.4371614838513
1.3230973048395662,20.172087874772018,49.76257901571977,159.59709188493338,432.1427059118678
1.3173451027911223,19.44833024928247,49.60760465008412,147.5272459879023,331.6182104443028
1.334777333380511,21.35644290312425,49.98044779168703,139.26793883210945,430.2285291293967
1.3477538029581937,20.808519289403385,49.51520802113441,153.55678683805698,444.85936814090076
1.358723242666893,23.17211836182468,51.94065558928431,131.28380212740822,513.0975686608596
1.3190963059756022,21.195101309961938,51.79234281639925,135.47816464303827,510.51355288034756
1.317689773513895,19.859960968697628,50.79853414079775,145.71476429217321,404.2271580395251
1.3656780745362522,22.738954216616165,52.27646409759811,134.4913000426416,546.9866691160968
1.3770318276553577,24.236975741642006,50.00289121219013,150.26374521650814,505.63657582812124
1.3395327024098966,22.40099591301108,49.6676589561573,130.69659874251033,620.6970238780149
1.3524355582660657,20.551694508784838,49.44001026838071,166.3015024687338,396.5881317125101
1.3178623523150672,20.470951654870667,50.90619056878864,148.42659506742493,448.00647289797547
1.33517536151826,20.27849203751439,51.83090501509869,150.79933865268413,386.82149970084953
1.3635353038551636,22.6914838635234,51.300747271495105,143.72710952957456,447.23790472912236
1.3745605928595142,24.350915919725992,50.226610139876854,126.51291157012022,627.0597335228639
1.3078907893867748,20.130037154044164,50.169512687204886,146.13678636035488,455.1347757977132
1.366423284141795,23.446454660254968,52.56356029496769,140.13661300503344,506.8161916169837
1.3340254703784056,19.982564964208066,51.97600425402414,170.17916752818155,326.31131704300844
1.3333212424011225,19.9882446960336,47.99779740168484,145.70575300703993,388.9728653068204
1.3296987590128224,20.69294253944283,49.24710121767458,139.68845314576765,442.16982995415157
1.3432581195394557,21.967953060904975,50.043013447992436,145.9634100640448,470.09369184088706
1.326772947477282,21.393599086596524,48.75321607162431,140.69776266882735,518.7701577546937
1.358302864161711,21.60037994416328,49.37090096743704,162.55826927439304,477.45515991643373
1.2897242390334964,19.5935931009469,51.7535636863331,160.02670273006333,488.7998858090405
1.3349572865412584,21.756692263830548,49.08862479990099,127.79310192810196,463.27055115525627
1.3470349658327958,22.57734140215539,49.507086284600085,134.8183283284205,499.36118479060633
1.3229790789033937,20.019274327638506,48.31546404063296,153.5777998260344,481.436999853323
1.325699871384145,20.213901928473827,51.45034712065135,169.46214435654966,537.917701780256
1.3117886282243925,19.30896016873259,48.39250600849209,157.88938016936373,412.76405517293705
1.314793206253261,20.215450411427042,50.96818124625328,161.5216467103378,453.51523454012914
1.360720120363594,22.604869790554453,53.29342362640841,144.47139320330353,436.576162372481
1.312402144948816,19.939504106959575,52.86527210202737,176.7334227379169,450.99612131382753
1.329157602167656,19.906177760379755,50.515477272063414,154.2210332943719,414.6341234304236
1.364902147164273,23.339238688136312,49.90802485635783,143.1707193909384,516.4304293997367
1.3726919970151923,23.984127639714522,49.8582621582227,136.8583071426513,549.6096160805397
1.3002295560139505,20.74600947482401,49.72365525651435,137.39701204214765,500.626611288284
1.3460693125561487,22.00410210379301,52.3111234645214,151.87697453313277,468.45561546380156
1.3298461378806354,21.118849185710687,48.23282808628398,153.20374149488154,513.9255655826962
1.3703634542578773,23.233657788688845,50.83752301421913,137.17724306783526,479.07530458309895
1.344527878535379,21.075878125352133,46.824166791918216,152.45966076909656,513.3320319321987
1.326457276235208,20.241017109353546,50.84778611644175,157.19587551082572,491.7138358111297
1.3660159660935407,23.766133968570713,49.166938242969074,120.1850689456431,507.90787837669393
1.342598969385511,22.239983227384997,51.06074192399928,133.05213126240818,547.4237729783512
1.3772293205914226,23.812953857570587,49.936812000914344,138.78415899764784,557.0974509469369
1.377928093930944,24.032988443852066,50.36058484930311,144.1416342637475,579.9572650935623
1.319521468851305,19.63029768857479,51.91902816463511,163.03492698293397,440.2097170906695
1.3792468758582168,22.845389612427013,54.32481755310944,140.23655329425338,424.50122216935324
1.3288321722895955,20.125984399142396,50.9881324388742,169.07277462126936,476.26494631636166
1.332943678086836,21.18457093047181,52.47385596209737,153.63983092082537,507.5587180593433
1.273419528776228,20.774068547351238,51.102780718586594,131.71052168146832,560.1302707095621
1.3270265981267895,21.34317836639782,51.7609028458526,149.9088504539676,435.66601681050463
1.3272683369249734,20.470444541457375,49.73096120979015,154.1292511519379,455.87529963737603
1.3292973185865287,20.584282440026737,53.361642848400216,154.59959416106886,421.77892377260855
1.360083813210136,21.828526961606975,51.38620956917189,163.08368866096777,486.62292830602183
1.3558098519636186,21.789456436609182,51.33386597358352,142.4972476225199,451.94766801602464
1.3458716323781654,21.321519141426897,51.84924389450025,151.47966115138715,499.81786927833133
1.3085775248353313,20.330014841768172,50.209252837560285,152.22627107363448,411.9097372645226
1.353465523114357,22.461623801493552,53.810571787841354,156.8947165329168,505.6358461498123
1.3301756706235788,21.149695594031265,49.45318107863501,142.16290527043142,497.6016631504298
1.3764512192209604,25.298168725469743,53.383188445349646,120.1971522763409,565.7400711684544
1.3246202576542156,20.421946912095365,49.34076660072629,146.24438139707823,411.1930559628628
1.3397295053278127,20.962157901450833,50.407937088558725,153.70467503816894,526.3138464152898
1.327924019584396,21.510599947918738,50.52615699905873,141.49588081797157,453.08442791351155
1.3517593850341045,22.335385987729502,51.30991142502444,127.81680387353916,502.30923062494554
1.3306463055755717,22.007818141852173,53.18255816460325,140.2839300423629,553.3315371196886
1.32113548492099,19.219310170388887,49.75214275006483,159.78288478914257,415.5823007807913
1.3341014572274097,20.120642099040765,52.326386097461324,168.61439693161992,365.470171307575
1.3419317470273946,20.614854152418992,51.21355181978786,161.5748759127498,426.64183290421374
1.3124057077649645,20.768579190394675,49.838846002108355,133.78028554621397,461.93317015501935
1.3157243258630298,20.598737268226795,50.42236454603526,154.91083353110952,529.2787728574875
1.335973704131836,21.372175436507757,51.34585483914052,148.18384102506351,477.52312816623476
1.3012754475834785,20.07886909876548,49.11816482117339,128.94198900485256,571.6803517832534
1.3568543121049388,22.376018462667833,52.35311681336208,144.99268921423229,434.8787967500879
1.3495647506545363,20.23107421495395,53.158683525544454,167.96707834853885,451.845557376818
1.3113693177320607,21.164324431045635,49.519645576482716,125.68185318879921,466.69737248924093
1.3047948008041632,18.39365502668622,48.1103617585476,168.99960680017583,393.1532474061585
1.328486212274858,19.694893999216816,49.62797176340879,164.48996596740486,406.6659852201157
1.321390276299503,20.5577348134657,51.1068458378115,138.88540062409405,453.45926681265473
1.3003009983480758,19.309635819735682,49.6619962756119,175.04713474266433,467.883955292963
1.3459739365427166,20.754985029279297,50.994540939435886,168.4074759185467,401.1973952859068
1.3492767597622939,22.16942038279087,54.10320682856951,147.38955949973112,527.3898149975255
1.3391077402854805,21.636558475133654,50.93499437842157,150.00291281247058,500.6724873103771
1.3190318545727944,20.443148608130645,52.19222662406735,174.34167476872005,494.58069365964855
1.3114196237082678,20.97448686449846,47.69608199424194,132.3926354041261,466.23707444063905
1.308865065878189,18.985740995275552,49.8855781667843,170.49239668099074,376.72492474508743
1.3360309945698434,20.10386334187843,49.248485476110076,171.19901553270054,347.91492273552865
1.3101275378956059,19.968379392089233,49.47555736832516,145.8550747850747,492.07619613372697
1.375573257357683,23.158362629300953,52.464633538405316,131.9825309219558,519.9450775697894
1.285291517976864,19.128899562865843,48.80919379267075,158.41148319000445,453.7840488663178
1.3404245717444834,20.1329168867499,49.993817335615276,155.73225427930907,505.95888129874936
1.3383760617829459,22.328905806583187,48.56740021306199,123.6244242103521,549.952100541821
1.3525507715726266,21.544140926347076,50.36207028002475,157.4809045846965,447.63506096946656
1.332561335608582,23.382125168922144,51.735967289772105,128.15455048004816,629.3459863306052
1.3320381921083846,20.083518336082186,50.4009837384741,158.8294867168158,430.7288561304995
1.3469814717463264,21.215400410230455,53.49703691835674,156.1853973411519,474.81939587288855
1.351678859799971,22.426516270420514,52.36709562407576,152.14496000044687,515.4140795973492
1.328979618570179,20.255258353384125,49.244729485648264,159.25290796558352,396.2504801473552
1.3646856966936753,23.293405206863092,50.482142450268285,124.60323919940193,450.09486502594797
1.3023662456475933,19.891966114682894,51.261574446093675,147.29364217985764,486.7778218501678
1.3522191498204317,19.728623730251943,51.27250768612814,186.27662093229253,421.77852515179626
1.3231590648955418,20.452060608561304,50.33922766602479,156.183682599367,494.46775910894564
1.307667934084501,19.578625764380305,51.264256553591736,148.94669679085547,445.81058190014335
1.289302039437402,18.682975217867277,51.00874714474336,174.82894711259237,443.7124724818677
1.337797099230508,20.489037917203927,52.430088914540605,156.85397174441204,454.24156646775714
1.3546898646261638,23.07901639335861,52.00950701708177,142.55643461673478,503.8518531606085
1.2993176204646175,19.206104898662034,48.570133409708085,157.4678599166633,350.96809297346164
1.3528598191927417,21.66299992764935,51.68299073808502,147.75642909231794,420.3314079892906
1.3314131909406548,20.33923111516527,52.72152205987276,157.2818514470647,414.95828507363495
1.3782459695895257,23.660343568002208,52.8717167938454,131.85992205118055,516.7902152489341
1.3616531469512103,22.304176762125163,51.4262046927632,142.99282675617354,515.1495964265785
1.314001323245165,20.251445668256647,47.7501671719197,130.8951427453452,407.7240199938661
1.3224860110408259,20.336202030655762,51.02769714469216,172.97782745110587,398.2561192577483
1.3205789243930264,21.478220532745965,51.08108283323155,128.70772699314782,601.9278533536802
1.2959283301904585,18.74028674272885,50.91623577195647,167.37057001112854,409.32936459197555
1.3321055235550707,20.16091197486587,49.002976942630696,155.95946475917822,470.39418050912775
1.314687586421199,20.713771368916074,49.443086357105216,140.60961890027977,449.7279862779437
1.3160826122568299,20.979045824360583,49.829847544721304,144.48070533706576,483.1207276011618
1.320231011917259,20.18158234838636,50.220525586198235,144.97765704947136,494.7303171747993
1.3539051390812713,22.448157923305764,52.68662183999939,152.11255341341518,474.2633601534732
1.3264869426268346,20.458374059465463,49.842565381556476,154.6353518414311,431.49610133496833
1.331814472344199,18.462224470363378,49.675224943668944,177.60552907474545,290.91786481057704
1.3161746162340304,19.61733058003065,51.61450773583377,165.692396497892,424.74349292956316
1.3186083595394806,20.089457236345698,51.42085601168848,152.70068786137142,496.53067930449953
1.2926787484658224,20.02310880760372,50.51685170770778,128.300734097261,465.6620499591588
1.3422275434770055,21.176703899451006,49.410221650509556,155.2974350015757,495.4627363383555
1.3606521062424368,23.70741563372318,49.823529090515194,130.40390045085215,559.0921225431094
1.323287672077674,21.09935879406389,51.478092431188344,148.9410263475003,554.4112812707409
1.3626899328650672,22.577192113793487,53.36220996495679,154.8059015459678,444.44510160062595
1.4045098773826505,25.09155482060159,52.606785054318145,137.93279465785616,476.8947405251582
1.330812161125875,20.039157171741074,46.48883444910405,141.0499312492177,488.9604044179743
1.3400365822377798,20.945873604160425,51.67552085608237,154.44402798383507,383.05198883752763
1.3268554263180024,20.71730911877223,52.96838487195356,148.6885870632436,481.6105092726144
1.344313247511501,21.96905081115058,52.40062284855865,158.54658968323665,480.70340822959616
1.3170595912034253,19.60028932747419,49.55069132574509,144.281091713664,431.3366916141551
1.358344217799851,22.29143370278199,55.3210236252933,148.09806759126639,472.46069392658603
1.3436720842122156,20.85021555559734,50.69637898080845,157.395282631466,424.8312438083618
1.3131992567790376,20.029282379379858,50.38123137466452,157.93309169378745,487.53228162582616
1.327158832404037,20.733396507310903,51.14635290476168,152.70972137572116,466.66981323510413
1.36355815953327,24.34570691734659,51.680925946733296,125.55236722968583,564.4700809707514
1.3038209280011062,20.653364724230926,50.314105800979554,137.31247612154908,564.2337665779571
1.3480897971434722,21.769972519729894,51.764117067595585,163.0726661133615,489.247413834627
1.293764640771594,18.574490272865997,47.560088490149546,146.12802999821713,364.42263388059024
1.3156541687249304,20.9627113788276,49.79552060283912,146.61237159723427,456.2969780654422
1.3590685177980917,23.251795876120084,52.918546137626876,146.93510514549698,526.7115273467564
1.3286474889581612,19.981659546055877,48.3575946780577,160.14067903180944,388.6835890893585
1.3697672384035093,23.77527950813492,52.33317865398091,133.55089388123204,537.8369216347123
1.338540939726683,20.50363618130613,53.40043203476484,165.67139993171241,384.13938259799676
1.3339127742512675,22.03244375776729,51.095649110975806,138.164652858553,540.3152395038315
1.339297583543918,20.595454055418006,48.18867130551648,159.34238441804428,465.7794870244462
1.3137512563335927,20.44561601243335,52.87437897520181,148.57567121590805,506.9187392264522
1.3490264471109772,23.174869800421725,52.75027782991988,130.36350669103513,548.5894454525527
1.2693903240752467,17.948930355856746,47.60950359748846,164.72370037627505,356.64551966207705
1.318861515748233,20.720171924230492,51.57817512696473,148.78183810980553,473.17637039060804
1.3337038032968653,20.143174083789265,48.35883332691147,169.58098636130813,390.8881070529415
1.3198748036469277,19.80484463215583,49.17672103292031,156.16245172067164,500.527309398329
1.3375643996676119,21.848189649789365,47.77699982125221,125.31739144398557,452.29822067965335
1.3071684549757414,18.86619442963087,51.886571040614776,153.38295370108864,488.83870409532113
1.3148495752042244,20.13522114097323,52.237328695970575,156.28043238866297,486.2738828503957
1.3184724542682484,19.933811791471058,52.74131955895138,173.47424665352074,478.11042152979115
1.3412860550956807,20.335981455651964,51.98014528397038,165.43791656827867,426.5083806257835
1.3257499142859004,20.423759506065743,52.043396421611156,156.73635201408675,485.991477608451
1.3048709541790933,20.993941476780897,52.660116647070595,135.9234996783795,498.5674985543194
1.3622245754988942,23.53176689256138,52.38679829638317,130.19752571306768,561.0151596399152
1.2884108593197847,18.710613406214534,52.162935785883356,159.79515922752483,338.3901654172094
1.3208191293597182,20.053841958516177,49.486008653289545,146.5193933866044,389.80499488195676
1.3405806196397367,22.222235544538236,51.138777612193294,133.0189691736592,510.01057123601123
1.3321595968472972,21.31770347329003,48.837465680214706,137.80353637380722,528.3173417517077
1.3310487554127761,20.408553694518996,52.027765304009236,171.142979454673,478.42181178872187
1.323286898915104,21.58410163110296,52.070227136025686,145.01770287323254,477.0169721522812
1.3438623529247655,21.74727527835593,53.145594937332405,155.8346952294174,532.9923064613376
1.308620432780347,18.549798390815706,49.20354664895829,172.21273989514734,435.61128456725356
1.3490428179335336,22.80157766262441,52.16872793429564,147.3622316596054,495.8785888873502
1.3226131553377782,20.94951291273074,52.14852650367874,149.42096650538133,461.98261837357353
1.327006677808751,20.47935659669688,50.65769847648353,151.65240748012303,416.78216177595596
1.329634073330587,19.87700908366092,50.565168786939765,165.65311234350193,390.3819861476708
1.3166399877834114,19.42047840116768,47.44141074586132,153.10748565931777,542.2185631071902
1.3854291747319312,24.09923847450849,50.813688837528495,135.54181436952422,563.3287013335442
1.3277206867613387,19.407465598589994,48.308310329493395,153.0039796789348,403.7262298278579
1.3643595476859818,23.558977361909697,51.61710807585057,137.0759285650957,567.7424496079285
1.2985951123725625,20.336919927052268,50.80143658876371,153.48616342207956,487.31388464927596
1.3149391745976382,20.788772167053033,50.08219938818721,147.98626079190814,539.4152822983308
1.3048332793576112,19.9785727331439,47.86653732680386,145.48897478817298,518.4857651055382
1.3183912793163264,20.03636166337828,49.420567865440155,148.35071870997157,368.3154499843011
1.3092143360739976,20.518206819277985,49.16095608043696,150.08579024330652,451.18286866369175
1.3135352060203933,19.91161367712006,51.37408875980568,154.02834693658065,447.01159074015476
1.3286132652006963,19.99481772523781,49.57269804363637,161.77722634656755,434.6089911314995
1.363105386181958,21.071707914980767,49.73016317817456,170.93146217135194,355.65928999763463
1.329779504571947,20.89037689930106,47.32017592108052,136.18637336509306,460.2189090142458
1.3666039162083838,22.813182186982633,51.39020571807687,155.82475160385246,506.85382351700713
1.3028072712562808,18.996012303712583,48.40272444338901,170.8349701178937,418.1348617767886
1.3313504025757839,21.411742815975735,50.04689531362256,159.45881227520667,558.3786767436137
1.3404599992994255,21.899083287632465,48.726992727056746,137.10477382940846,536.1715424774404
1.3430985885731752,20.306766773960852,47.56619760596723,149.80813201175056,414.09251807680573
1.3137391589813163,20.0585014747581,52.240121109953165,151.57460178173602,480.35717476104946
1.3271847166950883,20.344837182001303,53.531906241267265,174.4503246839214,438.9420238833744
1.3249378500292062,21.301278631919036,51.65716162215403,150.1865588227966,480.19279472953946
1.3258109206553415,20.08577607395788,50.41856771492766,143.86738935847106,560.7032837079784
1.3140789106170918,20.693595228603748,50.05146858153424,132.3308789949222,505.1407786828447
1.3708127173290001,22.262571165893444,51.360307914513164,165.21784364511868,392.96621579743294
1.3358754882058719,21.113796417719456,49.198368311949835,149.9417943778074,535.9012028588959
1.3156412572113911,19.758652728708384,49.50283011527501,151.08276795992546,477.78121994993745
1.316632859490629,19.09266233178993,51.108064309231395,181.70515247162052,339.8135184020576
1.318179101954962,19.230587092855764,48.905287765708174,148.1296464438339,441.16847529503065
1.3427458470449862,20.11476225685353,50.826641022270444,171.4503737771509,372.2357073858467
1.3508510532280666,20.91434085478195,48.863776085113265,158.26050207096014,456.13301215103724
1.3206566724025535,19.398266528667413,51.779725158647494,168.0039961620135,390.78532396076247
1.3135552670869217,20.044724669011323,52.138933065973184,161.31069642817477,460.2229001053488
1.3265583909389735,19.639530868635294,48.7365590384109,158.14462723741772,417.0029463397529
1.373777406683062,23.37037087536588,50.94611931024988,151.1097286487295,573.5448776309095
1.3442353919096062,20.121417515620205,52.850662369511845,167.46200939321187,370.6499166888754
1.3367614330948423,21.070984894078194,51.065489997888115,161.64055201285214,431.050952129261
1.3294291670193183,21.56738703112044,50.3230182555732,148.48942610591862,599.1245136190238
1.331064780861938,21.036962903528053,48.75430001216746,135.06006631021046,463.5008434032643
1.337020689640684,20.31283862716928,52.51925631867071,177.702701692624,446.4778368334071
1.3408849052246563,22.468579096871665,51.28017840563069,131.3630952771359,504.939306562888
1.3244940749036158,20.92998938955515,51.44149965515449,154.49394425241127,520.6090900442682
1.357520923401335,20.738511494698766,51.44938066441051,174.44891524421132,432.80186427311224
1.3473926148511355,22.40859583498203,52.62574309489434,136.81949396199434,461.2046174655069
1.321822408447293,20.408303110670317,48.68294443256162,151.05080227258614,513.5559470262828
1.2964668879884873,18.771160699055816,50.63297770660472,157.72149331402505,364.3326782980567
1.3427961382611775,21.772984548993662,50.76092996354611,150.52055752310835,516.0291080504765
1.3673096375733393,21.34099331346447,50.326678470194196,143.6525337266309,444.4031678526305
1.312660253441451,19.757054610653654,48.31665059179358,155.86470998469966,446.95389627363653
1.3574438896800547,22.27158394232281,49.697005435195656,156.64690799906933,466.6695284530774
1.3698771491396182,23.29944694827291,52.864002705297736,129.0177558277872,517.9652556972377
1.3056258543395962,19.429248825335492,51.66109284672542,159.1326212554735,416.36361116658003
1.3164384347466842,21.849665420094983,50.72169710170708,123.75507016497548,469.49047644950156
1.3564852195652588,22.062854001418163,54.709882704527914,156.81404642325242,469.0268134075826
1.3627441423848587,22.79960705415922,51.69357261913347,151.5968246605847,521.6374893540149
1.325955022789406,20.082567157751036,48.33348272345399,155.70138521105116,500.56887401198844
1.309591258024885,18.032127720410358,50.10745644941452,175.47445663419654,340.71952415126043
1.3359182290341975,21.155362419001413,49.4049633475594,154.87007402602842,469.7140052997476
1.353101662939613,22.265681705149966,52.27535354496595,153.2668288306549,509.40828821183027
1.3318677219441208,20.38959467174417,52.85908200933973,170.41882080304822,419.5332228172419
1.3401920597701968,23.009394125534705,51.65116549311722,126.41585384728944,459.52829048038376
1.3273129550784408,19.654967678489225,49.6576756961036,174.88309164544015,413.3061934201727
1.3270145465808039,19.72857954966108,50.6530351668022,157.66649145708197,355.16692347829513
1.342722722269241,21.836403524827503,50.93676567126228,141.37324214340782,527.0193459735564
1.340249738589462,20.110615216266368,48.72769303140783,167.93627008643438,465.0029487663575
1.3116023072262646,19.558045858474337,51.464572936736815,170.13695736689135,424.1564944749622
1.3534653728876707,21.013532517789812,50.2206898930921,162.9286315433179,432.1647281894883
1.3553921608541253,21.817444652616068,52.03427281781156,154.35919018207616,447.59539367921474
1.3351138480468583,20.778698197601084,50.948142418061146,143.3428518522934,493.1768157091396
1.3228544953846735,19.831447399047477,48.579260641810436,155.92888634400728,386.74680062018325
1.3082864522379984,18.759580350083098,49.210712830562805,176.4407674586012,435.9630143466015
1.336607775751338,20.748848982494128,47.57277572488998,153.9618312236429,491.7485798738077
1.3235592076139426,21.385010820746412,48.941963742300786,137.5118375979739,529.7146671490073
1.3125364566677018,19.15856117224763,48.91673257526451,166.3502649093136,386.6536650202517
1.3311642374137054,21.261699808534743,50.611972615748826,144.9947363975678,552.1276432476642
1.3275860118690244,21.851339965065613,51.132147609777704,142.6490775919652,489.81679189641284
1.3327101689890484,21.54276991790247,49.518190515458095,140.8983048224416,555.6076541197306
1.3213776801064678,22.13789191664117,53.42974237917963,128.8316346743267,570.885150171071
1.3665723529254636,24.352941845929948,50.41053442621502,127.862738798161,582.6524201032933
1.2948560951011132,19.440090349138597,51.92763272623583,155.1817573699173,486.06325256413487
1.330687406242078,21.466958842637386,50.44055248899022,153.5089213725206,546.8610382459917
1.3474905806009139,21.841926014732202,50.540957950567666,145.81564932505592,466.2457105792202
1.3042405604484661,19.50183217412292,49.9783073355566,155.6797358503045,492.35668119474144
1.294305370428745,19.15357630997544,50.496177310615316,147.8605983657624,446.5162308795099
1.373518413730007,24.06799217987684,50.380200593766276,137.63788352805554,510.7056361777503
1.3836085408001997,23.316154218085984,51.027539223996015,137.81591839216756,510.46179879686633
1.3213325467698813,19.641662119063835,50.0579625408115,165.7598219106704,439.45905651012885
1.2765748790359384,19.067320702942474,51.52482390875498,147.97845648766872,517.9923666363595
1.3390347671031027,22.74068527907971,50.389164347116015,123.6518169839555,604.9198913715277
1.3204112516991588,19.686324948394425,50.97499954069682,168.6713368486514,448.44791908726535
1.3121472767049025,20.82736758168013,49.039045430154864,140.35675927767235,438.4749766046926
1.3632363607338895,22.073722362049914,51.44363098379374,153.94854862539054,506.04229354091245
1.3332153369938797,21.274717016612907,46.36977023202915,125.5722357415757,507.06258875898425
1.3002624817712576,20.566599368755305,53.26694862215935,143.656446572991,449.2481934337093
1.326236929871265,19.771143182835434,50.43722093779448,165.53947342583535,427.31057748734713
1.3524967969907926,21.349104514078988,49.10778343328249,151.9531519902928,533.4898978268714
1.3373576477186855,21.184132793619185,49.73815613638293,151.33949123570895,424.798989686345
1.31309403604433,20.486744150073395,51.19024202746432,142.51568972130625,473.042144645879
1.3252591336014088,21.3542430879364,52.382567966073985,136.26847454309248,484.0536046425279
1.339861167819072,20.867299623146224,51.00590249016407,147.1525711223838,455.2169029933189
1.3510920232709598,23.070981078205126,49.83284984889286,139.81832467638765,546.7777866597934
1.3162174798994726,20.343746307586827,51.35145985301475,167.39159399282784,535.5867919084932
1.3423495828498866,19.629388599857606,51.5930436538654,164.6633836946783,383.37092742202697
1.3166017178672285,20.307298179466883,49.37248157009224,144.0512752214045,418.52911912706725
1.3498064057690338,21.594794094992782,49.15808544213275,144.335001964885,444.10367320749754
1.3591187532555593,22.840281733016607,51.56386531597835,149.21356932096563,550.339432433959
1.3706837706484984,22.643203735848438,50.11730106717965,158.560622619686,392.0579695214914
1.3199698612722175,19.84363373818205,50.191955463270695,168.95106150113645,427.77081201483844
1.3577999233520113,22.325068144071274,50.47078189953384,135.51944917329254,556.4329947435866
1.3030803424817199,18.97451487620051,49.75599857402719,154.9877626500038,366.9208039336855
1.324036810394737,19.67622205157747,49.970349644104175,163.4137951126399,434.8760339105935
1.3863735081652084,23.670457903099038,51.45092102235593,135.70011946240214,477.52312816623476
1.3303617074913214,22.62463953799937,52.844795683652606,127.25619749880923,564.5826963961861
1.326400143999575,19.198228119999953,48.09057678144705,165.29900212797384,411.53662724169834
1.3049234356116255,18.318580504842853,49.586915717827104,177.0620110851713,447.52396874603545
1.3310926121442512,20.407876406789022,53.00744338639895,164.12058157247952,421.8812844137269
1.3084858851103152,19.391758870383043,47.849190583066225,169.0887252935362,414.8240819905127
1.3402082675136144,23.888180814757582,51.42203583691215,137.4391848004686,583.2681458023318
1.3308790212866748,21.88521044160038,50.33844231672022,141.8492205647617,502.40212578001893
1.3386959809505214,19.916875421723145,53.38309669174506,168.75351505096066,375.5364005530325
1.3107319962359523,17.499602032746,45.95613329888611,198.66254778691487,309.15243604529786
1.3050563514267113,19.166629264268686,50.88830675324486,150.29106419173235,485.18801982091617
1.3374739658405983,21.730700073425265,50.87968064589735,133.49716281474633,427.1021655153058
1.3006101291705634,20.26849520562785,49.38081787326415,131.82417965422403,481.75431682535617
1.3207593799930133,19.544205088299943,48.858522104252835,162.00580576557022,424.9388471431017
1.309508851501255,20.042185485524705,51.03250717819105,157.61186461778425,388.94129778013945
1.3174083293187362,20.567810623130846,49.812083280911416,156.2102092169818,468.1978371639112
1.3456915459666545,22.903184990103554,53.74195325480689,130.13823801718803,465.08402717115484
1.3273763078721748,22.714062997600564,49.6827737120706,134.37606060419063,610.1893298049816
1.3499649685042638,21.377605580825595,52.426568427499426,154.65967620749126,497.7425324488794
1.357050959528185,22.687474398442717,50.17716357701547,137.31908983497596,469.61210030856273
1.3232294778744906,19.01276919836829,51.4201391523113,179.89487478328104,332.98008795862006
1.3116382106484707,20.738997397301162,50.75302920862728,143.6610191553926,478.0966322292732
1.3412461731088197,21.89878850364955,50.497282821152204,133.20229457556016,557.0891829536432
1.3213152644021773,20.24356567653119,50.526229564900625,158.45988974596204,559.2982779672027
1.3476622370061653,22.35603845496169,50.7778796239601,139.64959776473725,495.067065384871
1.3452246956009537,20.7992643679081,48.55575896415187,161.47326816493032,401.40358070504385
1.307584216594727,20.091478933810357,51.81880398199243,150.73721492989995,462.24019345401
1.3482350782794872,21.419536109591945,49.596235053603586,137.21752814961127,393.96249413073474
1.3271918794670476,21.944109088726137,52.59155488175888,135.07697019789381,490.3039421055047
1.3101627693148679,20.402667467387257,48.74728603663426,143.83519098757597,406.55119746945337
1.3487450326191954,21.614506540609728,50.63564336355797,151.9271225769771,562.0025980094971
1.3081870770851491,21.21547377001954,50.56371755207375,145.57648276313006,491.04125479052834
1.3320710319486633,20.63904614931921,50.16240810957706,159.9210025672148,391.2524936309735
1.363343910192535,23.58410692575255,50.900565090110625,128.13693328728016,550.4391451534259
1.325959973166389,19.787266947054157,50.3959704015249,156.82091003878662,482.2436497944439
1.31138496934955,20.396285726488692,50.408959400600544,155.0694015723507,486.03045577862156
1.3819409304956907,24.044557712878714,54.2803111782165,139.0978502652232,508.98240168559477
1.3393998956463111,21.023429050561464,49.912753753304045,143.75887471108604,411.3884462198074
1.3256077876265933,20.032507677689154,51.833338403581685,165.39029579720543,397.040464557197
1.3363659852813765,20.18950947215904,50.9666340650533,168.6055863217615,402.9848419950873
1.3314705458662262,20.96637204413168,50.583591523275956,156.55629911588608,543.6988888409645
1.3394017176509858,21.791839748461893,50.4731487606411,145.0908898435676,600.1625039299576
1.3502068291201137,21.258506524263833,49.87150500573508,174.60082650174394,503.45647398941213
1.3172281723315935,20.945819479223204,48.05617871605658,146.76226503061395,511.6933285961336
1.3426452810744296,22.577347143982347,52.2634597287638,136.80652764403325,546.0098824069731
1.338112250556136,21.278578719814206,52.41145089094982,132.66906279260317,507.9148872085596
1.3221071153954878,20.461303278419287,50.2786801155643,161.02430868371573,521.6758742721947
1.3342237834646995,19.98894549595229,52.1767264489631,170.13911960851416,476.8264850759191
1.3201365244465388,18.950350103918744,49.40249524152935,170.9298260364161,375.1618953260482
1.3383902417005182,19.677302850695174,50.16753647493966,160.9402478179551,438.32824587274956
1.335715625675322,21.613553956103672,51.955932239317306,144.25020379419348,473.2553777326745
1.3054714613245895,20.34269109563767,50.245706806187414,135.49045714892284,463.7494722710739
1.3759734797426728,23.229050857211305,50.02318802893316,151.6116669205797,624.0274080432748
1.305439929446767,18.431503420718155,48.85922668828908,174.5830538085067,382.476095321027
1.3172096687959092,21.071724061577143,46.99989286517754,125.28970844043772,491.48909163951487
1.3639312103553511,23.15906586173196,49.366361580170995,152.8844375886228,465.4970212125535
1.3747469307479174,21.793744085138975,52.714763696792375,161.36622448586206,478.17755083130345
1.3169655252397765,19.494908886687583,51.07564123644541,159.50566271989248,421.16764624912906
1.342583704429059,21.000471021467487,50.65469561432576,137.3534959154203,410.26602119351753
1.3289576871797943,19.49355447571056,49.91872234292206,178.18022965539717,372.15002258019547
1.3078733713047423,19.757704949690638,49.367048517721166,146.73465836588412,455.0235617432851
1.3172765486724516,19.83801562110243,49.51860225265951,148.27858346096474,475.7846202879203
1.3562626609860189,23.107503733354143,53.41738136214455,140.23888394676717,481.63154440731677
1.3320143166250826,21.092468857560934,49.893089508194265,153.53969209400174,481.7932794928127
1.3135639238701693,19.26701647181365,49.04898873251909,158.15187828472392,508.16687228958324
1.3113630982565834,19.742354675260724,47.7988323519105,154.7143320847254,472.0995860226099
1.2947955289635313,19.799274042139388,52.36922249430047,153.95188920016284,533.8167015315404
1.359128405748364,21.13576505858011,50.20304459930428,162.65655493642214,457.52956554330086
1.3419129866810557,20.99784761046898,49.195194717827334,152.25857085448104,501.37347021009583
1.3279582608969362,21.559597029686596,51.45713362422296,140.41202582660367,492.95732893361765
1.3064927740847554,19.347824995499096,48.92496456978875,162.3973570237433,415.4383160541394
1.3419242721101483,22.079993501921756,48.40532032392509,137.35260105046373,408.87738371340475
1.3368257803836177,20.562813960195804,46.99590899734399,158.12827688939046,514.1714639223452
1.3679765855146626,22.17072944179236,51.492458733701355,160.6099339976258,375.12487314014237
1.3033659980408019,19.87004908650224,51.50207386196895,161.11470346546116,453.23331940973776
1.3093855784897823,20.340386949393398,53.069444545557,150.18514288750478,460.01049891929
1.3700241488432099,23.457699518151905,51.485218004898115,141.4880485494926,598.7273288679307
1.2814582929601395,18.17799413343996,46.92664792645478,160.40826926328975,400.1650755153886
1.3166098836720015,20.869638353448195,48.76126393108734,137.79415339846335,507.4044783502983
1.3492468313400663,21.64720404057748,52.56930207468862,148.64940392148668,465.51155262721267
1.3225539991224444,21.575646372843817,50.4440483526425,121.96399002530612,444.9746405838261
1.3381477169502995,21.266741662796864,49.40363655417136,144.05704450427646,466.7638024057045
1.3449796430281433,21.270225432437783,50.903040637647194,162.84977665365687,443.50799330472097
1.3350825169508413,21.127088086304287,50.328072069440445,132.262034751621,517.2675009094538
1.3496736030501264,20.126095975151724,50.93704096853112,173.62270512722262,368.0390881798061
1.3378630464180454,20.426345525516098,50.709890668563325,147.19766066090654,462.9422434795732
1.3200850326419473,21.864823793550762,48.83388954529248,128.34077186721888,506.7287451455594
1.3252352691756282,21.05649553431111,52.127036913967714,150.27592286504677,548.78867217058
1.3370988508713881,20.342348378329945,51.08230129991171,161.81907693086956,410.78513387790605
1.399301863694496,23.65129067949831,51.66628047518202,154.5129851640683,471.08376430986164
1.318187436992653,21.73149523248399,48.285956771144775,125.17965840793018,569.5904625117022
1.314322702227659,20.547744140561218,46.82352779226258,147.81689158137561,470.07285873431334
1.3576716178765487,21.489547889297963,51.337766260345475,148.91596879102508,477.40535646658265
1.3595863220732436,22.136364340113786,50.27558765776516,142.6492096605731,470.01125747877944
1.319176361727064,19.74146571463696,49.151205562118115,153.9161330431552,438.85590544900805
1.3041358468821855,18.452493122064322,51.633810563736205,165.2282728370136,377.7155512703116
1.3456809070143452,21.88729613339351,49.95709969809815,140.3976887100906,436.24607775054704
1.3608360407799804,23.670415653121857,54.2607745529871,140.50054226475334,520.9229412870839
1.3292671771426394,21.478744871777096,51.83851230247108,130.1114052959711,569.3475350779719
1.3262417419067123,19.728956806499298,48.57102936964688,162.24084102543495,464.00349592150917
1.3364196329184101,22.33735031065845,48.964773645069506,133.59333924601677,518.1721775595408
1.3199292691601672,20.786285093044157,50.04341460394795,142.33610728486707,438.87849307724963
1.365124694372032,22.661847246711087,52.354757948986695,152.45739567230754,516.1826109823351
1.3680687634378947,21.93382106553374,50.25729970963659,160.7351038522796,471.14961949481534
1.3317893906189004,20.7906436625062,50.14209538618373,162.7078063911557,448.93557565049343
1.3259500724684419,20.666731521727257,49.87262112561437,141.98743388658434,462.6214708792464
1.31050938199856,19.896767529341695,48.17678956745054,159.42368340678286,465.07940182414904
1.336008931103417,19.01254665055598,50.7286204449827,187.03613696029277,442.1876592059109
1.3633383136657407,22.0032757578064,52.54266792106144,172.62196937179408,479.0784019844707
1.3485021386795606,21.459239920581222,52.51756239331527,167.68845633258024,427.1446292715344
1.315787104259221,20.086350608340403,51.425624388958646,161.8216672858599,379.7094243335657
1.2992969156871086,19.927254961944417,48.07991616935049,144.94679628664923,431.58659645242574
1.308479980135486,20.623855008301646,50.8886353972188,135.3324333840127,495.13923857477465
1.3169608848215089,20.37155920177898,51.757053033598574,156.0055302136598,459.29562111499587
1.3137404649287334,21.32073851481958,51.543861593790766,151.00686690576538,559.4623008936312
1.382795598527867,24.754859450049413,53.796825003165786,125.55882464769425,539.8541118423776
1.2928688373374304,19.234969948036568,49.47330463826271,141.21458519113756,451.102945241141
1.2940386129283965,19.991901803095992,48.89544109001879,139.15314013968052,493.75711373288533
1.299664783622665,18.72795379676001,50.06581813898356,158.9049601890515,384.6410888885621
1.3210340860093706,20.451694965641867,51.193429961975376,148.87336103682622,340.4130252760734
1.3527635061562413,20.362957422072885,50.77490671405651,176.51046362223508,448.1879270458531
1.3187883354202485,21.053008766799387,50.09865329000174,133.48305193857354,466.3525107373271
1.3564882431422796,21.998775887227694,49.91343440211344,147.75602344247972,523.4747112060872
1.3428091341099584,21.47507771183726,50.31109867638967,141.62568170486523,442.68931636852386
1.3390992916942068,19.803598191357022,50.47613458934772,176.4939923637745,471.0573324911376
1.35731234729373,22.254780480205504,52.756731100607794,141.96535030540406,512.8797259411408
1.3648290123992823,23.777223102214645,51.85645225620991,129.69013166666784,591.1999262031127
1.3164969603723873,21.7109849777238,50.48644725177917,126.85088984544876,482.12011558665597
1.3145579575075432,21.0998586982538,49.66671171240198,142.69418386639236,595.0049450856446
1.3029419089827698,19.573040339249708,48.45336006278198,145.61090692386307,488.1335638309749
1.2896485304060976,18.391680643912885,47.958301608169066,145.47511628925963,385.1072986926026
1.3101084582956832,20.027876792108067,50.53985028296849,141.0934501243321,446.6413374985863
1.3573681556511772,22.90756665312282,52.64136857812183,135.9539861626721,472.59640648852354
1.3250844874759165,20.335432550789285,48.67966757441443,156.93195689922962,452.8690350575946
1.3644253902282641,23.72972555449448,53.341771788273455,140.54002853989525,525.5939566596434
1.323549431636903,20.642498966442886,50.959604462952946,147.41224142223885,429.15398071803537
1.328167034218389,20.265700147677993,49.80733337855224,151.6039682325254,506.8627118079559
1.2955427220433022,19.30672764682439,49.036658116097556,153.82678672443052,419.30777219564044
1.345590116415155,22.896206696188727,51.267689729804765,136.60838062492385,543.4294758177047
1.3428078859051866,21.12024338939127,50.41745789183967,151.4275832379848,454.87357537726666
1.3328972682281182,20.693930378574322,49.888002357615605,155.66682312606983,465.9426445665968
1.3107571100592466,20.792005045176968,49.80950129997736,146.95784363113688,526.1656996924748
1.2953169771067239,20.240619349686096,49.23149514183339,158.70935194605954,483.73577950572906
1.3425424622207545,20.489566125825522,50.07033597891703,155.41859132026892,460.2155669643188
1.3297695175739583,21.69160374401993,50.10185013518879,131.97409936342484,476.509411388062
1.3135314275019747,19.119171889082267,50.66010587210427,178.4525596845855,420.3952248128985
1.319288952402129,20.8063923674081,51.423537819694026,154.9628305395229,472.6246874441426
1.3235668034890755,20.115331639728918,50.69153432487185,151.93359259641392,432.54704664897434
1.368535875132379,22.45979907981658,54.796194173869026,162.35676949563793,567.2430428360199
1.3337626047713198,22.50650974137244,51.057991225945194,126.31791360122423,635.942420655683
1.361697537692758,24.586238360697052,53.23609395525498,126.05751179442383,544.4986782994736
1.3873390784278796,24.912632465682144,51.34174547819529,130.07836601010231,651.0309310278084
1.3371282191982952,21.20254509071424,52.21744687474,156.2857864304844,485.0070609321289
1.3474829413525575,21.591230441771945,48.61188306301022,155.08625621456451,422.07928128595677
1.3333435338999808,23.03716398797442,51.148454767401304,124.35984623237813,542.4977305660868
1.3039454298245425,19.41379327633526,50.072024047455926,161.99172471912698,425.4010209739539
1.3088932602689882,20.7723417826436,48.21623222164568,145.3544403978601,512.8794159160993
1.3108063866873407,19.666179492374525,47.8753258604347,145.3681533681465,416.8613681795491
1.3327208685228635,21.333654820446327,48.96850720091424,153.70808881776466,451.9327738475097
1.3148692165211264,20.900134333894034,52.66673943293086,153.74839202068523,456.93650826077396
1.3223934830258268,21.721547499536268,49.204235552011355,136.36444341576538,492.94623607862167
1.3063776236532978,20.19116833736544,48.216442119045226,143.93152301604326,480.89333721289995
1.345230895536923,21.96979656621255,50.94055791872265,155.38130326311727,563.3943545073065
1.3135042918674014,20.182163399526466,52.52782161539413,155.7726698235548,525.8933042989728
1.3643290495197362,23.29108037406319,51.77705059804673,139.5113794217326,584.1256846846688
1.3780640314794288,22.173712594066973,52.45756324817856,161.922711918112,380.57640554978025
1.3522128568692664,21.166605200677267,50.44113940851773,165.03925936354378,401.33653938951124
1.3102407388111732,18.9446970161009,52.85290029490504,168.51101603630948,397.27545751266916
1.3706111019935907,22.129094285608048,53.114057956861416,149.87769480826643,548.6761199050028
1.3856821844049465,24.591687474450254,51.44397446782594,123.83229766735292,487.77432794956445
1.3455554005305985,21.942540680998032,55.0954526199677,160.9121535481187,495.7456283396804
1.3011125647192832,18.712922448798334,52.060850114736745,183.61675287528183,365.2348332474657
1.3456853398815596,21.076485292878395,50.07914976295996,153.49275008050728,495.66955035969113
1.3313546979626552,20.229823541640382,51.72734816060449,151.18730564634703,489.85230080487025
1.2907201197192184,19.36789206963892,50.666041143771956,151.93930900058388,482.1197955872163
1.341946477367125,19.924654781273905,49.233297396675404,171.4041934255506,349.65864633211726
1.3366544252684909,21.29280983317763,49.46869022959442,152.05676377264382,419.3382925208808
1.3217141247362725,20.468782952753426,51.5006850500482,152.16086880443424,439.4058452949207
1.359093672874769,22.7620051189218,52.73340929069775,136.60236633480295,481.9568598905273
1.3281095370674991,20.777033235229233,50.55933379757193,149.7660682306937,491.27700139246014
1.3156350432543453,19.927792213869154,50.570886454599034,165.45573875548158,509.027261219874
1.346379012630482,21.409500961803484,52.05385252432753,153.19114959024847,391.25503465688615
1.3640799879877101,21.10736871324259,51.92321207519231,165.75959537706592,406.0339765321341
1.2930064350193895,18.6601361712725,48.652966463428335,156.46584090184854,454.1731310113271
1.3294030792907994,21.392135046340538,50.30877236742459,131.37639202892422,421.5882501877891
1.314571593531395,21.35770787775982,51.00578937755262,124.4223322780226,428.44699290346693
1.3247836445912824,21.298017316690558,52.80495639457268,142.37681757228083,527.5454619580204
1.328864989243995,21.70631092926129,52.35744541547122,150.3280587383236,536.6300983478908
1.358951651236085,22.519944974035376,51.181879529471104,137.2247432145587,500.54345987413575
1.3317041949599229,22.414133312641372,50.57070927597852,123.5616596317786,535.1704083037919
1.3710197083883773,22.17552751502256,52.73645706484789,161.47129492871494,498.38834511802514
1.334716451339798,19.458859094619907,52.27956962872234,162.07218582242626,421.1905098683967
1.3333423833438418,19.773301931375148,54.501032469983684,174.4392757291142,401.1053869473497
1.3517525742844292,22.504646680830067,53.763040340807514,151.34835766610985,414.9864280961915
1.3321015794733126,22.554918957345752,50.84375043666991,133.83481742835846,575.0851889945852
1.3090792554553319,21.897754428533716,50.66797474625002,128.2962978662849,552.3500167661178
1.3253388558902395,19.6771673209486,51.32014874692997,159.83360859872386,363.8739831792072
1.3661287507976974,23.596548430188825,51.26432056564777,132.06114640374815,478.27482677475666
1.3071644632070805,19.49796817892193,52.86580234534114,172.43093456088502,423.32444038834495
1.3175821119767799,20.252633266359332,50.89244267022208,135.74574645732613,388.32260402604334
1.3554522720524536,22.82788785343728,48.71187737326639,125.243757354149,578.3006760018543
1.303549169760663,20.92098377237359,53.235126869045004,139.56840076667575,481.7786189188454
1.3115065798492493,20.701507900107345,48.6071286325382,134.70249127621503,507.16356593571754
1.3473275876107265,22.009814266660367,50.73839076534108,152.53319813462178,527.6777371644674
1.3239839365141286,19.518322441080443,49.81962421436573,156.055806567047,358.4469478379407
1.3399672548482604,21.945640816296198,49.54284449654366,146.59146636471363,538.9987307596352
1.3745948594571704,22.426995329256833,52.75321050627134,163.69624797614307,436.62693294043726
1.3267920069311674,21.10458213383422,50.98482254052123,138.6203472759669,470.6424754040849
1.3175762857109299,21.336048829817845,49.963939097225705,146.5049679619687,491.2533500006435
1.332299974166285,20.811469207459517,49.103812725715485,152.72681198335044,447.4529155818234
1.3696519163915433,22.498885481977595,51.00133141395593,144.13635947539504,508.0112197654586
1.3263511592177322,20.221022617685513,50.24004266602286,154.9757949363355,408.24083472408086
1.3362618213529827,21.195425356682737,52.11328364979965,135.7829152718653,540.213646571078
1.3518901554490976,20.59695663719944,55.34023698864979,184.06321871847996,435.61206334374504
1.3412752975944722,21.616918037131093,50.170620306332204,130.41387428988628,511.57883792191376
1.3190622694141565,19.56441524758707,49.53714382789484,157.96568614211094,341.2617206888654
1.3312875514909837,22.51159490012049,52.87023212820752,130.63192433352177,603.2370664542498
1.3255488585510187,21.223507325984325,52.5342625618389,141.45670326752136,428.37361891145105
1.3551869949102513,21.97919975436905,52.22321519862262,148.3102844937505,494.1900793326179
1.3615390178789482,21.30619356625548,49.90447411548957,154.60836542869788,416.99973049540444
1.3361778706901761,19.915441368340574,51.98050778878715,170.17813687008604,439.38198455133585
1.3452800551021706,21.101682026443033,51.27178648740848,154.89163599478317,517.5412130796756
1.326660237307256,20.328047516235248,51.34887390879254,153.49744489667773,418.06981113994937
1.3419535129198106,21.30258377925403,51.75503747274898,141.2346165536489,466.0271514325993
1.3294324459137312,20.372266857618563,51.266876778285386,153.254973085433,378.9157796198699
1.3457106080316192,21.22939614739903,50.23185166780055,149.56127468018627,480.9945072865786
1.3373720860877725,20.507771661556625,51.43106692159346,158.0256304747357,421.0709337359326
1.338912224669908,20.62335959532742,49.768111982629264,137.34101311175573,524.068432959941
1.3648844584754674,22.208975469049925,51.804024034010304,136.36264351795037,539.9429648079185
1.332037761908186,20.1593320413678,49.43918253446705,162.7631563255926,413.1524500699396
1.3607027346833724,22.59495833827772,50.82104737676495,134.87739569998206,516.1982351457084
1.3448828677818185,20.896035254072565,48.340341938954396,158.55703499006296,414.1573058145714
1.3544275690299525,22.715852335713734,53.95172354350839,150.73797995902726,519.4385495699573
1.2969799172799519,17.67197206666402,47.75716272256652,159.8828746299661,377.4058110612721
1.3624136954623929,22.82726377319133,51.65860994873098,146.83990815921823,526.6610782877834
1.3343351884122114,19.413046555538052,52.02829194312964,182.88991167149248,362.7989024317829
1.3551937042023048,23.3035935932672,52.092935824875404,133.07769859791736,383.2187180544921
1.326917862625009,20.432341939417658,51.121557050195705,156.70395061653522,478.01482404080076
1.3747831710747134,22.3076397454886,50.86594973406799,169.82919210147622,471.12012822550287
1.3402365229264055,21.779779213431922,49.435630682424986,144.19087610608062,518.3721571446447
1.350864350075864,22.692120319178336,50.5255082220665,136.14586299534704,549.9404831798959
1.3280403230135067,19.313416401411377,51.13028257883926,184.2827375397911,373.2791856453217
1.3052449304457001,20.282420246543758,50.30305485678568,146.79316586417346,540.9111159485485
1.3057795638377252,19.939647762806047,51.05373181536407,138.67520693815086,409.89187563984063
1.30339173901088,18.870172969954535,50.00630570134775,175.04734870111338,459.1217965536086
1.3447812460026658,20.929380056725318,50.56585176796644,155.36420191574697,437.36307556515214
1.3249887935436442,19.678054530902788,51.94421252928103,175.88007554814288,461.76860210341613
1.2871955402340127,18.847269228359956,46.057148629972595,142.96526624279488,430.2347137745308
1.3666852646075163,23.57038397104117,53.19168790558844,130.27755671204497,487.61251109984886
1.3631239304797722,23.183642740185178,48.61986746918801,144.91631908090392,439.2294494536129
1.3505351764699371,20.735833400865513,50.29438569724829,162.1981917121398,469.3237988445446
1.3702119238055002,23.20535384775543,54.82288032338347,150.52830544901335,455.3864578054579
1.3229043525836126,20.376910547668476,51.88514222236978,153.40688103812516,424.8975866542824
1.3525140382040033,20.726416691265705,51.16989371730575,146.64312606572483,433.0520043815754
1.339183129045919,21.197892109356864,50.1834188450169,137.99225043328937,494.4987554731208
1.3094834047340396,18.911662473927592,48.252449985442325,164.8823940335177,390.15908523687983
1.3404412990523662,21.389247859956605,50.37996795281342,148.58439243993308,496.3438672715228
1.3192654152311436,20.109203863526933,50.8334809697101,154.58858820064592,487.49873792352327
1.3323263043151252,21.175888289936548,52.293903784531324,146.30432583737408,523.0865586005378
1.3310981213707258,21.64695805392602,51.19291144352958,138.4381516539849,487.7962463262902
1.3337715300267359,20.637168829812296,52.86244019484355,161.2948442135051,412.7369093263292
1.323239035806753,21.165563240088325,48.57419731794553,142.45387265982015,547.8634824614161
1.324336644470557,20.78910967036576,52.890420024269666,149.07913688378224,491.2509418417509
1.344261980666785,21.128107474920252,51.84321060887353,170.1369190600797,460.95709538657144
1.326103204752584,19.986872774477575,50.76876025922122,172.56660250752964,469.0188758863325
1.3327602938485632,20.56666913873941,51.60690513678617,139.63887892555664,466.8073012082224
1.2992650642696577,20.32843874386002,50.025292244537184,157.74577749454167,478.33802243277665
1.3333226805288443,21.197564533737665,51.91794911479398,151.45056873874555,499.1499683782862
1.3311343265574267,21.08346934598739,48.620574045818515,140.4150643206395,483.54982323108345
1.337487754745325,21.190222165820828,47.71306210385215,149.53627779865323,450.1221980162934
1.3050204767241484,19.434168153472065,50.23206296572322,160.61435846557714,444.1922682269382
1.3036481650852598,20.16212249272775,51.03534966303984,139.36162850421326,516.2802229952963
1.3250702308543414,20.55616587288433,48.82331467196342,153.46022934726602,382.9410480813029
1.3559978411758296,22.464894574852387,51.9349107943322,146.03367309730294,473.6503219905091
1.298777854018946,18.983039888928072,48.741417830743075,157.60572824122374,369.1849236004288
1.337971066524473,21.5237227717861,51.0836734474889,149.2515318049418,555.5257196937443
1.31765827692414,20.501421522597866,51.36266340359811,151.95185009314474,408.05830717484855
1.3243143804822988,18.428173136878723,50.416399296351074,182.56143071537633,380.65070604914166
1.3253829247665512,20.91028583011689,51.63772909415196,155.20523267668312,604.1426960835785
1.3608291000303574,21.034614235325193,50.12609796534528,150.10989142194887,489.54458329611174
1.3341209782014942,19.868531108087446,50.15147916080301,164.26116223137637,383.2445576610617
1.3083040912809842,20.54712080366164,49.99378321404832,148.24247923789403,547.6250209711397
1.3377098138334018,21.666445274189694,50.98891989757203,133.94039415043693,568.2613708713176
1.3300660132911153,19.9034193403374,52.16040522903719,171.23910637715827,437.4815142907903
1.3291213443909262,20.919477729330534,50.43277532738311,132.53306542711684,469.9572698107365
1.3658529633076548,22.187571411147992,51.2191978474601,162.3232373503684,488.87479396241
1.3005909554937043,19.824007515583272,47.45957316417509,141.79138011699536,460.4264147722766
1.3761716639788697,20.964053550785646,52.138602566638646,184.16620114943964,470.22739468302166
1.33604799502539,20.211954162347123,52.63799004083332,159.50171047887432,416.7521398402993
1.3429737799113668,21.348755167762736,51.38012464551588,150.72110132503263,519.8355514772617
1.3319391853087843,21.078305797523683,50.557829176895495,151.61475980241005,477.87318681701635
1.3565746498979647,21.78788523941195,50.86246040808098,142.05658991635983,454.6345928035372
1.3436397919233036,22.002316562796622,53.28126516269175,144.33232692702316,571.710201413676
1.3775634041491673,25.174695066134852,52.048903810901535,133.78571429996728,570.1371253089054
1.3228985941351676,20.60564791232666,53.32808366378955,162.28386813447864,479.9023936383565
1.3364685077660974,19.945630162995936,49.48416970625,162.95180189439765,494.00092657336944
1.2954463621750898,19.97269422054607,53.64675481751726,165.9117841873928,527.2081089060279
1.274112524471595,18.931189574420873,48.98904470354749,156.0883098846804,497.91272650234896
1.3323822700090848,21.305420918682962,50.97105367277613,138.50496311627114,502.902566274142
1.3124477786932154,19.460452016866356,48.72517675993327,159.15070755543945,469.3974071466864
1.3291286811861864,19.791074659206064,49.31700435994896,168.9408048483291,371.05202493327715
1.3751533315763202,23.057343434656584,53.99231795537763,169.78351952039546,585.1165458194166
1.3464131240302923,20.29802535539614,48.01730511540547,162.23908181348563,336.4240071252966
1.3316064084251367,20.121266246501804,47.73790777595333,163.6529594258376,446.91327221121287
1.3604896580922576,22.905853458226435,53.263167213683346,158.55178427052755,559.7956228787069
1.3434705701576417,20.09966375623494,48.324089964280574,168.20495079640943,434.48766651780596
1.332606059386651,20.516972693253997,51.53547344943953,152.14111228854466,433.24227953462605
1.325874339542678,20.73564107906255,48.16146969842695,135.94033623788692,480.464488393528
1.351743967433177,20.877982524745438,50.66292304388147,169.8074638034062,394.221568306523
1.3159850310632935,20.297010911791745,50.29588390090124,151.6355683115611,466.4136815556304
1.3255225762026486,22.521044625278687,50.46452005970377,133.91978809324507,560.3526486474864
1.305835736118353,18.841390020304182,51.443624572676796,169.06206339503007,379.48051802840075
1.3442719242231205,21.919740518745762,50.213728193062764,158.85602107985216,531.2159982351286
1.2959505718086046,20.038158136157634,51.79240682729383,154.30041903334805,425.1730776901693
1.292558032407631,18.135995290399322,50.11059145070796,173.17358142181024,375.70714945820555
1.329373714617855,19.60627388240654,50.8004292551885,169.83317080238115,369.84212881443926
1.3129344364059812,19.671167810621355,49.363791159587926,146.97942191778267,395.59812009965333
1.384414763599941,23.184369390652094,51.8744302644372,137.38067652851643,486.1892332971789
1.313074477366074,20.473685925062384,52.66611949726748,139.29540924229298,546.5922616980116
1.3173559865132027,19.34401461534133,47.66774494315843,162.0994479004135,386.09896507091395
1.3550813924950464,23.08395957796914,51.19519890625814,129.17945674416103,543.2149017228057
1.340505511296442,21.458939783096376,50.52441973441027,134.19135611832633,489.23263664233366
1.312197128535482,19.179523207679438,50.89572918397979,157.8020628243188,475.41664243181316
1.3726431737118636,22.980170790235473,52.75422639595586,146.0751617858903,546.5440909071885
1.3083920263547937,19.585327387094896,50.23512974358967,158.6630444715702,510.0863808357152
1.3232190065581473,20.555195567209235,51.610130461612535,152.62002520760097,431.3917302982801
1.3021096253278528,19.62056164559518,49.97677299425844,146.8361990988379,468.45947508595975
1.3697832380385162,20.98634449716431,49.691974149514934,174.58377785170356,388.87233267108263
1.323380039775881,20.339150004997016,48.48486414068351,148.5126756118226,489.12672449873685
1.3301983051041522,21.319264046185932,51.22517885969917,152.33651537317814,503.2989043833078
1.3365701843776565,20.749559642407885,50.77770249051511,146.00801537103163,489.67146380048104
1.3436634040586006,20.998951310286788,52.089731377361126,155.00829396602063,533.0018378078953
1.3520328688754262,22.014611392077832,53.82699215009696,153.77071359785054,549.0119671523197
1.3425754116599646,21.133475018043157,49.28638737264158,155.19090874779465,482.6703933047969
1.3376038158776704,19.556263867477032,52.95727565885568,173.32903712688878,441.1811662544843
1.344496189703921,21.82051445453596,50.957041461444526,148.8006752767892,507.6640941962346
1.294620379065158,19.38722055277668,50.17514252844255,148.77881014759177,434.48880202202827
1.323153373327843,18.767266086650825,50.38958903110925,177.84334199282895,387.74195787680316
1.3084317253977222,19.22032169631488,47.060060028695275,163.37625385134925,559.2121575585422
1.3390237711596344,20.413613883314046,50.201727752330015,168.34230662914194,458.53278516762475
1.3451035182380333,21.516671999223746,49.319395591736175,147.34449430629564,571.6574383885202
1.3263215727980233,21.5337802074232,52.757710776243705,153.0901973792554,518.6154799673111
1.3717714014529023,22.339354695986984,51.9756971612795,132.83370375942448,495.9504907897855
1.3099881407073881,20.018867335162305,50.458443871205915,153.1973437414521,498.7172622350211
1.332662634560778,21.73763474242938,49.816523811057344,142.52272343579062,488.3258935610581
1.3429695932727495,22.001175008774794,49.86192803956967,143.0748979587867,541.2135405150126
1.3421105950056287,21.939630378072813,51.545009289532246,137.20105340792531,466.99487291634534
1.3321485521673382,20.779029480742324,50.428686153155695,158.52249920142532,353.42588035744467
1.33632312966684,20.883129500464335,48.8480077077224,156.0415853172854,411.54340882299886
1.3497044528661295,20.77636546211893,51.961939194212256,172.2872066070919,482.70027008005576
1.337228738548379,21.107351996030975,50.198217068175474,147.45280120488965,394.75183314782686
1.3154668177801407,19.955251736061584,49.749812704762725,146.46223823364576,407.2905683450214
1.3249467400199664,20.271926003538923,50.8898476037164,149.95611725030415,423.07418939400617
1.3346465625736033,21.591839289114233,52.33823842919042,154.56591824027686,527.1145202337417
1.335037473297981,20.70329850339029,50.6428293250058,152.52269713327598,482.0693155096653
1.3190337336879858,20.428592219225116,52.65943496506618,161.81734639227963,447.00139262601374
1.313221018042192,19.16604424563617,48.61265889923255,156.6013275795546,432.0922730128206
1.314612228741479,19.894857989294053,54.760546854761266,162.5345443274584,464.42248984678974
1.3248808455071082,21.028534757869856,51.009566600738566,143.15019066606447,444.174670754263
1.3571239945259035,22.075751502398873,50.29475275590977,133.14150763579946,487.2758028951647
1.3414667016965778,21.59542816236961,53.59739157196093,151.1186037106828,405.65819571435145
1.3171883248928964,20.794736358579815,50.41327050219375,147.40190385541123,508.99086997659236
1.3276075201677335,19.91032100636376,49.11014203759758,168.8085985432922,419.73302013815345
1.3959463152265428,25.524102221292296,52.166201708088,124.65950108214196,520.266597043219
1.313000986057788,19.48341950417945,49.89189235181593,167.82538549873018,426.64749550553745
1.3119291078714084,19.37756645260775,50.567877135026,173.65303553471244,492.80729944518225
1.3162483167640537,21.435216678434116,48.16425103633733,124.57261601393466,447.46804264188785
1.3196337320968898,19.55935576368303,49.92535474160806,161.28357079138874,418.712432074209
1.340225717032671,22.160025497805087,51.03802783166967,137.32021764006387,458.1693609153293
1.3158837417809943,21.001481305609985,49.56621655921722,146.95092635959568,520.6984146487727
1.3093536777004466,19.872005165062763,50.572916136662656,152.4739592571648,502.20190902530425
1.311936225485565,20.75065803276603,48.352397934089986,132.0071542919089,466.9856521717673
1.370287255681349,23.48998333895038,49.82148276496452,131.488089987784,485.6554917197276
1.361379862364191,21.713620997205375,52.109567632631055,159.95562856174064,480.6538789544143
1.3774339868711643,23.873334763537837,50.246618091173126,139.60733014356802,526.1171810411769
1.3425426089836319,23.274080737177947,50.86954785918938,122.54765162240184,508.253210540519
1.3078361654904742,20.690467455370506,52.029266416210305,160.01531934834856,472.56098427540195
1.3081581847677861,20.095961849849996,50.786915697713056,155.56312702340387,467.9296770820433
1.3122264398007657,20.65481878680015,52.6988974575886,153.3605079034659,458.0678172099391
1.3354688935646066,22.708225159147304,53.88524048083371,143.20169815171474,505.1460077131251
1.358331166361012,20.959697138454153,52.60468245823382,175.93784480389044,406.62206137486163
1.3305436777437516,21.19827496800665,52.17730415421717,153.58347788711944,484.45953808868404
1.3078134641367771,18.930728081891743,52.03047322821701,167.33183363965753,335.38508833996997
1.3245823284931744,21.423752407176384,48.83323399961113,135.59207212419182,450.74862439059723
1.308371601494764,20.60009023574757,49.94918690916979,140.72935223787883,486.2489345576936
1.318534735921633,20.419911040330042,50.94449314339317,165.05648618308913,444.3123635985884
1.3096900857683949,17.87488760924281,49.254864974434,171.34235037701993,357.6759390347905
1.315392701068962,21.016407993433642,51.183334810586004,138.77646836339733,508.85525170754113
1.3151700150364842,19.189262615554185,49.4660470420085,162.40933803265878,452.5273703344587
1.3632410363065712,21.912576748910872,51.20914551763447,147.08322324549695,503.4792698462148
1.3856873924757518,24.497219365040056,53.48061687862236,143.296657728469,541.7669353944891
1.3765359894835631,23.39981660196953,52.791565115511304,154.4222089267231,538.7698433096515
1.3127766804378918,20.067449429612704,51.518551912466194,163.64589671751725,468.9812773542849
1.3336152198031956,22.471631379563526,51.59041767601061,130.33126347655804,612.1847169040271
1.3490184851444103,22.27362896641218,50.806426262688916,140.5158670358284,534.0902359154403
1.340240392666656,22.348929396143664,49.4460878440919,120.53050681155754,422.1545624488377
1.3127074237352794,21.309545206183728,54.744892176125525,137.37830993548852,527.6922123861316
1.3026366782448682,21.012177690586586,49.72799312226241,140.3761121208725,465.4764567252576
1.3271451462585708,21.172379708382188,51.363030387009864,146.57300476575566,525.0896696897998
1.3344180033981783,21.55047183544705,50.981258681334864,151.85336331713643,443.8973516387417
1.3632704704441907,23.14464874846185,50.224386320329316,139.08876386153725,403.3057607614175
1.3314049570699589,20.922088181913118,49.195740819952604,151.8479326396489,496.98007459077746
1.3062392157192149,19.967665885701024,49.82776269851166,143.53320203565812,415.19440289880487
1.3055116208209847,20.607505698304003,50.16143275160989,151.43368004118696,462.5590942354665
1.3201273140768457,18.87839569999697,48.60284075326829,166.93198718275602,382.9423200953901
1.3258857941015179,21.25410356867578,50.5745978547772,149.96742893030736,494.8992150739653
1.313999397499312,20.613127189918853,48.11711798223936,149.8809455560612,521.7998177949105
1.3282588035611818,21.533301822496284,52.227744894473425,137.50652840952904,479.74809682972005
1.3156556187055926,19.515285411679184,50.845908087459655,154.35404088521796,475.9665214029493
1.3282855347100977,20.513181563878245,50.38528856699337,142.87083986879617,502.5064409421437
1.3189578100841748,21.432910267756153,49.465699229380704,127.14787676036649,499.41553668990946
1.3375071324937244,20.922754293925458,52.82647564095741,146.72504371545025,473.2669365185973
1.3547644238155847,22.479608892928013,51.58478812931579,138.82743624048283,447.77092147342063
1.331201449899855,20.427311616349414,50.28361649565372,158.17562243813856,433.89564918029686
1.3274219303782933,20.671783980486317,49.805304010904635,147.55604173539592,458.5350989215039
1.3432116727752978,20.96465295063024,51.28159732490388,159.35346222060113,465.38916027544826
1.309462041540983,19.112211243771938,48.8483902500075,148.5476913112294,483.0990010621641
1.3105685204193023,17.861473905699583,49.843318559197215,178.40476313125396,403.1022679978151
1.3319895104201593,20.517758233378032,50.006100811088764,146.8089755291067,490.8001560166766
1.3134682282286225,20.209547840815233,49.224499396458434,156.11871679919673,467.2661539530747
1.3355257586163107,20.342408704251014,49.39911843911663,169.77852761121494,385.7953092402369
1.3163597906769573,20.64522953296367,51.62199298247923,154.01037491653625,450.2836142660439
1.3068488977158914,19.191886976823234,50.48165159182547,158.96547455687295,435.17117244415823
1.3241439859704938,20.09843681253937,52.05053701830548,146.15572730070696,460.68275106606933
1.3429114984039243,21.292196159930803,50.25509297776007,155.63807179865802,499.51367363589736
1.3446463992327025,21.656518841438967,50.643055532010386,148.2613531167886,494.6771090070667
1.311647990591431,19.92626366690844,48.672631856914194,152.5571438603039,393.37510686434257
1.3226619319640127,21.63343812483382,51.34245597640925,128.80578785852904,517.1960595708176
1.3237868602091176,19.84080681721414,50.12164828860517,138.79659270943895,370.0196348109639
1.3568721651896616,22.40776516441086,50.33926818420115,131.86206118530734,489.19051439960754
1.330306281052902,20.662610227055268,49.65327187887645,157.267444431905,413.89578999715064
1.3325973727165652,21.327899222952375,50.95483270564469,141.50298878110405,478.8690982168865
1.3803149173595777,24.03581990461545,53.63204945173092,140.17154853601073,495.3797642387578
1.327114088091232,20.598094687297223,51.453910000553236,154.00563257782903,468.1749014831482
1.3590494433697295,22.37745018483106,53.16975250532171,158.95379842589972,556.5740047288994
1.351706024310348,21.607999804884027,51.16900177190943,152.23098973675985,484.85225427624584
1.3151913955313637,19.98663625770782,46.507751667525206,148.04983188007768,462.12797929961204
1.332448505146089,22.168396520403693,51.85356465396889,131.21842687720195,564.8838119364816
1.3290165056374852,20.28399860433364,48.4569237636713,167.0376994254345,423.3917542918965
1.3117980696047182,20.427173671142917,53.46640723024523,146.59333394998885,399.72257302390733
1.3294254604722975,20.532095413939672,51.71744704416876,154.94854995483615,420.36224146909564
1.33382350157577,20.226829414083216,47.881308342431225,153.29829940729707,483.226474485011
1.3065718109453155,20.79689728391577,52.891576455552986,146.7980601637151,456.87461185508056
1.3231680591301422,20.494359655470916,48.94033167158405,151.48488588651557,434.51804470626615
1.3146138817820245,20.85745916213291,50.30836478993313,150.94702459551672,479.376240883862
1.3070410757526698,18.513043109847352,51.743741741305385,169.68466056048482,453.78403920383414
1.3340395143716044,20.999777474734167,49.03089754529399,150.04179432718186,410.684429069244
1.3541960345149697,22.53500976187011,50.398010708175875,151.79638622815006,530.0066568113036
1.339530515377385,20.089883863170833,50.34518855536855,160.12846283126288,432.488553987435
1.3328632900706063,20.29241898024581,49.412604461939374,158.33500775716007,432.6944471274904
1.3108993592951628,20.777550784745394,50.703771906817316,142.0635807618972,533.0624394196095
1.3315786882371479,22.66186001592239,54.79158585700159,153.8009935230705,514.8257416807421
1.321598516686867,19.783259699453012,51.045287644298334,165.08652644291203,403.438793790668
1.3467331972048109,20.5782186744544,52.543518000424825,173.9915936744033,326.2889265352843
1.3204374353371178,19.015411443284826,50.22843693809527,168.80465144482298,414.38141051400925
1.31097480385329,20.493312290004425,50.722192225893195,139.725754222952,474.5954508534572
1.3114643300287065,19.470397218739265,52.34525033500693,162.75700942539837,451.6681289469307
1.3478578566868296,21.68493805250428,52.788276974074265,151.23090456496587,451.3913108966876
1.3091711625944564,20.914601007487835,47.66565284434004,121.51042682868153,501.4038485857091
1.3129983787594026,19.224967666007508,49.163871449422025,174.88037057920965,402.1429480115865
1.3590412362772677,22.832289321948643,52.53331018692007,149.13284903961087,541.5784397329375
1.3558857937524131,21.28250067258775,51.47066600013125,156.5503138283887,403.6244606501088
1.3427081138820096,21.517195853962633,50.60544187949341,137.98477910830397,464.03543511647246
1.3253175998974371,21.3830474778577,49.621261520396025,125.78807950348583,458.5269346387127
1.3107683025768417,20.75732797301599,51.77927300321299,141.3548505669201,521.2717421744865
1.3171907502824918,20.256219090431426,50.09518322558517,144.62729056800347,389.6898949108526
1.32689667155429,21.034473463080577,48.91004756720662,137.54502223359543,494.2335057590444
1.330601849660214,20.19135129286214,51.31258917910193,172.6072145865117,383.0383131858958
1.3351964455339014,20.157174407771453,51.54373144471522,172.64797712919056,503.4849743562069
1.3244388197805719,19.58979609618001,50.19498385302452,166.4853503456006,443.26651683805085
1.312020961772659,20.35220649086535,49.99270554813205,146.5578593200407,483.1281198100929
1.3291068848501308,20.22903993379212,49.255137962555,156.37416891157443,463.7994818459417
1.3565075944858938,22.17141023163612,50.79820760628225,128.42107699213273,545.769778217005
1.3165448383978142,19.842142038574444,49.89539848301313,172.62853437821292,466.53593613901796
1.3229657339725491,20.318915257207077,51.41683007393543,157.43709201866628,421.8707550467563
1.3445124023236779,20.474311852601858,50.47599800891874,171.34467181619846,453.12571666133977
1.3642646792492987,22.64739840246454,50.319193732949294,134.656538002305,553.8008721570638
1.324105887027267,20.56263424190842,49.66691864228631,146.89835038752943,457.9452583119455
1.3239321953334833,19.905012471242223,51.30604947092416,160.14988080397916,460.1911039300293
1.3224312214033538,20.93578101002099,48.772982524754546,145.94574371363154,488.4298399912022
1.3312569165958272,20.29637374610396,48.22925462877013,146.32884633254722,434.0511277705475
1.3241939914961844,20.631835010573777,49.120736669509114,144.7629059259028,434.41779619051226
1.3145460435646963,19.60860503983873,49.12262191908951,160.12214786947328,427.76840428130373
1.336777881362297,19.663709905251288,50.612644925411075,176.8376909858191,368.3759619256707
1.3103029067835688,21.111534179502257,50.7814586130751,139.74679740328116,448.27321883164734
1.3238946076442824,19.84034220484635,50.23445325417262,159.3608240972404,490.1287385900872
1.3397942012106547,20.74577235442608,54.56764904192848,174.61601821618223,374.4078388724392
1.3521625911735649,21.93774061535617,50.49224388929878,132.68185386443253,434.8386881597701
1.324193921061824,20.39223615968874,51.41668500197807,158.9315606469556,396.34942733098853
1.363396505333038,23.954659438999716,49.665433541507575,122.60265551384212,477.69445631783833
1.2923581170099718,19.21744089535071,49.15454095978549,139.12359198428837,475.8738454549764
1.3455364925437188,21.335519149026982,51.93598982283791,148.76574468423595,463.6092572939234
1.3688602924557225,22.132098274915634,51.53068842537412,154.03151855493178,406.7906168819868
1.3284798108004054,20.21301777537833,52.205016942085294,162.31729721622162,368.2411093592913
1.353760058539067,22.255443195058,51.53250599787085,140.0906393192634,474.3548660673441
1.35352163609753,22.73307820478455,52.807003765424255,132.3344594854261,527.67334634496
1.3521140535021174,21.61825587328809,49.646474271380484,149.6229463877595,473.67974241483773
1.3352731361352275,19.42115087125725,50.718024126784236,176.56713936362112,350.120138784799
1.2846687640449392,18.87852332323743,49.36253055344852,156.12052120561725,477.10608024200366
1.352639093220834,22.703677349723428,51.790839218010035,132.63483896647298,451.90915835780197
1.3211972450558782,19.808792447992424,48.639654617208755,160.22230531408832,445.61805596755295
1.3473085334516393,20.94698644473349,50.869330173729075,149.5029398668254,419.57283884628885
1.3389865616902652,20.78715571882669,49.9761349176174,139.6535243062223,428.1135360818162
1.30392388258142,19.902878299606105,48.84332493358705,149.29028184467464,441.9581402865237
1.3235033679451096,20.07567488707483,49.70571714410009,159.57539614329445,384.7586739730516
1.3491102419702654,21.505112757209883,51.45239311351059,156.98913418503295,493.4517511610431
1.3190470269236902,20.445358547568965,52.43820795219404,139.36620179762747,486.1242449173938
1.3502875515244532,20.520666493024923,49.738977662425995,167.59403520608754,441.7525588518753
1.3147992700334037,20.60776117744382,51.64166043037287,157.2884956119771,486.9300138502697
1.333471695594543,22.627434886142424,51.440307025124405,126.52071643219418,500.6430382281417
1.3224329751254822,19.349851714971354,51.08045116563573,163.38163495335098,417.8204601554969
1.343105053979377,22.523097894396113,52.03286552902869,135.11397669786544,563.5683301509918
1.331578903115689,20.882895228802735,51.10922516751269,161.44182671351732,471.11907184565376
1.3472312868059844,21.3957488746953,48.76246298430938,140.48881920586123,472.1886612172482
1.320852187251898,19.886447573884034,50.61834970595679,162.36917580053364,440.8685465943077
1.3105990137520325,20.183749633814873,50.14541390371165,158.05364360649094,398.95739623514874
1.324636262212921,18.829654591178308,50.65574137561767,182.50772545629235,413.80593537256107
1.3291501224220117,20.038228986296033,51.46497401439811,165.006625942754,431.3563535309416
1.3222193539520795,19.73247634425998,50.36168187986576,174.55013510574514,399.3912964938854
1.30366044057378,19.773580804210322,53.444384436086935,159.94249272099898,436.4374689319052
1.3678732829761346,22.180553202288124,49.37133389961112,140.7789264008071,426.29302681286975
1.2905049815697451,18.78633726482872,51.33441431744652,152.60541852840436,403.10673257968597
1.3330774746349863,21.1841667027037,49.52492356212637,136.9404730633805,601.5451597107287
1.3644157092082825,23.118638020563615,50.84033580848211,146.94273753443412,508.37912486422016
1.3308952551647222,19.52471764491567,49.93439630335393,156.64301622819355,367.54937674880347
1.3025989419714874,19.491429142862586,49.92404657501837,147.35850650427153,486.2960499793028
1.3404035356488815,20.359161760652473,52.55997882460635,166.1339266656859,504.2591955487367
1.3266911216878061,19.508310880463945,50.26437879176995,179.2243386818986,347.74268318869105
1.3277148644319015,18.974736905925067,48.41023098923435,168.3400571544695,390.4735243218757
1.3743305099885283,24.342206269191262,50.657376208999544,123.17740883421114,584.4796995297169
1.3454812501764275,21.458287268507412,49.26901029914477,145.7616144938547,421.7406060640535
1.303557887894024,20.383200206911667,54.22866183205504,157.39564511399175,482.6595479668527
1.3573474066056126,21.77620189195237,51.75286836314513,161.6520797969718,521.4981722261423
1.3226471931234034,20.08854454692423,50.66204375170495,157.27450546388357,461.11740677905794
1.3285411265177376,20.618424452834944,50.15212582809532,153.52132337965762,455.4245214330153
1.3166995794553364,21.589399116324277,50.429053217381345,127.73927431277978,518.963959479998
1.2888963919164742,20.33316432388429,50.232163260315495,135.32310529206876,503.74240615328796
1.316457181438572,19.873251875847842,50.83601206790627,164.30681357332458,396.41174655252246
1.3551625708663753,22.399877867910618,50.846447989427936,147.10987441406522,487.18808104801104
1.3372245316638047,21.918020835722487,47.70330356658552,139.0243108830834,443.68553135489884
1.3378165628223913,20.284246236851583,53.71179610215908,158.5989399073763,446.6496974715243
1.3221479132979765,21.058033462701328,51.99332510609687,168.52066129372326,491.6130407078203
1.3715754803443017,22.166509551714597,53.19822688525378,147.024003085456,449.43982721681033
1.3342325737949547,21.76043061428716,50.10528392653027,138.64077225812218,499.81079464601567
1.3283948222537219,21.47380044402555,49.03089978103675,141.51726992165783,577.3975223708503
1.355666531409438,21.843434783680905,51.603937850408414,163.09490691494972,420.5044647494655
1.3178510392203235,21.651150110739096,49.398580854779105,129.9517660161815,517.3626934122958
1.2939188535106014,20.08267050078184,48.26163927151082,134.0025907647888,423.3907534602131
1.3109120576045024,19.987434028643833,48.57895453667658,150.24230685121995,443.6079606658892
1.3210528954524337,20.053281779711178,48.32950245124045,148.90883553711086,431.9545443640514
1.318494835692243,21.776255514036848,51.17047412780115,138.0124394051159,539.3128467618712
1.3578003023319245,21.162469505738706,52.72145602075546,177.78966990449862,447.9609840894128
1.3634899791340023,24.34733407922792,50.1552971527006,120.2247694820514,560.196356925089
1.2870931765437266,18.828660710234136,49.371764914914,160.36393260188217,439.17334741927294
1.3572177074711287,22.65385671818971,51.15250059444297,141.62800455010353,497.9885393941617
1.3997447215418442,25.870437233071144,50.229866874327236,126.5258020972963,638.4688390881821
1.3099384840883341,19.445575097815478,46.40820677365859,142.75044004826043,411.9451693018787
1.3434167498917502,20.98927507203174,52.607177061563384,167.22951786283386,528.6982711223659
1.337415331391629,20.804894759646878,49.63438099819252,162.6594457257716,492.44701093280156
1.3170507932834432,21.22004027811321,50.954260778241306,131.12319365384573,486.1475932601848
1.3766150266520922,22.12726875801115,51.47444429940338,149.44339565640925,438.4532891159723
1.3437716233882373,21.50232450619268,51.25615474046154,153.91197041620396,407.1471639701035
1.3626689550865645,23.408570475334848,52.86090654430279,146.16243552044872,518.750650149917
1.332259872101796,22.380829322265765,50.0648513613319,131.10712244677114,509.54830359155727
1.4058122337224424,26.934436959240738,53.171864176120586,121.91444553571259,615.7853765158103
1.338760384782618,21.635312085508986,48.67162274717463,138.4755480050399,572.7259243835528
1.380465092240981,23.05587078777713,53.81009378577407,155.4567809260505,421.91441698923484
1.3070879505118649,19.693655598312567,51.69776820077018,136.27035923822717,361.5544861868776
1.3347855574160299,19.978186745864164,52.32874127320926,156.56206570314322,450.1516022609051
1.3462488055193484,21.195309116646943,50.8811958882313,154.72324225746598,442.8074035803301
1.319153666141379,20.055124107395315,50.31210387484016,177.69267464688474,411.67890992696704
1.3246048176900886,19.897972387348464,50.165218788227264,155.70092863677303,434.5043355406694
1.3428849872487858,19.48966538939094,49.84850179755595,195.19869793713877,305.4638370540761
1.3085479263785242,18.62289587920572,48.931725393060404,167.46591163870474,448.42938229214
1.3325684422981166,20.611435016109258,51.64232595565355,154.68330790613504,517.2093184085691
1.330062372790343,21.442419089252304,50.85116873176096,140.1259970444813,494.9307316293567
1.3383612278808834,20.731833773089242,51.669040636923256,164.3974256088077,450.91507865747985
1.357134212741042,22.160640893712944,51.005097956123365,153.91978975680595,506.46004885095044
1.3349848558934978,21.191101744462486,49.969158917413,150.1481165586544,474.23512395874695
1.3377860605492846,20.534263108933082,51.043300914552276,156.219712814002,483.98183049346113
1.351364972116382,21.817661785687648,54.97683956858866,163.85980328996325,517.8244405628702
1.348464604311151,21.364123228227562,52.16940582932523,140.48472521173787,500.78920059236845
1.326847631262286,20.439627008201732,47.59015838519395,136.90557235218938,370.7905031328927
1.3402603259983583,20.465395119978886,53.494920310943876,167.3772861474605,401.529063489904
1.3130223253454276,20.159188069447612,47.70573840066572,151.09949623240985,477.49869336083896
1.343497262042076,23.434875750493568,51.63552131563153,127.98958698956028,611.7023620699628
1.3430132977762852,22.653353240710736,51.84486980833602,140.25660248303382,560.2006974407207
1.3392199174602155,20.41757908659288,48.2028675413537,161.9878360758851,450.26134748024793
1.2864879797111386,18.620009567325127,47.48646926733502,145.39577438498205,436.1381492608385
1.3126939165827478,19.60322843843319,48.670477165248,146.92889078917,456.20427217526077
1.3363592526268946,20.97853898486316,52.40806037434218,158.69660230332232,427.76537397291753
1.35248922604722,21.181565955141306,51.26920681159215,153.82751019365276,493.11516244213453
1.3064465074224363,19.861657290222734,50.862814667114264,145.09287179526035,437.83703746961396
1.3202506936071237,20.19151723552462,52.20451604924813,143.492907395661,419.61181792503646
1.3207510646569174,20.309320793259424,49.85127144959452,155.76954703428626,466.29795503181833
1.3360658642793597,19.447529024632274,49.69752604621756,178.09520001587236,441.8437818795761
1.3430390082424197,21.01465643148503,49.89798265853226,143.04534921713395,419.46947692471014
1.339068266314775,20.941295687404153,49.94175423672362,154.34575913179373,505.33666767275133
1.32885872464782,21.022513555098918,48.926121095772224,149.57753379377314,467.96461228569694
1.3378596326170582,21.43613317299427,52.19224578205488,147.0115243745902,538.0635534186029
1.331982914782927,21.910940111153966,52.18185768811655,151.6826674934375,504.3070429717883
1.323952398299714,20.57113693951441,48.73667205918226,148.65027571946865,493.25189389454636
1.2655428385510437,19.398977486404878,50.54659450749201,133.0112232446066,495.76427200289436
1.3588552461718901,23.14364844304098,51.554410690363014,127.55070810046156,598.4561881000762
1.3191128728068962,20.16948446394996,50.85473914228346,166.9801091511964,484.79540376621264
1.3336006134840181,20.55283876848633,53.63647812189177,156.45021954222875,449.3670419993887
1.310634148659954,19.39467039783967,51.91613437877814,167.76524253090878,383.297866315656
1.3438101794263084,19.69023577120701,48.5387871040686,163.19673411959852,468.0617762531476
1.2903992088619316,19.050474122328936,47.780337004547384,158.39403997254976,423.08175734850425
1.3189891243287386,21.324807661985492,51.01370231310249,150.21135256414956,554.5451388094798
1.3174472959566865,19.693019292419372,51.83414243738727,171.35280611816586,511.04241091381937
1.3243701130514,19.77135461829434,47.844660754628975,169.12296079785585,459.42797904386936
1.3297953415591746,21.295940046145233,50.15614009068242,124.0977052589978,434.392127396529
1.3242604161740181,20.526406704561623,50.391712611153935,157.0955001102726,583.1708064141995
1.345295409306088,19.874700986512124,50.38261651163293,184.04115753518812,416.5499789316185
1.3252651352155806,21.02342845123139,51.589500398573165,148.843315692375,438.91711396649265
1.3047364171931073,19.788851179026196,50.57076689699153,164.36935836885348,432.8394963301751
1.3257874502218465,21.190724701746426,47.426853574408774,138.81774544269626,590.2745351429171
1.348813380820369,22.235317473398386,48.30100325060794,131.30028275512154,516.31944977794
1.384054606336989,24.230376611188966,51.452975542424646,136.00011241055165,586.0470692492198
1.3588194695112175,21.71262248144585,50.14687585530172,147.61000937531537,550.3511933496801
1.3506993612015727,22.883764863425085,52.7076815874934,131.1545989007127,678.556829201686
1.291598912186495,20.204641274790134,48.3234914161038,128.89138692160336,488.9380305096749
1.3469975489646266,20.902660496423117,50.8529293638379,162.83115397416373,367.51862171127766
1.2944932308605088,19.22428220928741,49.68347999789185,159.81783181304115,464.281816238195
1.3401203729487299,22.46985426991927,48.938664315493966,133.2114149281712,535.5411753332619
1.3339954393142759,22.41443848873326,51.87502096451856,143.4094010689036,501.72182819406675
1.3378710362653783,20.325211616630593,49.26150041221369,162.6238522900085,437.087882196768
1.42948944910769,26.997096712978497,52.39007385067444,153.35533606546235,547.5230059020142
1.3717414587001922,22.799426426506752,51.7092415256499,144.11167198706494,569.3453970330313
1.321802024379976,19.314670925276424,49.54582705611934,157.23506551676962,420.59905855337325
1.3259544570356034,21.365591718648226,48.23708679046394,128.43296479862744,522.58922936625
1.3317126493096951,20.68019989504887,50.13413930032027,154.51972100600346,402.9481944180516
1.3029970892022744,19.246924896207027,51.54822202880526,165.57386087596691,547.1221783351249
1.3381338353064807,19.65683230806396,51.71165177958401,175.37037903105124,407.1314842591435
1.3377848985984562,22.33809858033104,51.67324702108153,142.87214106905967,539.2995399043901
1.3567676281592598,22.19144072626883,51.38529426776851,141.43135932177563,480.9510196770617
1.3374720789704593,21.737509633058448,50.15650082472612,145.5012696808055,582.1268387473153
1.3455522983862571,20.51445700827568,50.25603623104887,154.95271569365173,406.96999388471636
1.342044105277858,23.48762658849558,50.39777383119308,131.9527111031031,538.5615458729352
1.3076262086805202,20.15362794020167,49.715111872374074,156.48626844145912,476.29743896459917
1.3574496459531513,21.114796442391327,53.993651989599506,158.89162349158048,443.8009666118822
1.3255531684418331,20.8915834263237,53.26052170629066,154.9016977653207,464.02247897521505
1.3454433671615385,22.0584534823789,48.51561727496421,131.71019415820882,421.2947954085815
1.3215603609255915,22.048053775384908,50.03920414755651,122.01587124324506,528.3116715672112
1.3552959383106549,22.184345334202465,51.0140693784801,145.03425297510543,450.4531469730729
1.3294295946998198,21.208215243542025,51.3361916398532,135.15130249305543,511.94388301803747
1.3232227312255938,20.105943087580357,50.64433181731185,148.89061907019538,436.3296052614512
1.3041443089426112,19.878600226793928,49.69633333909312,148.48653790947824,436.8176502237424
1.3291303907482137,20.77936166784378,50.74322898768417,147.04465932865173,420.56566582953656
1.3250415072942368,21.182468504231462,50.633344808890854,133.8856934839373,537.9103570247169
1.3602730941899623,22.157301804931322,53.043509754742146,156.1944140253214,484.3608520036278
1.3062124172331595,20.072312893102595,52.20065976138379,161.6263055157615,410.84886296772606
1.324596428167369,19.255561818105654,50.38936070552035,168.47674583656405,362.742892196279
1.3085864862536585,18.37838030116889,49.73688445772239,181.93201307118892,408.90398870566435
1.3220924655421458,20.885616194053213,50.09443412116549,154.2568431623434,485.5161662509791
1.341076658478847,22.17481934763521,51.30292576344495,137.7051168295213,476.36119036517243
1.3368194756841107,21.173677267093087,48.19204576785565,137.37015369467164,490.0251450860495
1.325010598057424,20.594579276510228,50.42727751529254,142.11562745304732,488.7641824955737
1.3471902964123892,21.164498303355096,50.823879403078,164.48484793624704,484.8730382744347
1.3676533626999168,22.663355557733414,51.44912466023679,146.36739744150717,419.6756651077247
1.326937353643749,19.974372560798578,51.79749989235081,147.17930768484726,376.4442485867283
1.373628131008185,23.686471500429434,52.19560967731617,148.90085267869915,560.9048334018316
1.3257641931133852,19.69816732084756,51.484409451462035,160.33325851555128,379.533026259299
1.311361389625698,19.87231438816591,46.57407342736272,147.1940481978212,529.5894621906002
1.3300994216358295,19.818914085978427,50.50870954680682,166.30727329409427,448.3789619946926
1.3209371849464924,19.10421468606714,53.32606418257015,179.6734087010017,373.4461776315941
1.2996778686926889,19.652595851152416,49.73393345760806,145.147794471952,398.823673355284
1.370541477576701,24.824567871477633,52.162383614331596,127.32234890370539,520.8870031530579
1.3408925825889468,21.920824661113457,47.87524712310644,148.13395842698736,511.2217453665042
1.3415241018852113,21.25224149840807,50.997695019840435,158.38476538272943,464.55980027543154
1.3558428391158024,21.86118120748898,52.81643908098286,149.64110254359372,420.5931221517897
1.3196480197209435,20.158231026873533,48.69152014262778,145.97861078272592,425.29034627122564
1.320494137107256,20.427127791554494,50.37836511992809,136.29203638120353,478.34426170211
1.310223630615755,19.77287219420521,49.11305947760633,153.3976674969009,400.40180097932983
1.321710623129174,20.560404993736466,48.71663686202846,157.7091956820163,460.24445726522845
1.3360432927076813,19.77418940372543,48.578603106459276,158.9646654718313,408.432734817477
1.3303412789000355,21.033670744722656,52.73524302966826,149.5640396339197,462.50975556602475
1.339406236253982,21.66468017946446,53.33528973810923,140.67849810114865,468.40320340303964
1.332358017346757,20.37503320742927,48.47953191268142,162.742708305245,507.3803119944192
1.3352077100016695,20.279261126160176,51.51993645007028,162.31745057416487,364.74953512174784
1.3351425099684473,21.348665764802337,50.830181569014215,149.47307437216875,484.93980139705906
1.3305348883014902,20.82761539588106,51.25998907732856,153.1699347657133,460.82632924506333
1.3327301320845732,19.303231420912592,49.897547327806386,167.3543090005436,355.9219956545481
1.3137744209845192,21.2477114648075,52.68634490487408,143.01280652096693,509.22843203685153
1.333828972615609,20.80721690453874,48.08133085294182,152.87636213336182,389.3205433038025
1.3291445661214927,20.840532040333933,48.912464203625994,131.33422813709674,456.8856410622649
1.359327806964378,21.736289119385724,50.025247414466335,158.93126663912838,473.3217447662292
1.314949100623115,20.57120395007925,51.71987433068997,155.71146368454373,501.6888627045724
1.3390436514366704,20.79658560927782,51.5781985918423,151.6920354250015,477.5230940869147
1.306138443591957,18.70641519297209,52.627176736871846,155.32026303578687,395.54970816883935
1.3060954559136002,19.815903696904144,46.94150683240132,141.42325094327992,359.3082740987961
1.3356298973389436,20.215164056013116,50.43029107021269,162.2980187400578,423.97569785401294
1.350715939641892,21.682693665709316,52.94313096737575,166.58759988565174,483.8439345142732
1.3828778356276072,23.91660156509288,51.33995536430851,145.20918516238305,557.381532640402
1.3409009181586675,20.736253530877644,51.73202137743742,154.1499535212951,456.9701708935508
1.3224284856110295,20.026256658939836,50.15940747617343,153.14530378188624,444.10619985823325
1.3176509928020694,20.82774111527985,50.33910171603419,141.94996273373252,440.84146604929725
1.3533160710037402,20.37982984550215,52.68362914670437,175.89855737193614,418.4459712797298
1.3924637496010241,24.231356317048153,53.17440039938604,142.42843178263385,509.7680523635935
1.3727233245388677,22.185732078053107,49.5335916878474,159.1114851615037,504.9802557048639
1.3517512271147778,21.02170411194333,49.16946119585261,166.14395312823268,535.6069064957633
1.3054741564695191,21.03050361812889,51.71516691262144,128.55384199281627,545.0269844468654
1.3221978293719243,21.74926684383509,48.809465517382,131.6003172013434,529.2847164173278
1.3222400381902972,21.078046033639943,49.62262705503515,132.5836528286667,491.62575623911505
1.325125989600668,21.691208016156658,48.968812037154294,127.80976301117904,477.262284613344
1.359352747394584,22.340662709011195,49.427733314876555,140.417898747513,542.4642306983203
1.345675365989753,21.898259596481648,52.228473978994586,158.00430295019328,545.7547322592286
1.350347095018734,22.91783358817336,49.92258266955727,143.14805833534433,464.4034945462783
1.294803665153018,18.189778764353687,50.22141337094261,170.85909564642006,360.5493789710951
1.3116981249419082,18.75511907057313,48.19959636066279,158.45123640654052,416.15269293624164
1.3258807738567029,21.24464353280114,51.3273135552197,155.0458600268734,454.8142053206566
1.34175267557871,21.078025706761576,52.47924488166916,139.70348153532015,457.52935909599734
1.2873374532065611,19.113734239568803,49.12304420021147,150.08121593746188,346.1621945022089
1.3518338606105043,21.655043929310473,51.6730464987568,140.62937166813325,388.7444078916294
1.3364296246797391,21.334574309970286,48.93713987418146,123.85993635211548,490.99098164960577
1.3250302865646164,19.85001478499097,52.06782217432168,156.69511672407893,386.77461409362024
1.3819873894387684,23.161135658597885,53.87567161920832,143.00565826789972,528.2429483141276
1.4018701062599102,25.693736147428332,54.767776878417685,129.5881809595852,639.3748117535708
1.313552244125235,19.66686798241146,48.826713858573754,157.8598124857623,335.64274826147334
1.3172919359967525,19.80671007504463,52.21924598377856,157.37504236124653,502.99569465239654
1.3432395990668748,21.68315189847324,52.59393881314389,149.23866718873404,435.70192501244964
1.3225954006066718,19.774911448234562,51.84650344982597,168.84927667740783,464.70244353459657
1.317539041108859,20.995507431941064,49.950147169278225,140.4754139371062,465.31684966362184
1.320235757774158,20.455538961130827,48.95961797827535,141.1226208663621,438.1679937447207
1.3192888827636207,19.722310277926624,50.1738428725121,166.93311350644558,430.6598698323234
1.3538973953252484,23.223822214937655,49.31729445765229,127.92996444750733,540.0363700683158
1.3516982414814283,22.65627922996102,50.431714573105054,138.74513378076853,577.1909140591891
1.3129585165563433,21.30173380166826,49.314843645804004,130.20149138268593,590.7317782172327
1.3291171418155103,21.209787767722972,49.338929967615584,162.48191774017062,497.9094104575216
1.3389301343412372,21.724420483264563,51.86049148187157,165.11294960271243,470.40352077514274
1.3366950664245407,20.92834340174342,49.911437044486334,156.69216136210366,495.37189579147514
1.310892191065547,19.73625246692078,50.42124193576809,166.98815811458616,381.0956946210746
1.3403592023226951,21.75154515427714,50.91150022149647,140.46623909225875,492.1644906163742
1.3206558340741346,19.888639798017756,49.080911476949176,148.45089279516316,341.90048512128214
1.3720015679503494,22.82656107572223,49.569316451184704,151.25527887976702,412.8442955960947
1.2964193174785856,20.319683932036874,49.76998326226407,145.43565477167752,518.0249578966727
1.347501409263897,21.088150034316968,49.847477422062866,139.2646948269074,522.2460339729586
1.367613535291881,20.509831748186954,50.9624790564411,168.26415949064102,448.2867035163099
1.326499050490292,20.89715470799846,48.935019521287856,154.6812574278414,490.3199906790448
1.3175323138464519,20.75714006074475,48.58944901525066,136.7766939678449,472.98161491683413
1.327096220004221,21.08599418588891,49.16583984383106,148.5721163834674,418.8768075950781
1.2933816612548128,17.093141674517355,49.31421441014454,195.4257167486016,359.1967109612035
1.3430207169351207,22.44461514635838,51.29915767370995,137.78358399393278,555.958543461325
1.3192737018390672,20.21395447305894,48.74098298524476,144.42581665882088,479.98104903122265
1.3424040856417288,21.24499023651019,50.73320681934399,156.60285882722724,478.4376407504411
1.3922975601528946,25.144970377903768,52.108870443291856,141.3227757657918,578.1194162092659
1.3414574773356198,21.564487901600856,51.83890046150265,131.59445918510013,398.2287025650183
1.3178395876203526,20.852315960457005,52.26666556795569,152.28483455863176,629.5106111981569
1.3507917448816038,21.32475862324625,47.96685335752612,158.76547673189725,425.92759386866487
1.3222458580018115,21.120355566201766,50.87893157522574,125.51612843944159,611.6609361495176
1.3382715803326528,21.398135647868557,52.12335928393141,156.26052898120668,448.82314934994366
1.34501210266157,22.431710408636327,51.63093508862471,147.53806421312086,494.42055204921405
1.3781397522002727,24.540982079872283,53.128604066546245,140.68834745516017,550.272526918215
1.3169147604329918,20.238777328579175,49.59457298749573,149.19689358739748,462.7830275463582
1.3071127090321937,19.34683340686132,50.991327081979264,161.26422859708651,438.27646140314823
1.319666141294825,20.38514094563968,53.68152353977729,161.10192281620556,405.8039025851176
1.319928292764894,19.8439311650789,52.27046817763884,160.6659089702626,397.7987366705465
1.3258686123757575,19.62949255949099,52.747683611993416,176.44754954779987,452.9661522377819
1.3326000289531237,21.442634329963713,51.91426418096727,148.37851535761834,559.7136767101766
1.3247427392208548,19.724821204349453,51.02099636337583,170.93963911588637,413.01220324913197
1.3617808289848081,23.184389690387977,53.25055920472678,137.49244743592845,499.54422670794423
1.3382164046215783,20.11461250736997,49.65053020581865,169.49694800661467,464.4802849362956
1.3412561981627886,21.49060910590333,52.68035933980294,141.38667622266183,475.11760519296024
1.316559368924433,20.26664651865093,48.803885761919084,143.78894364265796,458.5441280671134
1.3215107984803354,19.642225096956714,51.78045883758851,161.12802121297858,349.7492394840699
1.3037840210272449,19.736626049955213,50.763994626244816,153.22960092267382,469.45058605714803
1.3242758439288895,19.95971671113148,49.40232877357356,147.14466985202577,402.4663234352792
1.3149599919472528,21.652943253895696,48.4817084568701,128.1615579091188,436.94276016864154
1.3009622081157044,20.121869148990452,49.28050478165962,144.46158913840978,506.9402304644072
1.3445273626533276,20.49295805656876,51.91035101025541,172.40714037816628,501.12929453870225
1.3148190468307261,20.442126005987998,48.41624963392455,138.94219507091634,548.2737882942921
1.3468965754349491,21.054806980713224,50.61020547008422,160.95843784414282,453.23842323309225
1.3505569748831074,20.622634892212353,51.11208674793169,161.75920056218848,399.9119724610923
1.336023254148993,20.5179616503308,49.44940295689576,145.70989125104074,494.30000513454485
1.3488003648897697,22.166176930196677,50.859047955900635,131.312635104162,549.4735842069089
1.3216329647861464,20.559304426001923,50.896119719972056,138.02450409936716,468.12745387932125
1.3177283496017727,20.16213503110194,48.554111677130706,162.44441593094467,421.47070287330206
1.3474764888807962,21.191335757312448,49.006478324223885,150.35772658709686,483.7400057070692
1.363107148626354,23.00550633360981,51.90014048595678,149.00730139229424,519.2390803549106
1.3050611304708004,19.901940934384193,52.032266396593805,161.88302043904005,480.57948040611114
1.3637492531908055,21.903548478101698,51.0775297904448,154.26583833356239,476.0134336115978
1.2919937051425776,20.185847939313135,52.531041060038596,139.45763689534007,455.3177513966497
1.3761419314208618,23.89243220553649,50.94896403110974,153.78639277568573,532.643663005904
1.3576716178765487,22.14588115814572,51.34654186619297,145.4267784797929,451.6261262357639
1.33835206600665,21.9346292676993,52.950787888561514,155.74674703739115,529.3426771249815
1.3359035477179466,19.65874048310938,49.68605746457901,163.21443904545538,393.29010726404243
1.31928143150864,19.836192000451405,50.5655124352479,156.66499185081665,382.65075580294695
1.3308710833507948,21.6635555801722,51.79394029223469,144.11794768144736,485.91246057744
1.3621240779273076,22.198340427603007,54.63639415333345,154.90783073747937,441.21443080380817
1.3605624519359911,22.703473695271686,52.88991819096156,136.6233571011598,493.39671468651363
1.394890577712335,24.665651951914526,50.68279685668283,123.83691054493094,455.3923236264626
1.3486201127751207,22.223752796662534,52.88189229939803,147.28734531611613,458.37114049119054
1.370692251938856,22.905179199952237,53.4746137949813,151.6839482881503,496.9468509862089
1.3359117200173178,21.90307408751873,50.84431387378188,136.60297994550035,522.8032736782983
1.3373473452440061,21.53769040407774,51.593583358781075,157.21808826759448,502.27676218024095
1.356683379686403,21.4435927531558,49.58697339924398,148.53374532097254,474.23354943154953
1.3536492858386437,22.66983671059446,51.60561242414614,144.24763527438324,534.4078088077393
1.3126689603492034,19.388387844266806,50.495425998208155,168.913308352427,421.5450853288835
1.3181495138858361,20.831314172502758,50.22297556565082,134.55850220318337,530.2342727982723
1.3278703896867619,21.073424470739475,53.13446178280659,150.18920960652224,473.01606519545754
1.3243640532859673,20.441654412598332,50.815430307934,150.89753451663324,531.4430790547889
1.3216602031367388,19.919508271019,50.54872233159994,158.36150729525556,490.3769200609169
1.3329126418582575,20.09308308038216,49.75480358563377,156.68242272373496,403.0920419258098
1.336582931776574,20.99598148773663,50.08731476163203,156.77281321446125,496.0078486361135
1.3382545689249792,21.29974831077167,52.03587835035974,151.8575257864125,420.4145233988141
1.333609751371782,20.0583205722864,50.37670258866026,160.2429114081338,395.5835659425594
1.3157913174441358,22.321574781228467,50.42805863558192,125.39854659125709,461.27635458133193
1.3269157363844304,20.549892098089664,50.365995120518505,150.628074665224,561.9691683961712
1.2897189927074475,18.406445521692973,48.76923733009787,164.27214932847798,386.11256180955644
1.3297660221778838,21.85719582545839,48.79270690371391,146.48755526095957,495.4512765323379
1.3568780659311923,21.615129446758733,51.68969267526546,167.68312569785328,441.2459798406823
1.3604020912537411,23.18157184232759,50.48880772003013,127.85368490846983,544.3726064414398
1.3215983766595556,21.841976558098825,49.86089310936736,120.83142630705024,477.68546228642936
1.3013638838914603,18.81591575102531,47.42483912014298,157.1206203330063,447.19360142691886
1.3153176314585953,20.030774004724442,49.79592602646251,159.79626001459846,437.0850583494
1.366233001246341,23.12249987485707,51.75640251820921,138.71074027950726,547.3977474392462
1.3365189086984892,20.84866964564733,49.48202144899554,155.54692793075267,443.75933502073036
1.3432936926901744,22.182865419575684,52.10568953377558,149.08155031245983,534.8800580144488
1.3620718487709564,22.035378160282757,52.11762649776117,151.41684006737142,412.6234674067294
1.33206486533134,20.88625892901399,52.10845043690147,130.27465611970732,492.43265936982385
1.3105404848958668,19.989886512620856,49.47053762054359,149.06231350304546,410.2945317162872
1.3145938391022338,19.792205748218066,49.71853232050508,149.49276713460648,379.84061761800535
1.3292060454902732,20.338560987679955,51.52412843762496,159.23191681468452,483.9711597479314
1.3253356780182142,20.617132617960053,46.62844834083249,148.12961446587755,438.25879748536363
1.3405090180265289,21.060041584103644,50.90249215436407,154.94847946126183,501.97870999600775
1.3388160632342525,22.318558830413473,50.69549118176359,143.88582491950007,544.3359753763655
1.3336822135043827,21.800267103440625,50.197572550687156,145.8999082388268,513.0780283976162
1.3397082094775652,21.047017254120682,49.16274542238897,150.6229597641226,424.0714579191324
1.3605832630695769,21.396395266089254,51.280105860290064,153.74941910265073,495.2378575307802
1.3680797547257266,23.442669467794744,49.07229845165436,146.71612508552727,441.4725438907008
1.348654239359378,20.962623340164306,47.33933495583362,161.43910044410285,414.6563615815527
1.335487317922702,20.345050150948655,50.627755278427635,155.3712824162278,504.66941350178604
1.3742512790769417,23.64579647479149,52.46023751700158,147.61482376704438,481.82458562346244
1.3171326833236832,19.739848432824004,49.917352412103945,164.47104785341529,481.0394406508204
1.3222716624471607,21.09524265745597,51.65277174078584,144.93879019375944,537.9590279134753
1.3472005992651455,21.09966877185491,51.918889540384136,158.1111925499629,501.3779142061808
1.3294072133091017,21.335995980471942,51.1724415353279,151.97259066939142,486.1462018500444
1.399637993146127,24.35757406489506,52.071839062185305,134.64396100752663,518.8589295835791
1.3148384110734703,18.976262567304886,50.65888936760417,170.1909275025044,448.91436069101354
1.2993155632113504,20.25961715803451,52.262364081034406,151.7702224598763,517.5961221572136
1.3492868107792542,21.42238264491203,51.153253853671885,146.17197769958824,482.72253440239535
1.3165248424386053,19.025177149521546,49.310187247114825,168.57115400991876,454.7585582936003
1.2930541189325122,20.456992720542083,51.44863396212757,131.37235262420015,490.90508466926116
1.330484798949445,20.66328194461854,50.90635275215496,157.30324059192657,445.9376225143466
1.3085836348722255,19.721130206819428,51.386346115835146,148.63406727756134,473.5761963484987
1.3604195423935197,22.667522342585492,50.415116610541524,127.81734111264761,532.8874829938201
1.301416247844712,19.696882137340367,50.39742379031615,157.82534625751214,436.9305586042461
1.2879283210238686,20.371204521842476,49.66868098299823,124.5971674226844,503.14807876353717
1.3627536373256102,21.68575933883549,50.4412247611955,157.94608971983794,524.9137355446918
1.3524719107787306,20.98970964356758,49.83912982146848,175.6058851935536,493.3995431326139
1.315929339688976,20.544427608973027,52.11095769837128,145.24295016092802,537.325212913374
1.3257329499485526,20.04338231962334,48.892685372010966,153.92935502660117,389.1121312441866
1.313202139909988,20.466099534939172,50.099863254437324,150.30118852555262,451.1185256297742
1.3219857959403563,21.528706129408313,49.45570696943795,132.1636784545824,512.1417549881817
1.3236557835879963,21.233761366007116,51.86772746410895,150.69465775298755,506.8329512283345
1.3270841665467419,20.53508605703595,49.08942668790574,146.97924717586744,343.4999792192744
1.3673277224333171,23.166876224558457,50.643973266673356,152.95636802704541,445.34484267018695
1.3328411661470199,20.856378874134588,53.16661303047372,156.8886389818693,372.76738623548806
1.3383228364990742,20.471488173892475,50.59726562719303,156.46253566998945,448.08457071904235
1.3387833831607951,21.621071434750043,52.08712385193936,155.56776946020312,490.8571105748339
1.319038118322188,20.832194361188215,49.14351309547576,131.96611752730152,405.34056508313046
1.289248924803452,19.099467550450303,52.07588363288755,153.79711069260804,517.4705253014519
1.334442439979737,21.86616217263289,48.637247369455174,125.81516806061924,499.73432254778635
1.3122802737782144,21.25483251971215,51.33129280141032,151.18236164746904,539.0347986052888
1.3281392441762037,21.400057157278773,50.31957365972898,157.17233183069357,453.71989406530736
1.3085962625677727,20.39031417963038,50.4563587230689,132.14981987008017,462.65458104710973
1.3027649007429838,18.396586795480804,48.68033893876106,186.77297212516027,456.4271570916744
1.3115978622552886,21.095330770428692,50.8045353866165,144.80162573768425,564.3674452662113
1.397422502318835,23.72340008705438,54.70011638507705,150.8044902052736,461.43871315194457
1.345311797526042,20.3173726114961,47.61848806242758,159.8803730578393,471.663193661557
1.321190530048308,19.602969796979767,53.35966940435117,173.8557386230228,364.60550924543196
1.3694110298156028,23.66324992606137,51.371716222513406,134.5036052023706,488.3542184213921
1.3220952693033996,20.23620875505409,48.95241028860331,135.83546893927718,449.8329292935536
1.3525275317642207,21.557442381924595,47.760011837161194,150.47629793506076,441.8070090331264
1.3003978715209017,20.39364322616532,50.821751667494695,143.30806423484464,487.42147031245804
1.3636545025524136,23.20054085970713,53.03552141872958,140.24552326701675,545.296869594708
1.3066901244265703,20.00413171168391,50.41032951623537,164.88843624767648,468.5463598590247
1.3200516151136468,21.681164688205115,49.02033292941473,139.1399012546785,608.3881151608828
1.3392070229652147,23.555390026690617,51.05384704320124,122.45906260444077,547.3517553747034
1.3416694648099616,20.847902390238193,49.40092306291088,156.42148635101034,432.6296152995491
1.3249636738370951,20.418501422920947,50.20956235066433,173.83946006121135,389.51826094734673
1.3327127540878396,20.785327247776905,48.451108307507724,143.96660576509836,442.48379119489175
1.3721993722493344,23.435257256806622,51.94188600714333,145.9339554675942,503.5336062611613
1.2938038427858851,20.91742546415924,51.04288478983954,129.3174787279926,531.0794431370348
1.3060382359759255,20.81271904894524,52.31167759458845,144.49541584676714,558.2415869424706
1.3167690097986018,19.670952249114187,50.93722448670999,172.01967381710847,417.07118710358867
1.3368712927738975,20.36892121461385,52.42699039542473,159.10646164076746,404.3008100180814
1.342853998301812,21.05812292254499,51.828283907377504,148.98947448932353,482.07464337122815
1.322921066562556,19.740380485887545,49.85539197572509,154.69128153076704,415.3892035868239
1.3079423701973234,20.01182100690697,47.987959500782964,139.67625341584895,443.47419544892426
1.3373188332778116,20.044942925909368,51.247047886827204,162.82605282078188,406.1172126607939
1.285224037017993,19.841081926311887,49.51311099654157,147.2305543492755,481.4370225914499
1.2921580428363004,19.300006290128252,48.619074706124955,154.67785080001693,453.1819597880528
1.3076838531675756,19.5769046457745,51.47192259181639,147.63030504366273,492.74716138210925
1.337122780475579,20.49071115563779,49.44515562009755,165.19387689614334,472.08269241305334
1.3152093283932655,20.48689665527099,51.49434464629529,145.15604347237345,391.94049109305286
1.3335483080596375,21.96991311404564,50.27842614012967,134.1647286136277,540.1450362908457
1.3038019372677243,18.716171933703983,49.697843877895586,154.16018287249602,395.2466092715159
1.3221427958240546,19.67667241405917,49.628712057218216,151.63250906854756,444.4749842638849
1.3106232326430027,19.09807232719182,50.80817628723646,173.81060469077443,420.08280541603887
1.3413731489152707,20.05022804527497,50.15147492534041,161.1903221314288,387.8373358120348
1.3260819115600166,21.169949249673955,49.66033429149874,146.74823924080164,360.6814777075196
1.340418582202122,21.845864495762097,51.931292010389654,140.17216714893706,440.71195218507694
1.3237105171631165,19.767400542325657,48.23808144995635,166.7462583122086,465.5127269186108
1.3478447930373525,20.064431280674178,51.208411488244856,176.98057022251598,380.5655110863042
1.3247169284973506,18.621953807892126,52.0162427911497,189.6843917663181,408.90723447901945
1.3421138207716194,19.508505816773127,52.64890540260963,177.5850812568968,428.03024022097406
1.3224702258626688,22.187412357729734,53.58973456933878,144.53039475529417,537.3660366428126
1.3199630259055133,21.47803705462394,50.99736211362745,133.68344237000915,544.6953246971246
1.3143439021796162,21.07364003982036,49.50604728519008,125.10155502351827,470.5684681789915
1.35131651612046,21.39004522063669,50.68570368656826,143.4709969907283,475.69081287412394
1.2871001243178477,18.890214002026312,49.92438586242146,153.5820025057365,397.9123242089335
1.33164337136031,22.01639868306113,50.49451253147199,150.94165026909639,516.5497411349703
1.3187159326120894,20.293595121259518,49.699868798012055,152.98574146006513,479.66111951204573
1.354813006516327,21.560517705178395,54.9804055032051,172.18641832605152,459.81353718153775
1.296544185738014,19.442880969835283,49.803626855925565,149.80939829898898,360.86079475722886
1.322552595751702,19.601944487114267,50.611430532338154,158.2070448424177,379.45860901164605
1.3020393989242391,20.53231125875433,50.251819123834025,147.27641576429787,506.77893572227134
1.3430507620756833,21.383248651502797,47.921325706009895,141.0000850266896,506.99479847918957
1.3195825096509228,21.502562486649822,51.859860204321954,147.45740906934859,532.3074331002514
1.3301675310613552,22.51536584982083,52.3224452498018,129.10301450535476,554.7225524223445
1.3686847274560927,23.148959767289767,52.482458119701946,147.39015316793657,432.9645645142408
1.3267718138555638,19.312529136030328,49.95519827050178,172.14678530866405,474.75509569008534
1.336801794006967,21.05285494372384,51.471832997937206,155.58817220428278,455.3050564893544
1.3255983188699183,20.286897289342722,49.44543936120325,144.615387654986,439.1926640809853
1.33480604601821,20.957643945907996,49.163928948711934,144.67386517284748,526.246433759721
1.3238461144733724,20.0129192280009,52.20018648463815,182.4893327056149,450.30436335603144
1.3330549089310784,19.778568885258018,49.34877421136864,155.8016806941186,459.46792368166393
1.3041200649371603,19.3473283346649,49.21318478843693,158.23526290360755,422.5425238043485
1.3608442020078342,23.525201189018546,53.5216580920691,129.33370527122057,519.4777844657524
1.3499499075956745,23.054868566221216,52.47375582404113,134.85271126720048,537.1897455118028
1.308221058663583,18.620614184168346,52.15048576168457,186.60856256040523,387.0056991289498
1.389177304084043,24.671818707111566,53.13696123532609,157.4064802600546,502.19418160872823
1.366378772826625,22.83540762022262,50.60465648544163,137.17530245622646,517.3184566842764
1.3103776978931825,20.99291825132243,48.748408280762256,143.463580955407,537.7534882462779
1.348101679389174,22.008907200740136,54.30249284220156,155.5253299622475,483.7272832418456
1.344459197577437,22.595782685025007,51.29333696357148,130.04234626565324,572.2858909844047
1.3567084106800136,21.621272404859774,50.305532686508194,153.45236899215408,528.6521202221583
1.31265360340536,21.2776640708796,50.32637750138278,129.34776256940512,566.0330356463746
1.3469833980197852,21.602691421079495,53.53749653758269,151.26880575256737,464.0113012366805
1.298817819160857,18.73346895624983,48.28812173916743,164.22868980355523,457.3666580037575
1.3186699656272316,20.5563938965104,49.10199778838178,141.31091990486743,504.8381838941956
1.36983760955997,21.936119910234133,50.24688485164434,158.9444462483405,419.55290118530615
1.3329198978205936,20.486983166380437,49.74898494102903,150.95803027221504,514.9093306183386
1.3293741422447316,20.744513941050354,48.82796730364462,145.19947342798585,427.9003586803013
1.3422449233103775,22.03952637869634,50.81491169882395,151.86546658852347,493.9838874436711
1.3094123797700146,19.760995152713463,49.04858038136072,156.0778411980265,513.7639889023226
1.361813155949211,21.011509091083347,54.12703124155989,175.6607636156794,380.1492024498953
1.3340458523176206,20.077739473218916,51.41357859885311,158.55209679717217,430.880064762543
1.3088626881257759,19.723371545068908,47.79440756320028,164.6738469903796,410.44131633835167
1.3325838046194893,20.0729264614683,50.80876957802882,162.58573344857405,468.3507468376837
1.3053906152247179,19.04261079357324,49.92259129956469,162.89104026765554,385.60513267176617
1.3457027762359421,20.333761145284353,51.84759963667377,173.6843396975739,476.85847572904265
1.3326518646226948,20.00337646883797,52.28132172665537,178.82106050944353,411.9080664997239
1.3103262221685474,20.26106476056462,50.84585042918508,148.37549190620857,504.6593752243373
1.3232767073554903,20.228484151890864,50.403433785780955,178.6596197435619,374.3612528956411
1.3379548655027926,20.933972375321552,51.116721617756475,153.1515030133352,382.69675537441725
1.3261092887121746,20.77930019691462,47.846817764695224,153.83079091467005,473.04173613993606
1.3624160675770762,22.47019653761147,54.079729585080244,153.16688572573491,412.39977433024865
1.3185340407637907,20.610316137179638,48.99457790383591,128.6813707426398,498.89987838249994
1.318044305330169,18.912920271804804,51.039903592645196,165.99915285778286,440.41292852677856
1.305835331488571,20.158476560075318,50.65164368162287,140.99307388036203,442.4201721525995
1.3293660886746737,22.200365780719856,51.70860375825599,125.0378781405227,550.4841594488253
1.3137328355037927,19.077564132927336,49.4320425753054,180.57663072944868,447.45707149787455
1.3198759891222744,20.9616167306267,49.616497339357785,148.2592073210714,542.8815704861634
1.3035075935404614,18.35841908094807,51.703258516921224,171.68659769166345,389.8184825787822
1.3076499835150848,17.87369011604419,48.41083728646602,171.33559005373908,395.74633609092945
1.3442387062143117,20.13571224386605,50.19149019668079,171.67877312637336,385.01174645988783
1.311359475967409,20.153374318652034,50.38140000141457,151.07468537422733,470.46985908226594
1.2912296147602766,19.176017558189777,51.88255968293263,156.20782044084564,433.2693459937421
1.3785427448257184,24.61050630666313,56.566230098067926,144.989272766461,495.34073162978723
1.3296404915535138,20.60488536962142,51.822566095677495,151.66835155138492,508.7302018296701
1.3580671022720716,23.658763169587733,53.470082996477935,133.67115443906007,514.1246274186321
1.3376723487128004,20.44812582672417,50.369326652979474,160.639895360475,420.1597313652246
1.3385274097752093,19.196326972480584,49.68063152684059,180.08166576614897,384.828501537442
1.3272982710205046,20.756524486517034,51.30087955917379,145.38996056548893,443.0096238792838
1.298794489107612,20.46964999418033,48.489813759104806,139.05365487072032,517.3860936375185
1.32616999145163,20.403537148437174,51.1691596717056,137.48132305377482,450.13509287408
1.3526872346865,21.491450889738605,48.7985702667704,149.50516694262691,501.3877860711756
1.3417869604551553,21.10299224352168,51.57788927479165,159.85280699187248,432.77719518576777
1.3278659149045922,21.460675996974942,49.1203570327303,133.4397323550669,447.3164879154077
1.3466195475526572,22.44702098691078,51.68818888058144,140.65697656109623,548.926217291141
1.355276937399362,22.842881337455122,50.78427148731637,124.57167459717323,484.8481930435289
1.316093394560116,20.11601572327868,49.541779903248326,160.3457225714671,401.2338620702318
1.308879400617722,19.934575368805508,51.17146423410931,150.13465385878914,426.62091574201963
1.3716868021838982,23.61417068014843,51.96778824636919,133.1439872663697,430.7851789901495
1.2958743764175285,18.694558581685833,47.8381266728407,151.67017467027677,464.1077797296448
1.3526069266437377,19.82685380382476,46.077777909704515,165.84763438511308,513.0385490798967
1.3748661727556022,22.543634425768662,51.4697785082821,145.18300105251424,482.1212412701164
1.3624694049364208,22.474576101797364,51.66052761553042,151.37256404110443,538.6502496323875
1.3527129571271082,22.187521109983066,49.70765674366207,147.12546506036244,499.1940840655566
1.3683883840028421,22.125511860432997,53.62928339778616,154.1077240078767,407.68456448769416
1.3027931472603789,21.299322379319417,52.165538737910964,125.89167633917337,485.2002285819674
1.3837846618344254,24.331394243428605,49.54044001566379,134.17512780405622,440.32324676976066
1.3676430768690566,22.382811831358374,50.120209922573366,150.37987843701603,496.37453661263277
1.3489274158013171,21.47022733170812,50.92326971927749,151.03387012708745,448.8024047002266
1.3277040720250557,22.18649509826431,48.015803243571256,139.4968728819377,583.1657907154621
1.3198294791049734,20.101985380124937,48.81475235541255,140.10603366635294,461.17591086354537
1.3667834561920298,23.631678152208288,51.63621883514825,136.35507613768127,569.1102932296873
1.3407661052704374,21.666481827556773,52.365740140725165,156.37367214772877,461.79810313118867
1.3464148259659605,20.70850526383682,49.088654665065334,149.79892760322215,451.31745450138214
1.3281239639537765,20.860717839033857,52.162151234362845,149.8565695360321,422.3497295723353
1.353251197863765,21.19664152765815,55.597243844761664,166.12399782491684,403.37933555007186
1.3287772929866484,20.267858830529356,50.769193523764784,149.99210221256612,498.4263134595021
1.339685383179359,21.08113011934766,48.82423874592747,151.9763796711058,464.49122188964475
1.299844956666235,19.268690018709478,49.641485821708144,160.68035099138848,392.30783323514436
1.3757113974931365,24.15570492945735,52.56727170362735,141.0718434872644,537.3853185936576
1.3519955016584742,21.878006172902033,51.671849873694825,144.50681869236598,456.27054973202377
1.3284137387888957,20.8038072648595,49.88295980747614,139.9159581704785,400.393098367622
1.3004882453947255,21.468876134985614,49.136191713127914,124.54533453287658,526.4650211522371
1.3604351651244833,23.00538607505682,50.5995236313443,127.99335738061998,623.7064153685809
1.3292627594204791,20.153362860732898,50.53684527487766,159.60042726284914,364.80121875527317
1.3376306034335796,20.936286692385682,50.4450365418054,145.63479959567917,360.82536185198995
1.310714458403842,19.629147858541536,48.077510004491685,157.88253939180674,446.9830900904427
1.3334471679877746,19.644498755608673,51.66496862402847,169.65821561719477,391.50411055447887
1.3404548128262037,21.366829281311958,51.05003149632938,140.85381786450844,482.35469818269644
1.3338373232788072,20.51032330040254,49.24480408138863,158.6668628477183,447.80241375855024
1.3367533903271025,21.397636771970948,52.429858700596924,134.5842874221278,521.4673182007949
1.3572142250805437,21.530056546079813,53.732943444853326,159.99349741077089,444.76457229502506
1.3365244125888567,20.630623491807384,48.94617798460115,148.7986953510994,437.9022893709788
1.323930435537678,20.25945944687024,48.455068989859264,157.21210217292858,471.8090377160643
1.33745248501389,20.68340918017278,50.99091094813676,155.04489654193236,400.23009398320005
1.3172356571364174,20.520076791020863,50.5464749497454,123.04845094734114,422.50779412606744
1.3372127816068926,21.175572868821195,51.123865945454064,145.7558404695494,430.1401205855102
1.3236434730013977,18.83313794045912,52.70289329202743,176.8874619320314,316.7969980349057
1.3489755523797413,21.296469589977974,52.06645119194,156.1676727751743,436.7244607425391
1.3282323583819218,20.73890792156611,50.05681660329418,146.77648105559615,423.25978978653313
1.3339025501889614,21.372569752987225,52.01248998456447,144.14763255038176,507.68149489711953
1.314503073526145,20.455879414910484,48.55654095620661,135.02908699764487,350.0487509221496
1.331277816809625,19.937075270764087,49.177746771215894,160.81523466080287,391.32954133615476
1.363208768098704,21.856144527034893,49.75494660706599,147.9496059963754,518.1700791320137
1.2921391424465103,19.348760803013402,50.07163990868876,164.49357530841792,431.98930985278184
1.3303364933171247,20.83587642087522,48.68259486195652,151.3101816904241,515.2326966308542
1.3418588351323866,21.73466741434899,52.71156234641435,157.72962416385357,446.4555455008411
1.3342381939323666,20.401294782912267,49.93223247797308,146.0408470932267,420.4036825293748
1.3164319323975393,20.32225702373513,48.9915650596237,150.60644453224896,446.0989876025685
1.3227328959771336,19.73040814743558,49.58076267481121,165.2806869832283,377.31117030286424
1.3308462692767575,20.781507905884908,52.973644266284914,151.25928156872413,408.286602407406
1.3695002910115102,21.49493536991778,48.920700304275634,167.97464474364193,482.57140846296716
1.3247668588196166,20.753679795230248,50.93687662925037,147.67353620274466,460.2380443474707
1.3673193754929172,22.32993617343416,50.69527348756865,151.3629544862014,427.3259850156832
1.3250151143389464,21.35053252114328,49.3336272805745,151.3563603378217,484.2339839172839
1.3355886292215393,20.586333187330162,51.16752513997951,170.05077902785843,426.94380836654875
1.3435164546808083,21.972358429845173,50.96613042436251,148.06989741638034,471.1029539903432
1.3025888394160232,19.37657732365656,50.89602370422162,160.6597948163746,403.97049857067566
1.3416852121706404,21.608961994364044,49.122835135894164,130.24045068416925,530.8350099425365
1.3648743838975972,21.089717111005204,51.92786513508304,177.42522155875872,368.9970598667397
1.3143030175126929,19.95493044071067,50.844695864993476,153.84797850361036,459.38291534162767
1.3329515093274635,20.65429748831624,50.21950753890327,153.38262062147203,414.08940995712874
1.348408196920774,23.153510289320415,51.929643633614646,144.27238076556773,442.4088376881967
1.2991177180267308,18.20368993087838,49.69507655533175,174.84950970383318,399.2157684775868
1.348404852822173,22.737809858730266,50.69103492255764,137.92720791921033,512.3821336538595
1.3180815941075437,19.61733387876103,52.35767342066085,184.16133303537055,468.7076432533214
1.3458263270990085,20.953039821080722,50.00294035701919,148.66447138316377,409.09756584210055
1.3141441280812294,19.444729365351115,50.25378898212723,154.32575965197293,428.6263526353384
1.315419889490237,21.218710253019733,48.43375705715691,134.11555407453307,503.8285597045283
1.3066644452780811,20.438378346812442,50.13753045196914,144.43736978843484,406.5433177077151
1.3586226312853058,23.585980395901622,52.538285226213105,127.82475085881845,474.3538736474196
1.3403436465064484,20.625707239449437,49.01906847424572,141.93418706082912,494.0070922309781
1.2953490401610683,18.358163806934403,50.47152673830708,154.96586290224397,371.39808123218126
1.344651411969987,22.23042917216919,50.44708324832976,132.4002073343411,498.67724846754123
1.3287365827892073,19.812657785844685,50.01532840099759,158.92857865058184,427.45168343729256
1.3405647640314164,22.425147282918886,50.917479932513075,139.96181194477984,546.8393746380423
1.340356427067887,19.251749757771673,50.068624417166866,178.065205033319,373.5038741436147
1.3287199296998589,21.305419144486784,50.30521677415271,142.23919941403912,475.85584388958534
1.36229265637503,22.895105942806705,49.883905094878116,147.7807247922343,531.9113664431162
1.3231619458410036,19.782910645695,52.28674416685569,161.5442140564779,383.57617963801937
1.351787751737275,21.667475122070478,51.046785711280805,142.5252071665614,454.2899047812533
1.3555805143792496,22.15920877892191,50.557368128556014,145.3478369445852,537.6429409904126
1.3553132810706372,21.866647942995407,51.10883039067201,154.09514715068616,492.93926410710037
1.3175447281558408,19.70626602434254,50.66964154394107,154.53636868019683,379.8219059150804
1.3290301788465575,21.63056577357891,53.362711766899245,135.03397085016198,525.0042198447625
1.3281420870667673,22.26597382618432,50.00014261937806,127.28382420404878,603.9882696770653
1.3392414090956748,21.893161700838174,52.67985890467855,148.9416927660845,486.69738268440614
1.313998159524486,20.739385930579665,51.320648024513744,157.03562048970593,421.6360095166079
1.3436538413662382,22.372975888127524,51.684208676308266,163.25226297878288,491.101193216862
1.3115056910549696,20.41844340364028,49.922909171528474,140.22447042266714,468.8702880197983
1.3614543932185807,22.899693940566706,51.71201650800254,137.98445060688937,460.94871702065103
1.3028425499236271,19.566667290201785,48.39486347926863,160.5824652690657,472.5243727037615
1.327461170941053,20.73521214149974,48.70963508064701,143.54949758497622,472.8875995979742
1.3525153125793992,21.317173896984663,50.29982580779503,142.03451691064282,439.97617075033105
1.3125401577020968,18.4779148343845,50.82422515500276,182.01355277719932,406.0424280309309
1.332904595780287,21.439521767300985,48.73920752858302,132.31060226228388,555.7585031684117
1.3617084640885913,22.972031626810278,51.17345511223765,143.8727087600276,561.5005074079322
1.31391735515236,20.74069737521033,52.96817265827653,149.53004670265378,451.94608462097784
1.3039773164651587,18.9174455525264,50.34905792523257,180.61906671484326,405.6271818075195
1.2964958152239563,18.77315402874839,50.90891156419787,177.19763856559558,321.6981463069744
1.3277546992256324,19.91784873123436,48.265256010216945,160.99781017896186,396.6957894705896
1.305378152871177,20.93751580624105,47.95699663644313,129.85005055922312,496.32835056711366
1.3406512824137915,20.792603387870052,52.25681565673316,156.47133689196147,379.56767188948953
1.3090286880309616,20.891754318338897,52.17965344695034,131.444559718384,451.1061140704634
1.3092107324462336,18.807657748145335,52.01053261300263,173.8619650218091,402.3025212789758
1.322507269324058,19.65902798097743,47.910711183874255,153.37352369089604,422.69375260442575
1.318012157660008,20.229762528134895,51.40055341592595,165.40826565141998,508.05176897283343
1.298956899770325,18.446574022853373,52.02277163655676,173.17998692691668,378.35618707642493
1.349625767479329,21.053093758077512,52.59934795508423,141.77130492785906,428.94564583477376
1.3512840653431744,20.58976076401215,50.89098932615986,177.6054445111706,399.53852036328954
1.3147633709673594,19.12205622703176,47.340161763805874,175.10197272469338,412.7265891529749
1.3643097682799978,23.460055944104123,50.43786763605679,128.0818542651486,584.8108059291476
1.3243303738016845,20.235037206235383,52.112923361308,169.96923573113116,423.64140718426944
1.3057331078272187,18.85650920345349,51.84208243297027,168.60017075909863,335.5203028536764
1.3435769056732203,22.809243222175166,51.70915195070454,128.5203734519218,558.2745971155013
1.359316933947039,21.506689051151326,49.53369618120988,149.58985287723567,479.7481633974926
1.3400047633090515,20.690544643955167,51.58056860188875,154.79897883224433,419.8453614568193
1.332112049294214,20.518948889301257,52.058219099589415,169.13372802303456,513.2290689116569
1.3720269231278457,23.25926845091941,51.93326242453677,141.3359392373785,518.6817835556188
1.3556338582098184,22.836735870218043,51.3906025640554,152.16168773208554,490.24855992351905
1.328610134677668,20.587238138667672,50.16336420837465,149.4680419891221,435.70645747837943
1.3289047145478088,20.999471491438047,51.85195665984641,150.72409117089626,454.2280557538376
1.3244173257407765,20.952220972567837,51.24562893823918,137.85947573471628,449.81352538854003
1.3734893841161422,24.773215182086737,52.91718263496825,150.60861670201666,515.9940129063971
1.3212950442118618,20.120096522152366,49.87038680895401,161.49621248658482,515.0893703463535
1.3245011937392877,20.36681025352839,49.84788717219307,158.42802884319823,429.8568008239784
1.3324722603358148,20.926122185668245,51.09729864591308,157.21614455652983,462.0325521297298
1.3537209770338194,20.909797950930834,50.669398275335446,151.1058933359155,431.0468142074557
1.3606341130660187,23.668252212429536,51.878234790927735,148.83917118481472,539.4866542965242
1.3017910649146658,19.685360594759832,48.51764809120944,143.75945361251104,403.98300383745254
1.3099868464266455,20.284014794566158,54.1822853891118,146.33382227328312,434.2776686873068
1.344514392093368,23.446731584381183,50.71872200019724,127.92839951850951,555.2367586941368
1.3159989896019855,19.745651458464916,51.72895213287753,167.28308925580328,431.35781799668916
1.3086369317981077,19.99470742772886,51.867445966956545,154.80162261193266,405.09765270156845
1.3566595598607298,21.760633467504018,50.13866794896398,148.71882414595805,463.5136517777187
1.3854878402787263,22.997180776977174,51.39496353808278,149.59723085075532,471.66559193905977
1.3793376512737257,23.84354967157996,50.522985520022054,136.08704377637525,519.0883437502173
1.3221334022624942,19.333900455316066,48.366531069609756,162.79832763242024,412.72013437302934
1.3538171082602164,23.20932812625895,52.10544220720553,140.69424774301805,488.5365147526514
1.3242931743880493,20.144260431905337,51.16471058580122,170.1424652593261,485.6438021814542
1.3261670905464449,20.2155035715618,50.31165362135696,146.08227596787634,421.32018485878143
1.3467062445543845,21.391083389665546,49.60524495090471,146.291600782201,443.46038029435255
1.2956310834758902,20.17975759958962,50.60675441249194,140.6981564066581,448.17510803112515
1.307155803231837,21.320385715972808,51.32279874874356,139.48135040160548,517.9896044669608
1.3457012246694333,21.868774957405,51.764434855271396,147.03959181613936,519.2416209374286
1.308221058663583,20.569378882501674,49.38474513728058,133.55677299387517,484.74868475403923
1.2858428231353274,18.62984340166767,50.04199977031271,163.23024405718095,485.6088653491543
1.3350462795550906,20.551704896089255,50.410489592166954,146.25034184340552,411.9357914301397
1.3296048359373405,20.465431590016408,50.44077450184875,149.66264366153,449.9642630338307
1.2946246420918013,20.53128919087809,50.72684265894716,141.9765138596361,469.98435100362474
1.3418139212999787,20.700605716087807,49.83341317100357,156.97544397405176,473.7736343864727
1.3102684814842593,18.48922339251199,51.726648545947356,160.9298381827114,398.4757010672946
1.3398895476987618,21.48899250624673,51.51409962080794,141.39068618654912,434.4319384326757
1.3439068779840193,21.758571352111453,50.663053229462896,154.16430174087822,504.4621264869666
1.3457779225816304,22.476822243957713,49.1852967319238,136.46736114692075,501.6155030270492
1.3240770861597004,21.06768734122033,49.21220581184683,154.55331505142334,456.4578045592953
1.3464254077054387,21.80684805933315,51.17918448790253,142.28802480963782,482.94936594831717
1.3194864230968406,21.245156320048764,51.38299002803468,145.30515308339022,463.9496288133226
1.3067458807308803,20.731570729005693,51.14226865029583,138.63910813473694,476.2330168694711
1.342325084370151,20.47915641735868,51.378942646792616,159.83100255308597,417.71340663000416
1.322909408845353,21.058674932601043,52.61816767525359,153.2283597755718,456.7840161619733
1.3226372973262759,19.90585790216385,49.42907307727066,150.34191960964097,434.98264573871575
1.2853029793982547,19.73832851122914,49.53462639620176,145.18454916707248,473.3807916042295
1.3428209555109718,22.275906965645543,51.71520956330097,143.89331812779724,513.2746927380905
1.3441239714295348,20.73616980878268,49.93786614757362,162.82982861027037,416.1986890261384
1.3882680176793323,24.056031337710998,51.663392307778864,133.7383870539463,464.97794029690874
1.3525412506103205,22.717521854297033,52.807039012605784,143.1130548585184,522.3863967195173
1.3184800304575062,20.700849035551446,48.370859719292014,127.28415466280791,481.8496027241596
1.3537690026420046,21.132157410721973,48.42455093991934,155.7891237104971,469.0412311804083
1.3072721868693604,20.986909391724943,50.144509034782644,136.25304979141944,521.515663434014
1.3696190719642019,22.364614766521374,52.70381340345001,144.35479596171095,430.9146545493007
1.3247850551897764,20.139591387060413,48.837470948875804,150.33135141328066,355.4968752928782
1.3126191208893179,19.459063217297633,51.374816309141565,166.1909880640008,477.66082860015666
1.3780304779134613,21.97455667531284,52.98988765536596,164.16976765264263,492.3727009095104
1.3518462119636816,23.05994037863863,50.699221751017284,141.06786278594376,524.1104012931435
1.3390137949372105,21.20999216040984,51.68960309860473,150.14027588957163,485.20431280148097
1.331510218890375,20.311321087143877,49.769972555534345,153.1917020519323,393.85067372301
1.323321200543773,18.210625768539092,51.259440705974924,183.45230883141454,300.92732942089236
1.3301294056279622,20.65748445668996,49.778121515159846,148.01853261199096,456.9205962278352
1.342192345825526,20.972425693244105,50.1539312547573,162.11734712762512,455.80392981008737
1.3080481954215186,20.166297965773563,51.67127821846561,156.5672143595215,472.8556078813298
1.3170976252509694,20.87489060270023,47.48000208958296,139.24958045990536,517.3787355220518
1.3024344555102594,20.241018499032883,51.0526008122714,145.66230731299618,550.8071947729464
1.327074453118869,21.942593201553304,49.48119144880009,125.32485780414251,466.2230638204631
1.315453497898169,20.042132509424142,49.451203506453645,162.64643461965457,501.117687170726
1.3440286262253809,21.23997951838384,48.931028246813,148.56400869092928,493.5004012801137
1.3210813559112509,19.753349950702862,52.43213035397316,159.06830337340125,410.34498658952845
1.3523317628109883,21.464886495190385,52.78927573163265,159.84054683601732,402.18538904392597
1.3350150253400597,21.427552547861172,50.48492129092346,143.72908284566313,527.0825238121625
1.294867841938053,19.125233732024665,48.956361112555456,156.53437693439446,526.3491731968701
1.3510367947851467,21.948134595267895,50.06604221280631,139.93451806228884,517.6726849320188
1.299702047303914,18.336240985089027,50.61455076823582,178.3125276733568,332.2249464879744
1.322684181545302,19.913483992879918,46.11471621964432,152.24716816280048,486.3141436268292
1.3372116211239775,21.22026090140539,50.57993558839287,140.8631008841627,464.36217032046443
1.3199644906177863,21.113497386115917,49.797997891270114,132.37218708434244,523.6402412269024
1.3279581898541113,21.790424895149382,52.00901869084524,151.35802192877063,510.59851300860464
1.3278041959639186,21.158392863428567,50.33585346969761,132.17731879273586,413.2659827210316
1.3144930891279736,20.7169830824928,48.94849030256423,142.84784221026007,509.333891934724
1.375498859551206,22.613312637659707,53.27939874254581,163.3265557074782,521.7126021111683
1.2915338353427575,17.264317442718536,48.40037268452141,173.17780135273685,354.3309164699066
1.2964580586822905,19.227068870206182,51.03044360462661,157.78528519691753,353.3791591098551
1.35890872619913,22.55385655297581,53.15567307004637,141.6976716681269,499.731393275248
1.3264734190345233,20.833997242188,49.42795522389814,153.16103370075257,431.9747742473839
1.3565140955028208,21.875673986345586,52.036537201409914,151.15746544541696,477.45892968226383
1.3314751288508235,20.73480230812919,51.10455400284803,152.54173381248341,405.11233746385153
1.324290708630201,20.911563001227712,49.92654975980096,150.51537221170287,585.43547241745
1.3298778885406763,20.17309897432239,51.78918631123549,159.75933463047204,428.4700894233953
1.3212890273141276,20.79618103149113,49.8774244116746,147.2804062171128,521.2109817677449
1.3211059718786595,19.66619392755848,49.527080522146804,153.02684133100547,472.0706705110244
1.334944224165716,20.842426411621304,50.991342025238374,155.2887516638811,492.2033455234685
1.338274997230628,21.37065497481514,49.21343652087356,133.90310906384204,489.542242304438
1.3871731652826322,24.316168302599472,51.676772948858854,147.93409648704494,426.4140639716246
1.3331750808195575,19.89558088369459,51.71074740588949,166.752592316257,383.21819197135494
1.3105123830540326,20.80748579558098,48.691388932246404,138.65112534888578,553.5756597364845
1.323485576713202,20.63131827539441,48.831816260344254,148.88133734053835,506.3637026380638
1.3195083699039176,19.77702038768227,47.96549734896409,160.10516847157658,405.28783798396256
1.3461894845748703,21.597344502022192,51.03436588312008,145.44503176478992,474.85054407429874
1.2974640803136641,19.362418315234315,48.49441171591093,160.5499881042505,488.4345221069004
1.303745104569001,19.466780473777845,48.448747420155875,158.03321005850552,439.820963033544
1.3164479117531078,20.059560161908554,50.54155342178321,156.60041551351404,433.5733095548302
1.3159698292174653,20.06244599576908,51.56078063032956,147.9624399751452,443.95517721906685
1.3136672693939082,19.900273270052352,50.01552681924528,166.164775238233,426.6323741215654
1.298949208637673,20.713106751986157,50.47343047274442,134.9672133351281,519.9613134720882
1.3369101413641478,20.065279730497785,49.8241501000389,161.43791579366706,381.92962042175844
1.345497054140357,23.179739057208174,52.245275361072515,132.4983954185373,565.3182737431147
1.3220323292430993,19.08560616774874,51.04795940847483,169.2397788791558,297.0756135744095
1.2837551556589855,18.409515949375642,47.31164030257027,151.41365815587267,438.5465497200542
1.3181077051356715,20.139458170675002,49.74707517344701,149.34641936902906,412.2154048358321
1.3375410999829498,20.953541216072814,51.51628203184114,163.91891295317578,471.0532852677013
1.3290994771898872,22.187786945527204,49.43927631552339,127.19229463186402,530.8478737964607
1.3256387391731206,22.098691457454457,50.07802930898141,145.16512641716753,538.1956054529999
1.3574385121712798,22.945788171585818,52.3787616826899,151.6026312850991,539.184360768711
1.2968524058622397,19.372945723861562,48.21955996639564,145.5961360996085,462.46564007634527
1.3171038606652656,19.43257611222179,50.092968037888205,166.56467552090703,351.42308651443244
1.3181991757801332,20.05398949506493,49.35884028164396,164.9824393432402,447.8878313951983
1.3607262970048524,22.016051185756893,51.71695432597396,153.07455689159184,441.0948796580455
1.3202387588577862,20.892202188152798,51.344043393327624,145.21654136041414,438.05955819226654
1.3478039714826782,19.86916834178696,47.3432034900005,170.82122102205238,443.5956511925622
1.3262198758773656,20.84032423027116,50.81206472178138,153.2072600863245,528.5916196267382
1.3081275312787524,20.279660236494443,50.33702090421426,149.23650702852794,475.78056486493506
1.3302475051691132,19.85765276236731,49.16562454050427,165.22984052625492,423.3926474397375
1.3234815685125934,21.958545889420478,51.31149460733631,132.847505030827,570.6480604056493
1.3457425276574149,23.678139417474675,51.95524777159184,129.18745412468652,448.0762789136062
1.3184378418284775,19.64333250603464,49.1390365677966,154.77325858356147,461.9538617898697
1.2998172478112378,18.633232346899955,49.94289588527273,159.97064109845732,433.7615205472598
1.3137325605721433,18.509200967355937,49.79578939373693,162.38407162857257,392.9352159938093
1.2988164272729712,19.663110335157675,47.6661505373509,153.74661803159248,436.9084299088651
1.3547909365532862,22.112990810058513,52.13579060213651,153.49489020500928,547.2446822463965
1.3835635722528234,24.038142445958698,52.05150284141089,145.0510583307593,514.7799684856308
1.3892077938986052,22.67630434176333,52.42540705668985,134.84686300764204,476.8702215956127
1.3189315078898434,19.846356576030708,53.28805345415454,157.5853475735696,516.1906337644192
1.3516901594483257,22.294530324799716,54.39142040096719,148.37791923766187,595.7849746283109
1.3854473943842498,23.646008747357783,50.290211155796406,149.92222665884225,515.1501057264395
1.3533663087128827,22.580561361663523,49.47827742570634,137.48526820974106,416.72120445645476
1.32789986756345,21.120722821826885,51.338848009499564,146.75822857694115,457.9109440245172
1.3284035692724807,19.729353799752133,50.926665039877285,158.4110711805796,302.7096164280003
1.3234993595802118,20.763565849392194,50.60170483387106,161.35744446402953,462.2299370507153
1.3728087234171666,21.84380377108877,50.02647237046108,147.3076836057244,420.5507841322221
1.3407877428445345,21.361232214391865,51.657317337824075,153.258305618155,445.15379815589984
1.3125564015173627,20.64299888652361,50.00704191597875,159.1463549796934,474.8195726479044
1.3186910361126034,19.90435885141584,49.096127057267715,147.60903399929572,504.93692991576205
1.3363145879862164,20.742840910716794,51.28924666405808,140.3235607439611,430.52138425732556
1.3210977197783007,20.42984806238536,50.139895109982916,154.50530560919387,428.14850400899246
1.3290905739164443,20.991412435153766,47.977775534751274,149.54862659999742,436.52463963447633
1.315941016306155,19.52274593918405,48.57710705647008,138.73519260014555,362.3933720202783
1.3558708460082,21.486188099804725,48.631088194456076,153.75743123922956,426.0764597792965
1.3415484844939816,21.472170095143156,51.311170290918255,155.90928598381822,529.5708531379548
1.3302976391525747,19.67015761149856,52.253567149276265,170.22759192977267,337.39622223636377
1.3546468665856066,22.700817769877833,53.17412564520173,145.60256581201105,465.1980361042782
1.3495507454670048,23.183469399036206,52.69016200319896,136.40306099326222,548.5640605791709
1.353659730739606,21.767729231986433,48.405950867762506,145.6890877325045,470.13472347898545
1.3124118057321517,19.333908355902857,47.881790336116566,148.12698705151485,455.3392868029113
1.3309324451387732,20.82248965568558,52.46520892155502,167.17552862544483,441.7931033043249
1.3437527880196887,20.580781371484434,50.557402333564035,153.54557533109588,486.09855598579776
1.3469830275819643,22.059319176725985,51.08551289134381,136.510317954365,536.266619349724
1.3446202306755959,21.0565736301503,49.119039085863974,150.2499716447639,435.0289028372395
1.362705628506582,22.021162864377022,51.60749815377641,153.0460160165299,498.25831408918145
1.3283823776074573,21.070529480327384,52.020104246595935,143.78784896482455,431.8520356866077
1.3443300430570198,20.544693013715644,52.536180152232795,167.68406467714524,432.49634014611195
1.2987238444512121,19.711189217306064,51.393004938815174,155.76010163907586,382.975698847657
1.3723296456462328,22.45670944074558,51.43687426814758,158.2177638544423,489.7586621311671
1.3366388507487013,22.238022607122495,51.62709756872351,132.7150685001115,522.6678210005402
1.3781020088760734,23.877635265819002,50.4486113654123,129.0856609003837,562.0240445990942
1.3470514153850965,21.41883786101723,49.73828205787329,145.41471520146945,457.30291258509334
1.3429377173057842,20.327552662121505,52.751713225920945,159.1146751912633,387.8424743617832
1.3277262961516085,20.358795241077793,48.6046223918959,151.95850272395703,437.5255114762814
1.3333398665125962,22.048266163997436,50.284711356238475,152.0912766211262,519.1887093293948
1.3337692986962226,21.257140742987005,50.7573978690776,152.495848095725,486.7172444782346
1.3181427769831224,21.73613828291706,49.61728891834611,124.13437281184805,475.03493899637215
1.3142333712874685,20.701338705083476,50.29084721455715,134.11211859824402,412.4293447904135
1.334617283203616,21.09580358749333,50.53088224987524,149.81081592309758,488.9449326070234
1.3300266118138495,21.240767705409752,51.396979736758375,143.04221067371992,383.3922313457513
1.3346680545564031,21.287407745066655,51.05668097087791,150.67596759394655,501.483840679601
1.3182510664777558,20.613775042774247,49.60139606785672,151.1128436837583,507.6865137888484
1.3438312983138252,21.622298742678545,50.979075557404244,133.76776274305988,436.6895598716932
1.3332284929216438,20.89003840955366,50.74479335137888,148.6258794540019,457.4461654159285
1.3051681014366443,20.452206864398697,47.488549958672486,133.50455169190488,511.4911850369019
1.3388020156101312,20.64834365307088,51.87471387559046,164.82448635705936,435.0355202121019
1.3343072985516473,19.942809604878903,52.409601143245844,174.37832267607772,364.25656992933006
1.3058267669185342,21.609790845061738,51.5925274132693,133.99050050485783,534.5148527215844
1.3432490796921428,21.52544426508938,50.70333651900671,140.66206222824488,439.63694591700016
1.3635433569088151,21.451952552367274,52.5957049567518,170.0465154826206,460.86779636491445
1.3106503185358531,20.05495079649084,48.93308998758607,144.8073108642177,424.55802846509766
1.3564574035496424,22.042666541793288,51.25857867398862,152.960737244422,452.61900695437424
1.3143311683143597,19.564011692348032,49.726747019332244,163.98739011662605,449.9365107877861
1.3316044744025328,20.085313087955996,52.26169050465427,171.2214770779069,483.6542327893998
1.3338259491379723,20.270743316459015,53.0789437747523,178.38992579076694,404.4019142949851
1.3258003163878045,20.84517829839644,53.27042024911781,146.09696870289463,410.50777596536
1.3419317470273946,21.849709912224142,52.2981133690478,143.91416051049654,460.8706708904902
1.3504610544692324,22.194911335350795,50.82968641691377,139.73998033304713,481.93180817217296
1.3546659177793539,20.990486329326437,50.165141910291624,156.45896523400026,446.93553635966015
1.335661917061976,20.068234312216486,51.326748140921175,169.09247993859583,385.6826756455659
1.3403139239528894,20.840258987204788,51.525771114060255,161.20294145064892,573.7981864329555
1.3202010723523474,19.720909419590605,51.040806282709354,171.25093955532708,370.78459110638136
1.345289503782972,21.142562777219812,51.35303018256576,162.45540611684294,461.08407240710824
1.3227602739278608,20.66339632955596,52.36146067346876,155.79781058571558,509.41419110666124
1.3142578700306804,20.980889327462627,50.589328364635925,148.2054587168541,530.0452841504123
1.3701195042185743,26.40328265114473,49.64734688034893,124.84075624316222,682.1879913994308
1.3245070439586901,22.185409715025216,51.90238602899279,140.70107514908065,431.23942974888007
1.3268284276705118,19.568960421024293,50.17981851244573,174.54840721583793,418.92358439092476
1.3167831326131445,21.175827586616883,49.69235605748598,143.15177543811708,559.3318773412053
1.322257357618745,20.978883684995132,50.14961603724091,129.3660736092194,486.9456593283091
1.3092170558138074,19.70944346249945,50.38020906506181,170.5727545720159,441.57886158644123
1.3182717689447656,19.72001638657761,48.55341490889515,152.8297751294732,400.69575133841704
1.3374833277354787,21.084990142080354,49.89933547652527,150.48071799791236,461.8038831848055
1.3558810376014347,21.13407937879918,52.028046747790846,154.4665237201578,405.01083458696166
1.3095002103117308,18.42896415020181,52.14396645694509,185.83087636639362,374.20677972864934
1.3467582260603974,22.737937344766056,52.188095272034865,132.01712926559026,598.551422059968
1.3521776478498289,22.764902053072312,51.91687006360414,135.99780492254038,555.3079348905931
1.3292316228568817,19.62329129324825,50.66422489959395,163.52697610404556,314.60405460420026
1.3551042295858007,23.073870351887475,52.30999165863267,144.02979754970036,505.8675426642351
1.3200592192912892,20.53796113533787,50.21788349063685,156.31955167371822,427.1234702737559
1.3405005434748087,21.42088284965513,50.63120417120103,154.7557632901168,575.9798913391446
1.3273371458286514,20.51819687797231,51.047372559954766,154.4456235622417,428.8015054584219
1.3098773240083257,20.221911180240046,50.15700660364503,154.29724545459484,431.06563228789173
1.3276961908952365,20.62610679474472,53.923968165311734,155.89019230577443,422.6175696021305
1.376846068107382,24.186339494722013,52.30299215416868,135.5447782761338,553.2361826130615
1.3079641296073483,21.487917137484523,51.1159811492032,123.0912592429215,543.0504525533383
1.330940169600701,20.427028973728145,50.622274552877215,153.13482065070784,422.1782583193893
1.3390464187234903,21.32091727568138,50.44810348484799,153.90488368215114,449.7714707870988
1.3284353586801725,19.67758786958308,51.961472159383696,172.8812548670721,500.78797354379003
1.3239427542579354,21.40688876631664,52.080230924122,149.91281781830995,429.1163897707227
1.3635832406472255,22.470318892128695,49.9003534866405,140.0309459795453,532.2216919428867
1.3724678394328387,24.02931414187167,51.58458972742636,140.73177494364353,577.5999572006386
1.2896325356899525,19.201941775547027,46.392635931616184,159.6912573472324,530.1573228100845
1.388970132910618,24.794538227125763,54.29380601669425,143.1924604470457,544.896525646926
1.3171346926683722,20.221427734884337,50.72617035990142,140.69232003985073,408.02059399132776
1.350229059974402,23.575285369981856,51.785923096726265,127.17901883165845,630.9554175751061
1.3282451542382128,21.1036120907042,52.196639333777945,137.65406600973463,507.051754853507
1.3348520044820282,21.27905423808832,50.661659588301525,144.85658244973038,503.3822273125498
1.3263509468678865,21.088470629442753,50.457797172377,149.4446264429804,472.5456154112554
1.3371281466815628,22.035790221611887,50.4455466600132,130.6519290244107,573.7327330017389
1.377651751650638,23.66567355907673,54.19066873946283,133.84155401221784,535.542368862806
1.3655886509643542,23.490160946498737,49.62809336139389,139.34211616636432,468.66542088873143
1.3610853632176942,21.734038572892317,51.125946497853164,157.4959322567612,478.7377211923723
1.2879013734262934,20.449451331897063,51.27038462929876,139.22065162780365,490.82461293277686
1.3683433087783887,23.349913913927487,49.66290740355708,143.489614442686,521.6322324891494
1.3428874106428774,21.127708433887015,50.54641093520304,151.35384469109692,518.4636721589834
1.3521847643557352,22.25806718713503,51.37089906090025,160.20396313752673,428.9175262027046
1.330105703828107,21.328926191176905,50.88362238419615,145.61622999007622,468.35830071342974
1.3519669727607337,22.21422480574525,51.750251312702275,144.65736455014385,448.77398597956716
1.3441726455510294,19.893770969179904,53.10903313030732,185.14988447292802,446.9948614922349
1.3232563952371048,20.02703704915688,50.62855345760266,154.18930681167456,410.3981223009972
1.3338618722496491,21.14163736545476,51.06094037574376,155.9907934385197,409.7013276532499
1.3295378111559508,19.824754741298065,50.03789807554883,161.49731374239082,356.32396988963825
1.3369431942822545,21.274923134776778,49.70945332829139,141.3190816350362,505.32522558683223
1.329816886478285,19.86523236911037,49.92117006567099,175.87560411086736,410.50078665287174
1.3379684510737822,21.706115257756533,50.094353009486206,123.15417513339487,485.9393840915668
1.3725798276477736,24.192906748389984,53.34082707951368,137.16731282816303,541.4303153292996
1.3405699517506546,23.118244853168772,50.355784992576176,121.44305092969495,444.20604361692403
1.3353602412994496,21.41623074572933,49.03030699002296,143.7639060597171,502.9479807007594
1.3556512886695513,23.529653561669228,50.836293767099804,128.4393900973689,593.3548909603669
1.332316259933383,20.104027406485933,50.979295372205435,164.56956392693374,429.40314510367506
1.307817258903003,20.43170587199377,49.36295293861334,149.2660392795231,456.37845724968605
1.324752048381492,20.63457568290751,48.076741437351984,139.77469853507947,462.64873139475804
1.328385933184827,19.646993472032047,49.03316970181784,167.6385299550904,365.5215175323361
1.3067466241993482,18.308548475518073,49.45424351780925,181.36351952214676,282.42400205369586
1.326414798026172,20.848337201528285,49.0457378986654,151.18561680850127,470.34260700627937
1.3259271602839622,19.4646640402894,49.71425408492134,162.1295417040205,401.8406606088897
1.3381147214856848,22.167568432820197,52.15962714093108,135.32287438957846,519.7823345809713
1.3086885379110382,20.45694719589855,52.630668292651066,152.1263046214832,483.30140735321214
1.3460393668194235,21.450426883060445,54.00029918277124,150.74851370301192,445.8392203866425
1.3212150823028876,19.526173152700387,50.68509327877059,169.79044275416643,422.0503660142393
1.3313586354370488,21.094212754572695,52.779002092481456,154.05205856098297,481.83137995871346
1.3129612608207333,19.927864532640566,52.16081674447271,158.42336375651684,448.64322549926413
1.3492094607121021,23.070998951118025,51.52222551598688,140.13766617022037,608.9387365957581
1.3251062967737581,19.634092916123652,49.01079303189097,164.19998150410666,430.59243936081555
1.3498133375793457,21.485981846868853,51.22794424288876,133.18958419717885,499.95710712463807
1.321137023571064,21.117194999426133,50.79834633950101,131.44174840248564,484.59453473341756
1.3095074906720692,20.5308626809506,48.73953573709739,153.92003980053832,431.36579617454515
1.3066443761129203,20.981067965153624,49.20661788582277,130.17889716825718,574.9746949633119
1.3441328075009567,21.93156188558492,51.86336412852269,148.76823890059052,505.1715346916504
1.3104428186936388,19.54368051619585,49.22776477412236,158.42643220291615,423.38290518996763
1.3284778192495292,20.585356043230984,50.62375359265444,158.09586838377245,476.2959188067063
1.3310863875159642,21.568400947692847,51.19833135454676,136.96605101716676,489.8422835168336
1.3620041044830253,22.23895408101545,49.987035463926674,154.03722307450394,493.30149321844505
1.3558353658550062,21.440521166632912,47.95768307727334,148.61945724476476,445.7075264697676
1.305842817204184,19.61541538940653,49.16365183411188,162.5516007494526,543.9485745152591
1.322394956023426,21.20508915401179,51.11395392360425,140.50678443684342,456.20911147010884
1.3370904395532373,21.48388403299707,50.90292752071972,127.12000106720558,547.1543505386666
1.3405898263739873,20.539714369210255,46.51935137489535,158.59816130304523,396.6141741572422
1.3580449581008565,23.112179684117436,54.87841891877401,133.34266650623613,518.6210250754409
1.34084805566647,21.88836723264493,49.803402809235635,132.94810797519915,543.1892800164707
1.3403654832246872,20.204877485116462,51.3165706018472,163.14146217941945,414.1352774963844
1.315186912434762,20.06650540405687,48.82763905441585,149.88032233220144,494.42570181218434
1.3034395384147417,19.00320782816052,51.289259465221065,159.31292994881494,383.4959066779851
1.3442666209664997,22.071761760816678,51.15893208369158,135.08661366664927,538.6952293738134
1.3144684390054042,20.50979518357119,49.62153890949136,145.62992024231738,527.7589333793851
1.324672151224286,20.192500037523665,49.99302350987066,166.0863885742517,470.8078972687198
1.349699683680316,22.304463098595768,51.32873029584594,130.11865416596305,498.17860922517787
1.3507185534130863,22.63340118858302,52.733368774823006,138.33190506218094,522.0010103480486
1.314000566701101,20.832130002449894,49.4468857070043,151.68414306722892,475.84661197324135
1.3112549898735766,19.92989469877939,47.307095287521335,148.26558625993368,486.8538125661879
1.3423008072230207,21.585684044060997,50.18631488873629,159.2898854768863,457.16240607454154
1.2763113863291635,18.355460551952888,50.36994985195392,162.35510380907164,399.5188972572633
1.2941979775248318,18.95557965898135,49.859222295960166,163.08904521592677,422.27311533022436
1.3712503872945665,22.096185296743585,52.067845646745404,161.53171844336154,496.69112322457863
1.3714034789517964,23.29163250207106,52.64882021066272,133.4127027324098,500.2126143269718
1.3186146866178639,21.82142134154642,51.92172147129975,141.64142654876747,488.56095335809357
1.3550945067307183,20.258687236886622,51.74300376166663,172.14587425916298,421.98795556612794
1.361756298604176,21.896274612582097,53.733615873675085,160.85567263415737,461.24997301578384
1.37378641003481,23.08891430715293,51.35486509109549,128.13957073839154,488.2671238897838
1.351321750325318,21.449666057539588,50.25996316509011,154.25111425820484,486.94084570637307
1.3905085544937175,23.9966988268873,55.42849097236173,148.92405352582765,542.5610100285504
1.353211107082056,22.64992217545238,50.3075259795541,137.85106567261383,544.547997970298
1.3314999064284745,20.63166063453736,51.06069284045149,161.41822214807792,478.55830590878236
1.3190630350330192,20.719453749212455,48.46901822952436,155.68245446704262,505.0281361920384
1.346555146038585,22.453758998309503,51.39274464954598,136.12679406688554,497.9183523874643
1.3798904057486632,22.104103507511017,51.893013530768165,146.8884075751487,593.4554975556331
1.3653978424469004,22.882487839491017,50.68220994429544,139.78206022737552,476.5955561213618
1.3287846952441906,20.64772329422738,50.187010630016196,136.34422638986052,433.4200554040408
1.3208509291883863,20.526870284860635,50.876426120966514,151.1977723521387,416.9857826475294
1.3263956133852424,20.758713327321793,50.90035807517385,158.7368065405824,409.766882435569
1.331165883284773,20.48658414120777,52.058227642379094,155.14143746736477,382.62571498332085
1.326829632299157,21.02241586007484,51.37054701964142,145.67776629008483,431.5583094228715
1.3399513475203109,22.267494159814962,45.848586772929146,133.656518802692,493.8401520998989
1.3256959841103897,19.755619099412357,50.0516414307386,158.34382315457398,444.1997843962138
1.3266068322968925,20.419295415676977,50.083486221985225,154.898023531891,420.43544050789063
1.3527089824315839,22.001268861581828,51.406676656763494,132.1293776243312,490.0064461399627
1.3287718837231064,20.80245471033012,46.47432705043758,136.00138166068828,479.5438679796659
1.2845363342905611,18.05665007834356,49.15428716694556,167.35767018887282,398.3780436960292
1.3169480719893227,21.590736648749708,52.65961188659201,135.23820784273985,465.3776701691269
1.3293712914067006,19.9556163241472,50.05837232946138,161.937640077331,439.4730664517621
1.3665333067598164,23.28519959485326,53.0048343636906,132.4950089071369,566.1966341314375
1.3112529400483366,19.459842343314428,48.276491117730814,152.91096556264594,420.62386021189786
1.3157620332223963,19.784062933806318,49.28579026237184,147.97526315676524,392.3875658225551
1.2960964234871446,18.462572807513617,50.33580008482675,167.65162260039583,437.30062923180617
1.343937864067113,21.313444007052997,52.57075931038174,143.21070965202748,436.5338046570429
1.3306969850310275,19.68488523191779,49.222089224862444,164.10989792288981,412.4841455767477
1.299379210221233,19.156587136023248,47.963962796967046,162.07287465177177,464.85372254043256
1.347903508097757,21.352509727947268,50.63936121644915,138.09782401304975,486.74242700267604
1.3050288898334212,20.359730218379248,47.856367763571285,144.90543755454624,511.6562336011372
1.3241863142180206,20.090798687851777,50.944503831610604,146.93693223004357,482.48760447778386
1.3392492046172124,21.900557987132515,50.32657178050519,135.38834931107726,528.2165411680028
1.323584457378876,21.476025420083783,51.027144432197325,139.03928996312894,477.63974425898925
1.3247343470419362,20.78652212670989,48.86589640024417,155.69413277223816,473.72730909264436
1.3222456476458138,20.694407724155273,49.33630418049238,150.5341789815405,424.91697076189666
1.3300959236355439,21.592329847985887,51.638081068265095,161.3793127633448,584.5791812147065
1.3930003237957622,24.612369764207227,51.0227846773089,150.41693721581456,463.0061346480189
1.3097369214545562,19.754775992474862,52.05407639453276,154.43285432780795,474.5863855664843
1.3220537754944799,20.88023033762733,48.89193716731285,134.15540004279407,411.7211431695012
1.332774298216722,20.857890780660465,49.09076583134592,155.88465054735133,513.2874693371856
1.3362463327294414,22.064635845061346,50.7750945163835,134.42568895032653,551.3623084531845
1.3145009389108082,20.83233939433217,47.73471622671004,120.40706806861907,538.3809558067592
1.3406457283779407,22.131789159089372,50.37301669797841,143.57024155060319,479.83482080035134
1.3177709538716877,19.19310078319708,50.20814304986306,157.4066225773125,417.14334748859835
1.3677583986449615,22.985047556080595,50.87540602205847,130.6299443693439,469.32378912823674
1.3282532584727327,20.198054654789644,52.565790924487395,164.54133868295222,373.18885955992926
1.3270038422497956,21.123739391042065,47.603670376371646,146.3003248036464,524.7556789855071
1.3510453887804483,21.50592638255727,53.98916002095725,135.95356423283914,423.3891888702847
1.3082958144055334,19.759810573008366,49.731522261091314,153.94478298827397,464.16881842968843
1.2882574526063908,19.543599013452816,49.90301869385924,147.38184283310554,449.08906812358487
1.3233403909576635,20.84452025421727,54.612983524593176,143.61236775068258,484.849065745168
1.3401849051833459,20.67807838982069,53.15362730694746,174.37935621802802,452.6077686699473
1.3287022809577826,21.084406520360087,50.86663475665573,147.45241507242713,412.04165296648966
1.3467945128805243,22.055228882647313,50.60671601190308,141.657452356849,486.89549118398344
1.3138807060267768,20.167789494889416,50.56123537198185,169.21418541503564,399.9155601889652
1.3827508995290532,24.575486988018163,53.502691236735004,131.02407432110323,520.1010127817165
1.3380320253219558,19.904414996737962,50.05886099131781,185.52120307093472,465.49011137423264
1.3242719693271425,19.79393430714542,49.52914353803351,159.26235499262089,375.5136049876407
1.3402140352726053,20.814554230242013,51.556458625649306,161.31865003714367,499.0747365715959
1.3854208860014916,24.373698104155533,52.07876192371319,138.16325115146196,464.3478642967385
1.3543906905603083,22.98904604664345,51.49313503031786,139.21065463810527,496.89350133631575
1.3876386503912124,21.99720424633238,51.42162620767303,158.5667809132887,462.27683438523576
1.3499561704892735,21.58439597610444,54.125791842575865,138.23635853441337,459.7246372678319
1.339349173957651,19.571170409498503,50.25748111993421,179.2019090388378,425.02718026068237
1.3140183802357686,20.950977914216843,52.30988295536525,144.01105915163694,509.0278805721874
1.3415118744577845,20.848694405151086,51.09036335073064,145.06362432569077,416.25951544316774
1.3002994682583187,19.91908018088191,49.686541798706926,152.38966711590328,491.58312503803216
1.3422215303541762,22.98479179774172,51.12395343215707,128.20474161334315,593.497521897978
1.3321897200917525,20.650896769189323,49.40028738640175,146.84733274173894,397.21741779451327
1.3421888262084682,21.820135180790693,49.48570349333494,140.27940301137133,469.41646776728453
1.3772170243066302,23.960718942841417,50.8635381689518,126.77248455578211,542.3333710642088
1.3775383225537834,21.857313174270132,51.15978349259101,157.51239806235486,456.0276556502186
1.352515612432931,21.76065395468076,52.81029099360622,146.43437764197603,465.62525069324914
1.3263752969877831,20.01399269276117,53.708204713586284,150.33827328299074,381.7854136022332
1.3278490105825502,19.5382835579742,48.85802539925151,151.30498743631566,400.4828150283968
1.3096518995330397,20.099994097388514,48.83069915398024,145.52696691986057,415.26995064225036
1.3649275276972155,22.539172383562814,53.099172199848,145.29002792688408,499.0185947765158
1.3159989896019855,21.523898787728676,50.97712718994127,131.4002282770868,442.1828735442753
1.3120232891826633,18.54441710444453,48.358746857519904,151.06904836554332,345.7831067434596
1.3826280568913754,22.91041771457205,51.33823992548819,165.83793962577133,561.743577036401
1.3077352726156497,19.24654973694407,50.2861967707129,159.49889877310176,486.0862593395451
1.3245633651511382,20.249212662493797,50.06902349912635,157.33803622391338,427.7887271946339
1.3528783489397933,22.32026420497089,50.946727519341735,147.16182368747764,435.5408450449054
1.333106006788243,20.543595318247224,50.72493680581589,155.068733181839,422.2310754402603
1.320847784045694,20.361526724594704,50.619342126311835,135.2795683375181,404.72589766590846
1.3212775534628767,21.58308741602181,50.83904678619651,134.22602764555478,505.2838011308311
1.327497576259353,20.33027595141891,50.64280155361019,148.33458729476752,461.07141707916253
1.3188986672083862,20.89899393136585,50.45829873958415,141.9996968710377,472.32529097803035
1.3203110005685184,20.53478112282417,50.21510905627644,140.15319626440373,425.58290447866136
1.3209519354328099,21.053545942082224,48.83434775706353,125.21252310570108,471.0963176286046
1.3327747291273173,21.082680366949756,49.57648085493905,143.4946677478669,457.84376858011626
1.3191998940034941,21.050672874826535,50.231892185215365,155.2931512591096,498.7394687222917
1.3124966383467924,18.996475058882172,49.27192823475112,169.71781174245604,517.9886983841254
1.3264873674584856,20.9499900330757,50.46872448228837,157.89251671724656,560.125512065102
1.320053428941954,19.289320271183357,47.1292083741596,170.56187545287725,489.6966679202854
1.3741805224888632,24.488352804573104,51.71636776018316,123.24051964113339,501.3711487194447
1.349754085073951,21.32777959854286,50.99397113845262,150.76007502393736,428.7817414638978
1.3500391616909415,21.289256247092574,49.06339118191461,137.98461128624015,463.9136522088887
1.3303406360575378,20.86065808404888,49.907982186062696,153.63343728992248,459.00221890269876
1.3035977925037632,19.401815852360805,49.18122521763498,159.69159151094658,428.22729433752755
1.3114516149000641,18.28362150702853,49.62668947255147,175.4881980999225,395.0595508510481
1.29628335784416,20.963364296607047,51.62896836436693,132.7362977144397,570.557600520221
1.325401076221931,20.091134236222185,49.86594838752001,167.57161332761382,429.3984009288796
1.3375564878024768,21.823098983202634,53.84329212798943,147.89883979296292,519.8230934099599
1.3324280522944616,22.0013715302339,49.56654506657043,147.21002797542434,512.9236485338813
1.3225078306130147,21.327851964012012,51.65402170403576,140.85342962061264,504.0620357368034
1.3518010749441023,22.50320152160464,52.65285054154272,151.75298719396636,525.2975174922545
1.3365806864700107,21.75350765054514,50.75917136882364,145.09508537920578,528.0270467712743
1.3338056491732648,21.501912643599653,51.014961390662755,150.31808590327992,444.9184790850117
1.3428410746171586,20.93405119768664,53.034198253093564,147.81004123027495,561.8923418983367
1.3476890222738613,22.467221943730497,53.08110814157734,143.77724027225747,586.6060401273581
1.3443553111875115,23.337794781407066,51.862393776790285,128.60196086264037,561.9884115302657
1.2937524032124919,19.091416504930972,52.82092398652603,167.4377841067368,411.40098442350234
1.3322860564046144,20.634187678381842,52.373940991578834,149.82862239686978,405.67111893616857
1.336514273895409,20.255260514111516,51.60157855352643,165.04717906612404,411.7653184497882
1.3086183959101991,18.42950170318207,50.164977605686154,175.0848687419565,399.0853259315525
1.3395684254246245,21.403424712422055,50.817835472152176,155.67154843570006,434.35474121089385
1.3713974011407435,22.95346677001319,49.55591191984893,144.7157923559037,447.81244873055033
1.3273084859653737,20.69628815351451,49.08549423367597,152.54743336414472,440.00317474171584
1.325723054389107,20.23567039787099,50.18344441784308,159.89308206076322,454.4359371992697
1.3372430277410616,22.266666507283528,49.819609352360935,131.9663810670556,508.65395720776127
1.3408530272593184,22.99329269470501,49.674550620206276,132.91172046040305,527.3934116616496
1.3117383462037848,19.56726771110557,48.817957524707445,163.6803870990564,420.3987204100263
1.3226090850188748,19.918951098094308,45.62903589614296,150.6415592499942,427.3734533667492
1.3047183926025796,18.955869865595748,49.69363201431238,155.85712907475772,486.31498239563945
1.348151365294061,20.375466545131946,50.43335153763619,165.6911896900117,442.0748950228745
1.3006719838119802,20.345717361637224,49.82747680341395,131.75698873253958,462.5837202598599
1.3261407710168913,20.6604401065223,50.49373140952573,134.01418386390387,445.3856410398164
1.350359631449265,22.6401757826436,52.13992440343768,149.83497485130388,568.8288725973847
1.3126424973947142,19.737285646657952,50.012246806994085,167.31937798367062,450.2704323275004
1.361259003047295,23.07504961305665,51.95999447831531,127.9642023874448,490.34477718621787
1.3488113726246738,21.349986409104716,51.00878981663415,152.1042262919479,458.4604886522146
1.3164330391733368,19.97974514369634,52.0435563424286,163.54832852708296,451.4906371578014
1.3356753616866508,20.355458364377732,48.62564731087681,141.561432390497,517.5078035211427
1.3164039872652291,20.592631966049524,50.97206095216209,140.88351950263103,436.755485029531
1.335459717792729,22.106152703406828,49.68478151415052,146.29158068369986,495.1754192979609
1.31411729688922,19.873110302037375,49.171414748131355,151.18180265068509,488.39371812535313
1.3297866382798644,21.03371896854742,51.46709252199632,140.85864080755158,433.75849808909595
1.3691410924932532,21.084297444419292,49.76449311593028,162.2999144935486,430.856831331772
1.316389738722991,21.041118137270196,46.20916092961239,131.42501338078114,497.1213583048918
1.3745153519557758,22.865791858398342,49.811551926603265,139.9237009845568,490.2507246553453
1.3102442150643867,19.569610031128157,50.88779458801456,160.50971887571703,439.94556456989255
1.3586608231783144,21.03796285398945,50.74015787861493,165.37293156954223,442.63083616315487
1.3275568389273202,21.135570678509495,51.156606171185864,152.96606517537086,502.89310309567776
1.344570403930779,21.090100721355427,51.4761851640341,164.30977170283356,474.056711796605
1.3669724062533264,23.01067894157998,53.17478942170424,133.5086497548575,507.1043107932939
1.3860262288162553,23.09076640646074,53.441248374862866,154.45626232403055,470.43512818567274
1.3157431100618893,20.300606314821255,47.28548197832851,134.96813803936956,456.4843541790475
1.385637276962287,23.264417906648912,52.65848287424684,158.5549825566463,450.4158078202421
1.330335564777168,20.813840010805883,49.88318610108882,157.12064053711464,411.7872747775452
1.3043031058776946,20.577594519515507,49.967197707748305,134.64146747462996,452.76919829370445
1.3291441387166545,18.98379187049378,49.43712606320262,165.91553358681074,344.0314977690326
1.3277622973588163,19.08410940917803,51.10393943241632,179.81891952529912,430.1613394630208
1.3109349974664417,18.802226764427004,51.42258628318096,180.42533900216705,401.11950424017056
1.3415626167488077,22.054502420386914,53.9565951839974,137.07093877967432,419.1763441427858
1.3664239013112345,22.444046407513262,50.51536202981325,165.132286173276,430.6222751663659
1.3197116577018544,19.37391865953311,47.510154362411356,157.5402393098353,401.7231773092687
1.330506806128193,21.57820149294708,51.62976613339942,131.79769450738846,503.3103021854589
1.3340818650740407,20.73132709977827,49.24024400795544,139.89134050403976,471.0773936955869
1.300658600033032,18.294622571847853,47.56034173411947,169.58238789423524,495.30999875712365
1.340424644788167,20.46044808601463,50.902383352721955,158.6349816241709,376.5623603362382
1.342050849112087,21.37777616934893,51.24895119837984,157.28848885241706,528.559480986455
1.325518266613619,21.81414590113485,51.27728082027727,148.92103448715227,559.273156909629
1.3366255947194636,21.71636973211924,52.058479215517536,159.25241469848598,498.29088808216557
1.4015541813221803,25.183352963602147,53.983180288353246,125.22645147885973,510.8295940522668
1.326065288026827,20.578072327457186,52.321213380992155,153.09822510579124,465.3529562347254
1.347738441778515,21.91211949048674,52.12323777901401,155.85066866841677,503.31108720240803
1.3168685025601439,20.33052012381706,52.04381646319008,163.60406371154272,512.3484448152683
1.3515033383106467,22.552145684822932,50.84740836102753,134.99574707432083,582.8116471879155
1.2826325150867182,18.356804111693464,48.76904863411421,148.45441304349424,334.0925600022935
1.3526999082513598,21.42082346689181,50.933805704489785,160.0295731395363,508.8516698615533
1.3202529968425312,19.0187128392646,48.23571825938973,171.19980217064736,298.27241501598854
1.3491935307102518,20.69906038545117,50.455848604639165,170.90044242682092,563.0402200955798
1.3070128723009409,19.864487029514088,51.33349471832645,148.15296676396926,455.16745038477774
1.3278863003918429,21.422641025954093,50.358785661936565,150.10709967488296,521.6144326160197
1.3032534004526666,20.03183121995105,48.48789824656891,138.8621602476377,483.2834429353189
1.323548517348149,20.486341905932612,48.096346004795286,134.8474011011638,443.5178019720618
1.3626545620946238,22.699263668494346,50.89677065313951,151.68296260353426,415.59447028595616
1.3010921673212228,19.68437865323898,50.57394692127829,149.3324909768903,361.5117930785219
1.3504547848643689,21.326034772953523,50.339069749031836,151.28406008864002,461.07607803165047
1.3289626002862216,22.163925493386344,54.28610096961525,139.83240458379743,528.0047854491094
1.3457656559772306,21.60506373492209,49.60993239631598,139.35446298539966,487.2888430760154
1.342634051346694,20.84300357304646,48.74141575548858,164.79433424923445,466.8795006269046
1.3270109311815321,21.492706759091433,51.06304872963804,146.5365356744284,471.0816062063048
1.3241269431471223,20.479538089342185,52.14223318161445,145.7063983374623,468.4470187543324
1.373606138687939,24.492327023517525,51.92740239347491,138.00885326230414,541.4477392136447
1.3649491406367371,23.43549480108784,51.70074161484398,136.32396068279886,545.7588389433865
1.334045564227223,19.794096976403857,51.146914115509155,169.00652862132443,410.30936748284796
1.3103019523804424,20.3420744478543,51.29375303392141,148.25959259070137,452.0840243300191
1.3736291484696637,22.099065396435122,51.16095284953588,160.91880779490108,495.6106134980508
1.358284426891887,21.056418036633772,52.7507123251204,159.4667491065766,449.505031233683
1.3078472116754118,19.48311544380745,48.170244359417346,163.08726216890832,464.6929223469771
1.327701444966093,19.815283238164966,49.33373175574327,167.69114232216396,445.24478811956567
1.3208159844493892,19.504057036719864,50.319067863227865,168.06488845371496,384.9127474517325
1.3151880849323585,20.186403700284966,50.34792245594722,129.98204060957875,456.9907595652253
1.3144937088423592,18.749567535468117,49.82409672453364,173.77005998391655,355.9257849561175
1.3237167788986466,19.71337734082742,51.20108611400287,169.46438200170007,378.391408589982
1.3425481860076192,19.56102155995051,50.199685353716895,178.46544310423465,429.32835923139913
1.3165015265407047,19.77415982684974,50.65684048173411,148.99037709787117,471.7615697011333
1.3341823559467092,20.407787349403197,51.236536961376366,157.46397505835193,392.2130438196486
1.3594432432722858,21.464661825803876,52.573938075751194,154.79316821188198,443.6383756535384
1.3520243318167269,20.891189797297727,50.74568545802727,145.27604158904887,459.5336622231368
1.3354936040524983,20.4645323905202,50.17692031591227,162.51707278774535,430.8644951443351
1.3166114753302023,20.889713177494727,51.959928363484906,151.68253174357562,524.1513112133767
1.3515889960390948,22.680035359075045,50.61304827122952,152.03439819825024,624.6568496081512
1.359590354145172,23.701997261394972,51.83017560823188,140.0169505731893,521.451791138464
1.349480427848833,22.222735705280797,51.98340558589194,134.17592935937353,458.35836565506685
1.3075169704364933,20.13363112533265,49.19895482666757,158.68982129372205,432.2241076299608
1.3472933351658039,21.062750402609637,52.912374389152,164.50804216753892,514.5641186986974
1.3219852353287114,18.961656354893613,48.8375860611472,170.53396166084428,474.53820204511015
1.319237910413071,21.49819347034411,49.787787688742526,132.27185268723355,456.1069144000983
1.3287454077579672,21.699817583044833,49.17607910852061,139.3137045843482,514.771636379247
1.3232955443568342,20.353636258054454,51.39206618352309,141.5274837817621,448.22757330936696
1.3225968041162175,20.233117939081662,50.92886314981873,140.48565011607803,384.77091610055544
1.3451110447777526,20.68641168619215,50.22091397701758,159.57471165534338,403.6219653494968
1.3289539845849818,20.91798212552779,51.92233349997958,159.1677770674538,501.1748507051656
1.3351495854843267,20.68532932934213,52.60472721137312,153.1436606275904,465.25510847669415
1.3537360831586365,22.030878842466226,52.07399244342569,138.91399898081872,524.5437495821694
1.329046843642394,22.08077679289945,52.07883010455465,136.8088356700425,479.6781232425762
1.3193239123629614,19.923562095133825,53.036336678253754,170.9442081159799,372.5137646445796
1.3216697964870836,20.231111439363,49.91419847421562,161.81220328348974,458.8063095654925
1.3073445372269406,19.700243567843607,48.97396025814251,163.51607165312527,487.78224512413186
1.3016867139391208,19.385829397012643,50.18851303522314,142.21363082558602,480.6048129756158
1.323444863554882,20.908597182517315,51.10809632168888,150.332016809604,496.9088420673248
1.344104090885641,21.30428392257492,51.44994176434641,147.57211238731657,497.19408376246827
1.3099731545456512,19.49651274024305,50.025866325228066,153.03678825456277,515.4515635011435
1.3201543177655761,21.937935911448722,47.94342392940964,124.07283525445982,564.206213391706
1.336421949828903,20.428330610216417,52.26024110399331,171.43420939176093,480.4544969089439
1.3281985933230753,19.67716088954932,49.150533628630086,163.2279353923637,355.96519483141594
1.3211661190795707,20.364825389780904,49.973559199368154,158.4604685397354,462.8904192016525
1.336246405104952,21.486798349221985,49.00750705552909,142.4676670338755,502.3766550574038
1.3042359253472737,19.991594686074666,52.58501228321886,152.76891554516715,447.066326181447
1.3236154765094703,19.86224889253322,49.885302810598795,150.68295085577137,459.76064112006185
1.3536719042225662,22.073154733105742,50.09811115960241,152.16294903469793,534.9364254515959
1.3112555364953409,20.030706091950336,50.86264820612943,169.8197229736907,499.39258890299544
1.3509605019057889,21.92443928496777,49.9270277672654,152.54164325436597,512.3755024914865
1.3830381637364713,23.746818098305603,54.61439148456026,158.57643849625862,595.977260620657
1.3008769243133966,19.320907467498376,47.662756550073816,147.95856432725196,440.8258388959716
1.3196839848235387,21.317868371983757,49.59050011927832,147.6657919660466,518.7820659446609
1.3220092021257865,21.3447815105211,52.268146961560234,164.3699172504937,519.2355020684005
1.300132856335305,19.685705311782844,52.73915772915148,158.72707819084792,496.2027016935123
1.3376575377741236,21.980522563355414,52.826176609067915,143.00838160304932,501.67795160135273
1.3303394932287314,19.725876922567462,49.323077099455446,169.03490563900942,406.9601657702629
1.3144721570880415,21.662430329564806,50.59258950183157,134.69577150896657,472.14899346550305
1.3372722603359355,21.590396666675158,50.38226007780042,159.29771387668956,495.67414778289003
1.3729776104633906,22.337729179186073,52.834452951454544,156.3446178503798,455.99221006204095
1.301441998723757,20.126492221884117,47.63244986739201,148.2364951622458,484.8189015440159
1.3239486673676644,18.90114827977042,49.93235409770324,167.93961290032098,491.6701769646427
1.3173184145869392,20.7849373177198,52.332373064057265,141.17582090804353,383.3145679468306
1.30410186609096,19.26674910468997,52.11260139274163,167.62877062669378,417.82658658731503
1.2937206658608746,19.294276208519396,49.03612616551526,146.701606032194,425.1410888743787
1.3517566906598866,22.083649277833075,50.411646406555676,130.55116344707713,463.78534988444943
1.310918953085069,20.21157195143388,51.922864518052265,143.85513060927116,491.07902245769657
1.3243273441850492,20.632581387730923,49.61432968713985,151.427442554383,435.79516213638726
1.31452800112432,20.76340374031136,51.25998480988316,136.14864933224308,526.7467249283235
1.3309605542421727,20.374230770114643,50.79710209575688,163.20033775544618,420.4758027474633
1.3143262813655159,21.58554708186884,51.93459733841147,134.19980653822358,560.3138757609485
1.3253816534866647,22.858618441168595,50.65489836519804,126.90820533028041,617.9472634623611
1.341854658620296,20.502219444635543,51.28526943848757,156.99058469049282,410.66119306154036
1.3281242482321451,20.70810653392747,51.731637447836086,154.88032257953523,480.9886949506796
1.352274216705064,22.12182022686936,51.31186159859154,138.41082942331312,401.2279730218701
1.3617899995372535,21.924384134219828,50.70584207632715,150.480552378445,491.720365257934
1.3159914574621152,19.604208150961085,52.02390172959883,171.65286854917068,446.7230316757563
1.3172115399033926,19.730105475676382,50.4244411394806,166.32498620691902,480.676288861073
1.3051418441721885,19.327580322450252,44.85662304946405,158.480325086599,420.82328189853706
1.3491215546770947,23.56110372877483,53.26124303605159,130.23724247495042,517.5063670556053
1.3646947680173092,23.26102207843342,54.04961128342407,150.3737968309757,533.236726813968
1.3292730912591626,19.130838876990545,50.59866994694625,167.9572643752292,423.1543420477432
1.3427621452030651,22.43595373080618,53.45010653195668,142.26405311007804,466.5322438390031
1.326227730538927,20.335992230463468,50.453304565932136,167.4062806733715,481.8944346655922
1.3048044201028202,19.943327463729084,47.95268831005961,140.9184431353906,480.1295646056502
1.3280055069142356,21.45803142036923,48.967707505348436,139.50264432210264,544.8056242557744
1.3439262348424637,21.61933968365852,53.345811231163324,136.3186392059034,547.230212686422
1.3190564925159851,21.63929418479624,51.43161523702785,126.29640769296078,494.19328383599833
1.3327518914383143,20.360306355039803,50.887312270377784,171.35410561429933,408.96972668885456
1.3305501091532517,20.70334315294612,49.94579815400607,147.23323832986935,444.9661334979092
1.323243322888914,20.361943960904327,50.74634065243938,157.88900352387145,421.19481699805283
1.2971293152472791,19.283324716104772,50.223312810539625,151.91755920030957,416.3798215100426
1.3310362359326007,21.742568187981735,53.7525460427399,144.81822132484913,427.04479336779144
1.29007220913069,18.277403630174025,49.10671289604621,162.30741964065191,387.46625089519165
1.3945411765316582,23.877352162223772,49.713543630171614,126.32206851419377,525.6440607795428
1.3401091318394052,20.400216462475104,52.82475720204536,171.44100952024013,452.49956072692675
1.3790979265821146,23.84106635623985,51.885517544418455,133.13776236302883,549.6490577249821
1.3629151561067445,21.759930252067104,50.77112920842875,155.43809352359156,458.2611995746222
1.3405254561819444,20.787697876583778,52.924391569414695,161.7520423015093,371.65607035774633
1.3210703071560115,20.114843952196182,49.621007619941835,157.63310828738838,401.6155702164777
1.3366432695114514,20.990959590355814,49.5463688610917,134.507360967353,502.1840221258124
1.3349556266603506,20.640919070379184,51.91178405950709,163.73239266894518,373.1351402865743
1.3312873367530678,20.527859189016137,51.26639455481641,158.65615336968563,442.04644556904054
1.327102034143197,20.72187500356795,50.26247294248206,149.92422791034025,464.329810476954
1.3524776075072966,21.959162672841604,48.02013763902161,139.98599377674267,489.65195904085454
1.3702209412650788,23.63609636375398,51.524348178905875,132.14921830791377,554.0289010711398
1.3313753879903225,21.22379916456584,48.39635365590524,157.47419175171257,644.2513223929305
1.391387157902363,24.253490826612534,51.617027000035414,124.0928429913521,505.55458975907146
1.3243882223880674,19.64126476464523,49.54824640642481,165.70867490686277,470.41615916964446
1.3439780533856438,21.615969361479618,49.977722638012104,128.78421029719158,522.8915131186247
1.324474974444352,20.264048479816637,52.68257037392844,153.8888962070404,428.92148059491626
1.3367472315475604,19.91837707950294,51.475666735494485,176.81325187779106,436.0972196598381
1.3248635621925617,21.1711299887108,50.106741544894824,145.85442617260318,496.122067906572
1.3360160202307911,19.688320238261248,48.61849070834406,159.79642032543074,387.7782812900966
1.369524433086431,24.245959403519805,50.12240802806341,144.81254831059294,551.2895165049483
1.3463773848169915,22.88605212159198,52.34686794706,128.7723431055373,618.0522127743703
1.2938679880526724,19.649289952209283,49.69822802446655,146.87952838709546,509.4427777676123
1.3383151295290407,22.332914695276067,50.6473944217433,132.0015689926708,490.9971348401272
1.2940413634354633,20.535464506961027,52.07948684382821,151.6756268577546,507.23597695636926
1.3378467766181676,20.961315640583013,52.491418170732615,163.39786531035645,497.00729676268975
1.3151162926953655,19.86587746470589,49.33526757387299,154.5630861580557,436.3326194786177
1.3258395534623002,21.39671109525823,50.419052178664735,139.19223619860642,457.4331984004012
1.3181984811683365,20.562536365936868,51.918448114625505,148.06973250171995,475.51160991554156
1.335555602994277,21.519354589098665,51.35092644591093,148.54381563428328,546.3490720956868
1.3091653838085047,19.736524391851518,50.140353896981935,162.43853366855075,398.5379065221379
1.3256843224965453,20.92791277754895,49.979941964314136,144.74911557187252,514.0527702839978
1.3021774578216838,20.196648502856764,48.66251768371351,154.15166347464836,481.44383916153953
1.3324150634260672,20.630737716598375,50.34067896809677,170.27434470846447,455.3653667499723
1.3803241161459603,23.45970933968806,50.26358913650147,140.20457322298256,515.1669239998646
1.3229922135260823,20.38196414577599,51.116506091434786,142.661420181489,476.3351867520785
1.3034681000662802,18.220575885521345,48.08711687349169,171.62993907535494,369.46597937837464
1.3248248359469947,19.632259490126216,48.31560155154211,158.3697360945451,451.38772660982187
1.319318828366649,20.055721060416296,50.61103357989591,155.2326949922221,425.9691301706657
1.3083785906190133,18.854904798437623,50.0191803388496,167.3981286930081,396.1522856758086
1.3438951023447996,21.869795071085402,51.84413406377371,128.8538440128922,507.2704575668049
1.3343650980685235,21.264638078493796,52.67291035596909,170.39950981966285,581.5707506879122
1.3557728667806663,21.40527861997121,47.776111269708466,148.4112917777409,444.6548990270342
1.4080575295770028,23.818035487420037,49.30222689733422,155.23617258073156,505.17130231744363
1.3298322253873416,21.58615495304786,53.12324866709012,151.86199116939358,488.27378309552506
1.3589663909766185,21.516120049305616,50.46215527701167,161.50084233640993,502.34122377708286
1.30520856785438,20.771271618324892,50.73616053518096,145.0874760028484,388.1224181895287
1.3158493393352542,19.884311396422063,52.97163805956123,169.5515103034469,424.53849689520337
1.32749495043375,19.840120832406445,50.27191037161508,163.116712589785,375.11543897734543
1.3112085296404292,21.23298092348646,49.40594458457325,121.44191233198698,490.81015331051765
1.3527395059464786,21.252418196303964,52.06668791251496,166.5779231557491,500.40471633262763
1.3311184417053994,20.6196517740721,48.346495138839835,151.66215715219664,423.148439378745
1.3882806191461659,23.2299886734315,49.170401794580556,154.78114725603143,455.33725314597984
1.3190710393122282,18.795290291195084,49.15842244977855,172.75430891476597,319.2978506436869
1.3172680235025749,20.68704235592249,50.848927893322596,147.71868360106478,417.542086794204
1.370645334307397,22.330417932427338,53.145824444655624,138.22588778485232,376.06503693261544
1.36690197589973,22.035713031876668,49.71802224899898,145.37398226491138,413.79054924098557
1.3385151167810905,21.396736702804493,51.071204745091485,151.48440447563578,467.30509567445955
1.327702509988106,21.073795511348752,48.96612440430763,151.80593069091546,490.16807165991924
1.356591585326694,21.11082054038011,53.35300474178232,156.08471037478785,425.76309063255945
1.3414063806617125,22.436961186063428,51.1698915798814,132.75322120032658,535.2397847775742
1.3442000408023926,21.064308831602634,54.374941938934604,166.5698590372835,391.12244103185986
1.3171306739884865,20.420921090308177,51.98483212362638,160.6008255816377,446.2737311902232
1.329050547015738,21.47935272346945,52.778235385569566,149.68277460637273,442.124491996133
1.323178529216346,19.706585958018895,48.73871074634062,167.09915348389885,423.3012578110701
1.306028182825255,19.946458450678055,49.18478689321629,144.51549083560676,482.17783437748625
1.3391928175878531,22.378905062314484,50.614589208756456,130.55946271543635,481.0909485317877
1.3147936885962201,20.058332994804555,49.787294694670834,160.12281124379146,523.5461823868151
1.3198916098092122,21.235362219463397,50.556983961557954,127.04538657556158,456.15675666804185
1.3577914342800144,22.0972122892612,50.544543484684574,143.422140564176,515.0510912473699
1.3422925928891734,21.66082473687579,52.82224229046551,140.78184730555162,483.6963188614849
1.2988807905764403,18.240150828877958,51.756012208767125,168.66771861790272,363.4224750269607
1.3375254949444337,21.106885700026375,49.804343901408124,147.36848633589955,408.28028325849886
1.2971089874945563,18.887640705209066,48.66186022386965,161.94534717211965,407.85609230163914
1.3265561248076991,20.52242971166974,48.82598902951683,154.44443320426848,533.3981668751344
1.3223529424894678,19.89302261031437,50.79978050186642,157.53249167216921,483.62962504279693
1.3489532318689845,19.982211234508302,52.168465700828875,175.95119659449637,342.4560847972111
1.3418722441908817,20.96756349633118,50.46371544217427,154.8286063609467,478.6948365263619
1.3446079209075785,22.29760286029918,49.57733200894345,145.50134305503323,541.5994827986407
1.3431262141240705,20.542399934639356,50.5979272286853,151.97854498555222,349.1207028951033
1.3099329670524738,19.908501210615007,47.585637600769985,147.57022160723895,493.8402179939304
1.319534637877482,20.7790219103366,50.38764902297474,134.21704302472747,534.4255090710345
1.3594591388311137,22.8337197668046,51.391005801315934,142.9174934753514,510.8862886800017
1.346580387411159,22.988319244177625,49.65153096861207,144.38957328074994,547.3475572007078
1.3279371616819295,19.667233404779456,50.01733439980951,164.41263733982342,395.2290572130071
1.3868922491313096,25.87998533693687,52.42193992847505,125.38316707468417,597.1866849185672
1.2965561145216125,21.429957447411738,50.28111094396649,127.56385804959088,501.9655215221038
1.2974820480454294,19.28732511976539,49.9336174410347,157.63827088419262,420.0235464978758
1.3712387028274096,23.24032171579977,51.912570973904465,138.86934192753193,504.06535245000157
1.333857552685204,20.598521195653284,51.324057603815774,166.40313127454522,457.7352630674574
1.3484693609757632,21.068910786117286,53.168489004352146,160.35415853008502,451.5785607856916
1.3688033142488574,23.108452174618144,50.837232764254196,127.65007060308984,515.8864765977842
1.323241987563697,19.9220932302143,49.558064458376855,157.46604467999617,412.55776996283845
1.3364077589385375,20.709712043909747,50.332515557411504,155.227914578377,504.9549277273246
1.328031938476725,20.495514589316567,48.45983294903569,131.9056929843645,404.0234971139185
1.3255515433960412,21.11510470683292,50.70639270421435,136.78530286017062,484.20753099838043
1.341938049503042,20.552426803933958,49.25191290586484,170.97413579114286,413.9655819642919
1.319844609996581,20.875447069992035,49.75465848680801,127.01435220258817,524.5906621507756
1.3151538769276063,19.63790932071996,49.698509582871495,151.05077906453937,350.4421835807373
1.3152628556128392,20.452303448025447,52.285371520455136,163.16682311940625,485.95970683585017
1.3190502980973537,19.148872898827378,49.99167478982082,157.76152327322694,478.0927856451435
1.3069952883930793,18.971060932281837,48.160475501297874,166.2128153838158,491.6898522525307
1.3495345059311172,23.05086356192396,53.130014630247786,139.25181880143094,575.2005951952034
1.381435044926525,23.27848627433406,49.73309915028282,141.06337963893287,453.7579860704695
1.3347894530642956,22.329275433387174,52.27759164909617,143.04957031092454,539.7102506480559
1.353337997722286,21.133844434464255,50.610980194706286,153.15133131033514,451.82593002774286
1.319380536838647,19.681946049289923,48.66057722932714,166.5038392335894,406.9858841953801
1.3129031548555057,19.63406355302731,50.4416580778852,150.30035324369211,325.55310223314996
1.3313378030135148,20.9129494099321,50.75377614591448,140.1654783195659,465.5632801019903
1.3442343607974259,20.82985678951867,50.50052686683089,155.20777306715803,406.1581483440762
1.3090971322443805,20.336456159348124,51.80682861475056,144.50781518927278,572.0451175433955
1.317923920245896,20.473961206233533,52.48063626821213,152.30858994279262,428.94179310393235
1.344927564815268,20.351537888570313,51.33626204780011,149.39986981924278,400.2414262673042
1.2950804609455742,20.166035621598187,48.41044734154284,125.96193662419826,450.7344136111132
1.3224252588012955,20.736283258220574,46.61092255936606,149.8655254453868,429.85301584877044
1.3250838522699888,21.359777259488364,51.36335468693712,136.38363845745016,337.57049444945346
1.307402480818487,20.27773912302188,51.80712722114427,157.27612053273833,532.5639553805329
1.3146940620234018,22.053724901370174,51.16723280185409,144.33422758498975,559.7248615989585
1.328629131602213,20.28884819515124,52.834880839348855,178.0395506628799,405.3250903097103
1.3595081977906904,23.027100050982497,50.10873050780796,141.08884646034466,537.2434376973757
1.3242701377092354,21.074203319879196,49.896386446326595,133.140806486877,490.04061982786124
1.3548995637488244,21.119006720633305,51.87126545650861,171.84773155791456,524.9205191506633
1.3276833399864034,21.097541840913436,53.923017391055836,144.94200387064097,518.3024043911446
1.3290824542874948,20.84911048174678,48.61561477830737,126.78273563858019,478.86598959050326
1.3768413422841213,22.004224658695463,53.19112997161128,146.38047214134883,449.9471666313382
1.3070532505016474,20.393936183564342,45.9434024290627,143.10293004124478,530.1219241719555
1.2983429360948562,19.88129042341942,48.03301445871969,131.50256212728226,439.07679275676804
1.3261024973209112,20.456702557156028,49.71963108412524,152.1938311062802,550.0393583129031
1.2936902396680314,19.374709215498257,49.23790216266491,149.4639811119186,512.415115286075
1.3314683260000262,20.1140339657129,50.03895873958193,168.1450282965342,453.3394071604185
1.3114150439732444,19.89411480045893,49.24542896070533,131.93246631172659,451.1164827686155
1.327776073748018,20.490813576773625,51.00473732213468,149.36899876380355,496.173282105022
1.3373468373815918,20.674243849729866,50.829588281531606,153.58417220302024,479.78780385670484
1.3396627767883744,20.136130682489032,50.37704615552314,165.54799912157958,363.1126832651801
1.3520793760795757,21.990616184733753,49.445806339526655,146.2674671694015,453.2792220190497
1.3413715386274494,21.14150145619355,51.54811750253294,145.2542819233084,376.611589328956
1.3220811104950934,19.99470493864144,51.25173147947576,153.54856063030343,393.9230798464118
1.3545209068643425,21.8900152728824,50.805877804030686,154.31903008688988,534.2224413897482
1.297400407077819,18.656012066297116,49.47423896153448,171.1456657457457,353.0288625164221
1.3681902229232368,21.811499303288986,52.64399312479177,152.3313213340573,401.89314991867735
1.2902859406408609,21.419408221738056,49.955573921188986,123.21224435657338,497.8222133554627
1.3004403274129723,20.107422493203313,49.5550456007928,150.1443261181595,426.24450041433636
1.349409152602151,23.042966956828014,52.71787569975266,133.12497470981506,599.4505559300302
1.3356515808757712,21.8688208323227,49.101716380800355,150.62411800744513,530.0995145348948
1.3002278931683724,20.076832827754117,50.5857535480842,142.93759279480577,442.9815387823708
1.326592384314125,20.336023631320383,51.65216165530666,154.14658411635293,448.5474852148195
1.3130562234218113,18.491957859267206,50.7040194497077,171.74882441580152,395.30482722442304
1.3285653848567813,19.431999053629465,50.54994955657028,169.51073200585674,320.28279790562755
1.359384761230978,21.338756949563354,49.85011714775105,152.3761754011414,468.79115695562155
1.297364677901179,19.389829755809057,50.79483349468975,147.9039466796518,406.5822667504982
1.3301837389336284,21.417839395283117,51.90327316882345,150.7662917014073,523.6822578475162
1.319626065763181,20.924234240192696,50.621130608524005,141.72387169413076,528.7966977104701
1.3571712272032002,22.566547084630432,50.13412435640518,143.92642774335891,496.4933122278987
1.3458120638704698,22.304603058484897,51.193718031042124,140.1490245282576,526.6564007073362
1.3796040157899485,24.892283106284136,50.10182024765962,131.37042293509327,593.4823562230583
1.3238534338505428,21.448655686178444,50.2585054888646,148.69793456845937,491.0988957052027
1.32878683053386,20.283187539740116,51.51174653161854,160.08288098035817,425.28316021444533
1.3385856787213288,21.526016404250353,50.197391142807504,155.40137790983897,472.21696178164086
1.3401699393177495,21.060908861153628,49.442736474367045,148.74377756912787,488.53219761821595
1.2949471914486026,20.969455091575515,50.68578048702166,139.26597259359514,619.5469841052956
1.3532193652064728,21.03467743278736,50.911786189535704,154.32315860155626,465.1067626326529
1.3618753703654796,21.884989884838447,50.255967982435884,164.89753403511358,493.34604357338134
1.3790415626347763,24.379916670223395,50.82641050781951,125.48240822282543,583.5262822224247
1.3155671099412594,20.376403756128266,50.57125991228076,142.17154592913974,459.3798583974622
1.3725699866809122,23.4443096481911,50.5603731341999,126.75626517348046,482.37498739692444
1.349907113384665,21.488115752830687,50.19335334116399,156.06284986645778,538.798875086509
1.4023628309972462,24.73434495056119,52.605500538694024,132.31889928879772,494.54170794634535
1.34354976793543,21.826361498298365,50.01557596432313,139.16401430038994,477.99705544236974
1.2941270316912699,19.201664286956586,48.740622849090705,140.9558906061339,355.11181168813886
1.3177556880084753,18.857703951462284,54.340867447559255,184.00392450773234,366.0411691483563
1.3275753645857078,19.479190528390333,50.182300513527984,165.89139569137376,415.69094213197627
1.3247311735710123,20.88140361438753,50.53584222020193,141.1445311133496,540.0385145308967
1.3370884817688364,21.575989836211207,51.77471302189751,139.22857671368902,518.7282683210844
1.3512009297333114,21.73612152322873,52.21944210626464,158.53153691133292,547.5260339612979
1.3160190298920806,19.507934389713018,49.99849726889244,167.08363705677033,344.30635443351105
1.3427115640623482,21.06574093334281,48.579915624301165,151.4204735238872,382.4041670460741
1.345149564862028,21.670507460364753,50.57440365362553,138.7526828084721,451.6902456029212
1.3289315560684722,20.10522499150567,47.644984117938684,143.20291719838127,472.51652463482804
1.3104823734727988,19.49002690353616,51.49882688753292,174.4140533718309,433.7740121565711
1.3216393365855694,21.009660894308226,52.404569690764,154.1216867788563,459.29358106675414
1.3227390032161468,22.008070869265605,49.46573773320816,130.7114777797232,524.9571787717231
1.309902794929907,19.716942568435613,52.66050861783974,166.2053438874293,479.95493704720985
1.353045149180715,21.783647127719522,54.594529582601474,147.0616600883136,519.4694342776534
1.333634431795273,19.743901695806088,50.8391748493425,166.4310825895929,506.8893327225184
1.3192543434590327,21.34254793407299,53.10669531236393,140.31639928554733,588.8224861249247
1.322375386607552,20.444453491627947,50.63728031868916,129.07528761041144,473.4195060174074
1.319537843098515,20.657479892422355,50.93506907632968,168.016067769604,465.76318468220296
1.32949517727037,21.379695556301805,50.76386232517695,134.88399826666486,522.9083619964604
1.3591388945020313,22.031058817011026,50.14301943388412,145.1474514193991,482.36938308273426
1.350752981864182,20.813666139629827,51.99489447016098,163.32206760413473,457.9894971866562
1.3521017700645017,21.559392461317163,52.67988219558044,150.69258952539866,457.50475650311495
1.3532322031209145,22.90604267026879,48.30205098724356,134.3498063948172,521.8660056706954
1.3365526572908677,21.49393999533796,52.55943767701104,155.7323521870806,473.91864524686304
1.3437291713177606,21.44992964943402,51.11873602562941,159.043879864327,495.8270003027214
1.3644141725559713,22.28239930918361,48.99340195589164,150.84527907594364,519.9915782268679
1.3281916273803094,20.469271557426783,50.21884599609081,151.27377307947356,408.41414474068137
1.3301207671745954,20.993705328867215,49.353477588511005,148.84265122948216,425.3555424431622
1.3474034412451306,22.7767085815937,50.316658277667706,138.63888306419256,541.8689381725386
1.2992281728722683,20.11265841585044,49.69830057129237,133.42852092778023,489.2296103054427
1.3270283704408725,19.64547094619436,49.03973835775825,167.31277810011244,350.9452991009525
1.3693459956260492,22.803952626218564,52.51700413333068,144.8537180120864,492.6599336898563
1.3262097570165694,20.486557498493525,52.30229515280569,157.8916332577457,512.3902466320756
1.3441696999216173,21.722642961616636,52.68510954282943,156.21870955972827,503.23420950392983
1.3716340225771555,21.854764597675096,47.149223460101034,153.27456034191962,431.12804036167705
1.338121044219538,20.31396822108497,49.60465822243321,159.4478521438549,420.7028326605951
1.3186967385347446,19.841411554704784,51.901720683509865,166.9478021539665,410.6389175207688
1.3644800224132387,22.517703113866858,53.46853640750558,135.40616886720824,489.4440895955279
1.2756218640152832,18.838425785706328,48.26564457896327,135.2913328353886,543.8727587847557
1.3314541477609623,20.357195913268246,48.19384736124225,156.12956411108703,419.2157984076096
1.3558263829987247,22.30023718286558,49.7469129767386,131.57735603373138,488.50440216190196
1.3227703831472162,18.55744389665339,47.74063726195472,177.3637856881346,406.4762980571126
1.339295470501672,21.632772833486136,51.12685126842487,144.05846146470114,493.1364423438651
1.3306884070014058,22.287049654054133,52.01011039819446,123.99148091104126,518.4484712306206
1.3184230385690012,19.981437311997677,52.2126782838952,167.48232005878387,446.13094888497875
1.3329596999460482,20.483364934136098,49.927298734098535,164.2704678094378,359.1486177410573
1.3734990865507142,24.010426645256334,50.42588813782645,145.20287651629752,558.3481651481067
1.3066993152484117,19.888836545765184,47.84760317769786,142.55285578321798,406.80329593741584
1.3630708282274415,22.749625826451695,50.12491140559773,122.95316967330774,521.228010211392
1.3250521637260737,21.19444903924504,49.8395587467551,127.51735242847765,486.7446898743975
1.3401973892800914,20.68565091054216,52.37732530289823,159.44496216167883,467.8360489427136
1.3941890310436256,23.144042307430524,53.011715361885024,169.76465466995182,561.0741419787771
1.306012867424958,18.910472736861642,49.14261516881044,167.76698744480396,474.8894577685128
1.32447328293115,19.748598461747278,52.399079983301384,166.36053988760074,465.9247560259718
1.327321254980466,21.20489838230873,49.65259341098293,163.61952001730018,480.6288546768793
1.3381977961425133,19.90809607158949,51.28722604647385,167.02766383737406,418.599374522593
1.3161065963433631,19.984503800672123,50.26562517027181,155.41564958496775,490.1602073078681
1.3844741545398878,24.041850373210522,51.47597607906175,132.7718890588662,501.6818429062291
1.3471569434116923,21.21031003458505,51.29791373373753,161.92714536681473,501.67964300412007
1.3242126570036288,21.040556705173618,52.22737189090234,154.5213956223215,497.5769824818949
1.3877571273162994,23.979231657367443,52.71014391368082,144.42874098422507,472.81252258457135
1.318902215550358,20.276302179889967,49.448684175732545,156.8310401337322,487.0941793670665
1.3335465094947758,20.398057703686433,50.8362980425342,159.2169372162379,453.96062123148727
1.3395589476175835,18.72135035805206,49.39724751893815,191.45020907001447,292.9027705729217
1.3356317042605192,21.436516795253553,51.29985539112746,143.60275139589845,527.5146815342057
1.3562150642241928,22.100819934562736,49.959310534208186,157.29300446130333,384.64965363407714
1.3133095849710952,19.613708738161307,48.93343856155249,141.47745703418767,500.93030068567623
1.3353014470772673,21.122303649955157,50.532209693137,155.5819404400951,459.3832349167749
1.3410067345756456,22.19208687347183,50.79145082939032,153.75286157405742,479.1752584913736
1.3180004240167944,19.0875431362022,51.49657190874427,160.91004126862111,412.7094937989732
1.2960787815354093,18.270892095021498,46.92573810819252,159.7631900525253,311.01563081072004
1.3368515798391845,20.78418589770434,51.20083218940925,153.9228216409168,427.63662629179777
1.3425602208684202,22.475488210565004,50.672672131433195,140.13772556072502,535.3310145333331
1.31825238640374,20.307266286157045,50.16497121251099,145.20768897212918,512.3249683741865
1.3285901425432183,21.748083540214395,51.48780367476842,133.6513119380191,493.0244614221651
1.2973072933761254,19.984744533268096,49.920450898990616,137.97329911366168,437.4318374391272
1.3615093059233065,21.16257193281805,49.850191778625565,148.95090380840736,438.0584267586816
1.317128803236664,19.27787200247618,49.056769959837666,163.94030293527604,378.7630583758563
1.3247974686533828,21.190340812962525,50.52308365973516,150.84509445947063,425.0208198477645
1.3159115835565247,19.896938339537513,49.23002768750474,142.51477889859592,437.66247524343686
1.3221613732446766,21.229367357459914,50.32416219231225,132.63083197531108,514.4512858798071
1.3766129009900887,23.489097279787586,52.443997750864504,149.97698762069,547.6806546166911
1.341112648577327,22.195618561773742,52.02600837399769,146.84469222968414,559.5203923938484
1.3449915938108992,21.746233925120855,50.803314679833846,145.2574441742339,437.948508508306
1.3042132880012898,19.07618582189155,48.650395084352375,169.1219797593134,466.5179924427064
1.3159317578968823,19.935350305438952,52.20832753560486,159.1003673675074,397.17659894766933
1.3334636394582535,20.341784663583447,49.33340539068634,164.1453413399092,457.44953943126717
1.372130853708381,23.48590916861737,52.37523461010376,145.93225763306833,449.2464158816821
1.3271871279122087,20.93322806230856,50.334967744412175,142.07786099755918,461.4124948004006
1.3110919235795446,19.861673216297135,50.686661933992625,144.46585647310357,435.95779804938246
1.3207732858300667,21.48917324186947,48.09537170625982,137.45399043855838,496.96067787186496
1.3314072482186805,21.48792241048529,51.811390557747266,144.66413175796123,488.06880006978275
1.3268509618600541,21.291014623755835,50.4330911641243,131.30599024915085,439.54167192745604
1.3337303601679575,21.12900245699984,52.70960282817089,162.40472963765905,493.3314361186564
1.343977758945705,20.800641908992006,50.77343198601974,160.081895671135,495.435959380556
1.325765748261372,18.6804439145604,50.40657544448381,167.541646673448,369.8573745116115
1.3076389426094959,19.210030186204996,51.80108507517413,168.69370021512262,342.98435331518937
1.2948297152090023,18.979208667027414,53.70722982495319,165.19932141717328,389.37283162741477
1.3564403216862713,22.89536493680454,55.690638501041526,140.5844784636208,513.8830389917953
1.326978464812812,21.4309438278843,50.25357768324085,136.1017355509316,421.72622453389005
1.3483974215773442,21.699394241035645,51.45067568365261,153.17541381318154,510.924446341607
1.3344774752740394,21.162747903766135,50.62144009047813,144.02152395889738,439.5158965934191
1.3016107542847826,19.247756394180026,49.45054431647053,151.99636595155545,430.1389753467555
1.3364000120588457,20.764051867242838,49.201198504397546,143.19519903440258,445.1237449715398
1.3330258051659611,21.121101407780493,47.48786520525424,148.53315717153788,449.6329728191046
1.336893325893445,20.377486653023077,50.254168824663765,154.68160128984078,461.39737962569706
1.296873512018189,19.14667986491142,50.16487947044866,149.74645926540862,395.9856371878761
1.2979477737807474,18.55751366077837,49.73032537319419,153.05742988223295,412.9245536087494
1.3166893354601659,21.65969554112017,50.31074016790061,130.3615318992827,603.7815509061775
1.3416507151682873,21.71874924835069,52.32838316891187,156.66954562785583,527.6777274179242
1.3035020280140655,20.528128119477113,50.307654086734225,129.12601124593206,504.3350902042636
1.350442021997638,20.937588600453296,52.95336530852984,166.43977553713,460.22217680037676
1.3272882691171286,20.12291823495202,49.150941069105045,149.86843268324202,411.54634124025387
1.33310988787664,20.7798189098192,49.81638286196972,142.61998649719095,449.98484513089267
1.363054048193233,21.1415470574237,52.79449134657423,170.33964570518106,457.55012648791933
1.3073176666212802,18.596441761305485,46.65811664206372,165.0856344808107,415.9016801718296
1.3280254014910118,20.30976803628126,50.993595559582715,156.0211261323921,500.9302122795642
1.321990421014186,19.49388162329234,52.66924230058524,177.2929585050269,426.6837633151933
1.3706338195406413,23.16730317043551,49.78368857119093,142.7695899112954,502.0228412180174
1.3354740956599926,20.522614743621443,51.64692703084036,160.54562707793653,381.3877632229064
1.3703726299713734,23.074111048575936,53.26340526555084,140.3344869778496,429.7769302135399
1.3000789965792112,20.4627680796046,50.99457721874515,138.75923620982948,481.9207661569014
1.3626128401227608,22.73529634251934,52.54065022433918,154.04370588195482,415.2292070942984
1.3446135966282613,22.337670207646,50.49718675929526,139.2031609593335,550.3535016210662
1.295737287902777,19.66856907593953,50.795460911352265,158.28796822544442,488.7736252018558
1.3135046353455015,19.37958475360728,46.27155854350814,148.59212675133506,402.6678149379916
1.3470766836189518,21.79899459948065,47.82099806057997,156.8701634356401,471.46658239654954
1.3502877007468705,22.07326429700525,50.91551871521581,148.02214987364022,437.6485879473035
1.3202469247030924,20.74633179726051,50.11897421810465,156.09102122800766,420.66137647351815
1.3337698025440774,22.018336345761995,49.047806319304776,135.52861733522568,628.3636919588926
1.3197462338827075,20.075399868366894,51.853089095924254,150.52091772153767,521.539782273633
1.3078785221007068,20.019353300414675,48.598434797892125,149.81922760223813,490.35599944791585
1.339371036062866,21.78396727733069,52.15036849213982,160.38489575957976,572.9894832550306
1.3526754613227565,21.631467756330547,51.55773645651179,149.53191980360367,424.04999358703014
1.3500232035770876,22.30883885756236,49.30409110117312,126.96208787753807,514.1596164927191
1.3164683883435822,18.263752869036118,49.40423165396095,182.67207626757914,419.68945714060783
1.3253733196324013,21.287705481895753,48.562647230405375,145.24470999907282,556.1086584694683
1.327870460715417,21.843950502351888,50.429512107613036,142.69435586193978,529.1017684879375
1.3405774046332963,21.15059354522409,49.533060433500125,156.16113996226935,474.1319815876354
1.3397065321069004,20.095499160156905,47.526072066801184,172.40669639958108,427.3228476086948
1.3428944605890252,23.50002931839294,51.893497612000935,130.87652353920507,549.9858642254399
1.3378480113593199,21.0657089304187,50.30472808102593,147.61298812850407,437.7351089033512
1.3345694739482796,22.028861227694218,54.424857884715024,135.26902432555366,439.2176992898321
1.3642231272632848,23.029428576226874,52.4168318069282,157.5295356801062,517.1944473600265
1.3114604334158835,20.376905936320266,51.95653358351923,151.09493585696583,502.0832121221709
1.2849285799557453,19.419016382434755,48.89820192740155,129.41928845830122,439.05822562967813
