0,1
0.21061336793490715,4.948192718330197
0.2056147328361688,5.194820986470263
0.20128078309376393,5.130085067101412
0.2016731618555028,5.176234441874061
0.2008803071787197,5.368245375345107
0.20055540878566508,5.356079786761673
0.20265445499597934,5.216637734717895
0.20052013574012928,5.2415959215843815
0.201937367214681,5.162002255644269
0.20690280402632474,5.1514083671820385
0.2026582178205422,5.2946212858383115
0.20123460573326182,5.108877633055379
0.20171748261073277,5.198629067211633
0.20299241647848484,5.254780284584113
0.20066054076456913,5.110075505864329
0.20076452338115564,5.325968479317743
0.20087656038323776,5.2929224160656885
0.20810281471182812,4.993333733386193
0.200644075978622,5.221676884876969
0.20011611212831953,5.1843717942808025
0.20038050239540298,5.080370631514908
0.20380867130649458,5.0509604977921985
0.2003312668119473,5.269949358814013
0.2036995486554276,5.219858164484398
0.2005727835235658,5.261916654979629
0.20032662519463784,5.092898247759849
0.20102723376868017,5.212831006126621
0.20048359841472801,5.3711780310341375
0.20039585360859177,5.209639492399583
0.21034482313517538,5.058679795135916
0.20193840564871626,5.092473448158617
0.20309826741604609,5.008548554181227
0.20029765098856603,5.141194210334979
0.2000416274456113,5.271364719235782
0.2039656552091127,5.127391383976224
0.20044338890968968,5.371865357149179
0.20030454298190348,5.2131952328078475
0.2012147566029246,5.153232106696482
0.20499759560832403,5.223021728997868
0.20000229937086472,5.078181512552434
0.2006025551276603,5.33331039954049
0.20131955356083964,5.165452783749575
0.20100648549530037,5.089797415416718
0.2005400483603423,5.19954562327537
0.20103296906223767,5.291835756124212
0.20337232740268096,5.171466259512851
0.21506812846050866,4.824683617273644
0.20952350284737686,5.026418812092191
0.2014028203427807,5.158848995420932
0.20136923834578185,5.1317455960410125
0.20158678408911054,5.078940647837026
0.20487054988290584,5.1226895423754435
0.20222811779128094,5.127159851915203
0.20511240813451515,5.033561649961667
0.20063149154400514,5.26110392158701
0.202854243498983,5.233012525624968
0.20563693237827402,5.118264523517129
0.20043653961044203,5.2355116168839375
0.20057602911081304,5.291507469833964
0.20040009576632165,5.225422723174879
0.2034147359275299,5.0920163041456465
0.20183955100652182,5.355010204816214
0.2042219151923345,5.083566650808566
0.20469562178514616,5.11719329840416
0.20041009862010517,5.3595407962474235
0.20581191882318875,5.081285678084978
0.20161317658713987,5.211593503767366
0.20395992456591125,5.050268401444363
0.20293267043825833,5.1999947992290565
0.2027123391378058,5.355251645859355
0.20137871774712943,5.112071673681311
0.20032801368850084,5.2430938154666435
0.20191065192704927,5.184564682224757
0.20335710263851636,5.285357018720928
0.20203020421323975,5.279934892924686
0.20445383689792868,5.201682805390872
0.2000947774385771,5.258959102088118
0.20183401508126717,5.2261700157844535
0.20028529014630458,5.041047525408416
0.20088226225525996,5.242668523997815
0.2032591478351553,5.062567104371243
0.20008974185374928,5.313437569459172
0.20015470620441,5.319765329942054
0.20033606581103608,5.28835962625794
0.2038419204186188,5.245110139071364
0.20107605787936653,5.195828490753354
0.20110545772361318,5.267268502202705
0.20410304975875643,5.143759782056312
0.20258207057979485,5.1862723454028075
0.20000222162304776,5.217583968921083
0.20036077681019362,5.152779137661439
0.20126193769005543,5.116670585307775
0.20105179462486533,5.27180826563163
0.20645710372060466,5.190325253215168
0.2012644765652387,5.196995504299632
0.20074178186944938,5.2554040205709756
0.20348899820143998,5.081188688665733
0.20038613177821693,5.247991316364301
0.20555036301688925,5.021695057428419
0.2021197998239601,5.165973953297502
0.20513485950807558,5.0102402807479605
0.20422716295634072,5.190200807056266
0.2048040394774273,5.149126661407331
0.20488187409543324,5.062557760211656
0.2021657168214973,5.217268739227537
0.20173064240463912,5.383713218601346
0.2001006605898594,5.175707162665441
0.20072159573865872,5.303961332939087
0.20269639466568773,5.0905238639306125
0.2014952041217118,5.308311792330182
0.20389433650746164,5.097048077268372
0.20109769603750405,5.4103796553926795
0.215104955141928,4.905622418774298
0.2033440788858435,5.100978802181117
0.21135344470333756,4.903083798317751
0.20027883337575406,5.275564105280175
0.20136593399837693,5.200536024958485
0.20246467320866102,5.185078446401357
0.20190902744925476,5.127514163616262
0.20642496994826076,5.177611267396104
0.2029376447372614,5.216551363156648
0.20001815476545293,5.075862033032332
0.2030971234285024,5.22928418655071
0.20336389938977978,5.119408781287351
0.20090092137935156,5.29529652121191
0.20022676036937154,5.105943763706524
0.20374148696240893,5.19886033515306
0.2050412063329156,5.071401558258796
0.2041681429850957,5.189763538189779
0.2056640072847069,4.970512905868111
0.2030574465790661,5.279861518980301
0.20300962932389136,5.1967242245599525
0.20413596253781874,5.176533786602111
0.20015475132362195,5.226701919026077
0.20471994520273173,5.190625306987812
0.20091044890474818,5.29500523539741
0.20008890966950862,5.251322787463034
0.20148698543674737,5.281439229444145
0.20140658875941655,5.143635145498644
0.2024801960901772,5.332449443925852
0.20440602775868832,5.15005793735865
0.2001162482865179,5.046831785198252
0.20191222722831909,5.158949468361738
0.20478011851042727,5.038606014103792
0.2012313514418236,5.28868405811128
0.20290168136982595,5.242622137100998
0.20360564617987326,5.141501520555944
0.20446785492853917,5.156591727757033
0.20186628084647337,5.319372083964526
0.20158633247160182,5.2751484306942595
0.20143998845325947,5.216806715593624
0.21337883170837302,4.910202871531319
0.20168306339809444,5.282176551686067
0.20636371745030588,5.016401699878837
0.2019928779459157,5.187671910160441
0.20467273416780327,5.115371832914815
0.20100760681523033,5.240573098724372
0.20646102820915294,5.045630782472999
0.20214099528825066,5.122774217560674
0.20476915417031175,5.165300451573917
0.20183367939474064,5.227432080215738
0.200938604256295,5.25180815269173
0.202921188651874,5.074076238931821
0.20196992903560057,5.182827785000443
0.2009574117954143,5.100807186696614
0.2027106242614269,5.461068856232216
0.2003499546445355,5.223506904092542
0.20163269887808125,5.178144967455949
0.20899782025537844,4.917159928109815
0.20360316038263643,5.049605269817371
0.206464486698431,5.073736323040895
0.20085195563380653,5.326036085718769
0.20039302966874284,5.302393820965526
0.20557779601037554,5.0125868211436675
0.20372900631623,5.036094588004366
0.20401619224949052,5.222924193757021
0.2026822024688224,5.1817093770450775
0.20158084739088622,5.2597201803351465
0.20449089472997078,5.06011368908277
0.2048397131533662,5.147705615539814
0.20105632877737623,5.0189563782336775
0.200644075978622,5.221676884876969
0.20076095514522757,5.191492410223782
0.2033584072970337,5.150098530176406
0.21136675133766733,4.706029870989794
0.20444732960254594,5.0327961416319384
0.20271289012026183,5.225706044063911
0.20034833415470366,5.1280982156704376
0.2071981136396514,5.089660919876679
0.20027690820854802,5.417277904302805
0.20008342689869027,5.239785393040882
0.20094674485671893,5.2506717335723545
0.20064686657135639,5.2037050913707805
0.2089195052902873,4.962898713762994
0.20298194059584548,5.08242982074119
0.2049143631285072,5.114567225610144
0.20498316174197267,5.028079322537158
0.20042758524612053,5.17400456674014
0.20074736625270231,5.143467718912451
0.20033264547081253,5.2657378265304065
0.20071339456935328,5.231990194699535
0.200511739378169,5.205665489367024
0.20705994957343046,5.091664116485735
0.20114924221016234,5.214659791850108
0.20373367740106732,5.124143527090095
0.2008906183867608,5.077793138763067
0.20267312925155156,5.3021969841888845
0.20449369202394685,5.1000411116997455
0.20482584639036494,4.94239771009407
0.20103675353142436,5.3820024185888
0.2013153306436443,5.22077326588801
0.20076011459594245,5.166351988180254
0.20518238741237557,5.023789762603176
0.20011200398193654,5.413047305414673
0.20083761451719837,5.236290356979684
0.20540717453388863,5.22741197100553
0.2033895174756763,5.076492837494444
0.20045560703990153,5.1773365241643665
0.20544121244410254,5.088491961265784
0.20238738411816024,5.114076056803681
0.21195939944258171,4.956856016828838
0.20953250613414443,4.901446949438232
0.2030395999843809,5.128056426002481
0.21138539164207898,4.877721483751992
0.20122573704501406,5.315025368484954
0.21011988421814198,4.959730052160664
0.20222975616883923,5.266712760694998
0.20484473970857864,5.084984600431108
0.20087622956090992,5.37212248992609
0.2039468154518731,5.203032793351012
0.20040938084311127,5.271739402940702
0.2054319882362125,5.011991034080116
0.20317416271475103,5.113995155574701
0.20085990021900552,5.285779427173439
0.20034423256810774,5.3608226286168925
0.20041764593705708,5.11706603628731
0.20013218258740795,5.078190033336845
0.2001712896574347,5.194941663457577
0.2006148681780674,5.18353000434692
0.20176652119461008,5.242323967157203
0.2006960677590339,5.294659773931698
0.20368534391840568,5.144389676453862
0.20010136966054695,5.428828273832171
0.20092631494259788,5.070334645997602
0.2005588941967823,5.306287835863796
0.20080377350693515,5.1431273980278345
0.20037531635838163,5.2953858881676625
0.20455015099471835,5.100711580772553
0.2033052656832702,5.254036997477961
0.2012577144587776,5.188100688195083
0.2018350897897241,5.347935030199893
0.2021345966468197,5.162806064514969
0.20147392393191207,5.151899500791275
0.20146608715547176,5.213350311968058
0.20777842523815157,4.929036032078234
0.20036865970333978,5.2902136695981214
0.20023075532390383,5.245309490607039
0.20047762412602507,5.151379093027958
0.20156228153146052,5.2840562325020795
0.2044856226241219,5.097257231567638
0.20053614743436649,5.174023808891494
0.20038754887454263,5.2856162797161605
0.202948499159765,5.204912090732847
0.20177782127538044,5.111218275735715
0.20701425629753492,5.069221662273146
0.20368705248562127,5.1037484723116915
0.20123624289634293,5.15595609479367
0.20086857277492332,5.1710804876650185
0.20279764281156407,5.063842993677527
0.20519243754867414,4.975080071410529
0.20139609398769562,5.278428751780553
0.2002479086527171,5.1897202833399065
0.20659376169907331,5.103995390803826
0.2034444218013836,5.170262444409825
0.20088589160267897,5.215296303540917
0.20025262388913198,5.305360409788122
0.20461455155217487,4.982725971527378
0.20463233837337264,5.196686850265259
0.2004129025344,5.193231774177881
0.20226440049119074,5.189275232421126
0.2076184441907771,4.977211144494934
0.2024362860832115,5.287143947422723
0.20000231990359463,5.320381615383591
0.2007326079416174,5.319948099706901
0.20157033987970327,5.231218983582104
0.2001178376683281,5.3112480639829895
0.21257920557180898,4.954412675199645
0.20146657863832543,5.240334779697699
0.20159588972193204,5.284466680270879
0.20458060068011688,5.146579265220176
0.2077385319698008,4.964450992056713
0.20240329825784353,5.206967207260621
0.2032797816280581,5.098183112833824
0.2046206109305795,5.015734807865469
0.20137529154787034,5.189258805360374
0.20048409905798903,5.182623091905252
0.20066632281571314,5.3529584495878355
0.2020753765343995,5.125453804278554
0.20225853978752575,5.169182540134745
0.20285444047734938,5.093004795292212
0.21397119801632658,4.879197163212526
0.20099514695924228,5.325579196427728
0.20299593020634696,5.243194929947019
0.20060270301023136,5.222227848696256
0.20159976489095233,5.183497651705013
0.2001390543787789,5.127855814895518
0.20016980598471423,5.238390756815547
0.2085557370112601,5.0244687256568294
0.20051672374388288,5.335895694217671
0.20158042349184638,5.271716044229866
0.20741842947103534,4.931443982625713
0.20048450689455505,5.13952687317522
0.20146607947814013,5.229865035173404
0.2015116944040218,4.99867671333102
0.2038325585599297,5.079941011690502
0.20189425264551936,5.138505550256262
0.20090650466663595,5.285972097942564
0.2062356749899117,5.051599333574572
0.20220961734547652,5.219979405972701
0.2019371486663504,5.104014430569007
0.20134348480260778,5.148113122904847
0.2000525985253653,5.170774309855208
0.20541443108082716,5.042750041045855
0.20100702947406887,5.267789514786202
0.20122864429287848,5.232206300550063
0.20001780823882,5.25269055307888
0.20290218125147996,5.237959161109545
0.20052704095420135,5.2765808355529815
0.20069901088872683,5.277444607681271
0.2014200732528528,5.317081416931033
0.20320355860260264,5.050845917869149
0.20401401012284825,5.178180887854947
0.20995592958516987,4.905193387949996
0.20021096987621384,5.172221253190351
0.20266629066857672,5.166648169674597
0.2008802896046472,5.320477446909359
0.20479360559487117,5.116808623627493
0.2027123391378058,5.355251645859355
0.20495939691330134,5.178391424825347
0.20528146324597396,5.071546151029503
0.200264767980208,5.266353887457049
0.20889021925601275,4.871878406520938
0.20007957636293294,5.174385021660742
0.20001744149530648,5.294281773373514
0.20826669048569627,5.035258993814007
0.2028071442033302,5.330246823740403
0.20047061737078803,5.2071226897929215
0.20017738421875883,5.10220084516789
0.202346570132252,5.191681674964905
0.2035683737619036,5.155592365989726
0.20162372425120653,5.319594847260991
0.20824541387801998,5.054595877447274
0.2053749286608136,5.11806021727894
0.20337260432316118,5.024000661031645
0.2004311599365267,5.160055686706896
0.20244312089016941,5.219737108980646
0.20065713339879707,5.2124682149455825
0.2041637620452441,5.111961838797145
0.20097645792778088,5.210169509984852
0.20246385059983757,5.14107980352201
0.2002331266480739,5.28697646144871
0.20016380570803835,5.201493426228062
0.20059776284656755,5.285880647754794
0.2059062090827586,5.047197102552825
0.20047694560495885,5.269152427857894
0.20410304975875643,5.143759782056312
0.20141786439714957,5.08003246105838
0.20089702748372062,5.082563033249714
0.20024672596697196,5.166799873719081
0.2025239991135736,5.0628505504124925
0.20285936499811164,5.108499678783256
0.20084373254200236,5.228519867520735
0.20213685928309277,5.081161347777764
0.20030770351262042,5.16853185758048
0.20045952767367428,5.131555264917623
0.20225709603043876,5.260606870675989
0.2035471449930475,5.145079949983353
0.20359580453726192,5.190826180629824
0.20236713702697134,5.177064393393273
0.20533590215512737,5.022191130036704
0.20081744056867848,5.187802094004571
0.20034191051923966,5.126045761898998
0.20237831163128153,5.179845926792171
0.20266249752470733,5.113312341927539
0.20515411177312376,5.244582661977241
0.20063403022515597,5.153055374291701
0.20297822197740562,5.105222569932422
0.21166258798645507,4.887463113416274
0.20464069497957843,5.185634319826248
0.20783539146788002,5.070868326538155
0.2041637836622048,5.160902379863252
0.2032501124079157,5.141383376989973
0.20029105464523458,5.203120954509135
0.20041833889854696,5.125718596342585
0.20636988110004745,5.147995440957725
0.2027527380244258,5.252599650518815
0.20513657244049016,5.144308134100158
0.2031110260367136,5.022706517954223
0.20689778644976572,5.0242044375142445
0.20225562824732582,5.076847789724823
0.20143357992656064,5.268636330060209
0.20154280151293594,5.290525096228756
0.2011680469292854,5.194879786552334
0.20038667864791337,5.2956976046611866
0.20278718334623447,5.157719793522922
0.20086977414675547,5.204062259017195
0.20444699286950566,5.105640074846818
0.20503343038509483,5.100080911403606
0.2028905540656783,5.309561041769802
0.20178994106130418,5.321072337553692
0.20750088563667374,5.129830108955765
0.20140625109229404,5.210862909790897
0.20178740667604883,5.155682958180949
0.20167509097519165,5.221240439261878
0.200560589308486,5.2255487842766914
0.20273290898857318,5.119544789892766
0.20117743183525544,5.213881488631724
0.20393372130335427,5.0979195934744
0.20008851133441266,5.334330456945696
0.20091359945698023,5.34333847251607
0.20168383865115447,5.198410742315625
0.2122873693361131,4.912398377548899
0.20103962417583068,5.365431128173024
0.20489380969258109,4.96929642242683
0.20194157133960985,5.214248593633251
0.20097788873401792,5.102756187505416
0.2029376447372614,5.216551363156648
0.20181246608467207,5.147042343828349
0.20351065117183498,5.158736638722035
0.20074800113593028,5.239040450169854
0.20051886056108895,5.1678634329061675
0.20619317438301998,4.964133870932717
0.20300942406028444,5.184341818095227
0.20307824591560955,5.1434556179305115
0.20378185914139635,5.175938728120689
0.20071419847084032,5.112805081881537
0.20164751614601037,5.216438793813453
0.20001704308462062,5.355682388691111
0.2010999724299754,5.196837004830833
0.20284004450566584,5.228439405729992
0.20063347795263375,5.2954954883559155
0.20475828965500983,5.071024932850291
0.20833948557108065,5.09348076133135
0.20182735281998276,5.087969583438076
0.20222612072609028,5.050253175594232
0.2000361802037925,5.204314329021138
0.20116839262161446,5.224354690938991
0.20001641885277344,5.253225551253517
0.2006354989081631,5.234227773719866
0.20695782829080395,4.96913835227933
0.2028196314614232,5.2339531537704564
0.20121789055194128,5.096892932149843
0.2039769139453721,4.995693364606304
0.20343388714898036,5.057154974050429
0.20040511753817739,5.2418831366870355
0.20010708083730055,5.249086727049174
0.2000912552818243,5.251830132722128
0.20175519252079196,5.105965907910108
0.2034676194370121,5.113281997426021
0.20228651282613905,5.147840592109857
0.20013316738687084,5.372849880008022
0.20249064728802868,5.112476163073659
0.20043427567300248,5.297070856412101
0.2033694818566027,5.121621260955995
0.20098176714972502,5.271109022034054
0.20701240488104114,4.961731836862225
0.20972080895315953,5.030611378451022
0.21034668897035588,5.011009310121567
0.2002296367383213,5.103409616965056
0.20460578986397035,5.002568820889288
0.20382823158900157,5.226136718485774
0.20251231656289628,5.1786556057790145
0.20819100965911155,5.097928668471741
0.20015865078076459,5.31025300382076
0.20289030075878572,5.1359835108547305
0.20135817775108306,5.201683924122364
0.20060254347159942,5.238696484378842
0.2004407384714465,5.250108012618766
0.20240878267162823,5.123444005829313
0.20173372874693976,5.174668507562033
0.201402783335774,5.223875739342869
0.20117822551891854,5.249568260476256
0.2066414514067268,5.005081730106387
0.20165998445104533,5.189669369508253
0.2030946213661023,5.178762171452706
0.20343683096519202,5.187659267979967
0.20602668615422642,5.039833822160265
0.20043722053780952,5.235787972269908
0.20215982526332404,5.142513989023086
0.20455592311068374,5.2004763223363595
0.20126579091029034,5.24383216442373
0.2014188725658805,5.23734842035494
0.2035374232214196,5.195888431438894
0.205935424393802,5.052235628609578
0.20408264646188068,5.065679467775856
0.2017656570777309,5.2925548561565074
0.2060152981710018,5.113256835169363
0.20095255600529596,5.154630088107658
0.20062582841826881,5.238843753452871
0.2007149215583507,5.256660689798544
0.20409254563330265,5.157129526054704
0.20150523073456852,5.096697875933115
0.20575454301283105,5.238755725832129
0.20002587004605393,5.345433297942332
0.20540434528339288,5.151717486568801
0.2012289558721647,5.263937798911134
0.20090626618174956,5.252267847436506
0.20039903852782773,5.267437542939121
0.2059810513238751,5.103221848813254
0.2024920463850686,5.252476980937817
0.2006333262994981,5.236710666909734
0.20221804071707514,5.22204804748389
0.20372393395078037,5.18841117687276
0.20583323341789464,5.168768952025426
0.20631766698528986,5.075715821675165
0.20040975182736523,5.134622005653259
0.2005646948767604,5.270210502849018
0.20042320524840393,5.341138196029792
0.2017075024969949,5.231279526661113
0.20107392866709783,5.1067337752881885
0.2021983530313684,5.269169632995575
0.20685366790514628,4.9808188873153245
0.20201314784336136,5.136300130057724
0.20005059308308423,5.253899288872725
0.20178294877039316,5.153523556418871
0.20482077374365745,5.1101120627311385
0.20423123799868276,5.045136124976781
0.20142664578823705,5.202912592161314
0.20457459751511697,5.079028792334245
0.20151833721658577,5.1373666836450935
0.20044085378578286,5.174647588759981
0.2023809650496707,5.225632630452901
0.20076577919133493,5.180513727330568
0.2023871758112427,5.16787240740883
0.20119012712702278,5.27107192534243
0.20326280413684178,5.1767768002149674
0.20285293211217684,5.229555636298034
0.20126969881222437,5.212724720427661
0.20431243850764053,5.139380628151742
0.2054708795045106,5.095819992245977
0.20816809167919295,4.94232685231276
0.20199231269841922,5.132631205962881
0.20169901875967788,5.085539794308174
0.2014288401169219,5.046519377078724
0.20455689863249582,5.177679048828432
0.20132095907689115,5.236346048968085
0.20212735698443696,5.187833661787019
0.2098360870876039,5.081150934833446
0.20094105885812613,5.212751009337869
0.20008072659419637,5.310208628798812
0.20122791229494477,5.232696030929221
0.20580106160133468,5.033155103248543
0.20199316779106066,5.340464652637373
0.20142110182736447,5.237399092368319
0.2036465662316633,5.130061823308275
0.20071741371849594,5.190422856842487
0.20081337463249183,5.135378803166757
0.2093874827740312,5.055941999311347
0.2043703483472769,5.230245206005717
0.20034409106804216,5.275454111484514
0.20614991109338873,5.013323485291672
0.2000440632766539,5.188355460730795
0.20080419800669688,5.206667573238644
0.20119595585512862,5.240211087352038
0.21147547270824857,4.9004335228071
0.20079347567413422,5.2156478794851635
0.20004857621434727,5.263866583089065
0.2060186443364211,5.01690601332396
0.2019811178949248,5.1944424252935875
0.20244135377609948,5.17742219994367
0.20890590986403965,5.062326960127824
0.20803671165490473,5.075259054696766
0.2002776788597646,5.263879622670096
0.20067371164619838,5.153692802006778
0.2006197269774823,5.21939735194391
0.2023076362841191,5.176280050826704
0.20079305899069252,5.282809097399085
0.2015750823773646,5.231074424723664
0.20045388198234923,5.206070719119991
0.20437513637637475,5.01505802899789
0.20277512581110968,5.191044263985676
0.2029693215047822,5.162565041642332
0.20287435010374996,5.241359642873272
0.2002442904513516,5.087280958428105
0.20004069856441808,5.370889050245504
0.20253827833160665,5.002419916415674
0.20439867392819341,5.15703149969462
0.20085343231088995,5.300349901058027
0.20249537763991282,5.318131327460708
0.20008092850991996,5.208099738749301
0.20175997205998927,5.198115872569228
0.2086808755707914,4.961739925757385
0.20140148585740442,5.167478639603276
0.2018993452465028,5.144492640464883
0.2012691925762909,5.122024615916975
0.20181529353009392,5.201468290832791
0.20089550690683358,5.16765678462489
0.20793246743363564,5.004098425336846
0.20454311133902298,5.131791765258421
0.2025229836619014,5.133968743377718
0.20476703012046682,4.9996354293014935
0.20679772492313309,5.107451851829448
0.20062432383009782,5.178183481751524
0.20071580243974557,5.237694141147188
0.2000825999093981,5.275348184124478
0.20264169699261095,5.157234880843105
0.20176136926418609,5.146478294003395
0.20623662207461865,5.015837719869779
0.20001035153019173,5.0583780555539
0.20359596071832728,4.9983015717409796
0.20260396037765835,5.211496480274684
0.20368374758545432,5.1984518807946785
0.20283031080894948,5.223646565602085
0.20440002256153422,5.165391132609182
0.20202866687326074,5.114578658295485
0.2012183991992205,5.136992471538785
0.2009114333529399,5.153677977534982
0.2008356400474412,5.192080564094319
0.20275665679708918,5.240613062775692
0.20042895315482293,5.1932112487165
0.20015410481439536,5.389281521598266
0.20566450574490913,5.0234031807205906
0.2005843161987071,5.32907995590695
0.20030704147213088,5.3141848182511415
0.20011932231620053,5.263882296638921
0.20416417901067518,5.168917336355861
0.20028021311916314,5.262836504341374
0.20079530190463157,5.194297081252899
0.20021716357503053,5.238312580932177
0.20432552080380614,5.082578651194108
0.20012595105971673,5.2726765345727795
0.20215049303634555,5.288389605631677
0.21390803602064273,4.879200088042708
0.20286824202962558,5.164050484763485
0.20232385985235224,5.0603125951059305
0.20310631262046977,5.122393590807587
0.20015509927208394,5.30967737055429
0.20962615412073166,4.923668050021006
0.20194842705768806,5.14779119116643
0.20435824505662648,5.085210626090481
0.20333836192922322,5.13296324042563
0.20268039230269902,5.141645341150306
0.20447112542455825,4.988273643606963
0.20038131625287275,5.123259113097177
0.2007543865012304,5.181630291367728
0.20505238156660713,5.062273344439351
0.20318652133284165,5.097152019662359
0.20913579288533984,5.0256302748011645
0.20082967511989963,5.210140214261751
0.20046533923214266,5.336880964081294
0.20285396585446594,5.175540588518805
0.207547268535266,4.980205385352554
0.20507671683441478,5.042695498788281
0.20302603396252666,5.019677225934402
0.20203545981219478,5.368712839268485
0.20030046282751643,5.196197718907583
0.2052938997924738,5.026111698753629
0.2007208891063957,5.221085677006734
0.20225376785912932,5.229616216187681
0.20405836971053617,5.051039280576899
0.2020922607184913,5.191000519149731
0.20280771129450367,5.1886713540501015
0.20285046742271906,5.225797213453297
0.20979964672734924,5.067009726404673
0.20174038757843218,5.405212263118762
0.20032820353974315,5.171655198949095
0.20225768347134443,5.252260586464727
0.2004047614560238,5.28439739877234
0.20275761711665463,5.076971763329113
0.20245497271396418,5.150457769866053
0.20609199014986238,5.140073714813067
0.2005693151485423,5.222428769308635
0.20165998445104533,5.189669369508253
0.20349203645743008,5.228555475407983
0.202408098572388,5.241996746036435
0.20537074387499546,5.0456863056434464
0.21015968341962765,4.970951038080667
0.20091056585099332,5.138238181310306
0.20101942719314586,5.281557836235285
0.2000685804629447,5.24802375923601
0.20031274531616344,5.303085671012837
0.2011753591198522,5.150947252296255
0.2030735612195013,5.151459290432205
0.2017259882069088,5.162387293455417
0.20039699342904713,5.173351173275987
0.20174198506470253,5.16041186672112
0.20662978319208794,5.0682089351767265
0.20161274594955736,5.100851939148108
0.2001906681204215,5.248393844761548
0.20247834697904216,5.269730255414899
0.20177863900741289,5.176868186867339
0.20006765134246762,5.265157567789468
0.2016198352644435,5.075940393820271
0.2010350955244275,5.404738380564147
0.2058738185167329,5.006895838478755
0.20183211244430838,5.21226592649801
0.20052532011417287,5.358572230563894
0.2028124202651158,5.04469247991246
0.2013448611828045,5.1450293414421076
0.2013822182030956,5.200534508521398
0.20177870680407084,5.169208572954893
0.20291003267095234,5.162315201736356
0.20008890478233454,5.195378551646049
0.20227789134188143,5.129732033551524
0.20046482996090842,5.3017594370157095
0.20078906375444117,5.134946846874809
0.20067555260798384,5.245718460379464
0.20071781190490173,5.185371743287445
0.20042321830485768,5.0747508007157025
0.2011048144238117,5.230840036193718
0.20509452144615462,5.0883241929527365
0.20246015433787296,5.0425342105092845
0.20665198673964014,5.13152028533914
0.2017528139446507,5.109095554635451
0.20182082555049874,4.981526455309592
0.20117822551891854,5.249568260476256
0.20049208716782263,5.164893909439988
0.20563907126815809,5.20644188633271
0.20965986752626095,4.963173622728699
0.20350784068887726,5.206798220644004
0.20013272962330217,5.217347414444255
0.203018177284388,5.091433704471572
0.20066997890251753,5.18511920676419
0.20468267527210113,5.084732067310873
0.20120901281737352,5.077689961238789
0.20493380097046993,5.0654672601032145
0.2039567698267881,5.182494377535937
0.2020221120237843,5.127768308626501
0.20062857166740242,5.3372549542614065
0.20126994805238688,5.189472089175389
0.20140697146550116,5.278280061929565
0.20013094495939499,5.297705018112606
0.20720152575539594,4.973380879295551
0.20157872478743957,5.193769408341432
0.20216119786681258,5.062946233586158
0.20159644877870772,5.226336254908742
0.201512322189316,5.317129877996765
0.200800395249439,5.198627335126396
0.20074187824648584,5.228462161618225
0.20133980553172004,5.3126215965445205
0.20148591127740428,5.229868919363458
0.20083137921808317,5.213238473102604
0.20214176922113136,5.389456778990553
0.204645451350459,4.956077473952663
0.20114523930295478,5.105083658330267
0.2003513276926693,5.271713693639679
0.20099848848117843,5.226487045040776
0.20720265448386121,4.95878426870935
0.21186864779748113,4.948495314844639
0.20197411458844497,5.09339420143337
0.20005252406424348,5.2335542936535004
0.20233915742420724,5.177350710933886
0.20171524854927472,5.260261412977971
0.20405577562327507,5.068448036945612
0.20070049066601162,5.102228474120179
0.20091635900009572,5.217786256894307
0.20229429408093144,5.21909796324051
0.20079940725867482,5.116977989733801
0.20121081475707098,5.289709497066238
0.20547898319376318,5.131285745413092
0.20263769702502565,5.171263009133338
0.20166265980337686,5.242207737490676
0.20322570793859257,5.133496218384036
0.2003366617084647,5.217445331460419
0.2017984216776704,5.305529673292508
0.20105178598737014,5.15827069263944
0.20057941743010566,5.299236751257571
0.20133922265985774,5.129421064263648
0.20381912398210772,5.1399734431358635
0.2002314517704884,5.145702451667857
0.20325041331976676,5.2455921164262
0.20775047074929157,4.922879226248614
0.2021463549696316,5.138189039441817
0.20150633572340873,5.128766114635172
0.2006303556763117,5.2666566683710885
0.2046805591149559,5.097005051762821
0.20000691181122124,5.288551494743759
0.2012694999300853,5.194648142906673
0.20479538363803942,5.193128285593355
0.20326234642295724,5.159236376378001
0.2012660359452942,5.233075093261996
0.20121945493492358,5.180989446807717
0.201809867965009,5.250930706762725
0.20344058499458978,5.061987226526773
0.20216136933974482,5.215733250154804
0.20279793102892532,5.21427275314978
0.2018409459786766,5.262043004526672
0.2019928779459157,5.187671910160441
0.20011765930919903,5.2644815671717895
0.20040524324130907,5.089358121221083
0.20276381213572905,5.10628246703964
0.2029790052765941,5.09842989315028
0.2005784064583599,5.2354819158468375
0.2058865599027605,5.073314327021135
0.20207196516259437,5.250684774079533
0.20030511801369336,5.261360618509718
0.20296822883113746,5.197577511948084
0.20085092803419544,5.172099109916337
0.20553803497161313,5.231727968099714
0.20080607672294357,5.258042346475775
0.20244575411790441,5.213424957142233
0.20246574488179817,5.267650514843489
0.20063311147729862,5.321017565798594
0.20215995348160917,5.159616566020964
0.2001363864949411,5.337236897531332
0.2009037420139596,5.168312937520739
0.2003517381912208,5.209022523016132
0.2023660370663057,5.119863346119686
0.20205620568325258,5.096128416235788
0.20226072298295178,5.306349211500972
0.2005384335196946,5.130365775657584
0.2055501111699453,5.105648368165118
0.20003275604460077,5.109654548968741
0.20055172652187025,5.244460655128856
0.20159814612830637,5.245755794491236
0.2028551857242838,5.040361718374315
0.20055546131722585,5.340244049382561
0.2026144362525227,5.256879563747399
0.20107754357232588,5.114484471027168
0.2038894430167896,5.186526017199949
0.20434972426420456,5.147993154979098
0.220594433479387,4.771690285689509
0.21192522386668491,4.88757995912954
0.20758999870186176,5.036421210902016
0.2001266683224068,5.139862826612998
0.20016161772299595,5.2821101781148885
0.2000208440573806,5.257508811486392
0.20270128033143203,5.162215023764843
0.2003129765609517,5.204645437811355
0.20229975358694516,5.150402150118572
0.20119277302387945,5.2530044615881994
0.20109123301507373,5.140833667611361
0.2105169835691357,5.02076459955805
0.20419284646684074,5.124868540819141
0.2013250531933243,5.284471285701008
0.2042259772687304,5.15388491831491
0.2009732415081234,5.1030075843897675
0.20041157240934343,5.205961638386609
0.20097660513093216,5.192535460755345
0.20048153612360312,5.312768873706137
0.2001326464883539,5.288081702862937
0.20428196054865008,5.040773223771214
0.20061477320690826,5.2597232544444825
0.2023359519696728,5.120118739290369
0.20030799632429658,5.265330921062965
0.20026854402135583,5.2941778013698135
0.20214522413731065,5.144378056630097
0.2015898252465885,5.195839830577336
0.20027513564673563,5.376955736445168
0.20003002342470952,5.2414748986711235
0.20483225520679177,5.137822103353283
0.20021260366128607,5.1734863485373515
0.20156396493552864,5.186861491566544
0.201834697991476,5.195152361307539
0.20192829707017412,5.336941964948346
0.20104864867649036,5.333059764777779
0.2018428873271432,5.244252504150987
0.2015892896213322,5.250942656747457
0.20152096205796485,5.182642918896834
0.2035107181332465,5.205501876871919
0.20141243750163784,5.202100692630214
0.20205448495759354,5.278366251990446
0.2002779668587293,5.231912774647222
0.20332229274661492,5.100112966230784
0.20135029735770255,5.302684368606915
0.20208264667574455,5.156419340719911
0.2039133469639673,5.136147942565344
0.2004272932556041,5.303623018680984
0.20189071280098755,5.338676671153081
0.21352077083969367,4.914648999233066
0.20059398554950109,5.267430868622889
0.209037243077725,4.995415958348446
0.2002655579009845,5.1211946144085525
0.2014106924714662,5.069452169713708
0.2017084559820445,5.237592893905411
0.20666240594462673,5.105708834540106
0.2020381909870733,5.240021792550238
0.20406243428326296,5.273326665267996
0.20280953215909706,5.220418146552621
0.2000031554729245,5.153347812426187
0.20484887705656846,5.182416028022809
0.20614427351275186,5.042811383052711
0.20834365502227056,4.998358367716363
0.2002356199500694,5.370967683773699
0.20074480193896532,5.330694224522103
0.2051402514256934,5.077800026127765
0.2023219941725038,5.133641353607379
0.2036372100151857,5.115057118546661
0.20073238415997524,5.039379276279308
0.20139571864289968,5.33484988590778
0.20070020076824835,5.215172185567566
0.20046898062272184,5.162517937991841
0.2013470797259783,5.2164433485585695
0.2009519974342497,5.135438470202418
0.20003179887376699,5.199513303021421
0.2020135096363444,5.309877944343692
0.20047110553193906,5.37101076504445
0.20060433360696628,5.14326416110854
0.20289913125154926,5.053071277390519
0.20104651806362595,5.138069554977089
0.20055756142541584,5.189129090072149
0.2007601843364484,5.257071284255744
0.20030294012553104,5.29938554139972
0.20011515241803204,5.209526864651855
0.20266249752470733,5.113312341927539
0.20195688728367603,5.07838654899489
0.20207734715600703,5.149940688034765
0.20159456580423854,5.133988863034406
0.20312973225689188,5.135123769029452
0.20369153704851467,5.1817191313494355
0.20154930744845564,5.308211681292191
0.20366861719959456,5.111744917029973
0.2002849119455035,5.165421241225088
0.2005028890332551,5.318998876663686
0.20573512567576085,5.019695886545702
0.20433457070406677,5.020271801192999
0.20147054166505546,5.258385429021761
0.2029942899425961,5.135105522795667
0.20648206786687623,5.077938204253959
0.20042145805974668,5.213083321942345
0.2028047330535062,5.198994907565245
0.20020947412670143,5.219403954482471
0.20525005940697733,5.144810413538455
0.20019017927630278,5.203262548763457
0.2033512305914805,5.115960025456007
0.20260141636770007,5.18350941773626
0.20187019256741992,5.265737502811202
0.20010320471403178,5.236799220957545
0.20067561094261266,5.278536089882279
0.20050319897281071,5.336296467430622
0.2012691925762909,5.122024615916975
0.2039979449187106,5.281019144198899
0.20145517042782835,5.346159263678558
0.20079964514952844,5.149320110121288
0.2000181845700228,5.286421023958207
0.20581345349955502,4.995525679753506
0.20293547345350307,5.060088972034078
0.2073867084132782,5.011356284277621
0.20002930043755424,5.274562122557153
0.2030365383277507,5.142973288208723
0.20071297049634465,5.275551786753173
0.2018312237017996,5.176036647786559
0.2004755068497776,5.198636064059016
0.2049715803228729,5.114526030924046
0.2021105729041913,5.188730574148084
0.20736669749979472,5.191772722513163
0.2002342645276807,5.384871825165931
0.2010495826399467,5.190929613005235
0.20274097734793015,5.201252982143381
0.20210876066698155,5.151029934216354
0.20121983684084158,5.1098226885227644
0.20769329889032767,5.026444359215407
0.2031579007117401,5.14398234463956
0.20173011690037354,5.116227382471706
0.2023767540192311,5.17872327132216
0.20192278856130289,5.134875516734994
0.20310155393011364,5.305556990380033
0.20014396230303336,5.2582696007148195
0.20617165462439188,4.9322600012202615
0.203003337853384,5.173070935974177
0.20107077447058383,5.225451390410494
0.20045066944496473,5.195068907052121
0.20088089870723694,5.346266616218445
0.2060884746754909,5.042621863170837
0.20012929756647196,5.168539640601003
0.20105470107213505,5.256537980167382
0.20094005833084594,5.174736791503968
0.20032776772817523,5.300334889353315
0.20171294905515202,5.276444646504082
0.2035681085046958,5.151593958430501
0.20138349594585878,5.172865694564957
0.20161382622076754,5.311639641809077
0.20136748318951003,5.250939598718419
0.2012389428768743,5.289508064856278
0.20056097828603933,5.173026251348763
0.2000086816328071,5.263422357719763
0.20027044189325505,5.199281787745453
0.20291905536639052,5.164814301818001
0.20119588683969578,5.189305641568202
0.20313915034919844,5.22360706053394
0.2001544930858684,5.131480489342765
0.20181633320991646,5.162144147299931
0.20092843073966246,5.245357307612875
0.21729768789192228,4.9550181146456636
0.20142725202264988,4.937271346989304
0.20100603585469992,5.214083027924297
0.20213737140862337,5.280697089471084
0.20350201931996892,5.349439985556009
0.20243114446141328,5.1536913853157476
0.2047963732385318,4.992158702990397
0.20004754527861224,5.295167390944264
0.20081337463249183,5.135378803166757
0.20032913361886276,5.159489592938849
0.21066205541479507,5.021416054239413
0.20004301538091382,5.124328242942661
0.20410680820214178,5.171576445696158
0.20522090403242052,5.006310368815873
0.20431044741133408,5.084504765928751
0.20001931269145323,5.3405193379544995
0.20954259444848652,4.91900649152792
0.2026229570158069,5.204378978237192
0.20402412713051715,5.118490221094448
0.20082037217561394,5.1105250229830315
0.20382561207001318,5.31857456170375
0.20286790663972717,5.287031982579578
0.20284821945688847,5.194499611984187
0.20424763900568532,5.042798321050335
0.20608797211169919,5.064154308296358
0.2038226973051671,5.075767670022635
0.2088111811272112,4.945480299106882
0.20216982684032328,5.177606106195872
0.20037533496348986,5.352953779179768
0.20170298580873577,5.200794024714776
0.20213931540067018,5.246835806227818
0.205076202814876,5.143562310218317
0.20310206143544718,5.156906932009549
0.20183674224994388,5.135478884765698
0.2006796902522823,5.340611135485144
0.2038132671164871,5.209183888537639
0.20240788349916447,5.158540757327303
0.20570552442143203,5.091736922928038
0.20022758933674137,5.168557492685678
0.20372204801050695,5.062551903812865
0.20489208199611686,5.005984846662774
0.20319431575234911,5.039849610976274
0.204352198030376,5.0842806867065855
0.20160662144889682,4.886873585696694
0.20011932231620053,5.263882296638921
0.2039735230047602,4.987335896746881
0.20278512531781334,5.242005662875933
0.20138921087371897,5.056452266837701
0.20132716056683853,5.2402767024782655
0.2018911984562899,5.158637984687056
0.20143473827882424,5.1821713428794265
0.20284932840138825,5.118772512768982
0.20370138011783762,5.226704552382401
0.20093834476424297,5.1952978095032565
0.20563068603831253,5.086918114275364
0.20119588683969578,5.189305641568202
0.2135011720738189,4.87733840685441
0.2012205287389377,5.176371751666752
0.20084795846966869,5.336525839177848
0.2021292787017715,5.117914838360227
0.20341406995075606,5.187578832327544
0.2008292579644898,5.11763149048751
0.20805005055101905,5.034332343229606
0.20481573275158074,5.201065055894889
0.20071172577716792,5.118321929182559
0.20057953619065225,5.128733042926903
0.20539788729657033,5.006344792385571
0.20098431023268387,5.139020200915931
0.20138203786668588,5.127877413177423
0.2046594957473983,4.954769235080097
0.20094820750628095,5.260674159014407
0.20373682774611043,5.136216761689516
0.20084285450421527,5.2278318820547085
0.20014220028472032,5.153494513165952
0.20371774128946163,5.13381970961519
0.20064021133026944,5.08212538783002
0.20042020753736756,5.443773537406761
0.20218152693895838,5.119745464942089
0.20087551795213088,5.05722670689816
0.20036606359462014,5.301464379914464
0.20394689687672257,5.178287314866772
0.20171686559254023,5.34884921799905
0.2006588618466223,5.248380708319672
0.2022721729558876,5.128818887716318
0.2038865690631916,5.152538868992783
0.20802844397745363,5.053857426247102
0.20255421211017036,5.165248896556835
0.2057025309389301,5.122743616770526
0.20051672374388288,5.335895694217671
0.2003473654503402,5.140768347658812
0.20235275499585953,5.239811756934971
0.20178663795797108,5.227598658431729
0.20537058644601563,5.044116142440557
0.20278821163458277,5.149712732784169
0.20926581366821806,4.878380295402721
0.20342624243591806,5.19254078801569
0.20407508104929106,5.183444089665809
0.20385051751210564,5.0276340608274355
0.20161860414929347,5.196036166003573
0.20000441146956927,5.331334951319973
0.20027988972780572,5.356317944438443
0.20321404662711,5.301843256315054
0.2008151047584323,5.319577938640073
0.2053771663829866,5.073436080948982
0.20112935175028046,5.186733213968673
0.20009781679389949,5.06272038992277
0.20374788839795724,5.214810168125361
0.20288239983742629,5.095458139767513
0.20483249131266237,5.173193442021507
0.20244575411790441,5.213424957142233
0.20109498852755012,5.231235456891232
0.20009218539451643,5.220830414383657
0.20455003277450706,5.116841028353146
0.2052442396626262,4.938704346088499
0.20051655012315933,5.23569033362423
0.21722946243912267,4.859854637397371
0.2038368983907339,5.1697919762278906
0.20050694172927,5.300202707071703
0.2025263133119402,4.958068246378327
0.20491134957317517,5.1241729641735025
0.20336001787637092,5.207521011637583
0.20256678973767853,4.99651758780755
0.2005202871004459,5.277618673829386
0.20913955665481837,4.969344519724507
0.20685723952958715,4.975996535187808
0.20419385829152087,5.197916601413503
0.20647051457590962,5.160849923913418
0.2016147927221134,5.169921514166195
0.20096590280598245,5.175558385898853
0.20099678773052865,5.149665766081602
0.2028877509214195,5.029517557349339
0.20328834393747713,5.078695467371708
0.20104576997398635,5.243421709918274
0.20230520476717623,5.167438861831194
0.20199960842298786,5.1876491956304
0.20620793543938046,5.084128994268266
0.2008747890663168,5.281168160768918
0.2010335358707569,5.298944491481892
0.2078448630399929,5.043344211619093
0.20016439529633975,5.211761281813648
0.2013629640027627,5.2097744478490755
0.20186543349995964,5.076608942159438
0.20031023500249298,5.281426336657672
0.20112937288580998,5.095143356580673
0.2026173789858583,5.177865714339098
0.20592954880565417,5.093989211115742
0.20187855478185734,5.238742846922568
0.2076537166328558,4.952541020283849
0.20139980256716414,5.167144518659625
0.20054141031995432,5.1531885196479745
0.20070906179664252,5.217209399298002
0.2014905872802909,5.0532157484312945
0.20235293644866095,5.049106131531019
0.20076091397263005,5.10303264168704
0.20083772136891434,5.063547600332563
0.20219592498920883,5.106964030132508
0.20439360979607837,5.2426978781073394
0.2014965409185503,5.194116409316569
0.20810222840106538,5.018838328053456
0.20219912504677448,5.113424902011578
0.21104253505565262,4.967529650534638
0.20037235801949047,5.1420758731331295
0.20515079828655397,5.101950065835017
0.20011362805865832,5.142159057717052
0.20415614182738684,5.136425982242065
0.20197705469612337,5.135254256646568
0.2025863295744645,5.092716578212913
0.21058457845979553,4.957841550514874
0.2014760086425327,5.124101405309006
0.20396950148422638,5.154934030717245
0.2006916506975597,5.3490940589290865
0.20086015975451701,5.137242390827624
0.20064116561059217,5.142637529166315
0.20397242035644347,5.131350963487545
0.20137774943835,5.253778447953957
0.20478994460707792,5.07489047349092
0.20154523738223595,5.2265456667767625
0.20381312490566397,5.08725144453206
0.20538798434429423,4.99968988362218
0.2002467832946161,5.320244787994184
0.20476895367620473,5.075797370471922
0.2011141444009341,5.346298282417176
0.20549963463947485,5.115298514663916
0.2006221650138639,5.127196087805483
0.20088674906129217,5.3184096976386215
0.20319474633156753,5.163299910721978
0.20085990021900552,5.285779427173439
0.20121331506583046,5.1924467207895235
0.20051321080508555,5.24186895881306
0.20173455038395183,5.083332195247255
0.2040907640543453,5.1280434354648206
0.20271501564633201,5.182935448216782
0.20433704185935914,5.291489203919971
0.200027415266083,5.150001156068239
0.20068314953216423,5.283278091566806
0.21613536631023386,4.777218387432187
0.2039488877605747,5.073377021539561
0.20811042595003984,5.097860247179635
0.20378680500095805,5.207374145901276
0.20087874857726165,5.224467031274428
0.2004837925254294,5.164559498934646
0.20191813844742915,5.206059399004006
0.20137486301518834,5.087202228237209
0.20123261733025954,5.310646702596382
0.20232760228525684,5.194249855425483
0.20122792090323882,5.266246926033325
0.20327912068998769,5.101226067349395
0.20009030067371525,5.232997523721986
0.2014519559807473,5.1689911449800885
0.20322597198771067,5.193546449295197
0.20314099347971548,5.1340904633269835
0.20084983193299039,5.123414245051373
0.20222343793853226,5.123594280663019
0.20006977003667892,5.315934714399229
0.2013305279021897,5.166049495603331
0.2019224833514049,5.197522816127861
0.2029616421629987,5.162279458076364
0.20032709933613507,5.252584323291602
0.2038368983907339,5.1697919762278906
0.20136227704658258,5.317183911457667
0.20720689089982725,5.109677854047718
0.20085613184582973,5.149059381110808
0.20321257250679073,5.235778317880538
0.20299837117938302,5.158833937954671
0.203288121324415,5.210524186215386
0.20131131806714775,5.2681847075501
0.20138698053797108,5.187948517712505
0.20155131286153113,5.247638884219688
0.20280402341980627,5.283477825265453
0.20331701323717458,5.157585647976729
0.20904929867180963,4.933505488957058
0.20057083487024144,5.137307566327405
0.20168517066873265,5.1159441364237175
0.2008074306181568,5.258429394955716
0.20595620488916075,5.0696872539472855
0.20076661931472659,5.336636018318812
0.20077944469978326,5.2557683905930155
0.2054113051146528,5.124288263958641
0.2041624689932218,5.20402924896501
0.20026812161297594,5.2507426269488375
0.2033987236730774,5.155997416503445
0.20595137497376462,5.057502015783986
0.20366612469999912,5.050015869897984
0.20498749077776207,5.018978974993161
0.20650384910757777,5.0788655189279455
0.2026084690937833,5.163870643107349
0.20039244682423746,5.301863616923648
0.2043801286509336,5.1517227837935815
0.20085947395559303,5.107675494728921
0.2001557021663002,5.238165610546127
0.20317750464498882,5.12334353876713
0.20057935042791866,5.366975981935554
0.20176096736461224,5.02778032785918
0.20255767603837319,5.05317822140617
0.2047643597454081,5.103171636609833
0.20305090229472544,5.131783128395907
0.2000624060662606,5.152069237461322
0.2001673956992278,5.278013900929109
0.20634642845173598,5.061778365624093
0.20035111926045895,5.373334522480977
0.20145851918015625,5.158364974762143
0.20104743195350516,5.1861253426243366
0.20453741062015374,5.081260922311346
0.20028673381690565,5.277553454371535
0.20473372510447743,5.080824456863777
0.20066481663389554,5.163284336275939
0.20997545755898722,4.884858806145703
0.20273651948740995,5.337048197401902
0.20057563953144616,5.290578712416634
0.20253208008724047,4.990008813418961
0.2004924019332975,5.277047580070578
0.20469518736200673,4.982208775394435
0.20887016610346099,4.990031247062266
0.2031336819437249,5.0509332905964515
0.20465118986827058,5.172940084255094
0.20140015452937146,5.16096424095842
0.20108632901337478,5.307523258040935
0.20344061533441707,5.156695301124552
0.2032178597661371,4.969582787030985
0.2062075528928227,5.095843395695075
0.20502591101092715,5.067258269210442
0.20438056428354442,5.08896811487188
0.20480699281419265,5.167233470064964
0.20482726117710057,5.003253263084403
0.2018403516758262,5.0798087924157045
0.20071006551116333,5.25136057404584
0.20354519463581688,5.09899010960213
0.20096748079898022,5.0958738443390095
0.20296263380829171,5.200101716282559
0.20036642007842134,5.3885708251709525
0.20852441174407058,5.0044526380353584
0.2031869282121207,5.182059831530111
0.20011200398193654,5.413047305414673
0.20293150517802655,5.204503374024311
0.20199717425635014,5.272536290592807
0.20186535356736574,5.205670568673695
0.2070512335629896,5.024156991335038
0.20115316430418384,5.153080214099148
0.200845126828309,5.3587019262190205
0.20313985595589543,5.103279992884959
0.2021726118210777,5.293216165682815
0.20292425881539214,5.146657856570719
0.2027678265233968,5.159240216422542
0.20222677105756698,5.115411424963825
0.20115643973114505,5.136951917827402
0.20621022105026846,5.002769242291317
0.20393033628031693,5.164740577277865
0.20010473877407428,5.267610930977054
0.2017872701713963,5.161580578904233
0.20066827726447564,5.143720932119322
0.2009346152026976,5.134995873867529
0.20398039327183584,5.165951234163707
0.20098124664658867,5.257970207956067
0.20229054748760592,5.0901609523760865
0.207196902995683,5.1227026355850995
0.21635285677485488,4.869173551013566
0.200080961928735,5.231659638548354
0.20353724283043967,5.051926288484069
0.20182785622108926,5.248571877752102
0.20105367852677045,5.18367636123674
0.20013949806097187,5.223401441945548
0.20170179338790303,5.126372287220766
0.20692211755177134,4.932574347698211
0.2003173680623512,5.228554299903786
0.2031918441409615,5.14066743815121
0.20254615635302023,5.2030692733718595
0.20240012090949583,5.124634939713526
0.20099411528298933,5.310438461600385
0.20425975925329437,5.193372658159491
0.20003122805454673,5.320105176965234
0.2008846863973543,5.311201647613807
0.20399134772266558,5.213227169184986
0.20019780230908787,5.300614497144779
0.20046415602519235,5.242057014371421
0.20097400775074742,5.135413830701414
0.20058616110395802,5.282756298286927
0.20244363305487556,5.213685127403102
0.20221635321877837,5.13519887418045
0.20450580563391416,5.0622065578560465
0.20204539315489156,5.177018864119395
0.204104732934263,5.066862767568979
0.20503420992549903,5.059082442057886
0.2073144209792808,5.119572251973107
0.20154884274829363,5.243952581239831
0.20406840441801524,5.061060056640024
0.20076502108361877,5.227746422222685
0.20093811483326945,5.310853621415447
0.20025555141518578,5.394998839020363
0.20028116288410952,5.186461766875713
0.20134951175945615,5.046789831413893
0.2016326299801538,5.259746446856776
0.2002060857122325,5.194609395055738
0.20055562345542616,5.191778909933477
0.20823533923650728,4.991092538644994
0.20152251921558043,5.135433484736047
0.2095808829989079,4.948727746915517
0.20163764940991322,5.1109377402620115
0.20029542933452993,5.396690766572898
0.201137436319737,5.285942375019674
0.20244222714889912,5.222149971464337
0.20067760772904725,5.295204598580697
0.20180366289695598,5.207341267748074
0.20402076342935027,5.159124671918789
0.20411505219216813,5.195693039109587
0.2010012788103187,5.2001754865273995
0.2006443886780003,5.24492151819104
0.20599054317881874,4.997805485802892
0.20115613949561292,5.083682541985904
0.20325859988087505,5.181114120002902
0.20201657909877008,5.238411721077954
0.21025450929636258,5.060084698337798
0.200034838229843,5.359508010149679
0.20023489590699972,5.235477891216381
0.20190506001553532,5.238763253782427
0.2076487507901875,4.985602238203743
0.2046095534451236,5.068837984820585
0.20318335250368147,5.199688995163351
0.20520733611840003,5.151996769859483
0.20091252100235182,5.170570884303862
0.20114211866832923,5.196617080207445
0.2034711004071345,5.211652828217093
0.20226715275125018,5.265260000093849
0.2016802039164375,5.2018737630776
0.20475831487184765,5.06130957962838
0.2021311922698276,5.06175441597742
0.20505985260049514,5.143490613894384
0.2027614523734587,5.132520852425254
0.200023248825668,5.237959877900333
0.20046367716849306,5.247957801864309
0.2021704855722132,5.202406639704208
0.20415158823886176,5.142475069573442
0.20347182470453912,5.1321783857584204
0.20080283739823815,5.23415860379476
0.2045486419607929,5.146677238907441
0.20142247355913342,5.171012682260754
0.20040957933149936,5.25330147515753
0.20112616277745748,5.239578754239862
0.2000100704405336,5.235908905382672
0.20028375368851545,5.397752577198695
0.20118219898905204,5.20131445295422
0.20033434462354427,5.2344626498370115
0.20100502493199507,5.156133690037787
0.20047773235985378,5.238791970461799
0.20246836916950628,5.178585908086808
0.20432559742969253,5.111763526602883
0.2001951101757546,5.292866872686159
0.2037307233567927,5.131383150672487
0.20173655044985905,5.302225910569184
0.20484782725763132,5.2273184791019345
0.2014521411544394,5.206318229611383
0.20390278341626028,5.140915271414941
0.20153716861902765,5.303596255454429
0.20188007085594292,5.174652907304922
0.20756771189938295,4.979270441128007
0.2001794446603119,5.144613178130379
0.2001816934068636,5.259086166677666
0.20138195556806712,5.290112201389594
0.20280402341980627,5.283477825265453
0.20085244518055512,5.350936215641396
0.2022809943346789,5.210789031005816
0.20075223012027155,5.210833632654446
0.20200735728113384,5.1473147945431155
0.2001322201305716,5.419637261974593
0.2063713710668497,5.139240176683635
0.2043802456791404,5.135656176279405
0.2090207686020759,4.852084504717728
0.20334518616747502,5.1531041802403985
0.20039196697158806,5.405020927049646
0.20304199783061624,5.159148183241536
0.20080178037776725,5.2162943912619415
0.20020828447717362,5.384509488752076
0.20771345721909643,4.948057068741892
0.2020408929822733,5.203638221771085
0.20162470100588692,5.0741431543740925
0.20158677050346555,5.214185252081403
0.2037843992706494,5.100406800209425
0.20069008600524962,5.260421226121733
0.2081520039927856,5.039064576685726
0.20738330859379178,5.043641085584913
0.20073772257736847,5.199791784021402
0.20203751165207637,5.094558463945712
0.20435929268475597,5.066039233911238
0.20151281671780572,5.183171793994389
0.2008060428686025,5.041321531814433
0.20077466527476848,5.2505263574790835
0.20041558178685473,5.299442966897975
0.20318415890078909,5.191669641854835
0.20027844989185223,5.343185337166622
0.2033587550141575,5.160068589389448
0.2018511623209744,5.136921495481595
0.2013542019784912,5.195492192596782
0.20159407510468716,5.222407072545729
0.20015065466124965,5.215796559180386
0.20337101663715454,5.086833946577901
0.20727505650540318,5.0109822207471755
0.2000412221752016,5.430399699062203
0.20254124578764607,5.0742860294323995
0.20722587769743567,5.09152075721554
0.20107690513829066,5.13747414175437
0.2039884077029804,5.058577942730191
0.20108524013530674,5.177729860060229
0.2040225755333352,5.239889161055706
0.20096403537722374,5.19925373201667
0.20025718084191316,5.282366284127726
0.20378896823402218,5.145016401146788
0.20365595756354882,5.042112463892359
0.20289146875405817,5.197496680482735
0.211480997582814,4.902630672174302
0.2009038429214808,5.132434614270543
0.2021147298986536,5.167279209952007
0.20139421394516377,5.268944484537815
0.20081896347683106,5.154410024521627
0.20023366837346074,5.322248377208821
0.2012953048820766,5.327938454969902
0.20114342047581188,5.233366758858915
0.2034832916790751,5.22391360281312
0.20097835657520732,5.16874018733571
0.20186133854082178,5.258780093946928
0.20334154238508514,5.180416919940987
0.2001681297773113,5.3129109141055775
0.20181238124368558,5.187542189622211
0.20112225048061338,5.113589253053405
0.20227174154988356,5.018689110911542
0.2018741585953456,5.220686779099492
0.20114656684171411,5.226919785460851
0.20093208954925199,5.2925885277691975
0.2046499694151448,5.227107264960653
0.2016046254453181,5.040010496513645
0.20196664409843249,5.372034432314208
0.20467412660725182,5.106198005813868
0.20484145252908165,5.021289589669967
0.20140722916600912,5.357857061020751
0.20154216164017505,5.212018769105697
0.2009929552745427,5.236758250269661
0.20237872426956943,5.246087464731802
0.20319278377075262,5.200879825449021
0.20077355683886608,5.28513878907391
0.2004351446047445,5.187861074458601
0.20024540123307608,5.158637207703802
0.2028544687919626,5.105844855806805
0.2045456979680148,5.1741220954292455
0.2000146796450473,5.2414716049357635
0.20549963463947485,5.115298514663916
0.2014354887196448,5.225748850683496
0.20167471580458754,5.216363916759482
0.20001924517501085,5.283449665309888
0.20016737821634992,5.166163964550028
0.2053300449596588,5.128822602602805
0.2012057162937829,5.158100504057532
0.2034391468251862,5.1004266147293436
0.20084249162297485,5.235410465402684
0.20154634477308947,5.203606270667907
0.20063113831212095,5.239064070416652
0.20166967115859544,5.1700878230528495
0.200553774599585,5.155276882682544
0.2047173036961108,5.204481671099908
0.20636711046563824,4.970883306834535
0.20231872870060388,5.2297910447878975
0.20085158802423908,5.129624302195316
0.20116540415225007,5.297470018683642
0.20284669289712073,5.1564038658486195
0.20122104960111636,5.248227210812157
0.20153690050517398,5.118619296121576
0.20406208117716151,5.037977557981505
0.20085045241685245,5.215758136063673
0.2041294353842627,5.067182569339186
0.20552395243688668,5.157606480488027
0.20630308854295293,5.187138469144455
0.2015295084000789,5.206141070410498
0.20025581330720346,5.268569112539439
0.20218494192657288,5.102576069791854
0.2009273397531407,5.146465176622073
0.20002574010401497,5.279022432421297
0.20226562644123922,5.120365805514282
0.2019956687602597,5.161700789399373
0.2007228533385384,5.273261976579244
0.2006337805328078,5.407072443916968
0.20158585645052138,5.241284388720199
0.20208090341185098,5.231276245655608
0.20206012176551685,5.109192788420979
0.20007140894722594,5.241557662849901
0.2131002283939056,4.804341734799804
0.20328142395747323,5.260724779924338
0.20299828651464377,5.062728863266534
0.2029356957065303,5.149528605836347
0.20276244120061387,4.991272958770027
0.2003753405665578,5.30055357691012
0.20481827450916473,5.05827612950318
0.20095676121329242,5.287360290030981
0.20131131806714775,5.2681847075501
0.20138954578698096,5.214936661701142
0.20406175839159682,5.165919855029739
0.2013129915930786,5.060178874994195
0.20105040316315634,5.075874513751928
0.20030769527757172,5.155074314642204
0.20197559195670342,5.2822110818459445
0.2026632223060106,5.238262363209969
0.20010123190542586,5.358724111491215
0.20079332659182256,5.254235731308631
0.21002485225175205,4.977178501181347
0.2021319329577848,5.122555513686473
0.20086658617489173,5.235401563571719
0.20237053609205308,5.085288913162351
0.20481531853534796,4.955709804089204
0.2050412063329156,5.071401558258796
0.2017431251112421,5.219390041686158
0.20005458704515802,5.200920145965541
0.20352444614331236,5.035437792061799
0.20254484735964917,5.051710203504001
0.20004813548363926,5.297330408707528
0.20185649411985018,5.1905261382039685
0.2070073946295121,4.976799631455597
0.2027841040738802,5.1140353345729554
0.20183588886980838,5.170047419556252
0.20016416352019553,5.253094679650188
0.2021860528130481,5.261273014146932
0.2003642095368437,5.282796356835253
0.20151080370600213,5.198322529070588
0.20010341562070347,5.168749938414664
0.20130544897387528,5.212088297918181
0.20122189382469427,5.272638388864716
0.20114291673011406,5.179931726365175
0.2002246518997387,5.3356672525214766
0.20099573188552372,5.122627010045537
0.20078229023241148,5.224581231216533
0.2011090697441957,5.043297754112075
0.21141884331745062,5.025058169146807
0.21443833532950157,4.82271453711977
0.20104009578248397,5.236344714275977
0.20087908191965556,5.327491963942287
0.20226681224141915,5.16360897929734
0.20567962576502183,5.133778512808921
0.20480765341069526,5.065788376735407
0.2035616649073833,5.091556678552004
0.2013368684280936,5.115680125783767
0.20139790341204863,5.2935600920431245
0.2021965955153194,5.209165399272244
0.2012259371630773,5.357980063288638
0.2012540481311329,5.155345293960077
0.20087848848936252,5.194840673516611
0.20365004405758028,5.0935999954504245
0.20117303277351495,5.169707890845733
0.20015216941999467,5.14013386961737
0.2015004957170106,5.200975203696471
0.20100025729535506,5.170224601591142
0.20015315700210945,5.202055547266747
0.2000237250598999,5.240528878731238
0.20014744634978446,5.135079927131438
0.2032527459656404,5.247611773425308
0.20067822345356465,5.264783767524543
0.2092257883422492,4.960574277145306
0.20058185961151395,5.2662331403375955
0.20069428219500465,5.173538576541633
0.20281743427989649,5.280809209392375
0.20004890055413094,5.244439686349206
0.20424972073375705,5.027832997903574
0.20145411284175527,5.1356858861370815
0.20317498177074764,5.088818674881751
0.20389150090476932,5.201476380384534
0.204129898694717,5.118052746106859
0.20042219010700474,5.31543777087503
0.20126629340803975,5.383970885992222
0.21636656122386022,4.7523368547543745
0.20715577803902607,4.949263803408471
0.20051844184346582,5.183374823364642
0.20387005578074407,5.142174021300246
0.20402306928385494,5.123550428106454
0.20153159674879328,5.185171304760906
0.20524277157092907,5.064056761958559
0.20052432484592506,5.131570725507994
0.20475946922325453,5.115524733232232
0.2020025134373304,5.073650983876134
0.2000262017427127,5.252468982986313
0.20394639504534262,5.1992222975415965
0.20134601645226566,5.322701724579034
0.21655810507131276,4.852138602358891
0.20079642692972147,5.211985017657401
0.20104716236296397,5.152328654534337
0.20211195690689263,5.243332370446159
0.2028965101445368,5.033109682669782
0.20042210239829394,5.130981608531301
0.20751477608641208,5.05526051982579
0.2011647674581886,5.154756222039124
0.20435387606629227,5.103074322167035
0.2044493264169852,5.046808999968501
0.2005623549338731,5.308885053326354
0.20020039782474502,5.171115868006801
0.20370153641795563,5.058831678959005
0.2026476620385676,5.119719451957992
0.20028343200750426,5.3875839931027905
0.20115737116768442,5.134107827545694
0.20080602159644018,5.196556798147718
0.20214810744607337,5.156550122080101
0.204373368844702,5.246137518715515
0.20163467336365024,5.121810832532863
0.20029235931450198,5.124126336241816
0.20102755123097393,5.201395085173827
0.20301005896650406,5.043552901342233
0.20039360100146245,5.262255593659822
0.20199005863178454,5.084180630387767
0.2051694844336179,5.206294558293178
0.20307824591560955,5.1434556179305115
0.20065246200612846,5.349723264608591
0.20153384471909863,5.1632010780795765
0.20187787281828634,5.240590047570392
0.20254484735964917,5.051710203504001
0.20018325580601878,5.077413722154496
0.20328215557402948,5.133528912536636
0.20279590662530023,5.250343028251791
0.2078448630399929,5.043344211619093
0.20151476472250404,5.302722480221726
0.20002457762737558,5.151443443779423
0.20157322878368966,5.0597014349087335
0.2005174884960674,5.232108934505099
0.20101471912748517,5.302155186323128
0.20095379191738438,5.178442381230002
0.20091942712015987,5.277965878867642
0.2005863156613635,5.233500353011514
0.20358585983345673,5.184128183965177
0.2002356199500694,5.370967683773699
0.20866306312332158,4.982510864767611
0.20040666762314147,5.194355526336185
0.20076418957636546,5.164961932229513
0.20075511808998578,5.219619475082102
0.20555663315431452,5.166605595430229
0.20032975940827377,5.1485502241418635
0.2005256689205508,5.259264430257908
0.2027205789095119,5.072712409936823
0.20299639971132927,5.365299748875748
0.20342753983904208,5.180055593545003
0.20047553793429163,5.126204508468478
0.20158590973585952,5.061757779208804
0.2006622613347633,5.269367468073661
0.20048810299095832,5.076754588846062
0.20450400365708332,5.0069437468319
0.20115316430418384,5.153080214099148
0.20168615191118788,5.119568978612626
0.2021972108691518,5.231653433953877
0.20433704185935914,5.291489203919971
0.20024590826943728,5.198700050351312
0.20115994162231063,5.201115155162199
0.20167701122064716,5.1789752391992625
0.2007851091046713,5.2805345949839095
0.20086828924756653,5.2025567488604025
0.20524369922789937,5.03468357749467
0.20489380969258109,4.96929642242683
0.20282788377392028,5.333614376431733
0.21218090424394287,4.935383336459935
0.2063152303720237,5.1883746976977445
0.20508411248367633,5.117574108088176
0.2007445776153477,5.21959068863051
0.20270025294447414,5.20835688549135
0.20232150917756245,5.139963943877657
0.2004478385712833,5.270314718966403
0.2012301826479054,5.295187292461806
0.20088073397649245,5.211016316732948
0.2003703410281584,5.28047140203651
0.20395629229421564,5.122351269498399
0.20127724681448267,5.270543088829094
0.21152128365633813,4.971743883916578
0.20118658813810897,5.214061548681531
0.20225698962335856,5.184258907658728
0.20589133468021986,5.065640611993874
0.20014413924621463,5.3369772222947205
0.205006365079714,5.069591618723201
0.20000485313529787,5.039006282912937
0.20181847674861592,5.30803693791294
0.2022451999550896,5.109621647170266
0.20674499560582377,4.939695496670838
0.20057508078792674,5.277755430283914
0.201038993912536,5.26335270793021
0.20359063326297336,5.193791317434487
0.20150367091458868,5.297165713557996
0.20011869583989056,5.18785530624642
0.20761817421395642,5.05982626443575
0.20371542195300563,5.156041976274673
0.20361494058807128,5.17916901038895
0.2001326464883539,5.288081702862937
0.20216584473299912,5.154550513660798
0.20879647079149055,4.962738943307909
0.21062619179904601,4.909448082381497
0.20441172687988787,5.1744517064567495
0.20124670615911003,5.155740025102008
0.20851968316982952,5.044277867196708
0.20097287775417316,5.345633071819025
0.2009013293687267,5.193302469649659
0.20061346700412966,5.221016282433036
0.20117449669028267,5.218316659755825
0.20002886547956314,5.392952501539122
0.2000732373805222,5.273384592162663
0.2006808164850035,5.294493279157849
0.2040627344656516,5.1527980581375346
0.2007175729928722,5.172212273225047
0.204700003060718,5.136527997727141
0.20149267267151227,5.259734310548454
0.20971375100482514,4.9241485404219105
0.20162709856213115,5.273706356433487
0.2018953584889075,5.174551077125597
0.20062896113242581,5.199529677969778
0.20817860272992142,5.014780580748833
0.20160311441438897,5.079496088294133
0.20074617765503464,5.227673991819996
0.20150640092364294,5.206297507711434
0.20020303643963422,5.2465149528228325
0.2048660183356486,5.113596520406429
0.2066759008844895,4.959187298697279
0.20497138732485534,5.027644243178396
0.20008445290760157,5.173723953919231
0.20071589894253125,5.249836493772378
0.2033963407929909,5.079074881587523
0.2024131185195296,5.015530981650836
0.20709806520408783,5.110632808505154
0.20547496990008804,4.888175937403664
0.20480416282677255,5.010359013439621
0.2012691925762909,5.122024615916975
0.20106403923486368,5.390326724319683
0.2006363240867191,5.204551813602638
0.20001646124008898,5.288554537535971
0.20846766617881748,5.0012607103664415
0.20128387982015616,5.173885604022183
0.20026807488441745,5.312656876898089
0.20161484619806463,5.148703268560043
0.20140103312879631,5.166180941759213
0.20361088527220542,5.136970921281089
0.20679833475827983,5.037516802563034
0.20602326048043154,5.027699333732937
0.20088322879130843,5.2765144565754305
0.20116798516586773,5.243865087237313
0.20114611941745664,5.195178848489662
0.20326896775036066,5.146596300246491
0.20088238181387902,5.208826661370438
0.20263907837122072,5.176956596713697
0.20244182432588473,5.107120278450663
0.20580657722813334,5.217786382769912
0.2008202727493129,5.165610119575113
0.20265003119660494,5.113595842946931
0.20126811156223473,5.111881708129712
0.20366513435054087,5.1633576441418425
0.2055604331121301,5.042522450158162
0.20100708222190067,5.323721659974219
0.20129869911707488,5.2211572034947915
0.20109498852755012,5.231235456891232
0.20816187441634937,5.085821049934404
0.20093960345585604,5.28939636324279
0.2135011720738189,4.87733840685441
0.20599038207723455,5.039159198428336
0.2033120807778332,5.076589725022801
0.203369885795677,5.017309054508871
0.20009862128153497,5.188161319500628
0.2029213028555705,5.115638242709499
0.20060339307006708,5.207177526164282
0.20026894714811272,5.259362860765181
0.20133976004158657,5.198973919298109
0.2001531798399399,5.189317076643489
0.20199077617405187,5.042757660311899
0.2026199061684037,5.231209363239297
0.2044960613554095,5.188239685264741
0.20009512706047028,5.2239965155536
0.20063204739639967,5.258122173386395
0.20252593331965804,5.147568669556516
0.20153422715345964,5.1909898009279845
0.20275690079140268,5.142548829450718
0.2121848290398687,4.964369954872854
0.20403243947096086,5.142451661333398
0.20039699342904713,5.173351173275987
0.20105006360687058,5.116468442708099
0.20201919927938222,5.075431421172828
0.20160179406366785,5.238966042943857
0.201226494279299,5.2721525464844685
0.20101712394030422,5.2349596093836555
0.2004311599365267,5.160055686706896
0.2016942162368347,5.117357640711384
0.20125486228538758,5.313883774689009
0.20396416534207507,5.1767476025004315
0.2025640034375919,5.135021754394338
0.20153612886122965,5.005687841907654
0.20777371677900508,4.942932509832931
0.20165235617029023,5.125990968195235
0.20161317658713987,5.211593503767366
0.20091086569093342,5.226878689565584
0.20156950583299932,5.167095929964267
0.20039656477256004,5.047944718690842
0.20277804618107606,5.146437585576396
0.20084861866723447,5.120024127335168
0.20034270613141145,5.142017734631733
0.2030078915450083,5.249512151094963
0.20387400693762797,5.092214036420525
0.20094855184554272,5.21963931408859
0.20382951821314815,5.168071201487396
0.20331856753780933,5.006308809349578
0.20200475152257086,5.120407103700588
0.2075289871782182,5.006631473270576
0.20488498766341315,5.152805168535079
0.20186294595087104,5.24880521079109
0.20039317184912192,5.290556630780046
0.20007092832832282,5.177117581647108
0.20250310619576664,5.0134127704719935
0.2011395935010629,5.34645624998065
0.20091299523990228,5.095543652905056
0.2022451999550896,5.109621647170266
0.2100473652616963,4.933396131496088
0.20024736231014695,5.115158078273159
0.2072604317541244,5.124083513081051
0.20120222553472886,5.216055204995623
0.20215730104682608,5.301066674317427
0.2053579290388685,5.101878828550638
0.20210662238214822,5.166451389872494
0.21213430958156498,4.86161543864832
0.2013363420032652,5.200230043576908
0.20061890823120057,5.264227109838666
0.20403212574749405,5.255137023174516
0.2030981544324816,5.139141789860876
0.20011857577043257,5.2079509872752645
0.20407500273643517,5.1941934551168
0.20260560808579567,5.200527198725856
0.2007440205493951,5.326263043644454
0.20022563216388067,5.340540281496479
0.20172988296108318,5.17317671633826
0.20051420129471878,5.444508841603557
0.20567624375905977,5.100221145145077
0.2009388843838281,5.2152190165827665
0.200733003279837,5.155493547366953
0.20046747774389395,5.201968198142996
0.20246601760595753,5.215713827730467
0.20301790763634375,5.2485580765274955
0.20556276638180257,5.060549302863362
0.2000861331859522,5.2036823933568295
0.20043507016329704,5.258401076841507
0.20529682383004863,5.109084254677913
0.20277584389929862,5.27309711667797
0.2002891046980912,5.377033949004147
0.20796033137755524,5.079999735303862
0.2048472249024799,5.066075720102663
0.201150951477775,5.11631235765782
0.20245273267466082,5.120655652044903
0.20099085984279358,5.178982754252891
0.2002542683847583,5.153712392402664
0.20198201040133176,5.120158601627576
0.20059365697679124,5.18196118377603
0.20172731941705163,5.28629410435682
0.2000360963337088,5.326035542855986
0.20367921002595737,5.10030960052893
0.20263226311935545,5.100877855584075
0.2001384942395751,5.24767231618793
0.20159687454438033,5.233724551084005
0.20107560749660425,5.236446020504968
0.20291578748717437,5.057398967549983
0.20022108694540464,5.332821748511999
0.2029353732654125,5.235271831944751
0.2038744553159847,5.0752166173188
0.2026525366394271,5.139755546158587
0.20055870163249784,5.343895517076029
0.20716361998260072,5.1107735571881445
0.20079177651496055,5.249779288519399
0.2017894005705305,5.320165751994201
0.20877318956622085,5.009780237313283
0.20437557959770142,5.226697023971526
0.2019811178949248,5.1944424252935875
0.2007649269720944,5.19070298398617
0.20333353230335943,5.177594665220857
0.2022547110423911,5.203288656976527
0.20641279375841937,5.107091802444238
0.20091921387182785,5.353560805056871
0.20075067976242628,5.184155638690457
0.2032804610219432,5.082415874807457
0.20204539315489156,5.177018864119395
0.20058824674973286,5.110276235646658
0.2036999441705643,5.173087016765741
0.20322368789945933,5.078760584879939
0.20502016631387182,5.131491424982268
0.20295599559021477,5.107133594524097
0.2096375439794104,5.117102270532677
0.20447776190334993,5.085072278202954
0.2025470871299468,5.157554903896662
0.20774726376353495,5.054083695017256
0.2016342737016662,5.168713719708449
0.20020518932061085,5.214595659623724
0.2010068747818502,5.306875391443122
0.20272539014740484,5.25102047535042
0.20160278198175846,5.34788992737398
0.20849448442661034,4.951530007219082
0.2006492534507628,5.191839726007783
0.20977013694498842,4.9612867512103165
0.20437256143673996,5.15591551809565
0.2014623175859172,5.1985018282041615
0.20290672877333327,5.131575611924291
0.20346945894304247,5.246035901136809
0.20116929555742247,5.170940009270514
0.2029547977245864,5.118662847608614
0.2018229490616384,5.159241479514792
0.20360772301466795,5.111160850127202
0.20193142037334758,5.134734993565409
0.20168441196607612,5.126354881374153
0.20002801585913577,5.141569485301542
0.20322011588915856,5.2699030227337085
0.20386013310786621,5.0793541743183255
0.203272342372805,5.149287769869859
0.20353971548055727,5.1521289539308
0.2025972663456782,5.253866350617776
0.20573971980538086,5.156706173639666
0.20356601116878179,5.101489672997285
0.20001294516749418,5.140933909208912
0.20092578506954548,5.215649535749061
0.2003935987085532,5.215967868371052
0.20219681095928324,5.18986693929414
0.20565191314693315,4.9547684997538015
0.20160397326111326,5.329245473042547
0.20005585201189516,5.2763007567883555
0.20154713559204462,5.249942467445943
0.2023550043040812,5.163590018981427
0.20527290343884902,5.060920490937909
0.20046567573407276,5.263204068244347
0.20520192324804384,5.1189257618738555
0.20045952767367428,5.131555264917623
0.20107401600103544,5.187034907190698
0.20389826204914147,5.018124220650474
0.2022190113969341,5.27752885285536
0.2124166301553635,4.832352481990036
0.20171641758915826,5.183166666010237
0.2034393291996796,5.131547580287685
0.20088564328094327,5.177932225461458
0.20060744230743885,5.194429706281215
0.20149544958764168,5.233567528891477
0.20228855690545486,5.091236790021426
0.20154066175079127,5.165613907795484
0.20014262919810005,5.189841388436634
0.20500730679309445,5.105469365036308
0.202573837353765,5.181426549852887
0.20195814704458442,5.153213547017806
0.20312269225622984,5.216841698835832
0.20054845484568581,5.1806800747799
0.20117368908632124,5.070753560812846
0.20397791407202176,5.117901594800095
0.2016976229554833,5.1344414063844575
0.20074660954268295,5.182947129458337
0.20472561604703612,5.112463273512594
0.20372028123449978,5.0825204726619875
0.20741842947103534,4.931443982625713
0.2054999585813293,4.979124879260237
0.2076057434992712,5.033659412470674
0.2074039914812675,5.0762589213925695
0.21500094652498733,4.815343721510362
0.2028646220539196,5.211688670274806
0.20225275322772415,5.25144509434058
0.2006368187424041,5.156027599180649
0.2000546374885959,5.269907152380282
0.20072987364966757,5.2644794090905105
0.20048120293974764,5.156160345942873
0.2084701095486048,4.94639618115962
0.20122558585450676,5.242402987056878
0.20359757882088714,5.025509922443171
0.20532491422576693,5.006612739739055
0.20333634645686,5.17134560287697
0.20053181363801842,5.250996662809501
0.20079499820415878,5.228445606295298
0.2054202658255188,5.089228373916873
0.20101929859103515,5.153984147475009
0.20138349594585878,5.172865694564957
0.20001241058599087,5.233191858483748
0.20061913551682023,5.109542709278548
0.20270858731721866,5.264505042319997
0.20180112238632944,5.116565223887164
0.2015111754916024,5.191842397128794
0.20266374510203083,5.176562289122533
0.20298208977624027,5.089157409885172
0.2014274751937145,5.248109778659474
0.2019837423543733,5.23331954369547
0.20094349631073982,5.262219871389993
0.20073591714222544,5.311375439117213
0.2047430549230779,5.1570601731375545
0.2004475958804757,5.284485090444141
0.2038815236673234,5.1001850612293005
0.20040892511216615,5.208658765359357
0.2036296878605965,5.242902470802614
0.20040009576632165,5.225422723174879
0.20407371068795238,5.1358434806756295
0.20014866993286262,5.325320996060261
0.20053438399998144,5.230628791676545
0.20928538864826413,4.931972860557819
0.2030785023349879,5.305177701955965
0.20021375449247117,5.302269934135025
0.20025488052810242,5.265702428877748
0.20449213363667573,5.022695172251422
0.20556417909344687,5.119581630376996
0.20516753738185264,5.056643898965644
0.20086435316598877,5.293295912339623
0.2026644854543069,5.108256123425672
0.20170935877893648,5.20586108509717
0.20348915657016217,5.232265029774554
0.20280994314667036,5.1664622185182605
0.20406208117716151,5.037977557981505
0.20020601262595664,5.171941915775659
0.2016086054775784,5.266068378734772
0.20189071280098755,5.338676671153081
0.20185107021687046,5.211873928446458
0.20252793893944693,5.196904571900164
0.20256189094489477,5.104772020678555
0.20122185381283583,5.382576448933508
0.2039028126294662,4.997151236079631
0.20208710030163649,5.133710444354319
0.2038485021939549,4.996686530372084
0.2025314306585371,5.142183911016574
0.2054907876339635,5.252161175060349
0.20268930133027133,5.138113153600317
0.2018705809192613,5.076888648319745
0.200331965160491,5.181420458973105
0.20057514483586206,5.020023149868225
0.2022409738808071,5.357438678456755
0.2001549038715523,5.110291193291816
0.2009020248393064,5.270553925865111
0.20326211947658696,5.134344026113095
0.20104664726605634,5.165081060517281
0.2009449724436453,5.171792246701847
0.20008761792267202,5.087053820737335
0.2039291770581299,5.08556952855246
0.2103086944861543,4.991558068695601
0.20573660086521542,5.06592970601755
0.20217579896703916,5.113805673766901
0.20161323313918195,5.146905370231638
0.20179829567419394,5.276198084196826
0.20321868873821805,5.162936734587041
0.20489540205943868,5.077800124191228
0.20281758921593085,5.221005447843037
0.20050114723403778,5.267326960601247
0.2008519889077626,5.272333926581252
0.20166816180855293,5.329160493844493
0.2042761905806852,5.043283629160758
0.20107451095620832,5.161316559881655
0.20128194492498486,5.286045954745862
0.2021518617638308,5.167741344477261
0.20090914311556396,5.276172664338951
0.20058508222491334,5.1266575772551155
0.20006756516937724,5.071653973024169
0.20971808274248663,5.005704698973323
0.2017208765102626,5.19881271009502
0.20516223161258296,5.032686820912372
0.20018508382841887,5.2958501833676515
0.20337858390516064,4.979420673442539
0.2018981808721187,5.203556524326123
0.20236553101547547,5.22316762368056
0.20073680226905524,5.3131793373372735
0.20402618995905358,5.212584588187476
0.20566070866233,5.071284985462954
0.20417597176659705,5.149824322420107
0.2005488713180697,5.365667865424431
0.20591121528992273,5.126395180744261
0.2016098543001612,5.0880769492997056
0.20169431769905635,5.071899909214034
0.20356684245813114,5.121845779419765
0.20085650823641396,5.198490583360086
0.20487995279824198,5.094086680183485
0.20063814333776808,5.17610925708704
0.2008099756814811,5.141610110957736
0.20161317658713987,5.211593503767366
0.20279311589493595,5.082815135751177
0.20000729546182855,5.06431065584719
0.20656656818382088,5.065072260940041
0.20137681515660869,5.232251135966981
0.20181365400347484,5.100020903592797
0.20001391789397696,5.328531028649084
0.20201712700124586,5.174118244333647
0.2020752348284194,5.089114967374807
0.20779010233578332,5.1099834760129745
0.20395859252291468,5.113346556107949
0.20348778950092467,5.178855197155805
0.2025433077833007,5.107399892453004
0.20086143187710573,5.347930157798979
0.20176069262265817,5.136386560817731
0.2003598071863178,5.3268654584627555
0.2013743742983283,5.2483435319349185
0.20026287727792103,5.299952576694118
0.20501195478656545,5.005238306448056
0.2012138313075693,5.215036135879101
0.20076359594166723,5.320301757116684
0.20283112547677326,5.1188820166032
0.200582829042896,5.302842352021066
0.20174860469104053,5.212137963005063
0.20365004405758028,5.0935999954504245
0.20380251189863266,5.02994117982652
0.20437066028686982,5.043754267227861
0.2001241622078089,5.348576999694357
0.20160578554720512,5.161661067526908
0.2004217526376489,5.176534065262785
0.20426213009024285,5.0576367397434785
0.20388862350279735,5.120701382690722
0.2013600362527457,5.273905132814936
0.20247104009016514,5.1208876993468415
0.20093613805915803,5.174358226348807
0.20512560230913446,5.064349778421124
0.2072818884934218,5.089683316606345
0.2081378626291601,5.0958213918876165
0.20023954441152328,5.10613042244001
0.2014215267564482,5.100686100324384
0.20292474002351593,5.2233493724978475
0.2010986580300286,5.068558778360711
0.20191136510745752,5.0572452334690166
0.2005916099629059,5.128209227552169
0.20481987276961705,5.084997134516602
0.2009758104878559,5.195703160097542
0.21030915901998,4.985340234305136
0.20175840103713313,5.160940033877244
0.20269823629597505,5.147253164730728
0.2001216576076579,5.241687263467249
0.2010656554129051,5.115537035339201
0.20093503530841528,5.114816797938745
0.2005973752447577,5.329206231310574
0.2003271552731927,5.233798468315863
0.20660096276840226,5.0644280802098365
0.20246776101159986,5.1313390842406745
0.20116496537896733,5.216344811712673
0.20285851986554937,5.339389973357431
0.20482453188768773,5.150737629005793
0.20128155524104524,5.134099895636061
0.20183662075659986,5.078101116338813
0.2015191968462072,5.224450164120613
0.20074256455285103,5.1470417986560735
0.20186806822680836,5.054614919721908
0.20162316022042193,5.206607203794211
0.2085693647936048,4.988586190977199
0.20015547154865668,5.3538450707475285
0.2001311630601604,5.196558747592555
0.21261445557421801,4.951248486675331
0.20080641533159127,5.157052643046376
0.20084635716632482,5.233382684068091
0.20220046906279773,5.221567013072166
0.20164987951143953,5.097439737076332
0.20113649447855383,5.1423629279763015
0.20137897436338403,5.084266818183727
0.200963193165678,5.211876036569856
0.20084219797064767,5.207165819024252
0.2030040643763623,5.208510675505252
0.20068197188412207,5.166864107527058
0.20289283878659206,5.2513752065843935
0.20012963192628738,5.240265585362766
0.20012767724257255,5.362784587511417
0.20162565601620494,5.183486026664739
0.20286849875633772,5.126268644622212
0.2008589697592092,5.257106998897239
0.20056248769007307,5.19684141675876
0.20015794262394937,5.2734775987409686
0.20171701928005029,5.133637736459218
0.20249466362767,5.176870277419489
0.20010181631519774,5.299324958635087
0.20712212212413772,5.006659217096336
0.20206861841714885,5.063703746039849
0.20143095396502797,5.161335002343183
0.20135953038240068,5.170719219751947
0.20027930191821244,5.225664555915124
0.2126708563574783,4.94341953979643
0.20193101403770156,5.148779244446205
0.2008121282374739,5.304254459066804
0.20229051015175378,5.055219833838287
0.20128435442165896,5.3258315686214415
0.20060011953298315,5.222471651017909
0.20089991069646618,5.1493349693840536
0.20091012996365373,5.218274175088082
0.20519698717886226,5.0734468576060205
0.2006128259151742,5.145122677860594
0.20198218772570892,5.169993494488565
0.20432229993092782,5.0623323768544966
0.20660418657313867,5.095838444519739
0.20199572709636357,5.255941940629499
0.20058427563093179,5.21690560642552
0.2116649570640306,4.857216604757319
0.20098125328368927,5.340267048335787
0.20083288228855112,5.149154331720445
0.2099872598984401,4.884365187192829
0.20266180639266418,4.971603750419544
0.2001055774255191,5.232340939233232
0.20589355637228768,5.105724481284068
0.20240780269987588,5.1967306046253885
0.20677964421854025,5.075513641885961
0.20186608335313594,5.199321028149679
0.20215446507610146,5.178942012536353
0.2069573268164812,5.096570576546764
0.2014545953563495,5.020559838127434
0.20623994208890167,5.223443291758217
0.20116633540089146,5.23171649321903
0.20244252976203986,5.155252236834995
0.20331672455171487,5.190430554770484
0.20140521996380087,5.259436446313725
0.2010225993304429,5.165442529434913
0.20188772978815578,5.287303993638941
0.20420000863181056,5.045687737153671
0.2041702770096116,5.073498851767966
0.20791848751907868,5.02785427149498
0.20100760681523033,5.240573098724372
0.2002275822610535,5.179055464942875
0.20133893861486113,5.235511718460918
0.20068004254660515,5.193133412735074
0.20275340224615077,5.138131750930268
0.20337232740268096,5.171466259512851
0.20064861652596527,5.288302652419157
0.20058267275103317,5.205555362194928
0.203693423784758,5.136305957106843
0.20467350728100564,5.110899171448402
0.20064680011261662,5.123986433175517
0.20102681994981988,5.207321939318289
0.20021911128648334,5.183461683971804
0.20179637323055402,5.27614428477296
0.20171524854927472,5.260261412977971
0.20775438586455386,5.103717716267685
0.20025160091889388,5.26436740694445
0.2013275217321751,5.198366824450852
0.20677415284654843,5.085207340813452
0.20321213781020117,5.031414906193848
0.2002524111343885,5.221237515070937
0.20515418993557966,4.979729464114432
0.20290935044133754,5.0496773503756005
0.20372747383649908,5.078481614649523
0.20062498567459594,5.058330646204128
0.20075896386624167,5.239811123548899
0.20015289442774187,5.151854913987051
0.20669446377946857,5.028018787073358
0.20326134125639855,5.120506933977227
0.20029619233460763,5.183360159320767
0.20088226225525996,5.242668523997815
0.20044039382539056,5.271326277462387
0.20670216485879087,5.10292736664606
0.20134692339930188,5.236904080782236
0.20011586077987567,5.15761579493719
0.20438117163909256,5.213964660312096
0.20081261590941388,5.4167273358024595
0.20144732633472506,5.013064752833661
0.20392783843020015,4.93448778147838
0.20096632303765571,5.3400496634526755
0.20332854512295406,5.162638053618066
0.2018765233080793,5.222542550001511
0.20184903235216614,5.158422584136923
0.2000299180245598,5.271036832302133
0.2059761585444622,5.057170016826904
0.2037794783183979,5.255769077721035
0.20074462633389037,5.331098047016439
0.2054043654898139,5.122047110455
0.2011385724669655,5.153239214861666
0.21021951144946785,5.029294595265284
0.2005953891798789,5.208385094627038
0.20108733863020786,5.250766828923337
0.20008174340815088,5.1595148403544355
0.20121652358425143,5.1346818674154235
0.20042172079865003,5.079045547759534
0.20030460030739006,5.273354349335529
0.20028556678021794,5.362936728776554
0.2048632409210637,5.008003639339876
0.20217282676875206,5.34106215506165
0.2043061551804441,5.128501120890081
0.20178597869482512,5.042201908567812
0.20671161824150203,5.058224313180593
0.20108311149450162,5.217841613314404
0.20148729298259685,5.326437306411521
0.20022173212514296,5.245025518867126
0.20601839869044564,5.103660752091071
0.20245449654311798,5.11669569105236
0.20123124667356776,5.239791856445521
0.2003925838690402,5.216351950662865
0.20345026349944514,5.15204510854807
0.20242122575419388,5.156874316649131
0.20838597588850744,4.9662052348525565
0.20079216418204943,5.23916474056007
0.20028234255179567,5.349576881608411
0.20005290988592997,5.2390505639475515
0.2018503933750073,5.2084476350704705
0.2061939214852817,5.097884475253143
0.20075205428783013,5.27301667188134
0.201383878573998,5.264379717138603
0.20425393832818772,5.049351248870928
0.20403899148443214,5.10308905403716
0.20061910564993535,5.27387042213868
0.2021363508203338,4.993193074901107
0.20200919531569136,5.158191204752635
0.20066851950824072,5.208168146003579
0.20179869072724843,5.209577143703818
0.20288548582362137,5.1277236694473665
0.20032964615311227,5.377719815322605
0.20809107862551132,5.0089194666890755
0.20719377944387604,4.930267416542276
0.20382171012558553,5.073193707605194
0.2009097769189303,5.213878778245303
0.20073865898292395,5.381546819852971
0.20118521727125613,5.304719007226705
0.20068485930829535,5.265941095877857
0.20305069827262703,5.335708710729191
0.20102942530065337,5.260662169610901
0.20528331514399267,5.0355267818257845
0.20103517441878963,5.171964928519886
0.2034452967656039,5.134733073520123
0.2048390411244708,5.08254103916624
0.20107077447058383,5.225451390410494
0.2020030188435833,5.17470041522438
0.2016365073862922,5.2394876308617615
0.20014413924621463,5.3369772222947205
0.20672403008239232,5.115936488690022
0.20111880363682103,5.201125442104354
0.20089065002651735,5.238442636377351
0.20104204299425255,5.0131058227122365
0.20323579113648865,5.144600871030544
0.2008856460726382,5.222743209163591
0.20298414279328036,5.214521573217488
0.20813017525292515,5.005041231173246
0.20164823369337834,5.25064123809431
0.20088719090012322,5.241780339712407
0.20232760228525684,5.194249855425483
0.20118384292252228,5.123832829256068
0.20206334753395022,5.151721384326929
0.20209660440866486,5.159575642332589
0.20150503825339877,5.217352530538487
0.20340413975121352,5.113998188397605
0.20330982388933114,5.230103582562143
0.20532488556775066,5.028300235752051
0.2035673009662171,5.242107555520351
0.20243452384052033,5.325274501079593
0.20478614661082611,5.080638866498216
0.20082472749158242,5.169957796592233
0.2010295267389057,5.284062248554278
0.20009697114743202,5.296434732857831
0.20391873960678084,5.27188350723934
0.20148501866970267,5.2298323153459165
0.20953676027596918,4.9004504520113565
0.205589057543894,5.2212602582608545
0.200557929998531,5.2314810446703
0.20087987917585576,5.0791343624501675
0.20226500943828485,5.17911281980037
0.2008519889077626,5.272333926581252
0.20225048831591674,5.214960490225776
0.20129431293617978,5.216978360823187
0.20542139392384506,5.1891500401594985
0.20123050322316596,5.108019294189972
0.20156887480590813,5.1643614057689184
0.21824391606756025,4.743228025154777
0.20287508630429726,5.201819289725932
0.21213668080687376,4.882380489819097
0.20273290898857318,5.119544789892766
0.2007259631293549,5.120570059317856
0.20063617789586458,5.3408707137400615
0.20449510912572977,5.173307708835733
0.20048028292026324,5.2810863169313125
0.21267175702149355,4.943293121393635
0.20071347820358804,5.293980827499296
0.20091857329814414,5.210256361993252
0.20201733956746734,5.218169608990005
0.20403779798581342,5.079713689191726
0.20172249294056485,5.162492878824037
0.2013239291771438,5.063743618301711
0.20068424679524613,5.303591843218015
0.2024988800322902,5.108026484986544
0.20218757340502144,5.191153082408792
0.20141717156927877,5.205569447795618
0.20389826204914147,5.018124220650474
0.20038561344364123,5.163233745281141
0.20147392393191207,5.151899500791275
0.20098773973492828,5.289740979399268
0.2017729997188371,5.084988812218396
0.2008724777230016,5.297371802987346
0.20256425956765872,5.084697732268905
0.2017687931302896,5.125773909169901
0.20140663983440626,5.233748599523161
0.20513833302106466,5.009252831132055
0.20133564226996714,5.248975151683417
0.20149860197469668,5.186758137011625
0.20018757040039734,5.146734121748066
0.20232865474343742,5.190251253749508
0.2022971254933093,5.062264715302256
0.20540972954926068,5.139183755251765
0.20129966951171882,5.23192943983204
0.2044583018374997,5.019352875094608
0.20146646754188047,5.166628281087938
0.20030342353827837,5.321159142573525
0.2105169835691357,5.02076459955805
0.20047396464660225,5.274590629822323
0.2034154121499105,5.1369084688807645
0.20064130167429167,5.10498483804821
0.20255337056868583,5.179473559612938
0.20524357785487307,5.0895818974930815
0.2046344781637835,5.126499593612227
0.20515950798896143,5.116561691321972
0.20381047503783406,5.052906365978289
0.20034306464981871,5.200799394496529
0.200003797986682,5.276082430784539
0.2001657558277839,5.264198945269547
0.20330363638202206,5.272649500815687
0.20055502864012456,5.130656511398256
0.20376976735364374,5.150535360762126
0.21239069437675995,4.966303792719723
0.20422434101643175,5.071955248825033
0.20058570266252382,5.139489036611748
0.20198749068009042,5.113101459360018
0.2028899637645555,5.154281619733677
0.20538735441377542,5.026622448845856
0.20755524161938133,5.064156130744899
0.20092631494259788,5.070334645997602
0.20658720139738254,5.097247043681111
0.20325208455570973,5.207965755520305
0.20014262137395672,5.216648653231359
0.20267746476387866,5.173762925044013
0.20150781342551893,5.196727118442861
0.2062706914867048,4.9569983064831105
0.21319600255303506,4.89209908603894
0.2000708542987964,5.188783505234949
0.20279854903390196,5.109685324933468
0.20116788357900256,5.232644637069908
0.20043639653355552,5.329237120957816
0.2009924422471894,5.184486782990995
0.20022363722223385,5.156993154332649
0.20087674386336066,5.205754403199509
0.20772357921981494,5.097103574039876
0.2046057963564383,5.121386625751729
0.20172922540501792,5.139092638128408
0.20130707146101556,5.1059496901645485
0.20081221557514836,5.22433200113862
0.20184444593775544,5.073401158135144
0.20108554566745745,5.128324383749808
0.20095255600529596,5.154630088107658
0.21238162444552083,4.8949201241680695
0.2075042966849304,5.153276770406475
0.20179592688891462,5.206821418438779
0.20422410903846908,5.149936933877681
0.20076891442807007,5.336243414863
0.20241123778504214,5.167118212529961
0.20309803665021764,5.222339939849561
0.20291578748717437,5.057398967549983
0.20285343766368266,5.145237694984301
0.20121147483628685,5.27825699607514
0.20000811260545912,5.296560350726635
0.2003664183296778,5.2285889433898065
0.2079406810701124,4.848207137727976
0.2062369625502346,5.0552582575857405
0.20117660549391547,5.165207116142915
0.2021064546418878,5.228871077520814
0.2113656540124852,5.073768599427339
0.20065340054035075,5.057372460033926
0.20193740078317124,5.293402644534815
0.20156523997885029,5.0836891898360745
0.20265856907908933,5.129686022299242
0.2007579455613227,5.2460830781522505
0.2021348338753082,5.216483379651856
0.20159283083332774,5.082633254893531
0.20056216879608743,5.304726569246919
0.20094473492976836,5.20129308158171
0.20127264540896328,5.2416566539837035
0.20149087486423425,5.327032921303251
0.20001541037064016,5.269323084001327
0.20094797352415175,5.183785981323756
0.20201761184370157,5.271838245220234
0.20989776343748648,4.893072412343142
0.20131691703661725,5.118798157889625
0.20084117452410105,5.24607325522228
0.2014595246954098,5.193889269317222
0.202276298612332,5.276537814958674
0.2003411192535769,5.316248369204366
0.20489860916449484,5.070491651860841
0.2020757280121104,5.262306574699989
0.20137766004474036,5.17378267569897
0.20145458494198756,5.347962840788245
0.2010229744606693,5.202318258024642
0.20481573275158074,5.201065055894889
0.2024966482867473,5.1893000718761435
0.20931265559286297,4.974310084674842
0.20178270864242429,5.138787396745521
0.20090204145646304,5.282457439083238
0.20958985024269344,4.887859913166495
0.200631188680771,5.211797589081259
0.20195290224373771,5.218144780692923
0.20167853588774143,5.231535442149269
0.20047311323196143,5.215355032154312
0.20047985062677096,5.35179179944162
0.2017038257716556,5.305880180361376
0.20049912898478486,5.28904689709201
0.20478718340730975,5.116743471856629
0.20213094999215725,5.233526697421472
0.20117959278720507,5.156310926684935
0.20041360907562342,5.160634805773353
0.2002165309151521,5.324298679695638
0.21042286307797448,4.87015092660135
0.20900443863606544,4.932167328838005
0.2015135462912856,5.291181444636778
0.2005935049145814,5.213600500697708
0.2021106647289163,5.300881289209987
0.20285851986554937,5.339389973357431
0.20017795458599594,5.153217632583914
0.20163814864517515,5.261480114915823
0.2028202917271622,5.224160287542963
0.20699280914527768,5.059632054914612
0.20789786141659045,5.102784210230917
0.20243080080261722,5.231553019202651
0.20196666887762624,5.229003356906946
0.20078303523457622,5.222245749348445
0.20086391651683427,5.200162181057759
0.20103745292387618,5.138270044306077
0.20989744518392756,4.924300551890011
0.20708978135518136,5.1430961471973795
0.20771921496881074,4.990737000284056
0.21007596889653682,4.9616018289942065
0.20074244304710007,5.229181632831024
0.20351513482558217,5.258360332097636
0.20065141246737203,5.250179751818213
0.20036220998537282,5.222420486362596
0.20082298078719155,5.131378484452759
0.21104079980040424,4.777413669549747
0.2006126869481423,5.2490226737561665
0.20590763391278413,5.1102418888308305
0.2023821101901739,5.041797417795373
0.2005697633064991,5.392190908980428
0.2013116748215576,5.205857987868762
0.20024736231014695,5.115158078273159
0.20096842832063377,5.134421776590007
0.2006810103334909,5.131124279145494
0.2065142943661158,5.045624404697927
0.20183751194898952,5.1603534099397494
0.2001399836979618,5.339883318146517
0.20238738411816024,5.114076056803681
0.20125314535547614,5.057122281410222
0.20216136933974482,5.215733250154804
0.20116929555742247,5.170940009270514
0.20188372075317865,5.128782156243004
0.200189488492168,5.199667164402631
0.2009063129585262,5.2070909316516
0.2012413824295955,5.125278551746025
0.20296017690652873,5.163104925985652
0.20131875991502626,5.053750225441695
0.2057610865072453,5.116720435197831
0.2068397934271051,4.993127796288257
0.20015108366551443,5.164586674856311
0.2047613085687913,5.15331573482058
0.20882493456183338,5.03663138684093
0.20026633271307703,5.334699597583621
0.2019183153274713,5.248913094355188
0.20145413311948013,5.166115811450148
0.202186008196513,5.154996158381646
0.20295306272412153,5.048230611142861
0.20279735292938822,5.193129907564076
0.20071794132361456,5.1762509326281165
0.2010116039178065,5.276918130258117
0.20070921696658717,5.226781773197683
0.20525151867239716,5.197562145162779
0.20169360923307245,5.176040011187483
0.20075303251359897,5.172326166436993
0.20143465027284616,5.157426349298797
0.2008328855459261,5.318201225183004
0.2051609053418933,5.1443947578970635
0.20236514311903225,5.065813553434126
0.20106416121128584,5.093962511514802
0.20090447222455585,5.193470317271612
0.20520146597795583,5.095693244667321
0.20424137963546976,5.045055153067621
0.20076397790337203,5.218973631886022
0.20312370577407082,5.101379555204793
0.2005549669692785,5.257572911214788
0.20251553615167378,5.061223353475989
0.20116140676717265,5.262366846900927
0.20037851022017647,5.364073780572359
0.20033079850618243,5.298984587738502
0.20037617560585852,5.350284713140593
0.2024293236527367,5.224470593344872
0.20318448434006162,5.054128699159693
0.201946282475634,5.286190752901475
0.20278004936641633,5.186686888409407
0.21136675133766733,4.706029870989794
0.20014963082584258,5.293718808613676
0.20176179248074277,5.0330278963700525
0.20875016966315915,5.1215458153352
0.2044761074893343,5.039148307992113
0.2004217526376489,5.176534065262785
0.201486974097342,5.171646906585963
0.20292540631880437,5.057209373216664
0.20038327983649376,5.2270417685214605
0.20003122805454673,5.320105176965234
0.20313915034919844,5.22360706053394
0.20173077927649735,5.06677544230795
0.20051899952021285,5.226209449216666
0.20084577708342424,5.131435082086455
0.2000142340376986,5.194600400712662
0.20403062481743792,4.975389747859534
0.20138153696635572,5.1871509381082825
0.2025525302708233,5.102919409569936
0.2025949421758973,5.259284331200281
0.20497271977875356,5.083020353694033
0.20131609719197857,5.30204933322673
0.20033604970474786,5.328654778441445
0.20102184844490897,5.168262478135741
0.20073238415997524,5.039379276279308
0.20154548320630453,5.286857561535031
0.20020581675855198,5.4037391263823515
0.20503918139531876,5.029637384777364
0.2011339146562585,5.208453601823014
0.20279649755681817,5.186397884510347
0.20192829707017412,5.336941964948346
0.20387921767206973,5.277708744456041
0.2002580809358119,5.298588693077125
0.20611084485446565,5.13328424680054
0.2014177167946007,5.22741444140154
0.20157681817843767,5.2940888422143315
0.20455003277450706,5.116841028353146
0.20976955900351202,5.008028669017851
0.2011680045941145,5.252659253783553
0.20433258586880373,5.024719331611149
0.20016422904389017,5.1422531250972945
0.2008978026763828,5.274990872010068
0.20415628295791038,5.150905210286479
0.2031961391981726,5.233456309317016
0.20210032843906287,5.1526136360128945
0.20078701556491588,5.277287266441569
0.20013743977699308,5.156261240632315
0.20158878807017802,5.255038863299812
0.20327256870259783,5.168038200226806
0.20203729072531057,5.281672510332519
0.20481573275158074,5.201065055894889
0.203439170181071,5.100147741042771
0.20222331643423785,5.18539264719955
0.20183799197006588,5.140797276078967
0.20175808331558615,5.225900277574226
0.20198568402980263,5.107305487780776
0.20083193210982464,5.114786689502255
0.20185060124150053,5.2620942316225685
0.20045965399139967,5.136652327884058
0.2001906681204215,5.248393844761548
0.20005328852569731,5.167665305176618
0.20100460502923423,5.271398163734904
0.20489208199611686,5.005984846662774
0.20731913337442937,5.0816876609290125
0.2018593523504909,5.218657856835286
0.2026284982019541,5.1257121017691105
0.2024293236527367,5.224470593344872
0.20305449699281777,5.187573223267272
0.20025488052810242,5.265702428877748
0.20027793383184553,5.1945650376622385
0.2045155788423915,5.096860038385274
0.2009771727356158,5.195485240545667
0.20932328785844045,4.997535060979926
0.20465109845869406,5.040612845015869
0.20565398748877559,4.974918656962766
0.20132712375216394,5.178653406604362
0.2018500351329793,5.056214093308926
0.20490601695506422,5.155780621305896
0.20570672764132142,4.997348542113759
0.2002233678172636,5.236449323359259
0.2043119177022547,5.032926055728745
0.20366500417058497,5.0619845962922225
0.20275951585133128,5.1602273288939315
0.21501470843732148,4.806153701073461
0.21121349845021456,5.011454517751562
0.20231116520481388,5.068898553502475
0.20617777291785888,5.049532541038312
0.20173539697183046,5.160569029221198
0.201265717749968,5.187202369631083
0.2002730019218156,5.160184959606551
0.20265445499597934,5.216637734717895
0.2031983421857758,5.237392346565268
0.20025694190345755,5.290419333781263
0.20016921524741002,5.320890413709735
0.2043061666870496,5.0599893124465956
0.20394110436811339,5.267440255275127
0.20437587964673834,5.151272511294284
0.20623580394004615,5.166345115431407
0.20191146894958137,5.222319423079741
0.20168383865115447,5.198410742315625
0.20138376808185257,5.131309387343772
0.20168517066873265,5.1159441364237175
0.20174943075513363,5.184218964219424
0.20089065002651735,5.238442636377351
0.20055013713483547,5.192368102273943
0.20314884105214373,5.268589219379335
0.2025678920388663,5.151365403744625
0.2016510975331459,5.209648503343809
0.2041681429850957,5.189763538189779
0.20442425600965772,5.048298134743462
0.20330467926505255,5.104724453039954
0.2002656518002122,5.107838256187913
0.20135957798674398,5.214777463571779
0.2026239632701992,5.148115785873276
0.20098691308176525,5.04111216362614
0.20229068915932877,5.2460396692957625
0.20192927856219178,5.140045090633452
0.20992407536038002,4.9568886527304254
0.20116813975654987,5.282807650791641
0.20042252254859444,5.177715277806203
0.20292668732543642,5.219326666114426
0.20073960784300104,5.188872713606295
0.20211099556324144,5.16240202387487
0.20195273473464948,5.173852681817974
0.20290419006672672,5.000245555096393
0.20994679400802177,5.02057653209136
0.20086088119502665,5.103354136117864
0.20231872870060388,5.2297910447878975
0.20272299651349815,5.2281081810538845
0.2075003402454728,4.903217860173189
0.20054866250767486,5.22896758302201
0.20157036075030182,5.199719246870841
0.20102972360422183,5.275190854423072
0.20191463938945164,5.263066068058161
0.20270731835345138,5.158392691369106
0.2001019067223671,5.295076531950194
0.20418240872486795,5.136439687672708
0.2020428451171243,5.21823976931184
0.20450400365708332,5.0069437468319
0.20010752905861368,5.302560336359899
0.20083316141705992,5.0754382739174915
0.2000309306010907,5.237172830504188
0.20282822994050076,5.146328530820787
0.20571419929771695,5.144822607318158
0.20354899919188255,5.248087952552949
0.20736475071912086,4.978444518573516
0.2000423380800228,5.270411050578174
0.20331672455171487,5.190430554770484
0.20132088771066828,5.156548430033357
0.20120378459130908,5.232976665659201
0.2024741031867354,5.133276976975398
0.2006749855559958,5.114942760115385
0.200747578268941,5.2287142211132815
0.2010288277970467,5.283257071144969
0.20624811134948112,5.06890620772415
0.2018482048992991,5.2554677257273115
0.20392564335046143,5.078873982172205
0.20213685928309277,5.081161347777764
0.20091066697908372,5.168025202469941
0.20053892397868853,5.264903160607488
0.2010024940460522,5.199803907679518
0.2000019098170854,5.133726152773897
0.2011191857068188,5.1834095443562
0.20146959887614746,5.178216451585696
0.20390912737820116,4.954583354517603
0.202967077685718,5.137587608753409
0.2111418777090538,4.888547400655985
0.20216303548623632,5.201540427435524
0.20262398013518587,5.2941228938304254
0.20496499086686437,5.394014268517934
0.20148742246024012,5.18775481755867
0.2022036731939298,5.249682259888566
0.20095559466260848,5.133655136766678
0.20379494321135658,5.22475750900769
0.20202413776350042,5.166844213542297
0.20550935698841905,5.062077054224612
0.20190516416980725,5.066918994159295
0.20541619312610193,5.0848449903154025
0.20661099490052853,5.236859333206868
0.20117120289949242,5.091663514067235
0.2014045641057699,5.218816882457019
0.20043012351550207,5.28622171207588
0.2026042392387316,5.165708133419999
0.2051694844336179,5.206294558293178
0.2019030640707775,5.142773858739503
0.20413033569997419,5.086952134470506
0.20341133947109302,5.163532790502945
0.2012062206209996,5.050583388512143
0.2052938953282459,5.048105648047731
0.20119235539908864,5.250424685677111
0.20843039359691123,4.906492034054308
0.2008771073621589,5.319941864868245
0.20203138984263136,5.185202938012546
0.2004297679780895,5.402964028683688
0.20007092832832282,5.177117581647108
0.2045906155766325,5.289747793318367
0.2039440730816627,5.247262633714468
0.20964418240706983,4.946010515515031
0.20299784076730407,5.132674051220302
0.20367602618855618,5.173148536629821
0.2011539073225924,5.1477106928857195
0.20204250692695921,5.169053415887317
0.20243900093587303,5.157458035794084
0.20429022655755175,5.073531722858421
0.20631972706631718,5.076766129432927
0.20092197968121556,5.2592753194619855
0.20353570718085381,5.1606882681252015
0.20119979409870933,5.199115665580071
0.20441178465774268,4.995197174399819
0.2015564982451157,5.20083108687553
0.20281911370312808,5.074233011553489
0.2014105203638893,5.195990302779851
0.20045628786040035,5.307016387549312
0.20250019502636654,5.162964053542886
0.2134203529230677,4.980302255889528
0.20223953098134387,5.181591373159032
0.20064341342224778,5.080087356967017
0.2007175300910811,5.2270674667705155
0.2071713576686569,5.023890083736314
0.20445111854848091,5.18411883076728
0.2011327320507684,5.130879625403347
0.20115991304125755,5.173294017899189
0.20665305285952248,5.176243773110842
0.20361088527220542,5.136970921281089
0.2024740666492088,5.105738964903472
0.20036257516968856,5.3478698849016295
0.2035673009662171,5.242107555520351
0.20314552836462646,5.076002770972081
0.20402777456546697,5.124216189288972
0.20277026564456363,5.141730911207805
0.20058511307441304,5.24319192184413
0.20176179248074277,5.0330278963700525
0.2012405360378986,5.299230202947573
0.20132352870270184,5.222324302472142
0.20107979227634223,5.293178348892584
0.20468468342450605,5.117607319794633
0.20158802262165265,5.246576426815322
0.20065656964299572,5.287638478448676
0.20206926603588565,5.099232354808065
0.20014708502441905,5.264215013119858
0.20078865116313485,5.340129874090274
0.21104243169765266,5.041000959862126
0.2046091625301018,5.086017628746172
0.20001457135723366,5.272762105897797
0.2018851121297989,5.116968255687218
0.20191218289080923,5.23650926181027
0.20023870023688306,5.334786755932763
0.20555482570815262,5.112752153891
0.20111376862745725,5.199968533046897
0.20030495272910187,5.330795808457759
0.2018619031008845,5.243311284777051
0.20332229274661492,5.100112966230784
0.20017704946287987,5.275843494696561
0.20161339017271945,5.296268675681929
0.20027858226928702,5.207677911421205
0.21224876994692438,4.807360421003686
0.20233978777608644,5.114405797111285
0.20315742721639252,5.1715207293683125
0.20031103209890194,5.236657647535052
0.20163656080346376,5.177225975145761
0.20663379022215372,4.941328165740636
0.20025128262038377,5.328872073155241
0.20013413852782042,5.343696202809217
0.20196495030456604,5.0939680320242635
0.20088226225525996,5.242668523997815
0.2014206304213939,5.293314005783693
0.20147361204028078,5.252147954624992
0.20561844737629784,5.06122440196205
0.20229424053978842,5.187109696315401
0.20343571282513556,5.123042983500968
0.20036728186427016,5.169005457562058
0.20354109080715083,5.230935085398833
0.20162820070535445,5.243286335097165
0.2007504360346375,5.133007612546485
0.20005696935302386,5.188817115849411
0.20335299242475388,5.092181143797054
0.20203072185845142,5.221871466214289
0.201715756437107,5.236275785843924
0.20273018318029715,5.161768927657384
0.20486804255591343,5.034920166544893
0.2040018303623346,5.190523790733037
0.20801515952623412,4.927529660934191
0.20358965998046757,5.224361750061784
0.202417703671325,5.234697964205864
0.20122295791316247,5.252412928230737
0.20170353789976522,5.17225124136835
0.20047452596756488,5.248786201395859
0.20128146445492617,5.192398188392067
0.20028112594414169,5.133848826614447
0.20511240813451515,5.033561649961667
0.20171683654187586,5.1903362978626975
0.20020640861337063,5.360127683805392
0.20164884787371712,5.342462549310797
0.20347257735546487,5.026921452259347
0.20065983535493734,5.209394084289487
0.21244268615425044,4.853812833828111
0.205280505618038,4.969411306402852
0.20087255893440303,5.2648959500079595
0.20109452491911242,5.191374940174209
0.20111004875093016,5.259309193923551
0.20696819706848682,4.98597414251736
0.2055384568053154,5.044141254815982
0.20007848182265495,5.323848735496767
0.20538707259461467,5.031807618934955
0.20036774463785545,5.2309748793529955
0.20465552983151172,5.186142964848207
0.20018359907294112,5.317078839787878
0.20060481107842798,5.242332885003905
0.20090740836389362,5.118458725666407
0.20059487910652998,5.200950580066107
0.20350158323377318,5.1756616735334715
0.20078884471974134,5.216654478279135
0.20394083635279156,5.0544641850297145
0.2029439567990744,5.101622374064984
0.20175812755906605,5.206128156894018
0.207033369261467,5.060157163070539
0.20186294595087104,5.24880521079109
0.20186228457221903,5.232358130410111
0.2005953330473177,5.184540370988493
0.2057833882028729,5.050491146163283
0.20084336413342693,5.2301046895455965
0.20172395162996945,5.1495092770769295
0.20188066959268813,5.083468719936242
0.20297689307638608,5.228390134390754
0.20707223354137266,5.022756779546406
0.20193142037334758,5.134734993565409
0.20134267410587783,5.075744025409738
0.208328467694854,5.018232621541242
0.20157422442949957,5.06507182810031
0.20080250864440688,5.139084891429281
0.20112992882770078,5.158156459086109
0.20419129936157857,4.977886720213108
0.20827978153776902,5.013075229904739
0.20812806702754533,5.050628022155866
0.2022588728818492,5.262659151467078
0.20039749823990988,5.261031273653427
0.2022170982974226,5.200863561327114
0.2035805572056461,5.13673334730017
0.20020353073190497,5.18371473137184
0.2004189774532215,5.271606764138323
0.2005347013903263,5.171142700245951
0.20406469216496767,5.037566172832977
0.20270692233850274,5.157440287166373
0.20051915340768328,5.3263817633838855
0.20324583395518295,5.152204331553086
0.20286519454288326,5.174128035771768
0.2011993475522131,5.17947495486124
0.2008238345582453,5.359349880979534
0.20236900828471188,5.104055994959084
0.20007057550774232,5.153872184641299
0.20556186604119886,5.0688493601059825
0.20093699257712813,5.194292167478933
0.2022398957463633,5.292072978095907
0.20278117099663973,5.172611243977597
0.20090312377165778,5.142104504402662
0.2005316515990439,5.136751170007109
0.20765506851425394,5.059121957775674
0.202203694277425,5.044701652445633
0.2005645565591097,5.2510972190448735
0.2019053560304082,5.1202299926038135
0.20399900398809512,5.174277008062438
0.20175926185050788,5.210411093285919
0.20147141296834592,5.257267149707673
0.20297131365299326,5.141077561963775
0.20244640951305487,5.219865906538479
0.20378126078722195,5.348594090445267
0.2023308780513803,5.206883885490878
0.20186139672377043,5.237889470321875
0.20024335590552006,5.133404928156888
0.20239754653722175,5.16731803695064
0.2001421564504854,5.262181138682272
0.2023539722278373,5.046305777493467
0.20157998037434124,5.245524130151618
0.20050561319685303,5.203264489588545
0.2019898312144773,5.14925596584867
0.20113820001951363,5.195911624365073
0.20105178598737014,5.15827069263944
0.20235163544289783,5.22945405540237
0.20355824627646021,5.051305837962002
0.20241672141693307,5.204270584004967
0.2000903218010691,5.21773620000614
0.20242350369167375,5.362971307312135
0.2083869215884432,4.957962576996036
0.20839306906508448,4.89395997828173
0.20150360507719733,5.0879579963842545
0.2003627179523518,5.20959098281278
0.20196083788817162,5.132135902074305
0.20183674224994388,5.135478884765698
0.20063571435533314,5.279314021781075
0.20348532991390833,5.228292761882242
0.20023949064210647,5.275915943358933
0.20057862714160316,5.1170169187488685
0.20013168320927682,5.31637357109388
0.2018415702831338,5.232687353062634
0.20663665449928972,5.015297005179478
0.20040610122631342,5.077284300875066
0.20618507417958074,4.918655644958568
0.20826142267402548,5.064674750098957
0.20220132170588068,5.223632925679115
0.2009114877121676,5.358813251586479
0.20156642253963053,5.207598739060594
0.20461697694611602,5.240563774107838
0.20311706971030918,5.157403280302855
0.20065752586829708,5.253952025884788
0.20101843749338114,5.143325894818968
0.20114022895815123,5.253026834970101
0.20102802380589765,5.249358089990765
0.2048770396323822,5.124004719624037
0.20187664796408628,5.15161959188672
0.20033269582730284,5.2789536023443535
0.20217771482148167,5.124322505005322
0.2010209999110942,5.285910610920015
0.20910367977245792,4.990532741968072
0.20987839149432058,4.98780020297675
0.20297294991900774,5.201272406122739
0.2028984393550987,5.093591996158364
0.2015792196416144,5.19157965999361
0.20086828924756653,5.2025567488604025
0.2018436828023527,5.295448942218433
0.20535159692883911,5.147822640355452
0.20518563462269598,4.9383920172508065
0.20145836754109422,5.257336794015277
0.20005634719230558,5.235279616087555
0.20276606148722054,5.141449390760044
0.20071070859577503,5.2014191877760245
0.20291659520890531,5.252428806380749
0.20374398034257538,5.130049639320194
0.20479370648806888,5.140429141787065
0.20064304826157267,5.2369031480722565
0.20102868507764776,5.214419691881792
0.20084446931833705,5.176277316712916
0.20651052797824063,5.006893807398836
0.20007898405810187,5.1287834667604
0.20368041048754884,5.155694915289595
0.20154740422790654,5.209325402710768
0.2009676520977257,5.243857739483597
0.20062701139612474,5.281744479429581
0.20162330817952526,5.181303500139571
0.20187116283546713,5.066840375731001
0.2046036042743751,5.079324035295289
0.20130820139754352,5.186929968636752
0.20123815371970982,5.3127230200842055
0.20229575814981648,5.034886960985277
0.20252699558554382,5.082425495044064
0.20067735733575975,5.245706816761606
0.2029353732654125,5.235271831944751
0.20020640861337063,5.360127683805392
0.202752681048545,5.194233024196916
0.20051844184346582,5.183374823364642
0.2005124158539083,5.048133485153749
0.2034863783981454,5.212185119443122
0.20014565335954765,5.255420512306794
0.20680096126077754,5.165318425632092
0.20090560890465498,5.151303631994438
0.20266018220404175,5.2819482940418965
0.20055126534038759,5.358844496931731
0.204880898714631,5.148044783092823
0.20776009294699802,5.092074395152448
0.20019420244380678,5.277909257353944
0.20078036787391887,5.207581458850224
0.20233838685621125,5.1613510631118995
0.20056916715411627,5.280694589053116
0.20002383943296312,5.19603241359266
0.20156268922936726,5.2252662757333646
0.2055511695275078,5.124662662606727
0.20042769283372763,5.235410716029053
0.20170338880717315,5.126633165137846
0.20062695664036354,5.125278927486635
0.20252521420979228,5.130482906667138
0.2001413098875805,5.211302650639256
0.20195886077789435,5.1453858045986305
0.20037103056034913,5.172297102286273
0.20083519970171626,5.221184023503428
0.201506066656318,5.117550797477368
0.2043166684045577,5.132196290790462
0.2005826557926499,5.339117711308998
0.2084701095486048,4.94639618115962
0.20058289261991752,5.2652867436779776
0.20094672267260405,5.345476491837046
0.2015574457822168,5.349364253243429
0.20043389646884804,5.2197919030403535
0.210943210988194,4.8937028749550775
0.20022572088166177,5.231891586175857
0.2008471552288105,5.18403768813329
0.201366613761277,5.168176359471619
0.20308386123277217,5.154926659947545
0.20282463868693162,5.134043561269016
0.20593976444371864,5.059959440306854
0.20037237884081321,5.320514600700552
0.20502308410579842,5.078256125950146
0.2020315755024209,5.103702750346071
0.21034668897035588,5.011009310121567
0.20107096713219283,5.331204082210267
0.20128726404724567,5.274724603020375
0.2002936043007024,5.202705557866578
0.20084605870203387,5.240866465828044
0.20033373831699947,5.210258697129406
0.2012253600470009,5.109905716229521
0.20222913377023155,5.2369584289446145
0.20471941611713776,5.214344141723323
0.20058180432981954,5.309958410048407
0.2008001029084583,5.060644541718555
0.20212682872117846,5.2542817190210505
0.20301310711172096,5.078912339935351
0.20225698962335856,5.184258907658728
0.20043353555631846,5.211385023985925
0.2005399077483469,5.2469175940015855
0.20061618903819609,5.246907854356712
0.20053178219105466,5.356849225792018
0.20456058816416264,5.0932669997456825
0.20063149154400514,5.26110392158701
0.2030044106256093,5.246404236508887
0.20049912898478486,5.28904689709201
0.204098940757825,5.075327062882952
0.20516648982874666,5.085930340605857
0.20010877488294404,5.228583719609767
0.20112043111970787,5.119278286565732
0.20076641850550297,5.202698428759761
0.2012015689466877,5.22376644518216
0.20258255473315398,5.090300290344949
0.20336921055475596,5.133025084873143
0.2036487772561268,5.176862623946028
0.20405199794746465,5.158614336416466
0.20283985983057692,5.161968675893307
0.20501022335878694,5.208679321620414
0.20681005143845027,5.203976400386185
0.20076613955656808,5.156730308990996
0.20178723738805374,5.197750803731721
0.20172761725873364,5.225234029489777
0.2016653384037589,5.257552963388543
0.20085614975364738,5.1198215782021395
0.20395629229421564,5.122351269498399
0.2003718267415055,5.228870317186038
0.20213944475549553,5.077693876945486
0.20358696623912612,5.190584759411617
0.2003376445056403,5.191577214729008
0.20239370274470464,5.408510135200037
0.20569309905251293,5.0627530810605474
0.20174524874185254,5.151973769299365
0.2059751100061293,5.165446981083582
0.20061708203358347,5.263086057622393
0.20090337081410808,5.266127200703182
0.20027257708722174,5.06581917083179
0.2005513812227923,5.18354773488372
0.20292604619935145,5.2597159162899345
0.2004285867875054,5.176815115459047
0.2042353752339766,5.033699312230938
0.20185315242117063,5.142940702879305
0.2033999159592532,5.112746391320463
0.20056977884004867,5.096694172513393
0.20090127528638677,5.099694183413921
0.2017834094250342,5.177510618831364
0.20260428646612771,5.150958247398816
0.20892868194941502,4.897003750805279
0.20098108372475126,5.172024294392553
0.20047022027814776,5.1973399833446345
0.2006708632094933,5.169330179193033
0.2013357146355887,5.1143704963790215
0.20759799956076128,4.981163497175946
0.20235316514136611,5.128943729023322
0.20182831212059535,5.046717239639787
0.20002057424444183,5.158159008928099
0.20601839869044564,5.103660752091071
0.20813100118253802,4.995179462885005
0.20226200916440237,5.3346023221689745
0.20277635028017493,5.290552267452131
0.20222612072609028,5.050253175594232
0.20008762255181894,5.231974390646603
0.20026864447537657,5.189227903042545
0.20100567722159798,5.170106966564732
0.20042273313976378,5.090778549105344
0.2005176964238825,5.328057806219378
0.20150974466881932,5.253694905730289
0.2004827991245586,5.275527566926605
0.20135346583725242,5.263511673165682
0.2001145850742008,5.237008585767195
0.20038652629775083,5.291121663853867
0.20708879533715574,4.970079710867015
0.20146703869437554,5.327406382956291
0.2014314221983163,5.264662907434979
0.20526247370717196,4.986148502261852
0.20068600892481112,5.157990644318768
0.20076095514522757,5.191492410223782
0.20596858467397172,5.017129608648556
0.2003269357867575,5.27856063974511
0.20474076251824314,5.135457794187381
0.20182801992947808,5.337912096537253
0.2045642494623975,5.061434180489718
0.20001864026433297,5.272617679513105
0.20199542044407912,5.218471107274344
0.20231324224124414,5.19377213776229
0.20186652934528637,5.137538508190863
0.20159690365292238,5.145218629929625
0.20045199909509603,5.175087808886435
0.20136059419418806,5.143246682260223
0.20966746573176445,4.926494142493681
0.20463446341039057,5.1194477011883155
0.20051166713012608,5.120306522205412
0.2008525746323964,5.333666604523139
0.20102987323344745,5.1306972484069915
0.2096375439794104,5.117102270532677
0.2002810493312109,5.07011271261946
0.20055560355100047,5.190062221238216
0.20777653815755373,4.9884827408061465
0.20133775125220563,5.310422934096696
0.20386199155004037,5.276613440692796
0.2000250768038839,5.220823959784569
0.20329563368554587,4.9768822770435275
0.20198497349889524,5.116452224890951
0.20362057890231658,5.1138498367806395
0.20347440184719984,5.056730953783933
0.20246503626698828,5.075987730181548
0.2013385961927578,5.020820531350833
0.2003635116076964,5.206978438137373
0.20030252298690232,5.143533387460506
0.20280903779368653,5.099440483065041
0.200993958422974,5.230970095746844
0.20502514677371037,5.0870469598118095
0.2023030570804057,5.078431627269168
0.20021183992314226,5.208409923719874
0.20136944549427396,5.2432206394822565
0.20357915223361983,5.116304448852502
0.2072633487833241,5.001218188472818
0.2020440392506489,5.2283811642520295
0.20240071162331175,5.2327218430499185
0.20233915742420724,5.177350710933886
0.2058715970474812,5.126233406866018
0.20564115507572886,5.164757538820347
0.20674864431031728,5.116658842062739
0.20159222754492678,5.195205536135778
0.20001405322838664,5.300755645201286
0.20083890085877834,5.168740042658556
0.20404707398268873,5.20460280408265
0.20125048428474718,5.08460479330382
0.20072983386506046,5.242236132313389
0.2027055509971107,5.086133251838759
0.201519375416644,5.127063672873927
0.20010734870449223,5.40357125765218
0.20106514463429134,5.129490339945538
0.20026467631636083,5.194830819724514
0.2012562199797209,5.216172452933132
0.2024291366895076,5.143378061648892
0.2029166731087515,5.215352049551783
0.20264352987768955,5.029577793733058
0.20231908570497878,5.1473608653403025
0.20083304936243504,5.123415805011334
0.20423909313332658,4.918058101938352
0.20127482434256497,5.121292298708818
0.20160151530814657,5.2493691610575075
0.20573202773780133,4.968737498037132
0.20095311486763487,5.18036096188288
0.20359590089104113,5.0871865196195545
0.20283504099180244,5.211996708338106
0.2013244324358054,5.114186962433016
0.20490515117510746,5.039695000035736
0.20257245050309988,5.230723081346498
0.2045121109080565,5.185761497767053
0.20655526170410987,4.891384816911318
0.20102491040957957,5.201557318189207
0.20495447899254834,5.080551830097055
0.20108636393320425,5.156760875312141
0.2041545386457563,5.122984635889775
0.20142657690750618,5.163854250752641
0.2026140863547129,5.256750493101063
0.20000195640105115,5.24776477643534
0.21263774954078868,4.84702447217448
0.20068176386605277,5.171355453470614
0.2082664996873474,4.979017420581785
0.20225566519921087,5.182851197377064
0.20377778409239047,4.962380645477294
0.20400854642114397,5.184992410341503
0.20072983386506046,5.242236132313389
0.20220888627270325,5.047172964725826
0.20759919485698053,5.106635869399557
0.20148829540935093,5.177206246396784
0.20050261943695966,5.259164914510379
0.20972080895315953,5.030611378451022
0.20092843073966246,5.245357307612875
0.20027656228069657,5.235397367754156
0.2071502178990361,5.134022768427358
0.20038709384229927,5.357312623656846
0.2007556435922309,5.321893743874491
0.20076939062955884,5.290164804020884
0.20022647850087735,5.054238507547115
0.20417104922068577,5.001164395417963
0.20881721729044284,5.001316284464981
0.2007666135536275,5.273433928108193
0.2017335297510784,5.081432899034646
0.2012580603115427,5.256868346833375
0.2010936159488276,5.24926382588091
0.20274978585233033,5.217619610596095
0.20308251374075886,5.10447540769323
0.20528146324597396,5.071546151029503
0.2007296264857788,5.072496161813259
0.201486974097342,5.171646906585963
0.20364303252404597,5.017163481818011
0.20220759658194554,5.2322474550757345
0.2008843649747317,5.1798360898026425
0.20109474436528604,5.251527037093695
0.20031819812616922,5.319954679705418
0.20036596024083633,5.3275106396922745
0.20111913950536064,5.138130451230455
0.20110623122937243,5.247498618268488
0.2004543869292195,5.278634722061157
0.2011169432762291,5.178708149807493
0.2004985659326236,5.095627016937026
0.20199411009818416,5.184777268454221
0.2031342732165934,5.068638253567448
0.2019880633557959,5.269359471746376
0.20326080749065983,5.277302910939556
0.2070246041355091,5.06045238675541
0.20017143368497375,5.312361955736612
0.20073588957813673,5.230877510225784
0.2016661175457461,5.137961367506459
0.2013116748215576,5.205857987868762
0.20133976004158657,5.198973919298109
0.2016752589055732,5.177982577673685
0.2006319820989395,5.276705651247951
0.20287590630315866,5.138989471517667
0.2000327142473663,5.251022259122934
0.20076977508906688,5.263317340114851
0.20112320083720675,5.1601743937268125
0.20094979677827304,5.236887551200433
0.20225448115373812,5.24370234071901
0.20148328700510473,5.1163043498837935
0.2022588728818492,5.262659151467078
0.20000868845780032,5.283458711688871
0.20489380969258109,4.96929642242683
0.20253626086509652,5.343287511312507
0.2019598186541159,5.104268612287222
0.2008112377930087,5.169905091546924
0.20137051514356344,5.2601304598726815
0.20061078679435718,5.289300162886052
0.20260647704208415,5.190663038631954
0.2010342658908746,5.230207064765759
0.2017487580994386,5.229088971411354
0.20166669723612754,5.317898030347048
0.20244533485915286,5.073587003370304
0.20001706152930832,5.3392834726142455
0.2001034106056062,5.213049220908191
0.20025323543053386,5.2796784408392
0.20618178188218364,4.99548350727884
0.2025961162580425,5.139213945625977
0.20088889030829463,5.191270398744394
0.20197544782407734,5.266305905531947
0.20591627984656719,4.954239261317298
0.20078073521670847,5.300154888498169
0.20391074580681026,5.08881469610532
0.20223343007455605,5.192298059928541
0.20108182010557832,5.137511518987295
0.2010555920730207,5.140960079657019
0.2004488750094116,5.25216674731757
0.2050082238474432,5.125011379081729
0.20040698197882198,5.31173532939628
0.20247295615100042,5.279451707049602
0.20411209265850752,5.072015841439168
0.20151661050112518,5.120518278643115
0.20630497219023688,5.021546130151121
0.20340084130210162,5.178901660545399
0.20253626086509652,5.343287511312507
0.20198831314217267,5.156672877697996
0.20246126632728415,5.209417784822506
0.20085614605696006,5.2092659284562135
0.20151270266164206,5.204864640414376
0.20314824408055246,5.1122924273581365
0.20213765825556715,5.122539213525638
0.20185886250336443,5.255648195185938
0.2069303839497204,4.912638260515878
0.20032317467971583,5.271820982056305
0.20365811952109222,5.08664166935111
0.20059570580515074,5.171446974483616
0.200938604256295,5.25180815269173
0.2000636719586821,5.209356569138676
0.20100390172183125,5.178239845360444
0.2023219941725038,5.133641353607379
0.20148879880296164,5.102022073319547
0.2018032484351107,5.203099426379826
0.2125419899510201,4.807992918692562
0.20649296060568445,4.9302856408183855
0.20053574486628553,5.28846470093009
0.20447835114603594,5.0193884406818094
0.2039041027748288,4.998734785389105
0.20236285322103087,5.2053371845749
0.20807106861029376,5.009484507541036
0.2018184253280974,5.218078206514473
0.20107439227711285,5.174880945763608
0.20035670490422222,5.108856799684371
0.20014230657462204,5.266388313528471
0.20028021311916314,5.262836504341374
0.20187565980520367,5.212226295085375
0.20094918344402588,5.145294183607333
0.20041984681770764,4.989768611883724
0.20057693386037803,5.1784273037245585
0.21380556322589966,4.988932681189364
0.20133670785389723,5.210395550725301
0.20072824550332363,5.280193959077663
0.20056316468010132,5.363797027489007
0.20263285017203891,5.196784394054267
0.20014409347794776,5.2209723499590135
0.2077363693284578,4.906139943305754
0.20133670785389723,5.210395550725301
0.20018359937498967,5.287393433145125
0.20074007136968683,5.070824863380321
0.20087903967891957,5.125481126467748
0.20015890324656233,5.219594812223896
0.20038131625287275,5.123259113097177
0.20048103226791694,5.21394302635928
0.2013046642827954,5.260235469212412
0.20098483814957627,5.220018848705914
0.20537058644601563,5.044116142440557
0.20009516775291664,5.217193172221109
0.20102505877645285,5.1472164419198005
0.20163467336365024,5.121810832532863
0.20181927049132842,5.246597770701262
0.20253827833160665,5.002419916415674
0.2006121505866776,5.248321558152097
0.20073473295189143,5.255398566500665
0.20036936307902867,5.175821933912668
0.2000016209837396,5.187702192379867
0.2039257505759421,5.253148827996774
0.20331415663181523,5.0759447914144085
0.200300322068033,5.189442874453312
0.2017625665827645,5.149686790808883
0.20201348586783607,5.186087596669539
0.20028407086021763,5.3224632907247615
0.20822831326963123,4.982796309165032
0.2026181858555921,5.076601882828935
0.20142961573749665,5.4000325498271
0.2048898014032948,5.071083123208189
0.20168338246595222,5.232979145593151
0.20100770733973988,5.186087212061695
0.20086467059652438,5.1509183674416965
0.200358665247141,5.290395882909564
0.2006321447620109,5.193874513976892
0.2006543631380855,5.220123709309908
0.20306046282654427,5.105444707033524
0.2030539869430798,5.064813629034107
0.2010295267389057,5.284062248554278
0.20117887092377165,5.225120699732297
0.20910185249945698,4.882845845474933
0.2001355175649142,5.184135508584218
0.20604272422330333,4.986421114353517
0.20643233822241638,5.093897103523458
0.20473236449328977,5.024706821541222
0.2072818884934218,5.089683316606345
0.20113397863330118,5.214599373272181
0.2010806502933878,5.356843541675613
0.2011793775360169,5.278912702415235
0.20083173925075393,5.099066505404683
0.2012621783323078,5.225445189980748
0.20046442084169966,5.177548148365253
0.20016879340731566,5.309506962216956
0.20821115358930162,4.894222617314334
0.2005344260714328,5.257829825700358
0.2033084503768001,5.168437290948726
0.2048040394774273,5.149126661407331
0.20084495697408883,5.204741547983352
0.2009522787900172,5.1439588505497795
0.201633366125256,5.33933448488103
0.20318652133284165,5.097152019662359
0.20202173896379969,5.217801362965345
0.20024414368913174,5.122949143141875
0.20075863496653065,5.2526574934658665
0.20184914961033942,5.36376143927641
0.20143063257177382,5.08508338510442
0.2109102634429119,5.0473578936802665
0.20199231269841922,5.132631205962881
0.20630497219023688,5.021546130151121
0.2019763980277858,5.045255634966139
0.20396281249640583,5.021876657386293
0.20001244495945283,5.172765077250398
0.2004646015574139,5.190650618602145
0.2008352682207613,5.179684446554508
0.20290659365331448,5.0978533273921025
0.20228972632376577,5.235048992466953
0.20148247467449237,4.980832993816288
0.20442251159248936,5.058659570488162
0.20238359096096006,5.420710457302357
0.20332921270514628,5.09946519671232
0.20015408312022315,5.200030259203307
0.20046571219966403,5.268902945916997
0.20523262247361834,5.035221765995475
0.20334681642722935,5.0608925402726435
0.20132318137256142,5.186668362624149
0.2000435621027831,5.268095372120294
0.2028333298139471,5.1041759510972025
0.20304069488669357,5.126693497121705
0.203489569313021,5.1635146832953795
0.20704248252463894,5.141703931641976
0.20077317094308084,5.158163033956955
0.20083518127249875,5.158727196890532
0.20212833291401922,5.167071594800869
0.2026476620385676,5.119719451957992
0.20119619906486105,5.277888201666248
0.20916301409716714,5.041264202110075
0.21004735018012133,4.987744184949479
0.20834596054438193,4.873386678968263
0.20112971322591378,5.068020267194773
0.20452985625116832,5.099098746624196
0.20091066697908372,5.168025202469941
0.2061551965191237,5.211838688503173
0.2036992595959579,5.0069238400081
0.20257847593517017,5.152941578758011
0.20518072134147722,5.123211589989577
0.20010661089509738,5.375758236879585
0.208540739588684,5.024181181623801
0.20171227006653783,4.986855189181704
0.20125170107697468,5.361012307091047
0.2000518931709505,5.297493144465593
0.2021892440975954,5.012381103999728
0.20389433650746164,5.097048077268372
0.20793246743363564,5.004098425336846
0.20088336120335232,5.203162081250732
0.2024848380773164,5.054646482257813
0.20331851507058704,5.1364599805515585
0.2116737604841125,5.03743690426404
0.20221635321877837,5.13519887418045
0.20556840379431246,5.040899543497425
0.2024113647115206,5.1661066767505615
0.20437256143673996,5.15591551809565
0.20284106854322953,5.207055413119515
0.21130666429553768,4.870605635786719
0.20083943188249465,5.07595699684928
0.21064506282971615,5.0132315104700025
0.20425628798487291,5.157501713914533
0.20495041073789289,5.192306252808505
0.20013815328302706,5.241672398882034
0.20036630040595457,5.226364002453438
0.20214195344527466,5.22833082913043
0.20893451248843897,4.906000225571911
0.20038726405301305,5.261943231577078
0.20093944286347923,5.3253457920144305
0.20376605516686006,5.081036299085688
0.20325157174116237,5.262832275816473
0.20033569493275666,5.192007860378925
0.2002755981915965,5.171647558492102
0.20189130909779696,5.204937559256007
0.21104253505565262,4.967529650534638
0.20159055158773523,5.239854965244822
0.20054488374870016,5.228346320575495
0.20512814440851007,5.177674616985133
0.2004714555725763,5.322611796446178
0.20037432048573184,5.235043557703378
0.2001171524808355,5.278716200409639
0.2025763978281415,5.2539862841336715
0.2001568487599836,5.222173785033345
0.20017920689583363,5.1036707042017095
0.20132892623112766,5.290834284823528
0.20265966822062884,5.16586512027141
0.2019379131256224,5.165515526344863
0.2026239632701992,5.148115785873276
0.20010904237099214,5.080947475097885
0.20353724283043967,5.051926288484069
0.20055440411015404,5.2053787050968925
0.2015472838270977,5.141795397400641
0.2008525746323964,5.333666604523139
0.20416777611210407,5.261175853709597
0.2027605984929699,5.110012125066464
0.2022457788480087,5.249238006167537
0.20034270613141145,5.142017734631733
0.20212577842114063,5.147137543817863
0.20027928513753207,5.285985735171846
0.2023677133338511,5.178473143358788
0.20045367285625404,5.25212905092615
0.20139639026776782,5.345363733336808
0.20386115964688045,5.188482253222758
0.20378403884166246,5.047853458056474
0.20504792507067854,5.003441256310071
0.20385590254032143,5.131921776987237
0.2008741137144556,5.107304972198519
0.20000909134221628,5.050442012744973
0.2001887440808711,5.248092835112266
0.2136439803175093,4.843477508808027
0.20173646740272058,5.115242986645476
0.20191219098321014,5.181956417025527
0.20587579948200055,5.01874384244373
0.20099068121943234,5.329861059578353
0.2062160686078416,5.022086735068361
0.20224827511236368,5.22457000604557
0.20075111820575156,5.247719186734295
0.2024303056299188,5.099829303446688
0.2009115673843181,5.132793920251843
0.20153959757164727,5.069027522867663
0.20237117156546164,5.1035651814991905
0.20334202046972075,5.177666073001079
0.20050023189064078,5.267023409037166
0.2026632223060106,5.238262363209969
0.20198622082404732,5.3384502889364285
0.20015315700210945,5.202055547266747
0.2006812812020863,5.232597663917689
0.20722677120236138,4.955187782954176
0.20037245084630181,5.123996056764577
0.2040588467529763,4.9658034108003415
0.20009630092206895,5.247925854771832
0.20323292180005098,5.188961456387531
0.2020911997705489,5.086806506765376
0.20697858333844954,5.1006190820241235
0.2061626898703364,4.928750117709428
0.2035109418881916,5.101889522362019
0.20036821487999273,5.171108299679374
0.2020640407312318,5.2060505380688165
0.20251101538841132,5.275532035298527
0.20191041093808088,5.188284679149301
0.2057297857125621,4.98457576977192
0.20061745259856195,5.155150590927085
0.20067499540934283,5.1878667224490975
0.2011225796411343,5.264559143872898
0.20009374293658302,5.194970823725494
0.20017012128090522,5.1848013134722954
0.20161717846694993,5.15153452535439
0.20192631985460036,5.165407023076079
0.2020101114874024,5.190331341901678
0.2037933797862658,5.166924591699221
0.20176069262265817,5.136386560817731
0.20474760525950883,5.109488242658413
0.20006455498309716,5.267129174073257
0.20002998518538392,5.126905764466015
0.20025254491121236,5.303824175474792
0.20088825571932514,5.2261237698429195
0.20547496990008804,4.888175937403664
0.20289923732409426,5.052618884833634
0.20219185160406986,5.095732313115859
0.20388174090541653,4.96897905265383
0.2069720731028346,5.216050090220217
0.20085719675066624,5.187309077496732
0.20344078867390136,5.093302177563108
0.20151551123110314,5.205529541879123
0.2004626939018453,5.268201108259748
0.2028014925299327,5.016954622809076
0.20345895648891862,5.131561904733721
0.20053658347723674,5.19477037960259
0.20023660186909942,5.048155175132553
0.20882251675724828,4.958886996749722
0.2017156716785036,5.187099608431446
0.20341406995075606,5.187578832327544
0.2015161414177652,5.221481191008836
0.20203738864034324,5.311019618088305
0.20380892699352368,5.21589253299006
0.2000000864660821,5.247530837269795
0.20256116548309047,5.273233022514443
0.20334757407658668,5.122762862325468
0.20028610268059982,5.237383964555721
0.20027513564673563,5.376955736445168
0.20035292899740093,5.0897918729727545
0.2054428106367817,5.264140215699443
0.20414777541222567,5.037886160633599
0.20106522847136427,5.141343739930899
0.2003880083575079,5.299157038992613
0.2007057209521855,5.209032779211969
0.20092226379723876,5.091473990069521
0.20210955577470008,5.10064008857021
0.20249860106076076,5.012959555007825
0.20007562599569295,5.24188152181865
0.2016126836377174,5.240694711010791
0.2000099191794283,5.240457670426894
0.20077908463305327,5.2547116919962
0.20819709520644594,4.9783546525796725
0.20049510875258444,5.198449463977562
0.2018995701800882,5.0432247537097
0.20453687628997713,5.100927482256713
0.20411396841160906,5.077672921414159
0.20181120241592235,5.264259918089397
0.20011500730265827,5.501346031835018
0.20225541964974414,5.305908409134149
0.20012534617206165,5.249369957616619
0.20321809636042515,5.06057742228364
0.20436675259692924,5.116764151937723
0.2001744783124162,5.105193307634934
0.20254322637058617,5.114324898393515
0.20404712615399098,5.122272665681445
0.2002466696909568,5.230319885154212
0.2023872417260242,5.098941055382636
0.20163154981716858,5.172671037085342
0.20033828538486537,5.305033437773449
0.20186614857288424,5.203154236277723
0.2087764152528563,4.93549914208264
0.20199199576174637,5.177442810682039
0.20085185409612974,5.271812944164474
0.20742653507571868,5.120734629459764
0.20322597198771067,5.193546449295197
0.20077803649204085,5.26669594234914
0.20214178841694852,5.237575251275696
0.20112678528116618,5.2835739814138165
0.20052530542785563,5.271685941937557
0.20127270472830436,5.185559726456077
0.20017573567139307,5.406562679328769
0.20008544621593838,5.241593598653132
0.2055013307787072,5.116434439700228
0.20414809777932577,5.097071493031653
0.20405369319264877,5.150771615265091
0.20489110114084993,5.13767024134953
0.20114780421895836,5.162538578866255
0.20053655577789803,5.033918750895675
0.2006363240867191,5.204551813602638
0.20011492083427423,5.3099521313340174
0.2102746461417211,4.937869884467568
0.2032050656460873,5.204784341697984
0.20220815864975383,5.232942150270771
0.2000574027264512,5.3403721947707705
0.20472797839892645,5.155053702615406
0.20022189588411535,5.244207849045814
0.20567725923671207,5.076227080178904
0.2003666569182168,5.2710881336051125
0.20005307387217477,5.242620102086258
0.20062147543478764,5.344552901963015
0.204526304089086,5.074505336432153
0.20390613119565254,5.264254575592811
0.20724650420856464,4.91397011320374
0.20197482693199936,5.1344442247968205
0.20315042195094024,5.206061940220208
0.20804445668844934,5.1010219505661185
0.20172284583216388,5.2774590737128975
0.20479275995712679,5.067090056831143
0.2000947217951398,5.081559163226032
0.20341406995075606,5.187578832327544
0.20314496733250761,5.202576674200558
0.2032905552225681,5.105164131806629
0.20069415447586442,5.289476818901985
0.204300718843535,5.095580530682249
0.20256403235569367,5.189770035164877
0.20522417978994545,5.270189193325647
0.20343491855685003,5.2761508089859745
0.20481644562695409,5.035404285103707
0.20062550094600254,5.127752429019088
0.2016754204100201,5.2555582614983765
0.20594256149193146,5.202004345568597
0.2001008600512765,5.240929103776052
0.20088960997099886,5.170203641171666
0.20205776049949847,5.223667201348012
0.2002127907418116,5.24397678994215
0.20318783428534887,5.094166319995773
0.20017515974698036,5.176873887300324
0.2011314599229459,5.084745019384634
0.20622725731968186,5.018189322078097
0.20076235288058134,5.018779632187269
0.2000995030781371,5.3397534972089
0.20051872205781793,5.236284539389496
0.20079085624058365,5.248515452522652
0.2058612864833586,5.133547132178388
0.20169173402573287,5.233929823092845
0.20011253772276044,5.047351359894776
0.20378896823402218,5.145016401146788
0.2027618886242132,5.1597917370521635
0.200578105746606,5.04866484705888
0.20545625914342838,5.119112306342752
0.20161088959176734,5.235146695142407
0.20429074968096755,5.003412303212972
0.20285493232347881,5.081604754067876
0.20018150374098476,5.288338286301097
0.20627943101399826,4.996994216734397
0.20471163383956914,5.129608018957276
0.20685366790514628,4.9808188873153245
0.20018820922545807,5.337844430686884
0.2013889774991185,5.2069720936200925
0.20067837051028195,5.425552561142145
0.20217427319425707,5.300450814181495
0.20009108587132446,5.274230557550073
0.20567725923671207,5.076227080178904
0.20991995690118698,4.979978851039405
0.20090204145646304,5.282457439083238
0.2031251111196593,5.20770504329232
0.20166193317346143,5.20856306090129
0.20026705364368902,5.212135483268806
0.20703317184176795,5.0640116479702195
0.20075971384884742,5.222428250501565
0.2069342334477179,5.075322232700465
0.20013036076498578,5.2968190513503455
0.20482726117710057,5.003253263084403
0.20000160953563692,5.127834824729366
0.20207114936426035,5.154928117471262
0.20131549208202276,5.191405121013859
0.20655376511566695,5.081310613755304
0.20003275801440176,5.266011034134873
0.2056811990682185,5.139649161557864
0.20295957427583589,5.231899106662449
0.20072285872489914,5.316870838122267
0.20006624729416436,5.1934870904213515
0.2012015689466877,5.22376644518216
0.2028219385597997,5.195373641456938
0.20025989079693168,5.251296527148142
0.20520955506599545,5.049791039894994
0.2029543263306547,5.134900814476164
0.20061418592954974,5.281510720462972
0.2026736978332096,5.128197785276131
0.20013581131454944,5.245087078805102
0.20060606139464357,5.209576491984302
0.20279649755681817,5.186397884510347
0.20168017706292332,5.223077916861015
0.20613779456539555,5.14946276619761
0.20366790258738607,5.112339114774758
0.20007762330738327,5.317676309896655
0.20250453571160673,5.1609922477997765
0.20463509204647307,5.06148996166564
0.20087476586132896,5.193174330993019
0.2021120899549925,5.0812544958823525
0.20488291789057014,5.055406932173107
0.20012817892513635,5.157968136567458
0.20235719708061253,5.038774477739735
0.20321523764981694,5.146229788280168
0.20087852685288918,5.38733492841642
0.20314448996477208,5.115938219047179
0.2067804359490015,5.024554725135488
0.20000100873741183,5.222010314740122
0.2014472593450129,5.112511916629773
0.20131404941832637,5.2207549935814725
0.2068820619667143,4.983128812985768
0.20144389120472925,5.146961694478493
0.2030735612195013,5.151459290432205
0.2032126608031646,5.128664594933818
0.20157712092125196,5.112155266109241
0.20811983997748662,4.9791740634065444
0.2027086110351629,5.218995953377858
0.20186806822680836,5.054614919721908
0.20106411006369065,5.101633452848393
0.2014137719929476,5.216017235652344
0.20825920670280085,5.023049329295951
0.20137951312913913,5.194890369099833
0.2005976528446076,5.185720197415793
0.20001546616889113,5.275979485202086
0.2010285538763821,5.135834815690898
0.2025601932352075,5.222237709373605
0.21006699876744225,4.984516464539504
0.2014767869555913,5.279747882369105
0.20220319474134282,5.231039255657647
0.20136059419418806,5.143246682260223
0.20089902809740467,5.256205669699194
0.20208032913222534,5.170727006691138
0.20205448495759354,5.278366251990446
0.21321521559546053,4.797333910190589
0.20105204060332565,5.2618066814299045
0.20054728990256948,5.108321308614572
0.20032622740547928,5.131546002450465
0.20422328665403866,5.132056336155476
0.20142328362928258,5.19525464428314
0.20036941289392204,5.179597231178519
0.2015952582852133,5.268557002200345
0.20322602328909656,5.0372891884133235
0.2005578483845555,5.261599516748939
0.20021422539150427,5.263325408483441
0.20164118605882336,5.116659154008134
0.20015923293027127,5.013378662096691
0.20364861968066633,5.249494071363652
0.2028269892471756,5.312203498144469
0.2075298982822875,5.024059070652816
0.20055119142217073,5.222687526031379
0.20066159606157793,5.210726320834107
0.20420904628912318,5.0019610605491724
0.20058827271877286,5.130286668601781
0.20101572310601729,5.122198082495977
0.20086189489807196,5.217108295718369
0.2018086647399216,5.224406597142481
0.20196666887762624,5.229003356906946
0.20611262373793113,5.10787079366308
0.20113393143264532,5.185620352718676
0.20801845397614005,5.10117429159003
0.20011308715514195,5.244431831688893
0.20002772658831994,5.200086606458374
0.20468818081750992,5.08705544204096
0.2012555957173292,5.1114780548478125
0.20017029622536586,5.3075426680094555
0.2010670284220127,5.259284433311773
0.20777822615494193,5.0388075149903875
0.20835013599145594,4.883047475166753
0.2040392850003591,5.208200940467749
0.20154138968373797,5.086150552312172
0.2018047195143187,5.106358838585386
0.20067668690165658,5.2935528399805065
0.20023949064210647,5.275915943358933
0.20244177180166137,5.195170503441787
0.20417871527002132,5.13643188765584
0.20574899630843685,4.985297286981085
0.20285556262829801,5.238429986065672
0.20311068929510395,5.094552722336482
0.2075909973871919,5.113263751817584
0.203830258425717,5.200904160662301
0.2028965101445368,5.033109682669782
0.20068063442972844,5.173286324855771
0.2029752512920451,5.194677347049814
0.2113578621088722,4.920328705654071
0.20590737101237358,4.9391549678037965
0.2111234893026307,4.884812133021189
0.20436666966074649,5.031145858285496
0.20030320409012778,5.20096720986136
0.20252584397485363,5.235697588813573
0.20394087105149594,5.17364343365235
0.2021860528130481,5.261273014146932
0.20372547404034158,5.154295588152105
0.20283517660940417,5.2252726767994275
0.20114214863691462,5.315050686689392
0.2001531798399399,5.189317076643489
0.20266224968458932,5.118285677408248
0.20996810182215314,4.995943166199414
0.2026918962535264,5.12860691308235
0.20060302507462324,5.118113700872549
0.20092435058267963,5.215019066587622
0.20001128954681838,5.233083194041751
0.20084651516025298,5.385905934409624
0.2014215267564482,5.100686100324384
0.20190014905259426,5.068791720972767
0.20037336413468532,5.285893305698348
0.20220785334775535,5.025793502465372
0.2038463385582296,5.183794513972712
0.20024387852589687,5.1787904532185
0.2051895532212614,5.137379340857411
0.2010619761151186,5.1434761172811765
0.20104124673361223,5.229002601371022
0.20148328700510473,5.1163043498837935
0.20097843244059088,5.238771661401158
0.20122847657175358,5.0354705152842625
0.20005396766068617,5.256826001393864
0.20145988166356676,5.2810002008073536
0.20330982388933114,5.230103582562143
0.20148380563476775,5.166322169474622
0.2022845459380686,5.179772609732285
0.2046925683799606,5.019025350414181
0.2041214918648261,5.085185870799053
0.20701096462393376,5.097890560986232
0.20148728024266777,5.265147142255692
0.20287189097215005,5.1001898843333455
0.20079213881951788,5.209614842288146
0.20091032775828635,5.235400017860118
0.20026807488441745,5.312656876898089
0.20166080857506133,5.212384261347419
0.2002009439264522,5.337907589905069
0.20490853106652301,5.137415067233584
0.20057510159078307,5.292283820410001
0.20777087882419815,5.021854303768088
0.20004570397001242,5.223437219008714
0.2010313938159399,5.09288464146276
0.20197739238561072,5.1103867584063165
0.20194449969430794,5.150164062711296
0.20030891763669878,5.095949703253208
0.20121865406866285,5.258663205939637
0.20849805016721973,4.83076170463015
0.20155807900013725,5.176980564561136
0.2086041985994931,4.942283347296547
0.20256730170631046,5.096869643124814
0.2015761911781518,5.124116891838303
0.20321575130405262,5.2833771804057
0.2007020163730052,5.219762245589674
0.20072485750007224,5.32080864342514
0.20103745292387618,5.138270044306077
0.20412514715625957,5.092865509087536
0.20152952245329492,5.190747127165345
0.20593370605419492,5.198442688273935
0.20039779861871249,5.250298325490287
0.20437187039881777,5.201409029902813
0.20046906928720534,5.291300203960014
0.20007517289264964,5.354819328138797
0.21054848468536858,5.03442534755122
0.20034349962683956,5.048212098532788
0.220594433479387,4.771690285689509
0.20063631404921078,5.223691506718643
0.20440439292096646,5.044856177799201
0.2000494409469233,5.1960817627064255
0.20810943063937587,5.068641202756572
0.2010871403972966,5.268431814147017
0.20137898461008585,5.272366850863365
0.20166080857506133,5.212384261347419
0.20143704360727457,5.201034716476041
0.20145789426918598,5.114643116283119
0.20183644525699393,5.296992137500788
0.20450117149171038,5.068161524103559
0.20273907233109495,5.08570435560537
0.2048945856630661,5.043500327975719
0.20193809072542784,5.18801598254786
0.20173475654556572,5.230667764204621
0.2016494451314195,5.340493170343636
0.20697413388278685,5.1255194384274185
0.2025005553273853,5.298534050885113
0.20034220492781016,5.209418740111457
0.20136152049043363,5.329968461580966
0.2018998400206126,5.168594080116672
0.220594433479387,4.771690285689509
0.20863305299779217,5.12204177081838
0.20087595633101935,5.226711807625373
0.2045050614014845,5.1598710528826945
0.203379733510252,5.229547439177035
0.20174778615226796,5.289638270413044
0.201858422732457,5.169373649202546
0.20121127018818963,5.095645010773785
0.20438755284498517,5.063399614060161
0.20067664305335342,5.279413005064366
0.20313691040218623,5.246801279994946
0.20016773293457896,5.20482571533209
0.20013496846140527,5.171178067027902
0.20239781471405707,5.168515537837143
0.20105502844871795,5.070711425723524
0.2005020213689698,5.147443278972278
0.20133796629987197,5.097928135923371
0.20113120430064035,5.166192710498867
0.2004759496717576,5.177821128861958
0.20136918019722042,5.206767285784106
0.20709227979386802,5.044988095998256
0.20340197238623878,4.98405947682857
0.20285016280568516,5.175913285289087
0.20059657555507768,5.107002238551745
0.2021292787017715,5.117914838360227
0.20136621299848306,5.128339884980511
0.20116798516586773,5.243865087237313
0.2023993532683031,5.149471183442471
0.20286916888767198,5.095898358932648
0.20014413924621463,5.3369772222947205
0.20463602084043825,5.003087296412044
0.20243082787034047,5.194627650071544
0.2020817746206422,5.157117066377352
0.20008239060433208,5.189775193811341
0.20150830574699835,5.227062248136634
0.20006443805052143,5.319520125811267
0.200050171308153,5.40922970131432
0.20243812193675778,5.158405782810789
0.20061452685574135,5.190794515099453
0.2004084031134619,5.115737921926098
0.20191995974156268,5.250606779805814
0.20501211049777623,5.108869079215876
0.200938062662172,5.2671043711803565
0.20064019497264177,5.266553221224244
0.20819724763388273,4.976003748469416
0.20088564328094327,5.177932225461458
0.20940553429826017,4.98348826336061
0.20063701701927397,5.299081893855232
0.20123139309577762,5.199545671341347
0.2000672883436386,5.241489529339609
0.20289623872904816,5.214021573991595
0.20552395243688668,5.157606480488027
0.20057378284610403,5.254109147116758
0.20120355117037475,5.084494781920213
0.20735732580032448,4.913123072155911
0.20366991773304643,5.152153515419033
0.20296386372744887,5.140701137454651
0.20712823217600973,5.010260137636314
0.20534003666029743,5.14039541854985
0.20060857020192538,5.080685259581183
0.20043822258593857,5.244768152634323
0.20222080245559645,5.245231237498921
0.20047228957228533,5.258170681325107
0.20053421904757146,5.222340767791846
0.2040803490004593,5.09124582645056
0.20719362285396978,5.099531891394902
0.20015128005940136,5.293454944201691
0.2027912523898041,5.25867638910509
0.2018382305729614,5.2435762948751075
0.20511332548286393,5.1182158032674625
0.2002510233993505,5.315849315024572
0.2054999585813293,4.979124879260237
0.20017512360842157,5.323199946080966
0.20107575790677304,5.149626885659634
0.20012861109109706,5.261188011632178
0.2013596202677722,5.2643937228349
0.200149205444621,5.257189969963934
0.20067608660533734,5.228456755411493
0.20030947139339877,5.070316649756332
0.2014688107248206,5.250820987491231
0.20039656477256004,5.047944718690842
0.20212204056439642,5.164509218261924
0.20047181658230878,5.406314493784989
0.2029288583313502,5.159088026915896
0.204500751000931,5.147872267011536
0.2010036704555,5.1267414063226955
0.20023419658778993,5.232975050543553
0.20103320507279618,5.187476140031099
0.20371573224178446,5.123287968432399
0.20153221360409748,5.214900246154676
0.20201766703618118,5.172886359454653
0.20086475974187473,5.137719131428078
0.20096810539367416,5.0883669732679095
0.20274097734793015,5.201252982143381
0.20133507349633292,5.170340611044698
0.20195814704458442,5.153213547017806
0.20055387342679995,5.251602685646436
0.20539167187416613,5.169977548991197
0.21216911428393914,4.830844380753009
0.20223322838082813,4.995044483075999
0.20320765854782397,5.167111554021062
0.20001529071476934,5.323323091218574
0.20065708924878017,5.255261069761656
0.20371085758881327,5.19016456437054
0.20206128543661148,5.0919750304359415
0.20459561170699028,5.3172816403370655
0.20226336828041874,5.0756855881434015
0.20119415602576587,5.23137674298896
0.2011256870138712,5.346659969662655
0.2062356749899117,5.051599333574572
0.2016650513766563,5.18251656745265
0.20070020076824835,5.215172185567566
0.20239774370179642,5.09434175579323
0.20151794983622298,5.178747805529195
0.20309190441968986,5.120268057819732
0.21380611131180036,4.793581661259343
0.20109738465902988,5.223108156225601
0.2008714922873053,5.221577995430202
0.20006907457512674,5.16523560214178
0.20844810845383585,5.129241458109644
0.20520146597795583,5.095693244667321
0.20740278285310035,4.949810076168289
0.20244709191939142,5.0349166656787
0.200759969083163,5.100608920019828
0.20166139419936954,5.2610789679277605
0.20094935148826135,5.255608517190634
0.20383165763101896,5.189944538187878
0.20115619870655857,5.107500214935575
0.20414427398480595,5.121229471817606
0.2056957035853907,5.029344731881683
0.2009161186033094,5.105937763774235
0.20271426226247583,5.194982687958356
0.20911946749928167,4.989918194482585
0.20119031162067927,5.266041498069294
0.20057550746107464,5.307053334551734
0.20091998735404,5.300126815595652
0.20400946485380717,5.206071387253469
0.20431781441098518,4.94091934775928
0.2044723571224371,5.076581396781923
0.20123347681235623,5.204773684249835
0.20704815960428047,5.032720472708716
0.20052944510190984,5.21504858059791
0.20016520601793436,5.22983121113652
0.20689029085496,4.996537609664515
0.20048028292026324,5.2810863169313125
0.20061360048298493,5.128917962640942
0.2028047330535062,5.198994907565245
0.20668864573944992,5.196804638631612
0.20094935148826135,5.255608517190634
0.21099664186923353,5.000400992615398
0.20064341342224778,5.080087356967017
0.20604272422330333,4.986421114353517
0.20374998585310714,5.130706784705659
0.20021688295218754,5.273853240123858
0.20620615802920103,5.109329517944718
0.2002891046980912,5.377033949004147
0.20065833089013568,5.233665616959323
0.2010801005563257,5.3174523691927815
0.2096921072249465,5.066011743971335
0.200270208008797,5.192711480410053
0.20257251149983801,5.2332642613901985
0.20414427398480595,5.121229471817606
0.2016514363019875,5.256542443451826
0.20152396163415404,5.3360205769215945
0.20099468683536023,5.159638721854078
0.20503745386417083,5.1489763668790705
0.2005629287496102,5.399924375841735
0.2003473654503402,5.140768347658812
0.20290231516116108,5.204467511391454
0.20059398554950109,5.267430868622889
0.200175659163762,5.3002775844348236
0.20274870985841476,5.086910729123753
0.2008680990167524,5.386092334427486
0.2040091392800695,5.004682500347227
0.20279152472088982,5.076165421219186
0.20563463651220326,5.0552935290768675
0.20071367267321316,5.303201802087905
0.20024660687556026,5.216356559650049
0.202908663772471,5.151079122974075
0.20380939495395314,5.222826804791788
0.21021951144946785,5.029294595265284
0.20143462928980754,5.253227246456879
0.2004903682865765,5.288649565012048
0.2014490457463865,5.179264049331422
0.2009151961191194,5.085539344558368
0.2008761227314898,5.086880286447361
0.20455592311068374,5.2004763223363595
0.20230977742205958,4.9673084174259925
0.20478602737758475,5.080544353843006
0.20120244740432888,5.331687195704665
0.20049987143541295,5.070242435493369
0.2002471229482762,5.3456884075005515
0.20225376785912932,5.229616216187681
0.20059266150190452,5.174270619186085
0.20175926312652362,5.262985116664654
0.20689586558927361,4.9810680738476645
0.20428107279207097,5.03013552669929
0.2005455461956147,5.270510582388216
0.20202589922795738,5.115979857902288
0.20821193536654078,5.162751119094349
0.20055837258278536,5.177169509575199
0.20390201545907735,5.072103357695842
0.20558251615016532,5.045008607337881
0.20564847065857808,5.048964663334365
0.20071699077121874,5.151179952166291
0.20405391678813023,5.149048841609502
0.20279673797490633,5.222656541916898
0.2003376445056403,5.191577214729008
0.20431050977535367,5.085272153320226
0.2020948622130726,5.202449894887447
0.20156678899487845,5.117712757430814
0.20059251580565082,5.177012520634869
0.20169901875967788,5.085539794308174
0.2027157577787727,5.211012789536245
0.2044493264169852,5.046808999968501
0.20139790341204863,5.2935600920431245
0.20354051745857682,5.251428446814527
0.20271035785308375,5.0505301211181495
0.2001661706582798,5.2285992488391715
0.2076368464589634,4.904613318288936
0.2002067025887779,5.037125908543234
0.20280112035796688,5.125817120691763
0.20017895582233264,5.278027593399488
0.20399944932859793,5.126076207803167
0.20198831256554506,5.12501901903984
0.2015464125894239,5.2895031150615
0.20399217363563324,5.010316259262848
0.2094029354568888,4.9356093891963155
0.20040666762314147,5.194355526336185
0.20036511566735404,5.27795613420121
0.2000958633800714,5.208637362347831
0.20153819541229023,5.193670908943035
0.20303671303278228,5.112675067116073
0.20037632921504675,5.167917807506004
0.2033545610543542,5.146609990447182
0.20254937378061785,5.081864299494797
0.20067021278748676,5.119613067728075
0.20358133624437078,5.102257739625754
0.20715048680185613,4.969717509218276
0.2007771605054779,5.247047862976745
0.20042895315482293,5.1932112487165
0.2031600919397998,5.125255898969845
0.208961062399989,5.013443825035837
0.20016080456466379,5.267465629705364
0.20013683683564326,5.276376322174445
0.20067875113315567,5.149702656676376
0.20160968614009753,5.2198443845761915
0.21054931076728303,4.860689477698356
0.20402186683932122,5.050126086416728
0.20025362312999329,5.247895106615882
0.20069806280076471,5.242741540976591
0.20161060210080037,5.204113040508314
0.20602475961357644,5.0349569405810515
0.2003853980472196,5.136424212700919
0.20069782449913146,5.332726887889496
0.20127347962431,5.193399746798246
0.20173918604236526,5.183546200070536
0.20129210745175616,5.2966746762151535
0.20040555666996102,5.139495795536199
0.20218554695533025,5.022797330966404
0.20220764473846004,5.09482995748769
0.20153490394176793,5.228006187405027
0.20115330682593952,5.214849965010687
0.20023931617332352,5.257736982353135
0.20003549935305143,5.321453673385217
0.20070242843292105,5.1363782248148535
0.20024743369802853,5.213974692410583
0.2031893956046172,5.202531818121249
0.20011128370665132,5.293104175526509
0.20054659511498274,5.18365535459025
0.20043848645209872,5.254743812372174
0.20027770625590063,5.217655670770341
0.21058925874807366,5.0111025339737685
0.20289238442492352,5.106557281033331
0.2040699614162754,5.163017745669848
0.20068473074340318,5.378379444995032
0.20097530259390597,5.30669182235503
0.20190594441491086,5.222222344280699
0.20014953331870292,5.328277579520551
0.2040147242676609,5.220314909016612
0.20179668535776818,5.206549963355488
0.20245475114777886,5.121901855054449
0.20880514024349014,5.022082013991536
0.20209220408002787,5.236394353542553
0.209913398193968,4.942471390053104
0.20273190781573866,5.141192703151505
0.20060485675723216,5.406326575948326
0.20166014738532118,5.142502239968026
0.20790373295772238,4.98870744243885
0.20216781423344987,5.23394106585485
0.2012253600470009,5.109905716229521
0.20270448322560006,5.190106016343105
0.20282100221309945,5.130785610732238
0.209024901019245,4.874982916406163
0.20357378513608423,5.1238240388899134
0.20181646178438864,5.269179822205492
0.20016160661114885,5.2006358727177
0.2100473652616963,4.933396131496088
0.2031257829308304,5.231951703389202
0.20420780530583185,5.163582821529619
0.20596086093783122,5.02770611059419
0.2040907640543453,5.1280434354648206
0.20046061455589478,5.286910868075813
0.20047271677300418,5.162375256404899
0.20122697211233861,5.270889521429166
0.20288204629849496,5.179362675484939
0.2023465039386008,5.171895849347719
0.20322159035581244,5.10824878732415
0.2023971899118463,5.121496421496945
0.21118375816796897,4.93823515398389
0.20006420202540878,5.27549185087526
0.2020954675561588,5.269519572538911
0.20319529509739168,5.113658660662122
0.20193661191062837,5.20627355190624
0.2119241815975235,4.994903366144442
0.20281758921593085,5.221005447843037
0.20109924084028732,5.15046141806623
0.20407249669219074,5.003796693995391
0.20933722297909446,5.0741192430017605
0.21087680932454636,4.837358464694043
0.20341381572148212,5.197184388897907
0.20096286886967182,5.11654605426002
0.20061655049137248,5.249150861578991
0.20458034158275065,5.047843952173457
0.20021765646893558,5.253708418443881
0.20629394744243246,5.158322190064105
0.20533078102196742,5.055894306683993
0.20424259033119066,5.261689957237186
0.20389561752282698,5.168355173559008
0.20430990901770515,5.055544452206813
0.2014440400938093,5.222353033459406
0.203299742722379,5.2120061854780335
0.2008771073621589,5.319941864868245
0.20268157688082783,5.159073990946972
0.20047061737078803,5.2071226897929215
0.20095660236936155,5.146859264279633
0.20095471321686717,5.161593239211086
0.20387400693762797,5.092214036420525
0.20006321596610216,5.219935001661982
0.20141025292955342,5.208683146672494
0.20407249669219074,5.003796693995391
0.20720029674393442,4.9861842705602815
0.20120511010125888,5.171114664812977
0.20050588545319123,5.316330616937906
0.20144645583262874,5.194440051417247
0.20072782378320667,5.322015934994303
0.2029610712175556,5.067039713476579
0.20520641874157175,4.993804697430179
0.20642350027025072,5.167465787167081
0.20741219981399941,5.082846794246484
0.20261347683268555,5.124129122920633
0.20394259425034683,5.154431088654323
0.2005507287000602,5.229934194776696
0.20202019482673822,5.053561036845148
0.20604782954972292,5.07493151932787
0.20086066028361918,5.237183479088489
0.20109681428304654,5.162665430018693
0.20057166595901446,5.19437588644254
0.2026507856697694,5.139504803863493
0.20168608024403675,5.22836217693223
0.20436284011855294,5.1734283368565155
0.2001151081457535,5.197593023168404
0.20082609908321644,5.112172865009125
0.20277345711465714,5.159745168769427
0.2030250741797171,5.178641385118233
0.20263723739749934,5.3283392164066585
0.2112185925555093,5.020405099956795
0.200237377066221,5.370044226819824
0.20148076225924544,5.163870940102497
0.20069997323533026,5.314045277542011
0.2041696050767678,5.213030388778483
0.20072578046654366,5.256629294112594
0.2016427074751757,5.0929682340686995
0.2030787509267184,5.203496797652789
0.2009725817949159,5.270030934163203
0.2014189443411653,5.146811259617457
0.20198905941394285,5.216492044398832
0.20030797680066828,5.2943446101597225
0.20139639026776782,5.345363733336808
0.2002845447590255,5.253822520970814
0.20116214250224226,5.212779724297933
0.20025555141518578,5.394998839020363
0.20420170288130632,5.085003966547719
0.20820849370600295,5.161703267619729
0.2083869215884432,4.957962576996036
0.20146842932727005,5.223262906665622
0.20235163544289783,5.22945405540237
0.20660067207497493,5.213828848443903
0.20618507417958074,4.918655644958568
0.2059239331726459,5.077500939160349
0.20106771205495835,5.301527325241262
0.20008442021969614,5.337737629193347
0.20155937685991482,5.183969574768722
0.20170181199428874,5.300318977289712
0.20193432163106803,5.250383718211374
0.20016705491464098,5.234552153786269
0.2004192429929738,5.175302915608595
0.2004254421670723,5.047533249401971
0.20240486467967936,5.063652864605479
0.20677964421854025,5.075513641885961
0.20348099978085435,5.19949287788306
0.20127486110709256,5.223014004932841
0.20125345623880378,5.27094767117008
0.20690890992846897,5.0487751615634355
0.2035912624946221,5.152210673813373
0.2097869407195383,5.038229776810801
0.20067977303352105,5.380982123642931
0.2039575469055801,5.069355844213175
0.20104768367883993,5.310664232577317
0.20320532511285608,5.078416338214195
0.20189852463382876,5.142374113402536
0.20140738323432747,5.236216911745268
0.20390515993277059,5.059614555483105
0.20356553071390443,5.112655247838433
0.2009273149701115,5.357331370133844
0.20487878619787625,5.150453491849959
0.20152304394497217,5.212151138606668
0.20080958731029894,5.274566260203001
0.2022617566659642,5.20202404457649
0.20287360154603412,5.20323515498631
0.2005563594788624,5.305579395499167
0.20279394305254422,5.16928495959562
0.21020236786213886,4.937849274707182
0.2018818393477174,5.237487846524396
0.2002660549088161,5.3976974341694
0.2022490853643887,5.036266557750136
0.20082165775214475,5.260863209570369
0.20010597588078247,5.143006991930135
0.20253766463141007,5.207257269054594
0.2044874824732665,5.141389965681471
0.20123298463747916,5.296143827147897
0.20435248248130766,5.118416225241566
0.20136363940670662,5.342707110014531
0.20050203137778067,5.209035663467455
0.2000249160501372,5.355877337243039
0.2006367761336316,5.192484324319431
0.2020185003211092,5.160807920352436
0.20055112839743044,5.144968135906174
0.2046686812198602,5.082535146027411
0.2017629680385394,5.2171308077457885
0.20094473492976836,5.20129308158171
0.20050335261774363,5.142009461802823
0.20228999751433072,5.145648992867775
0.20128146445492617,5.192398188392067
0.20033775105331095,5.2202723483421645
0.20952350284737686,5.026418812092191
0.20099439538142194,5.16308639924409
0.2002950731965894,5.243620060382449
0.21595274056220332,4.72173995919345
0.2011191154898461,5.282168655839443
0.2009727125887174,5.261529157531464
0.2007376799418799,5.154376925806297
0.20255035882305097,5.160464210373355
0.20391332312690033,5.096792233560162
0.2067813153278291,5.049689442368448
0.20078996094327975,5.31771060396311
0.2021819512257821,5.152637162746411
0.2006131395411386,5.257429196995594
0.21021868942961822,4.884143533166571
0.20592195489466672,4.995023076317834
0.20017876154329908,5.203415326332289
0.2056422015141873,5.096765707510096
0.20403521729822682,5.191534917102332
0.20097268549996988,5.147425207649892
0.20101804762196301,5.291310419601606
0.20434511885241086,5.192937081504577
0.20064555594785197,5.304365381126666
0.2039381027689037,4.942365235526107
0.2055009111334858,5.074812082131998
0.21103629402504037,4.940769723722808
0.20162330817952526,5.181303500139571
0.2037278200394257,5.111508739536655
0.20025160091889388,5.26436740694445
0.20077575089054014,5.3488245452744785
0.20330401526762734,5.0267906420859525
0.20004011564340363,5.27705405191786
0.2008331307216364,5.206554152336185
0.20227849882974935,5.229028655290713
0.20199388321627573,5.286056280519096
0.20447757698048438,5.1123225339575065
0.20263808457686752,5.143504272919392
0.2049420870388172,5.13607694972678
0.2040231327713664,5.070067648674589
0.20149272987316363,5.292911420900346
0.2048960158874647,5.1643674291465365
0.2005202255913723,5.126703499155628
0.2016697233022385,5.304748825237155
0.20290419006672672,5.000245555096393
0.20768242701037182,5.066927349704882
0.20222708028208528,5.187171111513899
0.20757275891319255,5.083230084171366
0.2014314221983163,5.264662907434979
0.20091403347108405,5.214685336622448
0.2024079479801946,5.001670149106359
0.20017481545828011,5.115572916861608
0.20128646704117076,5.293910052422311
0.20115268327815952,5.140591616050933
0.2035429263725303,5.1338772878867225
0.20021010582721172,5.250798568081695
0.2002761477573867,5.13985049122881
0.20298643461746416,5.1145127718604115
0.201357192613762,5.291142642215627
0.2030600894469687,5.12849908309238
0.20050432454107678,5.217694031568237
0.20229068915932877,5.2460396692957625
0.20172991623213435,5.2937246754627
0.21200693158549036,4.904920691750888
0.20171905043368593,5.317141750049296
0.2007101158641251,5.128593663354875
0.20059777384885719,5.282930179058973
0.20005291951065593,5.301594144891405
0.20255458600036344,5.29441598749759
0.20093768390295969,5.345691233338066
0.20561935552510147,5.0422822250537545
0.20058353209527321,5.201039068910548
0.20199605922241914,5.204721687015094
0.20093988697155363,5.2470775307496185
0.2020716622199101,5.143644128063546
0.20478984085028923,5.013218353087761
0.20021758792268216,5.269276472781725
0.20001778532622935,5.334507154929722
0.2019058045172821,5.134829873835652
0.2012694999300853,5.194648142906673
0.20178279838411492,5.3580228493007676
0.2003966165651071,5.391792485421829
0.20004810040581497,5.180448691730084
0.20310540980210787,5.078670753966838
0.20058881739483586,5.294562893895206
0.20062421100303285,5.212150238629868
0.20097939476309973,5.151014553238061
0.2007266967652198,5.291841207161834
0.2013388266468846,5.378318803497136
0.20028369707411606,5.195501029277675
0.20420464188891863,4.973341504111733
0.20279667909854507,5.198607548355261
0.20151643301776967,5.127700211931193
0.20175939882051563,5.223295936970152
0.20062857166740242,5.3372549542614065
0.20121196702386043,5.174597198608798
0.2055450877449863,5.032928629450048
0.2097775631984618,4.934647963601025
0.20138894868822144,5.2649544504631045
0.20036949651461344,5.314826381863122
0.2062533042873616,5.058918648041118
0.20174358531141112,5.206645809789666
0.2060302275378035,5.039945393587467
0.20031403830202812,5.252965164689196
0.2003430729165382,5.279719685807195
0.20399385170656695,5.148263293455184
0.2003768376284519,5.303611330519748
0.20069153976247958,5.2817891338949785
0.2116737604841125,5.03743690426404
0.2016233847568605,5.225089335375651
0.20017111063405904,5.2364299110565895
0.20268069411789078,5.3104837762561425
0.20188372075317865,5.128782156243004
0.2010401237924661,5.1585082292512805
0.2011749692617657,5.2076502347511235
0.2075537343485842,5.024401368979411
0.2007235183829521,5.287044318811598
0.2011256870138712,5.346659969662655
0.2015164454353957,5.138394987227919
0.20923427080832202,4.969230149315756
0.20457693542681502,5.099454413365858
0.20059389176467707,5.263254105315792
0.2071628849415116,5.040498598989894
0.2009276688740891,5.203471117279277
0.20269639466568773,5.0905238639306125
0.2033874003161586,5.0148451476805835
0.20497879403068608,5.143126398636811
0.20133392478336437,5.233386121576475
0.2002759603175561,5.25094992934724
0.20048891602010466,5.099381809065607
0.20032311226234842,5.283000049376886
0.20231471354086356,5.16036575148351
0.20157633731988103,5.168079031697572
0.20352678410930736,5.182974788147826
0.2007235183829521,5.287044318811598
0.20891759319616482,4.928895015127165
0.2007174670123629,5.270980707459422
0.20073415273635362,5.139179417575809
0.2008340648451891,5.124568060200719
0.2011093332056212,5.264630793337464
0.2020533514184172,5.276315695831925
0.20503589606818626,4.969383793944978
0.2048166222230284,5.163269944903095
0.20021399836578302,5.216576300801914
0.20026943452098772,5.281021988504221
0.2004577337954799,5.311694163321227
0.203681427196611,5.015344123757392
0.2029288583313502,5.159088026915896
0.20136799289280602,5.168939871102482
0.20367964831960472,5.112581308961601
0.2148480508192948,4.912181711875004
0.20349131864092004,5.062754970949391
0.2008217702694293,5.167819986274771
0.2008815509060394,5.149340648673854
0.2006314172661214,5.198091064782146
0.2039381027689037,4.942365235526107
0.2027679228931384,5.140684031367419
0.2028635355433669,5.085345706193185
0.20102155941794003,5.271729085123679
0.20676039344160194,5.026053802914379
0.20544121244410254,5.088491961265784
0.20102032336299477,5.299375536115046
0.20481595316153645,5.1485151829875955
0.20183333151032545,5.132529804444128
0.20039309968769284,5.166383040071151
0.20089827106820443,5.272089577407818
0.2054440819964607,5.078109881573683
0.20034853769319605,5.122301021226613
0.20752195524319475,4.962245119208706
0.20051605919927123,5.275961712817446
0.2007468232060561,5.3139293097603035
0.20043639177038558,5.268338703278091
0.20059484732015231,5.201190268655713
0.20001910180680516,5.189293869140263
0.20050023189064078,5.267023409037166
0.20070244777150428,5.191067377132324
0.20111220484760156,5.171098990005519
0.20075429075108658,5.297985556664465
0.20413591025243455,5.016486257808712
0.2013034876955836,5.239660472203723
0.20182816395251602,5.161749793194961
0.20161088959176734,5.235146695142407
0.20536914799904962,5.016715881736565
0.20422286393656883,5.1184968697715965
0.202470171596803,5.232445349085197
0.2032463640744186,5.152547118433232
0.20011920966195543,5.277859222443722
0.20078146312140363,5.393462167558832
0.20001698135704565,5.233012848912006
0.20600980705043767,5.129497885138262
0.20005449779063525,5.237157580995259
0.20496526334276244,5.138794319580153
0.2044206791077023,5.141441444566005
0.20233531459400989,5.124064018229356
0.20223574966019778,5.207409284685399
0.20687598178926908,5.0551404237750015
0.2014834088214366,5.1767056849651
0.20630460235394457,5.077419211782865
0.20016715827840598,5.255493429986041
0.2006084011813966,5.2157959261023255
0.20266673093915055,5.093210775507506
0.2004963148287041,5.231907293574642
0.20119858524879866,5.087066597784621
0.20400946485380717,5.206071387253469
0.20411533629505563,5.135298075685422
0.2008606903342392,5.206328758769595
0.20773656008590943,5.050801227261421
0.20000669709666943,5.176624825902774
0.2008663130990167,5.347568669264925
0.20305367915671643,5.088793949480271
0.20442171176247856,5.052378423917791
0.20300398020349913,5.167597948283756
0.20162313215966204,5.201113118246794
0.2051195231037795,5.0373122912834685
0.20153820512858142,5.293709490348844
0.20164629137995477,5.180151750128025
0.20298643461746416,5.1145127718604115
0.200905624776595,5.339587291733476
0.20633360074830387,5.167078874380286
0.20145755221833192,5.188153125897251
0.20440576560607449,4.936819495822398
0.2010984301068316,5.175730580106461
0.20083932784330322,5.123156999131843
0.2032060221695789,5.143981118492222
0.20112878430149045,5.259609717612885
0.20266757384824538,5.0328739538933025
0.20093356290803857,5.150456478650683
0.20446595803394155,5.058747456800578
0.2001662101668295,5.232757669178171
0.20109397312012772,5.244030912990694
0.20345895648891862,5.131561904733721
0.20285016280568516,5.175913285289087
0.20847202445633034,4.943701725323516
0.2072872192338925,5.021865130030016
0.20879017632784222,5.030536854994282
0.20155756075424486,5.337900738223463
0.2004569468358884,5.2006340972222045
0.20252866073063766,5.100130239379933
0.2015876924586702,5.115880555816086
0.20578527362733406,5.141978557404966
0.20130730006634057,5.185261177563666
0.20031416581695313,5.2283096094867245
0.20439360979607837,5.2426978781073394
0.2016314875263676,5.154639044566307
0.20028519832093636,5.174189963142571
0.20153839877931723,5.1604631870566156
0.20186543349995964,5.076608942159438
0.20433472274190684,5.086098095743234
0.20174992805061645,5.091872738950464
0.20404049783141115,5.115611462579106
0.20665934841057315,4.926117424922562
0.2007962395788368,5.109986523696405
0.2039896415089437,5.10886562875782
0.20654109773712914,4.975573717622567
0.20117127266767965,5.319699281522974
0.20556777136916393,5.136837762017506
0.20055482713174758,5.373761070097511
0.20281962172035284,5.177594197101828
0.20194075305671905,5.15643837947482
0.2068516424140983,5.096634811471516
0.20117302555714114,5.257492808327884
0.20068542748279092,5.107547595949425
0.2045967938651152,5.076328961188229
0.20073174925381906,5.322728469599077
0.20366858331879892,5.256274403511644
0.20054209911759413,5.2870165550517765
0.20058806691465875,5.231232344973473
0.2026820640988451,5.255475150622221
0.20046367716849306,5.247957801864309
0.20068041962523703,5.192983879745881
0.2007116826535239,5.216743766329558
0.2022845459380686,5.179772609732285
0.20129342464042385,5.180844747699021
0.20779912599715922,5.013371572591621
0.20505918366511458,5.111018743708602
0.20293332350929943,5.103735315134296
0.20050237610078028,5.209063911460821
0.2009732415081234,5.1030075843897675
0.20681413755755518,5.054918921113401
0.20116591521535487,5.110904521473993
0.20536658680308503,5.090331090785254
0.20265445499597934,5.216637734717895
0.20036105399114468,5.199080435999173
0.21003126603003933,4.847948766419175
0.20123651798909745,5.218824331436649
0.20011284607254806,5.509017641932525
0.20115187104354132,5.142945515568442
0.2056612206141952,4.980067739204113
0.20129309770767362,5.17229337855025
0.20501088045315385,5.114566023767322
0.20004835682753147,5.32787402002565
0.20587388831008838,5.047266343679249
0.20863048022000957,5.007323310935172
0.2016525074053987,5.279365011388045
0.20190017403469243,5.104960231030754
0.2037638759124082,5.150467100580607
0.200760577499528,5.299993460469376
0.2003126611990185,5.209884724088691
0.20125093380985482,5.361953291858345
0.2037330163893515,5.206917582648004
0.20328466887683605,5.183318317977341
0.20184698293924552,5.226786201166686
0.20116204773267254,5.143021620799492
0.20269217413417231,5.191384766662591
0.2059851955337772,5.211356360332012
0.20397898364766462,5.194139147810659
0.20466155349300638,5.228991472179673
0.20227686008437046,5.218899950104688
0.20217962584401747,5.09990103585221
0.20224416848527377,5.208190900684874
0.20469281668190606,5.099194431616434
0.2000264439065297,5.15182611650809
0.20748774857051275,5.0641023845705915
0.20066830363128113,5.193525122667109
0.2012413824295955,5.125278551746025
0.20070174113838496,5.272781193498359
0.2005899104055036,5.177377745550654
0.20684899363099693,4.979862235618551
0.2137083315377079,4.881170506538176
0.20009727879097428,5.229254585055275
0.20199772104331526,5.1619220110261335
0.2005816311223853,5.219047391979875
0.20368464484630738,5.2043164017617425
0.20193130565526413,5.214365519156994
0.20081477620724023,5.206259611112303
0.20172445870266262,5.34482738144511
0.2001451833507577,5.340952231959317
0.20021044769823088,5.074720208313007
0.20077908463305327,5.2547116919962
0.20254124578764607,5.0742860294323995
0.2017035836733606,5.251983098114832
0.20495253835241775,5.165250660718898
0.20128834699834264,5.110601773857798
0.20255482493199364,5.208505559484608
0.20239781471405707,5.168515537837143
0.20199717425635014,5.272536290592807
0.2005262955696604,5.126535921126802
0.20049230304912558,5.151716568040789
0.2030296983778977,5.086282358550207
0.2005987397660683,5.309828138242798
0.20518376153830709,5.058271590622221
0.20021260366128607,5.1734863485373515
0.2012957620920497,5.094538521149166
0.20690971197135374,5.040993804639082
0.2005882341238713,5.314572551292988
0.20089845489131342,5.1486239463473895
0.20398738270030622,5.279511198076487
0.20024761651957382,5.229184092189048
0.200329729297344,5.159978021524169
0.20310631262046977,5.122393590807587
0.204264227476625,5.1813765586743346
0.20142251225680913,5.197768378685047
0.2046325640016132,5.069286214965998
0.2054008385489404,5.110275252134274
0.20413401780935947,5.131601295726465
0.20235275499585953,5.239811756934971
0.2013822182030956,5.200534508521398
0.20186806822680836,5.054614919721908
0.20074337931047342,5.159958651197464
0.20052378120197614,5.2446550295046555
0.2015992660483796,5.241851694845216
0.20305911068230767,5.184861871339402
0.20032683988339164,5.1090680506304835
0.21372999998001996,4.844716240933512
0.20327350881348952,5.029652880100496
0.20145161782005322,5.201344109969698
0.20135532236005968,5.214701580949925
0.20487844612466719,5.147579094718756
0.2046061721528309,5.011369751908976
0.20265335387916547,5.101018767801837
0.20015865078076459,5.31025300382076
0.20906980188986055,4.875127895151441
0.20470400027239502,5.114159044403321
0.20135309949660965,5.215557387190073
0.20572884806004724,5.146475608714207
0.20035604559197678,5.2241061166234415
0.20508645202527256,5.295353087655897
0.20198853153786453,5.1994160919231955
0.2011390114012843,5.322818694518216
0.20032534585868378,5.070358787085029
0.2015529730700749,5.322746908393957
0.2007419672344642,5.156779526058762
0.20291935903850664,5.302229381450163
0.2024291366895076,5.143378061648892
0.20077232383233717,5.158109285601558
0.20203603904173803,5.22317609367911
0.20059259725385814,5.262522927867964
0.20208976958700386,5.23448884304997
0.202078434390165,5.1352212643664465
0.2001049692381274,5.1744393338411445
0.2005050283427797,5.204557242702469
0.20017047170584543,5.344266229204675
0.20497229991257618,5.056630914818534
0.20280924658722385,5.054431466902365
0.20324641845148114,5.131894958310868
0.2008460450482814,5.201360957654797
0.20408306965271142,5.19177077471586
0.209024901019245,4.874982916406163
0.20017045403185604,5.356298622399957
0.2037577895021506,5.1295039893445065
0.20795954976412034,4.964469999491273
0.20163639505119832,5.091654457822931
0.2023321979372618,5.202366709970208
0.20055035483346725,5.2220608926096785
0.20369495582004601,5.201590095983733
0.20089289336303925,5.233040426026237
0.2045167505964372,5.129630376247296
0.20000871414485133,5.193772368386191
0.2014206304213939,5.293314005783693
0.2042854543419537,5.028463705141331
0.20213352816441343,5.153117586785109
0.20132949311248147,5.2817881917072995
0.20153570675198187,5.186478647767279
0.20074034516172118,5.241617026362962
0.20041255575936087,5.355739724303091
0.20440537166591025,5.131326842167784
0.20004917688446708,5.262740836858573
0.20570536563948116,4.99520428991348
0.20598503941652171,5.180256796959819
0.20006066615779025,5.303835087422273
0.20237711536225905,5.180696656153933
0.20378689831986813,5.038288562511197
0.20341502147252197,5.199750070979493
0.20325168092867876,5.150250901775656
0.20014610165764993,5.25314395132269
0.20182523256255597,5.209314388025193
0.20248613527621476,5.340677713028952
0.2009236509818303,5.185055024811253
0.2055251828321232,5.235767502801804
0.20104629427030707,5.237465769103232
0.20024881148342483,5.3432229374434925
0.20239870428564197,5.120530784186608
0.20775774433784513,5.072605973373017
0.2001779551533403,5.2130731916772985
0.20277345711465714,5.159745168769427
0.2085100903639485,5.004708677242293
0.20267799211310955,5.028700320199487
0.20431454224386666,4.954638408402397
0.20025117521079355,5.270209109939611
0.2042595643374192,5.002304716110336
0.20221257985535476,5.170596756454128
0.2002420597703414,5.2338699065441165
0.20017216705536228,5.33576009524686
0.2103378652880522,4.991552623713135
0.20005787732555025,5.295832235945874
0.20046178681913845,5.091234456112373
0.20128809749006046,5.32244987082203
0.20316722469232737,5.072549063400476
0.201808474983249,5.169456120685652
0.2010343786026935,5.146574433541657
0.20135836673210816,5.192183650569243
0.21221754083790756,4.823340900456147
0.20116339639812206,5.315234371605407
0.20091375462009006,5.359184636671416
0.2013040281423548,5.205761536543234
0.20147765783527224,5.266461725416463
0.20583443843917637,5.105262823154705
0.2014475746063935,5.221969548136424
0.20012823192810128,5.2676558469679815
0.20083155174150516,5.276624749479193
0.20263723739749934,5.3283392164066585
0.20319747798944066,5.163367122466088
0.20120252626395765,5.214458029823539
0.20109840536271192,5.174436552898073
0.20525545774778348,5.051115648131336
0.20090122322677456,5.1819543325411015
0.20057740110103744,5.17546826876193
0.2016293654021332,5.234850948995123
0.2050716732687499,5.116120311197697
0.20239744382317482,5.171333512503449
0.2013153262020389,5.106127909924698
0.200542969965303,5.279479131090286
0.20151985414814638,5.271391533586261
0.20075985783450231,5.262689009327752
0.2040204321625865,5.172608783998358
0.20103742583548243,5.20815666663891
0.20265107815205646,5.16623370895917
0.20300154844750834,5.240543646106867
0.206025185510241,5.0981443972343525
0.2033293523527243,5.006627362529706
0.20024773100494747,5.241195655941329
0.20614285906899046,5.030029176878538
0.2016590367004218,5.041012628330672
0.20089042623130732,5.245723031184783
0.20356167832967081,5.051720536181012
0.20192829707017412,5.336941964948346
0.20203857689260488,5.269162265631412
0.20226190710977895,5.11445369192271
0.20277933735055947,5.136968438468499
0.20192677581274643,5.166432188371404
0.20028293522004134,5.203626277034124
0.20113799308441105,5.14233660596273
0.20052684834420173,5.304606510266769
0.20016628428077957,5.268854934694251
0.20205439466259503,5.21100742276775
0.20243949812238393,5.31786403340983
0.20183069368319703,5.180290370564275
0.204129898694717,5.118052746106859
0.20015545849515184,5.208487883503269
0.20455015099471835,5.100711580772553
0.20227116345329554,5.314535245590318
0.20559113323722414,5.12222278769263
0.20356684245813114,5.121845779419765
0.21104253505565262,4.967529650534638
0.20169667603097,5.229051953057279
0.20025982611743112,5.236729645583959
0.20122361645299477,5.329752385111916
0.20136661692490115,5.082908311259552
0.2005208022067273,5.223045882507485
0.20082563201337772,5.241697402323107
0.202002794489146,5.07116241263047
0.2055344431311429,5.083659629684226
0.2027182182660777,5.154461636954534
0.20094251677082559,5.264912695998988
0.2020218809233517,5.296376333155326
0.20092993071174917,5.33164244164867
0.20115701436385963,5.12442763926376
0.2002342826581635,5.386088754451527
0.20658898907548673,5.053007075980982
0.2011702005577787,5.214387838209151
0.20284412240226837,5.248129844953114
0.20161402617117094,5.12931343580483
0.20097835657520732,5.16874018733571
0.20051608806485932,5.1940710315741825
0.20182851442313707,5.159452176486635
0.20137717062927799,5.154168158979283
0.20560068358233238,5.144124937152122
0.20039802603086154,5.119048408289181
0.2043909325113558,5.115871471911715
0.20273918284152764,5.220413132776184
0.20556699619841917,5.079472978917511
0.20071222063492192,5.207764315346133
0.20087587813831725,5.083438568392973
0.20087838455028217,5.194812806811945
0.20005419059821672,5.383781470514484
0.20460704119648912,5.042118044533895
0.20544523897799166,5.057051556970105
0.20025408731906363,5.216580821487066
0.20173232969817032,5.122278821438638
0.20191162376942712,5.107022231116358
0.2022514728369986,5.16135185776101
0.2011680045941145,5.252659253783553
0.20120818668740287,5.1998290390218465
0.2061626898703364,4.928750117709428
0.20463509204647307,5.06148996166564
0.20019180448329804,5.248390448732003
0.20152251921558043,5.135433484736047
0.20169023663235439,5.232996970667442
0.220594433479387,4.771690285689509
0.2039460506879161,5.059429915107581
0.20744347275635885,4.977077506007208
0.2001400334536307,5.194645934798417
0.2017136480706624,5.175754755820643
0.20101180146027903,5.280817188736765
0.20124348650746665,5.234920697710676
0.2005866975063827,5.090925198656759
0.20546875225977312,5.050062810312827
0.20060254347159942,5.238696484378842
0.20056826048335333,5.263874247915305
0.20367014071456963,5.109351339981474
0.20661083691862292,5.072850484988326
0.2074856819848646,5.056672384367491
0.20334572419639396,5.125496241062165
0.20146608715547176,5.213350311968058
0.20045082254898824,5.0491569139298225
0.20595073168840003,4.9626951969635344
0.20164303255167368,5.255359420879209
0.20124330621608968,5.159993765796805
0.203077465545046,5.3370850859313865
0.20515950798896143,5.116561691321972
0.20124773595980092,5.123032282937042
0.20366541507129407,5.232035815405405
0.20226440049119074,5.189275232421126
0.20822872803896317,5.091658107896144
0.20383731580225453,5.105784127912037
0.2005763643548031,5.13113175377329
0.2057704049070812,5.125604136796114
0.200273699877209,5.268005315953167
0.2080412683860417,4.948295881510207
0.20751739116011736,5.026318169421477
0.202442413323321,5.229496763988775
0.2020772094949202,5.115174838759689
0.2003326030417857,5.176890653228482
0.2020663630335832,5.248768906539541
0.2081509848201058,4.97712491044945
0.20367231111869685,5.060298832473513
0.2008267981056107,5.174401764735657
0.2019887029856307,5.270058841394036
0.20436745772692674,5.158644215727661
0.20367570645994143,5.205993967407141
0.2009766401083114,5.120248342845003
0.2055651638349684,5.078328794262774
0.2000925707869949,5.048914763506606
0.20079604775178442,5.288783819228102
0.20819100965911155,5.097928668471741
0.20075863496653065,5.2526574934658665
0.2015245420785925,5.333673641499608
0.20305367347507103,5.234341018747926
0.2002259959138816,5.221143903225142
0.2000425060515737,5.13339640328495
0.20207735747037997,5.133255619226898
0.2043201312270255,5.1885943801819785
0.20146201006633305,5.197119738241428
0.20164027865432144,5.188433591423737
0.20036057915002695,5.288363407388359
0.20093123638194912,5.274324416041811
0.2017979617906146,5.168648461323474
0.20033031475705065,5.173684505130479
0.2027631930949295,5.023874086673943
0.20192829707017412,5.336941964948346
0.20032623812925077,5.347171107756662
0.20122864429287848,5.232206300550063
0.20091769513944063,5.312665036485267
0.200230914981254,5.318080432095323
0.2002750386216376,5.255021443277836
0.20022310924648504,5.256387876025618
0.20298308063182524,5.214359553370321
0.20106312547841068,5.174919426787964
0.2015746340728467,5.194399572930334
0.20630464943679203,5.204254345086406
0.202750451052078,5.27527097625144
0.20063571435533314,5.279314021781075
0.20107351784856442,5.311610446305799
0.2000210251031001,5.280335616744932
0.2004985659326236,5.095627016937026
0.203068741398478,5.264861384915304
0.21484817994040695,4.934674393230231
0.20110419876822447,5.219979844236698
0.2001534183713249,5.22548801583788
0.20073664585806955,5.196071894874098
0.20353178917739337,5.224776617472664
0.2004532032875355,5.243169901780974
0.20636371745030588,5.016401699878837
0.20127222866068395,5.255530784990007
0.20072311415057217,5.18334306354652
0.20189528283240551,5.0041049284246855
0.20079977949196318,5.3638285149700184
0.20542311499009708,5.027217997974135
0.20411740488526403,5.172903459752063
0.20177073385068212,5.162133782886997
0.20020113509658638,5.165478362955778
0.2032717552099905,5.181012373967336
0.20071897824595902,5.132910857717
0.20110513172613478,5.297828895078567
0.2089283549500162,5.013847078413246
0.20380102215224852,5.089211995506569
0.200281005518135,5.245761361140313
0.20164761360796227,5.198067859549869
0.20213807057037414,5.23486847194495
0.20337520517340535,5.177349429862099
0.20059600171812508,5.337306816213141
0.20485207065273425,5.146893512462528
0.20185762517274194,5.138786277610868
0.20399787468245179,5.168794821190724
0.20084847622701366,5.297367301782729
0.20165600649458681,5.1642101883157565
0.20017040411337317,5.209947224601367
0.202703396353438,5.25005653504238
0.20248251482956087,5.206527701042627
0.20110030160083178,5.295805013624213
0.2050412063329156,5.071401558258796
0.20099780944289256,5.216099897602892
0.20059931022995153,5.376108156340838
0.20638442866513432,5.033547057032466
0.20150754077648703,5.22710523359289
0.20829510409902893,5.002614133294969
0.2009721115973191,5.076337841583012
0.20544100157846076,5.180836765919585
0.2004590565741173,5.213024296637676
0.21017454077142342,4.986005220908899
0.20519716285828077,5.3255034453211945
0.2074982537833528,5.154996006007215
0.2009872719766824,5.25339223353867
0.2000656562104297,5.255996801776208
0.20146554669547007,5.225290541004446
0.20294194024778037,5.175535233027905
0.2000733223752347,5.291031725909021
0.201089989305055,5.238598804001329
0.20717490965390067,5.119423468913548
0.20131609719197857,5.30204933322673
0.20104768367883993,5.310664232577317
0.20112016110086006,5.1844837393197425
0.20446489361918535,5.053550765226552
0.2010422336218561,5.268037999804957
0.20060407915257022,5.338521548433304
0.201647067672574,5.131733245299962
0.20705429359178837,5.000997818696684
0.20030653634843174,5.323317682781554
0.20822140092538471,4.942029180741095
0.2052311138876031,5.060577319237267
0.20894019996460794,5.037786499377357
0.20289623872904816,5.214021573991595
0.20184656624350078,5.220496269233256
0.20027007398568789,5.294232248676157
0.20393116614182114,5.009831130100513
0.2028597533516203,5.252843501919763
0.2015533974765245,5.234715165914539
0.20371529057585508,5.159448754794112
0.20001783970262282,5.117397866055653
0.20154072548697427,5.174096814373516
0.20433245289631208,5.154040500208791
0.2052813174103262,5.058105566615331
0.20539127652704112,4.9412847563097815
0.20343247939868733,5.192188243414016
0.203827710472542,5.0507727401293305
0.20053658347723674,5.19477037960259
0.2015047302649747,5.118963339428044
0.20130820139754352,5.186929968636752
0.20732600380581478,5.042948363532817
0.20415062523687696,5.1645290119113225
0.2003561111019985,5.140173626711897
0.2096560865861202,4.964280257260365
0.20080107424050378,5.35100942209999
0.20254805178871899,5.299268540369325
0.20045254661633405,5.291820818223689
0.20374027718599766,5.083257592765451
0.2001442389041239,5.242473307312924
0.20088939999708677,5.231433628818091
0.20663028513054024,4.973820258171668
0.20134662779132642,5.344151181822832
0.2022885035400813,5.077209048166939
0.20082666067521246,5.222930956861681
0.20556100943712347,5.113959015812237
0.2006593631504897,5.178296698723068
0.20782824259246327,5.019269381481157
0.20583012590248378,5.159141178641061
0.20720689089982725,5.109677854047718
0.20238359096096006,5.420710457302357
0.20170639921067854,5.289009064594991
0.20662978319208794,5.0682089351767265
0.20453341799426722,5.1048361073919315
0.2022282698335689,5.1414594412391015
0.20155653346153882,5.218375785547699
0.20349939749972168,5.056360148252808
0.20059874668558914,5.287043339044768
0.20026750934521326,5.0904144836383205
0.2002455365716135,5.115734786705841
0.20359099902258462,5.0271727568112965
0.2083921331211669,4.963211414932537
0.20409877099090906,5.080723292879192
0.2004455134558326,5.38228127444486
0.20000215946439537,5.25216482843517
0.2019079453027363,5.209941203387853
0.20162565149861403,5.012862431338447
0.2027055509971107,5.086133251838759
0.20176273070351444,5.156208344261348
0.2076315040510894,5.04443585219258
0.20074009889809236,5.220737690056195
0.2058254847199405,5.020522831478364
0.20187552235456965,5.211450830943802
0.20089313806426642,5.233826676692527
0.20088457388912892,5.199671184920999
0.20516336059050957,5.162261891947364
0.20011788126454932,5.288594160398496
0.20167202350225424,5.239610396664669
0.20496499086686437,5.394014268517934
0.20018384634130376,5.294195838521538
0.20479186729796525,5.001801979582815
0.2038567031736467,5.11082028992799
0.20063911028322995,5.182573134991991
0.20265990256530092,5.170032288384003
0.21089622719118273,4.970564641514955
0.20213843769680603,5.169295315850638
0.20058185961151395,5.2662331403375955
0.20180856228068977,5.143890345284209
0.20276513549110226,5.181914139998408
0.20101998673719798,5.338094230983617
0.20161753698620122,5.120948175495749
0.20068241649715385,5.2908765178871295
0.20005784516608516,5.228490134171425
0.2136923597361598,4.897579180698474
0.20087778768533468,5.410039349515843
0.20192679956502538,5.13458484327124
0.20185480238573095,5.123569810705858
0.20217743536673397,5.111885538281365
0.2015106745772601,5.232418685892079
0.20459685899225236,5.06830634212224
0.20501211049777623,5.108869079215876
0.20168868607691962,5.18158688958478
0.20513833302106466,5.009252831132055
0.2015729491198946,5.255375591454357
0.2013186256925781,5.3206719814790935
0.20505263552807274,5.069159320896636
0.20188046239449917,5.159764139994186
0.20251752600485864,5.243739725761937
0.20109881669986704,5.124176661094759
0.20045560703990153,5.1773365241643665
0.206159468277709,5.144074092252626
0.20060290378639964,5.188903236769774
0.20153989075426199,5.203800082019391
0.20223733778811323,5.191436173894509
0.2069718035363752,5.008218635280743
0.2076424765504235,5.161097487396738
0.20066380269327888,5.219756144381079
0.2136629762429265,4.868427436409206
0.21274789525994955,5.004633588228808
0.20003041817613276,5.231125904036737
0.20412859317874252,5.1942785393622675
0.20263533341013057,5.101945510738607
0.20522592990090785,5.089679927964034
0.20207082419484418,5.243764113848464
0.21583048222226875,4.811913611910309
0.20057412119409643,5.3175688653031905
0.2046544534257673,5.157356721626255
0.2055321200761039,5.070262642602783
0.20050799285934018,5.160047345877133
0.2019928779459157,5.187671910160441
0.20364020368778407,5.09811358543007
0.20460404489961678,5.031911848205335
0.20574307453739135,5.165668975314454
0.20229253275936013,5.196406573048597
0.2001084183047479,5.149925271948622
0.20108452383744102,5.303160063708492
0.20084545282441496,5.293605241856304
0.20008102493970653,5.225035933031052
0.20064797715095514,5.257674455841307
0.20545367486896277,5.065722337191039
0.20358730813199832,5.012061430357709
0.20589355637228768,5.105724481284068
0.2026301630110545,5.3386214502499225
0.20262044261878304,5.359726071658422
0.20196284688176586,5.350177441038305
0.2043439221180365,5.118627822272189
0.20064908015027777,5.175362843030516
0.20082702041871153,5.313064888457666
0.20145357450078932,5.2464819861390675
0.20747047044844363,5.0709289461992935
0.20021294283736277,5.282158055110189
0.20235795778730425,5.108686318215868
0.20165235617029023,5.125990968195235
0.2072252705142138,5.044706238088816
0.20405369319264877,5.150771615265091
0.20019276434973346,5.22894001567923
0.20183530536457278,5.168776777135167
0.20166193317346143,5.20856306090129
0.20155511587959432,5.170738282730422
0.2054127079127107,5.027803807277187
0.20627645157675073,5.048369396195946
0.20130544897387528,5.212088297918181
0.20074608995945004,5.3070355797192175
0.20750584659122467,5.041487617338896
0.2025967121150821,5.238643311211526
0.20361011467880724,5.034958420419365
0.20574593757588722,5.061030226517016
0.20279706098289957,5.216587582529774
0.2005387100985541,5.233607467035775
0.20061644356141864,5.146334694849421
0.2005467985844381,5.056691212815723
0.20588090561109906,5.10231940634863
0.20007758743870288,5.266350679716654
0.20219496700378162,5.253515456240409
0.20285915138641755,5.142352867689923
0.2009028765993864,5.212582763884729
0.20089313806426642,5.233826676692527
0.20396281249640583,5.021876657386293
0.20302603396252666,5.019677225934402
0.2006345204725554,5.32621755276259
0.20349612898314637,5.164837807426182
0.2028473539840382,5.215198987671469
0.20215990289105212,5.203226634015813
0.20030136019616102,5.26573480834823
0.20530108146741305,5.065108555328243
0.2045869091567224,4.928305033183881
0.2000639404554962,5.290850236208508
0.20089229330228675,5.177820311139657
0.20098560464920823,5.26241352922489
0.20048915658458796,5.211532369933214
0.2010886045131413,5.06343254077034
0.20023503837565745,5.179912679702487
0.20267746476387866,5.173762925044013
0.2018953584889075,5.174551077125597
0.20279147920441665,5.329321011195813
0.2012100129500635,5.139741141658301
0.20015284230328034,5.279401815762823
0.2041294353842627,5.067182569339186
0.2010172123754642,5.323988923555102
0.20025825310762568,5.324091410907109
0.20239917968743953,5.127392717642854
0.20448442692077506,5.038860900808875
0.20256558969372426,5.166121790960942
0.20131969427449328,5.114207684050853
0.20341133947109302,5.163532790502945
0.20133005682356556,5.0667385859602545
0.20297200452828912,5.226494311231581
0.2007163655905819,5.114002070785667
0.20042715903082567,5.2048921907368015
0.2133277001798188,4.691580469827599
0.20490537441521178,5.054504738330053
0.2030365383277507,5.142973288208723
0.20292061778516415,5.173052228185677
0.20579572269012353,4.9345995730159125
0.202031068399187,5.294945105097177
0.20050560637356682,5.222171749885569
0.20156132702262264,5.196407759754596
0.20528146324597396,5.071546151029503
0.20149865254426494,5.248485592479057
0.20405391678813023,5.149048841609502
0.2009201873590734,5.142804776476821
0.2029288583313502,5.159088026915896
0.20321129488577694,5.150593017494273
0.20144097927164056,5.150839723036005
0.2014154621296406,5.163271438454045
0.20269129617310022,5.175044870441533
0.20795373685255358,5.026702249115129
0.20278002324857158,5.237928869401537
0.20074587128880497,5.1622167919287305
0.2058364073497312,5.1721645843829585
0.20039627918958153,5.238586012515855
0.20567962576502183,5.133778512808921
0.20072271167521077,5.331410879257324
0.20047913763695444,5.32222029087309
0.20022690021987238,5.260388232978718
0.20562808264492366,4.966242678908895
0.20248283830137206,5.189841326862013
0.2016573128018198,5.2234333704892455
0.20019017927630278,5.203262548763457
0.20720804169528156,4.988092491958856
0.20180213250663284,5.17628952415387
0.2048853101675667,4.989766009207985
0.20568634885344386,5.051245999784338
0.20544545908663878,5.006617626320113
0.20082715500652804,5.268136611743262
0.2014458710796162,5.215539948672472
0.20228529388495972,5.129781180225657
0.20662172979207297,4.982533775853632
0.20305535969653288,5.17347338566753
0.2043517424628815,5.101715910876278
0.20734586604299332,5.032410793496077
0.20000023615359516,5.267048985446935
0.20066738825708338,5.294435645306334
0.20063297768812838,5.144552643166943
0.20041640442098546,5.169933205341852
0.20091056585099332,5.138238181310306
0.20031604987877893,5.303417446919872
0.20374683454344536,5.249527100378948
0.20533085092881398,5.060516594832454
0.20139430243160059,5.012928534930497
0.200934954563473,5.122812844031485
0.20220815864975383,5.232942150270771
0.2002542683847583,5.153712392402664
0.20055670297591033,5.243586999136863
0.20270260804901524,5.158318829202808
0.20356971660244216,5.213734428047765
0.20577911867677823,5.109443130230785
0.20069522142604884,5.277030462478513
0.20191960245076476,5.251342466605597
0.2062081676655886,5.166036129528272
0.20010974035171755,5.2451255620818555
0.20434339697400716,5.077242011961711
0.20056623037207277,5.066124993056978
0.20042517235178475,5.339988787592267
0.20093646257330383,5.148401100984387
0.20008387524290752,5.067430912975527
0.20089379360327306,5.203326433325318
0.20444895818952177,5.147674382168279
0.2011925544136152,5.173263831154723
0.20135208268228133,5.107513599867916
0.20040127553142204,5.208715885632279
0.20055765322413993,5.211671008377227
0.20347335063838087,5.15918187395052
0.2028516867411307,5.221797178028877
0.20074620795456433,5.318801761017449
0.2025283922379654,5.163882142355815
0.20176853886133564,5.220515584053594
0.20014153123856412,5.2314774856501804
0.20165878676137677,5.3036588373029305
0.20017306326513606,5.113393758581841
0.2029654087710153,5.235991316273505
0.20568760554926166,5.04418678667812
0.20176876864017626,5.169964030194272
0.20730601193992404,5.117133567165595
0.20025690193295112,5.279801719663844
0.20609573570577908,5.084518680459245
0.20023546994798555,5.236572621892368
0.21183517221543308,4.998637908541041
0.20441048206591364,5.185538202779352
0.200247448176524,5.127215989248114
0.20222836883236342,5.2523637497416145
0.20771345721909643,4.948057068741892
0.20747333301630394,5.084564635838146
0.20211905501302235,5.176247319583822
0.20150144562723993,5.316284633325744
0.2009180397044395,5.19721225424584
0.2036456802155453,5.327507394549887
0.20146302161190532,5.374021165784104
0.20120902649074632,5.268679663837723
0.20093974650913066,5.211729540520237
0.20124790368143097,5.165740420406129
0.21164175193418946,4.842747291924287
0.20274816837936424,5.269431905268523
0.20025454453415784,5.259500146852845
0.20288725215134135,5.120505470663549
0.20534647865371267,4.956577458727515
0.20180254882957702,5.232857890862537
0.20181135342269102,5.0645520677591875
0.20252613576082332,5.176834342835405
0.20704635141698494,5.134108038358063
0.2008663436476161,5.08741436007369
0.20556699619841917,5.079472978917511
0.20034135396910108,5.305902554552174
0.2013829631137276,5.230420378127684
0.203839928452315,5.0675927853181815
0.20037336413468532,5.285893305698348
0.20077975000995957,5.180530618045628
0.20551483002464171,5.065564320129361
0.20767215348482335,4.919595561792023
0.20353586459268447,5.166839150298679
0.20201066360403486,5.064704032507241
0.20111834272219856,5.229190551417179
0.20495635782067048,5.090290729068447
0.2011225796411343,5.264559143872898
0.2009273397531407,5.146465176622073
0.2004872454927366,5.216776212062326
0.20030505177384075,5.214211489680624
0.20193866959627235,5.2868845961904505
0.20207903775405237,5.397400930097055
0.2030465361596769,4.963858364252102
0.20141085184894206,5.1314206548062025
0.2021169342239157,5.111471027820413
0.2013844538891266,5.150410788406705
0.20521633383104126,5.202297205562007
0.20123966373082078,5.276182178088002
0.20036439148714616,5.1353552461057905
0.2003352805035554,5.344752573895095
0.21425347576408466,4.867234943600859
0.2022775977126339,5.159919052881244
0.200023761797275,5.274021468277687
0.20407133280341547,4.988861997449621
0.20563389024991438,5.157470592114967
0.20567988122274847,5.083096510692341
0.2008815509060394,5.149340648673854
0.20396569192799963,5.050916130645928
0.20193578599736323,5.183342459926327
0.20066539240010492,5.1837083906107075
0.20191463938945164,5.263066068058161
0.20062778003528886,5.233171112687946
0.20281932727406662,5.116935655266323
0.20324392531593988,5.158208124931389
0.2005148724564428,5.162735545398985
0.20440920353425618,5.154143294189681
0.20142222734165502,5.134936107905161
0.20388829965767324,4.90719604857282
0.20181741298967773,5.2058646089062455
0.2027415135987554,5.28714504286521
0.20070209433427671,5.16559651790389
0.20149122205734196,5.188546815874836
0.202594619661,5.125439369949577
0.20146558836123002,5.191818093561135
0.20552409980689787,5.135718893450804
0.2002798269520043,5.224453139422697
0.20453197728054856,5.201002275452757
0.20222202268408623,5.224898900088104
0.20064748711032204,5.190101817873534
0.20341492677952358,5.19768167495626
0.20119955052161068,5.128273538272517
0.20042409388677457,5.143037679468912
0.20238712202028789,5.12899749978555
0.20091505724386668,5.223531006819075
0.20235275499585953,5.239811756934971
0.20033118266074187,5.291746965664348
0.20438521520850247,5.081643778116324
0.20010316334253006,5.1729672837679805
0.20055958357309245,5.178535847117457
0.20499423072865183,4.976948092200949
0.20031819812616922,5.319954679705418
0.20178600570944233,5.1187227772599035
0.2042965202351645,5.129131739872096
0.20183170899053823,5.19959044130619
0.20148140415940524,5.227817876952159
0.20285663465824583,5.101349345226924
0.20367091963514064,5.26733911904645
0.20154271399733742,5.28208118160672
0.21519127367150953,4.801368043688404
0.20496499086686437,5.394014268517934
0.20025239721919746,5.2111860793041185
0.2009180397044395,5.19721225424584
0.2012889110060339,5.121456549659456
0.200289326578746,5.115098382515958
0.20283054381280996,5.2185202442566485
0.2006864666853124,5.295993901166028
0.200300566991668,5.1765343015472345
0.20299565480032167,5.202372400698474
0.2023084290105442,5.27804474776016
0.20229788687006064,5.116793407104143
0.20203976635167642,5.117582172539889
0.2022303185294761,5.170961101564613
0.20568907110073253,5.218300285110077
0.20100603585469992,5.214083027924297
0.20004536966915398,5.2524487544818115
0.20424516732539655,5.045839616406161
0.20523777894366635,5.058505844097926
0.20608992820164004,5.09661411652442
0.20479594402070853,5.049251239898735
0.20118079122694585,5.297122956905594
0.20006696891075604,5.078740327078244
0.20155560438890333,5.233356366739509
0.20139652255569326,5.206851993055861
0.20255855609618176,5.192853855096526
0.20505849973078932,5.125951991222375
0.20273416518469997,5.223401082976695
0.2023130762116774,5.153190361038087
0.20055468313462282,5.242784223756928
0.20169212957620714,5.210306201418249
0.2029547977245864,5.118662847608614
0.20138872424275867,5.3926539755261675
0.2035807637483943,5.1722573314484155
0.20163494569116383,5.135144343901196
0.2022981016517197,5.13467267713127
0.20378294204963499,5.213065311762917
0.205389886025436,5.088978173319631
0.2024177683705192,5.1271768809412785
0.20127808249171666,5.251631597890157
0.20322745279275067,5.130880996117974
0.2015898252465885,5.195839830577336
0.2011225796411343,5.264559143872898
0.20039903852782773,5.267437542939121
0.20648144688032716,5.124540325215265
0.20005755472465034,5.202161590406653
0.2067082555134398,4.997126764089541
0.201055936861347,5.121171823822106
0.20161823623830705,5.110161622689781
0.20249907625310945,5.116883064148041
0.20507464131970443,5.162276663102401
0.20646558852241545,4.966320261926082
0.2077076126117574,5.007806918483468
0.2020187946903132,5.2032351719196575
0.20075111820575156,5.247719186734295
0.20660096276840226,5.0644280802098365
0.20703317184176795,5.0640116479702195
0.2062783697651079,4.900721610522103
0.2024412488075499,5.238262694010065
0.2051589814676442,4.998520942285718
0.2004817391162812,5.202389009484888
0.2010007042811422,5.2282483775273985
0.20402433909286918,5.05703380583734
0.20011605567468757,5.266755435007681
0.20211604319831106,5.22691824282173
0.20577287620064894,5.266633303333205
0.20176107221782283,5.127539409331969
0.20660292419196014,5.08275789088038
0.2046113655756075,5.01779160795215
0.20117120289949242,5.091663514067235
0.20024986664754427,5.148880986512341
0.2003028603696434,5.220064201845325
0.20062896113242581,5.199529677969778
0.2045869091567224,4.928305033183881
0.20125118403453046,5.158047050004282
0.20138225128130166,5.307790521823611
0.2010538594323194,5.352584920659678
0.2135854365842122,4.8875499621045595
0.20126984741485596,5.178844750580153
0.20159700318035914,5.203460996560413
0.20059931022995153,5.376108156340838
0.20168173650051724,5.264053831485157
0.20339633285035733,5.120053957403539
0.2014767869555913,5.279747882369105
0.20138607492035446,5.148242011397979
0.20858417297758516,4.975830140972168
0.20349463747594052,5.213790495380128
0.20314099347971548,5.1340904633269835
0.20101931795436442,5.135387300289806
0.20013873664814338,5.246370465762538
0.2011185174634202,5.278688672598324
0.20565052984117424,5.0749495313643855
0.20359063326297336,5.193791317434487
0.20171758065257978,5.153802634020632
0.20177957048935094,5.304086910260502
0.20572519962087155,5.030898659360773
0.20266704439280908,5.018466387725696
0.20327587990682108,5.170677584616555
0.20202740407074612,5.286844266445655
0.20041558178685473,5.299442966897975
0.20487738135378697,5.097221693416784
0.20024639948139356,5.117608105281877
0.20359448692582952,5.185672673260499
0.20001785415740503,5.210818821332109
0.20020860861541515,5.253254642342096
0.20431887215249164,5.149564960837284
0.20076086334645765,5.1413836175190575
0.20052704095420135,5.2765808355529815
0.20092638011890943,5.266345371193855
0.2010177419479285,5.327850091917066
0.20018975410623832,5.1378331661209975
0.20159774012789777,5.140487344641931
0.20079045830840095,5.173752623791857
0.2015451446960386,5.294187032719011
0.20083824660019958,5.183154620348467
0.20088616971444606,5.215702352244269
0.2016942162368347,5.117357640711384
0.20422538602682386,5.18998174250471
0.20683410969216537,5.158891537841266
0.20033775105331095,5.2202723483421645
0.20139751701074174,5.258361299588364
0.20250433461895062,5.259433372673315
0.2013643993393542,5.254963718050414
0.202266460084526,5.184438428348546
0.20244837564398058,5.166409430770807
0.20879618630003563,4.936509648579071
0.20134321174984227,5.287483268772035
0.202438202858364,5.046598906795928
0.201503881245941,5.146658560824689
0.2057966469987388,4.941681574304539
0.20479447828422773,5.184513402260419
0.20321881205320327,5.127948067821982
0.2001640550134402,5.232342157195418
0.2006717912763237,5.312390109826467
0.20172965593131242,5.13125566292029
0.20067446622904764,5.272389751258956
0.2000820461915067,5.26979496265598
0.21232721106190441,4.879215360104541
0.20043375323053558,5.289968232454648
0.20099261256553158,5.274060557260058
0.2027410925782817,5.375247219622847
0.2009660759303635,5.126190633962611
0.20469266729803773,5.273176277517165
0.2051286688626937,5.046707290083181
0.20744556855272842,4.970363783956289
0.20245615946619677,5.187710080360618
0.20308380654289787,5.221726038664456
0.2042706704334199,5.131791897166322
0.2054556425635053,5.160809541937589
0.20097313654076565,5.167105227291229
0.2002417713068058,5.1849711587714875
0.20137539309057811,5.132893320241124
0.2018432080900691,5.185286845245413
0.20129157524923408,5.259028425161443
0.2018139625018141,5.251476963715522
0.20230572957914808,5.149839111407768
0.20539276551654406,5.002893944292961
0.20239692897658418,5.131530733286309
0.20137648922593937,5.160089564802968
0.2001476672268586,5.095317249321429
0.2028525724595246,5.105466081079118
0.20013768132354362,5.259416109887431
0.20407887919912227,5.206678257570837
0.20114589791868373,5.2391082225798655
0.20162661008522484,5.181571821073234
0.20106378197783292,5.166625212646256
0.20094296999230088,5.142465606696906
0.20045611136756322,5.185004320287613
0.2010654523787568,5.394275763458523
0.20127521457731437,5.379919743495957
0.20050051966525112,5.204184176434396
0.20672647037881653,5.148312415800035
0.20248613527621476,5.340677713028952
0.20023125136940612,5.2773032448320025
0.20544047629038978,5.101306991755047
0.20042972017060331,5.307022145630099
0.20391678263363117,4.978874347390539
0.20013260009976608,5.288587523786883
0.2013394188878855,5.083534022383698
0.20159690365292238,5.145218629929625
0.20314795718983208,5.108376014774274
0.20101055291179976,5.151166293897385
0.2012293766170069,5.22377581485093
0.2015629661814863,5.135760930314033
0.20432025597520212,5.040531789911302
0.20291852599915952,5.081065739024638
0.2137941018570435,5.036951436969401
0.20189106539701593,5.066865275602981
0.20003315812133665,5.31756724575252
0.200758361446582,5.2172515098723835
0.20219185160406986,5.095732313115859
0.2007041449019688,5.2201902082633955
0.20020119621622445,5.397602033289955
0.21177628876287385,4.900962383955888
0.20505147043275362,4.969055187427966
0.20108984278992742,5.25765387955413
0.20621732742225887,5.115372509413782
0.20094272328191265,5.290701315130197
0.2003974810089251,5.260216966285699
0.20924963887382342,4.941341558291515
0.2008078700192229,5.191090166707913
0.20265343418470716,5.209367989735531
0.2000929241715814,5.237538872711298
0.20092735092549302,5.203462411143941
0.20117759895961473,5.123615962497155
0.20069273707958415,5.144694685428181
0.20535050612238379,5.169501962271192
0.20169173402573287,5.233929823092845
0.2011639766318571,5.045645335944854
0.20013875422440303,5.209919022720627
0.20114780421895836,5.162538578866255
0.2029036746902835,5.223478232284328
0.20349467644130298,5.178940462041106
0.20000489569213734,5.312357383143946
0.2025553916162808,5.053037238472855
0.20053052946934632,5.206958610473464
0.20083304936243504,5.123415805011334
0.20409159489996773,5.044515591821506
0.20016543593537445,5.297207983569256
0.20111825702277353,5.2047835716664315
0.2027050436871364,5.120113458919318
0.2087078842796481,4.888003069760624
0.20386020840075997,5.16124523204392
0.20389402468294474,4.999124076170665
0.20277881001985465,5.1659457067809855
0.20450580563391416,5.0622065578560465
0.20094672267260405,5.345476491837046
0.20155595858264908,5.153994323995985
0.20526622433268535,5.153448553879788
0.2067711833317224,5.063467651888501
0.20571119366162569,5.057316674146586
0.20109352909461714,5.293703762053285
0.20096445420781603,5.268391190206916
0.2009388843838281,5.2152190165827665
0.20273018318029715,5.161768927657384
0.20034833415470366,5.1280982156704376
0.2009201873590734,5.142804776476821
0.20056216879608743,5.304726569246919
0.2023014363960455,5.1513590633351765
0.20081757990419183,5.1154290443712735
0.20002792334885383,5.136776563062364
0.20053962700883995,5.211090816483064
0.20037980036087585,5.294281529379357
0.20195290224373771,5.218144780692923
0.20591627984656719,4.954239261317298
0.2008741137144556,5.107304972198519
0.20037358787389548,5.334213040983771
0.20189364849345318,5.194521201890025
0.20763008540807662,5.026494195698587
0.20151999051438688,5.190063595768993
0.20206002473358406,5.125481176487958
0.20413596253781874,5.176533786602111
0.2024571343364471,5.187908456203883
0.20065895033534176,5.142071074161374
0.20079435460350475,5.363375271313876
0.20794144000001744,5.0419785484087845
0.20082165775214475,5.260863209570369
0.20022758921295877,5.200740194508002
0.2051081145151652,5.15206246709307
0.2039959588523088,5.1274446147976205
0.20080519190351281,5.283175910586874
0.2054315686139108,5.127848112836463
0.20162330817952526,5.181303500139571
0.20128902251615644,5.09243679752931
0.20526272810758606,5.196345020678251
0.20145419318186855,5.299033880445174
0.2049808667588021,5.262361188250298
0.20186598673922931,5.135140171815352
0.20230572957914808,5.149839111407768
0.2021722133990715,5.05401291083127
0.20808369201700905,5.019093956682666
0.2036431738564534,5.2177990560046705
0.20057682681825154,5.309715633649265
0.20007413083594844,5.389984869957802
0.2010619761151186,5.1434761172811765
0.2011246664120902,5.132267365546184
0.2059810513238751,5.103221848813254
0.20462034456601905,5.167584427136498
0.21178348341169687,4.975245957464922
0.20009781679389949,5.06272038992277
0.20066251464274737,5.2850812113312475
0.20395823524177237,5.062289180285505
0.20043048927769308,5.240622273568956
0.20262076527951922,5.052186944750887
0.20045507484568362,5.266053510144442
0.2065959915553937,5.056561006880913
0.20212803990521755,4.937470021142946
0.2014047739270611,5.2160315841385865
0.20220132170588068,5.223632925679115
0.2028172315275559,5.111565857932403
0.20128346259815935,5.162662411299031
0.20514863977620035,5.0230253644872995
0.20504795573748838,4.9322231729846155
0.20051082604367812,5.195211558724469
0.2018433616374046,5.0843480621162955
0.20025223288432478,5.341561080471606
0.20345703838711676,5.157342336132504
0.2040621898613944,5.196226567907984
0.20068600892481112,5.157990644318768
0.20070520527764413,5.214223926522096
0.2001338789273605,5.282516117609281
0.2047839000941776,5.027221758707549
0.20020114686263463,5.314805261010364
0.2010978630369764,5.1816650941520646
0.20185348884197174,5.186553199062198
0.20973096302303998,4.8415730642704355
0.20210293899254148,5.160236646001674
0.2000714125705363,5.244809877750173
0.2016264948982581,5.107123110754063
0.20114344225154893,5.257677995577918
0.20084285450421527,5.2278318820547085
0.20014297387701063,5.3054678062846365
0.200074457476847,5.23754477696405
0.2009038429214808,5.132434614270543
0.20203070319954902,5.174975335856691
0.2023422386696134,5.248543389053922
0.20271211882964965,5.204388373613607
0.20178994106130418,5.321072337553692
0.2004493730217438,5.264337983845811
0.201187238695886,5.119061855408796
0.20346107410811445,5.174192449107181
0.20107574741496484,5.155987825887873
0.20099815271807792,5.2006383701940395
0.20842753711051443,4.9348186205043
0.20184736942048045,5.063085499789697
0.21025450929636258,5.060084698337798
0.2067057806986101,5.125014931670274
0.21143433458413335,4.9492517254208925
0.2035999798469359,5.174566118364846
0.20488291789057014,5.055406932173107
0.2014593705014093,5.120393374843989
0.20135980116898697,5.187336520903345
0.20481281547959568,4.99933984538903
0.20154441149182903,5.199454099360742
0.21116212467193995,4.885864943863223
0.20072578046654366,5.256629294112594
0.20475965864046555,5.09775946213288
0.20259113481295882,5.118700344443295
0.20229809797421014,5.088582175893078
0.20154473018284944,5.262150874891097
0.20029581884194372,5.135951750972611
0.2017882504208336,5.222923436046235
0.2003665780742103,5.185825029795379
0.20126619884368135,5.192683148389889
0.2020792175009839,5.2381133439061465
0.2040365387236874,5.15014037202372
0.20179028128199414,5.114592244310756
0.20841160681452814,5.026116250196697
0.20593365730648128,4.990004266110042
0.20211700609848512,5.105027272058906
0.20239472414152587,5.18114185536417
0.20105584370945173,5.246511687043152
0.20129173043317874,5.146661321457436
0.20096335658297151,5.131990697518961
0.20560087502846097,5.0614805748294165
0.20310590954042157,5.251554953006322
0.20292214991847823,5.115601250781909
0.2010293272722279,5.157301291762617
0.20045981640537142,5.187261860526197
0.2019956687602597,5.161700789399373
0.20647051457590962,5.160849923913418
0.20403641532612982,5.136456966250787
0.20457055211717937,5.041553733631107
0.20681091555265915,5.03867477977642
0.20244146896442916,5.235885142336381
0.20361058000269386,5.232652606069644
0.2003988336609688,5.083221262078167
0.20566771739475548,5.033795808375217
0.20066864278493424,5.2921398772084
0.20911856246547134,4.940708156625379
0.20016372164679003,5.086850502503454
0.20157095167541686,5.1658789958251194
0.20219124507495495,5.159050781697686
0.20052476586623544,5.151937981040576
0.20074626649857155,5.172835651083602
0.20088214994592712,5.248564591258876
0.20073591714222544,5.311375439117213
0.20509733979012126,5.062402640460372
0.20183452631438095,5.162465616700241
0.20952350284737686,5.026418812092191
0.2016294322316,5.158783613171311
0.20631488063573483,4.955407638001401
0.2002356199500694,5.370967683773699
0.20649296060568445,4.9302856408183855
0.20366541507129407,5.232035815405405
0.20366843365701087,5.154349020998145
0.20586479547717998,5.107332735556887
0.20005324374795616,5.377808066100889
0.20343078552950927,5.144189307525752
0.2019390054967962,5.17115766700596
0.20121157034368162,5.336288976010869
0.2007966145730283,5.253439448014316
0.2006169755628735,5.062472578441228
0.20053591902557374,5.197029998899776
0.20389645929291636,5.053579172647437
0.20305479617895278,5.098478993865317
0.2001765498892135,5.202609690448565
0.20130872584244777,5.176720798461576
0.20107136345802176,5.116200940129504
0.20315680421703802,5.119954492526571
0.2016243317095268,5.159250371878699
0.2025107057036264,5.221312403887249
0.20619507396951253,5.203805527327782
0.20221209513997368,5.063524547353124
0.20085942646401655,5.252552834624238
0.20986504362710195,4.97362958447596
0.20020092289394661,5.260549269042589
0.2004745652239099,5.252414776673763
0.20001616592676885,5.327306413540666
0.2000344172984947,5.30384209602639
0.20285016280568516,5.175913285289087
0.2011305751027532,5.393353770765487
0.20166669755061858,5.250324402932278
0.2054260439734693,5.130420946969264
0.20323292180005098,5.188961456387531
0.2003934077118787,5.180639444584585
0.20580420137427424,5.1347079605170505
0.2015194802855181,5.181138811667768
0.20152336906402088,5.101849445728074
0.20043106907436037,5.217274561558719
0.20730223627672514,5.15365453316496
0.20163465922160945,5.294030380327889
0.2094026716131298,5.0449174423562235
0.20255069022711455,5.288736253413348
0.20060251778712757,5.253131289758743
0.20267104395610913,5.059088378408524
0.20175596735225962,5.105391138101634
0.20119364112848206,5.289791451107826
0.2007742589008393,5.240224262572415
0.2029372916501458,5.175641350904048
0.200952882662361,5.237673893935322
0.20953250613414443,4.901446949438232
0.207319837136218,4.938092500900445
0.20309554206136748,5.1949532794110675
0.20003866160765757,5.319054876828017
0.20005774629574036,5.274455597027826
0.2014115426179959,5.108210623217529
0.2001166181688193,5.215269917243228
0.2025305711847865,5.180831775694035
0.20111880363682103,5.201125442104354
0.20132834704621078,5.25389969335212
0.20317112174810115,5.093991786125637
0.20098555429157233,5.1774918054509325
0.20490535124493284,5.096768956888996
0.2016289873234138,5.191955566247751
0.20122088292523435,5.196955401129462
0.2002477722876814,5.186768428986492
0.20759919485698053,5.106635869399557
0.20568071719486966,5.060948160191291
0.2042952932880079,5.1701532304141775
0.20039824521912922,5.427229812208859
0.20379755986875542,5.184955429777659
0.20007014077570426,5.287681336244143
0.20026763662829977,5.224654254771683
0.2012039419325357,5.215910088951865
0.20178784201430044,5.109168764583057
0.20076020819368062,5.227711236446886
0.2052667083592203,5.226945521519991
0.20346463139449944,5.134744910991482
0.20225698962335856,5.184258907658728
0.20633443494223386,5.190879476385669
0.20084599885308915,5.243049259452601
0.20196588648922734,5.379585747196797
0.20109418786988542,5.267624914368179
0.20290659365331448,5.0978533273921025
0.20223733778811323,5.191436173894509
0.20038589012319122,5.229732503614778
0.20197109814260014,5.149910336040638
0.20281728780181763,5.166153987794002
0.2122425872580176,5.006371459574514
0.20277012405873712,5.095838691114249
0.20524059304271142,5.080195473086124
0.20011436977839112,5.189669599659082
0.20834596054438193,4.873386678968263
0.2038431021030666,5.068704158786187
0.20443001868803456,5.2039443764072315
0.20654449556063587,5.02132187748076
0.20633198044582227,5.0270255621172515
0.2001189018288484,5.315143655675045
0.2023971899118463,5.121496421496945
0.2037122628180891,4.980790489622724
0.20322375234342022,5.067898509611212
0.20001524037428076,5.273994744198494
0.20255482493199364,5.208505559484608
0.20488566440217376,5.00066885681386
0.20083256594198615,5.306560530775357
0.20069916315646574,5.1098384484919785
0.20347411182661582,5.139633454491863
0.20182523256255597,5.209314388025193
0.20680254700492398,5.132912403489889
0.20324641845148114,5.131894958310868
0.20779799905313587,5.065735806507824
0.20225733080999292,5.167354128150717
0.20058873261401727,5.188459667684372
0.20047401775579798,5.234930304505589
0.20359974341055806,5.063983375245014
0.20059657555507768,5.107002238551745
0.20276085958478937,5.2578766973909055
0.20021183992314226,5.208409923719874
0.20248398485271452,5.073414331600055
0.20399817907850226,5.017271143520314
0.20019107794416705,5.2467197169719
0.20549963463947485,5.115298514663916
0.2054196975291405,5.155286437474602
0.20140840243965757,5.291608356127746
0.2048390411244708,5.08254103916624
0.20274816837936424,5.269431905268523
0.20384836865061934,5.213599087062904
0.20254808542285968,5.091124449571032
0.20090544833566637,5.171634293679324
0.20428784966528252,5.176598329408766
0.2035607532979375,5.023870430968355
0.2008997975884058,5.185237439770152
0.20101122237298008,5.268850775823808
0.20381312490566397,5.08725144453206
0.20015185406229394,5.28711909514204
0.20143449818162062,5.23728515544851
0.2006297031663951,5.171273680874796
0.20027051571424465,5.171836001557807
0.2034013508721474,5.119764332380496
0.2001950660338987,5.13028349208638
0.2001866208404637,5.275062920669145
0.20025223288432478,5.341561080471606
0.20129386927258183,5.192904828152071
0.2006856004515262,5.2330299454823415
0.2061715178978824,5.176413040709937
0.20144746779637615,5.226962181527347
0.2096786018462227,4.955957612388984
0.20162125829554778,5.207451169796641
0.20220570504801996,5.1865428660622745
0.20124106142530102,5.186453382283362
0.20025581330720346,5.268569112539439
0.2013986956812411,5.313555675752657
0.20237062072809525,5.192527964975694
0.2032501124079157,5.141383376989973
0.20749236177397798,5.004480951250634
0.20078211618583994,5.178135267652818
0.2033730203415865,5.162187912767394
0.2095229435119879,5.048351243874419
0.2018510683559615,5.051656801423973
0.200438083027663,5.363202336445258
0.20131792288059502,5.030917251600739
0.2005148493430025,5.246639366068796
0.20116364863336234,5.292793140773197
0.20359660949117017,5.114907741836822
0.20397852888654844,5.132289244801047
0.20105244038580833,5.24392834928896
0.20031416581695313,5.2283096094867245
0.20643666794440427,5.182406882462335
0.20482384033220516,5.115824064185337
0.201723051429075,5.150736938494815
0.2002430791236044,5.242271038871332
0.20414039835934245,5.158221415037639
0.2006443886780003,5.24492151819104
0.20000190934947992,5.15691699178043
0.2003411192535769,5.316248369204366
0.20825818568188756,4.983339979797748
0.2020479274148658,5.163761407360846
0.20034329826152714,5.225196045322304
0.20009862128153497,5.188161319500628
0.20315966520716597,5.076347739552543
0.2018693508644803,5.190528587701994
0.2023694447654961,5.251322299728686
0.2026582178205422,5.2946212858383115
0.20082967511989963,5.210140214261751
0.20278004936641633,5.186686888409407
0.2032899195619189,5.162318712425994
0.20362852319756633,5.222291033634046
0.20344972186888652,5.019436069732722
0.2002845447590255,5.253822520970814
0.20167080210305094,5.278174283890898
0.20058803927459246,5.25606197367139
0.20189882246983873,5.2528107582067465
0.20055291651387483,5.3853205434212725
0.20060520943341914,5.218276017192059
0.20147174502052193,5.055741411350648
0.20138322262183392,5.2353244758440605
0.2028473539840382,5.215198987671469
0.20099482647004488,5.163019529247955
0.2027008348001201,5.15483550652925
0.20019665782215848,5.274336595967895
0.2009264913054291,5.190700432446522
0.20076609327516948,5.2009495050291115
0.20230966657101,5.236010846028646
0.20202414587758913,5.1048835292032875
0.20214797801335274,5.220027764585812
0.2034116734998291,5.038244574838115
0.2040399120905791,5.074967892344131
0.2042918038514869,5.307234385694665
0.20170353442280015,5.216528649543393
0.20897138468976442,4.888704155700225
0.203681385855499,5.421591729849269
0.20009054767143572,5.247374261146051
0.20498409256429914,5.077264453574856
0.2028373252695606,5.187312581191117
0.20127871044602988,5.13452117161916
0.21024136964990792,4.88217418759084
0.20030438629276728,5.236323940822764
0.2034067419706282,5.2194390835365665
0.2035082401774103,5.192334340779456
0.20063403022515597,5.153055374291701
0.20161551156045948,5.1433981715378305
0.20054714258765255,5.35215686486983
0.2009030631782799,5.258125381438691
0.2004321893970642,5.274795590818685
0.2001092803883631,5.193703036529886
0.20249708191321186,5.266184071979141
0.20000744326454292,5.2194783676962615
0.20077759170095552,5.251445424834091
0.2053920181259349,5.100350997980041
0.21015522434412334,4.894260454034024
0.20131430258836713,5.176711864749237
0.2099045615703204,4.974337913362655
0.2056921868960702,5.062480343371923
0.20340596731463664,5.2054564069766105
0.20184193698102987,5.255325972092096
0.2048982502397801,5.146312500714663
0.20423600054785518,5.286913852221677
0.2016255001794542,5.220521568260378
0.20044612464672062,5.266405515375334
0.200248602434717,5.2037587703339
0.20564426037567435,4.984248096599539
0.20097357072213462,5.2760001220250725
0.20059425545262485,5.347272734365152
0.2008095490141404,5.1774233539389165
0.20639088427694513,5.08831947906829
0.2008663130990167,5.347568669264925
0.20014513831686276,5.319897385102276
0.20010232027772923,5.2367420295795615
0.20005940598817043,5.278012591930089
0.2069644224814001,4.9404809587146845
0.20429718019920118,5.153412462367702
0.2017899677196822,5.133815740241544
0.20320078953780712,5.197125226466702
0.20095879086959956,5.019819029771634
0.20098278425312924,5.12780044026145
0.2023953564828511,5.145754954841472
0.20034845924802785,5.247084673507488
0.2015644203887977,5.215138550290615
0.20063024066535995,5.338641224841935
0.20492514767839776,5.100527253899423
0.20216306236226242,5.345206282659164
0.20197781982160357,5.04860493357522
0.20233978777608644,5.114405797111285
0.20095178775119618,5.260122555886552
0.20554613455328483,5.014848393346683
0.20319601722399774,5.3073718767061
0.2014378620910423,5.147645817454819
0.20272557461707386,5.220357260662587
0.20227799584270362,5.194500120934544
0.20198446757661767,5.310862535895758
0.20120121287563988,5.369704811821253
0.20104558325602406,5.189214795696216
0.20252372641511446,5.0929925492577945
0.2006737737884845,5.109317871901382
0.20079332659182256,5.254235731308631
0.20218120658908328,5.201899153940393
0.20087476586132896,5.193174330993019
0.20116172959677556,5.185385386755805
0.20087525880055979,5.231990871781822
0.20113395780477858,5.261699824262083
0.2004827991245586,5.275527566926605
0.20712167694999298,5.060454435780058
0.20238035615818575,5.1557885296799935
0.2012691925762909,5.122024615916975
0.2024740666492088,5.105738964903472
0.2009274735750968,5.196447391947554
0.20919147430560828,4.925768960091108
0.20114066717820617,5.191649238624353
0.20084916810274328,5.214102843795188
0.20905088513440082,5.088516751883786
0.2050412063329156,5.071401558258796
0.20216639776864978,5.294994766135664
0.2022129061354982,5.042583169779464
0.20587579948200055,5.01874384244373
0.20430614898839514,5.043395781183813
0.20118079122694585,5.297122956905594
0.20114344225154893,5.257677995577918
0.20235087428278953,5.294324294571411
0.20052273963289402,5.255237139148495
0.20281911370312808,5.074233011553489
0.20674911615094874,4.901431912855688
0.20493490949548188,5.184635406730524
0.2021064546418878,5.228871077520814
0.20165014506416987,5.172273859238864
0.20144609427998678,5.042972040917983
0.21128680144989936,4.976602894144445
0.2007788543415774,5.233417476668103
0.20256429242527646,5.180149685853178
0.2021603569921909,5.150382620858835
0.20582088203874935,5.103221082945271
0.2077041357668143,5.130465717685423
0.2005066706251189,5.298481976149346
0.20398658533937056,5.2171472838152795
0.20090987089926918,5.1865344553479
0.2010592527428663,5.344133598996065
0.200206253760362,5.202714284714661
0.21100438482665568,4.928624903578628
0.20155120508400026,5.1900457594830876
0.20003759353036848,5.226704330274695
0.2027363057794906,5.138940637723846
0.2039038309326304,5.2528239267915495
0.20002569923616878,5.281940044216783
0.20100535912085185,5.223920661902694
0.2093530791165419,4.970739320789279
0.2020446318635972,5.142246240741799
0.2001192202556085,5.301752654030621
0.20526511147963464,5.169366332756381
0.20084235649150198,5.427692504592179
0.2002331010807108,5.136603761988869
0.20309204618841198,5.251824623583943
0.20036359031181517,5.327781455770452
0.20088263754082403,5.296617077431112
0.2022542069933443,5.1534935936281
0.20097401183207136,5.151249601173744
0.20071786713327502,5.138081744129653
0.2004387111713964,5.167105918730336
0.20101869578817846,5.090297704174555
0.2090851359249794,4.967440901730876
0.2016147927221134,5.169921514166195
0.20133533236076356,5.114112980189476
0.20012656686517385,5.3386159728137095
0.20403680775496966,5.098137066373421
0.20117959524509965,5.341050532177827
0.2035089063277252,5.0303031137106435
0.20561177893787197,4.966099328158537
0.20163930521477078,5.243463121429464
0.2020349616007195,5.102164138696183
0.2014936165311534,5.109176085721785
0.20406659979983344,5.080177084602558
0.20019155218926585,5.121752853137768
0.2122278417245976,4.915502020772598
0.20280165410370343,5.153690764088166
0.20054577965504353,5.200118550777672
0.2024184471215239,5.146882897465867
0.200431738425026,5.216781167081769
0.20114344225154893,5.257677995577918
0.20013361692926857,5.283197313243691
0.20400339706258458,5.148600308194928
0.20326832424033808,5.16710745679396
0.2022768546650519,5.095212195455271
0.20235555512613568,5.167104984041005
0.2009222479446728,5.112879566092556
0.2033588609512048,5.032778652286512
0.20073588957813673,5.230877510225784
0.20504385727182545,5.036955344746245
0.20393735036864213,5.172140209381296
0.20120402865345724,5.137669422744493
0.20718888580925218,5.002333438006157
0.20327587990682108,5.170677584616555
0.2041837061744426,5.123886621817917
0.20121066751025307,5.20280993645844
0.2084862136291834,4.96971031569132
0.21127397035356676,4.933754681987134
0.20107392866709783,5.1067337752881885
0.2051587789586532,5.048966807008833
0.20504472202070306,5.191104826922374
0.20091183487288272,5.230056034231609
0.20151643301776967,5.127700211931193
0.2002471229482762,5.3456884075005515
0.20040009576632165,5.225422723174879
0.2041134340042806,5.069965876205313
0.20165998445104533,5.189669369508253
0.2024325003738751,5.0761245710153
0.202666631798812,5.234033286366514
0.20055019196173673,5.3353015592265045
0.2016613933775709,5.088217869135465
0.20617205160500007,5.0957719861441495
0.20489587940389292,4.993939145773601
0.20085351427641346,5.247178907425117
0.2006774524083831,5.291761748520521
0.2032839384553619,5.17684458005601
0.20156644891753267,5.274371447624423
0.20043191221318002,5.194848847321541
0.201137436319737,5.285942375019674
0.20216820296342508,5.185697618511802
0.2004544815254493,5.243816683205233
0.20333756405744816,5.124554003078109
0.20303184869574256,5.109763213795579
0.20240512738371585,5.350474038093696
0.2005663969408909,5.330447842802939
0.20273537486001825,5.188055509195532
0.20196816568712458,5.084489799435326
0.20074056732729656,5.348936506395503
0.20208037551550165,5.233037103949343
0.20056368695998691,5.407116813669569
0.20591860840358964,5.080452425478403
0.20637035906274137,4.961648037998131
0.2037672750853442,5.125599362916328
0.20149865254426494,5.248485592479057
0.20332229274661492,5.100112966230784
0.20284004450566584,5.228439405729992
0.200844358146562,5.230939530841592
0.2037100873759243,5.0092714290148574
0.20222647274169775,5.229399081767812
0.20445388608746032,5.0575980563127505
0.2007120039491008,5.143981627697838
0.2055802225664227,5.173886351807439
0.20102500985379193,5.196522764538846
0.2011925544136152,5.173263831154723
0.2112474416072673,4.844751465968251
0.21224447380217232,4.730065824469686
0.20104729701641275,5.235727063526184
0.20551171039247235,5.088595952759543
0.2041665499334847,5.069252753686355
0.20008496249040167,5.200389149341811
0.21216389295761745,5.052964252983804
0.20043653433346986,5.211272755765674
0.20271036965184014,5.037894789824275
0.20209738492606447,5.2100775580335075
0.2040818539675509,5.094082162883516
0.20619017114380545,5.14483715426048
0.20042824365037865,5.24343841479155
0.20161088959176734,5.235146695142407
0.21007389625455006,4.783819529050665
0.20014946705377207,5.290773266636246
0.2000432909397605,5.198609204023622
0.20149739901289374,5.219765208387704
0.20030116984986268,5.174394471938934
0.21085979549622383,4.921989940104436
0.20221257985535476,5.170596756454128
0.20000689695174972,5.366389538438032
0.20241701692486047,5.312451875336857
0.20154804419266656,5.203162839359397
0.20105146883371866,5.2270991645989975
0.20196588648922734,5.379585747196797
0.2000643668918125,5.2191678037654645
0.2020321501954731,5.181997560357731
0.20688192491541293,5.140547648529853
0.20050114723403778,5.267326960601247
0.20180782701457045,5.280834647144235
0.20116334310949785,5.108435410093244
0.20292635253675528,5.273644003586115
0.2022339312350363,5.3608464165192675
0.20212260484343852,5.225826776445021
0.20210293899254148,5.160236646001674
0.20039722035078195,5.271152934130062
0.20012861109109706,5.261188011632178
0.2020752348284194,5.089114967374807
0.2079846989800608,4.98555956129089
0.20107667051211056,5.270785938204371
0.2016220061392066,5.216174358558377
0.20179033357092505,5.097889083128534
0.20465550019072662,5.051054295516024
0.20151643301776967,5.127700211931193
0.20112481388153228,5.036800907170509
0.20004281751611508,5.266752049433138
0.20110724433814137,5.263371135684486
0.20331141072429476,5.19739547294998
0.20166877037494615,5.2301128973508835
0.2006396002563951,5.146490400257318
0.2009361964042903,5.267092560869999
0.2033491880781478,5.258963342610268
0.20027051571424465,5.171836001557807
0.20148793972959297,5.260577219563751
0.20003201188600506,5.08079055386588
0.200014555966747,5.206131342778971
0.20008311508087695,5.03537456520922
0.20046819107966807,5.297386852299397
0.2023285617350216,5.115727049487528
0.20203207950743207,5.115743333753594
0.20186960827210426,5.168433161921035
0.20083773430167148,5.30590696468733
0.20148333770790622,5.119794045934973
0.20316652316152517,5.2698317588728765
0.2024015193901164,5.1035195357899275
0.21300264011517747,4.867636504154912
0.20347198855724685,5.231756669783331
0.20371935023925178,5.18152035894336
0.20463738314737134,5.134994835358687
0.20110181071463823,5.218299921461994
0.2011410796647197,5.126348053315694
0.20001391789397696,5.328531028649084
0.2009510173732292,5.326874527465351
0.20192391259980497,5.160987009153764
0.20291494261217993,5.232828749712009
0.20131431581672482,5.058863673901518
0.20063561159625679,5.0161609944087715
0.20146595931096692,5.197092951672664
0.20304512190179622,5.196428981218641
0.2006209719464549,5.17176996168545
0.20140995189841046,5.295554935206124
0.200651774641511,5.247322556158754
0.20077938887719596,5.1019216513031465
0.2027008348001201,5.15483550652925
0.20126056117437152,5.192658667780818
0.20224182846124913,5.159507318620334
0.20066587725187843,5.152349388811307
0.2001006605898594,5.175707162665441
0.20641038436318007,4.996267042273916
0.20237062072809525,5.192527964975694
0.20613063162616807,5.018254066080391
0.20078019248301496,5.179986777278091
0.20044122305004244,5.26261177872187
0.20290789735446454,5.202365675675662
0.20279590662530023,5.250343028251791
0.20020581675855198,5.4037391263823515
0.20062235725851227,5.336808516111162
0.20099751428303048,5.248659322483753
0.20057953619065225,5.128733042926903
0.20011521774449403,5.241036074627334
0.20215361760102912,5.061981281690735
0.20449029885436937,4.863031320257488
0.2030944936579865,5.320159232531296
0.2063462000587116,5.001856509700907
0.2051532651359451,5.135526511515682
0.20013291623789922,5.3898625943518
0.20092138458224842,5.194031417191035
0.20201661920775163,5.132988853245515
0.20188120712739224,5.157663949759008
0.20837744083067214,5.012120710864513
0.2058848492425822,5.17171618013437
0.20146608715547176,5.213350311968058
0.2041208003796477,5.129992619542937
0.2052015351763795,4.988197847710541
0.20159580776932334,5.2287943187977834
0.20141496076180637,5.233529306189838
0.20042710055529794,5.152707816031525
0.20230077806945562,5.338964043232868
0.20123043818990746,5.2373655734402345
0.20287582123104408,5.0656876847192
0.20279400427160876,5.126757043190945
0.20115777844734267,5.191530146531932
0.2053730224513402,4.971902806753371
0.2013708766201727,5.2476662709645066
0.20167190320357292,5.17494890015557
0.20026841864095116,5.225949267331421
0.20913441852755008,4.927388543945854
0.2026160314511008,5.117804252091173
0.20155518783784926,5.255869508235886
0.20059607258334233,5.362110256502184
0.20196674662820124,5.207620427961031
0.2000483667125211,5.263211680523321
0.20490800829992126,5.106866256107197
0.20155461881692793,5.262577444046866
0.20504792507067854,5.003441256310071
0.20548096879803332,4.980573732895859
0.2017567287697628,5.148698043443223
0.20070078468779123,5.201005412801604
0.20286120667291435,5.210948492537511
0.20024216734222527,5.270378602350518
0.2007231340113451,5.201850791107445
0.20230347276878835,5.153621069879901
0.20073017593061104,5.233078557792926
0.20107812869230518,5.1340279969216445
0.20030527454489724,5.236871986375909
0.20111308736008418,5.22455962557409
0.2031983421857758,5.237392346565268
0.2077703824413327,4.991436047261149
0.200490182035978,5.144745040388756
0.20004666232215268,5.191126266996342
0.20958985024269344,4.887859913166495
0.2023570811065199,5.047926854324144
0.2065047073686949,5.201466953000861
0.20173110838933137,5.274664253676729
0.2000643668918125,5.2191678037654645
0.20240670941465297,5.121634373162687
0.20099815271807792,5.2006383701940395
0.20568071719486966,5.060948160191291
0.20013061617386121,5.240319726984632
0.20008761792267202,5.087053820737335
0.2035607532979375,5.023870430968355
0.20519541320633577,5.07753090760461
0.20149122540349312,5.081847429492085
0.20079150176075672,5.2304593886539354
0.200423886471655,5.202397791593099
0.20635622412417406,4.93516820967133
0.20072375275759774,5.283216132430983
0.2027242758959794,5.0187036827202975
0.20065285318957798,5.240006663525253
0.20175543495617954,5.158896982762314
0.20356575212320357,5.194025375213113
0.20114550884878135,5.307679538517781
0.2039974200376481,5.240336731508411
0.20398039327183584,5.165951234163707
0.203034805941926,5.09556116964428
0.2029767119112046,5.153410753845532
0.20017260028691358,5.291705113607488
0.20072375275759774,5.283216132430983
0.20473688887342384,5.190418744510897
0.20235275499585953,5.239811756934971
0.20098543007235461,5.234765071292133
0.20161413389438526,5.303548457982925
0.2084104710296193,5.1193664080835966
0.20292425881539214,5.146657856570719
0.20195696475880173,5.08300696553896
0.20741219981399941,5.082846794246484
0.2020462070446185,5.075150520023726
0.20018268735608724,5.237106881392615
0.20171677395769794,5.179604437444524
0.2086041985994931,4.942283347296547
0.20085576690376003,5.364107586412476
0.2030373088294382,5.162070219342834
0.20484491518490291,4.991500415015162
0.20060221418357782,5.298724856439252
0.20720804169528156,4.988092491958856
0.201944972441156,5.186699574084393
0.2042145599289748,5.055331911169222
0.21168581595516006,4.866166832242018
0.20458365273013146,5.160865392461281
0.2047245083388555,5.113087855743285
0.20083296804519857,5.075286503876371
0.20372060583145132,5.191368137800942
0.20464111869878254,5.1058288217287435
0.20191492909504044,5.095685666422511
0.20236471442304854,5.247340447736037
0.2015116944040218,4.99867671333102
0.20302380802923772,5.279303556028714
0.20093160561135792,5.074851133174077
0.20148430922807745,5.387206231348685
0.20093693064290724,5.285397576732663
0.20141820719790368,5.14917900275101
0.2017928193547358,5.120062600070566
0.20159906749844864,5.2765617612261755
0.201657937269416,5.182382124337973
0.20032566698432455,5.167888714040324
0.20681091555265915,5.03867477977642
0.20279394305254422,5.16928495959562
0.20516681885771898,5.167611977908686
0.20415002824862907,5.162255706521935
0.202955982276804,5.170873594361285
0.20000691181122124,5.288551494743759
0.2020639549086853,5.2387731009084595
0.2007470767443379,5.287567091681848
0.20036682894743785,5.33592226643058
0.20131021955399667,5.249185561009644
0.20001985152075727,5.274320816804393
0.20109418786988542,5.267624914368179
0.20099265954521922,5.3710156418672055
0.20123326751137458,5.1922567857300965
0.20606809043436963,5.03518562743039
0.20112088368659645,5.23859948293064
0.20128261581463697,5.289271319941747
0.200468289218832,5.0948612094991645
0.20150004962242793,5.170155129717249
0.20832449654283086,4.9009214990593915
0.2001706335458182,5.192686581422579
0.20142846214109206,5.193546645335958
0.20110513172613478,5.297828895078567
0.20060515590064748,5.293410609962715
0.2024012837799004,5.381763483778449
0.20094935148826135,5.255608517190634
0.20363720668457713,5.1835610218345005
0.20079211325357102,5.382782619289057
0.20337553966913127,5.2105179230468375
0.200375418997079,5.299757504577438
0.2027242758959794,5.0187036827202975
0.20256757120314609,5.099667322256825
0.20033606581103608,5.28835962625794
0.201441066060487,5.131799214043102
0.2009028765993864,5.212582763884729
0.2023871758112427,5.16787240740883
0.20100307493860164,5.102452383346878
0.20791326664388815,5.138255478347822
0.2099849510595534,4.948721535754595
0.20537021535752673,5.070616617774844
0.20053178219105466,5.356849225792018
0.20108984278992742,5.25765387955413
0.2056747943904755,4.981993755536687
0.20783546639250508,4.951434102281389
0.2000596073182189,5.250933838586116
0.20220496357964138,5.118746512861309
0.20095874064740668,5.239632586600111
0.20167982820514382,5.237848285347261
0.2004400853826444,5.373718944244756
0.20274097734793015,5.201252982143381
0.20481174641540406,5.1746483388269064
0.20207304096018724,5.116562337688307
0.2001139605580035,5.228556936685475
0.2019759317544798,5.242054378722028
0.2028684700483542,5.10654415353504
0.2015984212549337,5.234968055569446
0.20116843866183204,5.2618757907669504
0.2015695271438348,5.2904045527706405
0.20302452010215788,5.2981318473643615
0.2029661155540531,5.224155872968909
0.2019657339970553,5.255365188050355
0.20480929936307604,4.951783600702484
0.20382458156794045,5.17176346504062
0.20050786156938338,5.205056242406734
0.2040832877658086,5.107356165262902
0.2018994248924454,5.3269137540798415
0.20256123871995102,5.029191425180277
0.20193123258959872,5.330236409657343
0.20038050239540298,5.080370631514908
0.2005763643548031,5.13113175377329
0.2001199188552656,5.300105289375118
0.20163301291678115,5.33448926742333
0.20758558158836082,5.060315030289792
0.20089969140408828,5.286246607281602
0.2000706131388879,5.217501019800287
0.20068612881113534,5.177205877606551
0.2010704880554745,5.098776243757168
0.2039477653006769,5.166543886405155
0.20156669501466828,5.155543699112739
0.20303914723250582,5.213651994380537
0.20048810299095832,5.076754588846062
0.20049987143541295,5.070242435493369
0.2006555303514812,5.160860299887633
0.200188674276157,5.180529632951381
0.20002104651648825,5.23333407214698
0.2003378702870512,5.297328874032998
0.20222023819946103,5.266670986358257
0.20002057424444183,5.158159008928099
0.20107613822728032,5.052662160821391
0.2048898014032948,5.071083123208189
0.20197817526314885,5.241623751932239
0.2077734870967247,5.015377291035829
0.20068786501910651,5.251328126407409
0.20230124989376674,5.2121994403133725
0.20133058599702602,5.169199288901977
0.20376804291303374,4.97445171900002
0.2011868056205856,5.240826351294947
0.20114342047581188,5.233366758858915
0.2035529474808285,4.945508387495812
0.20048987965270185,5.158268679921877
0.20011510646679867,5.203613285006167
0.20375331842548078,5.170922359194257
0.2003048255953993,5.198768710801942
0.20081700424939947,5.231477261235766
0.20300154844750834,5.240543646106867
0.20190129337505103,5.2919277719278925
0.2028014925299327,5.016954622809076
0.2021738940072535,5.20796005459791
0.20127101491502244,5.237657170168578
0.2026773953984771,5.174871498808134
0.2014106924714662,5.069452169713708
0.21169006404697402,4.991985690594007
0.2009274735750968,5.196447391947554
0.20035186121009224,5.226613788363856
0.20206363482102518,5.0943408742042156
0.2057986301029559,5.072863589175779
0.20109804710568047,5.186620671326904
0.20096403537722374,5.19925373201667
0.20130267739763014,5.11299832925946
0.20216754886510543,5.11353820488175
0.21039865843564418,4.859355027475403
0.20529679337077172,5.20767455123269
0.2011674679385482,5.160242092566669
0.20061217081212587,5.135674791402125
0.2012386791715108,5.1763665634848
0.20214538768748605,5.027741664805643
0.2040958024224178,5.172732054182847
0.20234727056570065,5.242281896486228
0.20318305047958501,4.999278466037123
0.20262656251072775,5.097534851048082
0.20073041494095847,5.185098196783904
0.21193482240916742,4.930833135554885
0.20117449669028267,5.218316659755825
0.2008749105002874,5.262812148226537
0.2083555855792353,4.867580741473342
0.20173232514257403,5.142770044719438
0.2014285407022331,5.155974364738138
0.206682573029839,5.125448591692222
0.201390168136058,5.25363660583279
0.20404572078626693,5.036447011463199
0.20042158783091676,5.320192587255462
0.21096264607821963,4.953314604469587
0.20528146324597396,5.071546151029503
0.20164841105266265,5.1596358025236535
0.20711107642800758,5.056254980341206
0.20082905302110454,5.103345543467943
0.20141516270604976,5.08762250025565
0.20522688755410065,5.1082477457126565
0.20176953649874288,5.247939920509194
0.20125925540509038,5.182915931792896
0.20076291265473634,5.2157070984934215
0.2000416279360149,5.209872220677062
0.2052331065193445,5.130762351831896
0.2030472684723326,5.12404654970037
0.20559687029817308,5.135989121717719
0.20020590844531352,5.0444417819307805
0.2024391000155203,5.138806053487891
0.20272597751716573,5.27909421595809
0.2009732415081234,5.1030075843897675
0.20067806247136774,5.284408192967331
0.2085693647936048,4.988586190977199
0.2019145761170296,5.237719444806627
0.2038815236673234,5.1001850612293005
0.2029996909736535,5.216310823308361
0.20006172583972967,5.19090493844769
0.20089228208443377,5.292640553134485
0.20125838873729332,5.082261512123751
0.2029594429521635,5.276400602611139
0.2051997867869158,5.042446041334513
0.20155865377423982,5.202591043160538
0.20179829567419394,5.276198084196826
0.20101727527822416,5.212167796443546
0.20063814333776808,5.17610925708704
0.20602811351757522,5.0535875577340175
0.20343685668112066,5.116104619049368
0.20078407019986744,5.199263752955276
0.2020060192433912,5.216195787230618
0.2006972604346116,5.17567218967434
0.20006114259951016,5.215540092448956
0.20685651778090952,5.072719292333698
0.20347631757879267,5.060586153305847
0.20275761711665463,5.076971763329113
0.20007185347883666,5.119138942282456
0.21307170691283783,4.811996689608722
0.20036925463611763,5.234121643882446
0.2058254847199405,5.020522831478364
0.20257792645042494,5.075442051628065
0.20230319748865044,5.0663257255131935
0.21066819831680242,4.705327683845946
0.20229622559790678,5.221784772107709
0.20050547184695708,5.27827573313318
0.2013022587324959,5.323045080260158
0.2018813745575669,5.214226575543171
0.2024377332493268,5.187859365539001
0.20344970051449346,5.23243596538172
0.20110227590110108,5.281169015360794
0.20097029485477827,5.191902974523128
0.20379784979542567,5.240495376268047
0.2045495453497566,4.9845489027421905
0.20192516360569024,5.180281423343707
0.2016141139235087,5.120958086858949
0.20019266675452338,5.262424049875015
0.2017687931302896,5.125773909169901
0.20031813651629465,5.215907078727488
0.20100194043740235,5.176875754225538
0.20083427067458218,5.1552019719052256
0.21232721106190441,4.879215360104541
0.20142804402386238,5.234808727048174
0.20234453234831049,5.04240603112797
0.20358046775606292,5.255320731575891
0.20334814028522075,5.144168157494761
0.20063561669806737,5.322481974351778
0.20378049056967304,5.200513540724363
0.20456058816416264,5.0932669997456825
0.20034091158432515,5.222576210190362
0.20066742021443557,5.128327491932881
0.20943943989183686,5.023486138077508
0.20194674878681637,5.25418367965276
0.20177326377762966,5.189245901077978
0.20027424151933623,5.19588087276154
0.20099221793855274,5.206424903763937
0.2019887029856307,5.270058841394036
0.20100708222190067,5.323721659974219
0.20202274424153316,5.194696160155843
0.20016677914774586,5.21584432662053
0.20055330058325738,5.202696019621427
0.20427268743374483,5.157178621144208
0.20218465349223042,5.263192468328412
0.20034871162495285,5.2971637947718
0.2016988378409195,5.247020100914875
0.20602326048043154,5.027699333732937
0.2012071168044217,5.192966288833695
0.20122115831689727,5.199744842694794
0.2002517722480982,5.112811653458401
0.2045084223031797,5.03483916374943
0.20158185328697212,5.186978203751661
0.20327266483734077,5.249397820966212
0.20133477699910532,5.332928103541972
0.21104253505565262,4.967529650534638
0.20239744361425333,5.152128798451819
0.2029325296300646,5.057691600860544
0.20356372536697442,5.116214872084591
0.20200123485630236,5.167532843986892
0.20016169633294673,5.244783894377696
0.2020479274148658,5.163761407360846
0.2055240275868915,5.160580989652364
0.20177957048935094,5.304086910260502
0.20176598870066229,5.244627264499855
0.21530003145113594,4.939229307211928
0.20060723645422315,5.155751045493146
0.20487597278252417,5.033968450213997
0.2050570527107296,5.161411920837698
0.20055761734196587,4.963813610791735
0.20532395717110055,5.034411037992654
0.2000432909397605,5.198609204023622
0.21958696652206167,4.786830341901131
0.20773354386918413,5.1072954495917955
0.20319733332053425,5.138990950448919
0.20098780368243058,5.3734926894517905
0.20097015594835674,5.058104857005774
0.20408915111139336,5.259904442296573
0.20548467220078387,5.223271920581587
0.20245587084492372,5.111378568618101
0.2005170596946567,5.123444561329959
0.20260236795241862,5.195898149473694
0.20855328515192048,5.095566535893599
0.20152776847169668,5.2037236171483565
0.2020645012415349,5.165691561175932
0.20344863673024774,5.275599542301465
0.20063561669806737,5.322481974351778
0.20022758921295877,5.200740194508002
0.20325316347243358,5.109993948029715
0.20073872620966068,5.211879673215579
0.2036327319485894,5.059031007977695
0.20112956521183917,5.043076466719605
0.206187122305368,4.983171217775569
0.20064993801065403,5.093808989730133
0.20089816200933605,5.219021980852076
0.20271245908109833,5.139924768348974
0.2028887424862201,5.021727536133336
0.20098229876247523,5.114651393804374
0.20088616971444606,5.215702352244269
0.20673746106165647,5.212222998365801
0.20245049320164302,5.207392378550393
0.20316722469232737,5.072549063400476
0.20038989575540628,5.3488082447308845
0.20101115339927858,5.142572754040812
0.2012253600470009,5.109905716229521
0.20178075265037831,5.200710228939594
0.20198303682510027,5.216293872357111
0.2023901335738293,5.249958486899953
0.2003584600594707,5.357563319885542
0.204115893905185,5.167490628894531
0.20068459678501166,5.217627609916346
0.20092219700786182,5.188211075573238
0.20315966901592405,5.17960172575483
0.201441066060487,5.131799214043102
0.20246601760595753,5.215713827730467
0.20524178936398943,4.971974532347431
0.20214991858387862,5.051363211352947
0.20034723783523123,5.0745875959735685
0.20112367203022002,5.166066403778256
0.2020879390541725,5.171546629312933
0.20529679337077172,5.20767455123269
0.20540870928687646,5.016050772878431
0.20187281794224027,5.220968427333923
0.2003257369021466,5.216411294542087
0.2020552354710248,5.16188910643197
0.2014255994926972,5.282081905747247
0.2013275217321751,5.198366824450852
0.20319745067946052,5.1299747637926165
0.20050313426516306,5.165130199800366
0.20831556621515962,4.968503895392244
0.20023111034180371,5.134998126088967
0.20038752276091962,5.347073542830503
0.2003532865958973,5.197619738398127
0.20674965971773115,5.1636767369225165
0.20057845000664778,5.213612621941128
0.20089756546908424,5.128252546083292
0.20108733863020786,5.250766828923337
0.20054690962891333,5.073810674391084
0.20235506251809907,5.176844433526656
0.2016069280154269,5.2050373882534835
0.20029609560779854,5.1541254231450955
0.20225012576651827,5.173488242791226
0.20295938538989788,5.056508255361445
0.2011043589002928,5.1318873589350975
0.20104624425834935,5.12339235100483
0.20675877726576866,5.062778735447574
0.20470619567753512,5.036790675652231
0.20044057491244066,5.278428782677779
0.20460354143140924,5.115910264150674
0.20039722035078195,5.271152934130062
0.20190753186516416,5.253536318414047
0.20360044146265374,5.130490847714927
0.20287435010374996,5.241359642873272
0.200061507134639,5.241012973625331
0.20118874592943997,5.116325154209212
0.20253446125782623,5.156986565461667
0.20348532991390833,5.228292761882242
0.20158650436766365,5.191242692282326
0.2049820270520734,5.003744801157853
0.2023893025302639,5.144641541440664
0.2058732643367045,5.01435046251766
0.20087618058772105,5.243603554893893
0.2004089934755349,5.430884043908651
0.2013219502980502,5.274504290593341
0.20513829771138062,5.122875313468016
0.20321404662711,5.301843256315054
0.20032243278853604,5.3030665720218915
0.20184914961033942,5.36376143927641
0.20230624798243357,5.212330504922922
0.20404339280409,5.163093536115979
0.20444872538652398,4.994370304483031
0.20497727608581606,5.110786819854848
0.20012259192346848,5.191682264653974
0.20482937367549336,5.166882688031262
0.20000413125928423,5.36378066558064
0.2004903682865765,5.288649565012048
0.2002776373357217,5.220719983957063
0.2016797499597949,5.2337860373058644
0.20092880532780955,5.248432887745247
0.20710875879763532,4.951067278932986
0.2024798761073145,5.178005668653986
0.2006570542995501,5.08069876800256
0.20256634243593882,5.149858460245525
0.20050041243325087,5.315862274164686
0.20043676718911718,5.142744242850713
0.20133843285669814,5.349571812769023
0.20163430000911814,5.226367755768672
0.20056285746519975,5.233846310602648
0.20812704837133955,5.02061887917577
0.20305367915671643,5.088793949480271
0.20184694314894724,5.176982907866902
0.201034607496946,5.184806442646956
0.20089040471681963,5.414687114371153
0.2012784499528133,5.16333054201822
0.21011988421814198,4.959730052160664
0.20483992456220462,5.206687476390632
0.20040548075054068,5.303332718218543
0.20483450515271215,5.128928347473597
0.20165541669613288,5.126614112397581
0.2011042367686201,5.252168610389241
0.2039988282435756,5.06927279572102
0.20207734715600703,5.149940688034765
0.2013631767143589,5.284166471842563
0.2003215217259889,5.1821102217893955
0.20164149472936552,5.171250155241643
0.20080631373847171,5.28969935848498
0.20428333294900414,5.122520423706768
0.2071718933673296,5.0517790367578295
0.20253628750661912,5.292957489230329
0.20966246986645043,5.045639981990035
0.20186543349995964,5.076608942159438
0.20076008421382333,5.237346878202921
0.21113922672518243,4.848020350335437
0.21110793070192185,4.869093255307495
0.20795373685255358,5.026702249115129
0.20200944283768818,5.088622562540988
0.20106434539054183,5.224187740463816
0.20593976444371864,5.059959440306854
0.20503890434340452,4.982463173435946
0.20208974211110417,5.022592080394963
0.20128154692877975,5.162493189764666
0.20074775339326917,5.093529742307082
0.2012080621276411,5.17751983362037
0.2009689112013452,5.302208303851571
0.20775614721447003,4.9648480691941215
0.2035912624946221,5.152210673813373
0.2002031274901716,5.225307798358966
0.20504253309159182,5.138128174453972
0.20223990517065027,5.2740180378043835
0.2015367359583147,5.273459743467332
0.20134760801258636,5.098414686173225
0.20189139455447724,5.219186378906213
0.20187837829403696,5.108801706726033
0.20065936298182718,5.206286866609395
0.20076086334645765,5.1413836175190575
0.20001291088450554,5.188475347147984
0.20001158897771532,5.2982763009353455
0.2022984690547279,5.22980075144552
0.20101122237298008,5.268850775823808
0.21178314745962842,5.008678273395279
0.20148117590200926,5.13863648616327
0.20284932840138825,5.118772512768982
0.20233751560440377,5.294704543266588
0.2013153534867995,5.18109176957106
0.203770355534149,5.273557700735095
0.2034862956494064,5.056502572861735
0.2039569804096917,5.177427127922454
0.20177347102249132,5.202076309040947
0.2003306906522006,5.360471085284307
0.20071251379744579,5.264103104412546
0.20051026059224888,5.330521432142345
0.21107357340740462,4.851368264496488
0.20453150343305168,5.067603794612763
0.20504385727182545,5.036955344746245
0.20048757779897777,5.353343218141952
0.20346107410811445,5.174192449107181
0.20149267267151227,5.259734310548454
0.20315970092905,5.091719360833656
0.20130967698284966,5.1560789606149635
0.20261657788169454,5.073361468104677
0.20033051824775053,5.262893339608266
0.20273007425259018,5.135381592329948
0.2024699256004486,5.069756074138138
0.2003817366296908,5.278667292194438
0.20146486337788128,5.265515842247768
0.20011928776561894,5.225632493508117
0.20115187104354132,5.142945515568442
0.20821158809262003,5.049088477216022
0.20070057742319958,5.0311759016462645
0.20334681642722935,5.0608925402726435
0.20403878151165103,5.063451413122745
0.20511240813451515,5.033561649961667
0.2061551965191237,5.211838688503173
0.20191668655192851,5.176670360191748
0.20152636383341763,5.127995639333154
0.20084599885308915,5.243049259452601
0.2036952213739387,5.126865224085395
0.2051420191259224,5.078643016828014
0.20317002822467845,5.128312022693042
0.20759375783314762,5.0089112283327575
0.2008853717448987,5.3362687504718584
0.20270472888704527,4.952790074203065
0.20092845387365454,5.424207799560339
0.2042239844692969,5.268439208243953
0.2035848670155997,5.0584163471262595
0.20098737995400492,5.232199227218491
0.20014276633623493,5.268532493006991
0.20951863450390296,4.897614947048727
0.200043420251941,5.2850392650192175
0.20158680726771216,5.18688407889626
0.2006822156521474,5.306594820091724
0.20199960842298786,5.1876491956304
0.20050823771866333,5.333582822478031
0.20396794117528158,5.080775604916588
0.2011807581995996,5.1578093851829045
0.2019224833514049,5.197522816127861
0.2014810305930105,5.051511345473891
0.20189130909779696,5.204937559256007
0.2009621780415894,5.170238959663347
0.20084659546663305,5.092799910625263
0.20123209168732326,5.042179910110272
0.20033563396910706,5.189345159934305
0.20382026641605777,5.179379178947561
0.2000654345357403,5.200188033289502
0.20150442213711323,5.231860513810516
0.20160278198175846,5.34788992737398
0.20843196867595382,4.963403973068032
0.20020378978049355,5.332119080019707
0.20740162343426607,5.078130490414145
0.20664955535272592,4.9957213997442
0.20294679494388038,5.1408491273031895
0.20598974507424278,4.978794790867452
0.20024631580956662,5.202263274702547
0.2010154320082936,5.202495415464248
0.20851913466717326,5.0523658511858285
0.20176592785818992,5.066247442749995
0.20040009576632165,5.225422723174879
0.20001739111555888,5.270640266891583
0.20374343854135737,5.065071637958381
0.2016115448642174,5.216479085401132
0.20087525880055979,5.231990871781822
0.20196069130842348,5.208798479348519
0.20063561669806737,5.322481974351778
0.2042136084455418,5.007579381900982
0.20348783823945024,5.145529056704385
0.20262553206462927,5.342515729266
0.20209488901074688,5.20330744662487
0.20124178570804846,5.138055338168018
0.2003122691596055,5.185791948521373
0.20236427248315503,5.121624197917285
0.20218725755234404,5.212260766058975
0.20048267226427705,5.13747977572777
0.20018325712463184,5.225910252123545
0.20009978065679937,5.321218115558644
0.20797783686460095,5.055334876418988
0.20152477823468384,5.2253106800177855
0.20928496518526213,5.0801904030163705
0.20177821707615104,5.193730368183141
0.20007561196595286,5.17001049600171
0.20266793929313742,4.9479912531833605
0.2006579227158098,5.16118778947084
0.2015986376519599,5.232969695025604
0.20006227714163646,5.130938126295965
0.2053481018593221,5.199521703290604
0.20341784358884243,5.053889705669627
0.20298008259375164,5.0842643367007705
0.20152221204836776,5.083842852711369
0.20159429063237613,5.101816403717775
0.20387444386791762,5.1165323616531415
0.20073746740215115,5.255174926168702
0.20535634779528705,5.144724664097409
0.20046812840041134,5.147849805864224
0.20132529215463818,5.076203918822431
0.20235986752973392,4.984656273446816
0.2010288277970467,5.283257071144969
0.20943488475067873,4.912446876022398
0.20467903568537346,5.03851668076028
0.20479745847216457,5.129799521063835
0.20005755055244945,5.21813930743251
0.20057845000664778,5.213612621941128
0.2010484115442633,5.306701948560446
0.20299837117938302,5.158833937954671
0.20415960652026244,5.127942738332531
0.2046376149122764,5.133609360340542
0.2103965149431949,4.865953276801579
0.2001673723176861,5.258704152613764
0.20497541294972071,5.0763212025688444
0.20137641545529808,5.126391141848556
0.20051211010023848,5.2120626164682085
0.20152388375539237,5.263751627327461
0.20253766463141007,5.207257269054594
0.20051733176154657,5.098659941030293
0.20069108765589996,5.155438648149946
0.20074009889809236,5.220737690056195
0.2003122447629129,5.26181935970365
0.20573512567576085,5.019695886545702
0.20360724177572045,5.192534114468228
0.2049220836453496,5.217225216470045
0.20056215130428942,5.146399607899105
0.2009872980336542,5.24779320354325
0.2016326299801538,5.259746446856776
0.200487196922648,5.08095313860077
0.20268861207148298,5.307262381550637
0.20459414253005156,5.014895406771885
0.20057217857379983,5.175525836982584
0.20179033357092505,5.097889083128534
0.20280113628758983,5.093224115248944
0.20283616060553855,5.062797586776779
0.2023098584771006,5.160924718271809
0.20172445870266262,5.34482738144511
0.20597412711169466,5.1213491408170135
0.20212113405455814,5.081019143440792
0.20097963650440442,5.222207708907408
0.20010811910224025,5.228446776296638
0.2001229325751436,5.278010914817958
0.20072342488059777,5.18545564610071
0.20248270817257658,5.123968620246033
0.20277747339085667,5.260868232200553
0.20293082866712892,5.0859419150707
0.20584283100884115,5.048988234964982
0.20207587410480557,5.171896778571759
0.20322375234342022,5.067898509611212
0.2019375075223278,5.209244287617501
0.2034858972756883,5.0573878763126325
0.20238108272476066,5.163202281161829
0.20156439784129782,5.237130359570734
0.20498749077776207,5.018978974993161
0.20346830568890345,5.182757166634448
0.20362057890231658,5.1138498367806395
0.20496138238421735,5.1328579501233955
0.20307405289976313,5.136948624877022
0.2036366444085713,5.082345380439629
0.2020702815590258,5.207678052251891
0.20851913466717326,5.0523658511858285
0.20141492785284493,5.256427507393842
0.2093530791165419,4.970739320789279
0.20050987016632446,5.3387717198628355
0.20295577240939688,5.257135098854021
0.20249642731462814,5.10564054405899
0.20350150467363187,5.142782071836123
0.20017260028691358,5.291705113607488
0.20136578035791963,5.305996416184874
0.20129924758658174,5.221593145617966
0.20039973648351317,5.252203554776678
0.20308814763063043,5.120475871951118
0.20177949014468363,5.166241305363626
0.20290295613592602,5.290650716031682
0.20782824259246327,5.019269381481157
0.20474076251824314,5.135457794187381
0.20020511612829797,5.1938173750855805
0.2020571002589057,5.106680840745476
0.20150174970021173,5.256470368330327
0.20253161733175598,5.182493995726639
0.20007025258154837,5.257822271135047
0.20136879374990066,5.195736223958398
0.20131689941148104,5.301376874155859
0.20196069130842348,5.208798479348519
0.2012704844510837,5.200863779510409
0.2002830174935807,5.217310468553962
0.20127807513579765,5.27682446605685
0.20363579829914175,5.083509565735181
0.20447572967353433,5.005884412951218
0.20002942578623936,5.219191654046925
0.20222893296460143,5.162538712119654
0.20024216734222527,5.270378602350518
0.20120095902618165,5.257263412512816
0.20905643660394818,5.0089462204717705
0.20336996471060115,5.053095176790468
0.201028468868428,5.139989538045409
0.20605994343307393,5.090662760715585
0.20226440049119074,5.189275232421126
0.20217579896703916,5.113805673766901
0.2012202556774674,5.2723216220517
0.20015067820283816,5.350459253477443
0.20361775091164444,5.130124957515649
0.2039440730816627,5.247262633714468
0.205514605642945,5.0394301149631655
0.20340999186484737,5.148584176055637
0.200405923091564,5.057755175092001
0.2008389141172262,5.303118160726425
0.20010731529369463,5.19908904252161
0.204392514885013,5.074580882439192
0.20034676351708192,5.333320122199657
0.20362410793333058,5.158615847202822
0.20065735022801057,5.232760151023104
0.20126996549248174,5.220953629148563
0.20236555245160134,5.093025572128039
0.20039535636141328,5.257824453923217
0.20290218125147996,5.237959161109545
0.20133423572285153,5.216414476367152
0.20716367585582407,5.049512602934793
0.2036126226567533,5.109133116800448
0.20342430011413684,5.115451059551432
0.20009571990569044,5.234214588805694
0.2050146475000215,4.989446079120294
0.2000910682311883,5.116837634337673
0.2027583538658959,5.0402867562598175
0.2148480508192948,4.912181711875004
0.20151056044145432,5.169750551818152
0.20090745544155625,5.17569921060905
0.20156564025484494,5.24793624496074
0.20138758456867284,5.013705896330432
0.2043844325215054,5.135348901992293
0.2052132015311068,5.036199359337476
0.2009264913054291,5.190700432446522
0.20045520304312323,5.297506374359212
0.2063055702314878,5.222858735640089
0.209611657715778,5.056618162015045
0.20219011953923072,5.138654740819184
0.20251253883609957,5.089121930021784
0.20048162722529933,5.123287893782324
0.2029300950692217,5.1959856364317005
0.2011597456766217,5.16811388237756
0.2059861878156589,5.103366761864398
0.2016402931403812,5.233446807242998
0.2004481498471422,5.244766883888205
0.20298106532772425,5.219955531803684
0.2011017740342572,5.159490358781572
0.20128516349292985,5.151425399732846
0.2004549223978081,5.110847998758864
0.20007279985863907,5.327900093603144
0.20776033053104348,4.969246685677251
0.20268069411789078,5.3104837762561425
0.20161162254377452,5.196381647100418
0.20075160040228332,5.115137996089772
0.20019759266048065,5.108028812178027
0.2005719363634281,5.287062460250336
0.20006796216284584,5.20102327237294
0.2004926799521251,5.248120524292048
0.2015795324897445,5.192649315237488
0.20014200530472068,5.13999125596056
0.20522400201517363,5.141251115925945
0.20619672934043032,5.009728228093881
0.2056612206141952,4.980067739204113
0.20290622225218863,5.206331439407694
0.20230077806945562,5.338964043232868
0.2017853026155715,5.228352167529377
0.20255069022711455,5.288736253413348
0.20034166979688864,5.061184511553139
0.2003792888856495,5.265008844174362
0.20060100397679512,5.3817469933671
0.20178567898970878,5.0790998519032176
0.20344097469957312,5.093823764669281
0.20309889721119456,5.224132819772909
0.20417668891237936,4.990480257335103
0.20662172979207297,4.982533775853632
0.20048985766336572,5.205583519190147
0.20381433556194573,5.069797424938681
0.20003570995568765,5.31833440806343
0.20189162407251682,5.343511964218735
0.20129301846219924,5.279474221757448
0.20519698717886226,5.0734468576060205
0.20036057915002695,5.288363407388359
0.20432673672867258,5.109306573003352
0.20094586556506405,5.298613684780763
0.205728301219528,4.988800999884392
0.20098229876247523,5.114651393804374
0.20306331021309879,5.131577365033264
0.2011514764425397,5.102369684509761
0.20037998500205834,5.100417165227266
0.20075111820575156,5.247719186734295
0.20422410903846908,5.149936933877681
0.21280000466047325,4.812786285347832
0.2024012837799004,5.381763483778449
0.20010131158708377,5.19079929956502
0.20017054066438691,5.303913533995427
0.20182785622108926,5.248571877752102
0.20508060042616633,5.143559909853499
0.2068498475129741,4.999282684664501
0.20116366920725698,5.090810397975438
0.2030044106256093,5.246404236508887
0.2004119017082958,5.274109747263964
0.20068689435968642,5.227113422854508
0.2019147765570532,5.169853466888125
0.20037681527402715,5.179172081577446
0.2027678265233968,5.159240216422542
0.20127204096800783,5.152788116189411
0.20057244564462412,5.132080689311399
0.2008680990167524,5.386092334427486
0.2033671723859089,5.141731762890912
0.20297489967769058,5.219351790235134
0.20252604835761895,5.081464488549498
0.2055957190134342,4.998385826928841
0.20108718833471942,5.1275583241338
0.2055856529913303,5.112351982611109
0.20166277499518187,5.138734620663847
0.20482289930022976,5.20417303940662
0.20694979993986048,4.9659153002523135
0.20246015433787296,5.0425342105092845
0.2030720650667108,5.184635874283961
0.20391476422076382,5.147530797090762
0.20127181258098037,5.21304645868248
0.2049373640812294,5.140538434934475
0.20072074116649685,5.209622153802299
0.20534252335361672,5.024515912599418
0.20021903478180378,5.255670621665075
0.20266959642563215,5.170772296258703
0.20048102209455151,5.309477729610026
0.20508060042616633,5.143559909853499
0.20552269430669118,5.101781202185542
0.2049329584525392,5.018553086911349
0.20447024838972133,5.122908065589509
0.20497271977875356,5.083020353694033
0.20338698970563762,5.06623835612713
0.20035542764151912,5.2936606091032905
0.20284821945688847,5.194499611984187
0.20014643006872446,5.2438459499551335
0.2010555920730207,5.140960079657019
0.20181466426720426,5.052374199391599
0.20768155581216644,4.973909052726567
0.20088919304783334,5.147085194265465
0.21218014273109315,4.903212531827051
0.20084285450421527,5.2278318820547085
0.20209184608222427,5.119465792043853
0.2023080052536065,5.086189553116964
0.20319635117977958,5.0611144825108445
0.20282321647308615,4.999199355371178
0.20156824403525467,5.190506597162489
0.20147335294220278,5.254451457560541
0.20040626991451804,5.2505502942856115
0.2090207686020759,4.852084504717728
0.20228862554624005,5.1373520039839455
0.20396950148422638,5.154934030717245
0.2029439567990744,5.101622374064984
0.2059851955337772,5.211356360332012
0.20111896612124874,5.292419969566759
0.2003847965439309,5.2009565339199275
0.2008373950427495,5.189512742383085
0.20181615112172896,5.256389848521054
0.20834973287152914,4.944141785295223
0.20012766594933118,5.291485118398168
0.20126552469548825,5.214843611949459
0.20183401508126717,5.2261700157844535
0.20014409347794776,5.2209723499590135
0.20128425844916756,5.196696106087159
0.20113838757321562,5.0842145951841315
0.20236518988279015,5.21643270627146
0.2020795128724542,5.177329745404995
0.20128738985550582,5.247446917265943
0.2006121508394983,5.067131517267421
0.20100889640763034,5.2871428232610995
0.20284669289712073,5.1564038658486195
0.20229721213377422,5.176273938518944
0.20341406995075606,5.187578832327544
0.2026906958639795,5.2784707684945165
0.20007014077570426,5.287681336244143
0.2013244324358054,5.114186962433016
0.20189495391203702,5.268771566384063
0.20281113794231528,5.251560094340476
0.2029838662299751,5.129366065969083
0.20844810845383585,5.129241458109644
0.20125850657576522,5.158307993253304
0.20114317782817678,5.256728433279418
0.20560868545114996,5.164361722148682
0.20166612166207967,5.193858896676222
0.20291935903850664,5.302229381450163
0.20151782436955912,5.271601766012293
0.20170414237212062,5.161200804936635
0.2015506318824757,5.14417398081798
0.20534806396190433,5.13909252127744
0.20047112879356352,5.161467589561759
0.21257920557180898,4.954412675199645
0.2061070708860784,4.882885798058274
0.20225960455250053,5.100533080564069
0.20126531721563473,5.206819356019426
0.2038610248288053,5.030069282149741
0.2021120503687141,5.258838588486615
0.20177975759303643,5.127608002978105
0.20953676027596918,4.9004504520113565
0.20003991808180316,5.288395122513125
0.20367573911498815,5.186069574571575
0.2041655588926416,5.024435509354534
0.20146391973183495,5.160746107317073
0.20157855219463394,5.240728311240386
0.20162758143467005,5.202890631109591
0.20122168671093862,5.224947854643276
0.20563158864476347,5.126424517223575
0.20040897462355595,5.162401219923907
0.20312298436117654,5.242529010788947
0.20047353122693246,5.106549067140552
0.20086561833770317,5.206806859283475
0.2007261060830189,5.208009457036136
0.20807358151100788,4.996268371946422
0.20016207800084485,5.198136552354002
0.20034833415470366,5.1280982156704376
0.20829510409902893,5.002614133294969
0.2002813420321898,5.149095905143308
0.20567988122274847,5.083096510692341
0.20466155349300638,5.228991472179673
0.20387571446988484,5.074560035753514
0.20135836673210816,5.192183650569243
0.2020234564297794,5.12612491825862
0.2013537578003398,5.147098541892499
0.20076633478472747,5.152370591635452
0.20062649401833726,5.1975913928868644
0.2038475188853321,5.145197300082374
0.20075190455502234,5.161031116291751
0.21108772134596815,4.803764374557661
0.2012710854596767,5.417506484125223
0.2022535503936757,5.123602661081118
0.20083099487063777,5.317938131662819
0.2007120039491008,5.143981627697838
0.2003614773998319,5.087358031074922
0.20273306470977903,5.148988639411581
0.2025404817154267,5.147476467327739
0.20155765889078756,5.179953013380959
0.2090851359249794,4.967440901730876
0.20336480767020562,5.1608343711288915
0.20154740422790654,5.209325402710768
0.2020974622217496,5.155848306932529
0.20033867490873336,5.135666593760743
0.20259108644170704,5.0609833039889205
0.20283430738393876,5.153617818811905
0.20142186200997278,5.270617862540124
0.20173623106233754,5.295741826425975
0.20028591112179123,5.369388713921664
0.2017161996963381,5.161217146056937
0.20012823192810128,5.2676558469679815
0.20421505666318768,5.167524009322799
0.20391328348679622,5.2002341568064425
0.207196902995683,5.1227026355850995
0.2005165173908247,5.1654126417967765
0.20065595622644353,5.3031109819243705
0.2014567095076462,4.999594320854767
0.20113509453616418,5.312400133774776
0.20076067797898417,5.3389597515955005
0.20132867508437474,5.293675343486279
0.20025454453415784,5.259500146852845
0.2023673970170203,5.272091836677711
0.20148107896304895,5.194818696223077
0.20364775771216753,5.057250660540688
0.20305751904738245,5.283641329991825
0.2005950621652503,5.1343341295503695
0.2022118723588911,5.279266708422192
0.20027674576358548,5.2701631506302355
0.20396927135267884,5.088863807311907
0.21255978538323744,4.882179030420491
0.20202138758181198,5.107965864198578
0.2024859611090906,5.187990638727922
0.20588453069289467,5.073125726880577
0.20047690545470945,5.331843681396295
0.20440920353425618,5.154143294189681
0.20022848616157896,5.094140213372521
0.20147851263566652,5.2758446357923425
0.20283970780501273,5.12562508394307
0.20494629202024933,5.055203951872216
0.20347411182661582,5.139633454491863
0.20120106604638976,5.05003567538636
0.20272264673467086,5.159715137544871
0.2043082656446497,5.154170709982954
0.20747297022224215,4.847506253198946
0.20310631262046977,5.122393590807587
0.2017202617813103,5.215830127641571
0.20651168854211105,5.077100869971272
0.20162174213127368,5.241230105424729
0.20011515241803204,5.209526864651855
0.2005765908633047,5.282736982465557
0.2023337815900024,5.183857992435401
0.20287760122324436,5.065097263262795
0.20234885315130413,5.378598006913819
0.2003339988257244,5.382262481660888
0.20124566280822717,5.062845343689563
0.2052938997924738,5.026111698753629
0.2133176868666396,4.88251311622565
0.20299229862557452,5.2356339086447035
0.21383653510281522,4.924304165024823
0.20034993588721595,5.166512287933863
0.2005688601035019,5.1644632352626765
0.20070897652886172,5.287270839409652
0.2003491317153648,5.174510389151434
0.20096113642883118,5.351525747468601
0.20012534617206165,5.249369957616619
0.20638313654157217,5.095204010853592
0.20129991324738267,5.1570492045838705
0.20319039599708155,5.213426362566423
0.20218617226226288,5.125550785620708
0.2004321893970642,5.274795590818685
0.2007823112988334,5.279550338980909
0.2048751495714017,5.155711534664458
0.20243379488263039,5.082360976519251
0.20462961769346777,5.011849247752945
0.20714698044860091,5.032266362104962
0.2063944439715689,5.06143364592102
0.2020940111222958,5.16037495946511
0.20113164334877198,5.222389376281163
0.20088214994592712,5.248564591258876
0.20222189904166687,5.128905355134554
0.20119689226305715,5.259574669408733
0.20216193088766266,5.134560227914276
0.20544819596858488,5.112674750484746
0.20044906808232016,5.264126383108535
0.2009572208381667,5.230823737325868
0.20105628792971733,5.162754448117191
0.20047728133471843,5.207937890935574
0.20299348258352726,5.230302609791367
0.2000232518230162,5.270523844744918
0.20512618984843853,5.03027196650382
0.20089845489131342,5.1486239463473895
0.2030058085666499,5.013270870093714
0.20171286138570965,5.1277413558813105
0.2020126985300997,5.109120816945924
0.2090912335058704,5.015427014576676
0.20879181244264639,5.029101295808188
0.20184710259207722,5.087325012482056
0.20231324224124414,5.19377213776229
0.20406493679618445,5.206285225623363
0.20069211984996144,5.2042917345548885
0.20074009889809236,5.220737690056195
0.204880898714631,5.148044783092823
0.2065186311255897,5.0663856655786095
0.20140662330330583,5.262025760284859
0.20097268549996988,5.147425207649892
0.2022721729558876,5.128818887716318
0.2013775202214198,5.206139987083747
0.2000162405685653,5.2059943795490975
0.20079940725867482,5.116977989733801
0.20065962453458597,5.167052613676609
0.20078210681130224,5.286818812899361
0.20158185328697212,5.186978203751661
0.21170674550012228,4.88426842612391
0.20090403965695341,5.23852232492007
0.20174233300481356,5.141777956015566
0.20008572271830982,5.193667190210979
0.2042664934392145,5.151476304244317
0.20213683414919723,5.1560352465314185
0.20282647445687707,5.2712513608780185
0.20040033094176105,5.217703185265221
0.20076661931472659,5.336636018318812
0.20033795561198203,5.184003014745279
0.2029905441648077,5.11557594534184
0.20257979835752368,5.236795654939176
0.2101259754354153,4.8394785520916175
0.2030220965284636,5.204343943590959
0.20051359409052064,5.223771203424054
0.2014122149020253,5.249690963309798
0.20016611933916498,5.22120401314444
0.2007228533385384,5.273261976579244
0.20418662418609262,5.082368408603259
0.20051094976602618,5.240111037362638
0.20016468723470132,5.202558863061701
0.2006891308351758,5.256551871788564
0.20135615770808066,5.329148484666753
0.20083473966393006,5.286269880843459
0.206009376999365,5.144019337532552
0.20038307287295282,5.33751144641367
0.20043653433346986,5.211272755765674
0.20014360997924488,5.285899976509465
0.20476328884855138,5.134495256324415
0.20147851263566652,5.2758446357923425
0.20181633320991646,5.162144147299931
0.20705328370928006,4.912462377691272
0.20206450871639486,5.246386142276721
0.20187837829403696,5.108801706726033
0.2052442396626262,4.938704346088499
0.20596573549175332,4.976427637719877
0.2027217139481431,5.331274341568161
0.20681413755755518,5.054918921113401
0.2012886863521277,5.104472460615866
0.20088674906129217,5.3184096976386215
0.20455017343223234,5.118663116531406
0.20600987587525998,5.115767592858014
0.2006435851519976,5.24901230745611
0.20149722784279536,5.045617463606055
0.2018947029128963,5.207559090124257
0.2067189497698307,5.05170124055485
0.20164365501715933,5.116948835600713
0.20256746022864827,5.148334743770964
0.20186671530947883,5.25047264032678
0.20306177351530888,5.147236122927514
0.2027444108117476,5.016562586047148
0.20135708052270232,5.206968122429037
0.20162165091542747,5.184519573879656
0.20651454182787798,5.066429602579397
0.20282428560028837,5.174037633892365
0.20263672107115893,5.221117915061772
0.20120976515082067,5.235208463675038
0.20225270646421575,5.2370778443091455
0.200078653363824,5.349718174027079
0.20458122472295398,5.14030958291903
0.2011308858929183,5.142290331298004
0.20009112161831824,5.062938375705913
0.20340014760916314,5.096285950950726
0.20057861626312928,5.35293886891946
0.20093600718474436,5.298198675878105
0.20450972241262044,5.065674070878641
0.20930590687535403,5.131528861087802
0.20307411842629133,5.163657071187994
0.20014955348105637,5.233659695622557
0.20368705248562127,5.1037484723116915
0.2002123219367037,5.302762479601226
0.20086356375685027,5.079921643374534
0.20289146875405817,5.197496680482735
0.20005194689164005,5.250783701559495
0.20038131625287275,5.123259113097177
0.20007231356531166,5.205034405037594
0.20038693869204602,5.255508575022585
0.20043511149039797,5.207407598720086
0.20158680726771216,5.18688407889626
0.20312340406433552,5.186486555253684
0.20005795060445183,5.229068524994384
0.20331224832279138,5.220185942290964
0.2065117512684705,5.045762374353524
0.20261804030318173,5.150612576807674
0.20264433171238522,5.126436990187925
0.2029511454902971,5.065962568267942
0.20242795458691482,5.147273260956977
0.20020226495059198,5.176760233719522
0.2024802178013415,5.172932616245162
0.20153297658373948,5.244771164795145
0.2024419465266964,5.10731486564071
0.20056042958989956,5.212152486376205
0.2006826168915431,5.280017638722407
0.20062700400275146,5.214537999163551
0.20231559104275665,5.226277620286897
0.20150598355524788,5.207826953896678
0.20065718487754616,5.246350010672163
0.20151553861391286,5.228792428127836
0.20408581316454338,5.144995948445367
0.20144538608000534,5.306142392005446
0.20140701581256096,5.231831526933297
0.20161088959176734,5.235146695142407
0.20195276772102055,5.141584185535792
0.20349720548311484,5.193209883300679
0.20365381270233804,5.0102411871783215
0.20075545652386603,5.191795209646109
0.2052823575331916,5.122414032074618
0.20334811733461813,5.141233015033614
0.2009342861449797,5.125189896212794
0.21087680932454636,4.837358464694043
0.20344825830988478,5.219189653137649
0.202069090678835,5.18832449465264
0.20124348650746665,5.234920697710676
0.20059266150190452,5.174270619186085
0.20078671355708205,5.225022245576011
0.20141496076180637,5.233529306189838
0.2007998034303967,5.214310157547205
0.20243835810622843,5.110738553903797
0.20000489569213734,5.312357383143946
0.20107812869230518,5.1340279969216445
0.20013094495939499,5.297705018112606
0.20100786667361423,5.36442985203918
0.20515125949498353,5.105876486059118
0.20446084935199965,5.084358670422853
0.20177161065027144,5.20487960096033
0.20164703194093106,5.276255282700598
0.20461220616951442,5.053558417236562
0.20515079828655397,5.101950065835017
0.20435248248130766,5.118416225241566
0.2112402278600511,4.901383695370618
0.20144615963934623,5.133078695495265
0.20018717674047062,5.126884569243631
0.2035729811000233,5.1542386970295135
0.2000919320132125,5.226099795866636
0.20125589737192093,5.352523076911624
0.20277881001985465,5.1659457067809855
0.20022092154880125,5.2932077136126345
0.20195917124117646,5.163271639460904
0.20518741759238168,5.038442472020112
0.20046756086915957,5.142631579416553
0.20047663423056225,5.251952163647426
0.20368534391840568,5.144389676453862
0.20020416272510103,5.2300946131564965
0.20725460605138904,4.99389839057386
0.21033874187625737,4.848580862346742
0.20346014330303994,5.198903824652423
0.20006681914447777,5.29271718008495
0.20351202818928227,5.043694398205797
0.20613167300747293,5.124956410184722
0.20800407685712402,4.881525214473811
0.20057861626312928,5.35293886891946
0.20359974341055806,5.063983375245014
0.20289485130547313,5.124644230374346
0.20111093998078475,5.359948710937061
0.20750088563667374,5.129830108955765
0.20041154165305786,5.249714667263406
0.2009961728497844,5.368193379616017
0.2014981192939792,5.170341881889356
0.20055670297591033,5.243586999136863
0.20745514932913078,4.989969595751743
0.20154252394901223,5.066481799575198
0.20921452994750486,4.875033543478962
0.20033333671498055,5.238795009385054
0.20270128033143203,5.162215023764843
0.20296120238162174,5.15566602243367
0.2102218892109677,4.865274852192802
0.20047396464660225,5.274590629822323
0.202543368248338,5.2404252425767694
0.20729393331108328,5.133796625793636
0.2031066653352651,5.289422364804435
0.20616281186791738,5.046840571900022
0.20491179621538794,5.100144802468994
0.20140484614839854,5.248055449278142
0.20596812578489584,5.104926145121587
0.20618507417958074,4.918655644958568
0.20292626736638067,5.208657111598519
0.2003491317153648,5.174510389151434
0.20074929637171773,5.15377765063433
0.20002118212560072,5.404322052732812
0.20188956279908124,5.204180123676989
0.2013951110468241,5.286570673184143
0.20184444593775544,5.073401158135144
0.20088226225525996,5.242668523997815
0.2010138953524939,5.141511138678206
0.20068182576778393,5.25402627642512
0.20052618087927465,5.151851740620248
0.20146722520751703,5.238048950082328
0.20072818847657758,5.155443812027867
0.20054141031995432,5.1531885196479745
0.20126044775918395,5.261876728328956
0.2032941764681307,5.051076271166833
0.20280106771272244,5.149993675524698
0.20545657717021554,5.017182513788425
0.2006533978327007,5.2321844557635835
0.20347257735546487,5.026921452259347
0.2014908316696022,5.146195095761014
0.20079377761810532,5.174446582302835
0.20399794209025593,5.169609695727974
0.20030804477563405,5.275059649072043
0.20420464188891863,4.973341504111733
0.20071669027314112,5.147918956976876
0.20090059623679812,5.376144641128159
0.20138221251548777,5.144004982103458
0.20140906971146985,5.268847445307718
0.2001513050452689,5.313805431562915
0.20000971728490816,5.368253963498386
0.21337883170837302,4.910202871531319
0.20093209346984348,5.238097965017485
0.2010078054216936,5.232788193793265
0.20064381336831438,5.265559684287818
0.20559062210435627,5.039968614470297
0.20140896965980684,5.311261967922084
0.20295001729705123,5.212486213083404
0.2005316515990439,5.136751170007109
0.20442012435283094,5.1710815151851826
0.20210224940694885,5.0039345864031155
0.20202186545763964,5.194863037286382
0.20016207800084485,5.198136552354002
0.20048375677697516,5.217591105018281
0.20310609647675784,4.987543076846563
0.20531833734598104,5.047879103496797
0.2070417385954176,5.09490574743302
0.20047762412602507,5.151379093027958
0.20351537661260144,5.017331800026068
0.2014115426179959,5.108210623217529
0.20076142805243885,5.170093290862123
0.20117120289949242,5.091663514067235
0.20081634949666657,5.2082991759642026
0.20040620392897102,5.265480071450876
0.2059800490201781,5.142493822961251
0.2010048362111384,5.165571803551493
0.20634131617287654,5.13156467397192
0.20193661191062837,5.20627355190624
0.20267168739723038,5.248343360500715
0.20144245959032528,5.106339416522783
0.20041764593705708,5.11706603628731
0.20558541524538665,5.06505754256069
0.20219011953923072,5.138654740819184
0.20540726669739193,5.098815784401737
0.20436422295728304,5.097781746567331
0.20094352012006333,5.125248606599003
0.20034929526279996,5.004793902623806
0.20373367740106732,5.124143527090095
0.209037243077725,4.995415958348446
0.20744556855272842,4.970363783956289
0.20147141296834592,5.257267149707673
0.2001400260394678,5.068134612702967
0.20286777041211962,5.145204828262786
0.20066054076456913,5.110075505864329
0.2010124496346203,5.309672618414902
0.20288264099304928,5.2109039274283635
0.20663373439645116,5.001319730867054
0.20090035868146786,5.304334146422796
0.20639229315898489,5.143203518088952
0.20216559486191937,5.212262092308783
0.2045065468273776,5.143932997152638
0.20639739820725161,5.115115069785758
0.20423655177089567,5.174873222999158
0.20889021925601275,4.871878406520938
0.2008331307216364,5.206554152336185
0.20517905087483326,5.062029284738178
0.20277933735055947,5.136968438468499
0.20163118179353223,5.307082645113205
0.20230845498291983,5.249919649894346
0.20012279649322648,5.434519081968283
0.20159906749844864,5.2765617612261755
0.20289222509089064,5.246379177291825
0.20036606359462014,5.301464379914464
0.20393193235695647,5.011400783910369
0.2112654529252079,4.921222699279015
0.206159468277709,5.144074092252626
0.20084824138336185,5.317911752726734
0.2014642443375281,5.23855242652187
0.20254763739301032,5.070895772879037
0.20046540465667842,5.13155120149135
0.20164727102404284,5.203774348964751
0.200905624776595,5.339587291733476
0.20066875265705755,5.180863387681827
0.2002776788597646,5.263879622670096
0.20263533341013057,5.101945510738607
0.20012472355237132,5.253836349053728
0.20264433171238522,5.126436990187925
0.20448463623442587,4.994510417680309
0.2006893027124982,5.210072315122943
0.20035564828989083,5.333046817461261
0.20056576725982775,5.327120808628463
0.2003369619298698,5.260478361429219
0.20494663740133345,5.159055099902646
0.21189365028113735,4.908556254656031
0.20006977003667892,5.315934714399229
0.20131131806714775,5.2681847075501
0.20142328362928258,5.19525464428314
0.20113526206535734,5.1923727270710724
0.21093139688347878,5.0095970687865625
0.20026742100112063,5.195370117925483
0.20446188451384875,5.329760558640657
0.2006418661421702,5.058607337133313
0.20465031508009954,4.9867976927141635
0.201506338264827,5.1532576564567165
0.20388012038164555,5.093548353804039
0.20127692002862832,5.205760533507377
0.2008770287537229,5.139197344492503
0.20245049320164302,5.207392378550393
0.2011940357619299,5.188004386758759
0.20034381204716023,5.225253154053895
0.20258173000554533,5.243348195647276
0.20314635476666962,5.109500312401753
0.21121349845021456,5.011454517751562
0.20075545652386603,5.191795209646109
0.20166142063541392,5.287252252418922
0.20107910035205387,5.253068836519583
0.2001467867102798,5.235852723693813
0.20298308063182524,5.214359553370321
0.20035115569816675,5.2993459919218235
0.2008128076764251,5.1109455555592
0.20047768698681567,5.15463252719658
0.20160687418114556,5.126105002450102
0.20014388683672749,5.234352687937476
0.20371736847536048,5.174706301298881
0.20114125603281707,5.151405965916171
0.20228932912258465,5.227495049572568
0.20150030738232494,5.2508320477366315
0.2016087422244403,5.2095671103069785
0.2000525097790775,5.232409588719073
0.20706109827264269,5.047260511018471
0.2000584187697882,5.352520135557958
0.21204677580592945,4.965805497159766
0.20478283215561,5.071091564395603
0.2005050288982476,5.261515341063417
0.2009090300503206,5.0126172055484215
0.20787860421050178,5.037531432680509
0.20008640606698952,5.1437946097272675
0.20308265628995656,5.234470410462722
0.20000441146956927,5.331334951319973
0.20212176156112655,5.248751166741133
0.20406874429719704,5.1270815357541215
0.20162302539043928,5.14585621472395
0.2015449580149827,5.283071551447998
0.20031092665736958,5.261329704069144
0.20144746779637615,5.226962181527347
0.2009955033839057,5.261242575774234
0.20035447111535648,5.293104275728871
0.20231057061502697,5.1589433838944885
0.20071008245597663,5.194048484821389
0.2059335340076331,5.121368341556237
0.20030332814797636,5.173270512358311
0.2063713710668497,5.139240176683635
0.20336611121142964,5.144682782532045
0.20081327439454424,5.1453938573765265
0.20458367087534365,5.171159207258084
0.2035518500783651,5.339054457734092
0.20042318116176933,5.233163279549721
0.2036912900327414,5.12614973878883
0.20168500369633618,5.13936136825409
0.20256623609508503,5.20080443998255
0.20089065002651735,5.238442636377351
0.20077870145958104,5.235936947777429
0.20096479066479742,5.2240686451606395
0.20041961973882952,5.115212284896637
0.2012617802783864,5.31337485778894
0.2016078589986763,5.199439557332179
0.2006893027124982,5.210072315122943
0.2035089063277252,5.0303031137106435
0.20123815371970982,5.3127230200842055
0.20084556266243989,5.193213973762182
0.20260236795241862,5.195898149473694
0.2002483408079523,5.324058671073917
0.2010358606178328,5.203870624714905
0.20290057258442273,5.194422230982869
0.20191291743349113,5.19594642923494
0.20082628762098179,5.258171660714272
0.2009975652608001,5.340490432611708
0.200712967497916,5.325788398003351
0.20104716236296397,5.152328654534337
0.20300423734666065,5.109212156102211
0.20089578295585342,5.147683091309575
0.2021726118210777,5.293216165682815
0.20241952207408556,5.219689154822309
0.20005776838600123,5.390083417035517
0.2003950948339601,5.075309565318216
0.20020039696731795,5.119069713008874
0.20472486808715332,5.010533347705592
0.20300460096956954,5.297887082648695
0.20149373780196733,5.2248685942528565
0.20302575034520726,5.118007333143493
0.20053194152744613,5.159465652455725
0.20267011693731127,5.061600807310594
0.20034792001138743,5.231779717399776
0.20015853082067867,5.3463721545334995
0.20388174090541653,4.96897905265383
0.20389658420828258,5.109265047467219
0.20601524865200815,5.1409070207617935
0.20106596532406562,5.291042317152558
0.20010708083730055,5.249086727049174
0.20033079850618243,5.298984587738502
0.20416958641508812,4.983559285156256
0.20001546616889113,5.275979485202086
0.20414687723386393,5.247551194256904
0.20170141600252933,5.21015706694049
0.2045730039426435,5.0321013080432335
0.20091354089972407,5.236342609585658
0.2023702876377659,5.16802896669154
0.20178783393097235,5.050373296901811
0.2041161002503951,5.164859168780526
0.20271211882964965,5.204388373613607
0.2008463366489497,5.117332321067729
0.20320480744671818,5.386192211541744
0.20146825908510788,5.178015022129423
0.20319745067946052,5.1299747637926165
0.20677451605709224,5.042464767168938
0.20070025885530163,5.21564187901787
0.2026397803699238,5.127947775646723
0.2020913847739813,5.124214569959109
0.20105108723453505,5.10762414298163
0.20053721467425228,5.365794916067164
0.20348871663518306,5.215272942728268
0.20089696583178906,5.1816958813806115
0.20027867215175466,5.354100629315569
0.20012430704251305,5.209230671332258
0.20286628607328583,5.120751791801254
0.20047788916793471,5.259570166951708
0.2008193737735432,5.315151064815989
0.20062701139612474,5.281744479429581
0.20124773595980092,5.123032282937042
0.20055141349611325,5.1249899828623
0.2002488500344604,5.256505624246604
0.2018415702831338,5.232687353062634
0.20206024166122383,5.174229473269089
0.20037915429639175,5.199230167092733
0.20116149033252567,5.227309427290468
0.20250377501794295,5.136022532430149
0.2033201966868706,5.184716748084698
0.20282321647308615,4.999199355371178
0.2041285016935106,5.129859585720683
0.20094743629732753,5.290141533231691
0.2024789276529624,5.07288453561211
0.20085947395559303,5.107675494728921
0.20029054487036266,5.233832987709004
0.20004709691362507,5.204938105725716
0.20354390775482034,5.153604292288678
0.20271094712928925,5.21109974887499
0.20176975944646178,5.193802124079612
0.2005513812227923,5.18354773488372
0.20037948797872962,5.222250155802514
0.20113726717548686,5.210658193068411
0.21058457845979553,4.957841550514874
0.20133564226996714,5.248975151683417
0.21447101730662463,4.8542006142739735
0.20111651532596966,5.115387400037162
0.20307718191073929,5.14826349103686
0.20762805201174753,4.9699020626467325
0.20037631033286246,5.1706601471522164
0.20717848346131912,5.0588622192892965
0.20286790663972717,5.287031982579578
0.20322728666510192,5.245123076427711
0.20237263456203897,5.094151083009422
0.20090415945530238,5.234702552079713
0.2028253314109793,5.1083208894228225
0.2019927780008092,5.2807748996241
0.20009136373100916,5.140306132552499
0.20489589421756038,5.178478514886619
0.20052829563044075,5.288053674589723
0.2061236516564657,4.930119662636353
0.20128435442165896,5.3258315686214415
0.20435597389249294,5.143923841792029
0.20296291448256337,5.173099244576474
0.20350898021240474,5.141066521444856
0.20141498236469582,5.1089281268750035
0.2003797156095351,5.382793195772151
0.20347256579988815,5.131512208238996
0.20533085092881398,5.060516594832454
0.20166685590645012,5.271451013882907
0.2011648995677638,5.237892629488077
0.20194842705768806,5.14779119116643
0.20254658323202238,5.193266936330178
0.2001555216485102,5.2442745458535
0.2043935631426778,5.226383424575027
0.20490609016336364,5.224416461487023
0.20089229330228675,5.177820311139657
0.20041282206443137,5.2881851572400995
0.20070630261244216,5.152565862586236
0.20095676121329242,5.287360290030981
0.20332691322733654,5.039859118002966
0.20177709200613816,5.175442344852496
0.2018035620218393,5.313660899977192
0.2020026827322129,5.1959354765778585
0.2006067119170475,5.243759899181013
0.20115868401475412,5.255797768330232
0.20074783551772568,5.205384928263406
0.20339851171569193,5.250343430120888
0.20274870985841476,5.086910729123753
0.20239700785868248,5.122419287875088
0.2025863295744645,5.092716578212913
0.20922938044641864,4.851539662226663
0.20105703954884835,5.196413261365143
0.20159281241927396,5.295978716411271
0.20258885590427708,5.204257580286049
0.2021106647289163,5.300881289209987
0.20222718355219876,5.149818089307106
0.20088668306974694,5.291041301512634
0.20758805589843837,5.078323598783011
0.20152348766655384,5.206214100973114
0.20054845484568581,5.1806800747799
0.20345207476053692,5.002343952111859
0.20149083415053765,5.186677028988131
0.20260885441551632,5.015104801690793
0.2006047603620948,5.243515302052571
0.2070246786834127,4.949537190957032
0.20027481659936583,5.2221807131710145
0.20109377076144627,5.188657554940369
0.2009650936811312,5.196049985090741
0.20170651135401316,5.233606656405061
0.2000602130726808,5.327249930097209
0.20402618790002308,5.139055832164929
0.20098375204172936,5.210937037161513
0.20427586991208088,5.07745362260679
0.20247578411766082,5.061534389158679
0.20032013388392408,5.2207274324484425
0.20178663795797108,5.227598658431729
0.20231658679205738,5.266338134629791
0.2043621418888774,5.103482001927953
0.20087050283638014,5.123728868143913
0.20087428706090024,5.1620086451676475
0.20572521399936386,4.905830376827041
0.2004917459277552,5.171575302309505
0.2029439567990744,5.101622374064984
0.20232433902587235,5.022288264885729
0.20490881352272505,5.2681247386226
0.20205932961271716,5.190631357642773
0.20232454533227837,5.243105707838093
0.2009004908902729,5.101917398078594
0.2021381287219667,5.065348181907675
0.2086808755707914,4.961739925757385
0.20668999552294076,5.1032721323000105
0.20234904341205062,5.094040363452053
0.20115973007741966,5.188122500494878
0.20104409854202085,5.268115896441373
0.20228418704536852,5.144100004300888
0.20355226010659624,5.043821358411933
0.20057683023356482,5.254714011155173
0.20302959930687234,5.1736806717422406
0.2004272932556041,5.303623018680984
0.20108603316145615,5.206682003831626
0.2005202290141999,5.128128799791423
0.20484457348774765,4.979689473981752
0.20018268735608724,5.237106881392615
0.21213430958156498,4.86161543864832
0.20333606169086277,5.211238621452417
0.205225182889507,5.060937407377144
0.20481971361911414,5.145207073629158
0.21219716253447957,4.945676670530504
0.20119425283421893,5.224408416727158
0.20370153641795563,5.058831678959005
0.20072578046654366,5.256629294112594
0.20113408768384725,5.259664282625649
0.2006639616429619,5.202952113198907
0.2018467803705733,5.228640545946822
0.20803369091102078,5.031835126025411
0.20406208117716151,5.037977557981505
0.2028318345356748,5.263147130992323
0.20128394811265804,5.212995415233707
0.2006062990627816,5.230198027348607
0.20018116918089296,5.27204445956108
0.20379101695636218,5.231281924284577
0.20307411842629133,5.163657071187994
0.20476593184749242,5.06863833681082
0.2000006244016959,5.28343481345733
0.2030277711389315,5.15342881189328
0.20113209856826558,5.284647234279463
0.2015246595998683,5.129461657684975
0.20083667784983253,5.35770254191132
0.20102510192777556,5.166190071356104
0.20111994986359016,5.2528781871721675
0.20262971601799973,5.155121066247549
0.2024840772376911,5.192692151130723
0.20014646332245553,5.153463773566165
0.20193890636820833,5.243618056721638
0.20303910563946306,5.164179129170227
0.20630464943679203,5.204254345086406
0.2019147765570532,5.169853466888125
0.20113387344657632,5.332310703561672
0.20003313343937199,5.30128283035987
0.2033814186428996,5.1938729579185345
0.2023089088947686,5.220339386027843
0.20147515711780786,5.14715876878821
0.20002924411033343,5.135756601866859
0.2019712272421999,5.124918431464992
0.20208976958700386,5.23448884304997
0.20359830004382462,5.122371589587313
0.20092917726382414,5.208607049870227
0.20433467172556746,5.115011467891092
0.20457665859982704,5.151381149283701
0.20021289911762474,5.308501188148698
0.2048632177180864,5.2376886018362825
0.20385042625857835,5.231152318072963
0.20145334811638085,5.203520457415013
0.2015026826395381,5.24612470610856
0.20049177089668513,5.4002289348710315
0.20028591112179123,5.369388713921664
0.20023503693666347,5.178051962852075
0.20142328362928258,5.19525464428314
0.20088263754082403,5.296617077431112
0.20279673797490633,5.222656541916898
0.20137150815217383,5.321231042442395
0.20369517276174767,5.2306348492059875
0.20027251828653267,5.243661624109232
0.20342524650394286,5.009940410521219
0.20128346259815935,5.162662411299031
0.20086722645487304,5.343122297443799
0.20409667507239335,5.070045505629667
0.20247907630770917,5.023529012515766
0.20105502844871795,5.070711425723524
0.20677451605709224,5.042464767168938
0.2031126984874558,5.079069199503602
0.20027422484410554,5.301998500969643
0.20199759797747446,5.097365585797411
0.2024738149438639,5.101120420534238
0.204104732934263,5.066862767568979
0.2007630285623398,5.271735841220196
0.200500467572869,5.14744219564867
0.20001739111555888,5.270640266891583
0.20135580023848787,5.192049163941249
0.2052238479241727,5.189137013890427
0.20175009172266953,5.06413413505116
0.20184660996050804,5.074382848499586
0.20147989577740055,5.178338676530249
0.20100619532840078,5.202913253215105
0.20121701079555268,5.156042630390838
0.2005588941967823,5.306287835863796
0.21145536345994714,4.83135416263346
0.20441407555962807,5.115741079834544
0.2036756899919516,5.218997217178106
0.20035733028615557,5.353255212359076
0.20175090884078212,5.2204087048968395
0.20321575130405262,5.2833771804057
0.2016064726645961,5.156979826720103
0.20290295613592602,5.290650716031682
0.20129987178016215,5.166083186378828
0.20353628947035565,5.004688837046948
0.2004323720243638,5.196018316006342
0.20016627906349607,5.2985729108952695
0.20259580415616987,5.152680903356332
0.20614991109338873,5.013323485291672
0.20021901093012584,5.116769802612627
0.20164531328080612,5.341989944885984
0.2035763000142263,5.172097812815819
0.20037943704111072,5.25508438585565
0.2004000043002556,5.33142331071431
0.20605828861593925,5.028655460619727
0.20330024806419994,5.1563123110970785
0.20026400211532672,5.310465307240978
0.20570137370971908,5.087508616189558
0.20136621299848306,5.128339884980511
0.2003703410281584,5.28047140203651
0.20237053609205308,5.085288913162351
0.20086736596723445,5.219126555200917
0.2018459936409821,5.103631216834401
0.20011598797098473,5.093236451281872
0.20659662191769862,5.013464995273497
0.20725918890202466,4.929262284411282
0.2001767603745598,5.2043315498539915
0.201029991163553,5.261180812109801
0.20042892365663714,5.251475263723619
0.20112530680006652,5.183312094661558
0.20359339701509696,5.0192554359864685
0.20002325621006348,5.092477937034144
0.20429181859838622,5.209249128618879
0.20089720373922096,5.263705914619774
0.2032344213102368,5.098171550788823
0.20105184310707438,5.1874330390187255
0.2026853241466523,5.377180417699335
0.20144701692908515,5.307661334462878
0.2044874824732665,5.141389965681471
0.20190240454952657,5.270511585587979
0.20156943552332865,5.2052891717862
0.20354843821721455,5.230112749730057
0.20426263917513307,5.0515711012314455
0.2016528866915961,5.332550993950459
0.2034288394538757,5.198281874037274
0.20699280914527768,5.059632054914612
0.20122051789998588,5.313785576573633
0.20008223813449572,5.239475042196644
0.20442425600965772,5.048298134743462
0.2007163655905819,5.114002070785667
0.2005828216113125,5.14283406104764
0.20017207949264437,5.216266364558314
0.20089403262425554,5.1269468152729845
0.20486298306981324,5.175132201432326
0.2021548296661144,5.27140609051531
0.2031126984874558,5.079069199503602
0.20931199280851476,4.894836659690332
0.2016264948982581,5.107123110754063
0.2005016144509408,5.1677982244046285
0.20327299700332585,5.035634437560554
0.20812806702754533,5.050628022155866
0.20112481388153228,5.036800907170509
0.2005578483845555,5.261599516748939
0.2041875965313496,5.125086263366652
0.20321307286202267,5.219931931110142
0.20025022556109096,5.2357334070708665
0.2083778117644884,5.0346279216972185
0.20188129869774227,5.260635816629378
0.2049820270520734,5.003744801157853
0.20234553666740857,5.123479002278742
0.20112460790594824,5.061150296013023
0.2000152497671568,5.1379505875553315
0.20180909566508118,5.126679518209448
0.20499759560832403,5.223021728997868
0.2010670284220127,5.259284433311773
0.2047428631235378,4.993767710964374
0.20298251214451796,5.262038940928487
0.20015137037748662,5.186726236943147
0.2007278470238914,5.259151891793252
0.20502556248650863,5.079866961841403
0.20080547734217702,5.142731900416345
0.20636988110004745,5.147995440957725
0.20253540885727378,5.156688459927189
0.20010340373752256,5.149689968709778
0.21189850717125935,4.972720016030316
0.20568634885344386,5.051245999784338
0.2002239407565862,5.221848875583452
0.20057378047344027,5.213038776359691
0.20723977824224107,5.0092372047483185
0.20204826275560545,5.1765744772713
0.2025819687322985,5.165163628233776
0.20698829702735266,5.035125984965556
0.2017835882155459,5.237460066358559
0.2027205789095119,5.072712409936823
0.20611525215905716,5.079738721811362
0.20243900093587303,5.157458035794084
0.20753128169606158,5.112864437081442
0.20048968279251622,5.28925648557205
0.20676153256339072,5.0279743792981835
0.20048811993185522,5.296099930909747
0.2001668739474939,5.211035614593582
0.2014078994431063,5.186144337248776
0.20403220396223076,5.234323401499003
0.20369754803924758,5.159762022046171
0.2039082696787475,5.048605074892464
0.20367404566023267,5.044067733326528
0.2015923259418143,5.227915530468281
0.2005887759368501,5.231166201403181
0.20600237263837048,5.195492007257848
0.20185107949388803,5.1535977261167085
0.20523480508028272,5.0957132778362535
0.20434339697400716,5.077242011961711
0.2008709360767573,5.159762619286466
0.20022374335898285,5.155601951024514
0.20228605098002123,5.065356577027681
0.2005287781417014,5.230104776911996
0.20114014837102223,5.193769437853151
0.20108710345721167,5.156021969292068
0.2015792196416144,5.19157965999361
0.20480010316176814,5.074554461890292
0.20142873985205964,5.12981936665051
0.20046431522599267,5.254147949067458
0.20005639301992142,5.222424355975948
0.20174103909199992,5.272387354594575
0.20606387640879184,4.9933215947033425
0.2127113727406431,4.856450264346873
0.20416968650064912,5.055291935531803
0.20067671659665118,5.16911240274298
0.20195596494875365,5.155276492244497
0.2007160434862808,5.308381398358237
0.20335982110699227,5.097627743738876
0.20469266729803773,5.273176277517165
0.20088092664884413,5.286804272528562
0.20363187996825183,5.265239947904482
0.2041676239451915,5.153546587263848
0.20101916133088352,5.106260795638765
0.20074892009382594,5.319125187733863
0.20099015976032153,5.104709225604175
0.20094008560782758,5.170121726409419
0.20521017558656823,5.021439030582532
0.20147062509293648,5.221706861336119
0.20239885454521722,5.186369316031203
0.2073913468079921,5.042026725919846
0.2047694879767851,5.001194831114974
0.20191726232661078,5.282840519172325
0.20329828211191003,5.385967346844719
0.20778377175521576,4.900776697532096
0.2021569503174067,5.147643581834245
0.2007412764285859,5.260995918528814
0.2041530130422795,5.048415484227636
0.20118888719382733,5.391370691111665
0.200094710701402,5.290148274818675
0.20203840268279943,5.182122696402044
0.2001133525324094,5.303104190517952
0.20178259182235705,5.166928730957931
0.207704849407632,5.059111470678187
0.20283680354663663,5.038776425976566
0.20101897677992683,5.302249955816256
0.2027912523898041,5.25867638910509
0.20122565333717773,5.116317965592636
0.2013184162902779,5.090900167240409
0.20764225903148545,5.104229996652663
0.20417303164005102,5.239818357058462
0.20037943704111072,5.25508438585565
0.200247198520661,5.281350032188151
0.20080187144436937,5.256159795235497
0.20740944100538483,5.1545143055858915
0.20665198673964014,5.13152028533914
0.20504795573748838,4.9322231729846155
0.2029654934067938,5.133539319766279
0.20050655900350062,5.210078611445451
0.2060614648046108,5.127003740113888
0.2003155471779085,5.117131681252378
0.20111195025082632,5.076542988118577
0.2006846759334329,5.233201438435159
0.2044583018374997,5.019352875094608
0.20023966910643898,5.38640263121802
0.20174411587467914,5.198984432570801
0.20163154981716858,5.172671037085342
0.20058508222491334,5.1266575772551155
0.20193866959627235,5.2868845961904505
0.20164367689040968,5.1211658376426
0.2007016107800638,5.271395586429543
0.20216350383270176,5.162394768574482
0.20155180288370989,5.1312087160645
0.20143691214523024,5.15143940480003
0.20290499284041827,5.1522758913826
0.2064069947226912,5.1831635200760875
0.202130909022941,5.305594607825552
0.21990065351565777,4.878997157240408
0.20139242925489723,5.24305412928636
0.20071741371849594,5.190422856842487
0.20074494125587022,5.271392683069078
0.20242775899824042,5.169656489590279
0.20783396190363101,4.982424436790168
0.20442715495796734,5.100932985338375
0.20026074909109545,5.339586010594243
0.2008855155982243,5.153739303447338
0.2000304587040481,5.2725207188006085
0.20178723738805374,5.197750803731721
0.2032961526180876,5.111913694980813
0.2005654419297065,5.332161837909111
0.20717221215791687,5.08030983736279
0.2018128563709619,5.14115926367931
0.20078049885477017,5.229927767173355
0.20062266033103127,5.234697027291463
0.2026199061684037,5.231209363239297
0.2045495453497566,4.9845489027421905
0.2009090300503206,5.0126172055484215
0.2009210724209731,5.203017559039194
0.20142187714343915,5.259846073188088
0.2007382696534148,5.15352366392196
0.2021408085847917,5.018425534844159
0.2039569804096917,5.177427127922454
0.2001874407238398,5.138142640942319
0.20103242918220338,5.158395071281341
0.2014481910465034,5.1152350708527825
0.20480771321613855,5.097997262877116
0.2038721529286956,4.9823558528589444
0.21722946243912267,4.859854637397371
0.20043305402554085,5.107879555200899
0.20104898945804378,5.199780371843739
0.20248283830137206,5.189841326862013
0.2002248498441951,5.176999026939754
0.20100862844965736,5.227551988031192
0.20183375814685475,5.174845871040767
0.20211399432021931,5.2614531336175885
0.20211199146361225,5.2045255729452355
0.20045499030749575,5.19341676442566
0.20096286886967182,5.11654605426002
0.20119990906574503,5.218520250184101
0.20540652750152538,5.065359977410747
0.20228654273633878,5.1336214416196295
0.2051984268279617,5.098604714293356
0.20029997815556325,5.159565952333917
0.20753189006622003,4.970364150245571
0.20274576475087883,5.216397401854162
0.20444008392552987,5.127198795507212
0.20022262819997902,5.173953635071761
0.20011778911493902,5.069067848671198
0.20807657139481905,5.064372594205539
0.2001668739474939,5.211035614593582
0.21100423435850696,4.861159301127536
0.20461029237386363,5.126381888655445
0.20168017706292332,5.223077916861015
0.20044382699048796,5.318805835986863
0.20021202218932904,5.156680753831165
0.20459990524305086,5.156960216825828
0.20166623874231895,5.120736641870973
0.20096414805771057,5.1108714472377565
0.2039250163998099,5.121145749383532
0.20332899569540622,5.165283111766879
0.20048237761882856,5.283353627293539
0.2002510233993505,5.315849315024572
0.20301776766793395,5.1485232283671145
0.20082011672429614,5.161534825737733
0.20339014756007492,5.256105267495243
0.20445849549229259,5.160515420789641
0.20050369554397476,5.230208558142893
0.20135546415046765,5.268769123711778
0.20163155960893825,5.32427011353127
0.20853344064508234,4.999883819039269
0.20358937684227196,5.059556889968347
0.20146347846504137,5.310932894364883
0.2003825504480834,5.351550597678896
0.2012399221617677,5.123623286913861
0.20034224500739908,5.17015472773374
0.20902172060945673,4.945329632260361
0.20156098645293993,5.105282354434404
0.2016278764737399,5.24941596150575
0.20121331506583046,5.1924467207895235
0.20099573312433675,5.246117812026663
0.20220963718712803,5.217058307591743
0.20429545524916695,5.22465226979309
0.20060520943341914,5.218276017192059
0.20162182117748967,5.422879850592385
0.20108044205066924,5.347115033471697
0.2005697633064991,5.392190908980428
0.20113730925753706,5.20759606113079
0.20340416692795962,5.00872596557238
0.20509249959211498,5.095864703873456
0.20225194043755448,5.145008508752506
0.20157720139900417,5.218367005673718
0.2023550043040812,5.163590018981427
0.20060590385138155,5.147596662738701
0.20019155218926585,5.121752853137768
0.20016535005852448,5.245196608497197
0.20047996443815316,5.185130775498811
0.2007161129704588,5.159774961958279
0.20184237794525944,5.207457595702756
0.20217427319425707,5.300450814181495
0.2039898912936561,5.120380003636605
0.20023437426265145,5.180504052620814
0.2039460506879161,5.059429915107581
0.20711717461125898,5.188123611241528
0.20404420191070063,5.184683498856688
0.20154527666937636,5.12662413765039
0.20276823284808604,5.1805299587994185
0.2024051454221927,5.185194102692853
0.2035607532979375,5.023870430968355
0.20208094588946696,5.161174969852613
0.20483301974420925,5.024957824466381
0.20098026815096903,5.184617699522741
0.20130872584244777,5.176720798461576
0.20023620232586023,5.192778038305345
0.20032838923797483,5.291969357577245
0.20090296612812514,5.33426799570026
0.2018956194325816,5.193871525083262
0.201340787088969,5.331812226439362
0.20646558852241545,4.966320261926082
0.20116451286405984,5.239802481069771
0.20117127266767965,5.319699281522974
0.20249437607437248,5.147350975018896
0.2003515590457291,5.248244606431492
0.20258610646357078,5.25612809841538
0.20447112542455825,4.988273643606963
0.20192608453631133,5.190915072692457
0.20121981673615646,5.188553761083217
0.2010880209362517,5.1470984223581056
0.20013815328302706,5.241672398882034
0.20120106604638976,5.05003567538636
0.2051816398605703,5.080839359074532
0.2001142010808423,5.219920033025076
0.20208923551468977,5.145188752947548
0.2030785023349879,5.305177701955965
0.20545969395780803,4.903484929430121
0.20201585117547677,5.112903415124942
0.20022275029995737,5.289737121872721
0.20003991808180316,5.288395122513125
0.2118671001116383,5.02831414061856
0.20343633804045702,5.240922667389982
0.20227191176206677,5.094918308511724
0.20165928914238138,5.28526168743465
0.20198446757661767,5.310862535895758
0.20239705939620414,5.150132890718976
0.20004277498421175,5.352390498719973
0.204423122266367,5.0901301808264865
0.2028172880649308,5.198228951266302
0.20099507317281984,5.298061723179844
0.20328977669801399,5.085629585440668
0.2028635355433669,5.085345706193185
0.20742695682589804,5.163845117000601
0.20090204145646304,5.282457439083238
0.20118529146782307,5.365682167950931
0.2027540544445012,5.234570284102761
0.20131369396780857,5.082097115014014
0.20208550446872947,5.140781967942667
0.20205422694495223,5.128802318112639
0.20380351000280603,5.076674586396263
0.2022423792812034,5.078525696124549
0.20317658745975975,5.129039134078736
0.21454359170154938,4.866470165522182
0.20178573310479822,5.0478592505171695
0.20178962489332625,5.092095335609623
0.20401352860944597,5.230295950953846
0.20001985672776518,5.131712890143085
0.20199388321627573,5.286056280519096
0.20282079038530845,5.231044435867021
0.2056978993801651,4.939268223205173
0.20090189148004392,5.208763965525949
0.20072513971295977,5.2849889249617625
0.20004350200810075,5.341562941394698
0.20438586392676167,5.015386468909005
0.20750943624817902,5.094055857348313
0.2034349891567881,5.067433232775919
0.2026670148183348,5.127849529600187
0.20482441685619665,5.278062195327982
0.2069525249639872,5.109302054486136
0.2031772354535738,5.22583113558072
0.20740278285310035,4.949810076168289
0.2050157679135466,5.050044300337204
0.20221164429637017,5.05064762082495
0.2049416719419707,5.109799369097769
0.2020178637563846,5.1300053624865285
0.2006605969532076,5.332429089441709
0.20646558852241545,4.966320261926082
0.20225194043755448,5.145008508752506
0.2030567291764045,5.073511217811616
0.202098163271999,5.171083254635219
0.20199605922241914,5.204721687015094
0.20046247886651652,5.282916999174799
0.20105740032079583,5.20962464226084
0.20006460756164382,5.396539506530537
0.20170346708498024,5.189407133859777
0.20512699818714436,5.043093228774588
0.20047181658230878,5.406314493784989
0.20289862956248836,5.2190518063857425
0.20300484316997078,5.194350477362039
0.20133520502934613,5.20877415644263
0.21115852253745032,5.066448274122474
0.20326080749065983,5.277302910939556
0.20236685939587098,5.155139647198309
0.2037669474776176,5.229916337734445
0.20093699257712813,5.194292167478933
0.20025916006723535,5.297618579776019
0.20169769327207604,5.035490136228794
0.20615203722175182,5.014424320700753
0.20113550067503835,5.207567982120755
0.20113847303281898,5.3107262255968575
0.20010157996171876,5.130542719809562
0.20108311149450162,5.217841613314404
0.20045935236510776,5.118383942163002
0.20104512122349213,5.07682257767252
0.20711107642800758,5.056254980341206
0.20222223560692065,5.021901762173672
0.20052078696162878,5.262364474038047
0.20109352909461714,5.293703762053285
0.20066653810503435,5.2722174790596865
0.2030505560466426,5.1907121293708
0.2017745291349572,5.205121722742618
0.20921776135205372,4.996297925130339
0.20220287150649802,5.165882981406259
0.20146646754188047,5.166628281087938
0.20031199927675794,5.410387314095465
0.20011530562881297,5.301455157640758
0.2113397483061958,4.91235338683245
0.21037271442021116,4.91876683112969
0.2001456324681745,5.24799662796593
0.2052238479241727,5.189137013890427
0.2006588618466223,5.248380708319672
0.20320170437022522,5.205640282925308
0.20030642751555622,5.21198411490874
0.20093165794288642,5.191211620331764
0.20174014751556313,5.241337303217664
0.2019007548048382,5.2599948739372255
0.20300971257002431,5.280811577682531
0.2010332886005308,5.291876774478517
0.20507464131970443,5.162276663102401
0.20954367759084697,4.960371414184993
0.20408445680189707,5.145543203663
0.20081512775337151,5.260764347981929
0.20631859839398473,5.098611574409488
0.2017664041918911,5.032468564628764
0.20411396841160906,5.077672921414159
0.20063094484005659,5.234458612783628
0.20315042195094024,5.206061940220208
0.20134834849187977,5.248685080809075
0.20042100512436703,5.1315481612409215
0.2013256479758254,5.17927356031569
0.20169402563118666,5.207412303657968
0.20163930521477078,5.243463121429464
0.21166051431643546,4.921331512107515
0.20025481780747115,5.252690573496744
0.20315970092905,5.091719360833656
0.20119765125382869,5.127266440568614
0.21390803602064273,4.879200088042708
0.2079373317856276,5.051872336334204
0.2046972507605255,5.079355475910921
0.20132334717000885,5.206740868034025
0.20172988296108318,5.17317671633826
0.20139013029857855,5.221792796099265
0.20186713508127277,5.269727678149246
0.20300131219714546,5.083235955564473
0.20212108143413396,5.2011050940251256
0.20167000210568137,5.1919912234531544
0.2009560409372325,5.212219943991277
0.20000573817736333,5.348857079439358
0.2006994889701545,5.254189365391285
0.20163930521477078,5.243463121429464
0.20033360911650763,5.19227049990532
0.20166675375348925,5.128801058586384
0.2013146120113264,5.263098832324495
0.20084117452410105,5.24607325522228
0.20042021924595432,5.230609764612775
0.20278278320892174,5.133418898962428
0.2047712026581711,5.156597106801275
0.204749617147641,5.138557005966581
0.20158768150814635,5.305998949072525
0.2011914877629803,5.286475982527646
0.20071737663919517,5.232801641109831
0.20596350607883407,5.1100650889699795
0.20056590878579594,5.156198337221861
0.20314714756767857,5.075926750612832
0.203164457961851,5.127217983995965
0.200237377066221,5.370044226819824
0.20104864867649036,5.333059764777779
0.20526247370717196,4.986148502261852
0.20163142620451668,5.214562694490086
0.20110365537460898,5.393019512365794
0.20398756300401763,5.114457462517634
0.20877318956622085,5.009780237313283
0.20575627105226196,5.158155871019325
0.20182610785302532,5.206633766497604
0.20729646456855777,5.057863898716162
0.20118878308954816,5.182601183120484
0.20037851022017647,5.364073780572359
0.20042760683822997,5.260056449241635
0.2012980638634874,5.302755277046534
0.20318000687274643,5.3158795684720515
0.2013660472711603,5.1629834314951575
0.20175187420786286,5.299832792685793
0.21010514842202715,4.928749327230858
0.20090914311556396,5.276172664338951
0.20422154399449818,5.175047023341888
0.20243379488263039,5.082360976519251
0.20260454976813724,5.131575558132139
0.20809107862551132,5.0089194666890755
0.20279440374376664,5.237310664739593
0.200476739882951,5.219447709575244
0.20182946639973254,5.001353720668559
0.2019900177289701,5.145655634352646
0.20197817526314885,5.241623751932239
0.20234994232712658,5.194350739369407
0.2001950660338987,5.13028349208638
0.20142186200997278,5.270617862540124
0.2003405616289289,5.3048714752644255
0.20167080875398125,5.31956882224305
0.20260647704208415,5.190663038631954
0.2000908165488777,5.235035307855308
0.20151131087073793,5.3323916632651525
0.20124166933617532,5.219356931974673
0.20183966362690595,5.314233259426893
0.20465550019072662,5.051054295516024
0.2007383032042239,5.191323018516768
0.20018938039190656,5.190769753703276
0.20300361103246456,5.144924000183958
0.20074419002379193,5.2350393467253555
0.20117822551891854,5.249568260476256
0.2027349272263496,5.203106060296512
0.20497727608581606,5.110786819854848
0.2026832069696072,5.201390006309918
0.20016073573576007,5.212126133219591
0.2028253209609086,5.120866188791367
0.2045256367807443,5.057503564826892
0.2002917844486018,5.3024685584274565
0.20152616294081893,5.26225450338842
0.20083718146579754,5.022968880244788
0.2076482600766092,5.022060331630089
0.2033060765874734,5.059159423962574
0.20390030013320784,5.144615397999436
0.20219592498920883,5.106964030132508
0.2077385319698008,4.964450992056713
0.2033685904621798,5.086144356175718
0.20201761184370157,5.271838245220234
0.2002580396315272,5.1969583140769675
0.20287051896569766,5.205494833511081
0.20129714661964898,5.2766205607611
0.2017572242207937,5.112193804524892
0.20110911219225105,5.227390531529916
0.20558163044364733,5.013036599974951
0.20386205571172902,5.16585094327522
0.20032772422228554,5.267703022428198
0.20701649820568205,5.0367024553300075
0.2013009298690764,5.073058531574456
0.2019512701119358,5.250781692872198
0.2038965083020192,5.0263290594872
0.21009593464802997,5.023867139707955
0.20923427080832202,4.969230149315756
0.21307453573057109,4.898150173265749
0.2027472894007343,5.238222945395207
0.20109661718378358,5.327203361485632
0.20079351620627814,5.350789372355018
0.200431025940959,5.229710434696236
0.2028428922772995,5.216686603398974
0.20268703252477555,5.207798539167377
0.2035416539945004,5.103858778942914
0.2001372955699874,5.270299639582811
0.20186614857288424,5.203154236277723
0.20427574693423273,5.165461768379496
0.20033908055514624,5.206008887060573
0.2066243636225408,5.020972263710866
0.20141492785284493,5.256427507393842
0.2001267750552557,5.484926852621229
0.20562946157641115,5.135091424594481
0.20222087093382354,5.137596845016364
0.20526247370717196,4.986148502261852
0.20043928038205236,5.334949399758173
0.20014885972757138,5.330868768407631
0.2010616494520864,5.346958643815743
0.2003267554417366,5.187503921600754
0.20081537903984342,5.212433349291322
0.20222374976716645,5.239331007665781
0.2035683737619036,5.155592365989726
0.20010974035171755,5.2451255620818555
0.2015242060844838,5.183527721304125
0.20090473104502296,5.171434940926693
0.2004985659326236,5.095627016937026
0.20241722309240934,5.20423301660799
0.2013069677476821,5.229304202519504
0.2019556638162302,5.1704842508091495
0.2002540697960165,5.270518793744763
0.2039661037562474,5.048104617251397
0.2056094550462364,5.080461139213944
0.2019588091167299,5.163241303784892
0.20317882283400118,5.172936865228338
0.20041870413852655,5.22939781992152
0.20046769164640857,5.374012316384614
0.20013164568140449,5.211916578288249
0.2010632964026583,5.178355892603492
0.2042854543419537,5.028463705141331
0.20516477340395695,5.150342655609067
0.20040567406656726,5.29349253753141
0.2012841752185542,5.0596820681341494
0.20438247071041413,5.157215286503068
0.2001167746913471,5.255252847016401
0.2037289045977669,5.132657234935774
0.20526247370717196,4.986148502261852
0.20283827424655787,5.234738205066733
0.20128947007497086,5.1097706517201935
0.20129237165802663,5.249268259061768
0.2022049357472096,5.1460927917478685
0.20021411750244977,5.282603499911873
0.2010629380010114,5.148363555896398
0.20014004561677828,5.122366471787506
0.20176540000764814,5.110743500892979
0.20223855368826144,5.240714886441562
0.2006846759334329,5.233201438435159
0.20141267321695136,5.1636378071109865
0.20224299076713895,5.171518897552018
0.20017349815630217,5.213028806290219
0.20184459044842495,5.210637333431735
0.20349467644130298,5.178940462041106
0.20615088782901553,5.1431248052715866
0.20479615169868745,5.242566022508397
0.2004067965324853,5.345582707752413
0.20628381213475705,5.05893089401421
0.20030943970607357,5.319105189323714
0.20046950680005335,5.050656220275153
0.20099001319260543,5.203076954345971
0.2009873353101324,5.1676876723731855
0.20322972377028134,5.1883572301546055
0.20121437682617255,5.253855794192966
0.20024205806370932,5.189628512582357
0.20149739901289374,5.219765208387704
0.202444304862175,5.073685543534945
0.20088915978608674,5.155464652749335
0.2013408188005962,5.35328081881276
0.20179298687359012,5.2350363943306855
0.20201522820062368,5.22210474716978
0.20138696743226633,5.235525939751487
0.20254215767235018,5.05921221274784
0.21003534006989466,4.926514437529732
0.20591600678259409,5.1018204782903975
0.20068977294914264,5.116497052603507
0.20442298768260772,5.0810669192291895
0.20817860272992142,5.014780580748833
0.20197221138976695,5.054886158482112
0.20214553257515536,5.0399227605390715
0.2105169835691357,5.02076459955805
0.20040009576632165,5.225422723174879
0.2001035636273155,5.272231461408741
0.2002634461259443,5.2398492612006375
0.20456388321657948,4.963115102599884
0.20169239752507095,5.183405029217528
0.20146500761611041,5.172264135223472
0.20141625674272318,5.198093940374398
0.20255712914879961,5.159710513591918
0.20214539413597274,5.1640058709959336
0.20197418471043865,5.209647553801682
0.2035495284852414,5.158673701239998
0.20017605645670497,5.152446560896676
0.2020848649461676,5.147517066362981
0.20256364615116693,5.251102104737699
0.2017279912681467,5.221298050408829
0.20172154827675412,5.298213524249263
0.2045167505964372,5.129630376247296
0.20230108324362905,5.271881289526973
0.20357837012256236,4.9928104607443915
0.20462706167214162,5.07241643326486
0.2007151692817528,5.207408153706709
0.20740151181702174,5.073632503560022
0.20310167302015922,5.11374417654079
0.20024413996435875,5.264344835797732
0.20358205255582063,5.151769812195473
0.20241161171292776,5.148794844540625
0.2025292289672177,5.222411583584607
0.2001275006148456,5.327351750255758
0.2066359269768873,5.008508834889961
0.20040899057593442,5.2997672587804265
0.2049388991859029,5.019695306004614
0.20414803803057974,4.986342999027801
0.2047839000941776,5.027221758707549
0.20038751097544985,5.214701330950389
0.20028991647599284,5.423745414625605
0.20013420944324883,5.223913410010376
0.20206024166122383,5.174229473269089
0.20139790341204863,5.2935600920431245
0.20044988735280933,5.244037490360766
0.20985367580295025,4.928742356967774
0.20390652176379348,5.164136751076849
0.20264303369288983,5.222153384334803
0.20069823540366002,5.213813749970564
0.2000885789137003,5.131514777136164
0.20082003118300593,5.271341510335569
0.20019716038540852,5.157054163291949
0.20319938578070362,5.161606313186458
0.20154215933190384,5.235830019165319
0.2022775977126339,5.159919052881244
0.20467927927055513,4.998847768404352
0.20279814365450588,5.22556503551945
0.2022762233182559,5.0910537100462445
0.20061135535898983,5.225324871907718
0.2054400199850682,5.127543815875577
0.20085235850897362,5.38767714077663
0.20235795778730425,5.108686318215868
0.20072632925634604,5.304970320208465
0.20472415543143835,5.005503121520988
0.2018953584889075,5.174551077125597
0.20155679738078314,5.253632270132702
0.20023023296583667,5.3239376739670545
0.2002410941298326,5.262680521561588
0.20538190877228552,5.133728776035256
0.2068455952247802,5.077028605472713
0.20369555694703162,5.1441869912154194
0.20377157468152915,5.138683584112819
0.20326211947658696,5.134344026113095
0.20099657478955718,5.296866332269149
0.2062045204275702,4.966807849608252
0.20205232916955157,5.178293702123401
0.20651052797824063,5.006893807398836
0.20097400775074742,5.135413830701414
0.2025968863184317,5.1420144720102785
0.20087327141795974,5.277248033407314
0.20073582039492802,5.243214606019976
0.20063957755505957,5.236228681439231
0.20386911644259922,5.080607958185664
0.201601135046087,5.224710239378959
0.20216123650653256,5.260872959705911
0.20765076248274944,5.076686389168368
0.200354094748137,5.24019978935148
0.20162424264138598,5.206219818393928
0.20117555694685174,5.248281790799356
0.2013625490944373,5.245604364765984
0.20933797929928935,4.958515744618779
0.2033368273558672,5.256626353791669
0.2027162869863191,5.27893406716914
0.2026676078171949,5.056108672787699
0.20053902545144892,5.200166954988068
0.20129076386186961,5.191786441735076
0.20507831330305826,5.135554503907842
0.20033769510626184,5.166984858523002
0.20028654316498445,5.277872363317899
0.20003582511894724,5.284456127143524
0.20539566965240716,5.1098641269918
0.20245625860324343,5.2041577875334095
0.20447757698048438,5.1123225339575065
0.21054031713657181,4.9306898450332035
0.20596993531492686,5.058252516242207
0.20050572529665334,5.291841624510097
0.2006337805328078,5.407072443916968
0.20061829016108562,5.260256641182816
0.20299821346034613,5.16951874511431
0.20020419615735677,5.304557000266069
0.20043811115625962,5.194594238544257
0.20542640859258213,5.035755430996739
0.20211855374257734,5.083310954303048
0.20221382974609178,5.216567900787328
0.20562324128050988,5.1048847530876165
0.20491261021000592,5.146066074474292
0.20827675725982925,5.058888607231522
0.20045947540019574,5.271489175887463
0.2014642443375281,5.23855242652187
0.20106378197783292,5.166625212646256
0.20164062689063708,5.2055666345966145
0.2026040617280868,5.170901735199822
0.20026077948095922,5.224101509746977
0.2054907876339635,5.252161175060349
0.20214622587417647,5.204797412524414
0.2000135345360797,5.327135890940533
0.20016590978863294,5.2138819640784195
0.20852849720898314,5.057110579752837
0.2009215270678517,5.069419094061493
0.20111245722584029,5.200346578281794
0.20200364213661054,5.13211119614906
0.20067476885658006,5.185642975155142
0.20172138117982946,5.343496130988516
0.20078081852532972,5.270221259440612
0.20104837708979922,5.104373011739617
0.20090127528638677,5.099694183413921
0.2030068608596643,5.151964337714614
0.20241105034534526,5.284867719956007
0.20148114186436344,5.107553658192467
0.21400396505957298,4.893774523811772
0.202442658511809,5.278927721778218
0.20033264547081253,5.2657378265304065
0.20184828262534876,5.22929978557352
0.2019956210006655,5.184597089857567
0.20713835408694875,5.1382354490045055
0.21061169689764855,5.0094403410045985
0.20090518520893028,5.303170030201691
0.20138825169146135,5.170935744924704
0.20231720051734942,5.236367937601325
0.20243039758261328,5.191787465680033
0.20086965615063027,5.1575484332637735
0.20024435921281294,5.240293567706029
0.206007604030287,4.998393674740207
0.20129431293617978,5.216978360823187
0.20473372510447743,5.080824456863777
0.20082563201337772,5.241697402323107
0.2000136415873395,5.23445468678038
0.20220197116959865,5.21420784101652
0.20001411206596165,5.269743712871185
0.20491516105891136,5.013551463584278
0.20108182010557832,5.137511518987295
0.20227678610046115,5.225983407061539
0.2015138584928044,5.193708773712171
0.20065669339939476,5.192353196665178
0.20159104522074334,5.1864017366025985
0.20192800825938698,5.2521362233078115
0.20046036099873535,5.17503080624542
0.20594461316573223,5.105884722371117
0.20001405322838664,5.300755645201286
0.20494652165677188,5.1478362438373715
0.2034831098654642,4.990961691015625
0.20008171223920806,5.2680448879186
0.2014096689010222,5.32913727885914
0.2035155314376833,4.986681239673105
0.20860548998210088,5.019995165138943
0.20117011316122052,5.110751195512416
0.20231009458206925,5.168263723306893
0.2083338907081188,5.0739163851077285
0.203267500764177,5.150083556685489
0.20072074116649685,5.209622153802299
0.2009690402297063,5.177331843249675
0.2013625490944373,5.245604364765984
0.20027656228069657,5.235397367754156
0.20436469263305398,5.133180166632907
0.20349612898314637,5.164837807426182
0.20013168320927682,5.31637357109388
0.20004995195060174,5.0956225443539225
0.2014524248424905,5.2882279078560215
0.20270185736307575,5.1597736703757
0.2008320808434327,5.216465035982706
0.20150110318848807,5.14438529826515
0.200594801779866,5.359494345710042
0.20038941940269356,5.298096167179384
0.200578105746606,5.04866484705888
0.20151037640204597,5.318857692691231
0.20479745847216457,5.129799521063835
0.2009825875600944,5.245888772243778
0.20030317601740835,5.186029638194427
0.20003899583526324,5.40865936689263
0.2018705809192613,5.076888648319745
0.2004122603607084,5.193248394504972
0.20661083691862292,5.072850484988326
0.20319474633156753,5.163299910721978
0.2003366617084647,5.217445331460419
0.20609573570577908,5.084518680459245
0.20315042195094024,5.206061940220208
0.20497867117084875,5.121593997151218
0.20014601665013051,5.273124421598231
0.20118986880694611,5.235370946891538
0.20019098481009648,5.2453666910140315
0.2003458044841042,5.156646082445823
0.20579434024050078,4.9795764774967175
0.20528928045200864,5.1427699740142705
0.2032878398017016,5.169229990923705
0.20034149492874329,5.375263257156772
0.20055577856218404,5.217556839218655
0.21031467094827216,4.941903337159936
0.2038254015292473,5.113883989219944
0.20243580855575477,5.3674495519225625
0.20384442891840782,5.157198743993013
0.20145317405667001,5.237322934754716
0.200553774599585,5.155276882682544
0.2041246702134866,5.1180636920034015
0.20322375234342022,5.067898509611212
0.20017088275727418,5.367049967822941
0.20004580993073592,5.13316005713135
0.20008619949549483,5.341531787598223
0.2043397720876618,5.0712409196918475
0.20377206674575105,5.0763237640582535
0.20325157174116237,5.262832275816473
0.20094418960871216,5.179800972444454
0.20012682745909163,5.186479405442918
0.2011367596933116,5.366414248871373
0.20120317006033295,5.281400766929415
0.20065935496287735,5.343513743818881
0.2032073184997142,5.031765750232387
0.20030483083678122,5.384907577552836
0.21484817994040695,4.934674393230231
0.20302957020588525,5.086905305972277
0.20193994702809964,5.200604872445271
0.20078571841925,5.256426616913537
0.20085824142845546,5.163997504260402
0.20242281017629132,5.171801239131136
0.20378042455805243,5.193603334283501
0.20250538582626698,5.095407782601733
0.20011484161671816,5.15509736904937
0.20351537661260144,5.017331800026068
0.20141243162729616,5.239570453206631
0.20446785492853917,5.156591727757033
0.20087120026301042,5.278781061761402
0.20426081553900155,5.096049830975108
0.20937327821289148,4.94044780392067
0.2020848649461676,5.147517066362981
0.2050157679135466,5.050044300337204
0.20244865488379835,5.097882835815506
0.20666665090520167,5.137913351711334
0.20857299107818988,4.894125156062846
0.2011493455710428,5.299914898745599
0.20053494791333173,5.301005581150057
0.2000159388703231,5.234015118722703
0.20633170584147895,5.0193096942781805
0.2023045800174564,5.209459807376536
0.20110996399796674,5.293429535203567
0.20036155594397284,5.13761292148254
0.2005603311688287,5.271833807759825
0.20092447629203017,5.114506070426359
0.20720804169528156,4.988092491958856
0.21093721198870014,4.949978938761517
0.20047985062677096,5.35179179944162
0.20365297114017367,5.115486241934208
0.20082472749158242,5.169957796592233
0.20259827095045319,5.147702957343099
0.20221958892444192,5.323607262771422
0.200993958422974,5.230970095746844
0.20661754881226885,5.120881422628922
0.2014981192939792,5.170341881889356
0.2095387121837365,5.020824963547112
0.20552609254363968,5.069949279729584
0.20237625688461008,5.162074423947965
0.20481435424615033,5.097362331611071
0.20168869100514858,5.353856419835091
0.2006635480406336,5.156510939675624
0.2039516530539563,5.068523157935402
0.2000775470211292,5.155547581392451
0.20219467183290038,5.318351247956111
0.2011436235884367,5.124174760676486
0.20474521213822827,5.0599855921416
0.2010863376147331,5.136216206265122
0.20159337896788765,5.290092903810041
0.21421940445395354,4.787207149449066
0.20128850487050087,5.14050195940756
0.203411651120115,5.267280808665669
0.20074549641705297,5.213838953244361
0.20219839305572174,5.3160453802587755
0.20465483384841274,5.051245197225017
0.2019907316023244,5.127036752533725
0.2005576824842003,5.209790484971014
0.20302370227197475,5.180077494697527
0.2033634088905763,5.110864805449812
0.20015578374991647,5.143522821533491
0.20164484963727372,5.261212835934159
0.20067561094261266,5.278536089882279
0.20095280496454362,5.194983127428206
0.2028886293528552,5.156768217237165
0.20076266779107807,5.160578022720053
0.20719056969604494,5.0700773235190795
0.20237263456203897,5.094151083009422
0.20051872205781793,5.236284539389496
0.20388862350279735,5.120701382690722
0.20073872590927466,5.34717595861288
0.20128264231145673,5.303788793074784
0.2019705388109654,5.254023179438354
0.20248968287061875,5.094239422024388
0.20058650125115543,5.223407443380455
0.20000689687461234,5.301852187996455
0.20551069153047627,5.052436745720598
0.20014417394765951,5.334218328624447
0.20173679961990468,5.18850072875365
0.2005161580448697,5.3506616437702075
0.2003101255770468,5.299966452081444
0.20354161396549306,5.223965440645563
0.20021946652773234,5.241614449780672
0.20128850487050087,5.14050195940756
0.20399217363563324,5.010316259262848
0.2007029078727763,5.138781899969164
0.2023206871838465,5.125724490016241
0.20138995188111544,5.077117258690011
0.2032341087759563,5.234464203721638
0.21181771203998428,4.835096900663005
0.20101323113851982,5.210889604479579
0.2026889915969563,5.16848206402558
0.2010789585392015,5.323008711548631
0.2000339442482445,5.244398423979495
0.2030600894469687,5.12849908309238
0.20014287150257082,5.253746622153536
0.20173366357099576,5.2822800070143385
0.2068261652413676,5.0164861220386445
0.20152251921558043,5.135433484736047
0.20232907126804978,5.124460034328753
0.20141949917705934,5.191708548178975
0.20704455322993587,5.03659081009671
0.2003973193553237,5.216637814502492
0.20427102332989483,5.054053483138695
0.2020640787599113,5.300023875572369
0.20094675024001424,5.209089227891542
0.2011749692617657,5.2076502347511235
0.20214745916035842,5.1119919224132575
0.20426895223170105,5.198414671251296
0.2002690001257588,5.219701474931567
0.20005307387217477,5.242620102086258
0.20293703550589448,5.1877484750097995
0.20021038483422562,5.195891607422845
0.20208755457332334,5.224480374546989
0.20090792773534696,5.262827200767554
0.20251238461138096,5.197989465598366
0.20101662524212216,5.116500631678786
0.20249717941887152,5.1323725295778155
0.20253495851909434,5.098254835263949
0.20138322262183392,5.2353244758440605
0.20315970092905,5.091719360833656
0.2017120311121266,5.080585604697319
0.20057070543997782,5.23244035672007
0.20011778911493902,5.069067848671198
0.2015157376049846,5.212487164218616
0.201803933662512,5.223234728489358
0.20024809652702028,5.217452740858117
0.20021007009474806,5.32384868574193
0.20098666871519388,5.253188652868967
0.20747372537513975,4.951001465482933
0.2023584839551939,5.175248806763501
0.2033703154949941,5.158559188839238
0.2028261041386962,5.244057791294558
0.20574397705610653,5.0270295432481005
0.2087320301767977,4.9046656931096955
0.20146570640511377,5.182656422491072
0.2039855598056395,5.195848056014867
0.20189909935125896,5.052618203041127
0.20455017343223234,5.118663116531406
0.20008544973546838,5.38971038768916
0.20546538554618593,4.965330022658141
0.20184326462033667,5.119704652696919
0.20890302624726736,4.968606123791984
0.20035855778690428,5.210450423791849
0.20074225829209,5.106548997744966
0.2001787504699009,5.1532602781204435
0.20127222866068395,5.255530784990007
0.20016443978285803,5.350075088454401
0.20017605645670497,5.152446560896676
0.20143626241355764,5.116178693241753
0.20120342590888346,5.268561449643013
0.20293149785100148,5.154770478002051
0.2005431842127002,5.17199981158466
0.20008311098220055,5.192838256813271
0.2063108771530927,4.998788805368558
0.2042219151923345,5.083566650808566
0.203149484128133,5.222216567543622
0.2022449913655472,5.138349861193953
0.20226290154448928,5.183417301758147
0.20144716442761013,5.169175977991476
0.20088056535463078,5.088801601197565
0.2000820461915067,5.26979496265598
0.20688047609588794,5.143688469590061
0.20017895582233264,5.278027593399488
0.20127347962431,5.193399746798246
0.20101622348255352,5.111260432772525
0.20620681334995142,5.0446977548386585
0.2017555240061606,5.124232209495682
0.2026137466127323,5.081828762835404
0.20002223844162687,5.245348375051707
0.20040557257929614,5.264118825413751
0.21322272681574675,4.922783369558526
0.20086176667764066,5.1865003100393885
0.20136328755030533,5.268929129222189
0.2027735895915965,5.074520577641662
0.20204283773760215,5.109482876014381
0.2012799773095686,5.2316408840075725
0.20010396878583983,5.319864129286476
0.2013363420032652,5.200230043576908
0.2054440819964607,5.078109881573683
0.20139661054353847,5.1247844859544935
0.21305549482212635,4.939520376551159
0.2047795145667019,5.127242825943671
0.20140262193772634,5.1154544786354785
0.2016289747166314,5.323308325952851
0.20282102229165858,5.296028314072372
0.20116497360397537,5.347286130922144
0.20359696408841035,5.123396227387541
0.20160300842368747,5.081750876474393
0.20135580023848787,5.192049163941249
0.20589355637228768,5.105724481284068
0.20063337560949154,5.195216626631328
0.20215561316609346,5.126651349472384
0.20360795873010523,5.1306738813120285
0.20252871007861462,5.233263300402462
0.2008263600959806,5.233395245958142
0.20539127652704112,4.9412847563097815
0.20315223145876146,5.096458527081828
0.20308872841510958,5.11942895673621
0.2046774469214251,5.13032183441773
0.20119523492670852,5.208135808180933
0.20156069519914363,5.1397784716834165
0.20562257419754187,4.953854990930847
0.20210589629300496,5.065188150093735
0.2025787677957823,5.168414903578027
0.20013260009976608,5.288587523786883
0.20092447629203017,5.114506070426359
0.20010308698300835,5.167145412227003
0.20004961970790106,5.289805053044093
0.20026901160445776,5.296669739783493
0.20541664197422652,4.895004902460714
0.205860314469545,5.132880144175818
0.20037370608800587,5.226059872531529
0.20158502876107623,5.191394448594449
0.20147488047040218,5.31648101077038
0.2015695271438348,5.2904045527706405
0.20020224795258693,5.251966369529611
0.2029996909736535,5.216310823308361
0.20014137824899958,5.2303843227759135
0.2008977145503618,5.276316117942427
0.20121436988137906,5.2338294472352995
0.20207587410480557,5.171896778571759
0.20227263220063826,5.0770473235998015
0.20063557882595864,5.167887948315049
0.20083312237811907,5.037636821607351
0.20050949282105318,5.282659293347092
0.20078385465875004,5.147482287656557
0.2055604331121301,5.042522450158162
0.2039244609870334,5.190401694415012
0.2001981038445788,5.190405129549953
0.20729706870491774,5.023440757312558
0.20828389459933333,5.016203379359906
0.20674571827698734,5.001866100390232
0.20289451231573163,5.174701307109278
0.2044305447736456,5.029135523740853
0.20293267043825833,5.1999947992290565
0.20971808274248663,5.005704698973323
0.20121378253143993,5.296301259851126
0.20404263589641153,5.055490491852667
0.2001400334536307,5.194645934798417
0.20868843976530782,5.146517132466341
0.2000636719586821,5.209356569138676
0.20006135895746155,5.06141652606144
0.20269310612239533,5.1209309965809675
0.20088869141270652,5.1789834108997885
0.20251158959432283,5.211416028758299
0.20047985062677096,5.35179179944162
0.20232527510233608,5.12088902005424
0.20148364467115684,5.155510220909954
0.20161232737334137,5.235515381222802
0.20076613955656808,5.156730308990996
0.20777653815755373,4.9884827408061465
0.20119171931609792,5.2469809264292016
0.2005124158539083,5.048133485153749
0.21369706197458296,4.901565523276189
0.20437388038755658,5.145567503552926
0.20104252176786305,5.24366770745823
0.20183464210815016,5.335334251652679
0.20772636823103224,5.087422349074034
0.21111270832862147,5.052694004527708
0.2016535344118623,5.011788004252125
0.2001216835075101,5.184953368611251
0.20402217696480518,5.198935993152672
0.2007653552198748,5.195177814805407
0.20338432311226595,5.143743049519449
0.20241543867594514,5.241502662322523
0.20155425757776613,5.276767955666871
0.20401282741095444,5.148989019390936
0.20182977137610092,5.104600154137721
0.20026728704487723,5.325590168668059
0.20243060744797609,5.041692148628537
0.20034019487385,5.254278535400872
0.20516526093060403,5.041625783447294
0.20411660167110326,5.141666591427054
0.20216090301063067,5.259285401549223
0.20048291401576182,5.2225907009785795
0.2015281228549521,5.1549228195251855
0.2009227944283327,5.20888370149873
0.20306512715936337,5.1742245886902145
0.20283209546426553,5.065164725252118
0.201190204425672,5.214365529696813
0.2001495601311671,5.271630988948397
0.20021375449247117,5.302269934135025
0.20197380900290884,5.201469620443888
0.20197781982160357,5.04860493357522
0.2001463673803925,5.2862522654307655
0.20196806113764226,5.215108389485375
0.20117182083956137,5.244499575232379
0.20544047629038978,5.101306991755047
0.20409349690498788,5.074419028700883
0.2048977186551523,5.168152448235935
0.2012799612275191,5.17308366022494
0.2041762284608936,5.048393440573567
0.20009128520366037,5.196350458503505
0.20008290341857388,5.307844749514147
0.20083351493067395,5.2288363218801415
0.20073044187840178,5.205734004783383
0.2003966649020584,5.056705795090048
0.20169855617304858,5.051796174643231
0.20364397290435543,5.299766163862224
0.2051954106383802,5.160834436471803
0.2003157381747591,5.19205625207242
0.2086656816068825,4.823559207395805
0.20316343773475293,5.111886240759924
0.20192098426391475,5.177568113899302
0.20189130909779696,5.204937559256007
0.2007012431362311,5.172359010957974
0.206366344046139,5.0868964157467005
0.20078378532448535,5.200730828152109
0.20010951232125504,5.253023930214429
0.20107392866709783,5.1067337752881885
0.2113601047038619,4.961857032371966
0.2005431842127002,5.17199981158466
0.20365048013281578,5.172405431383529
0.20210718203117972,5.157354133989843
0.2002380166152335,5.127053722068406
0.20280156619016496,5.062274937744582
0.20111994986359016,5.2528781871721675
0.20160559984619542,5.219585863434955
0.20417972017773078,5.182827747772906
0.2022277729256788,5.2163486567286395
0.20072513971295977,5.2849889249617625
0.20097374239459292,5.223835831670716
0.2023582408564007,5.220581488726994
0.20001685485205664,5.300216469799132
0.2077391451667223,4.9429552803431465
0.20360724177572045,5.192534114468228
0.20473236449328977,5.024706821541222
0.20323300795483293,5.2079318024703865
0.20326417537880562,5.218388743738034
0.20114045187231547,5.170999576307671
0.20178093630938151,5.1320443325030025
0.20353320647449794,5.117933404150539
0.20036937338606625,5.192910013141764
0.20007627090564045,5.236655196483354
0.20039699342904713,5.173351173275987
0.20019754013332494,5.209625323531689
0.2000049651942576,5.2289304783684445
0.20006221787847625,5.259375585164245
0.2001113281926295,5.28102015136922
0.20015923293027127,5.013378662096691
0.2006913316103698,5.28070095422411
0.20709084212719603,4.927997262323096
0.2011872146808656,5.358395643171691
0.20128694646496403,5.150792222431659
0.2018177099639829,5.186972692985349
0.20122387414915405,5.348481014114916
0.20304230786596014,5.147893936740898
0.20660616543869528,4.990166421108305
0.20060896607246723,5.257577136149829
0.20096286886967182,5.11654605426002
0.20034071616852597,5.177401279146621
0.20631859839398473,5.098611574409488
0.20007746149469902,5.235441113241367
0.20325859988087505,5.181114120002902
0.20190060815698643,5.168144807293607
0.20871330773152336,5.102463905439919
0.20126984741485596,5.178844750580153
0.20131701186256815,5.205331165561341
0.2000601259170721,5.131692257912122
0.20490881352272505,5.2681247386226
0.20133173687773923,5.179698437888791
0.2016967270674207,5.200847789216067
0.203379733510252,5.229547439177035
0.20102313751836978,5.252409956636514
0.20062538182524794,5.124447785186638
0.20347246538325922,5.024905281255427
0.20101055291179976,5.151166293897385
0.20024335590552006,5.133404928156888
0.20235908976663955,5.25494133440076
0.20214780622111184,5.207531651305383
0.20143465027284616,5.157426349298797
0.20066735121694804,5.185469664332986
0.2035701731657639,5.087822113533598
0.204162487010787,5.225767551290382
0.20251945992331855,5.142901641034776
0.2070561469259416,5.127067945704628
0.2007093251892049,5.2237401197071565
0.2035912624946221,5.152210673813373
0.20004559061279298,5.229382175143873
0.20098780368243058,5.3734926894517905
0.20108942646437286,5.324799214538618
0.20047206759128053,5.1968945062649174
0.2044565567322406,5.190027347067756
0.2035959651759508,4.992152027265036
0.2002638617837861,5.331318856930131
0.20666510637170465,5.1526105266414985
0.20127896282407445,5.21769713142498
0.20222331994542078,5.152661925884552
0.20064091647359733,5.19420179058841
0.2003635116076964,5.206978438137373
0.20112883209718943,5.173954744504115
0.20516648982874666,5.085930340605857
0.20311940720722624,5.22809821452104
0.2013675173717034,5.07277189813995
0.20181910178563295,5.207773724103185
0.200405923091564,5.057755175092001
0.20011128370665132,5.293104175526509
0.20092940899638256,5.210292664316357
0.20311698396455258,5.136374660654514
0.2005174884960674,5.232108934505099
0.20233237100931045,5.13896173305522
0.20024112695047142,5.32510292065829
0.20100958265929456,5.235183742359861
0.20277138878016002,5.243776948106786
0.20210293899254148,5.160236646001674
0.20263226311935545,5.100877855584075
0.2003336171035067,5.157049100060531
0.20523533736102875,5.105345825953069
0.20059142072363054,5.2957905120134035
0.20812704837133955,5.02061887917577
0.20004536966915398,5.2524487544818115
0.20074617765503464,5.227673991819996
0.20107163569374495,5.236244977472365
0.20137876119513168,5.156963982771055
0.20154034352991673,5.258554973424955
0.2015122646110734,5.174140751385572
0.2090237368350181,4.872393003598712
0.2029927713685747,5.070510357694193
0.20368333011977252,5.128172288537255
0.20141833623844976,5.119081407154445
0.20021785646599227,5.059517422702688
0.2009848288422998,5.218598614934795
0.20904948212282326,4.976608940622778
0.20291666962168797,5.258892723024058
0.20064740467691167,5.308666932158198
0.2084771004967494,5.107253837062478
0.20629481416564008,5.0912536762718155
0.20012430704251305,5.209230671332258
0.20674688206025701,5.105330743584712
0.20243529705125105,5.036065183928282
0.20096904051283276,5.436141788711491
0.2014314221983163,5.264662907434979
0.2059723994761628,5.054719928091791
0.2040563986998693,4.963146580982813
0.2001236630578076,5.335861526200438
0.20032397279067868,5.267789435502656
0.20204396270598618,5.217453698195114
0.20186861147106902,5.154366609321214
0.20203435295378816,5.075695368421473
0.20169871232796627,5.184382632660988
0.20015867999923093,5.266370981450249
0.2003096575635898,5.357585566198193
0.2006599625253864,5.184011958218928
0.20029548505175981,5.272377420032729
0.2042664934392145,5.151476304244317
0.2021514273003986,5.128566407460909
0.20167202350225424,5.239610396664669
0.20071100295113203,5.114935276554517
0.20003620185910256,5.2602577189657955
0.20434256422012725,5.011219691905791
0.20086338568161613,5.193336308994665
0.20639359458883158,5.0813453647610585
0.20103663475192718,5.2738602587011885
0.2021070755046634,5.084980652215733
0.20287005648683062,5.213308401843265
0.20466594687753403,5.186904609871165
0.2020989683872229,5.070886906099051
0.20182384411316495,5.211135586955864
0.20608205666291016,4.9816765972949355
0.2018515524357496,5.101462443907191
0.20002921885647632,5.1774822297751415
0.20051584003028286,5.301262605023301
0.20069267642234961,5.287247173226243
0.203928439232932,5.0667287411784185
0.20228365178991167,5.260682036795756
0.20201932110094234,5.110011107107461
0.20258255473315398,5.090300290344949
0.20119027924123223,5.114004840377008
0.2019765977652478,5.174443033142062
0.20266500083001124,5.120810856412358
0.202917490775531,5.210587716472152
0.20031722158744622,5.155128781518444
0.21091625625901847,4.989979375008061
0.20074056732729656,5.348936506395503
0.20187650001413862,5.296780723075646
0.20439626015353016,5.02932576038195
0.20029716446943063,5.255850254875759
0.2102904498177851,5.0250981868827935
0.2004371477981611,5.281463105010034
0.20685402256408447,5.022401827265136
0.20232023434922727,5.189638956211934
0.20218853897967204,5.093118879942232
0.20016380570803835,5.201493426228062
0.2023644559660044,5.146527111316822
0.20174961587699694,5.158183832300632
0.20329563368554587,4.9768822770435275
0.20040375261384585,5.109187288985962
0.20434677234213494,5.210488969747804
0.20103736652714363,5.216744137457688
0.20106970817126102,5.151366579721653
0.20309278227731586,5.194692440849211
0.20234760374597224,5.120044655405216
0.2021106885245232,5.0867622534612895
0.20115982656438428,5.269587671655026
0.20047112879356352,5.161467589561759
0.2012259371630773,5.357980063288638
0.20461907205693713,4.951236526704686
0.2003908338203652,5.209146208964695
0.20227698367551872,5.119663743922356
0.20137114942058143,5.292211290630393
0.20722677120236138,4.955187782954176
0.20384691968013574,5.231900543833713
0.2007220467800395,5.263649892657763
0.20178665215719258,5.187660209574995
0.20558132060608486,5.174679738836071
0.20153403655655877,5.2720348118546285
0.20400975721268497,5.270765362554152
0.20131792288059502,5.030917251600739
0.20098991225585935,5.231465673401139
0.20024371961624002,5.245953125665334
0.2015554497698737,5.1744068839993504
0.20323183676154394,5.277405312233515
0.2001068664587995,5.185864800896662
0.20372900631623,5.036094588004366
0.2007258941887944,5.165320251953819
0.20452279008456162,5.09068843785472
0.2021635794726069,5.182157758187723
0.2151911683673218,4.8043715165377545
0.2002002859330381,5.348641159575849
0.2008566001066028,5.095592332470851
0.200308206890546,5.300177667584988
0.20180084907822535,5.045303696283921
0.20857186467211208,4.947152891299336
0.2048632409210637,5.008003639339876
0.20108230628057785,5.307528951854647
0.2036932898526645,5.205565443773305
0.204207625985873,5.081860994496614
0.20481123490490996,5.036024682913508
0.20025516502102814,5.218107330398676
0.2089204889093821,5.011208139863823
0.2005238080532142,5.301883665125871
0.20236427248315503,5.121624197917285
0.20263808457686752,5.143504272919392
0.20020113509658638,5.165478362955778
0.2010667272331641,5.355844633419938
0.20087428706090024,5.1620086451676475
0.20114066717820617,5.191649238624353
0.2010514104163045,5.274158300285663
0.205732305236837,4.9637015824245125
0.2020055504418862,5.217863071949248
0.20275426441629024,5.144887178260543
0.20222926654945195,5.255761779793675
0.20763750601656336,5.173447843600039
0.20036244058308247,5.240599220872207
0.20082165775214475,5.260863209570369
0.20000698340043419,5.12369368910155
0.20387444386791762,5.1165323616531415
0.20563048413680612,5.018785557643733
0.20109382206813886,5.107991393337667
0.20045972703153722,5.209977119195105
0.20167600130621122,5.054273264458725
0.20383360530595174,5.094281129841521
0.20007620136181842,5.097560566114615
0.20184903235216614,5.158422584136923
0.20125314535547614,5.057122281410222
0.20113395780477858,5.261699824262083
0.20364303252404597,5.017163481818011
0.2002390515340556,5.318186110960648
0.2034067419706282,5.2194390835365665
0.20137263820762175,5.285884043634624
0.2049147170057995,5.132189975032018
0.20345207476053692,5.002343952111859
0.20890410270334286,4.994708646031164
0.2003129765609517,5.204645437811355
0.2068498475129741,4.999282684664501
0.20101869578817846,5.090297704174555
0.2035992867621977,5.074078304782671
0.20233508788485063,5.1642147733926045
0.20155355216768905,5.177962206832605
0.2042773766853227,5.228293656256637
0.2007806201125324,5.135075665974724
0.2029390410016855,5.043041409213752
0.20219124507495495,5.159050781697686
0.2059723994761628,5.054719928091791
0.20314779997825266,5.282392540321027
0.20266308117363027,5.168890706371862
0.20009470282230823,5.175419932880275
0.20261582100319914,5.253356081757943
0.2011539073225924,5.1477106928857195
0.2014861775727012,5.269527861978937
0.20384966368947666,5.123223513621615
0.20034058270504207,5.275436823573757
0.20143260524346754,5.181141931891657
0.2002600612799981,5.229582580674173
0.20370787795922501,5.037413158011256
0.2027058354392349,5.18916460892284
0.20155413530789332,5.207443502866322
0.20005167078346972,5.4071165458266925
0.20264507930240488,5.108458554629819
0.20017920689583363,5.1036707042017095
0.20391477546162698,5.237670974224423
0.20038327983649376,5.2270417685214605
0.2105226116239966,5.004106118749138
0.20214176922113136,5.389456778990553
0.2012466812442748,5.141146928040662
0.20243120236810752,5.020454547169869
0.20081221557514836,5.22433200113862
0.20123261733025954,5.310646702596382
0.20194974170329238,5.1022788007839655
0.20083775875396476,5.2486445351323825
0.2032476509391313,5.136795932372645
0.20036463344365843,5.300511106494031
0.21002010194270448,5.026606549348383
0.2045518803230455,4.97620657013802
0.20030799632429658,5.265330921062965
0.20336996471060115,5.053095176790468
0.20070181468897458,5.328440182225186
0.20196284688176586,5.350177441038305
0.20654174863475286,5.078765139451406
0.20070501689781028,5.162513039838886
0.201572067071565,5.052051038316204
0.20826523189691898,4.964885673291747
0.20108206019844982,5.3193356737583235
0.20137186093186346,5.177168854507264
0.20960781132295878,5.048634140645793
0.20630521317884398,5.091876484436461
0.20580438421401254,5.133796056375398
0.2018992954945415,5.239936182885692
0.20410946560772272,5.118413408353313
0.2004435834007706,5.305965359420778
0.2006622613347633,5.269367468073661
0.20207032205073888,5.143963201853313
0.2038622679070261,5.116936102060406
0.20395107485807376,5.091310913275299
0.20029683131565368,5.243645430372825
0.20147630379850753,5.293537180178875
0.20488130181351447,5.163966142412539
0.20970316088406368,4.967634328274323
0.20159664372621236,5.184526562761505
0.20465550019072662,5.051054295516024
0.2077636543973862,5.064359820022985
0.20070244777150428,5.191067377132324
0.20054162475414408,5.186282934310314
0.2000092449088454,5.289043276234404
0.2024291366895076,5.143378061648892
0.20165541669613288,5.126614112397581
0.20267588792785807,5.125392483202347
0.20169401236260862,5.179031585148566
0.20113209856826558,5.284647234279463
0.20112078864415575,5.244608716682457
0.20046806711174525,5.232822672414534
0.20172008383159687,5.22359651664903
0.2024920463850686,5.252476980937817
0.20239342246725764,5.124378145316806
0.203411651120115,5.267280808665669
0.21139843060640762,4.970944204980009
0.20715559920306767,5.184305881978277
0.20503485239083558,5.042575204575116
0.20175981758324377,5.245516148416443
0.20178048801220583,5.13666979214782
0.20151556313973198,5.290868870620523
0.2011632256969443,5.283613051282821
0.2017399149558221,5.1628467375667455
0.20315093827975372,5.172578830271911
0.2006704285411456,5.191114780185277
0.20133631907527683,5.054737673838452
0.2020428746303096,5.179720598276194
0.20044128368595424,5.313272149820444
0.20595308102540166,5.08179450604875
0.20024038006289455,5.190093866737349
0.20004139732356147,5.173300247109864
0.20176592785818992,5.066247442749995
0.2017471773206174,5.09935340061488
0.2001906400040205,5.227424804131472
0.20016576198993072,5.26177685829297
0.20310225313393251,5.206080601431319
0.20152247060087763,5.096599529016216
0.20173366357099576,5.2822800070143385
0.20386694453206397,5.131021516380131
0.20019716350750769,5.227796692244742
0.20232263006718587,5.1905451829186795
0.20088013362484305,5.161580021329872
0.20058824674973286,5.110276235646658
0.20229967233355806,5.126235381854573
0.20251750474764746,5.175005423849608
0.21038066505968772,5.021280904028613
0.20763717480717853,5.075016064103541
0.20015550592867842,5.409238969031446
0.2000197446446481,5.219084139943947
0.20123288818880247,5.268665226212093
0.2025105765907361,5.07002839133881
0.20178047323252338,5.070662912563243
0.20004754527861224,5.295167390944264
0.20018246543879756,5.250790897238515
0.20016635374011021,5.313832305276843
0.20360360529879562,4.954372328149805
0.20150627375710528,5.164801879228139
0.2029840607038612,5.17056071354142
0.20098567705614123,5.19963022077976
0.20027533377486453,5.1812678681980895
0.205589057543894,5.2212602582608545
0.2021491977608207,5.081311054459889
0.20058766617734378,5.271050362038925
0.20167780698852703,5.232606948978438
0.2015629661814863,5.135760930314033
0.20834761111673306,5.063748120183088
0.20175144621850138,5.240718377368525
0.20851965176460288,4.906461484929978
0.20013174126505065,5.333654371294292
0.20145878738879006,5.22806264774588
0.20005252406424348,5.2335542936535004
0.20036903832525346,5.134095577176991
0.20384177530735423,5.17100029243712
0.2010120556425459,5.168019027411667
0.20205373826016013,5.139368845951774
0.20220293450972024,5.151627795508127
0.20448463623442587,4.994510417680309
0.20276441714050913,5.04181944086818
0.2005764185059972,5.26478075287199
0.20287289428142383,5.228281843409498
0.2000006244016959,5.28343481345733
0.20083275185357338,5.254581816548368
0.2011238189703734,5.224561350904732
0.2015152570663293,5.237514763508696
0.2000910682311883,5.116837634337673
0.2014580758999929,5.064993229642385
0.20233237100931045,5.13896173305522
0.20561430484969237,5.094180416939294
0.20591860840358964,5.080452425478403
0.2023184152998822,5.255290369336967
0.2025452263281759,5.1120311556952585
0.2068869518566471,5.050205172364529
0.20049626132382212,5.296887733966813
0.2022160496861467,5.09737195337378
0.2016725919394167,5.285066650174322
0.201715756437107,5.236275785843924
0.20134820548498086,5.139634415920513
0.20409616838983094,5.1869413368099195
0.20270006240294788,5.157958986808771
0.2019752058611338,5.1013288544971
0.20021820089547152,5.343539197589711
0.20307017569068267,5.200150465626615
0.20037611907712713,5.2829851050502725
0.2005513812227923,5.18354773488372
0.20047946049831483,5.26909270243419
0.20027544026653737,5.244089879820826
0.2025107057036264,5.221312403887249
0.20087910262560035,5.15386253821222
0.20379101695636218,5.231281924284577
0.203013625792161,5.153334655168077
0.2049468914574806,5.024052034299953
0.20262465201993546,5.203768295586554
0.21057302812391146,5.006224669485691
0.20068884154370145,5.286185353468922
0.2048639973911358,5.128645876314947
0.2007724125342291,5.013710246346663
0.2011227916497881,5.298191280219922
0.20415984413011215,5.099629908397129
0.20351557632670925,5.227293263429436
0.2021390828618997,5.234212682100781
0.2009737237861689,5.4104385404663775
0.20059570580515074,5.171446974483616
0.20316806178930538,5.121812620082531
0.20725359551301026,5.02796160257388
0.2052838370297478,5.013122971375569
0.2021291710199576,5.1752134889311145
0.2039066686126655,5.1747265872815165
0.20035971808871458,5.2938642391608965
0.20330406872374038,5.117163214644586
0.20182027725759408,5.189997061921537
0.21043732761320388,4.975232851587954
0.20342788065417786,5.043674759119138
0.20189528283240551,5.0041049284246855
0.20885012434827332,5.037097684907675
0.20317096311716204,5.073657558127632
0.20215861042164354,5.056058123509076
0.20014146928384458,5.155973978066805
0.20256189605481092,5.201166862637866
0.20060433360696628,5.14326416110854
0.20159701145741438,5.216971902404177
0.20043507016329704,5.258401076841507
0.2029964000287437,5.118227860489735
0.20402647158952733,5.262038149652021
0.20138195556806712,5.290112201389594
0.20500838352739442,4.961537707235321
0.2020928835462457,5.10832808116268
0.2005767649344101,5.273051011220047
0.2034821303898962,5.138238060866176
0.2047694879767851,5.001194831114974
0.20811517337626645,4.98719283976905
0.20389148627961942,5.127321420875252
0.20516223161258296,5.032686820912372
0.2004073244629762,5.09120302946375
0.20131676154384595,5.1553765399034805
0.20016378541494556,5.22634634741385
0.20201712024693874,5.114621631222501
0.2022395400218024,5.295820718885867
0.20037464801338406,5.230842911464831
0.20119822700933163,5.136730426259644
0.20118510114457025,5.228641764708766
0.2018312237017996,5.176036647786559
0.20103165805025458,5.330328245040934
0.20154215933190384,5.235830019165319
0.20340119253848624,5.115279405917192
0.20246665931487123,5.156698928362766
0.20136760090100186,5.190509593265787
0.20864605797835614,5.060246447011753
0.2042103708152714,5.0859886059834984
0.20020601750440034,5.09422029080783
0.20097082087777415,5.20446216426361
0.2010177419479285,5.327850091917066
0.20135890078727164,5.118868620180548
0.20310155393011364,5.305556990380033
0.20499830485099096,5.072972669832361
0.20029581884194372,5.135951750972611
0.20093026063349792,5.270710325029413
0.2010642572511258,5.188928774010943
0.20767215348482335,4.919595561792023
0.20046017634129407,5.230486207053702
0.20237711536225905,5.180696656153933
0.2058865599027605,5.073314327021135
0.20057253883914022,5.162623747662174
0.2056754262383869,5.043176945298759
0.20704815960428047,5.032720472708716
0.20115885404951878,5.214540780795981
0.20339266836035863,5.123145653594781
0.20014714350031027,5.182282550575446
0.20166754796398345,5.154291390877809
0.20239357127800436,5.242128067727691
0.205280505618038,4.969411306402852
0.20025468463709875,5.296244340928236
0.20200387269282893,5.12148842155886
0.20346107410811445,5.174192449107181
0.20157998037434124,5.245524130151618
0.20105674744602808,5.2957737900568205
0.20507942253711942,5.1239673648262025
0.20340416692795962,5.00872596557238
0.20347575730927323,5.127027319411993
0.20219189487800415,5.232359950465519
0.20785844429818728,5.129134928725337
0.20057463702276648,5.318718452362789
0.2059297434689143,5.096511751850135
0.20142483662124566,5.22291269892406
0.20036949651461344,5.314826381863122
0.20810222840106538,5.018838328053456
0.20259784285014742,5.251914442290931
0.20441582349701087,5.009532326738667
0.20104837708979922,5.104373011739617
0.20279509728175218,5.117137992254172
0.20089042623130732,5.245723031184783
0.20293332350929943,5.103735315134296
0.2003460950266508,5.270265277608569
0.20492973726923258,4.989322876592259
0.20049208863690923,5.254772581129847
0.20526462429804168,5.107498351280281
0.2015472838270977,5.141795397400641
0.20576807103600814,5.025510622802294
0.200938604256295,5.25180815269173
0.20171156121515454,5.093011591336167
0.20129408166010165,5.1387795949236335
0.2040700104700494,5.20869242960161
0.20097939476309973,5.151014553238061
0.20274005209504875,5.126629580947236
0.20256039825716055,5.2074887315391285
0.20620296550181177,5.1073787854481285
0.20159313629305975,5.238747076455115
0.20256871973576115,5.14884122930294
0.20296607708454825,5.148850226158917
0.20551810139082344,5.012336769759799
0.20008196927999686,5.263543301834359
0.2049220836453496,5.217225216470045
0.20023330368656372,5.305003572204102
0.20001320319205218,5.312503796013954
0.20084843959283538,5.207320350153333
0.20401619224949052,5.222924193757021
0.20505923026179798,5.100049295446807
0.20797783686460095,5.055334876418988
0.20311412837346998,5.033164003813469
0.2025111509284645,5.216079672242195
0.20838237728458398,4.96592210801681
0.20169991278285299,5.143075322108578
0.20048353122193527,5.347071031220287
0.20449029885436937,4.863031320257488
0.20252372641511446,5.0929925492577945
0.20332304045556876,5.105145959891099
0.20150937671071883,5.1708927820420545
0.20007668667950196,5.319325594266226
0.2005681301072528,5.2818432513547835
0.20229715472249143,5.0737575340155265
0.20573971980538086,5.156706173639666
0.2014018344930868,5.1908762408204385
0.20129991324738267,5.1570492045838705
0.20203651050249863,5.047388903817306
0.2017609042495679,5.139049051558306
0.2029794148501594,5.273373975598554
0.2019799147047737,5.142102302010529
0.2022070020579084,5.219585096391581
0.20498036020918137,5.159139706091826
0.20523706858597834,5.108081068406986
0.20217736645713125,5.213687806467519
0.20655287806079406,5.064882921773525
0.20269139082962323,5.195979512051019
0.20129489052385421,5.204524451068901
0.20423821103227274,5.175469386963698
0.200050171308153,5.40922970131432
0.20289304487411672,5.224885507724563
0.20176430632371067,5.157804734273985
0.20155865377423982,5.202591043160538
0.20842205914516682,5.131646986129398
0.20183530536457278,5.168776777135167
0.20026394772678013,5.1706510922035545
0.20239837168721792,5.262155962039798
0.20358937684227196,5.059556889968347
0.20028655316572183,5.166492408579977
0.20015145272866294,5.2191970246322885
0.20481573275158074,5.201065055894889
0.20193858374459933,5.167093719621644
0.20314896247682054,5.115357514796381
0.20314275885846325,5.06368773780103
0.20121548607036704,5.104257977709224
0.20211898587885793,5.134318186976525
0.2061236516564657,4.930119662636353
0.20337260432316118,5.024000661031645
0.200395656750006,5.182717055574123
0.2042691118121453,5.138772975089097
0.20005194689164005,5.250783701559495
0.20195327106507305,5.242753355581796
0.20576791525467975,5.126029704069621
0.20262422445577516,5.194689980950803
0.20677415284654843,5.085207340813452
0.20160356619941205,5.2239080610388
0.20000967414180104,5.167031352340791
0.2021077314105961,5.045556157599248
0.20015201093187027,5.160383553826315
0.2005222343428472,5.238923678805858
0.2017216607640881,5.235010185948676
0.20065656964299572,5.287638478448676
0.20484813672708863,5.0786491391599
0.20968410044265587,4.966947349818347
0.20243449973970828,5.11415541149123
0.20467478501861486,5.263060172414559
0.2078163796695255,5.084710034665471
0.20017034417034646,5.10807601344614
0.20018983302511764,5.3727711182839215
0.20189206947504487,5.236620389542024
0.20300192518200494,5.30636338790588
0.2016071369796133,5.124996407358199
0.20614447550525128,5.130235234832312
0.2028110259288309,5.2153029339042645
0.20089775304640514,5.125211133928906
0.20306767245011698,4.996140491390867
0.2001735769986687,5.118273962443351
0.20027988972780572,5.356317944438443
0.20696301880211193,4.983586955764131
0.20052307520700074,5.216057389292868
0.20063478941691462,5.246586511313649
0.2003777649442242,5.252200512708057
0.20710863275952462,4.991596178916558
0.20089313806426642,5.233826676692527
0.2055774784947597,5.014961674882164
0.20006420202540878,5.27549185087526
0.20186614857288424,5.203154236277723
0.200920748148253,5.230925840931482
0.20042760683822997,5.260056449241635
0.2009311436732997,5.148959548360202
0.20554804798476964,5.053003690233077
0.20632029755146833,4.929152938165066
0.20445649215826053,5.072662676414376
0.20021888037852997,5.2948984423042065
0.20505998396625796,5.149816093586299
0.20004200848898235,5.303300511189107
0.20641973127514382,5.026552755197387
0.20677451193767613,5.007399288353873
0.2054173625419071,5.085473116709124
0.20108847489931359,5.323511540946777
0.20012977685721875,5.298317828187669
0.2056973478157879,5.117127343396664
0.20026553263891178,5.11932793887974
0.20334470672560517,5.126955051090912
0.2008846863973543,5.311201647613807
0.20149628725482466,5.1836545005708805
0.20148621673039918,5.160845359943179
0.20333049155244928,5.114254010736075
0.2045147366100642,5.095171051568219
0.20304569520299517,5.195623340799513
0.20243508028851795,5.0959707744663545
0.2025321959049498,5.162774916006163
0.20157036075030182,5.199719246870841
0.20142967710283635,5.323551460131523
0.20864945033118928,4.993056167526468
0.20412905600087056,5.122030377560888
0.20218022786096718,5.099711576516425
0.20719377944387604,4.930267416542276
0.2062533042873616,5.058918648041118
0.2047295888400792,5.199506608530758
0.20081477620724023,5.206259611112303
0.20257325338153842,5.123192061641095
0.205280505618038,4.969411306402852
0.20310876621985394,5.071684588164329
0.20007450556681733,5.280274336089361
0.20428107279207097,5.03013552669929
0.20096869160873906,5.150854561638826
0.20484813672708863,5.0786491391599
0.20035204906406717,5.241857468283011
0.20168017706292332,5.223077916861015
0.20313346226045118,5.218315484467527
0.20030276592575633,5.228734932552059
0.20172386687624994,5.12514005702272
0.20141786439714957,5.08003246105838
0.20000003541723604,5.239430684224795
0.20245544065115967,5.213640449210827
0.2022957127171278,5.173231178476994
0.2020848649461676,5.147517066362981
0.20027953150859912,5.183891114570313
0.20455668383936995,5.0742100045747005
0.2008981984774811,5.196757253222626
0.20161860414929347,5.196036166003573
0.20095278502687933,5.064219355221533
0.20156004556293727,5.188208582700333
