0,1
0.8889915843004121,1.304677810102034
0.8884528882255185,1.286276809844501
0.8390844534273281,1.3701579031730018
0.8604673657499142,1.336293545523508
0.9287194625825916,1.245927397735019
0.8714359504850424,1.2986836149643035
0.9129673979436921,1.2559958486406335
0.8775184396895057,1.3326955952248523
0.9108399468816637,1.2731731241751096
0.8421298397341079,1.3737937588951863
0.8644423392233334,1.336615097072203
0.8789240663136719,1.292177546615587
0.8761458845154326,1.324754509901231
0.8740254190887422,1.3361522864199293
0.8702160217197388,1.3237053892566686
0.8980161329787928,1.2964013435496822
0.8337145451134547,1.380609433903164
0.8835241000694627,1.309867676751305
0.8869670035629975,1.2867344786921346
0.8869569567979745,1.300676364314666
0.8891397974111153,1.2856672796861246
0.8417126987552572,1.359164382639475
0.8738889224351449,1.3004618732052808
0.9543422867824243,1.1959865083724295
0.9283953630689759,1.2270025270275537
0.8739781248063676,1.308002841967255
0.8882257415933712,1.297036022785115
0.8510351488966357,1.365056916925055
0.9003707078325462,1.2752325489487342
0.8634374492060843,1.3331120890190793
0.7981775469916856,1.4222559720091679
0.8715634900319287,1.3440846984505612
0.8930926091462785,1.2759934695110342
0.9173868604905329,1.2527117160908599
0.8898840009400983,1.284235098107844
0.8031393555680304,1.4369734339615974
0.8754793776605265,1.3084205089670218
0.8778588049688014,1.293723722877218
0.8389707666855386,1.3716478174868105
0.9055230290245255,1.2812618687661912
0.8859353572510031,1.2891963280552932
0.9296829704200482,1.2137293034619712
0.808535050003228,1.4295405900927107
0.8160433589661718,1.4033529572768288
0.8868825472416453,1.2856274979784477
0.8646964496713327,1.3357691912414742
0.8951337215434627,1.2811602428361832
0.8715461788542866,1.3303726604880657
0.9134621604523698,1.274001514695448
0.842696036104857,1.3588943356382526
0.8597203299388905,1.3450555947190999
0.8782550645817497,1.2998988017501458
0.9323705079732953,1.2220566816126017
0.9037389361923875,1.2694396874187441
0.8841760622324235,1.2874463810257653
0.9103148268799532,1.2706587387635657
0.8580449934518344,1.3400371311249073
0.9798065352930918,1.1773281180020077
0.923063823120515,1.2398740042210403
0.9442559344308357,1.2231722410245756
0.8600524388612003,1.3458285052179109
0.8582946666015632,1.338339259234777
0.8826397871621927,1.3036334932395148
0.866683470867756,1.3137977240693774
0.8503464826661811,1.3591152397812616
0.9017897118001525,1.2637078006148308
0.9215610534115366,1.241257191844564
0.8280259641605698,1.3793598661060955
0.9301870219905697,1.2275207752002009
0.8701845029476247,1.3263190208045221
0.8452453675161251,1.3470642103732744
0.8737577869922257,1.3173318243357255
0.8580324055654123,1.3275501366276556
0.8163675215808444,1.4069234345366095
0.8960431482845304,1.275442132099681
0.7947333330144597,1.463504672401812
0.865878348211701,1.322443199361868
0.8394850420940687,1.3553266571658191
0.8631340602503419,1.3330089963324743
0.8277139802004476,1.396071343589893
0.9259256696157092,1.2298265400239798
0.8222026954200772,1.3999240923072556
0.8458405613577522,1.3727099652837569
0.8629431860309549,1.3504143592293734
0.8552640044133042,1.3526544039609467
0.9430323465694939,1.2129108866163567
0.8237705541041263,1.397292316059478
0.8964544748728867,1.3074108388424328
0.8173607880762834,1.4268715895294446
0.8650837896417876,1.3143312531008522
0.829528834571801,1.3863672875237365
0.8357445657475431,1.3952026827514548
0.8717633899877975,1.3132935719819678
0.8442074576433489,1.3673337328589463
0.8557826580345638,1.3785057576248894
0.9601234973874442,1.1923092141329585
0.8774818759223377,1.3073778539284076
0.9087844624271819,1.2623765866745569
0.9067158632038521,1.2790269782809491
0.865247253295327,1.3396419963208455
0.8740443445053383,1.306798972081555
0.8495911519833861,1.3503435421518846
0.8273568973760159,1.393585883149693
0.8709146352994452,1.3077405184687179
0.8565578073378919,1.3410452417497152
0.8615478634098357,1.335369292223669
0.8210129052560367,1.404315446325281
0.8966250151792592,1.2848389671220535
0.892785871847408,1.3033366792886298
0.860357247485604,1.3383277205570363
0.8976454983658493,1.2671131729475618
0.8463846365331402,1.3790131652778164
0.9427711226378277,1.2196951999589862
0.923782235440129,1.2319865589632022
0.8233701085883707,1.3993491713182515
0.9227595277566378,1.2300721035562903
0.823883587974642,1.402486585035107
0.9107294532867272,1.2603695346637938
0.8369983870277731,1.3511837374585556
0.854650172507224,1.3670606050111371
0.8234105805442444,1.3910065734777752
0.8667526404892618,1.3227684455201414
0.9320126508003159,1.242748194990004
0.8552268286225171,1.337575587600023
0.8369283411937951,1.3652092500545239
0.829374256809962,1.390532650932926
0.864416224984305,1.3376167940330237
0.9576095957708513,1.190703180188242
0.8220649959655337,1.4137800777883105
0.8781367298158704,1.3177057253806994
0.8479371195720686,1.3519427335858565
0.8761413332590176,1.3194245824702229
0.839073658834226,1.3830754138857377
0.8174295529505502,1.4055710855966401
0.8648281296357991,1.3124529600176575
0.9597820376814961,1.1796793720514571
0.8674477844614212,1.3392623331590718
0.864675439844407,1.3362427898797933
0.8459406785848318,1.3496245625663823
0.8479122613743248,1.3688930628792544
0.8605541602683786,1.3451995586566121
0.8684114066777535,1.3222016439409348
0.8711478193153772,1.3509847469923435
0.9198122288800215,1.2257137961482472
0.8162946644706102,1.4257369052232047
0.8793001036563894,1.2977468245394925
0.8723889304699166,1.3142793012070435
0.8470029772525007,1.364861518736748
0.8430881842316464,1.3805801584552038
0.8462907857449078,1.3587509816807728
0.8672784129575579,1.336448533539823
0.8814761889896092,1.3075549735672352
0.8624274866360129,1.340191659892385
0.8859512463109234,1.2997557982130032
0.7862082506590007,1.4811934331545282
0.8673700334881171,1.3325501772314226
0.9118040123547644,1.26709485559402
0.8582182956586102,1.3351346265248374
0.8450267848035153,1.3618324013323753
0.9086255552653502,1.28723587855635
0.8664522477057386,1.308680407106403
0.9553872225558959,1.2028104821951926
0.9545226286029043,1.197568797474998
0.879747033617696,1.2849231281812485
0.8892813522849463,1.2900924080307397
0.9288843756383549,1.2369855462464887
0.8451673265096202,1.3744717858057445
0.8579303046780933,1.339967920100363
0.9642973803108148,1.1761662496993652
0.8407398621021283,1.384937823763091
0.8740616296671375,1.3233315219692177
0.8841822101103447,1.3077179968692743
0.9262632406407247,1.231790259441797
0.8586864180837326,1.324081810983401
0.8671220879433839,1.3218975922384455
0.9222014638651961,1.2393331374529883
0.8732317371474647,1.314011047969882
0.8493881849382765,1.361130374182147
0.85280509697477,1.353043276260222
0.8273316751220676,1.3849213397801936
0.9054757127539899,1.2673999084025391
0.850139914564938,1.3567311408634821
0.830437796350447,1.3809307435018836
0.832995832297518,1.3883417330921883
0.8449635643004967,1.3893872526233861
0.8670283861208417,1.319934579873552
0.8797564692734443,1.289514190195827
0.8545019458982914,1.3495456490946807
0.9347743757570894,1.2266213732255868
0.8054827321730265,1.4231638206305997
0.8001134757105204,1.4381871765689158
0.8519575677085274,1.3454582184991846
0.8345621861079608,1.3801165159690714
0.8458743418028047,1.347130915996715
0.8671457905195405,1.334601838653452
0.8406320854112312,1.377276022281339
0.9292641335342966,1.2374157603593892
0.9284238373845273,1.2431490992436143
0.8235742369612316,1.3765454685648384
0.8645072603532375,1.3182087248644339
0.919337820214907,1.2527919694320249
0.9266385252758094,1.2450353645745158
0.8757321911877067,1.3118433447273008
0.8227680716635515,1.3994984865268612
0.8539817055433268,1.3373624820197667
0.9490646090841479,1.195765660792834
0.8420622005883516,1.3734791244835618
0.8929572461472934,1.2998893369404458
0.8375981460945938,1.3650632011800234
0.8529198477095854,1.350917881379412
0.9297524327362627,1.2580621456684966
0.8142769948785102,1.433594887365956
0.8935749452215414,1.2904308997977134
0.8539165801824471,1.332583400449369
0.8554718832041497,1.3543276153046007
0.8651062342249773,1.3304922138022355
0.8150668113274708,1.4333719476279312
0.8587576741211835,1.3353401766249666
0.8954336182155807,1.2851981117903646
0.867017362675891,1.3225977025493865
0.8863290657169944,1.2926951572211716
0.8690377394433297,1.3123613758439545
0.8550396231875534,1.3386805479836223
0.9055965857688453,1.2606039201934554
0.8959773621580498,1.269067488578072
0.889565858217418,1.2926216774217738
0.9105777775847081,1.2729020320656055
0.8361954007455943,1.3747769898957751
0.8284277857608722,1.3946634097672788
0.8084011557036641,1.4241458080900604
0.8567241710680489,1.3619041079175827
0.8970558654011545,1.2714138934752568
0.8545772336353001,1.3471090472308127
0.9060098895890318,1.2590884943183331
0.9201146139334058,1.2615794018937387
0.8348649259225973,1.3498071177509985
0.864928534636404,1.3294961819522186
0.912373704989683,1.2328777850380044
0.8989633717060628,1.2826985826540533
0.9162247702617796,1.2485576414188755
0.8955861817819184,1.2934907418693011
0.8936957695222885,1.2893072477099328
0.8975006402320798,1.2664264073047673
0.920492273296637,1.2391409316856865
0.8990825744213342,1.2656172454727954
0.8644100853970953,1.3268160513322798
0.8776917244987319,1.2995033031531695
0.8328508733228532,1.372843527551117
0.8933871921136414,1.298135674470154
0.9323222864139635,1.2389397402190954
0.846938290756617,1.366353713885238
0.825126839097966,1.3986149820115223
0.8632007882554555,1.3163149820430395
0.8773893340108911,1.3142344111708941
0.8884740118824912,1.3041077103719696
0.8637633017993407,1.3297576874386041
0.8753011195445564,1.2979719746976535
0.8930624756335128,1.2905425065234988
0.8881325912751743,1.3097322374595763
0.8844201982724267,1.3029034507553783
0.8925906910652674,1.2886777684497994
0.9208359889490438,1.2336222450745526
0.9024834013067069,1.2802177743540175
0.9411454650054578,1.198178886355102
0.8360343611344185,1.3929592384272647
0.8339642139736114,1.3837665347817416
0.8726456779962002,1.3217947247975823
0.8748448504100941,1.316292700673146
0.8523405935056092,1.355845754045769
0.9026135301406448,1.2713804885301287
0.8392807662179145,1.38110357338081
0.907635053504459,1.2591698725988576
0.8911860702244068,1.2854314580285615
0.8266231881003707,1.385932598715286
0.902442018444046,1.2672696417712892
0.8618732544102807,1.3422339683872804
0.8351851652834175,1.3899028083088147
0.9086400467516906,1.2678383422469293
0.9062288165556656,1.2596051944812257
0.8930488650654884,1.2797435271652027
0.8595557086973236,1.3489248357850379
0.8892190877320443,1.2819928550484478
0.8748593801457363,1.314127648799172
0.8347228532992321,1.3644623810796783
0.8831607043253766,1.2909154576670154
0.8703308664301688,1.3205360882341663
0.8495576626202244,1.360562794993088
0.8957090573662267,1.2766949261040073
0.8374580833574885,1.381845885164905
0.8922101853794207,1.2895565494092307
0.8555734262639312,1.3411273127724537
0.8401442980820424,1.3741423462990197
0.8805245480186841,1.3130535613540015
0.9053273253457204,1.268884475171445
0.8618583653504654,1.3326416585359226
0.8554711491083957,1.3598202135982729
0.873131656087639,1.3155499416058345
0.9224997227068608,1.2426324362253238
0.8774235636023393,1.3119597446238243
0.8667086906636157,1.3077144543662818
0.9190533495530049,1.260895198216454
0.9022699975086885,1.2760334834720408
0.8443022766871777,1.3833137145947603
0.8674839692669392,1.3284783502316324
0.8676304584850734,1.310251261501736
0.8846366162981285,1.3136718779273817
0.8547485327318773,1.3359355138726805
0.8499149954505409,1.3511727688654114
0.8715317796563504,1.3161760008694317
0.9143319088361701,1.263217742809456
0.8982874222109065,1.2782195465278006
0.8689118691657305,1.3338383176997364
0.8318286607407266,1.4044478105287939
0.8318178873851514,1.4015392502991757
0.8778913555839987,1.3103257667276442
0.8781808191201175,1.3125745130863213
0.8724531034356449,1.3295159468321813
0.8999565625427097,1.271905665683166
0.8414357293426324,1.3718609336050942
0.8930066819827971,1.276172864875233
0.8743063270378495,1.3051033548450324
0.87849730961356,1.2978158181080317
0.8445604381737428,1.352255432320458
0.8743646486821153,1.3186474560202521
0.8768166136037392,1.2930625166560163
0.8599442252878198,1.344002181161706
0.8754434386946717,1.3225514465956518
0.8929066366870484,1.2824580430941166
0.8175724399898034,1.4144826475682817
0.821633410894385,1.3885545220902311
0.8411912971340574,1.364116436113083
0.864733739979368,1.3376702866029124
0.8430343861780218,1.3638067209135465
0.9244245909138809,1.2381650290534192
0.9044391274017232,1.273189649425453
0.8443724380814686,1.3601077133874044
0.8696843472433038,1.3110718376628256
0.8708377330692068,1.3318107568504358
0.8355492790154004,1.3888713638875145
0.8719003712368585,1.3126871300601521
0.8911743510640153,1.2929917265668418
0.843828783219662,1.3596959913502458
0.8072468681446201,1.4260477612632563
0.8619803097938707,1.3250817996381334
0.8549331688667718,1.3495296619498967
0.92928976611212,1.2306967969866265
0.8647249216538218,1.3256387195869506
0.8907868107220129,1.2824404617955403
0.8976508889948154,1.2697549535109995
0.835429064743854,1.3955684452076764
0.8326124946182409,1.3800372408644168
0.89453258334277,1.2793818510112493
0.8775064076579153,1.2829016179794894
0.8884249446035632,1.315044810973747
0.8642285147958859,1.3329599009894713
0.8985922188524957,1.2575829425837932
0.8171142949481458,1.414488727345879
0.84914239424398,1.3594616203976337
0.8434596859694365,1.3601035360994753
0.929317779318735,1.237324864019693
0.8656560314268933,1.3409745181614372
0.8343920585154216,1.3881345609787885
0.875654919004061,1.3410835809753179
0.8372599986957272,1.3810984745525359
0.8602401130512565,1.3411070538818421
0.8468519812124866,1.3556202703699265
0.964288979788462,1.1698171447347496
0.8764665033185026,1.3301755404571447
0.8905662132398935,1.283662071242296
0.8094669637609031,1.4183994234760748
0.866860167748104,1.3296763568450545
0.875790132008486,1.3228345618487354
0.9446920097812201,1.2016563211848486
0.9067260349338682,1.2825729831041912
0.8895681795633816,1.2796645106318316
0.8860177686799096,1.3007039141047605
0.878107080631295,1.3157991121030572
0.8513242996504986,1.368359525747787
0.87180863483759,1.3190389574428911
0.8619230443780195,1.3268951828107267
0.8893575585897284,1.2803834745293783
0.8375019768181913,1.3663989772400023
0.8524467624344816,1.3610833477602067
0.9158666223061267,1.2472666876371927
0.8875630182401282,1.302035615426411
0.8280798639730338,1.3911887248959436
0.8595082485832413,1.3408411558787656
0.9265779411982162,1.2388359538721854
0.8925791609209981,1.307028468485199
0.8577409063330661,1.34666202898421
0.8621874728424543,1.3400429026005711
0.9093749691273756,1.2581146673051589
0.8577428915664211,1.355838129937422
0.8447248581074291,1.373114742380172
0.8660602223724301,1.320413128782401
0.8765404873498353,1.324817827766035
0.923267356522478,1.2246647260510692
0.8551856383531071,1.360986610499329
0.8780341228334649,1.3148453659298243
0.9029615674238394,1.280442853344245
0.8575161611045305,1.3607794043294605
0.8693585230209151,1.319859192842728
0.9035366123176887,1.2487514713521246
0.9225154233673554,1.2604331391812578
0.8872183893241812,1.2979459619446085
0.8636630185578105,1.3271289710453724
0.8472948700721687,1.356367946021053
0.839101047665312,1.3700665876171103
0.8261252390795975,1.401864901941568
0.8535527171458037,1.3536687103933813
0.9246683000620057,1.2339293797348845
0.8436986670524413,1.3711465712424102
0.8464129090908543,1.3653022902993757
0.880809814418068,1.320101161161463
0.8222463033238163,1.4050669177369017
0.8790808527955813,1.298092735344807
0.8966442227509137,1.27207460367431
0.8989516315630681,1.2717679077859472
0.8202133844489323,1.419469197986739
0.8678258063756541,1.3347809188699864
0.9195191622543548,1.2392870081560174
0.8522889999137353,1.32735270066605
0.8708358881729878,1.3190266365648702
0.825449409873886,1.385104051694246
0.9338704894879097,1.2274952267100376
0.8189445029305857,1.4068447236351735
0.9014682405291263,1.2797727188556667
0.9119782788222073,1.2568379885704244
0.8823766155623958,1.2971032436430003
0.8982326567034031,1.2848600940520307
0.8414993416563634,1.3812352277179993
0.8539649981184692,1.339722392312361
0.878494201823385,1.3098878684324267
0.867544256378854,1.337232061035978
0.917400189238216,1.2489128595165735
0.8441446693416108,1.3692421153694798
0.8571672673135122,1.3467695461250782
0.796952287385537,1.4444249246982888
0.9088173870685077,1.2671097135677556
0.897069537219179,1.2633824035851242
0.9287616582407463,1.223723815205929
0.8489574359000245,1.3605184067004525
0.8825516529652271,1.3065740944510977
0.8639940800130401,1.3139117462684347
0.8626848365216453,1.3028792793023454
0.8860657635170568,1.3009332415611266
0.8978126383823068,1.271002943490284
0.8662926960674029,1.3277105861912002
0.8794892300605199,1.3135774420012623
0.8252657484184116,1.4023178844383986
0.926058866769266,1.2356089832531278
0.8859808457372442,1.2843106449873232
0.8923717425290754,1.2958327159674972
0.8893169791753377,1.2933377663015377
0.9371658388143287,1.2306636547365402
0.879074731999721,1.3256483192166477
0.8403399394568383,1.3683392581872869
0.8869331956283324,1.3030817476571415
0.860269286162209,1.331849230701539
0.904852984655993,1.2650532706921505
0.880909937023916,1.318715749407962
0.9465855105979728,1.2233950425273363
0.8774739298824836,1.2918316257087754
0.8533646771399506,1.3580819458764157
0.8900440966435406,1.2871242783180523
0.8882438975707787,1.2755689170001125
0.8395188969102034,1.3734942267906105
0.9291395349558731,1.242356263103042
0.8814535058938835,1.3088771741232421
0.8912482147314749,1.294608460568455
0.9007225849580831,1.272957870495198
0.8246372323386175,1.392317074172443
0.8697669287885912,1.3342556714640155
0.8923549845248717,1.295794001963212
0.8574897109681892,1.3310535064898077
0.8864286324056445,1.280950574358154
0.8635021014982218,1.311882251198852
0.8554388609238159,1.359050691497776
0.836452510173159,1.377560642208732
0.8847057803989038,1.3162586139095096
0.8326574131509892,1.3911938542035902
0.8449599043242051,1.3705868849497906
0.8542748388029382,1.3303653820896093
0.8555296438895728,1.3497315389464468
0.9254221281311237,1.2276762478706913
0.8433657737726079,1.3618147408511727
0.8327199829800256,1.3941817729114405
0.8720494873416151,1.3209058388156885
0.8927585774124498,1.287956776774721
0.8781567281067353,1.3082816088628364
0.9122007769325917,1.239500320982074
0.875371295884702,1.3342504914915183
0.8826624543692474,1.2952676576031499
0.9138901033177564,1.261419014948306
0.8600615289517572,1.331575914367825
0.7953611737119239,1.4470488958577497
0.8162256895657765,1.416344968205696
0.8609462985309073,1.3423032335961633
0.8870402281372896,1.2903498752027605
0.8893716608991715,1.3001501759207006
0.8723546016736345,1.3159441205581792
0.8866574726384466,1.2823235543440799
0.9002566633517959,1.2944063226409184
0.8893858547619293,1.2614927756158139
0.8729088146785762,1.336124897324058
0.8622744033803702,1.3157831541797165
0.8680711562408925,1.321092201634616
0.8441121591612972,1.3488421655057985
0.9108535764923338,1.2460980818347915
0.8581630021029043,1.3286551215360054
0.8519689818982561,1.3668566703752145
0.8872990494387811,1.289149089708947
0.9230776606682483,1.2475626703494747
0.9220943947518625,1.2437806807163116
0.9444503112851124,1.2273370205441292
0.8697588963405416,1.3223839552744376
0.8560294272523157,1.3522600182578939
0.8245511830455641,1.3905594010381546
0.8592117511744857,1.3166026370371944
0.9267176424583909,1.234749572347983
0.858927061113488,1.3258055449813517
0.8729864010816926,1.320604106565886
0.8865251633572073,1.287723023815487
0.9004210838216424,1.2772907353209895
0.8645663997354938,1.3360742031529877
0.8509895615634149,1.3423686091587896
0.9133047566758705,1.2554466462142757
0.8744192295166533,1.3319337457802178
0.8614406686985561,1.3319870165254144
0.902767882519514,1.2780790863055842
0.9212901456039406,1.2420199115054433
0.8915837068493169,1.304130950785501
0.8633999096980174,1.34511983782846
0.9052510912411917,1.2538897760741654
0.8848183827984835,1.3051262269874349
0.881270799524142,1.3031006630871047
0.9571734501042957,1.1868400388961131
0.8864429008757551,1.2965624317847513
0.8660224107624619,1.313566793316271
0.8149922657311237,1.4223756980297766
0.8276941095269372,1.404251228646812
0.845111791761529,1.3680047434529712
0.8077027698898045,1.4487313271939177
0.9006338521669346,1.2779163812611984
0.9169198883218106,1.250504002272288
0.8260868787337434,1.3931697835303882
0.8542996838175303,1.3450687292771717
0.8699279583094386,1.3288729458344406
0.8397899338083681,1.3698048184427418
0.947693942767053,1.201654066116359
0.8596872630006787,1.3168849060882692
0.8847666208490794,1.2912886199315536
0.8996050425880753,1.289679921143833
0.9277372163148447,1.2439344414472955
0.8692184371977558,1.3127413410790398
0.8546119472238134,1.339805219500778
0.8851288702708802,1.3095057369762955
0.8293749052546986,1.3869764102537216
0.844828082326953,1.360480355900145
0.8510870896950371,1.3513600346978532
0.9048159423709718,1.2700634059206268
0.8248104472276343,1.4047621284341238
0.8260513899010165,1.4011812402865613
0.8562297407500441,1.346845729586568
0.9634380975280059,1.1949744779573481
0.859510346954816,1.3094637315837299
0.8652758013903008,1.3331406853917398
0.8855012827246369,1.2848434868324852
0.861242318460044,1.3334948221927292
0.9215930316548793,1.2561847061766054
0.8619591398646944,1.3297024154302346
0.8705467127241691,1.3173145925221237
0.8736432473966174,1.335508942934663
0.8930789644338346,1.2862699229516035
0.8381561794458041,1.3684034283974942
0.8907341510033104,1.2943003844588896
0.891876727045765,1.2996828763426187
0.8159130739111551,1.4212812732082394
0.8375405430865308,1.3893835263045045
0.8949532264126034,1.2792252892571847
0.9214386322457435,1.237199520070926
0.8980979023601838,1.2731463924463653
0.8355812020495867,1.3786392411397446
0.8830466992447314,1.3054018837768009
0.8895917963528537,1.2804703205047352
0.9167243291149534,1.2646589844537341
0.8546151577931762,1.3639706680038066
0.9368042505252951,1.219037596894047
0.8638903412837233,1.3335595405733711
0.8804918513199806,1.310513608330762
0.8813025862775825,1.303251724368051
0.8683251946774075,1.3278647086116242
0.8213077136684028,1.4141077727380056
0.8614479555976053,1.32880661788219
0.8893354717341027,1.2989138228326855
0.948106238402372,1.209701970074193
0.8795181394179701,1.2924127360032598
0.8379844646308499,1.3728835421135284
0.8511618285874432,1.3399673505374061
0.8823680446354112,1.2966043764072335
0.9131677350817349,1.2455568766431981
0.9399313863572283,1.218798028136792
0.8522974093790914,1.3559618838910155
0.8411628400364883,1.3493309059571073
0.8732890223439795,1.323143563237914
0.8778008263658301,1.319871970182371
0.8267314742755552,1.396817553383968
0.8728347177983073,1.3079785437717455
0.8582509824963986,1.3272460656366751
0.8712384907051895,1.3229277779966224
0.93667792628453,1.230529813111518
0.8754564447264122,1.3146134908352674
0.8775571096034656,1.299981922469258
0.8658402326339121,1.323897566369098
0.8601026433301353,1.3207091176234762
0.8687023162167333,1.321763523089268
0.7993214995491926,1.4394478933939983
0.9367294709028555,1.2222877891505384
0.8226953125196605,1.391171358401328
0.909459313475129,1.2596565438671348
0.9143718215114613,1.2537381741435811
0.8895433676658853,1.2766194429048754
0.8532275058966892,1.3299731716651224
0.8778139007225279,1.29983249380957
0.866725022194407,1.3358491585155963
0.8063662276307226,1.4447154961522712
0.8628848354209067,1.3244793257322054
0.858025127965137,1.3477410574394624
0.8512915547592499,1.3476184749476383
0.8805456980931126,1.3070618480147038
0.8369674458860075,1.3715887327685532
0.8324202146452835,1.3879726482546841
0.849631490159654,1.3535516353229322
0.8867789759596396,1.3044816597944484
0.8882634598945904,1.2988862398954013
0.8903911931582382,1.3072307453484746
0.8376061356553428,1.3928413813029734
0.845077018619822,1.3518713529385902
0.8776877053518544,1.3071566758142994
0.8714503329093888,1.3044573957260932
0.8626689688010976,1.3196596424800882
0.8599658852427139,1.337786828850375
0.8549205357328138,1.3440955871879339
0.9087607754090434,1.246738796815368
0.8803069684997669,1.3408492187827064
0.8558084809998552,1.3443046279456738
0.9028603954914238,1.285744356147755
0.8862128066712354,1.2886808986493794
0.8999000301222784,1.2787430952836392
0.8835999129322776,1.310482585935528
0.9022429167532968,1.2818578109578662
0.8454049498907485,1.3771406327335243
0.8857313761933341,1.2845869079202807
0.8799392405733546,1.3100077418029559
0.8291257552284506,1.385305316896725
0.8687042175142761,1.324839655589429
0.8469284094543057,1.3429745298473283
0.874730144578933,1.3372009499809232
0.8532183559914757,1.3475319837944897
0.8405796338252443,1.3643505582596478
0.8551220412191707,1.3525744479564965
0.8870583725162875,1.2997871926148479
0.8603795344113969,1.3282842157648314
0.8683775524472768,1.3233865244979373
0.9073477111333652,1.2615224316151474
0.8654254785111068,1.3307785320632852
0.8367639199779238,1.3882141428977517
0.8818850171334012,1.3048613357739227
0.8755767133155938,1.3131798472762275
0.8774946448638785,1.3135558073443794
0.8462092819178642,1.360257468847863
0.8660154479167892,1.3140237861923394
0.8974871166710565,1.2667792566055303
0.9116701126479168,1.2559518087025088
0.8805625212790595,1.3002754189137817
0.814450654829534,1.4105876870430838
0.8419247597976092,1.3638768422902168
0.8465926945656459,1.3600083199512365
0.8420772416576687,1.3714416704101804
0.8965747125410506,1.283278279542765
0.9085627180551668,1.2531415720319
0.8475017115813597,1.3522811870685973
0.868753271635317,1.3187743253976871
0.8516056301767128,1.361254965227032
0.8523508150667896,1.344144321931484
0.857031461393498,1.3464611869376748
0.8669836050336792,1.3151466920093748
0.8614515715213522,1.3410498026853177
0.8649188732799937,1.3246901519120504
0.8549528555780213,1.3608394448696552
0.8088134486873224,1.4367832931473457
0.9036764212054023,1.2499645731417892
0.7939244058466264,1.4586187670579946
0.8708231643860829,1.3216417448008995
0.8538642495973301,1.346761856760733
0.8107597348290756,1.4067751372223631
0.853811183722456,1.350541381961526
0.8791477639271938,1.2890206487257885
0.9390880142110647,1.2242873557843157
0.9145822973953093,1.254330705511858
0.8675973864900961,1.3307930870941211
0.8357572039975614,1.3662229231747067
0.8213296045860623,1.3999640817949595
0.908449095537126,1.2671659123378358
0.8356077281616783,1.379536548572059
0.8470753152564667,1.3563797994486124
0.9296829704200482,1.2137293034619712
0.9429846210165551,1.2215296270973235
0.8647495024899408,1.3135963954004286
0.8458589387017155,1.3591772588843916
0.88123453894971,1.320326224308096
0.8873995126413765,1.2844608259168206
0.8945960857171853,1.291950209432989
0.8830467903781603,1.2956640471142584
0.887146654942913,1.2994588570716399
0.870107607666164,1.3335960679122751
0.9039137297360491,1.2705348281517619
0.8614583512034513,1.3298442942082866
0.8536511626969181,1.3488997712636421
0.8455182243252168,1.3534055953893285
0.9156832208642534,1.2607510970605085
0.9328808849461598,1.2205788458230278
0.8791904597743196,1.3126362350045502
0.8765469195584419,1.3242247964293412
0.866055781819941,1.3270579561248308
0.889895645521037,1.2886420253037618
0.8667691368440955,1.3261499934607794
0.8428335215571936,1.373806802911182
0.922631027746379,1.2412451721069635
0.9090652634876197,1.2719172096545976
0.857875239389698,1.3307912873485321
0.8593425146130425,1.344380340192991
0.891938346767376,1.2887442783195682
0.9226076403114742,1.2516870328152108
0.8596289837552666,1.3402791584214009
0.8609336213107375,1.3308057204325352
0.9089570592661462,1.2655700487924624
0.9280017861352867,1.2497724829492773
0.8469033887304123,1.3705271625870639
0.8733331374476456,1.3247689568213759
0.8724437883662215,1.3268052542893138
0.8953745717685071,1.277384476750454
0.9128767189056868,1.2403262939644686
0.9158148126708248,1.250617392027506
0.8625323558303282,1.321399149001361
0.8347660619087116,1.381901372893592
0.8436446619960798,1.366806396899872
0.9032671192009536,1.2739588595027094
0.8208760124975656,1.4066815223557214
0.8654914310612019,1.341837252208232
0.926557294592719,1.2452059584725415
0.8567570388153449,1.3509595032354604
0.8994112710191451,1.2887248487287906
0.8518708563953663,1.3450622807022974
0.8276038280305642,1.408874474332439
0.9403343636357862,1.205389711619297
0.8552627064297729,1.3389968059764203
0.9049820010735576,1.2683834405810683
0.8664692471687534,1.3340117080358587
0.8726764094852284,1.3174381707373675
0.8913485759778494,1.2820623197167351
0.9366504693931701,1.232350301486473
0.9237029203224592,1.2401322796192509
0.855347227499476,1.3519168660672158
0.9050270715798556,1.2725732773449734
0.9004146161501418,1.2808481427025142
0.8152120619932592,1.399262308130837
0.9122500953400896,1.2639916513671197
0.8389548296049367,1.3867355308612517
0.9571083363863209,1.2006686097389372
0.8355055124139734,1.372172568710391
0.856728189734371,1.3402003618543494
0.8969961243347746,1.301035532092304
0.8384701890993038,1.3774337316033096
0.8647485278910443,1.3261235943928937
0.8886319880755482,1.296706684194052
0.893190008574053,1.2740932983046254
0.9159174825468686,1.2606371513875214
0.8680224766797011,1.3468705997365162
0.9304106900914604,1.2345421227694469
0.8409253988685252,1.3751988599217602
0.8931214465791089,1.2869373713123065
0.8858410360866664,1.293713631478795
0.8695704026956623,1.3363482600349608
0.9217507028889695,1.2361733279169342
0.90546902547324,1.2682510297543206
0.8835341641653385,1.2798270247057604
0.8316823007228242,1.36418507992362
0.8617760456895451,1.3310322769058929
0.9543782557445033,1.206136182174771
0.8585515039278004,1.344884770814921
0.8448109599376126,1.351325605588599
0.8576864864317728,1.3404575223782222
0.8327385846554582,1.389536340016161
0.8553054935489293,1.3487339927247333
0.8539590019839443,1.334087795780904
0.8261371344539101,1.402506032559144
0.8510616593532203,1.3763509663422084
0.8993759830468249,1.2580369542720977
0.8947454523402583,1.2788544050462725
0.92238101930321,1.238828102965964
0.8785058221317976,1.3118053759013246
0.8332111916787142,1.3672926048963343
0.8645268766515224,1.327937978973354
0.903820068398888,1.2691658623711517
0.8697288154328688,1.326652858262145
0.931066277890483,1.219925604740219
0.8940459477847369,1.3097177265345878
0.8739408810120015,1.32453239542069
0.9126425161920355,1.2625096126854498
0.8699538013797574,1.3276051664464688
0.9439312537268745,1.2267804438406376
0.8759325181484117,1.3170988701378004
0.8448651998380263,1.3615437681347193
0.8066107658916044,1.4317337029299848
0.9161910597670655,1.2466699228300098
0.8981156207622416,1.2685154320159284
0.8496424842559722,1.3715861866260417
0.862286942827108,1.3263990465004365
0.8517374094981709,1.349164302131429
0.8587450679666437,1.3374164700517739
0.8597994359278252,1.3481255329261006
0.8148228393428492,1.4251358549542235
0.8854802579164587,1.2928932867971084
0.8436291003094845,1.3535053699892725
0.876792822986548,1.3056578687995122
0.8655416429774907,1.3303458806355595
0.8537694347164548,1.3404801434555385
0.8983358230338314,1.2855763795284583
0.9498861257799118,1.2067869733789696
0.8897255551554892,1.2871274595536957
0.8371271854645197,1.3728994165285193
0.8732477662224678,1.3373396113942266
0.8648441286959538,1.3311245626402413
0.8892479359709433,1.2967547736781615
0.9217258729883493,1.2651736672464824
0.8979318816972297,1.2953366241549378
0.8344321654614115,1.3867202477356864
0.8529354401099534,1.3604013424915211
0.8494722141297963,1.37552762545744
0.8639554561533835,1.333338348677852
0.8612961204788292,1.3234120194546433
0.8935483087369045,1.287413699300444
0.8926793543253728,1.2959601523204693
0.8181637168954465,1.4190621365835407
0.8400555891724335,1.3820030268391936
0.8637058335195891,1.347540827687004
0.8504630915927798,1.3398508584996622
0.8622403541981927,1.3218051760800584
0.8933480352139729,1.2757694932392372
0.8721675866288461,1.3200651792725249
0.8475188716143707,1.3567222659388682
0.8759933685482111,1.3355144671873203
0.9083580204204722,1.275202573307863
0.8568239531096762,1.3419551642744578
0.8450346502064585,1.3615309039877108
0.8702344219181402,1.300595400452941
0.8235393184224156,1.400285802116026
0.888899744940596,1.3028454802714555
0.8423593635620603,1.3587597229869404
0.8971035687287656,1.2761917359826183
0.8310052398792687,1.3854990794853008
0.82490238716929,1.40406115984188
0.8961102413555384,1.2929902142636585
0.8637097802024198,1.3364264899033873
0.9378692291361281,1.2272486145319095
0.8574581040220883,1.3444502931184288
0.8531374173068507,1.353221148843186
0.844478554487563,1.363836506049119
0.8788655612143954,1.3288339434665053
0.8863901413731423,1.281931046207337
0.8340317100182764,1.3873070985382276
0.8625295064888303,1.3294605960049835
0.8305283615337102,1.4097729309353129
0.904196789252012,1.2703429355828553
0.7962503150145266,1.4450797765775514
0.8835361183905222,1.3007528159227155
0.9074472884820883,1.2449096573322327
0.8602636234483405,1.3073281427289327
0.882557612936292,1.2942354947884018
0.893030810192184,1.296231757612929
0.8725487023681826,1.3190120270666743
0.8214122180486843,1.382507594792338
0.8578721305202177,1.3322542168342255
0.8638066415702206,1.3162444937604745
0.8498710180341058,1.3431169092905428
0.82754415973271,1.4044037816317114
0.9036706828256238,1.27823824483316
0.9187423429344082,1.2572557779195412
0.8431832985690306,1.3624754732018873
0.849537237259989,1.3526935485817109
0.8666948754526416,1.3168904081438675
0.8916038417153256,1.2991777758444798
0.8849046399515481,1.3030367973382406
0.8412060644612185,1.365527249038808
0.8559458907777164,1.347927915704667
0.9400472448311972,1.2280997410678565
0.8712047776090086,1.3197556786017821
0.9281608447163903,1.2374500413689362
0.9021233445336656,1.2847725683421198
0.8735206705329484,1.3065944641849256
0.8920241565182365,1.2788679315376656
0.8434508245101391,1.3642842505049755
0.8226436395474195,1.398834106564423
0.841707099655749,1.3687854306880558
0.9322996079707566,1.232055393284932
0.902969874638939,1.26911910887206
0.8511618285874432,1.3399673505374061
0.9097592557055909,1.26262700069781
0.8328022063656653,1.3862849485689068
0.8504212389639343,1.34791702204102
0.8757022438335467,1.3271068157372305
0.9119068047182421,1.2609295661669764
0.8397789665781921,1.3568957786382518
0.8628136270054001,1.3333242204085778
0.9382196033324965,1.2210617430725421
0.9179157194155863,1.2388304134554775
0.8522420711014027,1.3663457848917697
0.9277334205802898,1.2334741224671792
0.8655651834908196,1.3385164009480215
0.8399607109801817,1.3739251032138822
0.8761553604361376,1.3181310334424308
0.9217228262098662,1.2277814959948692
0.8794878004595685,1.3020738544263606
0.8492662407145763,1.3523327943763999
0.8676069930017685,1.3363618967290358
0.9163488396599249,1.2406670283961778
0.9508711287010896,1.194687112961824
0.9292016038642354,1.2482800511112382
0.8475843117018875,1.3526041382537202
0.8933199415053696,1.2923215249364959
0.8123558145384973,1.4121655832627917
0.8538931569265658,1.3446313874014906
0.9270679383799345,1.2465768128328225
0.822727539504718,1.4054628906894298
0.8696333723784886,1.329468471342477
0.8633894560233561,1.3262598663066019
0.8528359138433363,1.3495922425195908
0.9248026898201822,1.253125372364262
0.8601015620888688,1.3206421821354564
0.8643767660468655,1.321367299987259
0.8982808207909116,1.293048485525364
0.9048782385881511,1.2718671228355154
0.8637665990860972,1.3588877775977988
0.8389139456189889,1.3739045123066793
0.8689581717741486,1.2954169556794721
0.8578367245466525,1.3506775513004234
0.9000639387326235,1.2794581996859349
0.8304523141349793,1.390466340962718
0.8835341641653385,1.2798270247057604
0.9504331998173359,1.201843328260681
0.8532472186260482,1.3490052260178151
0.8510351488966357,1.365056916925055
0.8889380228994377,1.2834249537242073
0.8861157111111926,1.304559138020875
0.9019622663062694,1.2660989250210277
0.8780243664209528,1.3184062747560847
0.9000872292648858,1.278620341774252
0.8715179316476946,1.3281350533111342
0.9088754957730731,1.2594802665740255
0.8509759046270462,1.3504958677073584
0.8783984765313921,1.314349844435938
0.8774327032884874,1.301197850263304
0.9572314600651224,1.2038803337323485
0.8910073329448964,1.2733275678151683
0.8430471999524252,1.369473188038808
0.8998738450800225,1.2654278427432042
0.905613542079762,1.2587635551648304
0.9227980108497202,1.245271630050543
0.834248372088217,1.3656587494177754
0.8711490799471806,1.3183437605638428
0.8588325810920365,1.3542789842487695
0.8738767901012983,1.319193414547681
0.8580393113889639,1.3287718769762573
0.9484904333830368,1.2093667874083331
0.9129867499557307,1.2439036019183256
0.8451266284480885,1.3709528178754504
0.8399826767785539,1.3556566020437835
0.8288537547944097,1.3968267327900121
0.9180894922676872,1.236913302487637
0.8371497247006896,1.372978783199349
0.8555113438583832,1.361200190809766
0.912208719804589,1.2506945128344835
0.8599639149851739,1.3342732387639669
0.8690888044263148,1.3116492013976706
0.8742611343044153,1.3008519652374613
0.8970835917296927,1.2936480005063071
0.8793591124168731,1.308426913370957
0.8578388519565687,1.362446659684285
0.833805969903149,1.378604851395608
0.8701640430907684,1.3344277398328508
0.8597917519655935,1.3347793475484144
0.8244714418333472,1.3873405409335648
0.9164948822457537,1.255601677211707
0.8895189377222963,1.29639637475769
0.838155306768358,1.3886877615132773
0.8769459330128497,1.3135497040481343
0.8384038640042126,1.398641340384328
0.865247253295327,1.3396419963208455
0.9769183198894509,1.17670181138375
0.9301774141985468,1.2285138614352626
0.891876727045765,1.2996828763426187
0.8505562193992475,1.3361083013929904
0.8676879971189122,1.332411862713484
0.8920197987225895,1.290516314838097
0.8653490006755848,1.3419004664874248
0.8384920950243124,1.3757160963785982
0.9424885794350382,1.2222783522934648
0.8222751601208913,1.408854861647586
0.8499230902615296,1.3449675530559118
0.8067219849963181,1.4124605709870965
0.8892110986024198,1.2887586543607281
0.9176925264871008,1.2370351976883598
0.8974389962095237,1.2863051350518366
0.8398516263171523,1.3665702695671211
0.872841955016979,1.2925926761505169
0.8851129394502988,1.289436020830418
0.9313246234223471,1.2427526975618577
0.8470203471724165,1.368607609437029
0.8507006809530362,1.3475982904032557
0.8847504189410149,1.3120555150479023
0.803478777489246,1.4560704377878988
0.8620323052300662,1.3405479575577428
0.8501083733222168,1.3634833916625855
0.9632647288396234,1.1907970003897093
0.8671312877831747,1.3164761423845606
0.9024279168244922,1.2663213337870585
0.8776360714018938,1.3045716631439825
0.8817844810337385,1.2846107333496828
0.911749408812426,1.2690197232775784
0.9211179040943656,1.2521588016644833
0.872439881314784,1.2954731466310525
0.8349504751329977,1.3790785666723138
0.8516682165698466,1.3212945551834119
0.8879236637788883,1.3023439346279229
0.8538254986477487,1.3348666904735806
0.8789087841086938,1.3267496857698398
0.8923820588088123,1.2943038160394251
0.875537103793524,1.3322788547091526
0.864422200585236,1.32491013453792
0.8308989420365156,1.3812118631404728
0.8697673856299879,1.325925687870962
0.8656947239429287,1.3150663756308267
0.8553933853883651,1.3557032824057773
0.7980441281404882,1.4433989996411172
0.8416568619441778,1.3645927499804287
0.8760755835057739,1.3085312736020043
0.9088754957730731,1.2594802665740255
0.9019622663062694,1.2660989250210277
0.8537318325453949,1.3597958533215735
0.844474505120993,1.37486992942158
0.8541839037036034,1.3459195801292314
0.879617433834678,1.3024391406040108
0.8931214465791089,1.2869373713123065
0.9064851787959878,1.268719093509892
0.8538879288966854,1.3509705756644113
0.8809310354947351,1.302755799473459
0.8411218305208521,1.3733350283855343
0.9159648707620129,1.2667265282153917
0.8791365180778075,1.3276656991996258
0.8176116366196169,1.409987598954963
0.8372130404258933,1.3781728720508346
0.917106338856134,1.2531467258949627
0.8822145390843075,1.3130114875746761
0.8425263160689156,1.3664856263818221
0.8649719636487978,1.342360371562094
0.8678203663183153,1.3207897273744347
0.9086839919270235,1.2484805673494224
0.9379130147941186,1.2223017311989128
0.9033784546964196,1.2769922363177275
0.8630701140688457,1.335603327651361
0.8580824120273276,1.3230974884036435
0.882221734373241,1.2953868451872228
0.8930743387976301,1.2926759361055438
0.8873775677042524,1.27843625743069
0.9006632120315479,1.2824611098669583
0.8441250669144433,1.3597711632892728
0.8377242180744864,1.3874086185120926
0.842313743978159,1.3747873433368538
0.9340957941037138,1.235164592513577
0.852281436008026,1.355496216897927
0.8957119693113851,1.2796858849164752
0.887584978815072,1.3143683479812438
0.849165363499508,1.3586456475070663
0.8892668309628677,1.2899249755269784
0.8577004866603024,1.3476322276034367
0.8539622240268552,1.3459116158389555
0.9010603416250902,1.2689759136228878
0.8324436477794044,1.3830790169368727
0.8432220884015673,1.366612106232794
0.8333866891357611,1.3931071452792512
0.9004426383566349,1.2760012413355728
0.9598939736278587,1.1959881760581539
0.8547177340435528,1.3644292610692563
0.8657790038590416,1.3253752203829907
0.9446043955395633,1.205942281662662
0.8551454588469141,1.345006298973676
0.8845335884232208,1.3251240945446652
0.8663422813951898,1.333110311978837
0.935417300242767,1.229509853356181
0.8790629366172831,1.2906603925095401
0.8191182363162948,1.4043755037753713
0.8822301150487986,1.3118945846150467
0.8696363060987211,1.3282050039981668
0.9096228487394591,1.276493103070716
0.8515397500648902,1.3558197092410125
0.8872986046848668,1.3153974486115607
0.8787985773078111,1.3207180935749243
0.8747763587495303,1.3358920359397473
0.8893150942946502,1.290215195534773
0.8079809452309321,1.4296020322409795
0.8920147686017177,1.2963329465040965
0.83512462800003,1.3947680593206728
0.8694190944885614,1.3442644130186634
0.8875403560314412,1.2990401277140744
0.8836977240929298,1.3020308457004592
0.8674531603310585,1.3281379830676003
0.8070600789592957,1.4252047406702806
0.8574080493613678,1.3538143168451697
0.9035618822929832,1.2802237928730784
0.8405133282460271,1.3809838674236778
0.8902990394213324,1.2768411042881438
0.8450247242852564,1.3676305126498705
0.8606736323236834,1.3355910792267942
0.8097902644249815,1.413015753932916
0.9189554903512098,1.2337810055228704
0.8376786693170026,1.357097102872627
0.8519641190349156,1.3394247773952181
0.8551220412191707,1.3525744479564965
0.8929572461472934,1.2998893369404458
0.863028569416713,1.3337637585741877
0.8583765135403132,1.3318328872156078
0.9044905167953681,1.2794182937443426
0.8402615713406218,1.3720920494167563
0.8221363835577387,1.4101445464188063
0.88794095716539,1.2933066985099753
0.8405906294198022,1.3545410065668513
0.9143319088361701,1.263217742809456
0.9097660589060548,1.2707784466234506
0.8970738186265053,1.2760629407645638
0.9072322779133379,1.2592334020657563
0.9093350556437219,1.2422328985560258
0.8631545761249002,1.3366554043809395
0.8635457083607727,1.3342287631150693
0.8561893607429714,1.360173711328486
0.8932847730809097,1.2820650870514232
0.8466597395628319,1.357885509326736
0.9065277508176073,1.2499297115831984
0.9111705580061928,1.2777530532135208
0.8539805561813714,1.3440448928493933
0.8558040200013959,1.3325803118600603
0.8920436658014139,1.3092415379010505
0.8233855211361447,1.3916535029284898
0.8713719522062899,1.3289221624397334
0.8957404401689941,1.2679554279438665
0.8928162899754117,1.3047883039851995
0.8708992994167841,1.3220211868373142
0.8748298125461831,1.3069398637541878
0.8036306734451075,1.4379670987157966
0.8985992462484111,1.277955087286941
0.8503449542127046,1.3640544352064279
0.8922245098548036,1.2801309647165318
0.870233155466207,1.3333042248870768
0.9072997656172377,1.2751173410851142
0.9071950733861658,1.2622382209760121
0.8798772192068007,1.3078700995583639
0.8361340056974624,1.3696910081516902
0.8858986474617156,1.321995323663031
0.8945238726384324,1.2763625842777202
0.8868823874637746,1.2896003985975466
0.8819161939546829,1.296136535983909
0.9381077897916024,1.2428012676390643
0.852434233358558,1.3407787931042563
0.8415513143765954,1.3517019482601147
0.8435041930880829,1.3680224721520946
0.8775369551159968,1.3189591666586398
0.8395610222829457,1.379170595238682
0.8059585995053338,1.4284830169212999
0.9087414455992628,1.2765670856336815
0.8618987064588692,1.3211453458763693
0.9048980939274587,1.285570919582066
0.8419688710183535,1.3758177099573556
0.8551342290239521,1.3581634936867597
0.8927303838237866,1.273257218989693
0.8824726213704559,1.2988752137303547
0.903883102180606,1.2800817388692478
0.8914947835331581,1.2921794198335321
0.8848447847093932,1.2971453901154029
0.8466582792012705,1.380114428093825
0.8576927996793344,1.3443410765468549
0.88607479497144,1.2849397723343523
0.9067173621463942,1.2702088167447247
0.8891286807551486,1.2944151568707016
0.870611209323783,1.3238563389327545
0.8604240657944418,1.331912807397957
0.8548817245991405,1.3432487742678332
0.9275703683306584,1.234014732416886
0.8205154147821516,1.3932531034996245
0.8321595698871762,1.3881536581574223
0.8317373204913545,1.3853164452828277
0.85729591597337,1.3476978577750323
0.9818164335849688,1.171618947995087
0.8832484566823597,1.306348360088359
0.8741383143722021,1.323238427468638
0.8302977730485293,1.371351390112158
0.8361006069393837,1.3791257483488812
0.8899996816635507,1.2862937478803997
0.8553177925554241,1.3510098695893198
0.8201504205360319,1.4081553210499658
0.8767212814776668,1.3006884766299291
0.9284756022124538,1.222032756731333
0.8646873525388306,1.3286342633720891
0.8442801084830465,1.3582996154837028
0.8946124514448592,1.2892900460724348
0.9095492601406208,1.275649253266744
0.8621404369438577,1.3251340298638228
0.8834595125042963,1.2802374513064423
0.819521804566627,1.4011787941353886
0.8707031571703696,1.3385452036321512
0.878396746993054,1.310364044546739
0.837596124162562,1.3890245624121547
0.8313226235573692,1.3827044543642382
0.8699245709290078,1.335042927555425
0.8274358315918711,1.389352592863913
0.8438271415501284,1.3757019156625307
0.9226122913018331,1.2452197805531935
0.8529995632915048,1.361751989641502
0.8108942194612727,1.4045381418100198
0.8882101873360244,1.2913411315171872
0.8315699458623971,1.3713860996648202
0.9176098265969774,1.253656305748789
0.8862805416666588,1.279416134509591
0.9224735514379461,1.246738711015372
0.8491481151870792,1.3418080621047137
0.9003045117284127,1.2799632302268553
0.8085527216458965,1.4112332796677198
0.8711074314555982,1.3121120034417548
0.908925756984408,1.263735138432763
0.860654545426677,1.3618661184448428
0.9013690025656393,1.2728481339679762
0.9074336210840666,1.2626926225847817
0.8552611230123779,1.3600083849943987
0.8289450297035879,1.3791468213592453
0.869846116229114,1.3297668577983868
0.9011729856507098,1.2783003163933115
0.8418665157155234,1.3851510194611465
0.8896868596046608,1.3005500159278367
0.8376291369804709,1.367826881363745
0.8604959116079745,1.3281944465327928
0.903355494100142,1.276148874048331
0.8228038882067779,1.3871720062437085
0.8461090972052607,1.3664775166064498
0.9108597866015165,1.275861993354663
0.8735767005808412,1.3396788247140423
0.8622233819947651,1.3413995404720305
0.8395585350470733,1.3723442476177126
0.8996050425880753,1.289679921143833
0.952365892964474,1.1977318573651223
0.8762877852157673,1.321362693071019
0.8753309563221268,1.324097390299037
0.8709165039270603,1.3160008765561957
0.8494327117022196,1.3584667285353094
0.9026394245019254,1.2594116421554347
0.8602513498543491,1.3289209714833843
0.8566070272651802,1.3371596238855892
0.8636356068545916,1.3451545157945135
0.9572314600651224,1.2038803337323485
0.876588770301427,1.3136769303281954
0.8922240083425315,1.2641474474316992
0.8834694594264219,1.2891246029446246
0.8863322291075131,1.301281965844003
0.8681100416987608,1.3247003887597277
0.926557294592719,1.2452059584725415
0.9051046488704662,1.2711765504664725
0.8235121586242651,1.4054616399036362
0.8665466510423838,1.3255899702255904
0.8724662511304746,1.3145215018394947
0.8159842897252796,1.3909548906980314
0.832412609876048,1.3865071965544795
0.8534685346208861,1.3498044428001679
0.8714268942497791,1.3271512089071549
0.8433594184437267,1.3509708293545732
0.8513967707172894,1.3286670417170197
0.8651062342249773,1.3304922138022355
0.8738186064513396,1.321735258970019
0.9100951350334159,1.248765155022997
0.9085503884662631,1.2456425020265753
0.897089713790038,1.282965268461594
0.8779452876380474,1.3135123449439565
0.9079783521824398,1.2634125187760332
0.8929572461472934,1.2998893369404458
0.8648658920029664,1.3407367217327246
0.9129399797658546,1.2735854910642606
0.8283191000782533,1.3950041401361781
0.8729049427025259,1.3028143322317962
0.8818084216650768,1.314161928804745
0.8550688983062864,1.3284671088064175
0.8212158439614137,1.409167606799362
0.8667317096221763,1.3343844448303572
0.8735179415432601,1.3044412412448498
0.9195620404268712,1.2324370915719236
0.8990787159316074,1.3056310878420734
0.853681942192182,1.3489357836787383
0.8467643517363657,1.3466288613495991
0.8871234121872564,1.2962188995929198
0.9038832761519022,1.2724268969382824
0.8671923000124551,1.3156904728688825
0.8783934255044148,1.3109080560300062
0.8884648486651672,1.2946225127942539
0.8392770308584752,1.375663497170755
0.8090669747296568,1.4312169261768215
0.9478349292181378,1.2294088759770871
0.9070648197152604,1.2669909189675608
0.8891024254935034,1.2959706486814282
0.8909938276202103,1.2990443289128837
0.8917380727821511,1.2881227738256316
0.8631916880815667,1.3210039774857034
0.8996319872035885,1.2691007864051504
0.8712186412364122,1.3252142464107428
0.8337971329244613,1.391050357955097
0.8765303760476209,1.3345855542813472
0.8204118809584988,1.4098627432108883
0.8587096215022112,1.3434258850961804
0.9060955981747356,1.279411370377324
0.8449319141074234,1.345078242809571
0.890111654492145,1.2867681662630348
0.7998853170588136,1.4395819879712437
0.8786177205554164,1.2996764038589792
0.929701538766053,1.2441437949814906
0.8623868189437192,1.344175434627669
0.9141287174275461,1.267233362093362
0.8867267157106542,1.28542578983807
0.845710410556483,1.3714111468849635
0.9396780583196518,1.218183651711486
0.9167338372373905,1.2601215565363009
0.90155547439262,1.2694659754957074
0.8274801401605085,1.4122089833315838
0.8975206561793458,1.2700746326473626
0.8919808529625395,1.283422696480192
0.8642285147958859,1.3329599009894713
0.8977631745281698,1.2693953726051732
0.8855294544767904,1.301334914619558
0.8782118441157263,1.320762611353513
0.8602789054830065,1.322312401430111
0.8619332053567603,1.3276671387547754
0.8527322023593467,1.364246214447456
0.8902673634912379,1.291845406243928
0.8474296034913402,1.3612128395448844
0.8760687022736631,1.2916171697027694
0.9018304108446797,1.281965610440265
0.8438027791902676,1.374586053661354
0.8945570225936506,1.2772180770753772
0.8999779328920698,1.2760181598949136
0.9378042961499469,1.2106196515539562
0.9364552499336056,1.2321917776640388
0.9002566633517959,1.2944063226409184
0.9280665646517081,1.2221102507877761
0.80869376385915,1.4110148828557363
0.8961752156057103,1.296660821699328
0.8669910015460995,1.3219187021853163
0.8351444716506038,1.3743866780604441
0.9152549630245017,1.2534060124129096
0.8635119922888255,1.3340235789117787
0.816905142122921,1.3904111536759511
0.9144481199843393,1.2480256706724282
0.9331577164466183,1.2407246949917052
0.9528227092875527,1.1909796788682707
0.8248245923295514,1.3816219858507484
0.8913835725475201,1.310455203232978
0.86301703371278,1.3333297834512372
0.7830499750119968,1.4827117093157984
0.8591761674222713,1.3346055971629511
0.8656364573996393,1.316379763284565
0.9618636137570251,1.1919827927037663
0.869732127788645,1.304626973178601
0.8934816539685932,1.2810414998578084
0.8529413334091831,1.3430072893262706
0.8491536394139891,1.3684659523148348
0.8764908712814194,1.3045616823171327
0.893431115883714,1.2968113491316873
0.8246644479739857,1.3696112124494377
0.8396093815061476,1.355068016340633
0.8662654720996579,1.3444009299040682
0.9119568278299341,1.257464703435259
0.8608752942282769,1.3372327721439146
0.8967001396743774,1.2881821374619145
0.9341199375591955,1.228077783303522
0.8242603467008955,1.3961299969941616
0.8673835378029973,1.3138240728375428
0.824566164642462,1.4071540242033225
0.8955421317582539,1.2933319207759293
0.9200262921570335,1.2480125528256527
0.9002181491562753,1.2808967177907626
0.8799344214966667,1.3134819698976012
0.8439472100047589,1.3572107433837688
0.8486851266744915,1.3617317555955275
0.8878425698483245,1.2882948278200441
0.8801310597629182,1.30847365686824
0.8465969240097648,1.3541101616985145
0.8581887007594509,1.3385687078896311
0.9191223980624754,1.2598337703604414
0.8834041785485185,1.296509649214056
0.8638693394319148,1.3332070362498918
0.9010691680621885,1.2681206737906907
0.8983673108857624,1.2695610351720206
0.8594525174373995,1.331649851920095
0.8735919064243944,1.3018369485594867
0.9437620030177123,1.2054250026625855
0.805441768392924,1.4231667678954496
0.887337527418234,1.3016799487485964
0.9090659548020052,1.2738984783777356
0.8860044450983227,1.2889152486027355
0.7942427616417751,1.4440534845847302
0.8741813725926733,1.3226232079958966
0.9033256974563002,1.270923476230065
0.84590545588229,1.3633556072889867
0.8698025008165178,1.3087786944468158
0.8374541145956114,1.3846819142458993
0.8884905296883348,1.299416418028422
0.9435506551948776,1.2070180965972583
0.8848398747228103,1.2957178566892693
0.8867240996625505,1.276842190896163
0.9061452815367352,1.2540282728834544
0.8557401327525538,1.361659824278941
0.8512009003055028,1.362558613850166
0.8532230156006231,1.3452167288836132
0.8148913595903728,1.412511424142037
0.8739627024217431,1.3002491374006082
0.8208892141005439,1.4086369416205033
0.8592482283041682,1.33756669543848
0.8903924685612432,1.274980872283893
0.8834300676896671,1.2822353812838854
0.8514473278090777,1.3493814740696464
0.8915163293457191,1.2815346352784895
0.933183145987194,1.2246396222901683
0.8253918415431354,1.3943393615039545
0.8952638791962295,1.2929053766083285
0.8315946957978084,1.3840201441365987
0.869462863865172,1.3003617798545093
0.8303166634816634,1.3888516522389798
0.9368573770885109,1.2176006328670212
0.9031808961263783,1.2726773035120555
0.9080162559812386,1.2622574896233218
0.8936196391414244,1.3042997648621162
0.8448482176514296,1.3682659310583234
0.8839967151114316,1.302938435366982
0.9301068067720302,1.22489224189696
0.8999669817687572,1.272077609345546
0.8959914630678301,1.2877640211450592
0.8836145350757918,1.2982419122423583
0.8846611216142439,1.3048059231570197
0.7816471393565039,1.4814998014519085
0.8953046627747536,1.2870361160361499
0.8843603129588318,1.3068109272435748
0.8816612135215229,1.2968242501403733
0.9306158036831191,1.2286371210263716
0.8541232351426173,1.342160640546558
0.8551248641936164,1.3492795755091969
0.7989250483786676,1.4447162656408188
0.8810539474318171,1.3262804502138559
0.9144256293344208,1.2708693886254494
0.8364789233123031,1.3746598689999234
0.8336740474485931,1.406818713157378
0.8355418814762985,1.3971388334008115
0.8928172945233641,1.2632435237585085
0.8174952945132932,1.4272224985994144
0.8585430168411128,1.3570070658660158
0.7921515947837936,1.44860566503419
0.9049757286777289,1.2781632033481805
0.8416081818769088,1.3792067153492953
0.8744163736741737,1.3285521164843501
0.8399135117043754,1.3571766294013194
0.8776363388820103,1.3117032080932218
0.9117509668275134,1.2646192406900536
0.8642637650158407,1.3285393137529482
0.8547641902859244,1.353529525284801
0.8675908843603692,1.3283086716312011
0.8842308438027688,1.3014702901883433
0.8588882159346904,1.3318666958296552
0.8685231341746473,1.3400170869030943
0.8954858340151568,1.2712851387138033
0.8910073903393749,1.2949534736561255
0.8302941173838534,1.410520100334445
0.8442389781648476,1.3726830214239598
0.9084024998575686,1.2574423853272
0.8934163337402408,1.2896927834755778
0.8950739184941978,1.294557901071906
0.8637299610007052,1.3304427492427418
0.8231436855434628,1.3941854703157506
0.905613542079762,1.2587635551648304
0.8011483374609534,1.4514104271037145
0.814577750462631,1.4172073587272094
0.8303532826891598,1.406927741590628
0.8649855745923491,1.3224219628608442
0.8683938827719577,1.322836287899145
0.8672249309037763,1.3314525285098868
0.8680192512657954,1.321629096278215
0.9292246789056615,1.2483698163713723
0.8078564341336347,1.413358806356298
0.8594710081415946,1.3441739993412205
0.8925648446940484,1.3033877155390625
0.8442244095457314,1.3607450761524453
0.9492403252586057,1.2155118158474698
0.9040010183940261,1.2691441151964324
0.8031331126257342,1.412925237869436
0.7912342290048755,1.4719009194750434
0.9164341682193717,1.2435086862372644
0.8676581605817606,1.323051211793218
0.8581638322216814,1.329993672938266
0.9143373986035186,1.256778600242018
0.8683354827539553,1.327250449014701
0.8728334145114169,1.308230060233109
0.8498241059225231,1.3460957676694767
0.8501155931033155,1.3465758668044867
0.8846662931734821,1.3131853984524842
0.8896157511744489,1.3068241919504933
0.8760144094835758,1.3059928652449508
0.8512915547592499,1.3476184749476383
0.9331672677587688,1.2366689555820165
0.8598836109136034,1.318816707763589
0.8876086670315828,1.2981474371393833
0.8789923829005672,1.3213207956074184
0.9000567442129557,1.2813310136280054
0.9209705894956859,1.2473234556689774
0.8225836693466906,1.4063165706013097
0.8500911080893427,1.350991554830257
0.8586279213523946,1.3439731100206653
0.9131246647035358,1.2467847658768423
0.8181838024907975,1.3968587876359098
0.876333565602317,1.3196990478381103
0.9013794335564513,1.2727476099277248
0.8429955522567751,1.3713299837502642
0.8395301938993185,1.3626054410374244
0.9000627464182336,1.2628112651356123
0.8596424201742743,1.330702811925453
0.861971447972689,1.3257664791108716
0.8771591421904088,1.3094584705577046
0.8581619348622735,1.3431920557988077
0.8864982011350435,1.3025936594378043
0.9159484846811867,1.258600531342492
0.893467003043801,1.2730922893036516
0.8905671071893095,1.308257534644526
0.8834300676896671,1.2822353812838854
0.8355664427416725,1.3798849395921806
0.8508366833963692,1.3622171968469483
0.8353550671518368,1.375054775965599
0.8301516946803336,1.3745726104666334
0.8542482889659453,1.3433993562999744
0.8542390950337844,1.3463191037309585
0.8856926628080357,1.2903213827398832
0.8933082295255661,1.2657676595969964
0.8652188518096164,1.328811231196548
0.845221327278032,1.3644285799459726
0.897615653681328,1.2674374139363436
0.9303707765058999,1.240765107536701
0.7997964056419438,1.4457712413283166
0.907509627133471,1.2596892668057333
0.8257639729346575,1.4162893701798571
0.8862855886215688,1.3038942371767264
0.8696881957443783,1.3345914982198508
0.83677114474106,1.38210792486257
0.9279706500508185,1.2420548545729002
0.834611651972343,1.3582115787576112
0.9077969386348517,1.2545502011514982
0.941435607487503,1.2230093773476531
0.8672677469948502,1.2985400255325603
0.8572394820504183,1.3387060809445663
0.8072468681446201,1.4260477612632563
0.8629377638265234,1.3383662290033378
0.8782165754591758,1.3027976559007317
0.9096228487394591,1.276493103070716
0.8957916776258787,1.2790880871815173
0.8687920275801477,1.3333536879356862
0.8700912384821744,1.3250390413154183
0.838254150422417,1.3942733589667238
0.8619257678178274,1.3199587714105632
0.8703230579155594,1.307855396456072
0.9250382617360351,1.2462556165921497
0.8920417850066913,1.2952602730525469
0.8832847270516266,1.3191411916951894
0.8758956730037246,1.3204829014590274
0.7960888518776459,1.4532499898030085
0.8582963644309878,1.354484555396624
0.962797907772885,1.187603763612118
0.9143325451627724,1.2641517206674004
0.8544593966130076,1.3514843386118964
0.8364630551075278,1.3955392023377087
0.9049601212940617,1.2667542385973503
0.8580526239406832,1.3490735086076713
0.8879544800734529,1.291690451945978
0.8599658852427139,1.337786828850375
0.8633278497317325,1.3404828306266399
0.9563631967286954,1.1915623051348987
0.8790285378895402,1.296922740937067
0.9276052148382592,1.2433502475958635
0.9075034776082325,1.2603080246499323
0.8706493765270706,1.326516822293668
0.8840996016948617,1.2967195577918358
0.855954921603352,1.3520342530660299
0.8622376383640884,1.312821930326988
0.877633861571381,1.3006585994641322
0.8909510327092933,1.3064668993480415
0.8454402768209757,1.357573141521452
0.9201523872452315,1.2410788503268482
0.9053050030374596,1.2715002572255096
0.8515271473893165,1.3358067363980108
0.8330599522901114,1.3911402353993407
0.8892345182432395,1.2839289465080692
0.8654006291660634,1.319880149484255
0.8326497241566726,1.3922337415843766
0.8798574969403139,1.3061881194251246
0.8998800976927634,1.2783795904519186
0.9052413289456929,1.2732790112014714
0.8503798716870363,1.33333046238724
0.9414834607621934,1.2180877402124983
0.8404416068539067,1.3839706204554119
0.8793734724738023,1.32445615568783
0.918322192082621,1.2518649963263748
0.8901496090528618,1.3095913386584654
0.8967665160869907,1.2940417544642078
0.8257935682627371,1.397343964568029
0.9033765027197618,1.2602528643483417
0.8740769715324199,1.3154821827768022
0.8754286343043616,1.3141560798903311
0.8462370455735375,1.3532255988803783
0.8786562740280777,1.3151246475689027
0.9168658098615088,1.2476084746588287
0.879178431865764,1.313410261027724
0.9019081871362762,1.2846717816973854
0.9103541160555426,1.2476293043788784
0.9031227670533317,1.2775756362322779
0.9047824629109489,1.2817012512212755
0.8604082051719357,1.3559401134060773
0.9578424393995921,1.1982841987623047
0.9271268627455869,1.2576877907833415
0.8825153263333885,1.3036429131359013
0.9424348273862999,1.21248209722881
0.9046008497756963,1.268959509136001
0.8117406674986174,1.416782080968324
0.8742706988571134,1.3274809998103556
0.8700221006388464,1.3235929231172288
0.9420302765454529,1.2147606732979959
0.9210100800131431,1.2514337959155806
0.9460266545992835,1.2111112252605083
0.9791982847624943,1.1719436121387565
0.909599010638712,1.244630786423591
0.9149022221098517,1.267922496782412
0.8566216387597441,1.3336022450723177
0.8642232279557918,1.343981059645166
0.8561607306149028,1.3241793274442208
0.881296596966566,1.2974349036039656
0.9239514481566447,1.2404789884980412
0.8230115112221916,1.3971822896541575
0.8224609021454532,1.4006868330261601
0.8964459690152482,1.2721543990384987
0.9101239377664083,1.2666286786717298
0.9203975204316976,1.24243171390453
0.8469597899779384,1.3635439185345495
0.8689606393640241,1.324995813495895
0.8939707505245618,1.2633760334655895
0.894030090581952,1.3008036993259995
0.8628453958951674,1.3389013003744736
0.9014140689934138,1.2682900856532278
0.9419234405664298,1.218771505427168
0.8451825244295121,1.3642613152644
0.8867878899171449,1.3026658010215466
0.8309936933790998,1.3723893127122582
0.8278833074587733,1.404519552100507
0.8888802681143664,1.28660996693468
0.8535783734959763,1.341100200954252
0.862161646525671,1.3500810706432944
0.8525073428980716,1.343026690277259
0.8831979663340783,1.3014594120198417
0.9130810235232816,1.2500012099746363
0.8648215415188087,1.3283085879473797
0.8963318364734423,1.2904625482962349
0.870759873654074,1.3172100150803912
0.8779348107389404,1.3068319367802566
0.8646995807872422,1.3273798843412945
0.8796578591602868,1.314607765623056
0.8675938980298472,1.3327501535929343
0.8733342780022098,1.336625329012999
0.8913579831836722,1.2762865378091741
0.9184942648828727,1.2439149671494723
0.8541863703134973,1.3379550559967712
0.86958860144093,1.3380618494368053
0.9223726349433488,1.2451283419575887
0.8580780437955411,1.349463596734858
0.8668390142664306,1.3219497899647599
0.9344638493033701,1.2248023406541944
0.857077229797407,1.3431144463354683
0.8647005705931741,1.3275317278865792
0.8949993923368307,1.2855258045049636
0.9156960576338513,1.2562149324455827
0.8163997377317915,1.3873032198811641
0.9101452890346753,1.2704576171315334
0.8528842741442462,1.3593591638256446
0.8647578750665286,1.32452757795513
0.8720388780894226,1.3166075074433343
0.9131676822377781,1.2629255105655026
0.9660908785187208,1.18686982546329
0.9072442722351068,1.2774951352045705
0.8833174263850421,1.2857047882585981
0.9103956371731747,1.274980842462645
0.8832400190680902,1.3083084995403753
0.8183617746386038,1.4164860546030469
0.8596551438491251,1.3623048802993099
0.9338834896630404,1.2268785043100032
0.8777268391101918,1.3207863517341991
0.9170786585001536,1.2516352250294442
0.8538005220231111,1.3418143818703343
0.8442755140309048,1.366779519927726
0.8673739979840427,1.3338596516647603
0.9191999202407526,1.2429978075601733
0.8780212972485821,1.3034949532244655
0.8123157809996102,1.410753219602009
0.8774843776949379,1.3033421448692877
0.9010194875838204,1.284477284351673
0.9296019500005308,1.2186783478370016
0.8970738186265053,1.2760629407645638
0.8400148939859318,1.3612095133149877
0.8159248311284137,1.4356204444606733
0.8529354401099534,1.3604013424915211
0.8301647567898607,1.3717242923271085
0.8823664912707585,1.2914190198232463
0.8556730474462253,1.366026054037932
0.9245599047155499,1.2374727644289385
0.9437396220597025,1.2279662055138771
0.872394703884422,1.3175609435804831
0.8348479790504448,1.3865658601768838
0.8572934159044785,1.3263107936379153
0.8302527521750365,1.3884276139689382
0.8206250814942526,1.422714147237553
0.9223396212083934,1.2408638304584223
0.8276361836832737,1.3813513105707798
0.8974734326586515,1.271352813895161
0.8937048707234505,1.2785770190432815
0.8902170765787729,1.2917106813420751
0.8659787626593929,1.3116602774133754
0.8442097962810846,1.365386302190452
0.849780360790986,1.3562632294012413
0.930602277190941,1.2362820286173293
0.9160290584583184,1.2663304679662382
0.8191969618242874,1.4035647361057078
0.85258195780115,1.3561933661717456
0.870552585705572,1.313132261281771
0.8779433361705882,1.2975001140116016
0.8541647340598499,1.3416270782790605
0.9210940807646326,1.2436261925093333
0.8578823326863314,1.3385875947836505
0.8977276288535014,1.2851094588606256
0.882246718320226,1.3063150511843638
0.8968537746126104,1.2929256162964256
0.8062751485925836,1.437258288745691
0.8187361829648883,1.4227833290263812
0.9090454096147205,1.2608817147105227
0.8447073963262064,1.36259892666798
0.8919287475140301,1.2872507882944924
0.895726657745997,1.2797528333966166
0.9083336449137662,1.2689107457486668
0.9303100662125334,1.241266235872752
0.8875478580662071,1.2948978797909667
0.8181196048382213,1.4229947871554227
0.8646964295092074,1.3355776349996078
0.8785736546696095,1.3132179174674883
0.9416561549105531,1.2211742042042666
0.8793734724738023,1.32445615568783
0.8726734809551424,1.3123697944854242
0.8465361026716713,1.3741691045654223
0.9069743123615979,1.263564633685951
0.9090439724943871,1.2569397350351839
0.9266184370760042,1.2287586595681501
0.8929497648861731,1.2899603847985561
0.8865822846314144,1.3150178786931228
0.8561720867892666,1.3431248872725954
0.9270712456917671,1.2404604759102453
0.8854484824034241,1.3108601420909831
0.9315539730044475,1.2230561083970128
0.8829391006928178,1.3125472219116199
0.8776072686682175,1.319104639706699
0.8417301924270182,1.3683683293265918
0.8879135048538729,1.2933409085811727
0.8702397714672656,1.3190870941176323
0.8763763821310917,1.3139307906082498
0.8388182307123582,1.3816059920835437
0.851551779755382,1.3763778277166503
0.8464290143581379,1.3490017346812715
0.8964245791872418,1.2704614348500558
0.9372397750900452,1.2192546404427669
0.8674828157151662,1.323353667692676
0.81874719407714,1.4159082540083456
0.9071621344454877,1.2788535490104873
0.8609767676648059,1.3411846868199964
0.884304734005702,1.3039905689847302
0.8690239385053642,1.3017970245396908
0.8215506562900725,1.3994392603727481
0.8919640506309754,1.2724887229722852
0.900814969651152,1.2715202282003144
0.8904839497004211,1.2950446673665674
0.9345394648773249,1.2367472378350948
0.8608021573430904,1.3176695400574356
0.9070786882726936,1.2569100482903557
0.8209388004640854,1.3954128211569532
0.8352132439933615,1.3763984176103796
0.911795133111472,1.2593065573322535
0.9290428780948214,1.2273464945793076
0.8805984771844211,1.3139199742033605
0.9055039087541557,1.2650803114117797
0.9475370256983713,1.2049382885283892
0.9529869266269053,1.1887563122642097
0.853422230518947,1.3442641726964528
0.9125046850101446,1.2567008383118012
0.931846295071957,1.2201143778266093
0.9096395634492098,1.260116935839121
0.8340322530354833,1.3718022010023634
0.8776814939612323,1.3135037414900441
0.8713719522062899,1.3289221624397334
0.8537970247287245,1.3615084333396164
0.9085933469666674,1.2590709448658521
0.9071208716356494,1.2805016048546174
0.8338906726219457,1.3585008674185501
0.8561029477730886,1.3553004193421097
0.9128410175231514,1.276427478112205
0.8579635024195897,1.351041410901932
0.8353483751421797,1.3731647418036304
0.8954851738519494,1.2940010212412931
0.8372538082569883,1.3796286816655692
0.8662625760942886,1.3086066421881584
0.8424872766887412,1.3691000975737282
0.8862655916367268,1.2974309778716655
0.886394096739126,1.3100831553369807
0.8699412070094905,1.2991138593435971
0.8984729956215989,1.2719402314979527
0.9079465743727131,1.2735252489238074
0.8785192558729431,1.3085766469543083
0.862797034857594,1.331835373806222
0.8269343624589234,1.4043444284991982
0.9382211826458182,1.2127036143924876
0.9156706891133701,1.2693627351690575
0.8438890169614783,1.34541203666794
0.8662926960674029,1.3277105861912002
0.8541377755514881,1.3442890707155175
0.8743734747311787,1.3186762228300652
0.812267375005441,1.434154342148112
0.8833860778711995,1.31091166329643
0.8413132941752333,1.3511968423509442
0.8838314142839871,1.303177308224809
0.8821392994803137,1.2857934767343204
0.8578416897030507,1.359547308120836
0.8557298730722185,1.3576979609158826
0.807278631106201,1.4370128809016407
0.8880019245347708,1.3034329411650618
0.9102090215896199,1.2553219838020069
0.9229203711142793,1.265891223153481
0.8599323683734823,1.3508868313923932
0.9199994709255492,1.2464449550463756
0.8778588049688014,1.293723722877218
0.8648576742967029,1.327500561198114
0.8587356298714368,1.3430561034036308
0.9085736461999703,1.2707368387368059
0.8642315123793385,1.3511783021394281
0.8820567730127489,1.3130571600285832
0.8756302006551302,1.3046787383640412
0.8682456585977631,1.3282067396965038
0.8688659978556785,1.3157441117432638
0.8434633846186952,1.3568840543965754
0.845114825576607,1.345159902062877
0.9010554219988112,1.2651267831136663
0.9227795858363079,1.2322091593528246
0.8523446514894828,1.3485073146373538
0.872461157348172,1.3195701254654595
0.8732627935815722,1.3049768462356224
0.8491903626283932,1.3387589817540924
0.9086348123891839,1.2600064822433592
0.8378029704796321,1.3451928613432045
0.9165068577786379,1.2349107886772661
0.9000007325763806,1.2855297406230204
0.924120218474366,1.2591638830459757
0.9066483326180916,1.2774185873325496
0.8845568942354105,1.3113135864785572
0.8225901418881021,1.393707452867775
0.8455201123851022,1.3554795867728362
0.844222925813795,1.348380457287212
0.8314326462461687,1.3696299874838769
0.8876021030207766,1.277210882540869
0.8835911135313859,1.309805182745825
0.8913768226978818,1.280665057576091
0.8879137649008895,1.2842502846606887
0.857122193804331,1.3343733816787056
0.9122007769325917,1.239500320982074
0.974610312334685,1.1920307733538194
0.8536827382604564,1.3410232805102091
0.8561648786061167,1.3403225876297677
0.8669910015460995,1.3219187021853163
0.8854802579164587,1.2928932867971084
0.8916926204465236,1.2797913338163496
0.8807180867858957,1.3064074413421074
0.9490696781696726,1.2132984714114399
0.9112128715383891,1.2552844016898053
0.8777058407729603,1.319646711160889
0.8467682506268592,1.3794074380382657
0.8443218121962517,1.3768040495788025
0.8918000841899991,1.2899058382488062
0.861308857770996,1.340959874895688
0.9227227630517265,1.25214862367433
0.8904824490622198,1.2901652837733257
0.928521987180549,1.2322899056469472
0.7893987477676685,1.4666073839361446
0.8485723900224835,1.354141961595289
0.8930503487614463,1.3101689460349557
0.8449169620752637,1.361287669445535
0.8138953896757597,1.4184205645976513
0.9034219614877192,1.283594389863174
0.8359576065630621,1.386078768269179
0.8716626218703307,1.3189463504475711
0.8682475559570355,1.3229521842409493
0.8566583203585949,1.3553438513315792
0.9208959171130322,1.2529710692479388
0.8607833522264539,1.3457036526391968
0.8371844624914451,1.3800492001469598
0.8976131264581315,1.2823016070137345
0.8934361837839961,1.291104373312664
0.8535873967130676,1.342760106917611
0.872270340925394,1.3063246758888696
0.8329053506479314,1.3715545187408045
0.8882852573130529,1.2877841825577565
0.8959914630678301,1.2877640211450592
0.8812516166259368,1.3159314861148437
0.8943599633359056,1.2993413449948015
0.9055228788623861,1.294728783140542
0.8727109309891274,1.3297585036039117
0.8607120353451263,1.3310639990477713
0.8488640958205267,1.3623042075251475
0.8677779407496191,1.3323159100984612
0.858355573875907,1.3313162246594477
0.8859435175733663,1.2844973670535116
0.8979307350817369,1.2994751160549602
0.8942205186176708,1.3040513712953465
0.8424411615736915,1.3771944312723703
0.8317673533920613,1.371920429625485
0.8833065982673431,1.301112311773505
0.8160581487320244,1.4044012551971758
0.8265612783243257,1.3945907174204477
0.9054796441408712,1.2752530111602989
0.8857591625415095,1.3005340432278139
0.906909563296386,1.2817381545455637
0.8619332053567603,1.3276671387547754
0.8597707145611075,1.3384226130515737
0.8862001507065842,1.2964114879218989
0.8819041159508663,1.3031029513673225
0.8388522063361574,1.3992989712736918
0.8995335585431805,1.2841966053949363
0.8296362922036711,1.3912830221691785
0.8996257600996604,1.2625968188073224
0.8704114008504691,1.3152192602104151
0.8998215211569895,1.2727122471389842
0.8674622061601867,1.3460001790787937
0.8782118444990883,1.3066445469755568
0.8907067940305426,1.2904435482743521
0.882073636141909,1.2966596844266345
0.9194063469763716,1.2381413571005737
0.8543123180307166,1.349710758997869
0.8664289976496529,1.3190916002175779
0.8583487384392425,1.3528619264764001
0.8529170411579177,1.3451187425251956
0.8790593619239917,1.3016067550955557
0.8265793421530969,1.3991583745619556
0.9177541305708463,1.245293262278901
0.8673328532840938,1.3229457173735486
0.874871980011046,1.3108493398141647
0.9034825988214445,1.2744509519044755
0.9205931131038525,1.254000946948699
0.8729432422163856,1.3151495633136863
0.8434051726711747,1.3677343593691798
0.8112054692446018,1.4204888640277844
0.8524570770532902,1.3391784729464014
0.9529368013309307,1.1937861117615551
0.9419065486120193,1.2214279091019942
0.833898396026711,1.3867887212130885
0.9188437886023995,1.2416021334680605
0.841364815801229,1.3662011285353752
0.919337820214907,1.2527919694320249
0.8405461365457858,1.3485153361581623
0.9027974525935849,1.2640829885063107
0.8812961960119747,1.2909389525515014
0.8339541699936832,1.3731242162633155
0.8228989609360553,1.4075439155211154
0.840110545982929,1.3615960050218467
0.8785253475971189,1.3166980953782357
0.8980985587718757,1.2853274217412431
0.9180883637549262,1.2647470721727498
0.8793696443647339,1.3077567254458962
0.9035791401693352,1.2715355437857327
0.8610543963345252,1.3131048150632645
0.8423601168381949,1.366985710031991
0.8951430739619792,1.2878366736563736
0.8772667646170651,1.3127417493042033
0.8881716259953392,1.3101495312631437
0.9280867616389843,1.231135869160024
0.8602499795895486,1.3399868891432303
0.8835228758195235,1.3010396886832631
0.8576504787277905,1.3417994551938062
0.8568608643480529,1.3503810182359384
0.8310924969798374,1.3626928293410863
0.8240414275438694,1.4017524951797817
0.8213087224711415,1.4210498763202704
0.847410136802851,1.348419256267351
0.86355178003621,1.3369296660200385
0.8778863406745421,1.327026431434369
0.8584938504039259,1.3512564195973205
0.8814372427463957,1.29404724349075
0.879439355757063,1.2994762467228447
0.8996389569278109,1.272659230484908
0.9015160656958143,1.275350232151239
0.8613089552801247,1.333213799392246
0.8717393582991095,1.3050341126254175
0.896651115765895,1.289584589826646
0.8755767133155938,1.3131798472762275
0.8836573748851553,1.2990025605010729
0.8642950984728808,1.3335070370430104
0.863516516127578,1.33177034889022
0.8966661462529977,1.269875595825226
0.8728676920660468,1.3108580872693019
0.8538017038310663,1.3340928923027024
0.9009718450167437,1.2626012238928455
0.8563812814580827,1.3377651055939985
0.8702927115203196,1.321062245808485
0.8690432235624221,1.315177200259749
0.9021528474500302,1.283476234819569
0.8361006069393837,1.3791257483488812
0.8808750860914412,1.3022798890536524
0.8820595921498406,1.293428881675844
0.8104570608257169,1.4055727018665474
0.8533650492480616,1.3402556570540025
0.8471603815305055,1.362188929635797
0.8562105570026475,1.3423628184280694
0.8800607300685175,1.3007353312500591
0.8664977984240196,1.3293045899448472
0.9018275006581167,1.2793290211554706
0.8466020373763172,1.3615083797426035
0.8647754164892572,1.3241264832076483
0.8362352529140158,1.4072941666971885
0.8571252589457126,1.3277347114018028
0.8699521113216968,1.3185568416410443
0.8516866472364495,1.3257012184777566
0.8144168307018504,1.4195886851183588
0.9151836050273972,1.2596787917360712
0.8454198411008869,1.3692634949984048
0.8981248586382791,1.2971338754479493
0.979639952688788,1.1704320268242372
0.887851726841898,1.286492074565998
0.8541754288651742,1.3335552787775586
0.8830135898616351,1.3216020486189726
0.8622928342982992,1.3182207555868748
0.8430903184169871,1.3778487760252611
0.9022091739761595,1.2694706492514345
0.8672249309037763,1.3314525285098868
0.8546620539619834,1.3424098983284414
0.8117442303347973,1.409377334372292
0.86861818936194,1.3279812934462571
0.9336022063180653,1.2495281096961968
0.8956928733328426,1.2717773763130769
0.928739834341626,1.225329574558908
0.8592620371840511,1.338416123856608
0.8439117200115627,1.371280292990238
0.8535019264368084,1.3422350394563904
0.8435605485062345,1.3469082596461992
0.8355081420542623,1.3802682998226008
0.8743775120527044,1.3401786568687506
0.9052765998447532,1.2824392902962176
0.9342523861925145,1.2306311484377794
0.9053334216031008,1.2653731728883102
0.856839324830521,1.3283100223222042
0.9186255047801397,1.251537441725025
0.8335225255149508,1.376463314314699
0.8039572174571366,1.4375694099533132
0.85444794356814,1.3357215284891695
0.8889915843004121,1.304677810102034
0.8345719698989027,1.4010785171896576
0.859760757573194,1.34353496709349
0.9247419147757416,1.2370356460891643
0.9173572933869107,1.2529000246130715
0.847723786762882,1.346395719910451
0.8748996905615674,1.3014766775770366
0.9111766358881668,1.2621993396363471
0.8404733855146571,1.3675355241325695
0.9105832280716228,1.2456419873861488
0.9005185227431847,1.3049632473208033
0.8663651739932454,1.3360408595072502
0.8589402466008129,1.337924991435753
0.791977536968195,1.449262471154649
0.9113761677504868,1.268310882772874
0.9176280623949586,1.2534833931874005
0.8896183057324127,1.2912256201876706
0.8738079703557999,1.3073932210455537
0.7903014183015209,1.4514827876348904
0.908288258586958,1.2751393394094381
0.9099640981044788,1.255278694103513
0.8786283246834083,1.3062532308367103
0.903737148052729,1.2832769087171694
0.8619465484636135,1.3373240819831191
0.8899972290600782,1.2820748591191435
0.865273981039449,1.3213836428324786
0.8657424862663365,1.3559501986985365
0.8960709757654177,1.2768582598931024
0.8588710855549098,1.313369681293935
0.9003322510393292,1.2650850536295144
0.8427994887634882,1.3695222356614987
0.8672425475889289,1.3333673560936083
0.8977740688076701,1.2861344102054715
0.8719771532500964,1.3305297622846164
0.8528209224691383,1.340234574931124
0.9569648121564287,1.2042067092434194
0.8566070272651802,1.3371596238855892
0.9333314123701997,1.2269846388982932
0.8936797216513337,1.2940151589157636
0.8694149053780136,1.3056943545649666
0.8835775889221726,1.3123356556238954
0.83237328029244,1.3859880883188231
0.9352020374873489,1.2358270500466688
0.8789376383907672,1.308830990592385
0.8187415929720159,1.4244342168085122
0.8898896705785331,1.2812276397069422
0.8278923999376631,1.375464664207735
0.8283555463420036,1.4030525023125058
0.8461562842644113,1.374573184253361
0.8631058119746282,1.3209950645512407
0.9577843844907732,1.186649706002933
0.8951521043377848,1.2934407243591004
0.8789952855526457,1.3245953252430105
0.9062969830500864,1.2630577326627213
0.8818615334495636,1.2824928579275523
0.8856287458928966,1.3197942180915785
0.8619803097938707,1.3250817996381334
0.9291750408362578,1.2282598280566688
0.8318598490695803,1.3946218052611556
0.8444513034264223,1.3533602389818913
0.8956389902142403,1.2833781074424022
0.9518474690911813,1.2062994119148451
0.9341167881073744,1.2307299473541005
0.8748015338505617,1.3292658445246501
0.8249260099519455,1.3939823875455755
0.8653254513386059,1.3456840484914816
0.8849382561917225,1.2855036506846476
0.8606326027176558,1.3402757229541669
0.8067187507194937,1.4354266087302767
0.8577262974014885,1.3516492221999092
0.8600179691484529,1.3321545923506442
0.8893788923949637,1.289490896302276
0.8934605105685589,1.2805166217226773
0.9547866391423405,1.1994523248092874
0.8639554561533835,1.333338348677852
0.8193856283801666,1.4082700122119252
0.8809452696386848,1.2996063527555213
0.8467912990797497,1.3577626142784756
0.8355418814762985,1.3971388334008115
0.8778538999478036,1.3014873139019556
0.8788635916021883,1.3078541627875715
0.9110105297006919,1.272931126791692
0.9444952161837334,1.2031910474111147
0.8819628275619735,1.3358711136495476
0.8692010912380668,1.3332576530289237
0.885043962564469,1.3129119400263716
0.8955853828525115,1.283974463045642
0.8723031491033362,1.3163266069875006
0.9058184898782278,1.260424041982795
0.8168565082547892,1.4141197808245278
0.8506298425548138,1.3571174671171655
0.8719473620458726,1.3090786933566831
0.8568928904802042,1.32057790944992
0.9028312443187596,1.2921061761577588
0.8738229695734128,1.3408929795180795
0.8907074275834559,1.3032102959764418
0.9064173870697476,1.2635310440905099
0.9119577174721578,1.2367932035047562
0.9328633950594565,1.239886645057473
0.8602419038047182,1.339586840330466
0.8504212006735405,1.343888988830615
0.8725489260017458,1.2973097038274122
0.8434347412839613,1.3708828082300903
0.85422670038689,1.353980010336122
0.8588901663906612,1.333259137932437
0.8725575293804024,1.3428783533380875
0.8137626490283449,1.425414714904714
0.883997719274672,1.2896000955404687
0.8368533637325681,1.394077632919763
0.8506808595580755,1.361371862813197
0.8735439114884773,1.3115829296003725
0.8620107976213649,1.3304100375042522
0.8921917056020756,1.2972697163716875
0.8517769143635319,1.352585624982143
0.9053351179830416,1.2499169502279233
0.9151110897729084,1.2573587825549724
0.8767369834624161,1.3386875593592795
0.8869629285643554,1.288857052497878
0.9148734912095937,1.2506135881937879
0.8969079155389841,1.2755912802179723
0.8522137520863675,1.3406948306216597
0.9162483408910971,1.2464495287162591
0.8912482147314749,1.294608460568455
0.8541309952140239,1.3708108684948455
0.9067468975837543,1.2601428133073314
0.9024445273781003,1.263040019789635
0.8283191000782533,1.3950041401361781
0.9048280763929017,1.2832213634041016
0.79894134997605,1.438880999289553
0.886368697379855,1.2846324866219037
0.8411807621673519,1.358981336215268
0.8272552860901736,1.4056162813462834
0.874333701726141,1.3215992510066012
0.8704777958575451,1.3167149729008552
0.8587925116318404,1.3455864073352444
0.8396847230530229,1.3641233145385552
0.8566317291268561,1.3567386759221074
0.8520307191896614,1.3403738908081133
0.8293604149871363,1.392677082401863
0.9424504750992375,1.2155786328613347
0.8336300195532358,1.388049170409016
0.850875218859978,1.3496341897832322
0.9320126508003159,1.242748194990004
0.8595017270720453,1.3242863193012764
0.8434469337813437,1.381845538869398
0.8500397637170622,1.3554549929031863
0.8958996169240909,1.26040632561508
0.8442510759752306,1.3522479558811475
0.8845498920074737,1.2948017461156203
0.8940396041384555,1.297520522068415
0.8778702093316242,1.3028961768510725
0.8553957708673277,1.351083584639708
0.8582847822682589,1.3258426989263434
0.875497788718032,1.3054480400242388
0.8605218181423511,1.3262303328589908
0.8291570424322241,1.3855239288412307
0.8679604927877231,1.3188544951893424
0.9609382159385169,1.2030724353211335
0.9082107504630181,1.2677829036530737
0.875402822928961,1.3277256005609803
0.886355979355691,1.3046786079263148
0.8564630466578869,1.3337516255847899
0.9275289651021419,1.2394041917661995
0.9280527711406761,1.212538095383094
0.8811086495152527,1.2881208866130551
0.8728311358333043,1.3241485606104026
0.9048280763929017,1.2832213634041016
0.8572011418298591,1.3337489126127635
0.8316164657772174,1.3796505963913281
0.9006526420849574,1.2752564595973992
0.8807451708115761,1.2873535252216566
0.8661865029463456,1.334027608694679
0.8299230114311174,1.3910435540892552
0.8549964202340268,1.3570943540876323
0.8321898668127143,1.3852646062863507
0.8280099584926539,1.3971417878977785
0.8801439519702237,1.3182610053133972
0.9008594327581432,1.2586750974276149
0.8621214574676459,1.3296691054817702
0.8538719033170992,1.343868439947846
0.8554342355039135,1.3322493257073253
0.886805932219916,1.3064390794215304
0.8703793725467672,1.299933674940311
0.8779091771715652,1.3285938923164147
0.8815891397858833,1.299396564849896
0.8882475350861567,1.2966886613562587
0.8384708416456887,1.379666274458266
0.8601360319685785,1.3199980514033867
0.849075536804228,1.3313507522510017
0.9156292159716786,1.2520666739066935
0.86685414307618,1.3219156529214031
0.8309621288691829,1.3772493803030637
0.838261035209561,1.38189003925398
0.8715001562094988,1.3235733658121345
0.8998925129051354,1.2756596134381613
0.8495507633177222,1.3471407740999177
0.8949782023813342,1.259695042078881
0.8996679078937462,1.275750397468614
0.8159042321382284,1.3946716836537296
0.8919142074086317,1.2960088802821763
0.8933176698746494,1.3069610355257488
0.9035886921930225,1.2751397847852532
0.8608341957939927,1.3351016641912152
0.9139939075996713,1.2504984196674975
0.9209138198568845,1.2534852562659904
0.9024339121074376,1.2840355710569058
0.8819502760273863,1.296241275183453
0.8703150364908725,1.323995215696076
0.8480521522444515,1.369557851524232
0.8304222118257092,1.3906269315380009
0.9344915906098907,1.2379088540615577
0.8719351849529524,1.3174261836237322
0.8578860347343362,1.3360361339929192
0.8820457450951225,1.3025016582830453
0.9579895416215807,1.1886189255659074
0.9671495194776738,1.1833463800469897
0.8595711868142146,1.3265269151307693
0.8329854631864426,1.3820085860980407
0.8274210520094543,1.377361949179713
0.8266855796951773,1.3915409113631516
0.9315378359967299,1.2457672349260183
0.858680945822553,1.325840190679703
0.8672111061408365,1.3178617279180287
0.8380362614128056,1.3724684486957734
0.8996228316095807,1.2589681163547346
0.8256147667424472,1.385802341872038
0.893466022927629,1.3137507681830494
0.8580837516802906,1.3455332990951685
0.9637087480811135,1.191826018843159
0.907606251770753,1.263544904891946
0.8709557083879818,1.3154668753190693
0.8996126537251976,1.3018811968636346
0.9119971899323769,1.253159646207745
0.9205424049679591,1.2404242705940351
0.9170193909852957,1.251174873114801
0.8995743480917151,1.2836336841395115
0.8397282991563271,1.3583429624673597
0.8368382298321893,1.3582797648249778
0.8872986046848668,1.3153974486115607
0.8814720694388667,1.2993795746744947
0.8368322362496268,1.3782755211774569
0.9084568965966962,1.2725731275709637
0.8784677182920273,1.31179727605212
0.8909997806485488,1.2891408355039928
0.8106280867030531,1.41551716037808
0.8759510402720632,1.3138452344431477
0.8299196089402094,1.3923544653820652
0.9151077832203929,1.25195976881318
0.9123284865817662,1.2623767295726154
0.8516293780174908,1.337190563929531
0.9101654421746252,1.2615136324667844
0.8804541516903945,1.3120605521995705
0.8444032815168279,1.3729860374591851
0.9015313304140435,1.2781188136560595
0.9059968245223771,1.2642281291335322
0.9437346424015349,1.2103124329643093
0.8205419694149956,1.4068709397547323
0.8738265719995331,1.319262051377828
0.866436268296964,1.3303487933849858
0.8406083486485956,1.3609272947737066
0.821647346400006,1.4069236915098502
0.8687856106519993,1.3287841676859315
0.8753419362467458,1.3193906069213397
0.8908939082783041,1.3023302747171495
0.8937335299377245,1.2717391322777614
0.8095841625976881,1.4405773763381844
0.9141369330571483,1.2685394673784438
0.893895121742085,1.290054160792212
0.8616874678766522,1.3178957599075523
0.8179208656100281,1.407616231067674
0.8920775290093983,1.2765763100128518
0.8452218515317591,1.349271207424242
0.9017697411536998,1.2794178508545353
0.9379721292936658,1.2244032621251273
0.9314052231833703,1.23077518611652
0.8573017737273141,1.345069261553688
0.8354950738800986,1.3510812192072128
0.889175892737694,1.2876236442996005
0.8285556470889139,1.3832916371244988
0.8903108037318643,1.2965971155055935
0.8405395289667459,1.3538341451770954
0.8057024413177534,1.4525884826833821
0.9177350549877401,1.2505958466409133
0.9101878951150646,1.2485278119179462
0.8740251534794019,1.3295966481909876
0.8692017060713191,1.3227706369730114
0.8501442714969445,1.3393058672414349
0.8572480421851212,1.361472044222127
0.8370356485912978,1.3808372346337332
0.837578502894986,1.3655007790262408
0.959346507269496,1.1997358290781364
0.7989930104094063,1.436600038085595
0.9360683901463382,1.2234504670367066
0.8634400271722955,1.3269979535335088
0.8784864778771899,1.3054836869443718
0.8124212090673881,1.4235545456999914
0.8820421723337324,1.3052448026290662
0.862621280484823,1.3399514794401395
0.8459550917781182,1.353736306197508
0.8997230826757636,1.2747216356779993
0.8420879279401345,1.3815490286147918
0.8920436658014139,1.3092415379010505
0.8787209784165075,1.3189598424382445
0.8372847572953672,1.379636203006444
0.8959543176939333,1.2686937310216948
0.8313760205519609,1.3702004688797724
0.8749818633969462,1.33150598391373
0.869202567468939,1.322771337890098
0.897631850877948,1.2805679883173697
0.8171340558676594,1.3988117811554461
0.8912122163295262,1.3037595746946031
0.8991562975325564,1.2812946651846697
0.8130250604318519,1.4309353429865947
0.8201604617719294,1.4102316034192799
0.8457353950239348,1.366591161218578
0.888886464813254,1.2827678090640036
0.8290952300894237,1.384264860453244
0.8807174585975528,1.3161653562269502
0.9307390982743864,1.2308296126200822
0.8728431955421454,1.3413598564544875
0.9573219434264859,1.1958927217168847
0.8508147831663457,1.3577991379221244
0.8964982247959326,1.281709082519083
0.9005881387351822,1.270760132445012
0.9008478160431277,1.2874830321853385
0.9091942424815052,1.2776744951107608
0.8764421221550291,1.3033307311489528
0.9279873645049748,1.248338311785518
0.8214715853551888,1.3968517936200084
0.8952163961253781,1.287358073340182
0.8296661644720069,1.3778921421496608
0.8877059888155621,1.3072906014607253
0.8582509824963986,1.3272460656366751
0.8837966016148675,1.3146236561696207
0.7996512421897857,1.4579251509927609
0.8535826687861323,1.3527681071590478
0.8901764818454216,1.2883522292508582
0.8338171035755413,1.3679030200361721
0.8936995442897395,1.2929744772850238
0.8629442049972589,1.3211228782265505
0.8445555712478312,1.3510843457652906
0.8702080416763331,1.3066970372930928
0.8662070940147064,1.3289344987905383
0.869405316320236,1.3217222372320807
0.9089083178833948,1.2657426697678842
0.8718379803764098,1.3097575747701886
0.8496229302944642,1.3559707435497816
0.9231012024436069,1.2422524916906748
0.795842329215366,1.468632885784871
0.8911918408392969,1.3010822967612778
0.8069384066801655,1.429544269489091
0.8406595652469981,1.3825862854385227
0.8393454891436511,1.3891304697789726
0.936215364381547,1.228539751984765
0.8543664772629695,1.358321187623192
0.937708464523564,1.2356324971813395
0.8557135150008433,1.3265150472446234
0.8549964202340268,1.3570943540876323
0.8571280934770589,1.3326209898113366
0.835815134510892,1.3838249392003088
0.8940143462187509,1.2743531698941122
0.846421075628947,1.3485638012514847
0.8929329989960075,1.2877390342473152
0.8861091679121482,1.293565054711514
0.9338394952861699,1.2245048089180346
0.8982659498024028,1.2598374069659066
0.8391217302121459,1.3749736043276704
0.8722007880492837,1.3281925275444453
0.8963220372070986,1.2895919372124798
0.9033930716707472,1.2904874158534696
0.8462837745288267,1.36432947077419
0.8469905869779839,1.3433300516150626
0.8368425861393962,1.3760232003883508
0.880793400244666,1.325026829914533
0.8743714988885083,1.3224167598243524
0.8611692319901199,1.3554450590876352
0.8032258539962864,1.442145241415741
0.8871982933574567,1.2816839355685812
0.8848873877234504,1.2948331062927045
0.9066128376758191,1.2655757392304468
0.8622090033012002,1.3083794245122233
0.8413252771773505,1.372809713309249
0.8890755944454074,1.2980209315280182
0.9023023416756637,1.2784913604730441
0.9344521104008963,1.2293340254788585
0.9299515361725157,1.2375148755128953
0.8594894769459178,1.319608257903396
0.8719756294726124,1.317613931353659
0.8390519236844385,1.382472948506794
0.8736724547247998,1.3103326654258836
0.8656597324909265,1.33169407319404
0.9033827074254364,1.2740859641578177
0.8655858665574689,1.3211332630039898
0.9482491080373545,1.217947861552374
0.8755434877061237,1.3177120203453723
0.9183686818261529,1.259098783522648
0.862021738975137,1.333825219617552
0.8829289076572693,1.3210815252402552
0.9078244264331867,1.2600023543426582
0.9107407796805231,1.2674659332558944
0.9002578229126448,1.266173108680478
0.8417147764933437,1.36277069243221
0.8790850874494052,1.3167205725189584
0.9116797402868351,1.2451670797358978
0.9033218788466013,1.2584018912693444
0.885588391835487,1.2960760934352868
0.8476770398973288,1.3673258957771963
0.8911036025002412,1.297071127491871
0.8806072721534357,1.310405224499333
0.9025482077135571,1.2927009693665945
0.8644428460244986,1.3417501338448714
0.9053668312239509,1.2690169337320818
0.8702938404964504,1.312001257010895
0.8811653213506403,1.2879454060499649
0.8617377347397388,1.3358063589702573
0.8825081862045876,1.3072841041973062
0.9073412205116884,1.2620412073177625
0.867821271945288,1.3142242353696296
0.8925155116808734,1.3221595054789053
0.7935539711431132,1.458726041665981
0.8606147203500396,1.3609097839728745
0.8235662032267355,1.3998678723861728
0.88869660401548,1.2975332571992833
0.8558084714008225,1.3155733085117267
0.8195805556125595,1.4124907524009358
0.8479086074121951,1.371233007607472
0.8414187972429761,1.3850584341093393
0.8133474836596568,1.4120672446390836
0.8505852964405465,1.3440554133931681
0.8575587092611043,1.3421360094704184
0.8906318265327673,1.307780235299106
0.8464683921180629,1.3688580146883669
0.8895048219843629,1.2894179285569405
0.9041312784526252,1.2683420020483087
0.8613282865084673,1.337886702006597
0.9031010308391703,1.2747602950765724
0.8357573688598798,1.382064588223653
0.8558955044623044,1.3445439040490534
0.8174295529505502,1.4055710855966401
0.842738396372142,1.3716437791276594
0.8891067050336119,1.2940873546515137
0.8390488716211308,1.3786794544713457
0.8669201749413074,1.3068364282789877
0.8982395762326199,1.2785438334457828
0.8775273491623865,1.3017225562051897
0.8864817254342539,1.2883412922361677
0.8850791405069973,1.3159926072260424
0.8711980309357628,1.3249135852025564
0.8653298221792889,1.3288197244277324
0.907465660237252,1.2792298353153995
0.887484391321689,1.315116569775416
0.8885177568171001,1.2875279757260278
0.9287839090752583,1.227644008663509
0.8754355022938287,1.3146880138005432
0.8448462525396876,1.3494063704338348
0.8969510848883269,1.2697649704861027
0.8516544140566411,1.3549450954334878
0.8920611257689224,1.3026123360330788
0.9005238146711849,1.2700021756458582
0.8549677929504151,1.3652569181348724
0.8767212814776668,1.3006884766299291
0.8773974958105268,1.2989517831720718
0.8638126033263924,1.323806934569059
0.8799246394463396,1.302485273189136
0.8612134274122631,1.3405375154840031
0.8840430925110625,1.2868115444521229
0.7959964596207012,1.4345009100762216
0.8822305319185042,1.2924683519216646
0.924907090389194,1.2536870389623584
0.9108597866015165,1.275861993354663
0.8200484808377835,1.4057620710760148
0.8677726112974267,1.3232171045915107
0.8984136340280167,1.2593626322644254
0.8809002407434492,1.2884798456828168
0.8620107976213649,1.3304100375042522
0.8781506080259691,1.287393586041747
0.884949074342962,1.2997697196173719
0.85505543459129,1.3509293393328092
0.8902676146829251,1.2948593036464673
0.8730233735769606,1.305730382962071
0.8579119328987825,1.3365603124354999
0.8385037082331832,1.3729076265402567
0.8327856374237879,1.3634461745752036
0.8570792825445457,1.3437616724869839
0.8516916321185193,1.3631490376101663
0.87783354034993,1.2877506550603859
0.8871837715543534,1.306947231199645
0.8580133833696666,1.3212675804628922
0.8845251454422813,1.3013465749588131
0.9122673268024926,1.2567782923249062
0.8387088248345755,1.3844641511118756
0.8817734424501467,1.3105203139363166
0.8981602576187939,1.28012337480806
0.8988747398237795,1.2779251373643066
0.8541330208930797,1.3144472475705655
0.8653945310744038,1.3177876494985326
0.8670420207465479,1.3511912315016301
0.8766380280340123,1.3141063856837987
0.8951255876373421,1.2667590230264645
0.8751899813371433,1.3065076562960884
0.8567177857833022,1.3469548491082313
0.828528466280777,1.3943653310582285
0.8776258209514707,1.312071661355918
0.8873671552209406,1.2997083514696615
0.8247365399553359,1.42075358420516
0.8816445233614287,1.2858129565247158
0.867803611681534,1.3219033781130847
0.8892107812778376,1.2798838625706002
0.8304264502489369,1.3848228607259894
0.9052984926211323,1.2708979818152695
0.8783068563968348,1.3138475460009698
0.8511782514743615,1.348635772770244
0.8248108293329961,1.383061818238041
0.9088695567433955,1.2653013974966631
0.8482029462896394,1.36505140757294
0.8332770431068186,1.3818854909865164
0.8627239412351575,1.3236901262460363
0.8843799395957874,1.2815743380338722
0.9138787628091609,1.2495621044276026
0.827802066566145,1.3738714496116302
0.8818738445138605,1.3145645935541692
0.8991751367664829,1.2746294636059383
0.8863302790347467,1.2953131808834248
0.8365666290115925,1.3625038862377923
0.8952257055327244,1.2886578786201617
0.8788337170891318,1.3145976245568929
0.7846754015591777,1.5050721694158073
0.90686124273948,1.2653566238747136
0.8719022647672543,1.2922254528372603
0.9060084192910633,1.2740128464550677
0.8930743387976301,1.2926759361055438
0.8679733843441713,1.3110767888182076
0.8644632147019249,1.330668514209623
0.8755636933423319,1.309529806972486
0.8751191801267579,1.3210781803807
0.864255342724801,1.32829928640983
0.8244211873635876,1.3859146032244276
0.8693209678751843,1.328953088048663
0.9051527871820777,1.2753906174487835
0.8833781663478462,1.3097090891729268
0.8624729568969449,1.335116535639701
0.8971115250449573,1.2817786376629705
0.9411345948037539,1.2182564296404466
0.8142014395121959,1.400688197144345
0.9061777686750248,1.2695193041509119
0.8709312371216573,1.3122281480136027
0.826270782578038,1.4073139229154474
0.8815631008031086,1.2870646131899903
0.824587844865885,1.3927312744850764
0.8776950583024032,1.3281943683381994
0.8482802708326784,1.3586416118905003
0.8878945460844185,1.3068048267503385
0.8852008144211241,1.291709095368783
0.8378743931685613,1.3828817942635043
0.8496605243428683,1.364888030896017
0.8755076061902654,1.3089536502560368
0.8541935679392862,1.3394560561207978
0.8650945219724302,1.329490749227907
0.8590446223728754,1.336026061375272
0.8726592935937447,1.3134682288360338
0.8568005893025259,1.3480315578417363
0.8568353381122482,1.3500245586752249
0.8527745756842549,1.3408890332815833
0.9253251804084732,1.2446941995032776
0.8141454050677874,1.4026181684542895
0.8239906995660251,1.3944214351019373
0.9205527867622234,1.2456565580422119
0.9358540587827575,1.2242903503125764
0.897290396074333,1.2978393846644904
0.9028505450565631,1.2587148052307564
0.8884485902503982,1.293809575761349
0.9342288775428782,1.2161857286093793
0.8723336729077131,1.309224417867478
0.8804100729578672,1.289445957843181
0.8604018598316452,1.3332608511866937
0.8070600789592957,1.4252047406702806
0.850712694987809,1.3401871540364583
0.8675177521400295,1.3063860744036453
0.889266759714243,1.2835122359953381
0.9365663078586401,1.226218326150768
0.8515765293012896,1.3566156428837535
0.8526812356176448,1.3616953122616857
0.8239075983426623,1.3950683233417314
0.9248911980970902,1.2443776962329298
0.9249303339317552,1.2295750496655988
0.9208280654739536,1.2593425772546816
0.8469464163740446,1.3559962243354196
0.9011690976200022,1.267535238225426
0.8548854293898724,1.3400867376664471
0.8432409047390717,1.3621752917511656
0.8128614775640202,1.4134387007163045
0.8929259830480485,1.2831656573296344
0.9104749073675011,1.254682281016735
0.8115524055914922,1.4341220445010359
0.8528154122420839,1.3424959427503644
0.9379317696036666,1.2300923070784735
0.8398362847899266,1.3612554057443333
0.8780850088159682,1.291399935761833
0.8874606052047203,1.3019112215882425
0.8464693449524547,1.3618027905420331
0.8369795981807433,1.3698274084758095
0.8578807328903426,1.3308150118691557
0.8064872171370334,1.4172177501004215
0.8832821967361382,1.299860420198392
0.8597156584546313,1.3557105817129158
0.8822738626064106,1.2966077362472843
0.9165022950305615,1.2508642825970906
0.8501595645857982,1.3762351781638422
0.8031597085311182,1.4483258319721672
0.8722395975991422,1.3227794710067584
0.7951215850473263,1.4395831752195853
0.814192005365973,1.4130525766318713
0.841591026849571,1.3656755690956401
0.9177052039699847,1.2624020252298918
0.8659077128465609,1.3374175784960123
0.9328061939402039,1.2225266099073329
0.8503586940664627,1.3517112096249393
0.9260256716864326,1.2344177438958877
0.8386508299354314,1.374990925549731
0.8367342080876159,1.3816014921366737
0.9326986936464521,1.233829568029003
0.8454378514057421,1.3733404900608954
0.8643594073902232,1.3217871379928432
0.865156649367248,1.3278748296157576
0.9074443793205538,1.2626664791953566
0.906444847360508,1.2608144301031619
0.9598592351390571,1.2074243295222287
0.9539359823458768,1.2013199743494158
0.8707173956651857,1.313215568039368
0.8442373951393682,1.3601628172610787
0.818317670700339,1.3973111217232104
0.9014277465393905,1.2825393240461374
0.8443292228573978,1.3578894047037755
0.8827372035102543,1.306421605860526
0.883812399516624,1.3055214383160685
0.8947454523402583,1.2788544050462725
0.9338352503184413,1.23216212350167
0.8281741307585795,1.388179064663315
0.870273627193304,1.3136044013966504
0.8174924532939511,1.3878505974518454
0.9363168048685802,1.2217300137587075
0.8713582762239531,1.3060219937406026
0.8187199337738855,1.4000443862622767
0.8364394518148406,1.3661282490682165
0.8259550879514301,1.4060650773452361
0.8168252122044193,1.3983968668026667
0.8751127324552805,1.3053373735522926
0.8486682728940755,1.3570311866511064
0.86320869754019,1.339493020099191
0.884577687757846,1.2815754543398388
0.8134274721598802,1.411642596915395
0.9061589834192469,1.2819052088702325
0.915421111353613,1.2650886879692074
0.8624183283486535,1.3323328861101407
0.8489574359000245,1.3605184067004525
0.969457517024314,1.1859542918308759
0.9593263843948872,1.1832664242210622
0.8779481495944839,1.336629077311535
0.8552256150557764,1.3559763906281876
0.877709354808534,1.3124352929021283
0.9300840799651484,1.230906255917085
0.8483905164285501,1.370150331158063
0.9050061456375103,1.2614001654382214
0.9213600729263458,1.2468496015074313
0.8332971650616343,1.3723260652530958
0.9043054703823206,1.2499765048659368
0.938237205132398,1.2271138122762184
0.8633465078936955,1.3355713805412182
0.8562693818821443,1.329168647227325
0.8826784620203345,1.3035163248322719
0.8630951452174682,1.336382093219984
0.8909809933556063,1.2883858151656973
0.8542482889659453,1.3433993562999744
0.882239827819818,1.3080443413527745
0.871904359577331,1.3102076345082618
0.8236733546565984,1.3893366809615681
0.8889318229025012,1.2832910671519961
0.8765405547163785,1.3151386849749078
0.8695376608562269,1.3338163714293785
0.8678388907801908,1.3304732380535995
0.8246762241003567,1.3916852780620743
0.9471707402435101,1.2141050775401803
0.9266464652670563,1.2095937439891191
0.8549170387057348,1.3391360900481961
0.8611301208812225,1.3267578930354396
0.8578027082236395,1.32735006562881
0.8494225047447017,1.3706185620656566
0.8959151966213461,1.2858252688407126
0.8875947356289353,1.285760185022261
0.8501627757718455,1.3516795961215624
0.7968671101444571,1.4400883152406498
0.8874253695061789,1.284751556966785
0.8576489114226342,1.3402040057499016
0.8416438538749118,1.360940136066692
0.8437246303165018,1.351905071300811
0.8185312435863312,1.392825763460702
0.8105845843262662,1.4257060787320641
0.8136282245390485,1.3996440498528702
0.904618065856736,1.2779845788665114
0.8719721225273702,1.3372668079076624
0.8939845732760374,1.2911232769801926
0.9273569224834055,1.21590507562169
0.9168727464170536,1.2517170692304622
0.8334114690567889,1.3797897198407756
0.9015635298201132,1.260562315529195
0.8553164039413876,1.3538538122974795
0.8745159011962227,1.3190495156939561
0.9551604839478818,1.2014375005900264
0.9235010822368326,1.2162561290894793
0.8808894850959785,1.2923609237592142
0.8232827199195618,1.3901760977961406
0.8572497125603651,1.324401678307992
0.8049036400440521,1.4161740203043744
0.9204720766420247,1.2517542510032869
0.8523709155565686,1.3362743283472784
0.9063662017985505,1.277625826865086
0.8861430544948192,1.3019350554584372
0.9013784496703374,1.279538900920408
0.8795820158356833,1.3069923140007498
0.8150500579393791,1.3942109854765192
0.8912290129639031,1.2948747614129195
0.8463678758477269,1.36617199535539
0.8793870386077971,1.305124186463609
0.8842575357700373,1.292929486290854
0.8712391433226983,1.3172213010641671
0.8827967722284156,1.3078184162403648
0.9028763484381743,1.2640155647697489
0.8616847943901507,1.3454376643177155
0.8881419614619033,1.278207559158206
0.8847169252864109,1.305094275687677
0.8255087061921922,1.3829205354085434
0.8547647364379676,1.3573057502908397
0.8248121251667093,1.406618782556836
0.8855791743475512,1.2995161343273278
0.9001636158191726,1.281196616883675
0.858349988716155,1.3444474844706205
0.865484290607778,1.3118806363591538
0.887642183344955,1.2859022169471612
0.9110628631048767,1.2607446356253786
0.8702141366273839,1.32679547261262
0.8781742896062126,1.322752710669972
0.8618234227665462,1.3304882373109446
0.8535940730588758,1.3485172595841242
0.8821392994803137,1.2857934767343204
0.8879460444799616,1.3186175636318875
0.8603071593521208,1.3451711057075508
0.8852173202436313,1.2925512628166351
0.8691701258412414,1.3352505659501428
0.8926912949398911,1.2772007499831604
0.861345084747098,1.3278366476444015
0.8738909811650588,1.3106505747173354
0.8923194539015116,1.2723509624621587
0.8354779303034536,1.3741900078423623
0.9173354441398165,1.2604523799657192
0.8547196505532713,1.3551311324961708
0.8514990967481808,1.3324816783151656
0.8871998589195995,1.3050165042204533
0.8924373847804701,1.2949599095430218
0.8223492072275569,1.4091752935689805
0.8592258226062086,1.3365111111869585
0.8598633565006832,1.3422781173414147
0.8375721691897071,1.3689399103373368
0.8888766897135048,1.3033313666671313
0.8327870119473959,1.3658113123420528
0.8907074275834559,1.3032102959764418
0.8545712126048759,1.3654420764191124
0.8528405342120591,1.3401430839360857
0.9204783842764512,1.2487782130729377
0.8981576088611649,1.2854619057249617
0.9020460923909048,1.2642118652518555
0.7967455306085482,1.4443771183899194
0.9036780154623796,1.2707574425176549
0.8674935650280007,1.3355716311903918
0.8424277624287082,1.3568545662513256
0.8877080869372505,1.281308542631512
0.8058940815361118,1.433964176263653
0.9283953630689759,1.2270025270275537
0.8751853119073039,1.3227030157656732
0.8880592587799936,1.2945084321916878
0.8783127603878811,1.3159880859570514
0.8899913219036988,1.280078307057942
0.847978005667603,1.3463686006973672
0.8670225368982372,1.326935387367573
0.9003346782990933,1.3008299990419
0.8671371822076981,1.3245283940807342
0.9008141018316909,1.2691204400438094
0.9221830839618128,1.2392699290158395
0.8726728545503777,1.2971994368888584
0.8968731109324317,1.2857096999219229
0.8529533509889573,1.3496432807257341
0.865432697805504,1.3556535090185575
0.8835478352075528,1.2966683777471761
0.9001575855488995,1.2818028204464014
0.913517307634103,1.242473562797829
0.8848554472007597,1.2912137745424739
0.8575527379122854,1.3548489906548271
0.8682884514560159,1.3164597017968407
0.8937005645615175,1.2743378367553106
0.926231426047128,1.2504147499133764
0.8772613493295967,1.2881486625302359
0.8323028136130235,1.388169910582223
0.9117254220503466,1.257027513883581
0.9006388693954295,1.2670498564439638
0.8583259021072838,1.3229177046841736
0.8969247405900775,1.2935146328653064
0.9562015785240623,1.2028272747102984
0.8442281572080221,1.3725621637062568
0.8248376987051103,1.397069750863565
0.8640694587834288,1.3342973022345788
0.8771689265524396,1.3225997216944052
0.8297187875212622,1.3689123502722371
0.863567720491863,1.3250078855783816
0.8884648486651672,1.2946225127942539
0.8974922927869817,1.2618100153890421
0.8463008821616129,1.3695577023921213
0.910572068601277,1.2749918741490345
0.851282574805261,1.342741934449136
0.8411202437611958,1.3668277384624936
0.8607245212364814,1.3337344445237374
0.8443441830697866,1.3755836246875373
0.9360250162932569,1.2262242431868104
0.8760153844463878,1.3075334051575238
0.9200994980115771,1.2618734879058404
0.9208503409031652,1.260399732899599
0.8374437150169296,1.361434526235773
0.8511618285874432,1.3399673505374061
0.840549454830507,1.38334705128572
0.914614381937523,1.2659138377899244
0.8920162768716284,1.278600006417865
0.8878632685288701,1.2957961616336608
0.8792039000391241,1.303539858554809
0.8749190657812187,1.320826222961742
0.8394707740524543,1.391567097899828
0.8743725219458744,1.3269022684032625
0.8721600119868314,1.31764582604763
0.8227373237137945,1.4226613624771605
0.8770914170682462,1.3152566026988302
0.913997650992078,1.2588919464696477
0.9008981139242371,1.2750405871238104
0.9134377899963446,1.2502225801566853
0.8709643073418001,1.3071562514759185
0.8508899696764785,1.3741114670467665
0.8701090829074845,1.324575876213723
0.8554305232073414,1.3429068814179785
0.8885133727472561,1.290412854732526
0.8837691557481604,1.3077718467777786
0.7971274703455185,1.4531516264145294
0.9056284055448163,1.2568465289092012
0.8312157744878819,1.3842033672542684
0.8577138290277397,1.3532722206971732
0.8478154539295104,1.3588996332728334
0.8795690339232729,1.3093729708872017
0.8913477257364646,1.291859419747342
0.8459289850619851,1.3584871608755502
0.8911923298538478,1.2788394439563457
0.9061321250213343,1.2623978669505558
0.8288186821925254,1.3882230213719733
0.8582600220247434,1.3283702090063447
0.8791985197582555,1.2977628690996776
0.8897257031248222,1.2770271074908828
0.8847511947035005,1.293501406445662
0.8633809735208788,1.3334310042367241
0.8348167632167485,1.3690303259966283
0.8725925419996265,1.3082481413343003
0.8849570980119932,1.3192618859476932
0.8828037219331042,1.3207414852835155
0.9230528220999008,1.2580657022263797
0.867345041734628,1.3223969360399936
0.9077969386348517,1.2545502011514982
0.8948355348751262,1.2799855020361515
0.9344070393245585,1.2297790805122393
0.8626780931476212,1.3295668432364907
0.9445390641035012,1.230064193906793
0.8890774905462557,1.2929605304187524
0.8921362505291222,1.2855144459437713
0.839566396558806,1.3727590683045368
0.9345574209529419,1.248016000529656
0.8411796338509869,1.38380278536754
0.9090652634876197,1.2719172096545976
0.8930607643849426,1.2854492037921328
0.9116797402868351,1.2451670797358978
0.8444418192270837,1.3764679563057018
0.8440387602281825,1.3654742443355328
0.8437643063993785,1.3605214666775627
0.8854369963922144,1.3075349277675394
0.9094941464151651,1.265152457872891
0.8819504259566839,1.3065053287488166
0.8357506071193812,1.3778929976330547
0.8532921073918949,1.3410290887372538
0.8092062710067931,1.4247276500878954
0.8707570541318972,1.3392390304718664
0.9194113531659416,1.2571267512951294
0.84708407291138,1.3543704485698436
0.8213576701567178,1.396248318257296
0.904240236247035,1.2706144250999802
0.8909557572317046,1.2915189374059115
0.8374437150169296,1.361434526235773
0.8215611915980849,1.3990468310534507
0.7942427616417751,1.4440534845847302
0.887682957556138,1.2909566158406116
0.834264658448719,1.3773450800132343
0.8799392405733546,1.3100077418029559
0.8406711317712492,1.3751140663824346
0.8256681243067716,1.3768778926941305
0.8171025127516758,1.4225636832827575
0.8658469730953653,1.3401591141859235
0.9025423837284747,1.2831702917621644
0.9122951568582713,1.265012913832594
0.9247511131202091,1.2698907621380033
0.9014277465393905,1.2825393240461374
0.9134475744022192,1.2629898811104983
0.8994342972900755,1.2644933257645743
0.855504274589961,1.3623580448742276
0.8871659245280115,1.3003848335333248
0.8689746192632559,1.3223516764451706
0.8517499979192376,1.3631312230697454
0.9063471491589503,1.2824944874165813
0.9730802794504361,1.1774237272016879
0.923037438478221,1.2368119868461918
0.8155484397960431,1.40612615434624
0.8571641295830243,1.3281409333578702
0.8977911763197861,1.2744220923736067
0.8415106124840055,1.3744368162694056
0.8804493157413806,1.318316137505502
0.8773624438856651,1.311752728855257
0.8474172019576456,1.3360177949401253
0.8335540767349088,1.3762263444656622
0.8670094478702381,1.3253164720097066
0.9080262169681779,1.2636164514141026
0.9140027245452045,1.2614693016532121
0.8226515512919796,1.40608788424285
0.8753154941655197,1.3133878241883108
0.9291284777189788,1.2370928067589038
0.8613655217830769,1.344960627165745
0.7935584393575528,1.4381564565856013
0.8870659433395478,1.2811338813580793
0.85735500763346,1.3443208937463367
0.877595377849719,1.3147730550493433
0.9018494023162338,1.2620570590344502
0.8173861751890767,1.4074001613630467
0.9656049433552414,1.185783274233544
0.9007019739594462,1.2939556382099877
0.7910317459021432,1.4717724860259187
0.8690655607240665,1.3150134734111516
0.8516608185967309,1.3421086707018632
0.819406859016651,1.418087683649326
0.8204796812436659,1.3984409917586225
0.8838054950706342,1.307404558376015
0.8618629574739467,1.340462633229071
0.8785750592650332,1.3049180274574024
0.8727613304400552,1.3353277515835387
0.9523109067206845,1.2018260457174599
0.9180883637549262,1.2647470721727498
0.8653364184151251,1.331932158748603
0.8603318680099452,1.3233757220782452
0.8743714988885083,1.3224167598243524
0.8980712272206695,1.2982483417954185
0.8570958653622898,1.356594069341244
0.8592235074289494,1.347833488964071
0.8712571539033205,1.3191494028337392
0.8775277329133908,1.2974888123847077
0.8348479790504448,1.3865658601768838
0.8172307002442323,1.4157939255371994
0.9103228788956634,1.2561570861231612
0.8740795981434699,1.3006762807183732
0.8782769067047169,1.308521654074352
0.8905355244785447,1.301160477413325
0.8366703449826138,1.3784010089279348
0.921111203166928,1.2378877009348328
0.852574106303384,1.3234302489623933
0.7981430595662271,1.4301727783805396
0.862115587263635,1.3179468172145647
0.8773944835317418,1.302678461224892
0.9490433511897758,1.2075124965171096
0.9200324204106531,1.2313354483991414
0.9152385816660351,1.2431018927291044
0.8538800055303417,1.3161909206168845
0.7998218353588171,1.4553608840439411
0.8425233748649605,1.3692500092594455
0.8187796942254126,1.394640452425907
0.9015635298201132,1.260562315529195
0.877586453954809,1.3067657647818964
0.9541933189048577,1.1978242391769878
0.8522818480820398,1.3625805685492351
0.851002735244156,1.365807012093987
0.9050354354804238,1.2706093288093028
0.8790805507868338,1.3219901794034263
0.9020143727535572,1.2916678247432003
0.8398891287693593,1.3824668112795988
0.8542050128366692,1.342248469568928
0.8472084163666496,1.3555763486094092
0.8671607522230971,1.31573125938337
0.8873844818028813,1.2891497945833685
0.8554296424489487,1.3449312203753634
0.874330488681226,1.3311294440491317
0.8636639820842944,1.3334357387877869
0.8788748504285586,1.326759304598916
0.9232642965345779,1.2417043207797733
0.9166251548415847,1.2448920768095135
0.8413060548138218,1.3764468249205302
0.8757789692388616,1.317460478964576
0.863117481971807,1.3110700247641591
0.8698198012079259,1.3437070941917941
0.8875316078896278,1.3282106719745201
0.8627245580095675,1.328544369116218
0.8449169620752637,1.361287669445535
0.8596230344068341,1.3460284444457664
0.8770568929359412,1.3114135610949516
0.834851119782148,1.3646876181078054
0.8496041200707816,1.3815990910105052
0.8669441918984515,1.3365124205664134
0.8987257516701324,1.2802638906563957
0.8683822242133288,1.329235754065419
0.8456522763629291,1.3621739157256398
0.8438920007894155,1.3590759058764945
0.84029582223063,1.3741934390063397
0.8857801219068901,1.2846658735614667
0.9023953708442736,1.270393786311958
0.8817915022787939,1.2967962934865782
0.8132061160364321,1.4009692710580621
0.8926082457647744,1.2900564091457554
0.8949850906504635,1.2727450287136965
0.8631364261369685,1.322677798438225
0.8822977291176786,1.3013887536632258
0.8974749419601828,1.2832999435908101
0.8864792535217407,1.3099984219287817
0.8748522051768288,1.323552891936724
0.873998087722643,1.316139705455074
0.8352422324997562,1.386988067347054
0.8777922493819386,1.3047769879651234
0.9171841662575551,1.2596804962239132
0.9031607337556589,1.2641817599241136
0.9202847609003983,1.23737603575895
0.9005958333243655,1.282519709100124
0.8573698998702721,1.343095781430201
0.8559949678385608,1.3507165159606054
0.8272278464823029,1.378117700966315
0.8847297008502562,1.3082739835585961
0.894649351297675,1.2793244521052485
0.8602032573644469,1.3427854816363132
0.8373035908503794,1.371698940008657
0.8311424994120882,1.3812467091909229
0.8522513399558473,1.3619708850026975
0.8781511750796411,1.3159736448407136
0.9200262921570335,1.2480125528256527
0.8389826817065178,1.3741139696327023
0.8680024401782287,1.3187025427595023
0.8779055293934792,1.3147901162310325
0.8460140429036962,1.3668074135848405
0.8958690448097937,1.259012165021569
0.8874765811713117,1.2701988279267187
0.9122037228895097,1.2567654584312646
0.9287244316809524,1.2458584134017952
0.8434161854966071,1.3530213514316163
0.8616385920395442,1.323991520044476
0.86436428208464,1.3477787399464094
0.7921789308902782,1.4387287212631006
0.8567118942199037,1.3335256696291025
0.8946520164156986,1.2806934698403574
0.8930601088814141,1.2937179256791493
0.79894134997605,1.438880999289553
0.896902551912218,1.2941729543022442
0.8466046428200111,1.3713411254441408
0.8563924047040967,1.3500804421425703
0.8521013971946281,1.3596936370367365
0.8571611647460744,1.3606137048874902
0.8928623804446894,1.2855000363013247
0.8025997714824511,1.4056707252047302
0.8319727614236114,1.3899384570681268
0.8628156632629433,1.330921860909456
0.8524265299622154,1.3423841322735057
0.8872083077350237,1.2875957674847844
0.8901431661275725,1.2936762230004797
0.8717726673334889,1.316474066358177
0.8814792657938557,1.2993954346396999
0.8212471926564191,1.399329978595071
0.8554772506146229,1.3431251454446809
0.8626937541139039,1.3337933124479016
0.8681613706121112,1.3199259517187656
0.8437235314684128,1.3523463077180777
0.931259733423224,1.2258883368399656
0.8761931200407076,1.323358004980905
0.8858798914108947,1.3148172716935107
0.830234536553015,1.3950218258813543
0.9027196328684166,1.2677619950984869
0.8983097051813196,1.2925798852415669
0.9311925347048864,1.2129274923495619
0.8507579164529397,1.3434792018852375
0.8663088028080659,1.3556018127972316
0.8284542800498043,1.4106124678973273
0.8568005893025259,1.3480315578417363
0.8557799477073553,1.3316851997845418
0.8404104416784317,1.3799391583803637
0.8957539553769147,1.2975364438088508
0.8569235457536208,1.3416006382824903
0.9163223555640709,1.230889147194818
0.856293391181786,1.3485284412800809
0.8550991696423953,1.345293945099419
0.9079921571893508,1.280819326487161
0.8800032125135788,1.3074892505564526
0.8944091225799631,1.2895441448205198
0.8258601474460645,1.3941808929071358
0.9005440796750597,1.2885882358837069
0.9269743104032908,1.2503945173754718
0.8977084605113224,1.284805419868063
0.9280539445034539,1.2219179239235407
0.8665592642105591,1.3413048508504877
0.9059209001744892,1.2629535328758963
0.8627959916288674,1.3326991333217455
0.9192136452224753,1.25176539788708
0.8636342081772279,1.323664914901916
0.8517630452316771,1.3443418479200064
0.8896801167628394,1.3019571824499663
0.8757285625830398,1.2993357041474203
0.8526812356176448,1.3616953122616857
0.8577825271075679,1.3399623246859673
0.8921983061850043,1.2922020847159579
0.9326371821337074,1.2351087293383363
0.9166960570641425,1.2421936973313126
0.9175773362545083,1.2536189693255593
0.8032069029900213,1.4508432578711556
0.8410003350886266,1.353024772385498
0.8743703313660698,1.3215595007343477
0.8601924333442057,1.3212606355709382
0.8872083077350237,1.2875957674847844
0.8518456060868387,1.3740473875775476
0.8277048448252826,1.4021034180703489
0.8721734419550813,1.3105762846217301
0.8457642653951769,1.3519888375691047
0.9328544671501267,1.2335456295417362
0.8572604183415717,1.3332208325133532
0.8544932496357658,1.3602175811599386
0.8532932745737734,1.3321113268186158
0.8628713098169847,1.3231728877334366
0.8269287295763146,1.409145166020706
0.8282595585900927,1.3899572446919046
0.838661678435924,1.3695132357060158
0.8758819110942861,1.3248109339766645
0.8792328743572675,1.3215492024882258
0.8621008279628124,1.3144154135611432
0.8819041678107833,1.3072030877398435
0.8860471264953802,1.295776716502504
0.8988951167042785,1.2766006633521896
0.876763622332192,1.3130709676620815
0.8933539921828335,1.2767427923425023
0.8399733253202883,1.3818954406992594
0.8257381160689732,1.4035615432846644
0.8168625563807879,1.4184877407465402
0.8538518827146921,1.3375677215488546
0.8211730493780476,1.4016512351897226
0.8714343441369929,1.297027884079779
0.8199381339601162,1.4254575799413647
0.9194812402654997,1.2643083846322603
0.8270180781538607,1.379966830076485
0.7944169983047955,1.445694876944443
0.8810032983098732,1.3057064480187373
0.8618661183917027,1.3348530605684088
0.8678355378240692,1.33490772918468
0.877526221647591,1.3273504260930111
0.8963709863485338,1.2879481286814123
0.8955574749270536,1.2926499015719437
0.8531556491002523,1.3485864209213467
0.8761364500620947,1.3069200139544455
0.9101480142468399,1.2601117178132213
0.9106216903719284,1.2871741253838689
0.898148964520513,1.2764743573824562
0.8399569440862833,1.36616798744796
0.8872183893241812,1.2979459619446085
0.8794918120746873,1.3069851253284024
0.8825224509687577,1.2925193708087013
0.9047096924055855,1.2742948407341212
0.8586354457191385,1.3513399699028914
0.9333147260001642,1.2264357114993945
0.871485567483143,1.3021327164553909
0.8707641427653197,1.3419446477263504
0.9016214897220041,1.2792482474993525
0.8381932252230371,1.3805433442841177
0.8515311180537757,1.349080110869853
0.8523781278997531,1.3660502955613032
0.8045845144237072,1.4414420304701694
0.8750591399578136,1.3012484595668932
0.8901044822678039,1.2973964648831302
0.9230309281312732,1.2439689725805119
0.8524176934239975,1.3491918635543616
0.9146866139787229,1.258822597155439
0.8185421138496831,1.4175232758646914
0.9223726349433488,1.2451283419575887
0.9446042194166746,1.1971952667177568
0.8508993899521078,1.3649443003639083
0.921741932954256,1.2175183514287724
0.8213296045860623,1.3999640817949595
0.9190002485967044,1.2369996999592898
0.8422267317316954,1.3685636019525542
0.903776819514734,1.2655411732501751
0.9276172195325143,1.2158146167806037
0.9391042693985849,1.2357945823818388
0.9579012493809724,1.1900543629627955
0.87140701286166,1.321495505130429
0.8533394222841715,1.3575121787145938
0.8756688859477872,1.2946453242376312
0.880019905960219,1.3073586349239243
0.9263793664533879,1.2336519904921959
0.8455419901140246,1.3823276740322552
0.8458651871744198,1.3429605709903458
0.8540888914601494,1.3394615386597326
0.829655255905827,1.3930951637325188
0.8763734218765709,1.3106136525653305
0.8460536193097132,1.3493198175908894
0.8341261612700765,1.3866600848049444
0.8522697353277591,1.358973911930939
0.8833710879318648,1.2974775251257564
0.8241556900495322,1.4061641124665718
0.8328700872520876,1.3725120867322074
0.908920006189833,1.2750899816411445
0.8762804987997281,1.2982059334018723
0.8923855051645244,1.2969944933051307
0.8190884307231439,1.3806574729476697
0.8848370420980443,1.2962584562754915
0.891525395485177,1.2796826518516655
0.8515397500648902,1.3558197092410125
0.8658652443584971,1.3292434093093457
0.9076121652362386,1.2760822483226761
0.8596196269970766,1.342405283801133
0.8956743691221938,1.2848215115314563
0.9127772141191794,1.2437524056321794
0.8786092759143391,1.309441938264484
0.8440400897227225,1.356639716061106
0.8273948025052402,1.3840836452330314
0.863567720491863,1.3250078855783816
0.8859589202350884,1.2920920115452268
0.9370387682957042,1.2215279044090235
0.8544720055945041,1.3536187157312474
0.9483704249366431,1.2198175301482717
0.8714877490059272,1.320806286036373
0.8503427022148837,1.3431205499944494
0.8439710267265343,1.3532017003666321
0.8591018550403542,1.3397151547678647
0.8428947296391722,1.3617643537772257
0.857875477805855,1.346662230080488
0.8481422181737399,1.3714885268900745
0.8505748039192278,1.3454736260184312
0.8323222466739075,1.3719040776721567
0.8898777143229428,1.2805874647074076
0.8603881884178126,1.3181399670707303
0.8573477297516374,1.3401350463512196
0.8658694807767964,1.3197608434215808
0.8662959003598529,1.329604874901857
0.87140701286166,1.321495505130429
0.9210128870484224,1.2359140935551391
0.8762670032984563,1.3188014287150627
0.8763001796869645,1.3163472639312397
0.8364789233123031,1.3746598689999234
0.9189861346391239,1.2575768912792815
0.8575465802624553,1.348050395868618
0.8716843819452404,1.318862123715611
0.8519256447408974,1.361930799629638
0.9455823374661672,1.2211743320253405
0.9548778006287981,1.1854868590992564
0.8228450348380736,1.4084594243693331
0.8311387667391597,1.388703843362742
0.8752352146711317,1.3305019274642813
0.9351692353561811,1.2358810135043101
0.8523846446300156,1.3419238180757176
0.9083190015869589,1.26890010517722
0.8682963882255181,1.3252743932837194
0.8892685467282406,1.2838813430031324
0.8678273946007797,1.3357189034493044
0.8809316335965061,1.2909614452542324
0.895114334126377,1.2686616734724763
0.8988951167042785,1.2766006633521896
0.8352109020741969,1.402451831110483
0.8759494549904174,1.2933923408994552
0.8815084481687874,1.3114000148805434
0.830890951719476,1.379503067581922
0.8597115481840478,1.3596741403509607
0.8755076061902654,1.3089536502560368
0.8714388222344738,1.322151970486683
0.8394918337964097,1.3746430999606714
0.8913105899912985,1.282869358861534
0.879686281827039,1.3176002138910272
0.8789219051037362,1.2826299951574693
0.8411611607489069,1.3807571547246003
0.8535954002348782,1.3540849726032629
0.902889203853926,1.2599731999820465
0.9355237128968232,1.2281246768681569
0.8810761183786364,1.2936272561252877
0.8651716863933614,1.3161576236167818
0.8973213503708148,1.2884383003365116
0.8960817719089711,1.2961180620077166
0.8223089210022576,1.402512664576031
0.8974853895320027,1.2772586349934112
0.840049702347414,1.3534725721093328
0.8441121591612972,1.3488421655057985
0.9044806153801537,1.2861289639699542
0.8969154289675536,1.2838909204945073
0.9507988189419996,1.2058823088912165
0.8686403168382597,1.2991568559271254
0.8693784274181915,1.333354903045686
0.8739637326262082,1.3160997810772153
0.8681095760986837,1.313534683470547
0.930283805827157,1.2388094524272268
0.9017873339161444,1.266913162760342
0.860305559832309,1.3196622246034484
0.9567932684925031,1.1914564645761856
0.9202863840385034,1.2354114343034686
0.9195620404268712,1.2324370915719236
0.8108215195357091,1.4470726280758386
0.8539503714893715,1.33917330070926
0.8306968484227268,1.3847191388848192
0.9249016253557614,1.2399064772569173
0.8770256620567631,1.3042811077323944
0.8259334635593623,1.3869810340845639
0.8772802118269272,1.3166999815578866
0.8463506228929325,1.3728768683062822
0.8828542692507171,1.3043633476535055
0.9461361430516328,1.2003376187963235
0.8539624635710392,1.3576118140223015
0.9072803581479969,1.277023247682433
0.8895996609563674,1.291206845683345
0.9009946159641586,1.2660746062527701
0.8394626453225709,1.3729396458873622
0.8521427209026939,1.3421665356846149
0.898873610060611,1.2672922596744505
0.8239364920584471,1.4020743074684558
0.8373706886418779,1.3805271703140432
0.8817048930504663,1.3047458895334585
0.8258822645229835,1.3930538333001197
0.8763001796869645,1.3163472639312397
0.8948915816776237,1.2923419121567599
0.8121135474352537,1.4257399812753346
0.872849247099313,1.3058858472433277
0.8949837233362081,1.2916403217296646
0.861602711585409,1.3451695462013584
0.9273098642884889,1.2246094942735797
0.8397449580665057,1.3713858951886606
0.8206835529549064,1.4080189598205148
0.8391303319546641,1.3799555923270248
0.911731435537241,1.2630253415742672
0.8661647689153411,1.3144745230872497
0.8541691607287631,1.3588603113774456
0.8426213388695794,1.3584125029870069
0.8993729824169285,1.2754561773509006
0.8469702249896405,1.355588399274299
0.8474599959461757,1.3515421711811115
0.8343920585154216,1.3881345609787885
0.8370167793151346,1.3891895774637077
0.8418501316684679,1.3519154025124696
0.9194310364594078,1.2437010668712036
0.9153605383782619,1.265158076953375
0.8815095232179528,1.3219323085543655
0.81433656968392,1.4152420499625369
0.8421065652754167,1.358533120811061
0.8312956363355519,1.388919873749465
0.9207000318574423,1.2358261621070605
0.8467959927821986,1.3537197836619972
0.8037493675922465,1.4586413918424264
0.9256088119735544,1.237901770371222
0.8851092887468102,1.3057352424654518
0.8102471270798979,1.4363737847046965
0.8556111336304923,1.3512781750815461
0.9055230290245255,1.2812618687661912
0.8638170140225963,1.3332905044545207
0.8407628698160909,1.3789643885404719
0.8821234592099549,1.3069883754607512
0.853652639414886,1.3731277329715204
0.8930223821214727,1.2752370541979565
0.8677547740926232,1.298968225690772
0.880648283362147,1.2796031298944974
0.8740251534794019,1.3295966481909876
0.8194866189437251,1.4195770765343905
0.9341167881073744,1.2307299473541005
0.9216002742716052,1.247346840823142
0.8787389398325378,1.2997145566701787
0.8570142250019621,1.3474766391527728
0.8209601767247772,1.3889857839370316
0.8838309554463437,1.2908862303465756
0.8798275663270145,1.3006019846414119
0.8823613502101597,1.316137475391253
0.8511241973867627,1.352737585795134
0.8409559970703022,1.3712823567747638
0.8513624102040336,1.3567021780689958
0.8429961928786931,1.3952508769358005
0.9412212640655375,1.2261261066647258
0.8778894223379963,1.303179812946267
0.8380126599865538,1.3983539322122127
0.845054671431011,1.3681622180086366
0.8730919158938317,1.3159784499517557
0.8842646697661347,1.2965444068476681
0.8613858532909446,1.3143008277096626
0.8485601677978432,1.3521124745330078
0.9570912089145565,1.1985464498601301
0.9231289531726381,1.2391768587697292
0.8265777929265192,1.3725055788632035
0.8769288065273055,1.3122353538884937
0.8445657501249153,1.3665137027976089
0.8589353872323813,1.3220013768943928
0.8237405628587553,1.406930476489908
0.857829841077421,1.3480685904147427
0.8986612583380984,1.2916542227645438
0.8343792115171733,1.3607492854157475
0.8739470692742211,1.3316119156449975
0.8985936558705794,1.276689557334013
0.8476389425465536,1.3588392469822668
0.8533187228152233,1.3494876032631558
0.8625569560105892,1.3383632597498805
0.8915589050500705,1.29921611536753
0.890306423077518,1.2695392028217551
0.8621725040921318,1.3525305917621706
0.9077374665725684,1.2877952041798895
0.8409644574703756,1.387543559258877
0.8634866246836184,1.3276582781235178
0.8753647377055598,1.3483418832110363
0.836033612289053,1.3855687480578522
0.8896613671559968,1.2903731472948705
0.8490667650131882,1.3626767963848403
0.839194063824219,1.3831095724174212
0.8509655053523228,1.3652520988391867
0.8861105581108895,1.2997654876965228
0.89739325768854,1.2866631690943031
0.8392245290849398,1.338366297254942
0.8579075015837854,1.3498176535560686
0.9076885295132997,1.2642116545635402
0.9122507649297436,1.2558265210230144
0.8068029066047819,1.4122513026102137
0.8823252970877207,1.2893315680071384
0.9517546399952734,1.2060916829927406
0.8848370420980443,1.2962584562754915
0.9456879491223813,1.2189100918117015
0.9032507002250805,1.3039448240726395
0.870736037137013,1.3272414028586905
0.8372102479865104,1.402973119275489
0.8594676336419689,1.334188575765544
0.8849392552167503,1.2650961398453042
0.8508397118206792,1.3642237202752436
0.869778571590621,1.320410732751928
0.8113133262529588,1.4187859839439128
0.929856739755514,1.235883579192342
0.8549331688667718,1.3495296619498967
0.860066438396093,1.3414578695264596
0.8529136947987068,1.3484575600151927
0.8523405935056092,1.355845754045769
0.911567268199307,1.2650874028934262
0.8111394539083758,1.4316803341428057
0.9248554967804132,1.239356131726094
0.8476118200235052,1.3431175236051163
0.9287194625825916,1.245927397735019
0.8932758904664719,1.2883073216224301
0.8320212607173114,1.3711306324555073
0.8240079139476719,1.388926412992115
0.8780212972485821,1.3034949532244655
0.8787740516579396,1.306438688036972
0.8288511791397954,1.3857921605459442
0.8432883530945761,1.3619462560726903
0.7956207817438312,1.457093652784762
0.8381932252230371,1.3805433442841177
0.8474115614972972,1.36167252971751
0.894448178129609,1.281590781936224
0.8959773621580498,1.269067488578072
0.8661523773335673,1.3320411341045832
0.9086191357151068,1.2567800688968394
0.8032715702888422,1.4674279830132089
0.8937828767838203,1.2907597612319053
0.8486895030146957,1.3619293309613745
0.8985744323159244,1.2841353135082076
0.8698262095364162,1.3188468413353516
0.857650374506749,1.3364009892567488
0.8544776259322171,1.3602539446386817
0.9378042961499469,1.2106196515539562
0.8477313438510714,1.3430984070711747
0.8771958534311388,1.3135628627944944
0.9203377358057574,1.2465755194178498
0.8474556695096516,1.3484043189137198
0.8978283182787787,1.2779935523557504
0.8475028016250108,1.3459034516385007
0.8889286716859874,1.278683617490007
0.8665313574155709,1.3140169047588417
0.9444759108727989,1.2153351854380263
0.9008478160431277,1.2874830321853385
0.9887944465607383,1.1444824170301693
0.8082225501291271,1.4378824914881898
0.7745670607413733,1.5006581972316961
0.8696726851813827,1.3261695504407234
0.9250382617360351,1.2462556165921497
0.8374444883951706,1.372564903481886
0.9236801479662142,1.2587947871656553
0.8671173447718259,1.31895503345717
0.8239795694733445,1.3837348811488286
0.8381942963288616,1.3776498915348152
0.8786068591127101,1.310967943871979
0.9498634912863972,1.1896135419125085
0.9566376397324061,1.2051142181507903
0.8829471295231495,1.2991504011734374
0.8833143735750835,1.3022910316737248
0.8810755826480405,1.3015257913793543
0.8887688557317794,1.277180909413459
0.8670723083295195,1.3158743719126427
0.8976508889948154,1.2697549535109995
0.9528993246665161,1.2079902448453215
0.9095509895009013,1.2743726172052512
0.8818913853743309,1.3221903793815464
0.8453645383723778,1.3553656928317714
0.9119560026050686,1.2598282625996955
0.8460526371057764,1.3788883661250448
0.8786201291624187,1.3147213036214151
0.9713519126633969,1.1805851874940305
0.9020143727535572,1.2916678247432003
0.8917540514595905,1.2892260857609
0.8872137617039257,1.2972464899808747
0.8950826435925181,1.2830022737105138
0.8278227936349896,1.4001741079907397
0.8601147266426541,1.3398683158023619
0.8961017393889665,1.294376344011579
0.9051729344781536,1.2820768146505168
0.8963318364734423,1.2904625482962349
0.8949074548010816,1.2844791622808622
0.906323689613229,1.2685848365372763
0.8988079175083625,1.2764411919614425
0.8977276288535014,1.2851094588606256
0.9019627929076777,1.2746705170054713
0.8780166555728617,1.3140075533252724
0.8388274389759882,1.3726516612740323
0.8238079364097062,1.4000415463597908
0.8535330270874599,1.3435089763209338
0.8577802712704103,1.3338181015448207
0.884791493341401,1.3115938016705058
0.8955709239130416,1.274432826246909
0.8548567845195909,1.340796226076107
0.9573219434264859,1.1958927217168847
0.8427765408214649,1.3755323055289064
0.8743521555112492,1.3253258326666253
0.8767121922649954,1.311047547012355
0.8307949307639864,1.3885702895122642
0.8036921744499412,1.4280569288781666
0.852231707201416,1.3614688092761815
0.8651079126016916,1.3421862776918358
0.8597702009905457,1.3478442781942
0.8889915843004121,1.304677810102034
0.8848681684864659,1.3056813933577986
0.886659989212816,1.3140093339069934
0.8602490106323342,1.3480928597147601
0.878289565243032,1.3039473881537156
0.897780462539115,1.3052536118790146
0.8872641188028345,1.3144616262666238
0.8862275991225259,1.2840310581921646
0.8715329503684714,1.306953658076755
0.8661523861564833,1.319115032961735
0.8966722789633932,1.2935967136991016
0.8070600789592957,1.4252047406702806
0.9616212534905795,1.1924378090515326
0.8828283769065446,1.3086478647103592
0.833559409003438,1.3939196540217558
0.8200578130050178,1.397239556477297
0.8465396524301014,1.366584772723716
0.8586677323638745,1.3592884311227327
0.8846658812930903,1.304264427460303
0.9040496151358146,1.2537689277148483
0.8632764022412955,1.343383941170169
0.8892685467282406,1.2838813430031324
0.8561193628302741,1.3363667669303014
0.8567742436827108,1.3463070473640717
0.8378528925207465,1.3827013960507846
0.8406697011657667,1.389926148490447
0.8581978451067078,1.3417644880777388
0.8543793564161091,1.3526157393009661
0.8575161611045305,1.3607794043294605
0.8572527336960847,1.3259277513590502
0.8305192844421136,1.3865839892938177
0.8879156002799531,1.3013771902819318
0.861655713133541,1.3473103712333918
0.8952225967138774,1.278896757915695
0.8047794372806212,1.4142428700339291
0.8374942462796604,1.3980327840245779
0.9218176823870645,1.2331252430461916
0.9002775710968676,1.2775822864299238
0.8993496518893733,1.29361731385788
0.8914850055661241,1.2768005438976358
0.9291723376136052,1.2259840873406258
0.8755957860940757,1.3232126706801908
0.9071475453290663,1.2829327186581276
0.8178450583965564,1.419381098828196
0.8418587401001354,1.385463741165913
0.8553090353900055,1.3264858582029095
0.8669609041590232,1.3265320001229723
0.8936549758919177,1.3001295209599077
0.824879523498423,1.3869180558476686
0.84527906285135,1.3726206031694732
0.8947566032747438,1.278908004554709
0.9095404461334471,1.2558667369272756
0.8316611017502116,1.3751267848665523
0.8334812412132286,1.3967408428853587
0.9685599111379453,1.1771691937724895
0.8629559723364284,1.3258882597683743
0.8379682905145662,1.3681696677260977
0.8654569582909073,1.3326427002519412
0.8495145317070756,1.3681481209071227
0.8317882571762394,1.4010328766043165
0.8828255670877962,1.3160254823338386
0.8936549758919177,1.3001295209599077
0.9148784084079764,1.2558219062021196
0.8533394222841715,1.3575121787145938
0.9292218300072539,1.237592114797586
0.87484642314664,1.3273399556670922
0.8380398306754739,1.362112570247037
0.8863318383433785,1.3124688463819143
0.9035209382086797,1.2885395908431818
0.8621479153962126,1.3294282398838317
0.8467539613901032,1.3692279612958005
0.8753935594846136,1.2937117217643788
0.8677902539826403,1.325710894526022
0.8786076982800752,1.2829001985034667
0.8710060398397477,1.3056764548710622
0.8541937655591956,1.3543217515202124
0.8655820130937406,1.3246161864411832
0.8716910888516314,1.3277681266278765
0.8414901671143611,1.3490321956041027
0.9192136452224753,1.25176539788708
0.8683241045119674,1.3149533860632898
0.9155458485341461,1.272754110005127
0.9252852530748705,1.2341309728574634
0.87127698573412,1.3201622124794543
0.8841798178040838,1.298188471402994
0.9138120963282537,1.248022724145534
0.9250749185415428,1.2373356085758636
0.9033284632837033,1.277636072462556
0.8518226282142141,1.3670699080209832
0.8324632249669579,1.377331900209372
0.8747587357454065,1.3234769550550476
0.8967432858777011,1.287661775130845
0.9235727952003745,1.2431812911533309
0.8704258446043203,1.3153146129050075
0.9052669842990182,1.2621321201426263
0.8300710283189585,1.3880905937825443
0.8862914501943904,1.3000658721308596
0.855705854108163,1.3362518593072574
0.8658322413757333,1.3096627358428183
0.8965747125410506,1.283278279542765
0.8784425381526539,1.3152100037896302
0.8288328106472056,1.3878896038204012
0.8525650992178717,1.3509271665611784
0.8197792194319782,1.4050185339182408
0.8485098643903868,1.336265123859248
0.8910496351149171,1.2861999233575496
0.9047153657959459,1.280809879102626
0.8336814080301205,1.373787625589907
0.9390116431969762,1.2231491176868794
0.8048630512684192,1.4172494548726398
0.870431647634416,1.3364805984474262
0.8808365691652993,1.3015731160148134
0.8763481415075842,1.3032838981175061
0.8708358881729878,1.3190266365648702
0.8613944886523612,1.337242632907251
0.8636638704475308,1.3191316176562762
0.9053519569818183,1.2705901264013455
0.8807690172345042,1.3042666140010652
0.8815045377299928,1.3203299387490954
0.7982833850588638,1.441015717825919
0.8526551756212133,1.3551049799368424
0.8401404077697057,1.3710427125249205
0.8757445537272568,1.3128356193286477
0.9183686174048609,1.257667194040548
0.837039645545232,1.3675251996379518
0.8752593098158605,1.322201769967518
0.7867854481270384,1.4544924389084573
0.8420103582610838,1.3885606288441494
0.8735921429777009,1.3283943832046876
0.9224202697668991,1.2514276850671975
0.9007778810710196,1.2663482892297258
0.8582727326999033,1.3251301845717556
0.8908114492934402,1.30499649079349
0.8512231205957761,1.338270287199653
0.8121377328528041,1.4234939196768859
0.8661797213956797,1.3440345034165146
0.9104632538640691,1.2552194001270798
0.8552910469050905,1.3417989362154281
0.9072442722351068,1.2774951352045705
0.8655069955861012,1.3247605039366164
0.890676907043626,1.2878335352958674
0.866072996268141,1.322437642776898
0.8755087882640036,1.333393585489728
0.8501421223198193,1.3643130017588587
0.8481439064351954,1.3664104371819863
0.960118436083726,1.2053416723295103
0.8770686784034643,1.324956110304102
0.8531722099060779,1.3603419869110787
0.9627207510799802,1.186721403298675
0.8270683753521404,1.389788021906778
0.8616066986889492,1.3252877087409363
0.8562122831156531,1.343757144834132
0.8823418958704996,1.294283969294966
0.8856409526285451,1.3008081750362264
0.8761268894033307,1.3176820457774479
0.8432985603659549,1.3473764170178277
0.8274733905193759,1.4031375748756356
0.8963722805536909,1.2911986710913022
0.8474457197992626,1.34931838005525
0.8420379142624612,1.3757114238580344
0.847522794165205,1.3526110447972937
0.8587274257487778,1.323769407391678
0.8308444799854358,1.3655064318249759
0.8839662816291052,1.3169566335405798
0.8584652093016856,1.319029969209632
0.8331327628351148,1.3833858322975636
0.9530910230740532,1.1992327606559126
0.8083687852324579,1.4244441915407546
0.8409026363701699,1.3634091840799272
0.8334022761018851,1.369006259420419
0.8754564447264122,1.3146134908352674
0.870277806701176,1.3055916208767202
0.9620062160829903,1.1844181296559875
0.8404526746810088,1.3758057262351695
0.9141291371658675,1.2501965570318443
0.9127877471513794,1.2552876737350067
0.8874596325079505,1.2787999819049163
0.819527150809678,1.4181041939349472
0.8736285865853453,1.3223242139029754
0.8402659288404257,1.377300307440432
0.9033882463582674,1.293116294588218
0.8968143001387379,1.287774390668563
0.8591263207740145,1.338522283695036
0.8715180908368296,1.3114470831762863
0.872899386260185,1.3258354524697757
0.861629079362237,1.3334827247648031
0.9134475744022192,1.2629898811104983
0.8724464313529259,1.3145501344482262
0.8670978172742694,1.3323417904597603
0.9051493618983517,1.2497007326385197
0.8270584729365063,1.379871748531678
0.8726342193749399,1.3063907116016598
0.8085052051383059,1.410448627897736
0.8628335551358723,1.341320405888093
0.8859050094078642,1.327814190099228
0.8551861953206645,1.3474618319391007
0.8250497345769616,1.4101996890307191
0.8995904423654109,1.270374954327488
0.8290047821405457,1.3955452883917048
0.8784134575205715,1.309379740731246
0.9260308561113944,1.2351385297990989
0.7962691673590874,1.4346436122051378
0.9074059930293397,1.2682422581092416
0.9535807160717913,1.2112040894357081
0.9231765125689948,1.2300969061632299
0.8793487421132966,1.3115770197856282
0.8494409764158048,1.354502683327944
0.8808526543652662,1.3107446341788491
0.9077304058479945,1.2642304580650043
0.8508397118206792,1.3642237202752436
0.8670816678089823,1.3222495621738586
0.8308981022483002,1.3820546004243066
0.7939982335183611,1.4294573774291637
0.8498619442661717,1.3348435530489051
0.8974749419601828,1.2832999435908101
0.8697324141883882,1.2994226547008743
0.8133593778108648,1.4235579666799412
0.880793400244666,1.325026829914533
0.9115409889493185,1.281648131446893
0.9135686523617284,1.2662425813268487
0.8666946948381775,1.3237417745188236
0.876104917788876,1.3148122553576667
0.8830230453854051,1.3031475604792209
0.8971151503922903,1.2714855388308364
0.8466859128540745,1.3521432463483902
0.7997439955929593,1.434094521488758
0.8345735999076174,1.3921627361367428
0.8548657347516946,1.3391525153262744
0.8739083588246315,1.3066192860756827
0.8434256680013299,1.37201661708235
0.9002209247331565,1.295801947576103
0.862213335951149,1.336451623259858
0.906340870337033,1.265537948103256
0.9636173447537777,1.2000735381103935
0.8607356031547801,1.3489548807189762
0.8988904468660788,1.2738538892831242
0.8345903238036365,1.3744542600212648
0.8666990311692093,1.3174528093215234
0.8368806275377956,1.3970555397384803
0.8942572356702956,1.2829621301649954
0.8238763261241941,1.403142673322297
0.877910768900541,1.2879768096081803
0.8639706855889915,1.3085652805737813
0.8752411919482042,1.348820901875953
0.845664452740994,1.3725154524860486
0.893816200614481,1.2844847494191065
0.8680824166522432,1.3373926072770894
0.858764365231204,1.3250776051891753
0.9116584638327614,1.246382531237367
0.8421298397341079,1.3737937588951863
0.8363637318705772,1.374638652335715
0.9052640566236283,1.272703761708799
0.8360095832978025,1.3697305198115974
0.8725015548361723,1.3195277360996278
0.8581697884688375,1.3487982099717482
0.8497182568297768,1.3579376842587059
0.9042025342062994,1.2657396533894165
0.8658402326339121,1.323897566369098
0.8924521878456255,1.2814348171478498
0.8683419759011868,1.2984039286241562
0.9409716848512157,1.2059281500180596
0.8735767005808412,1.3396788247140423
0.8860272511223835,1.3094778971835241
0.8087059021990493,1.4298210033424665
0.9305398582310482,1.2142245961555913
0.868398152577843,1.34048205198462
0.8515175165955446,1.3590429203867407
0.8981832946702022,1.2903065650341012
0.8033233192499969,1.433501690236727
0.8646200528938606,1.3302584912245026
0.8546790181654558,1.3706854232384362
0.9078139966122161,1.2668703073146688
0.8739801120007049,1.3045197496137089
0.799155351889768,1.4363556628995309
0.8829439951810398,1.2882328759131827
0.8972948960873,1.2806173551003472
0.8566604944481293,1.3604698649514977
0.8787740516579396,1.306438688036972
0.8111217046935981,1.4423074015274373
0.9222210957228851,1.2434321752806166
0.8051115575649423,1.4450158582879906
0.8948483096030775,1.2900007277041834
0.8982849224217466,1.282474321467008
0.9016394778475649,1.280368591787064
0.8618714106924019,1.3284712392081308
0.8688492711446096,1.3118040616362119
0.9106471042178623,1.2489680676891728
0.8069022803490724,1.4432182636567292
0.9405863387270967,1.1988047337562282
0.9236126412006405,1.2423836808149755
0.8204214627143187,1.4058810209578596
0.8507271500544464,1.3364657989877
0.8581948637098982,1.3513353521449274
0.891724956146273,1.2929216622748478
0.9242003419843963,1.2292344287184795
0.8378540844108757,1.3730803552376363
0.8466217010090362,1.3610017117967534
0.8616451969830261,1.3419900437913717
0.8831941279618014,1.2967081538469771
0.8736615831557208,1.3075161342895247
0.9049829110032463,1.2799023507987752
0.8794135594889303,1.310724676218294
0.9217998565627616,1.2246068710133207
0.9319381026617981,1.2355630212392972
0.9098927251488511,1.2521458503646201
0.8896953964171301,1.316443828798498
0.9115032021885365,1.253978709514667
0.8248285527978936,1.3868731759923143
0.9159618507407543,1.240721612181884
0.8885271277838183,1.2951204266848406
0.8701394551914665,1.3182580282166099
0.8920847344259173,1.2925499600476802
0.9275690051254943,1.2355076220353078
0.8872298719971208,1.3032840817324232
0.8976969341053167,1.2755438355340174
0.8343749942970378,1.3800453789589375
0.8037313494573426,1.425839582557217
0.8903835320561413,1.301700499484186
0.8298444811049912,1.390012944264381
0.8713919119676239,1.3162935083374296
0.8696544822730181,1.3332032082137188
0.846961966885516,1.3494893681899411
0.872732287006809,1.3324070546269515
0.8429424974790465,1.3636318403305685
0.8717882020104495,1.3131426802823258
0.9131760581031863,1.2376671264849874
0.9350137256632236,1.2214521317978821
0.8533898881239608,1.3405231995416238
0.8996050425880753,1.289679921143833
0.865411860437908,1.3420794544274417
0.8406717224023679,1.376333379108193
0.8798970264349169,1.298664499392962
0.8950555455114182,1.2958556777144283
0.8890225264295608,1.2960845541212656
0.8140369453694467,1.4098775391702651
0.8141992079920333,1.4331670030315873
0.8984445903580811,1.2956231034254901
0.8455758641121278,1.3505172937080445
0.8675990708110499,1.3156640143828413
0.870277806701176,1.3055916208767202
0.9024001245940454,1.2746808561017091
0.8166190549167498,1.4166115071075889
0.8487518847472197,1.354980217759769
0.8723667104114772,1.32597493457822
0.8635235550339111,1.3289609063712742
0.8376291369804709,1.367826881363745
0.8935705100325937,1.2854716414211633
0.8813381977117314,1.3037813133042329
0.8987805862726312,1.2965892303606814
0.8817708588329887,1.2930307427221752
0.8818731563452968,1.3050837476450345
0.8934624083752627,1.2966280792757234
0.8742315916791268,1.319997429336752
0.8726448264367113,1.3307938293393766
0.852712192589167,1.3372106812190738
0.8102834110117001,1.4214776340940278
0.8594020770012167,1.3269303779821835
0.8515498376140269,1.3504527388635335
0.8319992164072145,1.37712372366497
0.8720122792352278,1.312309316097079
0.8400566325516776,1.366505606962306
0.9156776547597352,1.2564881562653867
0.8637724531197424,1.3253763504144438
0.8693374443123523,1.3469581795916457
0.8737935981878675,1.3064227116694047
0.8801921676514917,1.309324669835407
0.8778143887980436,1.310549608864665
0.826826026310266,1.4170098942947826
0.8221249693566886,1.4164995066872732
0.868365334177569,1.31587622055148
0.8682475559570355,1.3229521842409493
0.8721632739581515,1.3210680207472911
0.8843487578228981,1.3040567734274675
0.8461999218783336,1.3482678294008363
0.8522735584440084,1.3493222994038572
0.8637633017993407,1.3297576874386041
0.914148289199112,1.2503913045785116
0.861554064451991,1.352726546107018
0.8480312371244658,1.373796471210144
0.9248261285315098,1.2435696068852782
0.8806744042816341,1.3003349767514596
0.9093749691273756,1.2581146673051589
0.8253945170944275,1.3930092159513707
0.8773535625704536,1.315780280686476
0.8852364535760073,1.2960547652229097
0.8800717235731843,1.289564261372333
0.828553998483816,1.4038693157178035
0.854174128201656,1.356435894704676
0.8650586065772718,1.341397771006407
0.8342744615536972,1.3865258433193304
0.8658694807767964,1.3197608434215808
0.8794504633925393,1.3177038086226893
0.9225821541501595,1.2667066216076455
0.8264548930399811,1.387371005958827
0.8882886822400504,1.2987433348939459
0.8793831783599069,1.3112661584936374
0.8935281048700394,1.2721272923226652
0.8913361050127941,1.2993160052585242
0.8589465662433251,1.3478368055960464
0.8965766443155385,1.2786805093516604
0.8096480449538717,1.4431342392085633
0.9215599800285179,1.247219595620965
0.9048397301040922,1.2647503266354203
0.8910476959784221,1.2903768226418384
0.8888461673939099,1.2854716223592733
0.9030423367352707,1.2727131705408505
0.9140186712960654,1.2457291753219655
0.889362818317333,1.2970135852493168
0.8983145965015316,1.2813570340419658
0.8539590019839443,1.334087795780904
0.900729551753467,1.2784091867448661
0.8806989026577867,1.292426921031721
0.8596454501970181,1.335616312307892
0.8376957158510896,1.3631764857190596
0.8491104623927919,1.3545862869025334
0.8691507425212832,1.323233876490552
0.8729088146785762,1.336124897324058
0.8267514925107131,1.385471152997395
0.8834092791007646,1.2967115649002128
0.8161825875590003,1.423803270073161
0.8543906547254188,1.3623250274261736
0.8599586589659125,1.3156008368848673
0.8568455550191214,1.3402056779333227
0.8912127249214008,1.281125291171217
0.8777222558525366,1.311096470007921
0.8196169953092023,1.4186511274071798
0.8675634467819373,1.3114644444642638
0.8859257469454904,1.3061197561991336
0.8503422133369993,1.3567093056188857
0.9144285814017798,1.2588942867322548
0.9077316656880325,1.282403277292881
0.8665897479749385,1.3328432580680591
0.8723214732533504,1.3342689675484083
0.8870518858109775,1.2984450452956466
0.850252282719014,1.3612036304448338
0.8877400621362515,1.2860729101754076
0.8358897713280002,1.3869198983983322
0.86897083718143,1.3279117045227355
0.826646163148208,1.3777075788941229
0.8760755835057739,1.3085312736020043
0.8118466370157349,1.4089329379929052
0.8969876296065225,1.3014584976523953
0.8579205407658661,1.3273288309203313
0.9068121638842623,1.2855867929970966
0.8463412251477742,1.380186876902052
0.9709770938226752,1.1583200574251389
0.8607482967474265,1.3398151047277531
0.9189831267659094,1.2455332295062231
0.8378878878613241,1.3784887977371405
0.8710443254472895,1.3148052888363408
0.8711950587253987,1.31514959780303
0.8788655612143954,1.3288339434665053
0.9078122187260858,1.2700576803842227
0.8532206687996375,1.3468271255634898
0.8564060474920008,1.3493065743059782
0.8953681425343263,1.2831767946340882
0.8595172782485587,1.328517452242226
0.8649672285113683,1.3256500213929343
0.8743110013121034,1.307062730003413
0.8715143159502945,1.3214059248495273
0.9225993529074972,1.2367891436499021
0.8851129394502988,1.289436020830418
0.8573630976267197,1.3307551961764883
0.9056038525197663,1.2521950777459727
0.8531680154791392,1.333478362097639
0.8380587717052534,1.3697811986620865
0.892935332101717,1.289762753021153
0.8633067257177638,1.3324939161562308
0.8654396208084114,1.3452370089517036
0.8247038104655637,1.4310670371689143
0.8709648493500883,1.3204847430193027
0.8574269905370056,1.3208399702922489
0.8584771978082448,1.353905479263149
0.8087150608966318,1.4455578175584423
0.8857376601176075,1.2787711715604524
0.8581679002472873,1.3426360346730262
0.8736792951015979,1.3045118343820161
0.8891097950596918,1.3037387405072791
0.8764956971214151,1.3184839988173607
0.9240300566464177,1.2324551981686573
0.9034015646982145,1.2774421626552566
0.8784886678604391,1.3072428859582028
0.8701961763823978,1.311708006446273
0.802427477998348,1.4244804095577617
0.8134747903556427,1.4248567031210024
0.9380502713301595,1.22144732797307
0.8191969618242874,1.4035647361057078
0.9086531729403629,1.2618106974445193
0.864373951893473,1.335487519975838
0.8783924995071075,1.3304584870409235
0.8577940699511191,1.3630538794526612
0.9118018637092073,1.2538874174642372
0.8898815282607713,1.2907798619850555
0.890305754738735,1.2958498910797445
0.8568928904802042,1.32057790944992
0.8633766167067967,1.3394047382665282
0.9118546321235692,1.2573435091742369
0.8589563859048537,1.3369800655205313
0.8394161737435615,1.3674112339766455
0.9243364176725342,1.2309066029118774
0.8622816257842947,1.3302914154945964
0.8579086891695609,1.3406426132832483
0.8894791659860704,1.3009855165186066
0.9085776754860968,1.2686701669713703
0.8805994186363058,1.2980184792171365
0.8968899372229002,1.2826827550193745
0.9074938308629208,1.2598324693513947
0.8661926914698059,1.3055961949527792
0.8710060398397477,1.3056764548710622
0.88317099426317,1.2994875683943115
0.9257692464693701,1.2324650583656072
0.8283276889850792,1.387029263385009
0.9181847465429953,1.2486745396029937
0.816998181705201,1.3985758334098803
0.8778706329782104,1.3043995176954348
0.8273835216415759,1.400008284729456
0.88032780433998,1.309348124003292
0.8681100416987608,1.3247003887597277
0.8582864657021971,1.3455754994537013
0.8783275065932563,1.318081760219736
0.9362875954203635,1.2067220125209543
0.8196169953092023,1.4186511274071798
0.8952255484195069,1.2554259360445204
0.8421116352141318,1.3761734375383154
0.8896639597874418,1.281889278399135
0.9033125668830537,1.2672849257234562
0.8497546471941275,1.3589340736852469
0.8641488850574746,1.3412637079088137
0.8509138388928976,1.3483680181416389
0.8654148152629242,1.3040017359616263
0.8516119586896014,1.3482132874730717
0.8556737158034426,1.3341003047953333
0.8774050918708491,1.2979045433220804
0.930736207750176,1.2482894399336246
0.8803436954987998,1.312989921986889
0.8815433430673612,1.334232609615312
0.8733963243111793,1.2995648500857062
0.8597616239457728,1.3361631579505255
0.8583730259820019,1.3270579307533037
0.9719982918222765,1.1994792835306995
0.8275095390106197,1.3980676912890977
0.894257910593951,1.3011256236890916
0.9329195097107092,1.2386194779722988
0.8262533527807496,1.3798272753127558
0.8692895552013251,1.3318270951475133
0.8277637131081732,1.404262123962673
0.8591050004961824,1.3337149795550454
0.8814707484528632,1.3233752631060496
0.9104765256788903,1.2612636430977073
0.8600235094694302,1.3492169498670117
0.8288222829336214,1.3797790284017746
0.9310073748152743,1.2309806420483889
0.8523623941604352,1.3582253486235016
0.921581068250239,1.2310998148434702
0.8457282517489573,1.3463728340574406
0.9214929104329863,1.2369198501712149
0.8752890296052669,1.3299437979031763
0.8914850055661241,1.2768005438976358
0.8743198510915595,1.3040433717890256
0.9270701240399686,1.2324406634364475
0.9244245909138809,1.2381650290534192
0.8883223313584698,1.2932984050597651
0.828312214475798,1.3949297125595277
0.8446168852810183,1.3688130316263427
0.862906600677168,1.3350382972599837
0.8944868828657226,1.2756418747289853
0.8279095918817234,1.3921668390340758
0.8957866781794968,1.2832125815087312
0.836110257819517,1.3972749126529378
0.8468988857661233,1.3527084740827198
0.9161238545624726,1.2453590397419614
0.895898617824679,1.2926375945973223
0.887542681981436,1.2933139481245846
0.8951337215434627,1.2811602428361832
0.862869716898599,1.3324844757774341
0.8722323584278056,1.3200470791094214
0.9826130307717671,1.1598414373464085
0.8360821914846934,1.3835796984335285
0.9338671736972193,1.245018129255685
0.8111944158141056,1.4169726240746798
0.8490088416924344,1.3426186786760792
0.9026121367228248,1.2625169470252255
0.8481612024248568,1.3531084246719547
0.8186491375311928,1.424741020097165
0.8800408144789318,1.3139702538794242
0.8457772673399699,1.3543669728814671
0.881633312374245,1.2977871197973219
0.8931643406462448,1.281745646421733
0.9089536141011592,1.253913732340908
0.8590474459974564,1.3401896895345555
0.8571980349744577,1.3613656294083671
0.918650073752558,1.2544219812949977
0.8879457827296389,1.2807668757789723
0.8644458397901891,1.312525767190932
0.896203906468862,1.2856167384245636
0.8883259174101736,1.295643844998717
0.8860777192173439,1.2950083647169794
0.8458441778886896,1.3502874371118767
0.929701538766053,1.2441437949814906
0.8458671460041736,1.3513289008383693
0.8390844534273281,1.3701579031730018
0.8784352299891389,1.3275872151532981
0.865431019060048,1.3113273978756255
0.8335888699814944,1.3805333763367507
0.8964533915698254,1.2787065934482016
0.8021513375500964,1.4362269527538871
0.9432450579285203,1.1930027464176467
0.8150356399935956,1.3869222374450894
0.8977503539307037,1.2711945100534083
0.9049885759010372,1.2758648058240742
0.8744702268508691,1.2905813946883273
0.8625608356229313,1.3228502276202923
0.8689072194661949,1.318452753788821
0.9491185315528126,1.2171842765082097
0.8573342243072799,1.3449343928023851
0.8373344881251168,1.3839315926641407
0.8415002977214909,1.3673490489188054
0.8974654263379784,1.2659658703190673
0.9143512671149523,1.2549568917951102
0.8720475338079716,1.331672546019245
0.8748125751373816,1.3289599620046977
0.8449219921869222,1.3569729728776194
0.8620637370843258,1.3304742269987195
0.8603563328532553,1.3313181883553848
0.8751765392061841,1.315403988671142
0.8557972970262477,1.3631373814885446
0.8962620106750132,1.280451408195806
0.8574121308793459,1.337079154397665
0.8566659459394284,1.336728401555252
0.8922981120323756,1.296152229165916
0.8946148187366405,1.2857368116859866
0.8477786611245801,1.3730903652141127
0.8596020245082463,1.329823110359561
0.8729273277526417,1.3186484416384519
0.8803288565194307,1.3311298624295798
0.8726538942115545,1.345822663015601
0.8529162496817886,1.3507112679509246
0.9041723819585539,1.2660145266214833
0.8917629684892836,1.2879987899359113
0.8792133450877304,1.319695351581153
0.8736878095876117,1.3101012664270064
0.9049016526039686,1.2759671189103081
0.8303620899024815,1.3966704825800034
0.9114216766722574,1.2661531694602175
0.8334486760419992,1.3906085805489845
0.8283867186418303,1.3931033883595674
0.8542996838175303,1.3450687292771717
0.8683354827539553,1.327250449014701
0.7831946035531796,1.4752008075230691
0.8070866494663884,1.4096633371634113
0.8927491825961609,1.2956877474833062
0.8061670592416152,1.4204281486882542
0.87052629519568,1.3172872266254223
0.8708660732140137,1.3166130152411164
0.8715567850207804,1.3363414316005464
0.8596551438491251,1.3623048802993099
0.8965676409901067,1.2937057871183522
0.8175612596337383,1.4172689771218383
0.8511377095369859,1.3596428556269722
0.9139792604085748,1.2434457671258927
0.8583096671162256,1.3543083426860618
0.853293076027476,1.328493652694228
0.8584655438948667,1.337659659540384
0.8404749475248132,1.3568991256362137
0.841304354343205,1.3752379701580135
0.8615196130682379,1.3450905546422183
0.8851579798999267,1.2973997820175966
0.8739966382066273,1.3294135667729763
0.8833456584862072,1.286462996251826
0.8750827175437419,1.3196539153383222
0.8687342059653895,1.334669367245621
0.8692988499351997,1.3137487314499938
0.8672106382416735,1.3353572603786932
0.892174571444905,1.2965778283451344
0.8844099889585619,1.3119936982285558
0.8331064497595289,1.3804244479815542
0.8915985792755712,1.2820800482317438
0.8885965268941618,1.304670399136186
0.8948919645038371,1.2849198128051502
0.8453464890496334,1.3648518070200089
0.941035703179377,1.2198305248437449
0.8794451105499357,1.316608520419943
0.8616847943901507,1.3454376643177155
0.830945837997338,1.3723171356648232
0.8030455620516308,1.440063880065264
0.8778193684414111,1.3157561661762731
0.8264412275797983,1.4031294761979036
0.8651435340476927,1.3280745382765056
0.8683354827539553,1.327250449014701
0.9042367393514499,1.2896378460121414
0.8752817413324303,1.305331047796725
0.8906280178129435,1.2943589315671429
0.9026121367228248,1.2625169470252255
0.8670773962189187,1.3212547604867466
0.9093962702089584,1.2706031613773172
0.8244350987686102,1.3868265148119998
0.8064635270597234,1.4449921962977357
0.8984779010207709,1.2776835321357605
0.8493963044955326,1.3580877010734282
0.8720138219383171,1.312039596807417
0.8954175730181129,1.2902943609740591
0.8113885405126546,1.4360361196458074
0.9590485255312493,1.1912776741584081
0.8200588152492785,1.3939457388443008
0.8172812905913174,1.39699448103365
0.8749699314215693,1.3022062085806037
0.9121684314814147,1.2651090456364948
0.8552627064297729,1.3389968059764203
0.9081295778981635,1.2572213402777201
0.8472811726727405,1.3360500998944536
0.8855177797350797,1.3021881416144796
0.8693784274181915,1.333354903045686
0.8631731965724085,1.3326469695210743
0.8978173296851446,1.265264009795324
0.8700855873302709,1.2970031530071922
0.8962869225944345,1.3056131154749548
0.8321588106389393,1.3902177446343817
0.865300200848651,1.3432253376677878
0.8994147705769182,1.282361361929756
0.8805187164933004,1.3033716506869726
0.8808551328103829,1.2921898978767286
0.8662920185014003,1.316478956544389
0.8397410830327379,1.3611284511996231
0.8645907199268115,1.343146637792125
0.9357392033003031,1.233501356522252
0.8580589484474339,1.3435269361328268
0.8804290979956741,1.32354443338206
0.8759063982038495,1.326696002457605
0.879452613873509,1.3057588201624686
0.8005672284555125,1.4400263916984477
0.8677123495752013,1.302412656653818
0.9357922261527754,1.2101778897954316
0.8123409482653805,1.4047935280837076
0.8794451105499357,1.316608520419943
0.8336690359103285,1.3873697559420524
0.8555585995860497,1.3615979796701614
0.8816140274431008,1.2964606706114936
0.7882849286490465,1.4564366396550774
0.9128714173264814,1.2652444997861536
0.8243939998662191,1.3847422725004885
0.8717455911324221,1.3151758804873337
0.8519980170105843,1.3523104400864998
0.8699381706561431,1.3052910394426185
0.8709699593949132,1.3119345451353746
0.8760832882440341,1.3066585731113103
0.9135927292070467,1.2569597947652433
0.8626866932799693,1.3322799830431433
0.9564731925243304,1.1985582785438242
0.8555585889541686,1.3331958789591054
0.8519402751054579,1.3508070803795318
0.8541042695317649,1.3350306665198546
0.8459985116976187,1.3558537153387886
0.7921515947837936,1.44860566503419
0.9015577742726621,1.2715114082609604
0.8150054930832773,1.4351965262411133
0.8610308774103517,1.3336890881606918
0.8829767560170321,1.2914880425217836
0.9080038088935065,1.2593536994369912
0.899554949413536,1.2903684367829265
0.8484896723233799,1.3432504761406923
0.8504428535589299,1.3428765605031365
0.856894625211795,1.3456555019051055
0.8765460234059861,1.312429313830559
0.8971866074908288,1.2638921487090922
0.8663938876957751,1.3378704439278246
0.8323847563557354,1.3938542527338378
0.8806749102553562,1.3165388962159108
0.8731718744249679,1.3141053384236254
0.8418794398548561,1.3590186940656646
0.8458069828344461,1.3580560708385827
0.8797963176248278,1.3135237320698148
0.8442656405384079,1.3498821031229087
0.8918799287642274,1.2681688481327946
0.8934214453572051,1.286264894123425
0.8255411808684394,1.381847366456875
0.8523223386002112,1.3579513893129198
0.8636811878399286,1.3331389339905007
0.8787108109540462,1.2989923035548927
0.805079645613328,1.430490476497866
0.9089177432381657,1.267655787597213
0.8625055593793629,1.3275867612665024
0.8783497915168643,1.3145733173473917
0.8048476537708025,1.429688867798551
0.8152385357554119,1.396636698672694
0.8669528234309019,1.3279772056307866
0.8593935430280379,1.3356891941524056
0.8754286343043616,1.3141560798903311
0.8516948188550817,1.3446414529535422
0.9166803726664037,1.262724195557163
0.8683251946774075,1.3278647086116242
0.8920159766679048,1.2964647037917543
0.8764817937461264,1.3108731311617945
0.8765279398789783,1.332255761095237
0.9022206042042482,1.2734658335505373
0.8678124026537248,1.340769787881185
0.8600249410151255,1.3135293900523746
0.8815727985710624,1.311806508376828
0.9198558042425071,1.241952769538964
0.9280867616389843,1.231135869160024
0.8378781584616053,1.387569222891618
0.8456582608402972,1.3468501650008933
0.8973298522096187,1.293160576297047
0.8480728231529084,1.3710132963508028
0.849820723085285,1.3313997616951678
0.906787168341058,1.2776251413692326
0.8886526129884087,1.2929940534242272
0.85432347103313,1.333189167706831
0.9530101108220579,1.207098351552257
0.8731186634282044,1.335984319200984
0.9058904183751455,1.272287013325148
0.9002206091421576,1.2745372122264818
0.9164499026804076,1.2722300502915247
0.8207960120087792,1.4227071120778205
0.8562970748764915,1.3355193453737062
0.8779825764646603,1.3100942959561757
0.9179247602055864,1.2535942025108502
0.804775862685732,1.4372190182093367
0.8733670881109381,1.3156262658879432
0.8323750995625574,1.356656921144337
0.8349890305143866,1.3730041108236417
0.9205601438665909,1.2336825410726158
0.8974127767456979,1.2820940389843967
0.8596843434034851,1.3338041851981992
0.8110835907241989,1.4419354441758876
0.8780243664209528,1.3184062747560847
0.8043930954443728,1.4222775621752204
0.8883397732202358,1.3080690445092689
0.8429746702113361,1.3734281101952472
0.8918135554362816,1.2769057927549035
0.8547013735640139,1.3304972966859643
0.8341080999028043,1.4096650367268382
0.8868958512388334,1.2993521590402828
0.8324202146452835,1.3879726482546841
0.8806145245197663,1.3387748419838932
0.8753319714933856,1.3105427671975836
0.9040903128847386,1.2836338985628015
0.8432059454450556,1.3467360804632285
0.8861938502478865,1.2882245287673832
0.9368162780637515,1.2114500608167227
0.8790593619239917,1.3016067550955557
0.8500925173682199,1.382753121806728
0.8625291365287722,1.3103796773213963
0.8920303631237516,1.290808719880049
0.893304168508321,1.292315014216287
0.9338276382719592,1.2202456163594748
0.893231103409801,1.2954269830318712
0.8828704651062773,1.3091768988812522
0.9298447060700414,1.2365297790067136
0.9079695641062371,1.2861589184572222
0.9086674333310887,1.2587279579291673
0.8619063692842448,1.3364381399731424
0.8238301201824427,1.431770476878903
0.8914690480331788,1.2808852989341197
0.8748901285461683,1.3263912347945648
0.8572281629108893,1.3249946128442243
0.8677610105033975,1.3236187365011525
0.8574815007650598,1.3392583983868809
0.8407890141063927,1.3786794724466578
0.8277075050876914,1.4025991243627118
0.910381675166966,1.2513956082282474
0.8271850581196847,1.38376580298978
0.9113537881647635,1.252000661263573
0.8830334968000186,1.2848418381788456
0.9144463101144484,1.2595306128082893
0.8644637816167284,1.335743973021971
0.8291871433376337,1.3856358202732237
0.9119971899323769,1.253159646207745
0.8411931884383688,1.3789991826533925
0.8584358047889362,1.336553894712326
0.8863159820031992,1.2999088803599474
0.9315019756001592,1.2318438521621664
0.9276234080016088,1.2157369254628405
0.8912769051439957,1.2869522399900428
0.8741573271551244,1.2918829787622328
0.8720475338079716,1.331672546019245
0.8745537192333901,1.2990896098465756
0.905660735622031,1.265754919423962
0.8145778413972791,1.4031613670457892
0.881283330163158,1.3028762859816034
0.9045679760067931,1.27070499419032
0.8445546082082702,1.3599524592561085
0.8377397982553523,1.3924517175964226
0.9169106821019739,1.2550129716446319
0.88702260090298,1.2815424847130223
0.8066962246805469,1.4174724461676602
0.9091751161088615,1.2675087688027982
0.8325990931180922,1.389704133180516
0.951819348585035,1.2202630900940008
0.8363980579179298,1.3616123991710416
0.8601312544261888,1.3424634208992499
0.8823908151331608,1.3001022615211162
0.8575614578222539,1.340180473261003
0.8462043610092191,1.3609138156351037
0.861971447972689,1.3257664791108716
0.9372236372863525,1.2236432510735822
0.8840377014790113,1.3019663072946295
0.8738514072576076,1.315508237674808
0.8900342778222077,1.2980344851693237
0.8157961677017804,1.4025027772657843
0.927733989124395,1.2523860268724816
0.8492778653343631,1.354953394995012
0.9287658715403382,1.2300540515760177
0.9121756126646094,1.2594968996712574
0.8714299057349388,1.3269665137354718
0.90125289060996,1.278224170995967
0.8187796942254126,1.394640452425907
0.9327199327209208,1.232503070748058
0.8404160539675072,1.3703534959089314
0.8862240040563956,1.3122952307668252
0.8731062626664139,1.3006811498380904
0.8894466971330723,1.2918193618609428
0.9195813409426463,1.2509175239617887
0.8328215648376105,1.3940579465789869
0.9200324204106531,1.2313354483991414
0.8921381912521302,1.3040311228027788
0.8721386006026719,1.3371123883922906
0.8624246347325086,1.3462757940214325
0.8537627709592592,1.3425638731444687
0.9098388492158018,1.2603872588121152
0.8815433430673612,1.334232609615312
0.892525373978079,1.2852595061704446
0.8920793701619119,1.2968499660242623
0.8599845507534789,1.3486575656719393
0.961357557917768,1.1895413273041975
0.89446184846909,1.2694029049035176
0.8249831376104664,1.3928681088839268
0.8893573692517021,1.2610150399281919
0.9192124515372073,1.2548833627927574
0.8769091331675154,1.3063646499897072
0.8783537882491537,1.297321970732643
0.8779323066669955,1.303463683959463
0.864938482923933,1.3179017585545483
0.8346312281059682,1.3625950911788756
0.91061660402037,1.2476269403463651
0.8828644524317903,1.3134740725010474
0.9114942991713293,1.2711590046449746
0.9167115677401771,1.2522337199478646
0.864065044851664,1.3178145546059723
0.914791599617252,1.2689605350988957
0.9095449958801227,1.2611359234517407
0.8431723803151883,1.376212420397066
0.866070845357203,1.3248928110071052
0.8758654618673587,1.3225768038949028
0.9047259903985514,1.2745253321745065
0.8893854517500575,1.2953775422501943
0.9206939705417225,1.2556340371519694
0.8821531292316764,1.316112560216941
0.8348638992502135,1.3635085030521406
0.8954171164068276,1.2752691621083323
0.9014366777338287,1.2669616862633133
0.8753230065257307,1.324159554302849
0.8890642471546051,1.3035322887191847
0.8997089973819137,1.2745937408097587
0.8179139338574954,1.408856348477817
0.8349206844613424,1.3855855564112691
0.8852229236964926,1.2938605804893306
0.8660512727574887,1.3285725237176527
0.933241846875321,1.2251028131798796
0.8846901794457767,1.282641625946995
0.8393472063722298,1.3710485760016435
0.8594224998382767,1.3371057130237494
0.897655971315956,1.2777926933126094
0.8748598162747665,1.3094115563326783
0.843591300740347,1.3745428333212355
0.8096941493168799,1.4341589860314075
0.8409509689324712,1.3761174790475026
0.9022076335324842,1.2698838781287793
0.861832287221358,1.3425616991850138
0.8620358026317969,1.3459526953071796
0.8881235966211063,1.3019479987033304
0.8939565966088998,1.2959503538778347
0.9051272263372767,1.2687668798030003
0.8847584397595141,1.308839121610348
0.8697288154328688,1.326652858262145
0.8574437135943143,1.3495374816451062
0.8572735247830974,1.354014661416951
0.8522050329632438,1.3323607510172197
0.8395352330751396,1.3670119047161529
0.8462093538144106,1.346778254272523
0.8561469932652377,1.3532107203582224
0.7960111714376197,1.4356258203613583
0.9225929730203954,1.2440216402103828
0.8601875395622525,1.3499434522774387
0.9390283802479422,1.1997013468127475
0.8676300282709075,1.3194541962048658
0.9522138564701572,1.2061468237239104
0.8360078905553074,1.3772221312496318
0.8108889641524659,1.410917530541475
0.8417301924270182,1.3683683293265918
0.8672055981254563,1.3388585598534004
0.8831148871139156,1.3226641113109474
0.8833750952215029,1.2875911037029903
0.9066286481943882,1.2465275478258309
0.85422670038689,1.353980010336122
0.8467227250350586,1.362238297362912
0.96656336750398,1.1779565251089428
0.8924662669441357,1.297188793093937
0.8334826368249135,1.3899420817846617
0.8397659005215228,1.3825865258107142
0.8686461720198826,1.3276028336774315
0.8779062479204791,1.3050996128277337
0.8212375005790409,1.39540151102074
0.8425684133322193,1.35827877114849
0.8478091963961887,1.3589985660434603
0.8870438202977324,1.2977798661579867
0.8812580652581967,1.3361435497287044
0.8289167624218929,1.4070456802826514
0.8985675139438836,1.279619765192399
0.8849658902031579,1.313593817505816
0.8650928628407788,1.3312654076910253
0.8399055591805924,1.364884951316368
0.8686609459587509,1.3153930531956914
0.9037323668134745,1.2908522647794747
0.9507263654719225,1.1816472032901186
0.8763021575361514,1.3303630967226259
0.9004973683737443,1.2868366325867169
0.8721069002932984,1.3141392052466971
0.8945836419879756,1.2896271383819085
0.8680512088128438,1.3367538391621285
0.8637633017993407,1.3297576874386041
0.864645019705814,1.318876822873476
0.8898310819851096,1.2964678334844015
0.8714044541916315,1.330492234948377
0.8641887575535685,1.3435850053713454
0.8778362833172197,1.3201809456516425
0.8480237945359836,1.358145436816278
0.8567775096226107,1.3484008283912807
0.8569388306630976,1.350413001833958
0.8349482274929869,1.376633472213837
0.8669168059141505,1.3434545758050633
0.8351042182415302,1.3738102760011166
0.8152737651647992,1.3978548813816438
0.8478915461869991,1.3564156522561197
0.8580051456317193,1.3399265503961602
0.901214634713333,1.2659016266724905
0.9082762292842943,1.2533596512229521
0.8615720283989565,1.3466361067267933
0.8962229785006695,1.2945272589447618
0.8540513093792972,1.357292507683301
0.9681070812930805,1.1815877499753218
0.835326100395281,1.3856012927227355
0.8433540363979652,1.373935312740088
0.9275063035078748,1.2536549149176988
0.8917617713626667,1.3014754383516864
0.8467243072327133,1.3535932048531987
0.9293919220899274,1.2299888967941397
0.8929497648861731,1.2899603847985561
0.9261196251375099,1.2488260865461334
0.8659483679502662,1.3407698724269472
0.872576082064856,1.3241319858935066
0.8759813235425016,1.3091695803549215
0.9379967794524442,1.2152828703339815
0.8505508506391046,1.3530857394898583
0.8768276608408669,1.2937702584714963
0.8567081907591783,1.3397435188895546
0.887851726841898,1.286492074565998
0.882009360550019,1.2997588371608126
0.8592235074289494,1.347833488964071
0.826456826721162,1.3943861571472118
0.837754021002197,1.364128976044947
0.8405395289667459,1.3538341451770954
0.9095183107167155,1.2477822318782563
0.860639614497124,1.3524066534981247
0.847007528449059,1.3660230754548863
0.9086975317788817,1.2715812758968081
0.8753570076940154,1.320943628629397
0.8938040692874043,1.296880228076331
0.8843739210096946,1.2891737442537996
0.8740211962290603,1.3069940986744106
0.8472084163666496,1.3555763486094092
0.9085838595810867,1.275116853177695
0.835346911979904,1.3820202374267843
0.9004719065324871,1.2675546827624724
0.8644805019016557,1.341722744755486
0.8513599069210127,1.3561811505608665
0.9257414810804019,1.2458713250545115
0.873883707944721,1.3047559355027143
0.8425524111145333,1.3435516856307839
0.883796855898924,1.292753948417212
0.9408034324032906,1.2321186218841569
0.8924645102020239,1.3001632752203587
0.8583478437835026,1.352660856625747
0.8178425296528999,1.4093522939409726
0.920969360647351,1.2412491405354809
0.9513956553314287,1.2103516586328675
0.8706653099125976,1.3240773415482328
0.7949605578362589,1.435535987746132
0.8748041925573222,1.3162824542237024
0.9060395876019389,1.2751533108029642
0.8765600200854706,1.3185471597298775
0.8505677045481119,1.3497002896272137
0.9092166454185686,1.2627626841042459
0.8269343624589234,1.4043444284991982
0.8347660619087116,1.381901372893592
0.8490878288098791,1.3722867483340562
0.8750219426974155,1.3230819756503072
0.9033273471030707,1.273648068281269
0.9057237027644645,1.2634871122287743
0.9099073275139529,1.2734056101274225
0.8553536896168623,1.3519418911458245
0.9066286481943882,1.2465275478258309
0.9122500953400896,1.2639916513671197
0.8681705151554941,1.3183348074799073
0.9013182473957033,1.2912103736111427
0.8752590604473696,1.3219640417704424
0.9028268127756058,1.267640785381326
0.7893995768682003,1.444142444249288
0.8679701027751379,1.3121342913190555
0.8559683052809572,1.3529811417663788
0.8189701478868019,1.4084493784278673
0.851875866079594,1.3504704539135401
0.861581708166228,1.333241078099276
0.8654200575786004,1.3304859239391376
0.8734593883095183,1.3229935137195683
0.8584255563400518,1.3471956750514145
0.877971773487304,1.3110461971941503
0.8914032367844544,1.2923795181966071
0.8260311184238616,1.4055131129124268
0.8851792740923214,1.3078284598261323
0.8786023166344714,1.3103683122692866
0.8207984742546719,1.399968467051749
0.8338982002586353,1.37948615676861
0.9669574608035945,1.2034780677002925
0.9283076479227277,1.23011747666632
0.8771642268354449,1.3247049718387842
0.8470112209546461,1.351444030996252
0.8346466476226508,1.3903256130706498
0.8800204588400018,1.3208396716303556
0.8296362922036711,1.3912830221691785
0.9391088168161386,1.2189712443392742
0.817332834927281,1.4029775810893006
0.8734437730343414,1.3075151334945605
0.8953973952884589,1.3022672089022969
0.9179784528608355,1.2489446029047198
0.8392702097375777,1.3538722549381637
0.8142509839119412,1.4028627000766118
0.8969259930947733,1.2744276710148863
0.8710059503703704,1.3297099611973393
0.8774215183417968,1.3104223790726375
0.8461521421104394,1.350612343265017
0.9163771256399578,1.2517410280107546
0.873727139331147,1.3225100018128322
0.8388096215186809,1.3803084641000813
0.9086388348118843,1.2584889346388226
0.8264070722125243,1.3800245612479038
0.8560014398545768,1.339526134981744
0.8807486731705261,1.3003079921385692
0.8816262100186105,1.3153669918259598
0.9492881183555584,1.1870530278068243
0.8965832806328697,1.2751343651225726
0.8843082999390421,1.3109843712934892
0.8335981903604885,1.3865645182657467
0.8991277596285858,1.2764735144834225
0.8722927860335947,1.3248906481538316
0.8596766035573045,1.3145101877071268
0.8770357565494171,1.3131529426955417
0.8816297647439537,1.3143677941911767
0.8434522936200111,1.3831718357615328
0.8856035750385469,1.2923701455890857
0.8349459146939935,1.367617383983884
0.8708669234420543,1.3107615790441696
0.8633067257177638,1.3324939161562308
0.8358509932243594,1.3663641675131801
0.8731889396174395,1.3213853763034287
0.8624308404676111,1.3295276383872876
0.9536019764682451,1.195344866061664
0.8903156915341022,1.2807065811234455
0.9021407656410547,1.2734248490122344
0.8942194637131173,1.2900625807786834
0.8122674152125939,1.431405660389618
0.8326968432405994,1.3834360183125656
0.9046008497756963,1.268959509136001
0.8755941707136137,1.315372961957625
0.9334341886379187,1.2103178663841059
0.8872986046848668,1.3153974486115607
0.8627873907880452,1.3294592502538671
0.9093962702089584,1.2706031613773172
0.8930022164353713,1.2821560854973253
0.866673044612509,1.3229525353603868
0.8654932682983452,1.344846673876654
0.8630318678193543,1.3330190943846978
0.8785706720902673,1.2967674331152863
0.8127912687029448,1.4188271527398688
0.8530702661800718,1.3455134687664911
0.880819190704462,1.3115718298648167
0.8450034192193641,1.382769693582226
0.8715254755447723,1.3362876964344816
0.87927720406455,1.2931968053064826
0.900091551499816,1.2698293404618766
0.8622982409485431,1.325581116426636
0.9279948187786955,1.2229377114695694
0.9348520128576492,1.2297871743872564
0.8695417075476035,1.3171137306916978
0.8695047271742724,1.3298469160111492
0.8386422760906858,1.355905635154312
0.7996512421897857,1.4579251509927609
0.8345769314941414,1.3902374303154308
0.9060525850742231,1.251763578099797
0.8986438549570113,1.261505393062375
0.8558618492320997,1.3450974188975748
0.8950739184941978,1.294557901071906
0.8876542933013567,1.2827380532124706
0.9275331994084601,1.2463642167918976
0.8372925399940117,1.3925771170850734
0.8594298493539838,1.3364592116822294
0.8850663162055368,1.290657434706779
0.9067812745646167,1.2769859648140396
0.8543077005981394,1.344076150825527
0.8093960986949742,1.4375540705292005
0.9011214719830225,1.284246304204686
0.8596843434034851,1.3338041851981992
0.8575402054151346,1.3356323902249438
0.8422071461900769,1.37231322342362
0.8617981908421399,1.3300038632658457
0.83783599018321,1.3574574355434215
0.9032014459812387,1.271111395276303
0.8850600954065364,1.2992998921684764
0.9013158068136538,1.2789850803252427
0.8604169514006272,1.355557694699063
0.8687360875517292,1.3104999124691388
0.9272842790824163,1.229824289761367
0.9251131292831214,1.239080705066987
0.8697932721942279,1.313860559351595
0.8405747992000101,1.3656369667304535
0.8191957819305848,1.4101599281373052
0.8481129692825096,1.3606192768031646
0.8978148661799006,1.272539626358774
0.8587292897214447,1.3475822467174599
0.8470175510309281,1.3487939785924832
0.8975176646798193,1.275526994731246
0.8759079447762705,1.3122484401488181
0.8446490603451127,1.3465558493701677
0.9120205310946652,1.2593972212331004
0.8448953993373285,1.391661113956594
0.8529354401099534,1.3604013424915211
0.87553521753529,1.337340820311915
0.8335929714596626,1.3646790662702997
0.8368105856001375,1.3842882295295031
0.835689326809357,1.3684188822414822
0.8842246728378034,1.3038610732709908
0.8705780592510206,1.3076462649816158
0.8672643565993314,1.3257554997690215
0.9274774958883356,1.2366862010471769
0.8676194769165189,1.3232389847246784
0.8585725352597928,1.3508417299580342
0.8454555038755232,1.3498988314166291
0.873002127936003,1.317521449687766
0.8333101810195294,1.3858093074370732
0.8824335151843092,1.3030263781354232
0.9261308718675918,1.2355615406117995
0.8563712469760716,1.3442986842184146
0.8833017303176942,1.2948690975644392
0.8947566032747438,1.278908004554709
0.8634774545436272,1.321420598383233
0.9017442256955281,1.2902119962275855
0.8976949508008611,1.2845339645462548
0.8579075015837854,1.3498176535560686
0.9169340995617634,1.253365798057913
0.884371757478194,1.2929191042846973
0.8810508082253672,1.3250501015685205
0.8798564298869596,1.2966070340362608
0.8173470705695445,1.4117528162778998
0.8351042182415302,1.3738102760011166
0.8954888164247994,1.2989876657064594
0.8436986670524413,1.3711465712424102
0.8799344214966667,1.3134819698976012
0.9020669653527595,1.2632948447608556
0.8669126617102887,1.3351853960752769
0.9413504017304244,1.2273739652922186
0.9182864129615878,1.241436097254036
0.8778863406745421,1.327026431434369
0.8545054244902162,1.3557509814174376
0.8618610284210324,1.3123814673329701
0.8793870386077971,1.305124186463609
0.919550434538867,1.250999063247386
0.9265486913930578,1.2262294460779415
0.8973182445381511,1.2847232395520003
0.8940459477847369,1.3097177265345878
0.9167012898637217,1.2471247433109123
0.8253240685750503,1.3901568506469946
0.876469808802286,1.309132382549472
0.8541961468200618,1.3427942383483489
0.8662836909745872,1.3185440429510313
0.8832634108840227,1.3000840182546773
0.8930138151596623,1.2968962845354868
0.8753481368955054,1.3272011043841443
0.8312727591302533,1.373130180906025
0.8666505887379139,1.319563419161009
0.842336138415859,1.3409428934797125
0.9031379305142524,1.2687562868859534
0.9011690976200022,1.267535238225426
0.8587619034288907,1.3431000200898005
0.8550756876201162,1.3441231353892478
0.8655859854453722,1.3415945613324376
0.8997897430397326,1.2821947452282303
0.8605946269341123,1.3527794731861997
0.7953810948459361,1.461420637847177
0.8681518948419846,1.3324795284863447
0.9096395634492098,1.260116935839121
0.8989220305818384,1.2784774454479142
0.8233732460059235,1.4160625158259865
0.877174002113853,1.316876729603314
0.8659320857303059,1.3210692475278087
0.8144168307018504,1.4195886851183588
0.8216164303570932,1.3950677179142295
0.8327967407778123,1.379863119412502
0.8537255036436695,1.354200123782658
0.9029102961539426,1.271635649797258
0.8212258205629628,1.4003952989357733
0.8579396539093567,1.3504736919967906
0.9125526421060168,1.2583862629766824
0.9385961675264931,1.2129174305442223
0.8843068312502285,1.2871992070407419
0.8251112608928,1.4017831701872874
0.9012691810130873,1.292543799024221
0.8423593635620603,1.3587597229869404
0.8838578548928411,1.3126270995704845
0.8238721767710571,1.3875283999960124
0.8412381974381962,1.3751843086914026
0.8531374173068507,1.353221148843186
0.8545172046861778,1.3521652646744773
0.8733043276146388,1.3243520428675692
0.9311061117602943,1.2310587152382746
0.9554813200623034,1.2167355147484582
0.8666524587567233,1.3236869121035968
0.835956677805727,1.3680786530558273
0.8246366520641168,1.4021424499545465
0.8371010127122174,1.3693140413955702
0.9268594360152445,1.237696695808404
0.8512814772816426,1.3664471357157983
0.872641913807273,1.3205085583115963
0.8872294881330516,1.2829099024291482
0.8181501178739772,1.411981143262866
0.8683319226440889,1.3309375662354885
0.8755091529989705,1.330359940319538
0.8954883494496846,1.2847984673991641
0.8722592726239222,1.3230157441904222
0.7984663725350967,1.4451622784413347
0.8611210739888486,1.3354971943961966
0.8378029704796321,1.3451928613432045
0.8855352908326752,1.2878191060136621
0.8962797126093387,1.282616090107629
0.8870770098389704,1.285621225740825
0.8595122942669235,1.32965668684688
0.9357773280109583,1.2370035591654809
0.8710882686756447,1.3341184733126688
0.8780850088159682,1.291399935761833
0.9183384657059321,1.2515182235059996
0.8664265083764193,1.3426514834948877
0.9090469842759477,1.2636715757053962
0.8456379245231165,1.3512598385219925
0.921699767032971,1.256907042498467
0.862410991093373,1.3397298917236518
0.8362761817233884,1.367361825063929
0.8644002812058844,1.3427886735442829
0.907973666587808,1.2647841696134654
0.8578258574426527,1.3613882775339015
0.8765664332998289,1.31557679307625
0.8636381104317943,1.3393148078843018
0.8653275606421023,1.3362505796682294
0.8911328848172604,1.2974761033482924
0.8175507789294596,1.4013149800112616
0.8989430008180794,1.2868535011731148
0.885756429809778,1.2933037021390392
0.876437975231704,1.306405930170302
0.9554376133577824,1.2060212041479865
0.8460955503233114,1.363135394858021
0.930336622002818,1.2317082980371983
0.8758983128059772,1.3174764677652153
0.8315228520931786,1.3734542682353463
0.8555458887036367,1.3392024450439695
0.8407960188685866,1.3512255412548348
0.852574106303384,1.3234302489623933
0.9118650218433304,1.2605736633637363
0.8467998007609143,1.3557385732894152
0.8382254436534369,1.3793644692889717
0.8995969036957421,1.2987548609246853
0.8681451521800627,1.306321372696961
0.9274281151156301,1.2421952509360128
0.875859608524054,1.3017274365343163
0.8345383658742258,1.3842706390403432
0.9074443793205538,1.2626664791953566
0.8948645690868327,1.2990498399554786
0.8790365177941497,1.2974163776366099
0.9230651260611653,1.2412663031314144
0.851637320141134,1.345993092396727
0.8794628783517122,1.3112891001007798
0.8814157696978784,1.3232931294837205
0.8862033835530045,1.3164517697118938
0.8802353282763973,1.2999493763477035
0.8625295064888303,1.3294605960049835
0.8924845284059446,1.2895456015604436
0.8622233819947651,1.3413995404720305
0.863980297441304,1.3112463722031442
0.8370414763061411,1.3918732912488463
0.8079570658757704,1.4044506804162145
0.8550024787544839,1.3459331586247285
0.9169979271646316,1.2708788949126324
0.8447073665166547,1.3675414947709739
0.8557401327525538,1.361659824278941
0.7877482902110069,1.4399324438806098
0.8575416673310141,1.3300061584624991
0.9167419008976585,1.2608940870272187
0.9331415346533569,1.209723515207672
0.8769336812534256,1.304574903994034
0.8336823570052299,1.36200054116179
0.863158511655064,1.3307818365675652
0.8551638789222211,1.3324852648371124
0.8488414633517232,1.337654159285966
0.8542388095891329,1.36602316559587
0.8618768668446948,1.3364970203979567
0.8877597952157443,1.3017833765575266
0.8722529402274108,1.3056942702216023
0.893717732114774,1.2670405722191833
0.8530267610090632,1.333194611255243
0.8867936285406415,1.2862409389212024
0.8853620546956338,1.2687856334493406
0.8901602016541257,1.290400722735854
0.8763118181356455,1.3118871972007775
0.875214957827799,1.3177234233088801
0.9075634936494139,1.2619619084464044
0.8936991615797847,1.281945701756243
0.8598199415253636,1.3423291649157894
0.9252561597299709,1.2398257826658132
0.9624795370751544,1.1878996821821575
0.9046161181938357,1.2693410379846723
0.8374580833574885,1.381845885164905
0.9512433623335419,1.2227946745649474
0.8399581713522395,1.3709074410873743
0.9066600052235274,1.2675596601864174
0.9427014254099824,1.2265205008686846
0.8673835364358784,1.3215726661293812
0.839101047665312,1.3700665876171103
0.8780674789303227,1.3081818267518568
0.9263793664533879,1.2336519904921959
0.8703817870198542,1.3107700277987537
0.879544089976448,1.3190535908172132
0.8817844810337385,1.2846107333496828
0.8510773995586929,1.3544691976507224
0.8965099716842226,1.2745098072828305
0.8851942008952569,1.2952530477597917
0.9020281742032035,1.2593443367474473
0.9617289717956352,1.197219111375181
0.8989818700446732,1.2714630379620917
0.8552252557414763,1.346393608711917
0.8574815007650598,1.3392583983868809
0.8818265775050382,1.29146465086893
0.870277806701176,1.3055916208767202
0.9185998919006586,1.2492120487027736
0.8477039216536952,1.3632301869337378
0.8540200539539646,1.352710803395405
0.8687042175142761,1.324839655589429
0.8983310914779916,1.2602581472944945
0.8147277595038409,1.4094300515937526
0.902666683387749,1.2842964777165493
0.901875233545852,1.2729861799071651
0.8720617858469022,1.3181232328751928
0.897901340090342,1.2877545026885684
0.902705694394973,1.289361963656336
0.8538883009903773,1.3416042680807603
0.8599896275214924,1.3462526955942185
0.9218248323185607,1.2290659295444972
0.864028545147461,1.3486818161723806
0.8360477020951784,1.3714509094128307
0.8578485905011248,1.344246097135817
0.8789578695840328,1.310187622590822
0.8377912499282678,1.375113734670174
0.8980569568580292,1.2756502214504946
0.8573399668071211,1.340918122677734
0.9029773367997442,1.2730519747011089
0.8902091303758686,1.2771701894668086
0.8871612285248305,1.2960343040595008
0.882486538853064,1.2949472036222895
0.8769743078878043,1.3249495697113303
0.875779817448542,1.3306886973744991
0.9192197266726558,1.253687493813487
0.8901521874780658,1.2919959907422292
0.8808053114304575,1.3138300944016388
0.8550986246669603,1.3250502550166157
0.8965882088492838,1.2789488152336081
0.8680525005678823,1.3348609128407474
0.8810524205024319,1.3180566163608838
0.8199094676187622,1.403190564149296
0.8642466555557367,1.321134368996998
0.8561411295267511,1.3291532514755793
0.8451897612660595,1.3545600163770435
0.8756520947049189,1.2967264210150522
0.9020488384501406,1.278230539891822
0.86180753493012,1.3316204767117024
0.8110551805238222,1.4226380946341168
0.8979742441932133,1.2762364375128499
0.8997958886423458,1.2844629310944766
0.837178849078295,1.3880757287660002
0.8365666290115925,1.3625038862377923
0.8294784500417629,1.3952786629771001
0.8776150482041758,1.2891314155335951
0.8470152335808043,1.3570391466475829
0.9074443793205538,1.2626664791953566
0.9193375414717431,1.237169132758533
0.8419667929330703,1.3939081121326724
0.8654296637705907,1.341314329878755
0.8025397410725186,1.4349459670979061
0.8618449206356729,1.343148640510427
0.9006670234015044,1.274628020266501
0.8663476379058441,1.3223346372083717
0.889037932467716,1.2829754345463156
0.8269315897611225,1.3727454882843442
0.8669763728215276,1.327232935067456
0.8668192743179224,1.3100602336774438
0.8834944788548491,1.3225232501710436
0.8455011287726086,1.3578176077040798
0.8506673164172087,1.3649041506709454
0.9010556562660919,1.2639586722976124
0.8879219792899011,1.2899575062606428
0.8599368226898207,1.3258376312037987
0.7762188522651903,1.5033555673606493
0.8863701702664433,1.3072587641722089
0.8210059114349832,1.390548925444091
0.8798888226872197,1.3186474643733035
0.9008551260381625,1.2716269242531348
0.905140603248493,1.274737126460846
0.9446075476319586,1.216596620685186
0.8712485217446946,1.3162785286922856
0.8655542570899804,1.3353534900442918
0.8949188459150585,1.2893132021694436
0.882239827819818,1.3080443413527745
0.8853145612058835,1.2959415309286966
0.8780163723118461,1.295034799188679
0.9275690051254943,1.2355076220353078
0.8617239182496101,1.3342067942493656
0.9005797657363173,1.2679327683227442
0.8626004739915674,1.3203111651433148
0.8665354314986289,1.3332988354750506
0.8832209902623473,1.300311341796851
0.9179157194155863,1.2388304134554775
0.8905702352256386,1.294854787173342
0.8429250744990118,1.3742848160125818
0.8824266615379133,1.282106207813624
0.8474630154521552,1.341538914718542
0.91994343398547,1.248045660827355
0.870336786457117,1.320815857507763
0.9401570975197473,1.2030216737625943
0.8533951725260251,1.3560878302371442
0.8132375843383532,1.4361870943033914
0.9102227893864059,1.2904598397283416
0.8788763652332385,1.3159851561968774
0.8821922856409214,1.307638424639219
0.9132600198803653,1.2490818683740272
0.877851408588503,1.2942939339389399
0.8563472808359658,1.3612706161514705
0.8985339219452946,1.2756478174838306
0.847433809480375,1.3571214477682427
0.8167977229954211,1.4006770823407784
0.8726595899923901,1.3183425160227147
0.8520675145171193,1.3574883720079707
0.8622020584660135,1.3135425791991322
0.894534837761451,1.2758483475238669
0.848235440738722,1.350443025730187
0.8874253695061789,1.284751556966785
0.8151811947792831,1.4072338626653884
0.8643549848192909,1.3339465811509086
0.9327223270617611,1.2311340144594058
0.8441235214658098,1.3782897941508665
0.8920329839020109,1.276333025298883
0.9220888841568768,1.2419747387224307
0.8911547399691484,1.2893858461806664
0.8924947888795987,1.2848072819534355
0.9025778888845801,1.2722885032408444
0.8620136757858496,1.3335795920912907
0.8441992805468479,1.3673003471681893
0.8470455658107858,1.3594136987070748
0.8908298137735999,1.2769205545628985
0.8708722642668512,1.3160788942059403
0.8661278342607548,1.3233895079101932
0.8374166894245798,1.387661006212844
0.8935361313404828,1.2881737636968476
0.8973230221885944,1.2915254284339717
0.826834353709794,1.401800944948686
0.9223245987624662,1.2371784260787781
0.8992120063821367,1.2566849833574885
0.8744250792939727,1.319892839800561
0.8296135801775972,1.3774484446619657
0.9018203800421707,1.268397005893276
0.871008994552227,1.3143057368413156
0.8381662025320331,1.3650327196697338
0.8455758641121278,1.3505172937080445
0.9367774370028383,1.225475968610294
0.9021233445336656,1.2847725683421198
0.8670905313655799,1.3323791564954781
0.8441973793570219,1.3740222519039822
0.8557826580345638,1.3785057576248894
0.8249727474710749,1.4085803636289536
0.8635463349497159,1.334803413116514
0.8084576250268469,1.406683199785328
0.8813061417527921,1.2925326941506567
0.8881981178648675,1.289276271182537
0.8391436038078512,1.354838300229643
0.888381229130236,1.300444393191951
0.8255766496376105,1.386883032994666
0.7992224780327306,1.4258192850276799
0.8181171937499341,1.4007179361506745
0.9102090215896199,1.2553219838020069
0.8651627166287763,1.3352374099189943
0.8661470320903291,1.326356207730414
0.8691507425212832,1.323233876490552
0.8434255320098514,1.3693485273869406
0.922534275008865,1.223616070677914
0.9116844907023509,1.2551074855944704
0.893758025715337,1.309225986294604
0.8598088135743662,1.3365823679226467
0.8799797918240364,1.3040336123595466
0.8903974416627516,1.2829012311767527
0.8457353848228975,1.3506076636421227
0.8936792265769757,1.2853211944673284
0.9151474399127923,1.2709092835493183
0.8121377328528041,1.4234939196768859
0.9142055462071141,1.2459266502374557
0.8482402781561706,1.3595437817331932
0.8453202809322067,1.3790842921512598
0.8577697633256378,1.335130570960285
0.8269940845454056,1.372311288869742
0.9057816388392277,1.2648847280575113
0.851517378672177,1.3675571560534847
0.8311658071309018,1.3784085927048875
0.8575697949964443,1.3475294669357365
0.8691630708598697,1.326016341435441
0.8683020321672317,1.330137671107797
0.8644074807661213,1.3289735355440897
0.8548683075689021,1.3415147002812138
0.9389486810737746,1.212616808443759
0.843550435928778,1.368218143938101
0.8653679604635831,1.330335499688585
0.9248554967804132,1.239356131726094
0.84637183938686,1.371118865752565
0.8719473620458726,1.3090786933566831
0.8848878376200908,1.2940469292742707
0.9358062348451313,1.2187007759175588
0.8952342849994424,1.2740717625371136
0.8687121419342203,1.3143993604966542
0.8298796394697665,1.3794528339701124
0.8804290979956741,1.32354443338206
0.9043498128383025,1.267581034657997
0.8495205532141463,1.3428954837073364
0.8744955452501539,1.3139683718485025
0.8134563109454194,1.4091015914718297
0.8610033188701427,1.3333431152988722
0.8600154313823625,1.34308572528069
0.8223271773382772,1.4002395122350522
0.8462349852879234,1.3555370471122397
0.8516492343979496,1.3447806188231768
0.8934163337402408,1.2896927834755778
0.8935098591840769,1.271495152824217
0.8636624748429753,1.334785696968832
0.8227373237137945,1.4226613624771605
0.8528250278191496,1.3422112106212953
0.884200616824661,1.304291694588008
0.8694711262965356,1.3216541663186276
0.8861300883257077,1.2949651199564727
0.8549677929504151,1.3652569181348724
0.861780258640392,1.3496448281393219
0.8332793955529829,1.3807998760923956
0.8137210330876985,1.4030025631161946
0.8599194287394976,1.3466261835515954
0.9621775440346534,1.191372100963792
0.8760373385712308,1.3151422900526395
0.8957133769775598,1.2732789555167017
0.8417820018039901,1.345458982044631
0.8357198860940722,1.3691081424581026
0.8579303046780933,1.339967920100363
0.8816467984360983,1.3204730817236132
0.8779434475388788,1.3076240435861755
0.8513406294848329,1.3669580016380312
0.9609575355520976,1.211232689004638
0.9107535381569594,1.269331474206175
0.8738793527959967,1.3227557205077891
0.8211851913865191,1.3955997014598356
0.9113007889070175,1.2560343869333057
0.8490718846828584,1.357322578393844
0.8699219797292319,1.3280902473289584
0.852335555364188,1.3542356956230546
0.8762463409260732,1.2966098946861688
0.8689637690150716,1.3230724527190973
0.8901087312302141,1.3033738247671498
0.9611441239496445,1.196592742740314
0.8452539265075116,1.3660290787554983
0.856513827439167,1.3497040989242641
0.8903874168845816,1.2975513712873508
0.8473001854638718,1.3629908076003339
0.8561478244744345,1.3475092713056587
0.9685599111379453,1.1771691937724895
0.869688381923825,1.3219273263231497
0.8795538238522698,1.2887311305521887
0.9444860692582475,1.2037937655776147
0.9099883623758018,1.2554861021313855
0.8672947613745934,1.3073807700648261
0.8137952422335464,1.4317476247997427
0.8537199158653201,1.3479381652254228
0.8456228382140623,1.3735871711916174
0.9187423429344082,1.2572557779195412
0.938844547332826,1.2121803647286145
0.8563795782827548,1.3378951180426855
0.9017630722772938,1.2915201527384634
0.8895539261480674,1.2797467546071593
0.8785390045786652,1.2996843072068105
0.8468863512729783,1.3606740830414208
0.9007232682936159,1.2679869562469934
0.8851384723689972,1.3020031979423354
0.8537435854286799,1.3479027849666758
0.8832752454656216,1.305864896476577
0.8542395052426299,1.3560081061673828
0.8535019264368084,1.3422350394563904
0.8481183055263262,1.3635739522176547
0.8450967262399947,1.379132016573635
0.8448472679471373,1.3460642973828936
0.8427280133306854,1.3732631993877857
0.8387654637796444,1.3651187546772354
0.8465964875126726,1.3603913049989438
0.8460536193097132,1.3493198175908894
0.8090029093892799,1.4285330698917655
0.8417474078091747,1.3605029170940979
0.8474137664357169,1.3591042916957106
0.8394296574001541,1.3677673587467805
0.8674278118512537,1.3210441448541594
0.8697872161497375,1.3312474319900964
0.8575773619854694,1.3450910063048627
0.898814796214157,1.2661884760554656
0.8485396687403988,1.3453013936410099
0.8206928838029064,1.4137111136127094
0.8816828808007742,1.311535097112283
0.8766322111492704,1.316125464231063
0.8698574071287899,1.3337267175473078
0.8981785888830724,1.269804399777489
0.8596240180922479,1.326239274083442
0.8683860416994282,1.3357185610797124
0.8403644947915097,1.3684661464066512
0.9104662999475441,1.266593581091631
0.8794553166256487,1.2875392107209382
0.8668800230105453,1.3041321252051636
0.9647993602541163,1.1843412675866147
0.8771343293093379,1.313631590517099
0.8481501236663509,1.3532303786011073
0.8691862385758236,1.3265804896304372
0.905055849939352,1.2883412382831405
0.8771971304357615,1.3044176756916008
0.8581562989880349,1.3320455695837319
0.8551342290239521,1.3581634936867597
0.908051529888271,1.2642181855383618
0.8386488011111557,1.3746880129941947
0.8275727332060254,1.3931660190774355
0.9234845867636465,1.2505740596156347
0.9049203733663085,1.2750369559288528
0.8382254436534369,1.3793644692889717
0.9427327092870346,1.2127116714920807
0.8572787491373985,1.3347463985643593
0.853069291403928,1.3529907481395147
0.9419705177860815,1.2177163099314636
0.891971757929227,1.2806734128231618
0.8453575735549517,1.3498773766686583
0.8727234674248396,1.322437859647583
0.8345190443121955,1.3757928656316905
0.8668660214919466,1.3298583077189439
0.8920303631237516,1.290808719880049
0.876851204013908,1.3015752689966988
0.8888164716727986,1.300543948371416
0.8426050539694738,1.3489982716406963
0.8498181298011587,1.3500996461181496
0.8654809818937919,1.350475969624292
0.8803772445190134,1.3082239732161072
0.8677183434268572,1.334757450700044
0.8480413274488678,1.3547446130736167
0.8289943044830388,1.3912878592049083
0.8561853254637966,1.331508086235494
0.8709247953465191,1.331664544350362
0.8688073777705307,1.310740091172044
0.8534225781867117,1.3524021142828686
0.8241910873258809,1.4041752529391018
0.8416007010011877,1.3874063729946553
0.8240036253457979,1.3982636233345094
0.912390948924668,1.2699520926839456
0.8245593603203611,1.3935430735798837
0.8392417391377054,1.3604361494226032
0.8839286388776049,1.302278820580941
0.9608704680457911,1.1939889269224921
0.8005716624705241,1.4500776718555164
0.8544447403905997,1.3464897237792965
0.9378692291361281,1.2272486145319095
0.8603309341216294,1.3428433000943014
0.8425263160689156,1.3664856263818221
0.939641755930176,1.234367174554144
0.8659770075254634,1.3364302938879777
0.8459824629738331,1.3874573358793476
0.8594560949900234,1.3401638813319863
0.8389707666855386,1.3716478174868105
0.8537709634304484,1.3614628935848745
0.8283301510077807,1.3875484874712918
0.9043498128383025,1.267581034657997
0.9263620855483166,1.2392657407805387
0.8694159798366172,1.3204809261714665
0.8762181232628519,1.3072853459598701
0.8737963604765719,1.3235475351744275
0.8862197419304396,1.3026796369865667
0.8961634820607423,1.2701905013127888
0.905084677740875,1.2882557549621991
0.8547076657207635,1.3670799891000014
0.8681281853873113,1.326640177715181
0.9181076210712711,1.256501028104205
0.8655466748143856,1.3212700619670121
0.8662834106715451,1.3411379084484103
0.8524506189163785,1.3457685385528098
0.9195383785048652,1.2500185632536298
0.8341131414504015,1.3764536946082038
0.9086095667587968,1.265412720979036
0.880129258593692,1.3046037347941364
0.8994839030121837,1.289923563410994
0.8868267591268328,1.2963305200018918
0.8557891101174357,1.333932587569972
0.8739628794063028,1.2993601684410936
0.9293474177881969,1.241680137194493
0.8317639209570526,1.3903392899277534
0.8278964970986229,1.3786170794937354
0.8626000509558278,1.339123750727286
0.8681904196855752,1.33564518295337
0.8806379946931351,1.3099307952223045
0.934903661412626,1.2160994084962042
0.8188369463675069,1.4112995004510782
0.8651297439200938,1.3459405158861457
0.8520302848634878,1.362580621193965
0.8334516355854482,1.382283256533199
0.9026394245019254,1.2594116421554347
0.8368161514517232,1.3750644087133364
0.9443679873088402,1.2325748851401956
0.8961369653039628,1.2936146176523837
0.8511973592964988,1.3344817558098885
0.9345394648773249,1.2367472378350948
0.813944951542299,1.4051242092197753
0.8967545021225276,1.2723292541840037
0.8254356341677462,1.3909094222577678
0.8248163886805548,1.3948375730306544
0.8227218981675628,1.4169116157216872
0.8961503381548366,1.28491202933065
0.8706095040382247,1.3130980633525666
0.8548350270082927,1.3397436340597006
0.8386461059675774,1.362081111852974
0.9072914815914015,1.2472399377695988
0.8977870973222453,1.2749843166398371
0.8540868692715295,1.3401805168291507
0.9129162476463704,1.268623509709544
0.7951099514910296,1.4463920190977781
0.8821432302026453,1.2751308296031199
0.8752225454071663,1.319792759921071
0.875658594668487,1.310375668584108
0.8636728107438572,1.3274178436155837
0.8189077844163295,1.4179857034317191
0.8835974324480937,1.2807310690480236
0.8623341055111744,1.325730897055952
0.8899951527678678,1.2792526234877963
0.8418249255534582,1.3834557795269842
0.885914087674821,1.307865337767767
0.87269891374011,1.3277143779267728
0.9194972302320179,1.2542154765940605
0.8511836301881597,1.3569830547647226
0.905077320914111,1.263089046661211
0.8279180328993991,1.4052542722448986
0.8636332638318545,1.3184785902828928
0.8406058422524911,1.3837326740734917
0.8427996762336811,1.3645365380129526
0.8635709529015945,1.3493286365317494
0.9481314613219798,1.2008658059147272
0.8594894769459178,1.319608257903396
0.8749910031611179,1.319504057750782
0.8352457286735688,1.3768204846923595
0.8934983342530669,1.3002059621326867
0.8609754920815029,1.3374089390879875
0.9070246248598874,1.2654013565411175
0.8513892184408971,1.3418126931263057
0.9140720386070742,1.263589031556126
0.7973867866658895,1.4404532433785395
0.9028600014447183,1.2681280182350934
0.7991496523500998,1.434704525760461
0.9018918499036876,1.2722391301849902
0.8084576250268469,1.406683199785328
0.9128384169081898,1.2748891143135084
0.8811196239453383,1.3002074773652799
0.8783289997954729,1.3070444459722839
0.8138283555063341,1.39939341990434
0.9226250276346704,1.233447640226244
0.9194493832849766,1.2594337903153177
0.8365169141749107,1.3776288620915127
0.8409404648700847,1.357076311280377
0.8370775456814037,1.3842604703906582
0.9157288302052093,1.2430441983769593
0.8472569094920421,1.3469369409013012
0.93402377426433,1.228623658816157
0.89993025133142,1.2745213699422808
0.8645911768994703,1.3389374484994607
0.8866657067146033,1.2920507412049003
0.8360719360136055,1.3476930909770561
0.8722158663859318,1.3255372397175986
0.9108227100158768,1.2585648581953202
0.8298542102786746,1.394310900898091
0.9142087214477668,1.268818248935111
0.9036189599831717,1.2689617703956442
0.8525981451120084,1.347864424659834
0.8172953010584743,1.4116388847997547
0.8290142071374527,1.4001331453090509
0.8568757555414404,1.327695018236816
0.8861187912449751,1.282835253772426
0.821476754211063,1.4107520888299072
0.8686822328633099,1.3141632290409389
0.8405407045987625,1.387615669329987
0.9048120367262609,1.265481355549539
0.8464683710840888,1.3457330874860198
0.8732046768733361,1.3024971699301593
0.8432929360342369,1.3805255180233793
0.8559251087493234,1.3401861769273722
0.8517603408535521,1.3371197779972601
0.8687301190685395,1.3230360892011759
0.8209735730893102,1.4072832053083602
0.9349023577480278,1.2181958034622042
0.8538996913479917,1.3589993848162818
0.8334825676309283,1.3708927272870548
0.8418216701224197,1.3614259483824598
0.8522137520863675,1.3406948306216597
0.8631340602503419,1.3330089963324743
0.8431140189651651,1.3431058554480115
0.8948371557662136,1.2845141368077835
0.9083110690926814,1.2736889482094578
0.9149355168426649,1.273345813878117
0.8406050035372294,1.3618164503989352
0.9041055656785011,1.2689192938029792
0.8294128201577946,1.3886160670632492
0.8401629517527442,1.3690724166341508
0.8359769547107452,1.3796641378722725
0.843772845727639,1.3544028004631505
0.9141966777113872,1.2458165598768354
0.8516816233431037,1.334496252174739
0.9030491832201506,1.2916716352926174
0.8755409563196719,1.32133432044728
0.884553501578724,1.3109646455785828
0.8312629350412957,1.3847253181293278
0.8909396235003213,1.2889115005825145
0.8663545381562407,1.3535636183820448
0.9259705712802309,1.231824374356939
0.9100851138395198,1.2816906560866224
0.8985261925805885,1.2779129750067537
0.871415042516068,1.3282304128380191
0.8961949152716635,1.2776238691407338
0.894448178129609,1.281590781936224
0.8892084391255013,1.288592105044762
0.8913549552821354,1.293961288917064
0.8334860266623318,1.3970598088727433
0.8728793855639425,1.3205493941678925
0.855453943506093,1.3454323153828407
0.8939061223805369,1.2775104885711774
0.9022000336089506,1.2640326522925212
0.8599909213015604,1.3326165627788518
0.8936007027581565,1.2768067181437563
0.9213781792709319,1.248627136499524
0.8860925359035594,1.3087966626584817
0.901548140702408,1.2841011034319574
0.9123284865817662,1.2623767295726154
0.8234728287733593,1.4101902857324717
0.8716076611714036,1.3263126760383865
0.8755295983432627,1.3276642998013553
0.8713062103033578,1.3060162255007894
0.8518620756632413,1.3460521316129253
0.8642637650158407,1.3285393137529482
0.8273844335168252,1.4020156691188
0.8497388533852386,1.354378532836006
0.8304070559196068,1.3911194203633295
0.8893775221795033,1.27492098860431
0.8747676303285483,1.3242832264897297
0.8760061037177562,1.2917933452599482
0.8696739963575371,1.327213451505205
0.8563121276557195,1.3423743042608136
0.8684919136361389,1.3436548036719362
0.8656572825132216,1.3326513778337392
0.8760954985738387,1.3079779925200432
0.9067267768668033,1.2736944848171454
0.8655974817722982,1.3345804435483624
0.8782412623979017,1.3038175191498669
0.8936971709438379,1.300501838544637
0.798061632341601,1.4537593853690958
0.8901709003123317,1.298868591175652
0.8295803654327172,1.3896246334077607
0.8715480383259129,1.314019331968389
0.8969154289675536,1.2838909204945073
0.8671465175678841,1.3205704318549263
0.8528438125475171,1.3401159119263724
0.9471630033008072,1.2198814101152793
0.8509062685713962,1.3502521792281041
0.9691362058346875,1.187202663498646
0.8996924899688257,1.2560783495478203
0.8484920955934003,1.3556249021710194
0.8337755616025622,1.376839555850003
0.8983682013774723,1.2868000802642556
0.8128545362487241,1.4133866615134285
0.8151487862119893,1.3977825765514178
0.8221624090275705,1.3860921611862256
0.894747372369461,1.2959105981630823
0.8583340728217534,1.342631517180626
0.8756292920813107,1.2993532976109414
0.89429108250965,1.2744495992906653
0.8742282661753287,1.332646088842101
0.7987994583327995,1.441826693388551
0.908255109236723,1.257523804970796
0.8806314236414032,1.3014269460015722
0.9188336045491046,1.273182868602931
0.8692594973163155,1.3286247607776192
0.8892412308908684,1.2856860015143792
0.8517499979192376,1.3631312230697454
0.8516212033247914,1.3394801353830252
0.8713969079330852,1.3098327893727415
0.8340923611220257,1.3628693067177475
0.8348639518388503,1.3900747820153672
0.8678669490011115,1.3066568288819418
0.8760062223144289,1.310370404045235
0.882995179716016,1.2905734825005084
0.8602810117000759,1.3311235761901679
0.8670519888639086,1.3313893521945652
0.8625081391480482,1.318804870757621
0.8162421973896152,1.43388957758882
0.8141272457937612,1.3900731529153396
0.9643984140611461,1.1903852804836061
0.9000530357053147,1.2849667761561008
0.8517661381935404,1.350299893456037
0.8930287688186849,1.278535470908916
0.9300499958771584,1.2340229203857926
0.9053157669907708,1.2719213672712653
0.8571552384757173,1.3477324539700313
0.8747449910550278,1.3241227725710942
0.8542492345149213,1.3485982920151929
0.8624332112984159,1.3334069858819089
0.8973213503708148,1.2884383003365116
0.8554526430923051,1.3476064247012063
0.8579987923076773,1.348168953768284
0.8974576481718122,1.2886342357021427
0.8495677612559935,1.3508167119388794
0.8428059193350625,1.356234170877104
0.8254728669110658,1.4038639925843706
0.8829439951810398,1.2882328759131827
0.8693568427255287,1.3184809489647733
0.8721734419550813,1.3105762846217301
0.864528180517304,1.3384925302214683
0.8417145209867529,1.3861133872554319
0.8785565775287045,1.3004278930460313
0.8339569821485806,1.4001834055120297
0.8378442731289815,1.371911119129303
0.9030386538579227,1.2643451608948675
0.8979729801575693,1.2726772074407833
0.9554475928881816,1.2086844529290657
0.8878336387025696,1.2979487139854196
0.8725015548361723,1.3195277360996278
0.9026082560564361,1.2845422234429926
0.8947275630144753,1.291018992927946
0.8662557550057501,1.3273286802589186
0.9230651260611653,1.2412663031314144
0.9280624915500533,1.2238718921804668
0.8517229328131164,1.336826963401887
0.8519465084534765,1.3616173001096556
0.8566596475121373,1.3372554046717344
0.8441156584427303,1.3680517762134365
0.8380877300503886,1.3646147653267224
0.9369956604358005,1.2276422423931228
0.8863724825783281,1.3032157528065786
0.8614698397791385,1.2941485000074002
0.8388959596167023,1.381935417404151
0.9183224136867583,1.2667584872330424
0.9155324229838195,1.248507811350265
0.8835228758195235,1.3010396886832631
0.8108801789772639,1.4465033090556876
0.9032853954170912,1.2624235400486337
0.8736931148464393,1.3328048430712134
0.8534685346208861,1.3498044428001679
0.899854899956283,1.2755299979256547
0.923849101174703,1.2432746878937104
0.8818264352385239,1.300955475511153
0.8868933590425976,1.2812622526267057
0.8798091785029396,1.3129143322710586
0.9102227893864059,1.2904598397283416
0.8812061969075813,1.3239355324776347
0.8778711395362315,1.2969045342200385
0.8416435376530267,1.368211982628676
0.9360681865679104,1.232347218894442
0.8646974736966742,1.3353054754109532
0.9258490614154715,1.235403901744597
0.7947185432199115,1.4426972663404503
0.8666190636677806,1.333517312599259
0.9098170681586393,1.2775148160039147
0.8177811771649128,1.390609972722454
0.8673110646868667,1.3181079391500532
0.8218062556857997,1.4112518242824637
0.8313366599118928,1.392576566108105
0.8306137848037416,1.3848164670756147
0.8182384029315737,1.4029187269127492
0.9147632692931771,1.2478533437156507
0.9145022725154608,1.227384576208589
0.8784579838562674,1.289956150590405
0.8237607569856575,1.3788393775317072
0.8448108864245587,1.351602224802195
0.9037472978581682,1.280886561287558
0.8054456852053851,1.4053757461383076
0.8726850074195383,1.3144603073628927
0.8598212762041662,1.3426068980328298
0.8382569276499028,1.4115891948754857
0.8808788684580411,1.3083367817304208
0.8339127168789287,1.370581377519541
0.8753459051091019,1.2944966652386831
0.828553998483816,1.4038693157178035
0.8404579638092435,1.3800065152663774
0.896450055224816,1.2947525007902283
0.9120782224688437,1.2373075554375998
0.8251172326032141,1.3775439676521894
0.9197316261480917,1.2496695829169802
0.8966515395649697,1.2903069822893964
0.8675634467819373,1.3114644444642638
0.8501988410628549,1.3561356081655467
0.8710034186780193,1.3039439739481073
0.8403654069169393,1.3670233340540536
0.8839251754419977,1.2867396975668435
0.853867859000808,1.3558392697416282
0.8966549475096897,1.271475009435612
0.8545696010469606,1.3456973684360258
0.865283959410603,1.3126843953990912
0.8443282262063361,1.373653233542298
0.8667552212118468,1.3281844138622314
0.8542433671007164,1.3357414192122756
0.8873528861328235,1.2797502412510167
0.8450475042505561,1.3740803004450914
0.8968188178473071,1.2793195320830757
0.8603129756793066,1.3278812196154617
0.8668976436675169,1.3346299487664863
0.8767991793007035,1.2941081376217602
0.8379968990898512,1.3921682750201936
0.8736140654529732,1.3090943173719694
0.8562297407500441,1.346845729586568
0.8571672673135122,1.3467695461250782
0.8587481034462245,1.3212020221633216
0.9072392113143253,1.260543839610019
0.9270594070915892,1.2419555529414812
0.8476030903730167,1.374570762913144
0.9148953768025829,1.2531330695185359
0.8900342778222077,1.2980344851693237
0.8647005705931741,1.3275317278865792
0.844747583041237,1.354097578318156
0.8482685637500089,1.3554302089241521
0.9887944465607383,1.1444824170301693
0.9027551975566046,1.2731271204978696
0.8623322849516339,1.3447310406632362
0.8477105856629563,1.344220008223183
0.8774327032884874,1.301197850263304
0.868456898741256,1.3297916673661805
0.8597502616113175,1.3366954819378303
0.8870706533928936,1.289090156303619
0.8816743912330416,1.2847066456236005
0.8713750660180855,1.299217896463487
0.8423849478126204,1.377114514093755
0.8419841417703566,1.3820852760229911
0.9027169409756683,1.2608990142976295
0.8980422335446128,1.2779616000212024
0.9499828197038276,1.2157976465219935
0.8912122163295262,1.3037595746946031
0.8058290253616518,1.422522063991307
0.8934288722361445,1.2872522722287865
0.8389707666855386,1.3716478174868105
0.8896373759252678,1.2691772571103763
0.8674704845125758,1.3304829161829586
0.8899583966164382,1.2881367922662947
0.8896868596046608,1.3005500159278367
0.8910598772921128,1.2886507303155548
0.8615670755976974,1.3508147746113432
0.8770195920148265,1.326379766564977
0.844371535149306,1.360026680046005
0.9122725389394999,1.2463855678300615
0.8779381099474053,1.3071863029254507
0.8553038708158807,1.3258025144043253
0.9028312443187596,1.2921061761577588
0.8742711959428837,1.3159657596330463
0.9198244429728071,1.2308599793638912
0.8329155564802191,1.360761629966021
0.8946077995597737,1.2905696056543818
0.9077522282080162,1.2596121259108923
0.8778547304823849,1.3354797090054844
0.8895000832894706,1.2957444149818818
0.8691299288250263,1.3388777915548848
0.8383685413896897,1.3749459561040296
0.872461157348172,1.3195701254654595
0.8581379660515995,1.3504633714063512
0.8680057347280623,1.311646636695278
0.9239511510766747,1.2513368709323405
0.8695447476662836,1.311846367610875
0.8973766710078741,1.274082295029524
0.8815658387079999,1.3177218948081129
0.8674036310299542,1.3335244732210667
0.9473245126878618,1.2040795780032865
0.8413504256056321,1.3621958793147402
0.8056625007597691,1.456675331601619
0.8777700582838535,1.294511211558313
0.8602032573644469,1.3427854816363132
0.879531863352981,1.2945920861766633
0.9535262589237568,1.199940643807011
0.9227973215120508,1.2541471932542048
0.851744413864779,1.3555054427377855
0.893553097627092,1.2766637093716702
0.9265486913930578,1.2262294460779415
0.9033445705775409,1.2624547861032194
0.8771213743330792,1.315708248027175
0.9394299434690543,1.2248882399678669
0.9258951309623968,1.2343395285313963
0.8622598539492132,1.3270206260782738
0.8797893933184733,1.2993867627794964
0.8431545479388418,1.3693508431977925
0.8682044221327978,1.335553719713876
0.8471162774781891,1.3625965762375307
0.9108428828428046,1.2648516736504645
0.8580422967036598,1.3411007094058882
0.7942427616417751,1.4440534845847302
0.8852008144211241,1.291709095368783
0.8537009411489056,1.3466202665251017
0.889037932467716,1.2829754345463156
0.9191790797364914,1.2469159854296297
0.8985725792257344,1.2956947356057713
0.8408428383917819,1.359313410888621
0.8416007010011877,1.3874063729946553
0.9026125611058904,1.2488224078786974
0.8744584603177199,1.3139192218405529
0.8423105354939506,1.3685369245980996
0.89396846879247,1.2790220088061433
0.8392117233780032,1.364104742835148
0.9088754957730731,1.2594802665740255
0.8080301631129696,1.4099044547288933
0.8321968675130071,1.3839798415932418
0.908976563549589,1.2702606850348488
0.8258374053651121,1.3831835416409723
0.8929662162563499,1.2889907496905133
0.8275606005907501,1.371169116117429
0.8985436828979829,1.2885654621470028
0.8802664352234386,1.3104700880397948
0.8852776259664734,1.299669377550874
0.913804988546725,1.259179003134998
0.9077459033047492,1.2660448851449386
0.9303437118778102,1.2451130922682947
0.9018667221186609,1.2750883887397735
0.8142815642965857,1.4355212910301778
0.8406608750249898,1.3747314704542577
0.8217830987159422,1.3946821617735246
0.89446184846909,1.2694029049035176
0.8869190130351119,1.289134194825414
0.8342774453177619,1.3772714349202226
0.8875349326298341,1.2844134390658009
0.9012709255535925,1.2799673303280077
0.9078139809647803,1.2438187992717649
0.8784651671390158,1.2945574123427217
0.8535140562654315,1.3667653066585956
0.852425122637946,1.3561369398043372
0.8390856085710048,1.368841000783307
0.8793448695840356,1.3163743518429685
0.8965436200919563,1.2938201551833546
0.8741248926882486,1.3169697827935862
0.8541091262630565,1.3377824169950516
0.8144826916095105,1.4054305653700314
0.8600948418838725,1.3403166646122098
0.8620354736511409,1.33706908138062
0.890398707392497,1.2862658235863924
0.895123227257274,1.2683496273276922
0.8599550354722647,1.3202393643577601
0.9523109067206845,1.2018260457174599
0.9302466008048069,1.2432418457915326
0.8659601698725179,1.3364040908404378
0.8696752836708501,1.3202247025372802
0.8357304655521816,1.3808012439486912
0.821781375872358,1.3885393131242778
0.8451874850251184,1.3733526974471757
0.8644828222718259,1.3370202204893384
0.8835803001921676,1.2918353110699166
0.8442539713462116,1.3788983504864687
0.8359093460623412,1.3764078604112238
0.9152901272917986,1.2539685665576927
0.8769239559397282,1.32867471583545
0.8925159255640198,1.3149306779260657
0.876025822099856,1.3164721850457228
0.8756179618681239,1.3063057454875728
0.8685897091388097,1.3312233198102692
0.8862197419304396,1.3026796369865667
0.9041557703951364,1.2620317284039448
0.84831405890256,1.3487136985310573
0.9351831246368998,1.2110856821124723
0.8258577734891708,1.3906779158209497
0.8318178873851514,1.4015392502991757
0.9382063406477918,1.223417966420699
0.885662150860298,1.2897903239186443
0.8894534417123763,1.3068018298883661
0.9018692942724131,1.266125878783532
0.8635583277661913,1.336780155427249
0.8500530445807237,1.3376884254875776
0.9027303984728874,1.272912122420451
0.8768264738049454,1.3052766915866139
0.9411926644797586,1.217161799100817
0.8873671552209406,1.2997083514696615
0.8805285862367562,1.3205021107719974
0.834390873733474,1.3796257136372738
0.9185520299784236,1.2419238095794796
0.8769128492984488,1.3194381370882442
0.8707971801077701,1.3113074761119274
0.8187108726134715,1.3946452198105614
0.900802017055178,1.2656139698428541
0.8357453353700004,1.3847499635814986
0.8664173926537082,1.325734699179308
0.8763999559690143,1.3167083477160513
0.8275727332060254,1.3931660190774355
0.8634400271722955,1.3269979535335088
0.7995385436482707,1.439141824426111
0.8496931575982327,1.3634747694468397
0.8943668206548572,1.2696621616717187
0.808878690487816,1.4470376390145545
0.9053157669907708,1.2719213672712653
0.9502381713887271,1.2039619055023563
0.8269103525635491,1.4033161668356187
0.8862655916367268,1.2974309778716655
0.9015611532197483,1.2701755621341784
0.8796637813947816,1.3021770956069896
0.9298303731673994,1.2160386331436683
0.8620687115457462,1.3236146090002672
0.8626186508220279,1.343661954355903
0.8274210520094543,1.377361949179713
0.9152100843669595,1.2513782826816782
0.8395912938623058,1.3627420550561555
0.8889551529786808,1.3016980233489104
0.8654708674908305,1.3387868090907917
0.8500560498439225,1.3389344861551271
0.8820987047150448,1.3181332246119755
0.8324540061798467,1.3691423573475225
0.8554100200272521,1.3732700973710559
0.8717624005701872,1.3363701286176386
0.8237165505695787,1.4059059888700924
0.9380530876861848,1.2330060348027905
0.8785677508556351,1.306738557805462
0.8633871980192784,1.3159326321010592
0.9065597159557859,1.2681685982708026
0.917291093348622,1.2473104327364593
0.8336601759153486,1.3720208019644466
0.8225326680086864,1.3991567793549637
0.8943910513355571,1.3020091010587578
0.8695632095910202,1.32843229883345
0.8705379011071204,1.3316303557080613
0.8503741377418275,1.3496365111847588
0.8598399490340414,1.3316725901197273
0.8719658022372359,1.3233628102824602
0.8797268085106498,1.30515152994734
0.8832752454656216,1.305864896476577
0.9244488282878165,1.2281602974565085
0.8637505541511665,1.3455786379644217
0.8990365157548454,1.2878276752640196
0.9596040036334241,1.2007621896299152
0.9240047605442572,1.254119929764361
0.8939707505245618,1.2633760334655895
0.8539417096395125,1.3526307864006284
0.8447709110808221,1.352493351293925
0.8344321654614115,1.3867202477356864
0.8108215195357091,1.4470726280758386
0.9047372599387697,1.2574014901331283
0.8952770033961384,1.2909635290139003
0.8566240684811759,1.3414048907508636
0.9071626908022281,1.2665398849723082
0.8583575360469304,1.3281652621047007
0.904110505034806,1.2705654553326327
0.860818803242638,1.3337193884649317
0.8758787210205108,1.3270831638481004
0.8171687060547221,1.4071483592290013
0.7984736734060116,1.444158996437114
0.8794521876769259,1.285975110666102
0.8664749036277117,1.332401721201229
0.8713049553624299,1.3244654458547844
0.8225968373320007,1.400984225526414
0.8776797609505242,1.310717426083803
0.8392081566268554,1.3779461652494045
0.8958248779537892,1.2707069584300588
0.9445671987339792,1.202823118545518
0.8179169009618534,1.423580610223534
0.885018732569939,1.293320846625939
0.8714670654629892,1.315623442449294
0.8820365150494363,1.2848091915810975
0.8558419314444179,1.3568176160259666
0.9533778408987241,1.2005040151511928
0.9280615732574908,1.2407372684510294
0.8453121251891471,1.3592347967464606
0.8375484421660753,1.3762165299184688
0.8644805019016557,1.341722744755486
0.8628329499024983,1.3271533812125018
0.8674813022256942,1.3416692756202486
0.8859426221764188,1.3082041635855273
0.8563862894077392,1.3339058695997812
0.840599722867498,1.3719320170145763
0.8428366217017298,1.3498877044557165
0.9107369938107441,1.2639860952463615
0.8772643262028992,1.3256577011212005
0.9195519961976697,1.2411562438050685
0.8662564299823745,1.3237303745749782
0.885329772442911,1.311455947122613
0.8727190761582746,1.3160192932376842
0.9127236740062172,1.2507583637466548
0.8969247405900775,1.2935146328653064
0.87140701286166,1.321495505130429
0.8912883814159187,1.2861761040417188
0.876406273859671,1.3202953199678478
0.8195807682977807,1.423441264782983
0.833343853878687,1.372371275014451
0.8858316597320393,1.300888329581034
0.8346903487393396,1.3802426892348876
0.856989908881644,1.3558768022432701
0.8180283409889122,1.4161432093005977
0.8868848790657566,1.2828429222664048
0.8566407985396538,1.3462635899090831
0.8911772308517891,1.2914464286817675
0.8389142377840497,1.3802196972765437
0.8533969331111881,1.3504319638242614
0.8203030922223105,1.4119727917187717
0.9096871056313434,1.2631867928304825
0.8640533272339037,1.3358724205735255
0.8188592895827751,1.391047219710373
0.8856609884104185,1.2880006005405276
0.8876074474085904,1.3012356330206194
0.9088788262907301,1.2695416814955929
0.9124224060171315,1.2430892584610624
0.8880473709096486,1.282017260787124
0.8795271593368601,1.3071231608697895
0.8715179316476946,1.3281350533111342
0.9440744138428248,1.2015331956729334
0.9580584981502007,1.203276671099641
0.8652181917341675,1.3296840568459696
0.8372806924106084,1.3653024588461358
0.8897297720758142,1.2851022468776132
0.8546651580664137,1.3602181271761389
0.9623333972013228,1.2026938322256124
0.8182444789013592,1.3972965765284546
0.8571641295830243,1.3281409333578702
0.8216200236158036,1.4014604661982744
0.8657224241218642,1.3297325680695995
0.8608100278358142,1.3304096566079053
0.8595599995948362,1.3492448976110596
0.8676300282709075,1.3194541962048658
0.8964533915698254,1.2787065934482016
0.904994490815132,1.2908414367312058
0.8408087644638591,1.369765056408554
0.8356274566845117,1.3736948318444
0.8377226751662665,1.378057645605513
0.8837966016148675,1.3146236561696207
0.9110440698163826,1.2587393646309055
0.8665354314986289,1.3332988354750506
0.8910682875826308,1.2783644110389818
0.9129289120029835,1.2506655471793964
0.8903882045516387,1.2958981851193936
0.8887955206627556,1.2953794322740066
0.8893329494480822,1.2995716067076366
0.8307555009120307,1.3746759961490147
0.9050061456375103,1.2614001654382214
0.9158611861190802,1.2492120509840727
0.8376917217931057,1.3749350209726068
0.8612280257830884,1.3302449512591303
0.9217228262098662,1.2277814959948692
0.8923798390824567,1.2804875855438929
0.8364313358999826,1.373346712012805
0.8730113658351677,1.3133479689747303
0.8364527056047872,1.3602484981266822
0.8459527234150421,1.3456881470349238
0.9610464369075356,1.1962371990342215
0.8158833154077585,1.412049702146593
0.8595570333084264,1.3390730148259076
0.8784887407633002,1.3192510055056057
0.8275549340584567,1.406714004637186
0.8197794650263925,1.388617250573452
0.9131648178939946,1.2543302423889595
0.8932915513874953,1.2815578642302636
0.8933366502850391,1.2856580677442695
0.8704413982114925,1.31976876447411
0.8957357989790466,1.2684978556717992
0.8314446898807757,1.3829017665680403
0.9006648868244485,1.264721798154259
0.9052482758524454,1.2711901051220853
0.839720490474807,1.3737508241614627
0.8538430663281065,1.3423416271518405
0.8878048694284228,1.2966034314302712
0.8742088125017697,1.30224661893081
0.8656771591371248,1.3249609840688898
0.839734275735454,1.372820376672631
0.8847777919088817,1.312486932842277
0.8614759331257311,1.3323618429212158
0.847259095831387,1.367199342549134
0.9414163557071904,1.2174012673772927
0.9399736830738921,1.2274272810196676
0.8584321274266291,1.3528986663620295
0.8392807662179145,1.38110357338081
0.8590722362319789,1.350637643693635
0.8509302397867207,1.3417620611957382
0.8731056149861252,1.3079510440913393
0.8385233308009512,1.3576309525438077
0.9291723376136052,1.2259840873406258
0.8239595871358711,1.3741375267585447
0.9251238406875693,1.2300325183479357
0.9181126976311258,1.251902665929927
0.8636130617293525,1.3286358290977036
0.9156332382599559,1.2331672964205926
0.8831938651212832,1.3001762110953214
0.841788616390269,1.3746493482581281
0.9115563329093119,1.2730224049050267
0.9518771834652051,1.2186268875505637
0.866841299392332,1.3320770543192577
0.8732742803079008,1.333496043891766
0.8554070462844723,1.3512686499746278
0.8319132391360757,1.398283970077843
0.8677596181431846,1.3246276168781064
0.9220181737716755,1.2310347451995038
0.8644458397901891,1.312525767190932
0.8984527685330284,1.273047844724016
0.8185778228694134,1.4104052161276106
0.8558673594751538,1.337804836236474
0.9200095855977215,1.2482487059164082
0.8572358498482351,1.3387507523098516
0.8214180285250121,1.3945038915170704
0.8965049009905934,1.2967744300267987
0.8561728169576668,1.3486607336469985
0.8345452430987061,1.3537643721141357
0.8983656850420032,1.2902711446946986
0.8650163135041546,1.3285866329216052
0.8889394198345553,1.296960748226645
0.8446514343791782,1.367786896983056
0.8675524227531706,1.3122707803838163
0.8467623691128501,1.3405781987897871
0.9514563441940569,1.2066692396258691
0.9288843756383549,1.2369855462464887
0.8625280721655344,1.3312263072357626
0.8536574518209512,1.357496341933314
0.8668159935567907,1.3333130935289257
0.9023425921229151,1.2599699533015245
0.9307126813182243,1.2254014107320983
0.9383658434788715,1.217875949128708
0.8755339972209011,1.3055099611963206
0.8241827991262798,1.3949780818410533
0.870246828947759,1.3058066313080658
0.8949581261520831,1.2851343016826282
0.9387036755600322,1.2264943452221486
0.8955711730329179,1.2922545346626737
0.9111100149882039,1.24580420386284
0.8513040381473764,1.3446586807408984
0.8548711745892261,1.3217543088386141
0.8067339786156775,1.4220239673630304
0.8984246971110947,1.2862110051945188
0.8597398151454498,1.3228231184473647
0.8800185043223685,1.3110080496023142
0.8406647018578939,1.3686417689120396
0.8943668206548572,1.2696621616717187
0.8277038473033425,1.387260090499338
0.8068323433156326,1.4164842889709819
0.8557178073860392,1.3306919074554442
0.8249212192773483,1.415061237174277
0.9284413509323743,1.2337703250000076
0.9148745595347634,1.2631476893326743
0.884402773077239,1.2779823569716289
0.8785986682847895,1.307516324171155
0.8926705536743789,1.2765719763075116
0.8688410274741796,1.317752648434166
0.850558724473478,1.3537609388041774
0.8463008213336005,1.3667338474382535
0.9121070481732128,1.2592897154812184
0.8307395912222608,1.3937124308277482
0.8727952047397378,1.3273744588060485
0.839855856400908,1.3836161423462945
0.7995350948163011,1.4304787369504566
0.8850890429908949,1.3009473514093957
0.8666004404989274,1.3344611200906091
0.8327824683939269,1.3830148964178635
0.8166190549167498,1.4166115071075889
0.8907627866638814,1.2900200810791453
0.8568357101352062,1.3409271197232153
0.9015564929826634,1.2725410532494532
0.8641671043161891,1.333866842714303
0.8364205750927245,1.348843087729889
0.9818164335849688,1.171618947995087
0.9000567497447276,1.2886973298921849
0.8810755826480405,1.3015257913793543
0.8511151071665266,1.3493411993968258
0.8304523141349793,1.390466340962718
0.8734843052164096,1.3151632051515514
0.8291982494814978,1.3957684763897011
0.8914159193820712,1.2728799175901009
0.8913607313659915,1.2993802925703464
0.8593942683578477,1.3536662076283286
0.8422960052071207,1.357221952158439
0.917359174933621,1.2547766412651518
0.9501978287296484,1.2084861232713953
0.8552049723945607,1.3507854905340386
0.8804226901678358,1.32974943563587
0.8195273863323842,1.3981874070972842
0.8817013565625189,1.2961895504466574
0.8506716333096911,1.3576795135976252
0.8360865821281376,1.3753001196651766
0.858403759171283,1.3530949949785427
0.909008688499771,1.2643811367233764
0.8807996718051752,1.2894210180913084
0.8415657784186112,1.366362217196526
0.8428335215571936,1.373806802911182
0.890589058579486,1.274614307605755
0.8984445903580811,1.2956231034254901
0.8497695547509538,1.3540421248622638
0.8747917021334495,1.298460813359583
0.9009374954682423,1.2645542307126327
0.8897322179817884,1.28345136011254
0.869010283264724,1.3261426127333713
0.8800346404784807,1.3041334753434524
0.855048794695062,1.3433143849322224
0.8803523841769578,1.3068143698297798
0.8635275525563062,1.3147855535401871
0.8489439768099913,1.3714396479135769
0.8750352871726559,1.2990966135921793
0.8487927083334745,1.3556166759200161
0.8414012828997413,1.3722672167429908
0.8209388004640854,1.3954128211569532
0.8704412191377398,1.3425993907174678
0.8346101577020606,1.3856912526235534
0.8769798815798688,1.3080046108955325
0.882948432622993,1.2985336651414
0.9266522545040965,1.2167693856926636
0.9057919657724576,1.2604712637406896
0.8685695683210832,1.3223955079913996
0.8751660274062769,1.3056264203907175
0.8497053075556291,1.3573879857114375
0.9282995256512578,1.2458238915440312
0.8501243169918873,1.3311177172112905
0.8434256680013299,1.37201661708235
0.9049011470766941,1.269000039075681
0.8467820812066726,1.3592598098544968
0.8669167939118356,1.2977209089293023
0.8627565411293692,1.3306505598210976
0.8238727056967612,1.3705544969669123
0.8939502465954576,1.286177176883912
0.9327948674550968,1.2376873028938424
0.8410003350886266,1.353024772385498
0.8442009386387566,1.34703472341067
0.8334757068215961,1.3935342243695317
0.8686933998089548,1.3047345648827235
0.8786027122651174,1.3124662141895116
0.8719779271278003,1.3121325710912142
0.8258785143961573,1.4027582701053856
0.8335605989972521,1.378222736363637
0.8598146317774282,1.3487875770415803
0.8820335336268565,1.2984476870320771
0.8794659816793651,1.310113795155942
0.9314958221592631,1.2429030823403049
0.8411984351854602,1.3659241807706022
0.8929873907917258,1.2880865530634698
0.8231521958519121,1.391013815037684
0.8687455531354165,1.3277340873144756
0.9533296743356321,1.1992632606596674
0.8945173004460796,1.2811009771311546
0.893879588388313,1.2766667519557062
0.8842126519187468,1.2897365112899544
0.9626627262011362,1.1895383274032052
0.9089638381339102,1.2743975037617563
0.8824335151843092,1.3030263781354232
0.9354277913028797,1.2078824031825295
0.8195648636148245,1.4088451073299608
0.8571262617569879,1.3326718011128
0.9060681252728842,1.2631996461822728
0.8304648097653071,1.38503959243397
0.8843426831460011,1.3162288546077086
0.885328732299153,1.3029164077542217
0.9302985235275745,1.249141361757792
0.8867609069109756,1.3109113384604494
0.8773893340108911,1.3142344111708941
0.8675737741521328,1.3237862642961935
0.8591867242332878,1.3420063889476628
0.8440691057468881,1.3723095239890957
0.8073189682863375,1.414458468609181
0.8844420354030125,1.308226810276627
0.9522487433271425,1.1858158449664111
0.8547236793261901,1.32813550748683
0.8859289324151984,1.2955281367091145
0.8563207817859646,1.3534063008575343
0.8756110978176985,1.3113816289103992
0.8619338958042848,1.340204671450964
0.8256185956247348,1.3798133044212353
0.8455900598760417,1.3625546978722771
0.8154103755989348,1.4210835307860235
0.8629534591427872,1.3291330223025135
0.8379092600859464,1.3726715465260406
0.8925788521835161,1.2872764070408511
0.8644015898479098,1.3316487220278164
0.8567552503106373,1.3384818677920962
0.8155905167388833,1.435526647964032
0.8792887304903163,1.3097836399951175
0.8584818708236803,1.3279677362882032
0.8671459473476038,1.3203607341375512
0.8411864902918922,1.348479924475325
0.8493824520615603,1.3686873392015466
0.8181501178739772,1.411981143262866
0.8078375627873036,1.4242977927013039
0.8920569773616436,1.2898717289474737
0.9021492707484418,1.2640820539909203
0.8387817218594651,1.367124312316646
0.832081077001041,1.382680060096453
0.8306545130861436,1.3903279099809562
0.8851193600322256,1.29442808508812
0.8761458845154326,1.324754509901231
0.9386835783884779,1.2129973411539547
0.8851337143595799,1.3249052612937313
0.9245396138037265,1.2437447714400316
0.8446258945992966,1.3642181522990044
0.8208114818058461,1.3991480454421619
0.8334018495731657,1.3837161511756997
0.9223919067760957,1.2371249960911581
0.8289790013625422,1.3930706802873238
0.8822507735933671,1.3183059804480255
0.843560991890026,1.3639840673357686
0.890984229649018,1.2840913547442985
0.871415042516068,1.3282304128380191
0.8280251340799343,1.3906937281702616
0.8374161696072544,1.377625732025252
0.8510023358305883,1.3398259690647139
0.866134537237677,1.3251342798073424
0.8577301315953556,1.3463651779816226
0.885066860602401,1.2994368680979647
0.8785250296859108,1.3163095433491578
0.9009337109855342,1.2724987547528952
0.8702188014224341,1.3113648266843203
0.8532578566809048,1.3622461793450462
0.8767013017817682,1.3008549309162838
0.8581207289689672,1.3336511649652567
0.8687783655799983,1.3356753065940155
0.8697972048147364,1.30405620508547
0.8569819812678832,1.3434802202611646
0.9200038797845032,1.255425691178598
0.874863063935664,1.3128590422915303
0.8740251534794019,1.3295966481909876
0.8262019163389387,1.4066881233936546
0.8674208824704313,1.3271360641971788
0.929571387149718,1.2428875111424325
0.8889085475021499,1.3065783899844248
0.9073477111333652,1.2615224316151474
0.8437440031793579,1.3955887000616516
0.9174149568879746,1.2560375977299623
0.8786986355634532,1.3100211326888547
0.9224221796730274,1.24062616719089
0.9023625938929656,1.2519344877751406
0.8352730072782617,1.3915603676929211
0.8766968094401479,1.3282417266818123
0.9065441981166287,1.260253816131187
0.8834946722251271,1.3038349480293607
0.8595825832884818,1.3485799514690313
0.8495373153754244,1.3436090096415734
0.8832083002399036,1.3056591766829766
0.950027133636272,1.2135910396690244
0.8445283501031078,1.3529945598621766
0.87128328274759,1.32963524179246
0.8841405391015551,1.3226650098075396
0.8727264516338247,1.3299483406691437
0.8757022438335467,1.3271068157372305
0.8368382298321893,1.3582797648249778
0.8650913636907087,1.3239026486229928
0.8691673348392761,1.3211430494495853
0.8740351981191654,1.32013557924903
0.8617981908421399,1.3300038632658457
0.8312361068533127,1.4029401278710552
0.852803404252499,1.3598796763102046
0.8317304648245256,1.3992527356208098
0.8807798557868589,1.2929836225394193
0.8958074565416696,1.2842417581833012
0.8694196371773601,1.3126855038839549
0.8850110776108564,1.2858735931867606
0.9620362232616639,1.200201615615675
0.9221972217970504,1.2302701136490322
0.8316869394002109,1.3881855531369796
0.8554931028825721,1.3443381004175556
0.9284215488171454,1.2375048961624413
0.9274966847675377,1.2259977342857449
0.8581936910145258,1.3369629163515384
0.9081731394167238,1.266776123255402
0.866673044612509,1.3229525353603868
0.8432743875810444,1.345848319768326
0.9542105671348347,1.2023438089785095
0.9085284597271601,1.2642575768257778
0.8345769314941414,1.3902374303154308
0.8622073168933733,1.3480092595514126
0.8724699265688942,1.3160734167511605
0.8396672798084879,1.3726859885106824
0.894024491999853,1.2871296611001322
0.8449874494473661,1.3774876460072967
0.8568051510247352,1.3395617299692453
0.8728676920660468,1.3108580872693019
0.8399696947349435,1.3633507100106377
0.8916152379931694,1.2766462415668445
0.8560870508079386,1.348939448479662
0.8392273419923122,1.3740530157580049
0.870910386815092,1.3260060282792019
0.8533551804905739,1.3481833524342988
0.8774985069004795,1.2929838141666403
0.9012929745005738,1.270795936640379
0.817103988429146,1.4057274374636597
0.8705023071645053,1.3427542725790067
0.8710955652546839,1.3199119768178538
0.8823678603281413,1.306884334468145
0.9183963709833922,1.237403555237283
0.8812770838115094,1.3214965273297372
0.8258479286685645,1.4009694673328466
0.8777153011280439,1.3098440410005086
0.8955967313191004,1.278753325526772
0.8894560860210168,1.2884743351207164
0.8551056365104845,1.348969297616035
0.8309774413009856,1.3855405574091622
0.8506632893847896,1.3738814550452516
0.8407196846198677,1.3816128545803705
0.8506716333096911,1.3576795135976252
0.8462043610092191,1.3609138156351037
0.8695516241092878,1.3292215036996393
0.8698261838177628,1.3202445149315467
0.8826477220900004,1.2902419558901743
0.8058698167254956,1.410140290325794
0.893918285906236,1.2945659063016872
0.9164890966520336,1.24674410714987
0.8445698486735462,1.3690567703096441
0.8388328252923816,1.382869507221712
0.8957554480356749,1.287011929624195
0.8909997806485488,1.2891408355039928
0.908174737857024,1.2678508018276724
0.8929784030446437,1.2851595652378065
0.9133279917096988,1.2685176327247785
0.8254946396102798,1.398610215045579
0.8584213566141281,1.3276860685180092
0.8785825542396368,1.3088421492205105
0.8961550056298315,1.272382292826591
0.8432847439139712,1.370620922704576
0.8889871620049321,1.280377084601682
0.8604007093641175,1.319774128222436
0.8172307002442323,1.4157939255371994
0.9257210035145098,1.240148767543949
0.8696321037614341,1.3071212880139538
0.8401969797824966,1.3758598933848702
0.8349643970209211,1.3757915526154212
0.8755018981384615,1.3067267042965534
0.8722323584278056,1.3200470791094214
0.9341199375591955,1.228077783303522
0.8475873551960098,1.3491066941059497
0.9632647288396234,1.1907970003897093
0.8222026954200772,1.3999240923072556
0.8623182832044678,1.3302084432921486
0.899272476952101,1.2837627217507737
0.8977442158051476,1.2818555665409062
0.873916232990074,1.3147137088073502
0.8650859168501304,1.3159836966550564
0.8992805377587947,1.272722135721325
0.8894466745183032,1.2885106466689016
0.9038461844382779,1.273285415484512
0.8422360537956362,1.3682812360354093
0.8075195551935401,1.4368522749559254
0.8641360927933963,1.3213262066261546
0.8603471456932383,1.3463751570160762
0.8652092437290415,1.3342316353269719
0.8916233322489173,1.2938014063086518
0.8916452913680166,1.309561078086516
0.8614912726656654,1.3263458625391265
0.848230983032694,1.3709277506518276
0.842962697993338,1.3385799536789138
0.864955798214375,1.3322007645624174
0.8914388972285521,1.278582277371532
0.8721759225057688,1.325428837606189
0.8543857797877172,1.3352527537814927
0.8784950890034582,1.3100324401214478
0.8114534572896315,1.4157877572704929
0.8756266279005882,1.3019371595245022
0.8805704676169241,1.314166183095348
0.87764830871632,1.314608677890228
0.852464321796339,1.3418800178590917
0.8192543889439532,1.3971909098426465
0.8609336213107375,1.3308057204325352
0.8598264356705416,1.3417249366590307
0.8938793772354157,1.3030469920920442
0.8580155044200877,1.351206629718065
0.8724110120653521,1.3214946984531324
0.860146158692972,1.346367811102475
0.8429001325421304,1.3676417621088113
0.8818498291101655,1.3078841629863636
0.9392865231233869,1.2051141687112876
0.8456025476922986,1.3667412514985018
0.8250254611549559,1.387914733885021
0.8463919273168949,1.353657658691577
0.8813057330902838,1.2984487252999501
0.8658896630805533,1.3316255961619041
0.822352073579456,1.3930478693542854
0.8920228020005161,1.2883355213706584
0.8781772914734431,1.2991488748900402
0.887146654942913,1.2994588570716399
0.9301284624794037,1.2371706194298013
0.8282449509363286,1.3970804115353457
0.8898840009400983,1.284235098107844
0.871282157314619,1.324423476367531
0.8245409293496904,1.3945656285637114
0.8575614578222539,1.340180473261003
0.8432531901222902,1.3690153509104996
0.8881392718555299,1.2857115551284206
0.8332039965102553,1.39502245593565
0.8032861630023165,1.4594648771508345
0.8866669439417465,1.2995427390063525
0.8785545215883208,1.327838804029692
0.8748806566259506,1.3214700901385914
0.8704412191377398,1.3425993907174678
0.8350344468162079,1.3766284483127966
0.9152183358600527,1.2645526345605913
0.8598762831118087,1.3384431581142424
0.8760061037177562,1.2917933452599482
0.9230309281312732,1.2439689725805119
0.9200668769259466,1.2468678208541493
0.8568648768101703,1.3320389888797894
0.8743423367971823,1.3043068493196905
0.8609255053380418,1.336245786641886
0.8646385784409181,1.3329873758636919
0.8737591640183513,1.3144133603811827
0.9057634616268342,1.2763965395349541
0.9229332936096784,1.2397916618836025
0.833148608371191,1.3699221405369622
0.8273424805721346,1.3873798712732097
0.8885075519742074,1.2915807143683542
0.8640719309885343,1.3413891143897174
0.9011506851477662,1.2615615204609552
0.8868393384435744,1.2924776018018205
0.8663377289781811,1.3136964354101321
0.8197319168308377,1.390459242934404
0.9135474056495474,1.245773182385261
0.8360719360136055,1.3476930909770561
0.8857617681806171,1.285782095756347
0.8933448939134563,1.282832747765375
0.8624793507698663,1.3401556871483598
0.898003934274815,1.2834524226658541
0.92452681883227,1.239537435899985
0.8858541122885473,1.288347084559387
0.9380965438226674,1.216942959784626
0.8852258511272237,1.3003458513960955
0.8777612499894114,1.3019809779163
0.9183514643215336,1.2602562004285487
0.913326054905268,1.2605366936548275
0.8871247321887672,1.3085566843622758
0.8706878604373935,1.3270163823600563
0.8471741400920343,1.3706771838052545
0.8974280401471864,1.2763018857104504
0.9235170324729998,1.2568985666412347
0.9315919248242599,1.233647865295658
0.8690279106996077,1.322313935169406
0.9236328505083837,1.2391163104359708
0.8794514563996205,1.302155760166104
0.9107395307463813,1.2529218310652253
0.7962836257984189,1.4553676621476048
0.8540177385970407,1.3360773303139437
0.8910776340104567,1.274403030836703
0.86364196175659,1.3251120218156545
0.8309084059433076,1.3858045265278487
0.8272900035268143,1.410783152990468
0.9016033052419334,1.2715230651355702
0.8342227574112602,1.3612720344198657
0.8826828081628493,1.3053586247206883
0.8801310597629182,1.30847365686824
0.9360369838350191,1.2380268713023082
0.8058524874931683,1.417193938637602
0.9401722561460844,1.2261961970872666
0.8982952476603538,1.2763611516559548
0.9174719958198336,1.2509064862602468
0.8613532371119297,1.3356985870548204
0.8552079859274953,1.3366138740008253
0.8650935748922779,1.3240704708619326
0.886529260261339,1.3034889664200564
0.8637097802024198,1.3364264899033873
0.8692770016346973,1.336632773177169
0.9517402303604083,1.2083122963337047
0.9202124440478925,1.2566307531254188
0.9147347216401369,1.25025263342232
0.9280612099215828,1.2360776600074326
0.9572605137332786,1.189607596820703
0.8754559441731924,1.3187983607884282
0.8543608028860035,1.3619888494069115
0.8540326162553087,1.3371160121230745
0.9438488770419371,1.2124612883519974
0.8603123699147057,1.3439787564338286
0.8622090033012002,1.3083794245122233
0.8469755769192413,1.3526485441408496
0.9507004432266635,1.2208419383733093
0.8946164152676774,1.2831473385831664
0.8719755115020644,1.3075549362736212
0.8670224936858635,1.33481624301438
0.8952400766132589,1.291980547766147
0.8883760011616033,1.2871768194610804
0.8894189901312994,1.297710063183507
0.8949301362864504,1.3038546794612866
0.8454326170552648,1.3657760164831123
0.8792951923490746,1.303481854650558
0.8529055925824867,1.3604301370480663
0.9152745659798498,1.2437742151687268
0.8675944386167835,1.3200756245187075
0.8262850653320022,1.4101399787728828
0.9348378609695482,1.2112100023638892
0.9121684314814147,1.2651090456364948
0.878066087269654,1.3176609441811218
0.9254077398045231,1.2413289616230017
0.8376819063423302,1.3712550667363368
0.8704673909757641,1.339694438328455
0.9247516779768752,1.2385809613032723
0.877220454081366,1.3117419243163826
0.8896183057324127,1.2912256201876706
0.8510611091146414,1.3435055307901405
0.9115358408906189,1.2661727914449596
0.8630306188755685,1.3177746525147012
0.8794858641371712,1.3071596654459894
0.8932805503508507,1.2903397520647362
0.8540644323579474,1.333187540895938
0.9138501446187737,1.2473843535466302
0.8867111588631018,1.2991568493292758
0.9056243397411863,1.2659195698278118
0.8546620539619834,1.3424098983284414
0.8872602881154892,1.3130471963138854
0.8397047681076735,1.365308134794867
0.8801473314197523,1.3086941193433768
0.8338793697230005,1.3770206411420591
0.8373747279846957,1.3708940529632865
0.8932687955190812,1.2746346577013823
0.8744784128197229,1.3094670574936578
0.8622664759455776,1.3264791174752555
0.9053660164521571,1.27890393398581
0.8576048997577959,1.3293086925920474
0.867758844229739,1.3369884615984213
0.8704248583100405,1.3093985905005545
0.817117789587176,1.4116101593553485
0.8896380515591671,1.289506322419369
0.8688946766492476,1.3164382375720536
0.8764755090449703,1.3137936549783336
0.8343548702488242,1.3871051933048828
0.8782152259949068,1.3170468503062729
0.941095012266814,1.2142169985291957
0.845716004150781,1.3415830272488058
0.9400507017964379,1.2095200265602477
0.9086191357151068,1.2567800688968394
0.8012068463315611,1.4505644000175966
0.91235836140294,1.2513802865447956
0.9014599712629414,1.2778598518321613
0.8873657660300591,1.3043555157168607
0.9211179040943656,1.2521588016644833
0.8723892251158212,1.3119702987027526
0.8449557650810307,1.360380344799313
0.8535163432495596,1.3516404459891012
0.8843747488727276,1.2854757641562282
0.8552655142014636,1.339155724393178
0.8549884997818125,1.3555842782903462
0.9077969386348517,1.2545502011514982
0.8542100982751364,1.3514355955063648
0.8985031685765239,1.280288277527571
0.9260777138837779,1.2461654074001993
0.884779062655145,1.3047517880351365
0.8692172023341773,1.3330824651771234
0.9569593130955394,1.207288848648078
0.8704602793854819,1.319438518772763
0.8287103333007546,1.3788809913816504
0.8885777663093888,1.300365332256906
0.8450775753870177,1.352808276936144
0.8893854517500575,1.2953775422501943
0.8568928904802042,1.32057790944992
0.8678266607292981,1.3214643521514888
0.8715114990440782,1.326347153485775
0.9360360444643108,1.2195529812514134
0.8923633368931561,1.29303501116342
0.8810670534305409,1.3214334590559869
0.8736623177097804,1.3122532887739864
0.8222026954200772,1.3999240923072556
0.8375109014487621,1.3844490911313652
0.8400698014695707,1.3752510979740253
0.8624183283486535,1.3323328861101407
0.8732261300830177,1.3048880049441585
0.87666863565361,1.3149098887994444
0.8408311500729317,1.370601866043993
0.8822168733943039,1.3276553611342845
0.8868559774883857,1.2938499272234516
0.8816422856646111,1.2992939723774144
0.8199411255501949,1.4128572263623884
0.8409967467435544,1.3691688896143623
0.8759311483337255,1.324364470837241
0.880404015446282,1.3252088655460714
0.9047037331637082,1.2757897916411622
0.8448075761080516,1.3739580623099976
0.9078962690564942,1.2671305346733766
0.8352438172287804,1.3797432285422042
0.8934906397043345,1.2829987257537774
0.8600861308381711,1.340544213667001
0.9076708044235382,1.2652292579457394
0.9085086418960062,1.2621802621540181
0.8602148133505725,1.3362651091230922
0.8847365802492106,1.2969753453838646
0.9067861440649982,1.260520082833592
0.8643988479160458,1.3512661987032333
0.8637705642436855,1.330879407423065
0.8587033983301164,1.3531141441017722
0.8720109313086502,1.3220908253725316
0.8474150377009046,1.3662159234079154
0.8270295984887814,1.4036498402350697
0.8150668113274708,1.4333719476279312
0.8710934284322693,1.3419597542716741
0.8687058485017114,1.3119294227361438
0.8154087967622923,1.4111627617300981
0.896651115765895,1.289584589826646
0.9105010961548794,1.2614415933848984
0.8409760814658627,1.3763752893433316
0.8806661814170573,1.2950291376903706
0.8458730165859258,1.3587946199850438
0.8880523875589688,1.2962587365368525
0.8994176292472422,1.2732472911454862
0.8150500579393791,1.3942109854765192
0.8721232096177252,1.3084294731505723
0.9115409889493185,1.281648131446893
0.8420854138884541,1.3697833791879388
0.9019752031779837,1.2728160992218323
0.8216116666382258,1.4070184256260965
0.9122416255383785,1.258466092234894
0.8508938542361053,1.349312510839426
0.9019081871362762,1.2846717816973854
0.8313366599118928,1.392576566108105
0.85897783387955,1.328570243937687
0.8397400727749602,1.3674715485554494
0.8379621558267261,1.353552404512315
0.8667902738957554,1.3173202659011471
0.8638539103842078,1.325699094331801
0.8399501754004044,1.3674268771297409
0.8804346741375535,1.2963869597990207
0.8941053418560365,1.3015635039759665
0.8608753005269045,1.330548201890092
0.8810451293400277,1.2962902032886117
0.8688294484142689,1.3086374260640832
0.855705854108163,1.3362518593072574
0.8529848309021255,1.3613883094149224
0.8934366492830565,1.269294365247899
0.9107988216290359,1.2565382527898332
0.8708187154091047,1.3011590720480632
0.8375278527176369,1.3844166054578317
0.8944266427639431,1.2917996514318324
0.9775201662023483,1.1776383850216272
0.867172677175504,1.3095821491725732
0.872140120722853,1.312500580509503
0.9535413848949688,1.1868572322267001
0.8805727152688905,1.3057088723805792
0.876021621386587,1.3026637260231568
0.8160108569027205,1.4249686057101223
0.9234414572910945,1.2645583845891182
0.8739753232580691,1.3220448391562647
0.9181562648827024,1.2473547154408364
0.9492487912789764,1.1874671338965028
0.8785255927515485,1.3071483259552372
0.8403866885526274,1.3924594093904858
0.8727772836020107,1.3236856615400627
0.8561841046578675,1.3522750664707126
0.9669032903523618,1.1825945886209575
0.8870354969085696,1.2889766034542804
0.8348711506063518,1.3854459265664685
0.859130211553057,1.3390063212041883
0.8776893330145723,1.309599102718427
0.9296801981675265,1.2290703936289769
0.878980749865441,1.3237565769647517
0.8586116084140811,1.33631604142044
0.8854402871657303,1.3132345048162972
0.8895093682372828,1.2783722247382867
0.9063460776707999,1.2627436102617675
0.8916563246194817,1.2763338513534819
0.8825159927280704,1.2984923621166247
0.8547518374232916,1.3596352172688524
0.9048665796479847,1.2554246531649167
0.908664655277019,1.2625377746419757
0.9321557008900259,1.226300191389124
0.8621378322631517,1.3341827818747045
0.9481669100917283,1.2268646909998127
0.8914213045013226,1.2920023708833357
0.9292641335342966,1.2374157603593892
0.8610322752878841,1.311388029033604
0.9710452614993461,1.1872633439832707
0.8711736120145812,1.3290859036464282
0.8551749780151916,1.3583880632884267
0.8952387301162004,1.2779752140414518
0.7814236218824613,1.480788832668772
0.894030090581952,1.3008036993259995
0.9309111402556645,1.24497711474387
0.8600410369075766,1.3565177255753382
0.8250857291441995,1.40180229548715
0.9317746740771864,1.249323733985785
0.9097105657978164,1.2573855007902033
0.8934123426260561,1.3062638068841317
0.9137056804840524,1.2501408304263515
0.8896459370592353,1.2963226946627966
0.89798123699251,1.2815216428032112
0.8709928602434311,1.312602076527882
0.8464195132517998,1.352124260437839
0.8113795028413502,1.422845230439376
0.9236280303096851,1.2368133662506327
0.8777790140802866,1.3089644113541468
0.8861015165051418,1.2652950353691634
0.871186512865807,1.342082053108408
0.8570209615141879,1.3497472720537194
0.9245832769956781,1.2598318653693845
0.9443679873088402,1.2325748851401956
0.8548335445437676,1.323621047638519
0.898546156581044,1.2686144963030166
0.9016076707042919,1.267335204624317
0.8421195689015974,1.3675835993345875
0.8412224189044977,1.373800534136267
0.8361448623608321,1.363096003811733
0.832683157555679,1.37819223350033
0.8610098178134964,1.3472510952712973
0.857640900247808,1.3448700051036526
0.8992384300360987,1.2715250130364213
0.9255538608509399,1.2360771306720477
0.8425726301540031,1.3665349215643765
0.8779739567312801,1.3203548691036966
0.8750457300738745,1.323153822723277
0.855684078707603,1.334438780635706
0.8418045292830867,1.3836910504704827
0.8385855566010845,1.372137793746715
0.8894958156150274,1.30172079728328
0.9165590034213438,1.2456875260217388
0.924470629650116,1.2493349868872377
0.9229176434016455,1.2434623010206676
0.8586750702516486,1.3444422608641526
0.8517067613571934,1.384728008121889
0.9302575571575098,1.2311248816976015
0.907635053504459,1.2591698725988576
0.9310803417171194,1.225172088152013
0.8881440407096026,1.289787733328425
0.8556341441148785,1.3633528535908064
0.843027553823436,1.371088642321211
0.806327977350046,1.422110057927565
0.8238916251477308,1.410190594215921
0.8930702153640702,1.2826170749152084
0.9109737093899954,1.2567242507736411
0.8782938639795332,1.3186318374754247
0.9122160896401106,1.259884810422157
0.8725912736239934,1.3262144785486447
0.8106662149397754,1.4322444966832137
0.8384713220938387,1.3736890858051978
0.9674086933356525,1.1881513359574316
0.8535630353547587,1.3528556498376099
0.8194987752257341,1.3882239501306033
0.838396806145655,1.3863139364083477
0.9074472884820883,1.2449096573322327
0.811470205055616,1.4188640730209294
0.8849321328310078,1.301699991948331
0.8618629574739467,1.340462633229071
0.8888347703340542,1.2960982052090326
0.8775087452373977,1.302138589318155
0.8272552860901736,1.4056162813462834
0.8143975215381312,1.4132336289871694
0.861443500923196,1.3332331376729143
0.8684803151891969,1.3345630235342418
0.8954126678835106,1.2865494678485379
0.8779252051939068,1.305118890271298
0.85378541420146,1.348343257937287
0.8401034472484974,1.3726393582945124
0.8626774938006707,1.3406475532405664
0.8534389070848178,1.348713238223548
0.8781039651304148,1.3127601958638828
0.8319694284667671,1.376594077937315
0.8894601358940353,1.3025177279431195
0.8663545381562407,1.3535636183820448
0.863353433203329,1.328112982363772
0.8983358230338314,1.2855763795284583
0.831920160950381,1.3870519053864252
0.8361410797448248,1.3713602969537901
0.8677029129349079,1.330132318242624
0.8611689773945401,1.3495716243308726
0.8800798996282049,1.3145077858055871
0.8135669117899584,1.4107194243776457
0.8588384301353535,1.357365173839457
0.8446673084780105,1.3561852070006264
0.8528775609530148,1.3517805838941026
0.8483762124023047,1.3505033590142943
0.876066548987589,1.3087448583696004
0.9342288775428782,1.2161857286093793
0.9154213119766637,1.261273316499977
0.9277758351957448,1.2495993048817928
0.8814297344992066,1.2959290261297585
0.8800308299335473,1.3174502136216406
0.8570733645590092,1.3388112316298657
0.9091729935824551,1.2711514164419386
0.893179489743535,1.2795812189654614
0.9287616582407463,1.223723815205929
0.9511047041681067,1.1998729193756474
0.8598088135743662,1.3365823679226467
0.8567493817056053,1.3393745720415016
0.8902020712931724,1.2962863192557585
0.91061660402037,1.2476269403463651
0.8678071794501745,1.3255350820379883
0.8720978656633167,1.3100988248484222
0.8413371080680243,1.3721134592930855
0.8540903907651747,1.336413595524603
0.9173352033630524,1.2524824475950502
0.8124212090673881,1.4235545456999914
0.8784652994926252,1.3266784598783088
0.8595017270720453,1.3242863193012764
0.8894407786376657,1.2948826165425908
0.8389811115916339,1.3633607899330766
0.7940197412455123,1.4294921256426198
0.902398464080225,1.2745185020894727
0.8772746480813154,1.3084118088596224
0.8231436855434628,1.3941854703157506
0.8934638377677326,1.277107584210151
0.8919746684748673,1.2900460553955495
0.8343548702488242,1.3871051933048828
0.8911798857884288,1.3020190187877527
0.8907381208455134,1.2683358090545194
0.9121756126646094,1.2594968996712574
0.8878420236429585,1.2997559472816718
0.8610308774103517,1.3336890881606918
0.8874574407186333,1.2856148294983687
0.880451349684608,1.3012664058807752
0.8689959321457721,1.318135882725383
0.890483839816508,1.2925331698332752
0.8600948418838725,1.3403166646122098
0.7900296476582358,1.4439402125367482
0.903476889012875,1.2625190353477067
0.8641493690947486,1.343079387172524
0.8886772540936534,1.2879191625703226
0.8554359825497222,1.3499955227125744
0.8869841415882134,1.2726889758711561
0.8605946269341123,1.3527794731861997
0.9082054461586602,1.2695288735096797
0.8207904694991293,1.4140985285590721
0.855504274589961,1.3623580448742276
0.8513425346713339,1.3595043737922887
0.8524656910746198,1.346692490328435
0.8854051224762329,1.3160395718303555
0.8402914993001631,1.3623930638822142
0.8037558451870852,1.433271598564789
0.8336300195532358,1.388049170409016
0.8387162486749251,1.361686170320142
0.9117138763819759,1.2701474979758232
0.8169743318038734,1.4022749732265123
0.8784674374589942,1.3053190391700842
0.8235393184224156,1.400285802116026
0.8325515373866896,1.3967869136116806
0.8503203588745529,1.3407851890911182
0.919024168337023,1.2519879863952923
0.8852852908738189,1.288356167712819
0.8330463183160555,1.3919195065612202
0.8873195879778988,1.2970421062342155
0.8686760051021356,1.3269727778556302
0.895470714716798,1.292800018387664
0.882907411991791,1.3136411637615473
0.8624157850912895,1.3211282665479485
0.854178224907314,1.3479996504556089
0.836608932056303,1.3842797518626833
0.8789430363391513,1.2933243854507879
0.848989223494794,1.3587767294457245
0.8469631582852177,1.334409314475719
0.8749929159762933,1.3243434263195746
0.9347525473162579,1.2475158106635904
0.8845045675962131,1.2976492206380092
0.9335793671210326,1.2375083910968192
0.8823309325036979,1.307971720100963
0.8588729856467179,1.350457162549792
0.9382635118538292,1.215935986150251
0.9125652821356647,1.26041657542169
0.8899471206385947,1.3040606435449946
0.9205794392374071,1.252998514868965
0.8534225781867117,1.3524021142828686
0.8622316052018799,1.3308492128501577
0.8525561984284782,1.35781364034553
0.8893716608991715,1.3001501759207006
0.8739320238664106,1.3259660576914727
0.9217963275001289,1.2447692173461593
0.8314596188306913,1.3902784046728003
0.9070117850683079,1.2580813045864379
0.8845353325521006,1.283510017326973
0.8637290448360306,1.3324656280294975
0.9158879276022196,1.2579669426649274
0.8358211687535657,1.3755841904185848
0.9029636051408081,1.2642126341616622
0.8950833358819696,1.2855325726906979
0.809943500889696,1.445877848486427
0.8917879305144729,1.296315622970631
0.8321684095773689,1.3869873420926675
0.9047259903985514,1.2745253321745065
0.831123669245559,1.4001929643713542
0.929721573648836,1.2417290132105738
0.8756193288800209,1.300899284397777
0.8835171134392306,1.2800482121385675
0.8974343324131879,1.268293810407273
0.8400384299323516,1.3693016539149843
0.8846366162981285,1.3136718779273817
0.8656514834235962,1.318132461829356
0.8706520441122667,1.3219003426801579
0.86012557915078,1.3391280832389358
0.8877431419750501,1.2882935181984254
0.876750880070787,1.302427815439031
0.8602239998616545,1.323131609974174
0.8910876390855622,1.3121116282846434
0.900579174783682,1.2563142760571222
0.9579791112293381,1.2013000922768218
0.872846339084568,1.3133920639225594
0.8673961612003962,1.3205797564357071
0.8379419247360365,1.3722713110834728
0.9098625573235473,1.2642318944886204
0.838426678326045,1.3620497990342173
0.8771837474548347,1.2958133958941789
0.8618449206356729,1.343148640510427
0.8977210018578439,1.265225032083154
0.8967013256677316,1.2680255298778482
0.8836198604984642,1.3036499261959338
0.8374398291252476,1.3610098102161727
0.8202337554099,1.378002290705479
0.8768588062909088,1.2983389791977284
0.8882420037394425,1.2865714242142818
0.9013570597224005,1.269958600469813
0.8677057681527456,1.339250650304029
0.8307462717793772,1.386797538307557
0.9260697498094965,1.2304027440528371
0.8942205186176708,1.3040513712953465
0.914002420424946,1.2448886184487784
0.8710934284322693,1.3419597542716741
0.8421879909564134,1.3716827731575185
0.849442776934459,1.3591013013820485
0.8540270687966867,1.3248591896167352
0.8773984202294471,1.3258307084871617
0.8932414284586729,1.2809667529134594
0.8977560427937419,1.2721823789634066
0.8353254176986855,1.3748891379033517
0.8824496056080169,1.3138694124161094
0.8394511913108949,1.3744791896854407
0.8119168530816994,1.4143930419501805
0.9217507028889695,1.2361733279169342
0.9352995259666712,1.234548006223101
0.9036114014354706,1.268953497247197
0.8721740719198947,1.325674434306127
0.8553507047328492,1.345938330731737
0.9068155147312744,1.2624057186138382
0.8739637326262082,1.3160997810772153
0.9247603966390814,1.2541103844787154
0.8909291452406347,1.2928843619999921
0.9110252444909221,1.2415839187834465
0.9097366265118527,1.254206170018591
0.8529405624739705,1.3394989261597288
0.892252080780809,1.282014094200094
0.8889843396518364,1.2739234032291087
0.8442389781648476,1.3726830214239598
0.8993759830468249,1.2580369542720977
0.8686287506208488,1.3187107958457025
0.946921558052549,1.231507214045589
0.8891593186689652,1.3094724667553805
0.8361740517297624,1.377982649323334
0.7725602624525214,1.5120277020088286
0.8622901798697797,1.330265148501042
0.8913549552821354,1.293961288917064
0.9266084682724132,1.252175477299975
0.883178470028487,1.3099559054231193
0.9291395349558731,1.242356263103042
0.824741209392791,1.4225074786240057
0.9032533273555639,1.271601811203371
0.8862001507065842,1.2964114879218989
0.8349469768934923,1.3805269340381505
0.8990787159316074,1.3056310878420734
0.8577539876791918,1.329826734028377
0.9080757985636907,1.263627987336769
0.8862504387008077,1.279378730008342
0.8457032852471393,1.366551087636277
0.9151097462948914,1.250965915049926
0.8244741341614479,1.4126174342110247
0.8911873206858483,1.2832939059710604
0.8659681256923917,1.3318778863488148
0.8116238736102988,1.412249821907635
0.8143349228869623,1.3908243462463574
0.8694092236011646,1.321419870417785
0.885550283966245,1.2959748037819643
0.8681727431748589,1.3357435480160478
0.8333468042750851,1.3709380165246354
0.8763439584830883,1.2955532056454335
0.8135261284036441,1.429503863461407
0.8356290768156149,1.3899846811070573
0.8726089497363212,1.3219474011531265
0.8881454549005536,1.303064612459292
0.8957053602598746,1.293691019964146
0.9097366265118527,1.254206170018591
0.9458007865749016,1.2116581123918029
0.8568608643480529,1.3503810182359384
0.8430862223470439,1.3709672681449143
0.8163897477115409,1.4071121031838218
0.9245975375981155,1.2325366050398543
0.880555457853649,1.3030326539714818
0.8879892393695561,1.2944920935758246
0.8678483588222223,1.3196525391988134
0.8586354099931408,1.3453860953714345
0.896433236259996,1.2793973899450781
0.9071605076350584,1.2839983095561613
0.8644100853970953,1.3268160513322798
0.8880750155231347,1.2963547827450965
0.8675992562527943,1.3189823394359246
0.8618072192139306,1.337967781772213
0.9113246020432342,1.2575506384011605
0.8880369042524383,1.284388866054469
0.8569296115612048,1.345706822999141
0.9098057906722823,1.2559821255565191
0.8523581992546974,1.3665328490567044
0.8330397383765058,1.38967192913606
0.8740351694475381,1.3067678404875247
0.8357618580880521,1.381455947759204
0.8379095653937507,1.3681602914046929
0.8994676262166068,1.269435074028066
0.8963488709609277,1.2737642637418238
0.8470301288636357,1.350447619722582
0.8585697039850115,1.3301456972355832
0.8455762112485061,1.3594271511868754
0.882791208660272,1.2877930265421784
0.8680520905409035,1.3210327505733144
0.9024291165464067,1.2784117935232386
0.8327386212500036,1.378859619262106
0.8244281874307402,1.3989388232762117
0.825337098257803,1.4093879579125554
0.9175316247462584,1.2313898587156946
0.8211559626349894,1.3956420458679584
0.8729680186448296,1.3219680484634184
0.8451020990662275,1.3762763852200637
0.8748502696233988,1.3098180154769161
0.8634196406673955,1.3239815588089057
0.8816804769456479,1.3008386402834071
0.8590815310902691,1.3442706646546099
0.8188556308919641,1.4054038835222715
0.8860681222735765,1.2905696171086003
0.9146707434650216,1.2569383814033215
0.876914596748698,1.3247530973101396
0.8783560748051678,1.2990196422744587
0.9301732776010214,1.2373205512425711
0.9213224812046672,1.2484610988277898
0.9638571297700367,1.1989793515772829
0.8802643995471002,1.2951705326656038
0.8611065951404597,1.366774935682211
0.8512921062532612,1.3443320027592864
0.8904734928599125,1.2883396640318576
0.8368382298321893,1.3582797648249778
0.8231321388888837,1.4011762459636954
0.9012709255535925,1.2799673303280077
0.8923821688837617,1.279556292676625
0.8985372946691876,1.2659181495566612
0.8128545362487241,1.4133866615134285
0.8980766142939347,1.2764389548337063
0.8807300761261365,1.3157865940641817
0.847197250957674,1.3372682590573048
0.9245993284939356,1.2427576788367196
0.9196261184757195,1.2514784910815928
0.8808859459413398,1.3106735974146921
0.8398516263171523,1.3665702695671211
0.8342957705213485,1.3782430343107583
0.874574087254248,1.318541983143605
0.8867032329945526,1.2931716151586945
0.9311743095946796,1.237401967205209
0.8602163973613346,1.3270910926051878
0.8433913209191979,1.3573039895408623
0.9349534807900903,1.2196410143728054
0.88477950248112,1.3095012367922372
0.8138085451085992,1.4004330428796472
0.8557592731242978,1.3570627933571888
0.8635963497060686,1.3202302028778041
0.880227741221087,1.31728461010207
0.8623480761745699,1.3204753846956099
0.8907264334866594,1.2994092123369982
0.8743592113265299,1.3344108327835664
0.8300492442960166,1.3969347456171164
0.8695495019667072,1.3211438364992396
0.9146109964176012,1.259989911357484
0.8798070077489748,1.3088565057875998
0.81630255709027,1.3888278172130946
0.8125970434243404,1.418996450548432
0.9098927251488511,1.2521458503646201
0.8907080136668482,1.2948967452165612
0.8498222336735999,1.350424772513129
0.9197651337299091,1.2453525560877274
0.9323483335722245,1.238333154134004
0.930358877152913,1.2232160917027115
0.9032334342565771,1.2441152860332225
0.9639791125950246,1.1903987505100897
0.9304939715491303,1.2123941072178266
0.8075822459325519,1.4158644007531282
0.8734005403997578,1.3180294956965815
0.8748245177147074,1.3208396393827164
0.9200316992289324,1.2263087696554114
0.8242761547573256,1.4061754029825024
0.8653776434060505,1.3368351665928506
0.8515498376140269,1.3504527388635335
0.8508190047258237,1.3448870000394357
0.9150133779865333,1.2571573981151467
0.8840901756570099,1.2916650173116029
0.8631894786054883,1.3425598117384658
0.9463686552399015,1.2180167607782046
0.9225513907322211,1.2669709170362673
0.8527058718299043,1.3499792269078035
0.9229488354907469,1.2352003984966113
0.8888802681143664,1.28660996693468
0.8748009987539889,1.3109847796070224
0.8299348953288008,1.3777013830888145
0.8569641404722843,1.3504742227887987
0.8306615195312845,1.3846976798136548
0.8869724146181666,1.298006481163289
0.8302998293152899,1.388796613316926
0.8760197746614475,1.3020138710324431
0.8527653197364962,1.336551239895872
0.8718292665127241,1.3079520270460951
0.8621472514125474,1.3181907576163299
0.7963394438287392,1.4430576732640732
0.870431647634416,1.3364805984474262
0.8738631477192047,1.3073753048378978
0.8221934020245121,1.3926482994625435
0.8604712040734779,1.3226159819135277
0.8826152582048339,1.288544734307764
0.8518493740623705,1.3423611087307559
0.8675634467819373,1.3114644444642638
0.8649926569547184,1.3279502970330732
0.9011213638146838,1.2878045688415083
0.9007691073687163,1.2704081176565125
0.8244833158385942,1.3863765662739196
0.9069164891353527,1.2654412271142468
0.851732137519885,1.3401150033791562
0.8638539103842078,1.325699094331801
0.9344804939822959,1.2232939561991292
0.8811593820829124,1.3072122365777783
0.8469570659364489,1.3779724515469647
0.8557220707571109,1.3402457332925428
0.8882609487217348,1.2862573637842516
0.8945836419879756,1.2896271383819085
0.8168170148985099,1.4299967432678697
0.9393828989988242,1.235600658048719
0.9148349135856133,1.2312858302131817
0.8564234497197576,1.3528555392867254
0.8749972473024592,1.305037257202364
0.8650296210575634,1.3254823319232132
0.8637690337775406,1.3083322930465187
0.9105115670635011,1.276744375881795
0.8938040692874043,1.296880228076331
0.9064791488733226,1.2580512706550988
0.8835911135313859,1.309805182745825
0.8827963472009333,1.3000125834633915
0.9163591188227782,1.2606518214113176
0.8690867217224871,1.3363995625595186
0.8535496922820369,1.3456171889197623
0.8746133238364338,1.3005494577382117
0.849413550109241,1.3453382652680799
0.8786068591127101,1.310967943871979
0.9414317478102834,1.2124091938034522
0.8928133175206723,1.2776995568318028
0.8813728351928976,1.3024176255655333
0.9333314123701997,1.2269846388982932
0.7806500721249128,1.4871257643990887
0.9095758729650576,1.2605666866233005
0.8765166780323483,1.3054828565153556
0.8630414079549238,1.3445531673119553
0.8974066297796695,1.2877859136512009
0.8915805961374621,1.2803063038050189
0.9119971899323769,1.253159646207745
0.8446331276003998,1.3571827074245246
0.9159123955758424,1.259126012797969
0.8588695657700287,1.3353354167320375
0.8821910730928002,1.3169797755283985
0.8756629396438067,1.2950607932982963
0.8543132925354882,1.3421855654178652
0.8727392851150095,1.310892230713648
0.8803523841769578,1.3068143698297798
0.8879041056725581,1.3120907043987995
0.8748009987539889,1.3109847796070224
0.832648412641833,1.3702851493906105
0.8558084714008225,1.3155733085117267
0.902767882519514,1.2780790863055842
0.9418943412973568,1.2284337954130533
0.8912122163295262,1.3037595746946031
0.8414165678768262,1.3605494463862708
0.913313081953256,1.2454441598442032
0.8852360455456225,1.3158724802348059
0.9236134092862738,1.2382131096206357
0.8834930288192082,1.3133473354152412
0.8629021542725035,1.3358338762041897
0.9404632655911784,1.2214813561883704
0.8570904072442005,1.3269997116504755
0.8729685174955468,1.338723178465494
0.827264656702839,1.4037568454874831
0.9276820384935787,1.2210752728378638
0.8222026954200772,1.3999240923072556
0.856328052083112,1.334744918700236
0.8745569738146997,1.3032558991558476
0.8218626596141603,1.40377176768479
0.8806263028434596,1.304144065433729
0.8660380361184592,1.317170828563301
0.8906095863990038,1.292082612263167
0.8475060105053827,1.3480860213906622
0.8284354367427165,1.3784423263928407
0.8352271296625513,1.386958251761566
0.953831379010798,1.2099724473594613
0.8856499527627488,1.2990563145724903
0.8649385371001315,1.3240073126651453
0.9657717988791406,1.1770342196361416
0.8391352171503208,1.3868834870946605
0.8660062778625448,1.3371290801173554
0.863366289444834,1.3410875562293005
0.8910023625730472,1.2736254279445014
0.8329015626560752,1.3684037592800413
0.9287284476027091,1.2346458104859996
0.9171841662575551,1.2596804962239132
0.8263747610565577,1.374521020913822
0.8421498266472716,1.37191397239167
0.851349581691446,1.323975220025436
0.8928169134476602,1.2889173552940425
0.8990120308532228,1.297824984068474
0.8987159144299561,1.2868034401034822
0.9056271219258643,1.2745436258938967
0.9097085491052235,1.244600562580637
0.8632557945382018,1.3290518488548724
0.911749408812426,1.2690197232775784
0.8668061024932421,1.3351828466052993
0.8951337215434627,1.2811602428361832
0.8745003603860806,1.3246741760892993
0.8884003942590053,1.296452341097217
0.8881578988090677,1.295732933117679
0.8463584986433819,1.3573352341604894
0.8838776623858118,1.2811777272106526
0.8637509794080871,1.3337665005818147
0.8593435010578232,1.3411780952573165
0.8380574616618601,1.3690085515430055
0.8596424201742743,1.330702811925453
0.8084576250268469,1.406683199785328
0.9175819489574908,1.2558065448055946
0.846121791650029,1.3649342036068661
0.8522252495795015,1.3573865419911175
0.8915820878095673,1.2941483476627649
0.9513855934142081,1.192512403415318
0.857732403229474,1.3519871328136743
0.9018926127295892,1.2691405963215372
0.896502895189975,1.2912698143993726
0.7822238979107528,1.4688310133835782
0.8751343380667109,1.3135088534643213
0.8402142855261154,1.3648593822283728
0.8642949321185169,1.3178831531347004
0.8839776258046406,1.3071343176986567
0.8570770513714001,1.3484475147419297
0.9330525685263822,1.2410440466622301
0.8909510327092933,1.3064668993480415
0.8379682905145662,1.3681696677260977
0.8501421223198193,1.3643130017588587
0.8988054680031974,1.267229437466543
0.8422716644139203,1.360802492029226
0.8108827470067592,1.4238912816232177
0.8794688009450633,1.3019212272687815
0.8817061957710168,1.2973213966799706
0.871621590971247,1.2928630816699531
0.9611428474572417,1.195633524446235
0.9307323726438408,1.2227761684255234
0.8730592442155911,1.3360533023309555
0.9061259714920578,1.2680004475334696
0.8886915552795847,1.2961823362170415
0.9272794556254329,1.2262337774281997
0.8982953169818833,1.2896415206618776
0.8388414919278449,1.368753917045207
0.9065112884950002,1.2627781469615686
0.8997425245078341,1.285361316570742
0.8948515439540041,1.2765578004630744
0.8909396235003213,1.2889115005825145
0.8965914355273461,1.271795834948958
0.9060467035802082,1.2540927957393604
0.918297352182414,1.2540678660383324
0.903060362367071,1.2571351025082353
0.8442382257283552,1.349919590978792
0.9307126813182243,1.2254014107320983
0.8069925929429747,1.4423034099452694
0.842401561361942,1.3735269192361232
0.8697462670637026,1.299802484052294
0.8764347616800114,1.2910986048785933
0.8971672416638921,1.2830144508928913
0.8776576258716753,1.2992891848304902
0.8516916321185193,1.3631490376101663
0.8360361069738678,1.3733747809015953
0.88840569367637,1.2847703455702164
0.8469342751129147,1.3634861480042375
0.842978495914845,1.3601800335601142
0.8663966408996109,1.3138337617689695
0.8938020433750682,1.2898054053341628
0.8347130504665057,1.3710798667821482
0.9024889725673344,1.2682186286246964
0.9522562621604382,1.2024468056450377
0.8966091340241593,1.2757593423192086
0.8796510298126794,1.2911601926699072
0.8734841763146486,1.3230804125935083
0.8899579765365055,1.289579383898039
0.866988709983221,1.3337936078878985
0.8554445626563676,1.3295747201269392
0.8627191060857566,1.3504366372583982
0.8797541360268304,1.2842478476942603
0.9077447358114821,1.26673918190371
0.858372690313862,1.348853405908816
0.9404716781043376,1.2173963598458972
0.7911942878542446,1.4660067829869865
0.8744882195226842,1.3300319768032474
0.8788536044524924,1.3119803834207766
0.8701832596789802,1.3270799933769146
0.8523499462996864,1.3609388711929689
0.8485177780275419,1.3669290772913862
0.8686826194508781,1.3159494688727533
0.8774301302298335,1.3260236571424475
0.8553953603563995,1.342831673752627
0.8646191950103062,1.319307530271365
0.860107366258805,1.3259728316987403
0.8993477823192197,1.2781530921341941
0.8877984655457964,1.314888882219445
0.8249610902169542,1.3979816704690036
0.8816749492851916,1.3023227934730137
0.9360836944461453,1.2421255119996126
0.8536340278876879,1.3371158021267597
0.9067538041904886,1.2543371459515726
0.877094780804113,1.3116115745772834
0.8969095740749042,1.2845046245216583
0.8656172615835853,1.3187748576263294
0.8469330598670428,1.3694961504452758
0.8872175125664723,1.284020480004677
0.9003635784535393,1.271383754351834
0.8616387425248531,1.348483241055153
0.831920160950381,1.3870519053864252
0.8710152678849585,1.3222960481543993
0.8721550027954599,1.3133858691500322
0.8714044541916315,1.330492234948377
0.9022216542733765,1.2636310776668338
0.8979943577389968,1.2741368025213435
0.8935784475582313,1.2947580132070589
0.8518450824749912,1.3505657995989413
0.901481704378921,1.279934720975126
0.852803404252499,1.3598796763102046
0.8399843850189543,1.3552053247491733
0.9002616166345443,1.2834585586015481
0.829331869143439,1.3840079316143097
0.937262856056948,1.2372412174388778
0.9382028207478361,1.2324199010919659
0.8948483096030775,1.2900007277041834
0.89558093412724,1.2718981460911696
0.9173691701520952,1.2669991932070173
0.8734012087097243,1.3135989124322864
0.8694748892215103,1.3177604493184738
0.8844770683928171,1.3141958055834628
0.9604471947925959,1.1911724966690065
0.8876524511063979,1.2966069818556083
0.8704940058371406,1.3085833716370785
0.7998218353588171,1.4553608840439411
0.8700878328253192,1.3352989617639268
0.8192421348217007,1.408634837987712
0.9028934411149581,1.2893561232230375
0.861202181211822,1.3355229800147357
0.8461913109846724,1.355308074654675
0.8636244784573186,1.3462317220406685
0.8786718633507364,1.3092072357632822
0.89946905075038,1.2765535822211829
0.83727487221702,1.3547572580938056
0.8703476975262285,1.3048006514509063
0.8567510282441768,1.3301181956002732
0.8473956568104763,1.3488320163104364
0.8582948473623315,1.3419385151707661
0.8733943857148041,1.3142621201264129
0.8732287338767721,1.3199979160751976
0.8932758904664719,1.2883073216224301
0.8724723230725504,1.3288737603339253
0.840213772826464,1.372211923442102
0.8352072125393353,1.3804778116637237
0.8913136898371525,1.2920042565292924
0.8973475437611447,1.27939267053664
0.8474172019576456,1.3360177949401253
0.8304533629436399,1.3920372527341034
0.8601100231239329,1.356888161755766
0.8755658583855892,1.31231054505521
0.838972728687253,1.3719681010580083
0.8212386798843125,1.3975539124925809
0.8750859006592251,1.3089952360674106
0.8482237769430125,1.3678964814687948
0.8960506850305852,1.2781464125843152
0.8384722629754018,1.3704208661932067
0.8615534828615099,1.3305010525906305
0.8579227646097121,1.3342597573119204
0.9023625938929656,1.2519344877751406
0.8949777200382154,1.284285068009563
0.8812892107254962,1.3036126013161724
0.9050378993181736,1.2429582813694282
0.8517101951308137,1.3501956888347757
0.8966274178914071,1.2581028149897182
0.8872524635189802,1.286214289026772
0.8589595461364383,1.3462037596259135
0.9202847609003983,1.23737603575895
0.8780863873691895,1.324713147404277
0.9504823371705131,1.2250635714841163
0.8615118079579915,1.3454782091303066
0.9163109687192394,1.2430213574165199
0.8524687521827707,1.3487266426475082
0.8547589649493217,1.3380479686275077
0.8446331276003998,1.3571827074245246
0.8506503906140928,1.3444348723184902
0.9070524687091701,1.2655326481222637
0.8772431816316166,1.3303114377546976
0.8683601996950046,1.3390773642280793
0.9283593708117834,1.2355354333427047
0.867734265267458,1.3287006453348866
0.8772301730552097,1.294986008561307
0.8837228043505723,1.3064229421367721
0.9101219621039993,1.2706745716023058
0.8330448373529744,1.4108380277022248
0.8806909572102439,1.3055456700332393
0.8818265775050382,1.29146465086893
0.8298088998765227,1.4017593907784753
0.8465422702713141,1.3720155040758708
0.8697446073980781,1.3075280163943954
0.908027208426293,1.2844147772050987
0.8746148729734973,1.330989346088771
0.8605674139313797,1.3371287399514729
0.8883300678652162,1.2987108042396438
0.9235857210681566,1.2374910375167483
0.8878627848416776,1.285479997484477
0.9030569577351095,1.2694037006656276
0.8763417653216135,1.3129880107170362
0.848862133229165,1.3524174531191806
0.9005440796750597,1.2885882358837069
0.8518277334386815,1.3375179850564276
0.8385551249403134,1.3831158445892993
0.901111371038841,1.281455248332844
0.9039638563825867,1.2751031274842628
0.8484835204773586,1.3562763504403266
0.8874136426890051,1.2979125077424027
0.8573235348651855,1.3574925906641655
0.8819017226624521,1.3050582637227437
0.8780256836781402,1.319942688630233
0.9074034679602445,1.2763405624314126
0.8587481034462245,1.3212020221633216
0.8085975331726332,1.4370235756479262
0.891675660690151,1.3003861701627395
0.841752626065984,1.383453421996392
0.8380628535239127,1.394232553992946
0.8730794102090385,1.308888189334745
0.8664693071350416,1.3338412725253246
0.8914358057135687,1.2887739929355184
0.791171734514911,1.452997318587937
0.8505899935879317,1.3485926643957173
0.9085776754860968,1.2686701669713703
0.8572715680339367,1.3290796200678183
0.8980569568580292,1.2756502214504946
0.8969630781297331,1.2825485935247225
0.8682453044688037,1.3246214729500312
0.8956215681092317,1.289708388651867
0.9014782260209355,1.278108451039233
0.8807300761261365,1.3157865940641817
0.8493929660377526,1.3613573354657196
0.8149591075533842,1.4111146947996704
0.8806137676108607,1.310052352412409
0.8694276009021513,1.3078681996367363
0.8507510216221978,1.3363435774883912
0.8811150136326276,1.3072195613743562
0.8584234219041167,1.3522921895135651
0.8469487412071908,1.3642641888964868
0.9015859258432408,1.2602878489246792
0.9611441239496445,1.196592742740314
0.8270875151071659,1.3936758212622349
0.8652355554662101,1.3243773515670942
0.9583034062243798,1.2048534787373857
0.8827716561401546,1.3056695682790633
0.8754696933922901,1.312248619106515
0.8966521729244119,1.2867215632407893
0.8971805868628129,1.278048893170931
0.918515503898949,1.2448045227713618
0.8425233748649605,1.3692500092594455
0.8791122924087871,1.3075331440850988
0.802257239551337,1.4365019220172264
0.8550676706054805,1.3370486746676564
0.8730919158938317,1.3159784499517557
0.8330430671438038,1.369875965519957
0.876684389490211,1.305077484604085
0.9137112979172721,1.2474345195569065
0.8526247492222734,1.3490797216983754
0.8913549552821354,1.293961288917064
0.8685447445524939,1.3060331552040356
0.8712769003125906,1.325583945564606
0.8512668827527243,1.3559908073266451
0.9027733600918357,1.2814898252579607
0.8837691557481604,1.3077718467777786
0.9077064504854662,1.2691246793146087
0.8735293687548853,1.3176454130126312
0.9332838820939879,1.2369780175919407
0.8744077935527661,1.325909515226521
0.8454303897154576,1.3527620685758592
0.8716363080975993,1.3307237644291814
0.8450954305481826,1.378959192109184
0.8702286433928799,1.3112059332266708
0.9245455164832805,1.2399770228724878
0.8816645241564132,1.303709832341471
0.9092795852896045,1.2598800357086433
0.9115027088045027,1.256454156763218
0.8681518948419846,1.3324795284863447
0.8628453958951674,1.3389013003744736
0.8843027845140643,1.2805319048739872
0.8402460671107925,1.355043800993787
0.8515255437788125,1.351295184171211
0.790409978817094,1.4618895661379807
0.867172677175504,1.3095821491725732
0.8284006103061206,1.3821491557610832
0.8608289244854181,1.3224509204403916
0.9216996506955557,1.2427821887311794
0.8112535351177337,1.4184294205963468
0.8754288461911368,1.3199640359052867
0.8932320866033254,1.2865560752332221
0.8207335655318511,1.4141281009652973
0.8349971925615731,1.3752649816224092
0.8695197933488261,1.337607027674179
0.8561214661953189,1.3347201499508212
0.8670346123307067,1.3353507612004267
0.888076045620789,1.284792705563246
0.8483949497503809,1.3692289733661511
0.8339642139736114,1.3837665347817416
0.8544289476957745,1.3476084884245778
0.8891799487571377,1.293574417446038
0.9098781646056695,1.2398773807469663
0.8587787036886012,1.3310440680414224
0.8717038880907524,1.3178191009680702
0.8742282661753287,1.332646088842101
0.8387867667782238,1.3801083261233236
0.8834041785485185,1.296509649214056
0.8878282431802458,1.2976690957559978
0.8785253475971189,1.3166980953782357
0.857908989541917,1.3272315197309836
0.8215829309268683,1.3841690762033674
0.8603397414632503,1.340268604845186
0.8385356168183502,1.3609905060412553
0.8298490696122836,1.399464325479353
0.8476905324795985,1.3470507785297912
0.8755041903521024,1.3135697233649766
0.8983258967254983,1.2640332962944585
0.8889380228994377,1.2834249537242073
0.8518396701253879,1.3673658410076668
0.8135915055165692,1.40738718866081
0.8549977667418291,1.32835321434251
0.8472724152943549,1.363335440952408
0.8591912003090132,1.3412181360301851
0.8618255691166585,1.3310087749824635
0.8884890522792768,1.3012586446663466
0.8572011418298591,1.3337489126127635
0.8162025963525685,1.411492291400503
0.7905309619500398,1.4342773643543478
0.8616907885799918,1.3243960613109194
0.8308904808931921,1.3824626492085141
0.8253918415431354,1.3943393615039545
0.907255961379734,1.2709966757142515
0.880778754055443,1.3015228059965358
0.8993729824169285,1.2754561773509006
0.8622939212112462,1.3168992106053905
0.8792328743572675,1.3215492024882258
0.8991276800617092,1.2737739295575075
0.897199164079401,1.2822606254038207
0.9528993246665161,1.2079902448453215
0.820737102442336,1.3983319728785237
0.8646717569123217,1.3203791068909008
0.8683668412491783,1.338262534983626
0.8548447064421234,1.3629003696542201
0.8404369340204774,1.3760462860740423
0.8468170864495062,1.3617661807019463
0.9300810707443685,1.2153481699254143
0.8268989425899962,1.4036075747775991
0.8904981519592177,1.2986165438731894
0.8920499332398071,1.2959169218719864
0.915393029912636,1.2459027646281058
0.8670976421428886,1.325835067623744
0.8536675220870114,1.3429012700973433
0.8725776214413024,1.3182096433646886
0.8793975938150715,1.3123223076631894
0.8811856480252802,1.3177975712765608
0.8567084304876884,1.3523439779354367
0.8976335514019838,1.2895131135825273
0.840549454830507,1.38334705128572
0.8858063650798536,1.2994857879399693
0.8882181979662971,1.2938031848329035
0.8362868186374035,1.3647706972626596
0.8989944475625422,1.2760655080447296
0.9190002485967044,1.2369996999592898
0.982715859485755,1.1662131067591428
0.8114534572896315,1.4157877572704929
0.9097366265118527,1.254206170018591
0.8400130439766142,1.3717523193175978
0.8420415857478714,1.3754079524867768
0.8121853414663984,1.4277354478218183
0.9120841796986121,1.2640556285549094
0.9136628594292879,1.2567294285022224
0.8719003712368585,1.3126871300601521
0.941657886185419,1.2245001911363365
0.8416522130321791,1.367656708539412
0.8886356826785764,1.2975603391933928
0.9165845488611548,1.2489613243018043
0.8199411255501949,1.4128572263623884
0.9105952832577315,1.266525421975149
0.8636498976265947,1.326800222757748
0.9121414184928265,1.2565097548588675
0.9304837877859422,1.2279717544882198
0.9217382861162655,1.244883102501759
0.9301713995473668,1.243901313548918
0.8138154526414527,1.4218281694936001
0.8433257709188922,1.3749115357055748
0.8865782864901999,1.2754298354350737
0.8907933769278822,1.3043996352508613
0.8679081671616868,1.339026619848713
0.8919219127601778,1.2877156004254915
0.9362787338987191,1.2008277834133692
0.882324539751941,1.2897516097730068
0.8837765850053683,1.2921734853957831
0.839457422816654,1.379372826661031
0.8404496221847182,1.376257952703904
0.8775518145035222,1.3181191208306051
0.8849654570308931,1.3232078051826235
0.872846339084568,1.3133920639225594
0.8563882656037456,1.340800772642283
0.9169095792883704,1.247192631715791
0.8256189488260344,1.3770715637984745
0.898579892829998,1.2651017856425169
0.8382463981902173,1.3837871140660145
0.8220207614715067,1.4028457809600259
0.8580112630852301,1.342799674003054
0.8851288702708802,1.3095057369762955
0.9069146543895752,1.2587611395789784
0.8451434398275655,1.3714681871537346
0.8452813162910047,1.3717349020388074
0.881034576535489,1.3045692378861402
0.8479688424533729,1.364601842846077
0.8330861230963582,1.385802697864814
0.8944499247130333,1.277630237956639
0.8720113698167626,1.3144522192965904
0.8962698323657106,1.2610388035624789
0.8559251087493234,1.3401861769273722
0.8650978972652819,1.3370386360559667
0.9180769591361384,1.2517127072661425
0.8700014676056349,1.3188137698954308
0.9249016253557614,1.2399064772569173
0.8684627373301679,1.3184131995815611
0.8675065410742242,1.3199721563379831
0.8591018550403542,1.3397151547678647
0.8281163196977668,1.3977496139535222
0.8834008277344167,1.297178429956148
0.8928756129964834,1.2621139763932638
0.8667713005894817,1.3290391318710333
0.9362236699955471,1.224717455154713
0.8899269017433951,1.2834218947828897
0.8703172691314323,1.3250582001820845
0.8864742251732605,1.3040232921061767
0.9577723724139344,1.2165865691537385
0.8943867790923736,1.2813399128505316
0.8634810441050802,1.3411751459270158
0.9329700205650269,1.2598837007119235
0.8332674831014808,1.3780667473997241
0.8480491172014208,1.3590810969853178
0.9079532210953694,1.2651546681441284
0.8630589673238511,1.337869176164079
0.8752766428796297,1.3261195859972355
0.8556142970514107,1.343536828083762
0.8386969628880023,1.3727073006589732
0.8541457626348017,1.336694742344079
0.8884785943986506,1.2842780129640117
0.8661475526639688,1.3153051918129475
0.9213215270290764,1.2540639539888148
0.8639997704490074,1.3156986422325045
0.8891283618334127,1.2930713961295177
0.8630051014703126,1.3156746262800891
0.9065949595545024,1.2711996223684707
0.8757789692388616,1.317460478964576
0.8150806056168349,1.4077949153165343
0.8657790038590416,1.3253752203829907
0.8997039381497793,1.2792281773779575
0.886659989212816,1.3140093339069934
0.867656299352255,1.3272773041899493
0.8972134484490852,1.2850787896073552
0.9060294617757265,1.2633028326480786
0.9281422205101999,1.2306444633119862
0.8837968527035791,1.3033825359675246
0.9154679250378612,1.2699629310669291
0.8818485419454165,1.3082506875092867
0.9114201743269323,1.2730056694818463
0.9014041059017583,1.2802767030547089
0.8519405918578493,1.3355591613343099
0.8711360022236407,1.325183290241013
0.9125364228967296,1.2576827200416587
0.8667760859545988,1.3128238430440762
0.8581887223043416,1.3423510343555372
0.8317581383178629,1.405695669533477
0.8651630549069607,1.3072043488036331
0.8725659547917572,1.3099020681370872
0.8685049810389371,1.3279597734191695
0.8703817870198542,1.3107700277987537
0.9057306509421981,1.279003181391256
0.9380231817131197,1.2187708443937206
0.9159597919424358,1.2646684676444642
0.9016215172600885,1.271519936235934
0.8888164716727986,1.300543948371416
0.8727515091973364,1.3208764705805471
0.8643694447768611,1.3354503600840073
0.8431527852513552,1.3435201445477836
0.8109800433396532,1.4297886857368778
0.8702005613541803,1.318548549224
0.9182070698118727,1.2510552779167832
0.8649188732799937,1.3246901519120504
0.8743521555112492,1.3253258326666253
0.871769649592343,1.3238097140246936
0.8658540003577064,1.3235647432216706
0.8909510327092933,1.3064668993480415
0.8829328801717073,1.3123784405737315
0.8318172487911546,1.3771552651915715
0.8557860621034903,1.351047417431274
0.8722581301205634,1.3148934241985264
0.8942385194287201,1.2937163937739247
0.8479325947606735,1.367938226567054
0.8108942194612727,1.4045381418100198
0.8744965360764125,1.3085092023425173
0.8721010156787135,1.3276373499784284
0.8302761280106132,1.3671075224559608
0.8559560200061842,1.3515899182046502
0.8359523103121125,1.370611816323791
0.8691424444193265,1.3293062093307892
0.8326417418252812,1.3861174509437786
0.8880750155231347,1.2963547827450965
0.8649115845086159,1.3380489530413309
0.8574627655648446,1.3378821578497415
0.8182093291707246,1.4162027318970611
0.8492623780885353,1.3622329991068618
0.8846290239183054,1.281310869111114
0.8147431079599785,1.4236103857301237
0.880461578655171,1.2909138919066012
0.824879523498423,1.3869180558476686
0.8671311040231573,1.3385914608451588
0.8839069071259513,1.3178744074605766
0.8192887986835855,1.4096971996038008
0.8512034612586286,1.3616575296033262
0.8467396336786239,1.3709024905660985
0.8345903238036365,1.3744542600212648
0.797979165603327,1.4434682602682456
0.8707568488766255,1.313407247424057
0.9050061456375103,1.2614001654382214
0.9416172699140759,1.2260048266293777
0.8810168957163469,1.3158121187760954
0.9117938491381417,1.2649582232273042
0.8665809195142928,1.3275500950717363
0.8722296629912398,1.3229647790174262
0.8613729563694765,1.3329123236469484
0.8090029093892799,1.4285330698917655
0.8410503782965488,1.3663791726640602
0.853292463136017,1.331642045067662
0.9056071459909578,1.2729271309133832
0.8530156182713728,1.3494755065339836
0.882828029695127,1.290169970705183
0.8976058865186409,1.2827916598281388
0.9018203800421707,1.268397005893276
0.9274281151156301,1.2421952509360128
0.8704052285206823,1.3220292859741158
0.8598890423893111,1.3485480981751568
0.9065137318128909,1.2903300019584723
0.8787944177700935,1.3190211546683994
0.8432895772634528,1.3694895562077822
0.8590788878547517,1.346756626525662
0.8498851378819132,1.347116393981198
0.8771496475684661,1.3146283808826087
0.858523752675717,1.3274880007745893
0.8903969655571715,1.2690749474910414
0.8795073355450762,1.3091863036906082
0.9092042066628785,1.2597745473953676
0.8524436516049849,1.3465892593643316
0.9074418149375005,1.2712719690158252
0.8756193288800209,1.300899284397777
0.9378379243810282,1.2201355872695894
0.841428867669143,1.3646564593488262
0.8717700829145765,1.314898707793893
0.8653058798992854,1.3158727738779665
0.8798017021122413,1.3119648188589796
0.8396821594646329,1.3742495061444635
0.866026879731036,1.3293732283683324
0.8327366521116886,1.3724835476854875
0.8398504333461758,1.3627863970384726
0.9044260134159374,1.2671684418230424
0.8589813910819726,1.336595957266912
0.8775010279911535,1.3075620296882617
0.8547341963330817,1.3637744007889583
0.9290547239040436,1.2285954302733892
0.887289311095151,1.2981334707366738
0.8646172088413271,1.3351302474035456
0.8220523284197732,1.400312369331374
0.8603009388466378,1.3442145354466792
0.8815549373051912,1.311358223616836
0.8938041065914593,1.2716554106811742
0.886854976367029,1.3026413309434364
0.8860401101275772,1.2964756250762566
0.8943721305622252,1.2951114944532072
0.8732543994421766,1.3187850083867996
0.9047096924055855,1.2742948407341212
0.9242143768143576,1.2505142118654002
0.8994712135006866,1.278560110087005
0.8434633846186952,1.3568840543965754
0.8938195583293791,1.2933779754339891
0.9044012640955545,1.274715849146264
0.8442281572080221,1.3725621637062568
0.8339262003850056,1.3781709129330864
0.8916868231718378,1.2927346140115694
0.8521361132825647,1.340113844642955
0.8891024254935034,1.2959706486814282
0.8653810117369829,1.3339621864382907
0.8895475210329662,1.303635552456787
0.8826863406085952,1.3122761389393514
0.9020983394408919,1.266768472226726
0.8333241302548664,1.3911510156568463
0.8447579105284888,1.3512293908938027
0.901809160544097,1.2750285585378285
0.8813705981318722,1.3153696727891362
0.8991277596285858,1.2764735144834225
0.8364606938976131,1.3707415815711859
0.7864925424911158,1.4523458578551716
0.8813853307711546,1.291419965588249
0.8352020367715798,1.3743778825189807
0.8893869918383477,1.281993647798235
0.8504062292079511,1.3407916832296747
0.9251225720839398,1.237386715218443
0.916677566901541,1.2430762614885276
0.9074316185893478,1.2765608879278487
0.921287364417865,1.2400131497182163
0.8407196846198677,1.3816128545803705
0.8698587499495725,1.3245766896225621
0.8848681192551784,1.298275433066774
0.8037313494573426,1.425839582557217
0.851938598272959,1.3525993776818297
0.8173578633543448,1.4184353913877294
0.9260481304784325,1.2350957657387884
0.8877635037946188,1.2982704823395415
0.8895539261480674,1.2797467546071593
0.8731718744249679,1.3141053384236254
0.8409899902358555,1.3805321810381772
0.8582634657276831,1.3474809682596927
0.8851883546402883,1.3024970480211016
0.8107358992345541,1.4169325371283141
0.8512661450783299,1.3446990988280403
0.8676252579304577,1.3334377608005137
0.8873712079014939,1.2973842885186262
0.9192997691776523,1.2532250905767566
0.893034960882237,1.2917179789718445
0.8362566672771248,1.37701145964284
0.8900900470112214,1.2914838708869596
0.8808661737405898,1.2966201462811509
0.8864181433416565,1.307526379888601
0.8560971634142949,1.3435004458620483
0.8535954002348782,1.3540849726032629
0.8200302801438992,1.4023434481666182
0.8645243529439428,1.331563999416424
0.846178090319144,1.3570877013630334
0.8367140541574016,1.3679815655091758
0.8561411295267511,1.3291532514755793
0.8612649195822115,1.3355939793613283
0.8883909009515978,1.3071999426888117
0.8505852008664507,1.3415487264236063
0.8669432662146512,1.3160856447182434
0.8442009386387566,1.34703472341067
0.8886325288157082,1.286927833881607
0.8887697524219551,1.291613360990227
0.8900219878889344,1.316186143668929
0.9166883815728744,1.2677865615491328
0.8422960052071207,1.357221952158439
0.8542260003671216,1.3442290042288578
0.936001246294484,1.2280382029157089
0.8759325181484117,1.3170988701378004
0.9161445603564322,1.2494304991265524
0.7936491596905662,1.4580802132687039
0.8377617882233352,1.3730716899399964
0.8977524480539056,1.2806253579528415
0.8471816819396363,1.370322056093092
0.8506690629635216,1.3562638603928832
0.846785050733484,1.3586854766246121
0.8774696038149903,1.3038099037227846
0.8518930910213414,1.3518249156750284
0.8848997621257737,1.3224443788811948
0.9255505268727571,1.2386794067075169
0.8438755512728224,1.3484536988184213
0.8546356607431651,1.3340677855125627
0.891317961683338,1.2766945933481926
0.8350206117423331,1.3641790817587225
0.8827826451430341,1.3197350794398761
0.836026651531002,1.3546060956746746
0.8420103582610838,1.3885606288441494
0.9016806344646231,1.2643738834248537
0.878895412090748,1.3065290831839205
0.8489094251176394,1.3394711859619057
0.9129608401526113,1.2577491419401263
0.9330429316972537,1.233434962446897
0.835689326809357,1.3684188822414822
0.8480613372866812,1.3579557874511436
0.8365169141749107,1.3776288620915127
0.9242143768143576,1.2505142118654002
0.8969633609566434,1.2747088697393676
0.8597053870684761,1.3535734083244317
0.8926889448349971,1.2783266067995496
0.9008981139242371,1.2750405871238104
0.9168076825634544,1.2603630776202488
0.8554100200272521,1.3732700973710559
0.8960590851163075,1.2888797405411758
0.866138484394148,1.31224109047192
0.89927191151011,1.2774270578271827
0.8550731344236091,1.3595018169187605
0.8238803250448585,1.3977764475570014
0.9043443236478503,1.2633356822301511
0.8516470829212486,1.348500824540991
0.8464443083862372,1.3664498139682633
0.8658868784087026,1.321842063649797
0.8775752306208606,1.3111610788727346
0.9668219179099649,1.1795304602450505
0.8898065862860121,1.2665712102200097
0.9126181316391595,1.273095263483761
0.9078329259484574,1.2718467310890165
0.8848447847093932,1.2971453901154029
0.8784887407633002,1.3192510055056057
0.8735523912618222,1.3150984301501136
0.8764428100635746,1.3091136811842927
0.9138160065136696,1.2555373456503833
0.8540771059347843,1.342600929471497
0.8967767150347825,1.2926057380493519
0.8822451383258334,1.298920661562249
0.8623118787925956,1.3262163971728536
0.9003707078325462,1.2752325489487342
0.9351191589765901,1.2306159017531844
0.9360154878817928,1.2275357299929914
0.9301499869687062,1.2338734701951315
0.8352030012003164,1.3955707930628654
0.8033233192499969,1.433501690236727
0.8499507904226971,1.3618512414336563
0.8479839577645141,1.3690527582067595
0.9253634768473604,1.2385869606940356
0.8237705541041263,1.397292316059478
0.8610956537224981,1.3250765505681634
0.8864286324056445,1.280950574358154
0.8630337089045927,1.3251908168701543
0.8446116401329518,1.3661974328792368
0.8216971882790975,1.3933060551268064
0.9193927029382427,1.2578644091525106
0.8961057825002061,1.3027974693051068
0.8768698891676798,1.321486313879748
0.8323003174537198,1.3849166502215167
0.8911655904025184,1.2797138218833966
0.8786750091831597,1.3094232757054074
0.829559774923309,1.3860930377295948
0.8566516905508528,1.345406272332254
0.8998161460739766,1.278563415468211
0.9008099799467109,1.2696309958518637
0.9279873645049748,1.248338311785518
0.8062017820347722,1.4226626754662293
0.8685683536990192,1.320462271647916
0.8592985509511846,1.3365134648140462
0.8730113225839056,1.311048672600846
0.9011634742702677,1.2793878027740464
0.848925394569332,1.3407428184335424
0.9160024858823486,1.2532495243156438
0.8275457714201622,1.390338910086173
0.9108968500124996,1.263699683321646
0.8723962697529619,1.3295550141632584
0.8266993706240384,1.402890917458451
0.9169237107747239,1.2488235644257781
0.8771496475684661,1.3146283808826087
0.9192849685353557,1.24724073067144
0.8581986442177627,1.3552975514479115
0.7918381805171155,1.4632926185728914
0.8881238224438195,1.2925327447017805
0.8931505607870254,1.2937999012094497
0.9188485189822353,1.2601323024281408
0.9144751851785551,1.2648112687619684
0.926842751197861,1.2319251668994364
0.8380822769586431,1.360866221836349
0.8214870745345821,1.3935798818156147
0.8880662530561454,1.2890120305753694
0.8556176407107894,1.3384189616896645
0.866421364395136,1.3206412485266628
0.809603244401315,1.403767428376441
0.8888278837488419,1.291897809091896
0.8178626127232593,1.4064430502618082
0.8810243192817422,1.3241207248852933
0.9268594360152445,1.237696695808404
0.931903437048095,1.2257559727929792
0.9174281928903745,1.2370238134995994
0.912397026716927,1.2686101900801139
0.8696321037614341,1.3071212880139538
0.8741563385546811,1.3108835853821448
0.85124132484818,1.3453561481536056
0.9285980694189016,1.2439007775577873
0.8661918775331945,1.3278286905152723
0.832648412641833,1.3702851493906105
0.8630306188755685,1.3177746525147012
0.8339505062892141,1.3832485608539569
0.8790850874494052,1.3167205725189584
0.8688250964836144,1.3351542171570854
0.8436752931600464,1.3682008058129271
0.8633935967489927,1.3430963611563171
0.8916220298438025,1.3018399887637528
0.8734599966499441,1.3131590752828102
0.8652496418614393,1.3328123349064989
0.8775531087060691,1.329029227324567
0.8959257010459372,1.2943834173717297
0.8856551505652512,1.2982925230699718
0.8807102274462246,1.2961679580800778
0.8879263156950656,1.2877249722940227
0.8162324692165006,1.4080274424481443
0.8858971568464116,1.299805220334707
0.8285603058392368,1.385339251611463
0.8720424781389731,1.3209260463340495
0.8673557546047312,1.3390496502889002
0.8402197788593788,1.3634095669617663
0.8443730938569307,1.3644693439292066
0.8569598982928306,1.3239747578402263
0.8382166584883386,1.3782531834899654
0.8770903465121089,1.3054275462802278
0.8979940494810383,1.260353831976964
0.9387738073020546,1.225071136592251
0.8624729568969449,1.335116535639701
0.873517984335971,1.3119109382814094
0.8469950506522119,1.363487856813921
0.8214730087447304,1.4090411638432476
0.8836693556396433,1.2904823196156743
0.8449428157551988,1.3797712773622357
0.9536159685650054,1.209953434770158
0.8371495542360476,1.3863431204609378
0.8529752879656047,1.3627593887418052
0.8875196711641138,1.2987667555639786
0.86132049814396,1.327942117876761
0.8633444470272842,1.3203944870869369
0.8568977331536873,1.3443328618676693
0.8961497756219576,1.2949802466941231
0.8888249052863462,1.3013826268223225
0.8411689881886322,1.3692474160407566
0.8248650937409407,1.3960460616965948
0.9691362058346875,1.187202663498646
0.9038798969229573,1.2714318781066398
0.8108492458556817,1.4299234850106428
0.8197827059343716,1.3950393950149134
0.9054845534688707,1.245791414408472
0.860918979258886,1.3459009329140492
0.9170562375006595,1.2518512023035795
0.9010103769277524,1.277625519965023
0.8990839847287859,1.286466628117054
0.8675108197119326,1.335630574231835
0.8553540866152265,1.3462557983996417
0.8966428941909506,1.2788945784583083
0.8337971329244613,1.391050357955097
0.9018926127295892,1.2691405963215372
0.8957250254276106,1.2760379011316805
0.8527037012495835,1.3411709915279437
0.843772845727639,1.3544028004631505
0.9100609039866321,1.2732994079389846
0.8572686261847926,1.3578530291739306
0.8746871717549716,1.3261749264885523
0.9696640977727546,1.1836461331210122
0.9132588335542788,1.2636172081019337
0.8238886431692614,1.3941213032316702
0.8745414689515463,1.3120835800911879
0.9048860358154716,1.254276967578243
0.904852984655993,1.2650532706921505
0.7970923985067164,1.4581141233530666
0.9478554136175039,1.2237426545706873
0.874836502359611,1.3142748773244135
0.8454402768209757,1.357573141521452
0.8066949530483571,1.4344694297336855
0.8329473000199343,1.376155049226598
0.893776920053367,1.285543517940533
0.8816559727042506,1.3080889984659996
0.9063073817995329,1.2833857230601768
0.8390077268337317,1.3629049089095473
0.889238085175317,1.287765294024226
0.865475811381373,1.322057327449085
0.8626592369408195,1.329270959905136
0.8655776153237569,1.340763843413541
0.8423185802853423,1.3462864455723726
0.9020809280699538,1.2867856335863752
0.8502396312995861,1.36185163731026
0.8634581282285729,1.3499461275948592
0.8858966313070864,1.294409065047671
0.8657247598538362,1.321263928154648
0.8736212257306104,1.3245625733287727
0.9123750639439836,1.2635174912600933
0.8535940628258853,1.33799864429033
0.848822507151977,1.3422259285473996
0.9245460130565808,1.2472857113151532
0.9378042961499469,1.2106196515539562
0.91299799800639,1.251397055610776
0.8737191014702275,1.3232706072809197
0.889097521172981,1.2698351263333294
0.8787885992140667,1.2914628539805697
0.8553150919791137,1.3580803154734908
0.8277421443861794,1.3827232079115503
0.9465912139222321,1.2169646204559776
0.8596141007965639,1.3271239591997972
0.8394072415859484,1.380491301184212
0.7985719691635609,1.4551592780604123
0.8816622592099108,1.3039205047245646
0.873063432513796,1.3068551042213497
0.8687017926264173,1.336058265230893
0.7970686720348952,1.463052264206249
0.836311594145539,1.3852971840521056
0.9355545021146259,1.2315459376371425
0.8294163882425201,1.3928150985890464
0.8940250858528118,1.2780648458185229
0.8783581583478097,1.3164523427759898
0.8530846361373778,1.3416309760640521
0.913363018519094,1.2555248774940984
0.8676770293678393,1.316042347919229
0.870056789930818,1.321221863718668
0.8222532543705394,1.4027178152387625
0.9104805941856049,1.2518523855705563
0.8828728983560645,1.3078213397492153
0.8539315483528858,1.3549664142944986
0.8936196391414244,1.3042997648621162
0.8208150107805374,1.4036163553882723
0.8794424990085077,1.324692280140145
0.8964941004420617,1.2763792979660913
0.8947859171174171,1.2883699930312444
0.8944403479808025,1.2974084400852282
0.8566581667519724,1.3525624594489616
0.8864286324056445,1.280950574358154
0.9234604633732155,1.2469846804629057
0.9260132417946911,1.2300686235219656
0.8991330805610396,1.2739433257991055
0.7992624142372478,1.4420143898794517
0.9088282645325041,1.2562410475442127
0.8653541081050502,1.3239325366563672
0.8837032461964989,1.3229313049045996
0.8941829929025193,1.294052785618989
0.8697876772567155,1.331524662806729
0.9447932186024908,1.2146271441679823
0.8797886025377364,1.3026671893005388
0.8655804043307973,1.3223673245990077
0.8791501503812351,1.3253496559131341
0.9036433964686907,1.281979144661226
0.8290611622642698,1.3887828633255281
0.9059859044750391,1.2639559044405182
0.8566129941022265,1.3258057552516926
0.834253891197001,1.3808179589001546
0.9182824224003114,1.2507113538068417
0.8631178520828873,1.3373150415731139
0.8657987266965208,1.335180121483897
0.8623753637808989,1.3326690697805872
0.8283380092705315,1.393344806956805
0.8310513558133443,1.3957619708122635
0.8367259441494215,1.3799434154767636
0.8651454124904054,1.3174818513885744
0.8829061119719237,1.3106332944165293
0.8681013201852033,1.316299197826038
0.883994992554844,1.2888921233104105
0.8702981487838435,1.3249616750445474
0.8839909589869355,1.30954756689419
0.919502866409913,1.2673087781311516
0.9098303234861771,1.25086848041995
0.9105899425159547,1.2630372189027992
0.8896425118926079,1.2991804976527461
0.832540382715617,1.394831317895957
0.8882563428417367,1.2890380415470126
0.8690535029882904,1.309033450275091
0.8652663332971107,1.3314376657413254
0.8919855501473959,1.290586715863932
0.9070878832748224,1.2782697652623047
0.9346057746995147,1.2286846300679513
0.8435312172965375,1.37292710216272
0.8768276608408669,1.2937702584714963
0.8637290448360306,1.3324656280294975
0.8738889224351449,1.3004618732052808
0.8695584625218504,1.3125368218728317
0.8465766421059999,1.375269731545855
0.8208060195952969,1.396829242603357
0.8763461067698679,1.3131299984706482
0.883927519878065,1.2991335744236847
0.897615653681328,1.2674374139363436
0.8808491781790453,1.3060761420121527
0.905977551608012,1.2755373025345198
0.8341433947756602,1.390021907793166
0.8341623932391209,1.3743162387222256
0.8566846471627165,1.3394301393284866
0.892046430207653,1.2846659881252487
0.8302625281472544,1.3913649964139323
0.8597917519655935,1.3347793475484144
0.8346150035313762,1.3749296503361244
0.8688393304016613,1.3276572021781752
0.8783559498264717,1.3161163139872625
0.8969322241524655,1.2807919811854052
0.9027396634604099,1.2773490000141519
0.9064173870697476,1.2635310440905099
0.8856672095685609,1.2992166020130533
0.7880609473882725,1.4717744583181713
0.9584365504846999,1.1928715914685757
0.8587451596706126,1.3278319162281826
0.9101374724499778,1.2433229624765638
0.8365592327610463,1.372533630912014
0.8232598499984303,1.4050650514846075
0.8483860680607529,1.3609593587559599
0.8100309799948804,1.4239639442595642
0.8780393524814891,1.296642587489007
0.8093675342941629,1.426299947382949
0.9222724677546612,1.2422256706002128
0.8882842564077493,1.286337203869658
0.891938346767376,1.2887442783195682
0.8369818858386673,1.3982225021629633
0.8862001507065842,1.2964114879218989
0.8616677543405697,1.338372086990603
0.8440468218056929,1.3660106068612088
0.8703330894010928,1.326458182755069
0.8615555788266611,1.3438422441055315
0.8572371924729514,1.3446486994901221
0.9069206040220643,1.2741164624898684
0.8735580780401297,1.3179935759261374
0.9111714492594436,1.2632001670204496
0.9209551509511846,1.2419697174966307
0.9035194086762652,1.270165566873268
0.8230443529625515,1.392549184530108
0.8876918183610532,1.2928313230252233
0.9071475453290663,1.2829327186581276
0.8142769948785102,1.433594887365956
0.8273330917056494,1.4050978689853322
0.8808788684580411,1.3083367817304208
0.7947333330144597,1.463504672401812
0.8794199813193779,1.3017254197038926
0.8988275233464775,1.2655185999669534
0.8610531296171928,1.354878377849531
0.8883816679363654,1.2990139391862183
0.921332082369404,1.2298872757394261
0.936796159445713,1.2011426763830337
0.8777916814642648,1.3015361925959135
0.8428291433151909,1.3661578624186945
0.9432776695030822,1.227388527710402
0.8707749222143766,1.3193040980474438
0.8988638955220754,1.2554767372849736
0.8289745625090061,1.3984388536516736
0.8602789054830065,1.322312401430111
0.9495036852685261,1.2126320838327502
0.8491363290670788,1.3455254004322206
0.8918908387942122,1.2990710154021394
0.9352930624461728,1.2286299527856455
0.9279948187786955,1.2229377114695694
0.8993705503297391,1.282832834140371
0.9073518858940242,1.2720008525154467
0.8886438232235796,1.2702544753384328
0.8804249405753046,1.2988122164788551
0.8323847563557354,1.3938542527338378
0.8807941335277563,1.3073768699728785
0.9006595771364478,1.2679201114142191
0.8647908959350692,1.3045738193121441
0.8952649747769079,1.284091291085663
0.9221822400820374,1.230651534590001
0.8597917519655935,1.3347793475484144
0.9110356912810325,1.2466446858182032
0.8903445712400475,1.2951136908426077
0.823412747597313,1.4013450631870292
0.7995385436482707,1.439141824426111
0.8932320866033254,1.2865560752332221
0.8723927816441128,1.3229256798751396
0.8515122063112714,1.3379936185562
0.8916376305308553,1.2907639892481708
0.8519510864818207,1.353658048556835
0.925457527156972,1.2503907130573646
0.846252644471734,1.3679638652991863
0.8265726885721223,1.3958231480429
0.8729746370192804,1.3346376720183406
0.8676039598424503,1.3235664036830916
0.8327913021540694,1.3721472323625499
0.8603954279587593,1.3418962914854016
0.9213604971449201,1.243778688090673
0.8748015338505617,1.3292658445246501
0.8705273718145785,1.3277953233454285
0.9112835226408382,1.2642840130809858
0.834984882671103,1.3738665951115894
0.8154684586087388,1.4013048623039248
0.87434909315362,1.302399873361198
0.8539223773721119,1.361042824270325
0.817773388877215,1.40032314840988
0.8390345273971427,1.3784366228958445
0.870736037137013,1.3272414028586905
0.9014742942292815,1.3038203178210206
0.8461415753215802,1.3528632095514088
0.8758564878746082,1.3157692288473
0.8328839082984978,1.3881870762617259
0.8583140870766284,1.3472385388520745
0.8590189846104368,1.340236392600854
0.8315984420210365,1.3781377370347274
0.8643339094923275,1.3300637897501608
0.9394209390150814,1.213544515070957
0.9280527711406761,1.212538095383094
0.8658026401364929,1.326289478779342
0.8786345292546824,1.2991821393936702
0.9718887798940032,1.1949347353153599
0.848230983032694,1.3709277506518276
0.8257030211536782,1.38909084573868
0.8491915110264872,1.3648576948393465
0.8722006050349187,1.3324314625097753
0.872856500601382,1.3301678655774696
0.8680507654949521,1.3536464713911318
0.8815392258338637,1.289095101699595
0.8703652880587562,1.3215352496391721
0.9001364939787766,1.2694864046143182
0.8859928125374614,1.3071024813320424
0.8610543963345252,1.3131048150632645
0.8416431813303562,1.39249701845769
0.9230255163017251,1.255503328158729
0.8847016834346593,1.3012975416925538
0.8512661450783299,1.3446990988280403
0.8308057539698537,1.3728248967286223
0.8038073373940346,1.425383057977444
0.9446042194166746,1.1971952667177568
0.8698932726934305,1.3214267740781667
0.9518865548536102,1.211609205972088
0.85522285782365,1.3556645117224042
0.8740309724051696,1.321355558670974
0.8269230166902151,1.3912880611591831
0.8639918705699381,1.3224659287077007
0.923164366616253,1.2453982478320624
0.8751039304441839,1.302226981273837
0.8297495185466377,1.3894155909679646
0.8185312435863312,1.392825763460702
0.8236936467551503,1.4020033577770308
0.8421065652754167,1.358533120811061
0.8669389652872495,1.3392802533818264
0.8883248211664605,1.2880612007695729
0.8510422455286069,1.352519903206987
0.9019656144467476,1.2782556212757692
0.8415657784186112,1.366362217196526
0.9134362723955665,1.2662962990180084
0.9096871056313434,1.2631867928304825
0.9245078453458224,1.233410617689156
0.909971827037588,1.2630430124207837
0.855753123026856,1.3362707628429293
0.8176358628658831,1.401954866884873
0.8779023218410553,1.306173994649092
0.8333095817022245,1.3770524633844
0.8937326340520342,1.2854791849633103
0.8810623679577609,1.2894529656376843
0.8555026282202169,1.3515707421735634
0.9090595872501406,1.2677758344432326
0.8514503418685775,1.3457012019214374
0.8249688849517025,1.3963778606848378
0.9281608447163903,1.2374500413689362
0.8642646513510752,1.3206738595148646
0.8375024346555031,1.382714948455384
0.8192822150561163,1.4046236515554094
0.8594490675807884,1.3479748879777211
0.8696474976389392,1.3214421232524574
0.863052624135473,1.3228103308301724
0.854902502628909,1.3434677040518015
0.8518499267604176,1.3448023210661375
0.8754671499654223,1.3011527666856153
0.8534465756154581,1.350998244381503
0.9011181426101484,1.2562267235651081
0.8934421652664852,1.2830543914400727
0.8610309147609716,1.333682835146906
0.8552953937742742,1.3619039965835746
0.8609174012004341,1.340793157151634
0.94528253855094,1.2083270923833656
0.8882762401134967,1.3071713975911352
0.8388149272586343,1.3603554402088134
0.822725939882186,1.3985773851292704
0.9116535232730572,1.2655257347169357
0.931534722567996,1.2419611773981871
0.8852701832636425,1.3037940218054307
0.8941123479916913,1.266376736384904
0.8497360168534589,1.3541250801778022
0.8959456940915067,1.2999927450463795
0.8985150140488276,1.2893472936018646
0.8411213616896462,1.3648645251315712
0.8740078901275308,1.3219975081294375
0.8055595701434195,1.4355982252689141
0.855593689558541,1.3536041815968958
0.8891281793751726,1.2915834204941294
0.8777700582838535,1.294511211558313
0.8616665908816947,1.343855422494282
0.8741733006236492,1.3189975274906316
0.8458467071111722,1.3439623978363389
0.8558164742810497,1.357112583171375
0.8905024873396621,1.2699260542139488
0.8698377679531399,1.3235563740028233
0.8790941780627368,1.3082458175473664
0.819742622402204,1.394753521335925
0.9422859203871401,1.218775868871436
0.8753745746151556,1.3182740695878226
0.8949782023813342,1.259695042078881
0.8637466942762866,1.3376506473033922
0.8728972124982166,1.3131084897046827
0.9058412840965218,1.263685592330538
0.8213613930110333,1.3911623464769642
0.8622736730426921,1.3307385870352493
0.857077229797407,1.3431144463354683
0.9126777900967491,1.2481215694437502
0.866315612202454,1.3403979060281017
0.8659119036438356,1.316394951669275
0.8595111625888523,1.321520386920299
0.8424515804116184,1.3605864576460247
0.8408321986146619,1.379516679059981
0.8813172584492164,1.3104945307706861
0.851858526775406,1.3578621247181828
0.8553420525621733,1.3501951128327656
0.9227251308559254,1.2460612318852509
0.8351377039527015,1.3799636260701142
0.8518768124926301,1.3394209033770674
0.9053592369293113,1.2595288027095515
0.8493433407252882,1.3392365730101992
0.8541111905687655,1.3474979689824407
0.8673239978759575,1.322546694812629
0.8314816197637798,1.3967034011026664
0.8340123930809977,1.3673497641321317
0.9422867341276586,1.2108492958745605
0.8493313374659277,1.36590650707713
0.899585969317221,1.287291779354765
0.8148890131518325,1.4395404255400994
0.9016642227437637,1.2602260856025198
0.8830957435944871,1.3009868807446192
0.9021528474500302,1.283476234819569
0.8379892264725115,1.385057558810954
0.8579303046780933,1.339967920100363
0.8729498000150999,1.339794892864224
0.9115409889493185,1.281648131446893
0.92651907156829,1.2276515187488586
0.8993946005943443,1.291462077718728
0.8773194885812068,1.3087301580739563
0.9088404671033588,1.2681982117722685
0.8709750681070041,1.320511735128251
0.8710934284322693,1.3419597542716741
0.8215820026912533,1.414274069388412
0.8619600305411252,1.3510969536636512
0.8530787175246368,1.3328121156499657
0.8808011499602653,1.327469062331667
0.8653645912682022,1.3311417582261247
0.857840047942213,1.333533108363568
0.8653275606421023,1.3362505796682294
0.8415883683736756,1.3766809872154284
0.8678204304879678,1.332918507037745
0.8390843082805246,1.3646709439815186
0.8866471727454679,1.303811670645038
0.8171802334850438,1.4110403571853518
0.8849501317531823,1.2924062333195234
0.8948656627588838,1.2741723659436197
0.876706587690095,1.309286266660971
0.8359469996987974,1.3739621686998635
0.8719316983590157,1.3153283946576304
0.8557972626652262,1.3509903890118073
0.8242962903655864,1.3935611094231788
0.8350928342302104,1.3742034319016163
0.8397409154133537,1.3702902573475577
0.843774442889341,1.3623946757505816
0.9177526492190804,1.2742099715614956
0.8378797094736963,1.3907748289881625
0.8411807621673519,1.358981336215268
0.8815249138413281,1.2999705680245535
0.8437179724761965,1.3653857511138074
0.9267592457484011,1.2252080508684702
0.7934235128276463,1.4495585272071068
0.8780410012913988,1.3104427719932275
0.947755922606754,1.2274909687420101
0.8557491537855777,1.3354115008341716
0.8036620417177016,1.4418713137371455
0.9145161334432945,1.2564927304724733
0.8615397812302119,1.3273150826821876
0.9038141596445342,1.2829966549595675
0.8593191505375708,1.3552568373685978
0.8810663031318835,1.3143043948107798
0.8585933406689981,1.3328453098423627
0.8682151556348086,1.3112226221421297
0.8735790713763596,1.3077252576443767
0.902666683387749,1.2842964777165493
0.8672676579750536,1.3175192621769256
0.8504355672148538,1.3565075917333247
0.8435486899946105,1.3480982688296006
0.891938346767376,1.2887442783195682
0.9293366819915732,1.2591036462736689
0.8959454549079657,1.2801255356114873
0.9360250162932569,1.2262242431868104
0.8589196591215835,1.3542786822518738
0.8693481273397865,1.3228636870855082
0.8493904230792739,1.3432685360908247
0.9081606869694594,1.2654516215165195
0.8906732304996992,1.301407900843571
0.7830669352860575,1.4655738341178626
0.8460119886982682,1.3785784994681167
0.8590880042188553,1.3134286858044038
0.8659277654613169,1.3289676564831412
0.8885661034823011,1.289175505390293
0.9102065978985978,1.261526322274321
0.8389366224167953,1.377674723658364
0.8454016174718189,1.3529225389741941
0.8713122320044124,1.329940172883182
0.8394964839547876,1.3744665206132436
0.8557760636905523,1.3488923576141085
0.8903911931582382,1.3072307453484746
0.9013654374736983,1.2807298112873147
0.908644002107696,1.2605223015351639
0.9414163557071904,1.2174012673772927
0.8825185985578285,1.2878498008618016
0.8724451640541666,1.3172715890478905
0.8203360089970475,1.4023676015094608
0.8914038159452915,1.268039499942781
0.8131092872255838,1.3973835109704724
0.8524092776200929,1.3528049723637723
0.8609563084381684,1.3488939662397925
0.8476793609989142,1.336944366014751
0.8893575585897284,1.2803834745293783
0.9123955286367049,1.2486971193532235
0.8424062358787983,1.369904228190171
0.8530839432272088,1.3389758936483607
0.8278373938620001,1.3927247326550365
0.8375981460945938,1.3650632011800234
0.8727475570966441,1.3262835139885887
0.8172360757483712,1.3805628453255552
0.8885667583497077,1.2923811745450335
0.8736623177097804,1.3122532887739864
0.871806430187005,1.3115268201161399
0.8702880550346852,1.3203949268931872
0.830282286721364,1.3689695199229452
0.8745480915286616,1.322389423033892
0.8875112687166749,1.2917721245349134
0.9397116725669232,1.2137656539310149
0.8778468938457931,1.322523467024612
0.8910993567342853,1.2878309121001883
0.8343572679900275,1.3808728513470339
0.8976110298395428,1.2883905147189005
0.9327210430982273,1.2234687245321387
0.8440578222867319,1.3661981681191362
0.8948723317932639,1.2990795708094751
0.8656891860678437,1.3351081921424384
0.8645608228767288,1.3254024252903711
0.8807542648963305,1.2986092709826107
0.8539215135453702,1.3354843252845443
0.9106471042178623,1.2489680676891728
0.7892148778239676,1.4593297426394984
0.8656872594665805,1.307223946485653
0.9037661649482911,1.2686009478064517
0.9610464369075356,1.1962371990342215
0.8768314593023903,1.3092817808072352
0.855031998367519,1.3569434372645406
0.8778347814129408,1.2942775406473381
0.8536040191385541,1.3622089025809094
0.8808065119980268,1.3136154986167625
0.9093749691273756,1.2581146673051589
0.9487784785588083,1.2017411814267525
0.8560904179656503,1.3399449308047622
0.9086260717236612,1.2668414327379098
0.8700650796494311,1.3319959457586326
0.8778814752897541,1.3115294555067707
0.8885800727483251,1.2877294313469319
0.9237517856191899,1.2485658133009303
0.8733302923966915,1.3196932545548978
0.8947657668307007,1.265492032990466
0.8173285861946515,1.4068123223621187
0.9018696197610401,1.2655692772350737
0.8666351887168902,1.3243513421986628
0.9000514894766882,1.280120868861197
0.8258331528378569,1.4057875442270271
0.8740769715324199,1.3154821827768022
0.9314295989921393,1.2200402360921874
0.9412663549513627,1.207931129905294
0.8392245290849398,1.338366297254942
0.8541243929909317,1.3581741265153233
0.9073412205116884,1.2620412073177625
0.9082036960117399,1.2608379273424701
0.9032334342565771,1.2441152860332225
0.8741912807456715,1.3238572675034106
0.8987158884472406,1.2993120571078425
0.8909753932554816,1.2810470640941243
0.8695724401082194,1.317937239224314
0.8738442395127013,1.3277670379891893
0.8332573626770492,1.3638528230028006
0.8315364345214535,1.3777953761117445
0.8348742916002632,1.3786974900221793
0.8353768216012532,1.372831566464309
0.9205864590124413,1.2340781798159748
0.8537133057117521,1.3356728927998693
0.896902551912218,1.2941729543022442
0.8553918154274203,1.3497001803642195
0.8358432344387945,1.3760840750438368
0.8462336197429998,1.3705006432585731
0.8442722257542998,1.3649641940777522
0.8827663635560803,1.3024928220406726
0.8383306153533248,1.3520718261242284
0.8777781832011855,1.3030256946934378
0.8482632834787198,1.3583718912591773
0.8101867832695786,1.445769572330561
0.9060837204220928,1.2832626952402915
0.8669824715295682,1.3346991875996437
0.845119657160702,1.358545131117348
0.8525722874625357,1.3452475172916913
0.8840763375322582,1.2858471198315917
0.9154923896959757,1.2639215250509912
0.8957250254276106,1.2760379011316805
0.8497870898397926,1.3477957209197153
0.8982413783069769,1.2821558927551269
0.8452292193117577,1.3518519323242644
0.8556421448036435,1.3582834056447388
0.8590064449222821,1.326909603396668
0.8999210388780392,1.2705781870773887
0.8729774463619973,1.328963551201709
0.8533650492480616,1.3402556570540025
0.8678092311902061,1.329243507266154
0.7980206683147975,1.449208715243208
0.9616930190664543,1.1955313409079484
0.8854857062794943,1.2954557469187076
0.8808750860914412,1.3022798890536524
0.9265104228041428,1.2461819897188153
0.895114334126377,1.2686616734724763
0.885233961030248,1.3007409966972918
0.8768206609843641,1.30017418484337
0.831572903741677,1.3686817081066707
0.8708582257319273,1.3017302873878769
0.9049829110032463,1.2799023507987752
0.9239267733888052,1.2461163182556547
0.8832634108840227,1.3000840182546773
0.8584183011558866,1.3156478303590826
0.8656626180590103,1.3265746778284235
0.8026147485365289,1.4390832698212677
0.8762404748443433,1.3167747644501409
0.9566376397324061,1.2051142181507903
0.9043703532887981,1.2726434997965939
0.8367418531799846,1.3779272102361741
0.8347186954105961,1.3982321404700293
0.8922663580264536,1.285137805446124
0.8334854124874775,1.3830403525304318
0.9172850608120531,1.2543467529019263
0.8192377521002729,1.4050584564275683
0.8851948575040016,1.2932607264363312
0.8468125756067151,1.3579377597724147
0.9292195556256277,1.2433494731886523
0.8318247156364171,1.366441358940218
0.8675179312687471,1.313379600221445
0.8486505174559338,1.355599167477995
0.897615653681328,1.2674374139363436
0.9022699975086885,1.2760334834720408
0.8417522679239162,1.358685124936446
0.9109179312351727,1.2553021213758861
0.8791482831218822,1.3203612322949303
0.8422716644139203,1.360802492029226
0.8181926963691561,1.4148755262139399
0.913675598881782,1.24570277285702
0.852335555364188,1.3542356956230546
0.8780420744743658,1.2929260086063017
0.9144164223903053,1.272094300508588
0.8017350116093136,1.422331819764225
0.9044910132207404,1.2558218289031622
0.8174792236597128,1.3951616602769135
0.8062201250986287,1.429248306152103
0.8928763090298537,1.2970365427515487
0.8424224851540758,1.3768489787923879
0.8676581605817606,1.323051211793218
0.8806330302207621,1.308000198530957
0.8684467131809483,1.32182807070916
0.9543965915431627,1.1966847306211286
0.8749868157876302,1.3013967598662621
0.8715357385642564,1.3101967254198894
0.8888789376668871,1.309789059208231
0.8534276495773674,1.3454726278472307
0.9588564706685689,1.1877262782725522
0.9270614588695762,1.2600642020503812
0.8249627999224913,1.397824048329703
0.8725507855330139,1.3201618789848775
0.8293493692090146,1.3752039433456391
0.8937348327581294,1.2841328521132134
0.8597203299388905,1.3450555947190999
0.8711623075027382,1.334290708867366
0.843712095539046,1.3250849581597313
0.8609880113729589,1.3292795855340194
0.8334376884344266,1.3912094291639094
0.8119980258002151,1.4041025342987208
0.8828084991916001,1.293729028483545
0.8625557144093043,1.3368552752984129
0.8715417329728019,1.3365421121084915
0.8519913605827536,1.3314275807391007
0.8676838076489242,1.3224536592520928
0.9280665646517081,1.2221102507877761
0.9199219089130675,1.2449735203372612
0.8571980349744577,1.3613656294083671
0.8887546964031205,1.2995143838327412
0.92321046687506,1.227885238190946
0.8128681343532966,1.3937582280516412
0.8113885405126546,1.4360361196458074
0.9518813386036391,1.1978871523002346
0.8386805455090749,1.3743561208599346
0.8303654692934126,1.3922130316720418
0.9357568957202211,1.2137990790448863
0.8782757327225432,1.2966357174423837
0.9194981093827985,1.2546912652446547
0.8278227936349896,1.4001741079907397
0.8753572832780043,1.324338011439631
0.8618779887314181,1.3573865054482375
0.8005384637573458,1.4475127357567887
0.8817225465513536,1.2738740248502527
0.8605877567010809,1.3314372270129735
0.8675306538142695,1.3208174238768544
0.897293080032679,1.2751183385921656
0.8586815633314047,1.3322326721647895
0.8838398886132137,1.2937640189666741
0.8141354952212878,1.4144650131494088
0.8825871668663319,1.2890558402599304
0.8516916321185193,1.3631490376101663
0.8517484709271199,1.3430856324050606
0.89877728829143,1.2851326342911111
0.9302912605043498,1.2259410347376865
0.8568353381122482,1.3500245586752249
0.9295029441694815,1.2486747383294934
0.8973130332396226,1.2608368891102568
0.8473955916073885,1.3607758890259176
0.8223505597735465,1.3972053532421393
0.841146558345774,1.3836419705783816
0.8216653603806363,1.390593456223074
0.8884567641331589,1.2984337486603936
0.8082650993632698,1.4220343147024586
0.8382516082067282,1.369640908386039
0.8796648361504491,1.3081570798619648
0.8583573500514461,1.3393292764199312
0.9025858279399299,1.2679077294243273
0.839075330255781,1.3747457237559095
0.921679244938121,1.228057829572075
0.8939847812461099,1.300554792915223
0.888970881937369,1.3117582345743832
0.8505528177765531,1.355213627437309
0.8691571763891686,1.304455287683147
0.9283593708117834,1.2355354333427047
0.8208156024196789,1.3972046594605014
0.8932405945746955,1.27280240235399
0.8084636238890743,1.4164401096268122
0.9297534444776103,1.2278181593522313
0.7977435199553553,1.458433245598056
0.9531462775033581,1.2089075183893763
0.8778772831064363,1.3022043890973702
0.8922240083425315,1.2641474474316992
0.8940324367172516,1.2753268412327128
0.9225097211743623,1.243802167843796
0.9000872292648858,1.278620341774252
0.8486600905112145,1.3790233448385063
0.9246760373472149,1.248317552934793
0.858821544360179,1.3422016587794334
0.9077630731270223,1.2618267766186635
0.8742979004464471,1.3066380382901517
0.8692443241207788,1.3214322706994301
0.9094941464151651,1.265152457872891
0.9001914241509947,1.268481365232118
0.9547458024809601,1.2073183669173113
0.853568773994877,1.3378121104975607
0.8487361093422978,1.3651577673044464
0.9011490871840098,1.2845838714420565
0.8856123608771653,1.2879994056255515
0.8605768256130701,1.3308043033059018
0.8459279439863685,1.3685616749469818
0.878751670902234,1.3211293161954756
0.8894888434987003,1.2883664396868648
0.8394361511254653,1.3883235208807918
0.8838991774615137,1.3048285840340093
0.825562748844602,1.392456582927026
0.8885456924713959,1.2834804268299904
0.9202484209058914,1.2469073392863468
0.8167738102150586,1.4028414984262587
0.8370411682649597,1.3614906900339458
0.8469880041495825,1.3563097523460108
0.9058247025240609,1.2562017815840567
0.8527344084680517,1.353071998301139
0.896814916219383,1.2680559174870913
0.8710809257835161,1.323502289869075
0.9192136452224753,1.25176539788708
0.864118092524488,1.3307979408975237
0.8747610135358641,1.3185463094124532
0.8456379245231165,1.3512598385219925
0.8863333304176948,1.2937837754877581
0.8874233398494586,1.2950134187013536
0.9347743757570894,1.2266213732255868
0.8677168003578946,1.3105083730663587
0.867786047203229,1.3224322423098882
0.9242415687190413,1.2380970395481123
0.8589857341774698,1.3321293471165763
0.8814621028866692,1.310394359504801
0.8443982987413365,1.3800395718770078
0.8226838719514462,1.4161026937666632
0.8217756969969303,1.3981836057769563
0.8946520341419784,1.2966231054702526
0.842995124065897,1.353791593737307
0.8140287029048281,1.4264486810850034
0.8235575747873956,1.4065444389581403
0.9566169292301838,1.2109597036465185
0.8439240083213779,1.3703456259256084
0.9021239877722469,1.2811605079870672
0.896561956055473,1.2760887649057644
0.9470769509672097,1.1987868791083962
0.8456459348366845,1.3650779639458799
0.9086316376851498,1.2690671824716706
0.8827826451430341,1.3197350794398761
0.8987331810151138,1.2756537030586577
0.8930523388766487,1.2750584365332966
0.8352310245469465,1.3852414070216863
0.8935865254813395,1.2817879306324917
0.8455011287726086,1.3578176077040798
0.8559458907777164,1.347927915704667
0.899054903977031,1.2600151576088805
0.8626836552515058,1.3424360357830791
0.8719814934628789,1.3290066805345022
0.8663422813951898,1.333110311978837
0.857122193804331,1.3343733816787056
0.8768206609843641,1.30017418484337
0.8920563648597712,1.3111439974058812
0.9484913018471266,1.199326915166271
0.8648195527294618,1.3179327611391463
0.8770269383149094,1.3033823522785084
0.9110148688683897,1.2460728867989388
0.8587854937796757,1.33446213786701
0.9376859424899411,1.2188758856579867
0.8701761364524101,1.3209336940634029
0.8783036909886563,1.3118019884104437
0.9063258807973684,1.2599569940468847
0.8101482126598536,1.4228805362952128
0.8302625281472544,1.3913649964139323
0.8660786451499993,1.3270214407282364
0.8709992092781085,1.3176579532309123
0.872181408450657,1.3216059179768587
0.8541774294443303,1.3356436614234402
0.92593784207252,1.2337555996116456
0.8273837248309921,1.3888396349107563
0.8253011590456882,1.393989233465032
0.9053273253457204,1.268884475171445
0.88928004033865,1.2910249845832722
0.8951738844880697,1.2691287098312805
0.9127986191190474,1.2665528256832848
0.9413481401127894,1.1943061286059247
0.869657674200095,1.3251273643888248
0.8509276999741411,1.3673994022456557
0.8814413093806939,1.28419434487646
0.8480356585344915,1.355472074475479
0.8425836965247364,1.3579617098771037
0.8626004739915674,1.3203111651433148
0.8288394791240299,1.3827093373559016
0.9138923902882801,1.2417405289173133
0.8947442589398487,1.2748270698560846
0.9124060927383013,1.2626768076669295
0.8952929441035782,1.296051321284291
0.8404110431060252,1.3759682960631932
0.8768822994793759,1.3207661754597895
0.8800665692910872,1.3190797916445942
0.8273948025052402,1.3840836452330314
0.855502691337994,1.3505552527439897
0.8384781790068374,1.3523649400374245
0.8879726362729314,1.2960233336830829
0.8587585625463507,1.3488428254737856
0.873487940248018,1.3118651841021884
0.8915191452420812,1.3114702526434843
0.8556528902238907,1.3546270808084473
0.8520625313001231,1.3541097182055906
0.8514893606236384,1.3398250318581344
0.8355205817328726,1.3633972930579867
0.9210100800131431,1.2514337959155806
0.861626894391843,1.3132675244105405
0.9278838126322964,1.245677596109945
0.8358204546474424,1.3729291707299154
0.8664865224621496,1.3254407320368284
0.8574815007650598,1.3392583983868809
0.871929107755405,1.3344120814380185
0.8506190628512758,1.3475403135418151
0.8232042118834586,1.397923960067278
0.9228834727023927,1.249786570970377
0.8830705901903848,1.3056403482530339
0.8838622269754155,1.29328551431004
0.882983441191582,1.2892178084091757
0.9106130418622178,1.249821779200977
0.8543123180307166,1.349710758997869
0.8789074438053979,1.3115167608867102
0.844640793957115,1.3778425038600433
0.8316287324703062,1.3955266382971874
0.8787578139039003,1.2992121914311971
0.8972943759389871,1.2695296766235176
0.8579212193463721,1.3256116376158047
0.9045052286797275,1.2722491410619827
0.8169175296818325,1.414888331552373
0.8403928037953627,1.3666892253908602
0.8255763095271123,1.3983139772837443
0.8184553867661519,1.408507918852767
0.8852354360023218,1.3008699334471963
0.8880584932039868,1.2940609370759422
0.8783712245117097,1.310133095790109
0.827427736228106,1.3839449795235323
0.8741517304199629,1.319640232772139
0.8885177568171001,1.2875279757260278
0.8846653519292358,1.3155973463094983
0.9124184588752022,1.2409194112068167
0.8270315955843888,1.3867401573428046
0.8982801242093379,1.29567046421138
0.8340239235934266,1.3921043767310806
0.8289653175828597,1.4114907909950014
0.9191581615284998,1.230189231261227
0.8743034577558322,1.3223259166337915
0.8555047315651161,1.3589961481008461
0.8594533586026885,1.3341815372948942
0.8767965670855078,1.3249324884710816
0.8491102558573977,1.3548977549856416
0.8671459473476038,1.3203607341375512
0.8467480612758034,1.3460092441187639
0.846892787926276,1.355674446585315
0.8862504387008077,1.279378730008342
0.8779381099474053,1.3071863029254507
0.8594090695618684,1.343428422515122
0.867164670507145,1.3008016678441447
0.8753572832780043,1.324338011439631
0.9336861426723533,1.229596310798207
0.8946786012890839,1.2792079988846774
0.8878202368978834,1.301938990352146
0.8817836417629497,1.3057451416688386
0.8751929139759318,1.3245494642350761
0.912015768391006,1.2568742182249726
0.8659633393833492,1.3136501905356084
0.8798459711102746,1.2992710379465817
0.8283276889850792,1.387029263385009
0.8808747058885384,1.2867510577546022
0.8794918120746873,1.3069851253284024
0.8625226503145698,1.328457277333808
0.8582374917297042,1.3411967615891962
0.845488501612772,1.3495790767239488
0.8618193866429615,1.334795941725412
0.8593636112777467,1.3146754005723098
0.8720945751595266,1.305180503507966
0.8898652231788471,1.2909413636220233
0.880638307081107,1.30907976572363
0.8726547971712086,1.3070370459798026
0.9264886014558738,1.2318868900761253
0.8860008970926279,1.3116216600285588
0.8507032164163877,1.3569012699244638
0.9020881974874821,1.2565792426453766
0.8655974817722982,1.3345804435483624
0.8932614457640198,1.2858784407333763
0.8839168655453984,1.2872048013387958
0.8444579783905808,1.3783313710514933
0.8710496994931078,1.3344233086140378
0.8563321210787664,1.3358643836307056
0.8805131527370818,1.307432841752656
0.817773388877215,1.40032314840988
0.8448051413002708,1.3760073449797952
0.8410662362627459,1.3632334935090364
0.8640904077814047,1.332199032497369
0.8565118838203836,1.343150986958236
0.8535909584770209,1.3590389720092901
0.8353765242743312,1.373192906842287
0.9035746652471115,1.2944524872856824
0.878494201823385,1.3098878684324267
0.8956912821264447,1.2876768791543807
0.8687649022189801,1.3096676802989486
0.8760003511193666,1.3147191321247933
0.9055965857688453,1.2606039201934554
0.8946745459270666,1.2973691577939477
0.8724561523880341,1.3041753024955736
0.8688492711446096,1.3118040616362119
0.8644067322698563,1.3549213924098122
0.827264656702839,1.4037568454874831
0.9245599047155499,1.2374727644289385
0.8790593619239917,1.3016067550955557
0.8978563882260631,1.2811467281855464
0.8400082984905894,1.3567318084437174
0.8230232119690724,1.4005851497360666
0.7992624142372478,1.4420143898794517
0.8878864009647975,1.3068567155901516
0.912360037096537,1.2628285929566028
0.8583340728217534,1.342631517180626
0.792243498368608,1.4729002838557383
0.8544497756229308,1.3351285906372437
0.8986121003782601,1.2722104606660183
0.860088512275847,1.3494553630215664
0.9080603099085056,1.2730404769767047
0.9079089211127711,1.2746338026200028
0.8534256904084037,1.356918253126369
0.8899344828886293,1.2926833065667829
0.8744883957350795,1.3133221408538645
0.8992450092075623,1.2726166767520408
0.8347072029832745,1.3921034915371981
0.8484224346103699,1.3673280534425742
0.9324886243883659,1.2231174619303427
0.9007177827204456,1.2815224565831076
0.9411454650054578,1.198178886355102
0.8950420308530893,1.2631222717502715
0.8840311508655652,1.2952718070130929
0.8916938666211072,1.28314061269001
0.9237029203224592,1.2401322796192509
0.8517769143635319,1.352585624982143
0.8335522714340293,1.3764193640268672
0.8265987477288159,1.4109734319082043
0.869435433451895,1.3397695569242625
0.8396302247736842,1.3695672536821673
0.8779481495944839,1.336629077311535
0.892046430207653,1.2846659881252487
0.8634429197373896,1.3275264595374878
0.881610079166371,1.3092203675705565
0.8341254869018193,1.386556540536874
0.8130633241769631,1.4120953077043985
0.9068621292586485,1.265041180714658
0.8638499586250321,1.3248737118989584
0.8438485121359713,1.3745603364526249
0.8853310393384246,1.2922435557535599
0.8347548869979506,1.388910105174041
0.8455205128722545,1.382771336411938
0.8963522019517325,1.2598088483371996
0.8965496822807344,1.2804472312441508
0.9283232574066991,1.2336455338737844
0.8809181993530755,1.3022048829940214
0.8679329587102997,1.3156706981362742
0.8393575542051106,1.3820576408882734
0.9199512113401935,1.2422308290443844
0.8329506803850171,1.3826469858504054
0.8667746887462553,1.3327306185281258
0.8194325472559478,1.4037559740353742
0.9369036280902079,1.2097999553230863
0.8339992840628776,1.3818750894549636
0.8412751345062572,1.369154399477144
0.8332746198576388,1.376104207226029
0.9147235649569638,1.2555056276172551
0.8633147848391218,1.3187006703618342
0.8291016983870148,1.3879831993146947
0.8994008902807911,1.277833927038985
0.9056262552918559,1.288195821004639
0.8426717560809338,1.3573780991935782
0.9491709513524422,1.2063430203838756
0.906568596539352,1.2687512019627625
0.849989800098534,1.3435348965303107
0.8665689893302324,1.317842599300565
0.8367576942978996,1.3573693672945955
0.9089563494553454,1.2768070988275804
0.9273527415942047,1.2449959352446527
0.8634587514450296,1.3421444306837385
0.855873103171255,1.3360987379783213
0.8669522676189134,1.3211460318565094
0.8931752837516815,1.283882719043526
0.8875151681485858,1.294594734066955
0.8687120869826128,1.3198821423431455
0.8701510776820989,1.3248072501934847
0.8120810226245081,1.4144787840462283
0.8690819350125774,1.3138385304044498
0.8564132127920887,1.351348354165972
0.8704572971047224,1.325087067385283
0.8776867425683095,1.3124308994823175
0.842696036104857,1.3588943356382526
0.8869859474009629,1.3105641018381833
0.8685493849397823,1.3227641046901353
0.9179382876747173,1.2535241037384606
0.9442504312997169,1.2297813137735978
0.9007071179113602,1.2748331474754788
0.8796443843430957,1.3040743470153198
0.8498920737152225,1.3517986964527204
0.8109673768163617,1.412842604030669
0.8349412098102877,1.3709178039064827
0.8572024115012737,1.3321895199442437
0.896038485358958,1.2645279340118785
0.9192124515372073,1.2548833627927574
0.8417098241482557,1.3632011233144774
0.8736075252201625,1.3101047611731984
0.9035209382086797,1.2885395908431818
0.8940487984864862,1.2737795908210736
0.8655511059768357,1.3196213356089679
0.8381543321858691,1.3809268767326193
0.8639207803559972,1.3168202086277518
0.9436695245962248,1.2121870738539269
0.851584054038516,1.3735539452676069
0.8887288925902757,1.3047470164653086
0.8958803267761117,1.2979625555816523
0.827802066566145,1.3738714496116302
0.8352874914732733,1.3925647793371916
0.8487482898803445,1.3540641581248707
0.8497043044694217,1.34591405526289
0.8221598257936007,1.401421695779878
0.8594822575622714,1.3115939075532377
0.919060352175529,1.2523001666068148
0.8878252007461114,1.2981396168047545
0.8747409908146646,1.333299693338134
0.8976454983658493,1.2671131729475618
0.8408039288482165,1.3666548102629823
0.8644158279356349,1.3187356520528517
0.9273017793188416,1.2424274461328968
0.8898686104395959,1.2802345684653216
0.8514284187210388,1.352746395439631
0.8583197293612941,1.328692657470395
0.8451560018547142,1.3599488009132616
0.8578859710685605,1.3250825327976727
0.8583933744698116,1.3372176994292158
0.8798649321252914,1.3048424525115006
0.8837032373568545,1.3126459814423135
0.8968001820531499,1.2810736696806293
0.8359659753412929,1.3783972383034606
0.8814905186326321,1.3053075277844133
0.8283823578758656,1.3873043687126136
0.8911121260745489,1.273163744625783
0.8531123255959077,1.3446200246155309
0.839800413839412,1.3807640777622403
0.8302998293152899,1.388796613316926
0.8754014562647161,1.3320349650697951
0.899722321350297,1.280948296232606
0.8967920705186818,1.2881736392090375
0.7989611008515605,1.4461401794855162
0.8691541517750141,1.32916982090783
0.8365469371579282,1.3913711909704936
0.8470467644855033,1.3624267909539516
0.8406651544150636,1.3680739346112825
0.8345367802589985,1.3724354814801547
0.8566887405012928,1.345466752662794
0.852440271512324,1.3406436594644586
0.8360526651699598,1.3922141235589798
0.882007728233948,1.3088928440383047
0.9012228185071176,1.2658861910757893
0.944267638278238,1.2153826973737611
0.8516293780174908,1.337190563929531
0.9020632311195824,1.2662664764430913
0.8583558597431633,1.3406481204133678
0.8820716717520161,1.2911324833076907
0.8619379637517639,1.3442180234812473
0.8753404514914889,1.3157041859157956
0.7843842288954237,1.481288669190195
0.8970804938082568,1.2714798329768557
0.9242567664063468,1.2456751968230253
0.8481328153738492,1.348969437414343
0.8877672632947855,1.2996052123919482
0.8872899139425996,1.2863570691685382
0.8356082440787367,1.3756960389280926
0.9301774141985468,1.2285138614352626
0.863096957945328,1.344064526212324
0.8550655540628052,1.327109576637621
0.9127772141191794,1.2437524056321794
0.8460264254909153,1.3529927583078944
0.9375561500800667,1.2074016378837835
0.8666450542734432,1.3044886236162554
0.8874155985927175,1.3005118708689654
0.8873668178521259,1.300814388065314
0.8906766080875037,1.2970421224379884
0.8584833879563512,1.3454135175969677
0.8591688572754759,1.3380937908265944
0.865376827676273,1.338823105988023
0.8715001562094988,1.3235733658121345
0.9248941003566924,1.2556246249075516
0.898478709895304,1.266264842756688
0.8898520170981223,1.2960482956802173
0.8608529422171416,1.3408047657007376
0.8960742839668596,1.2781212053591424
0.833898396026711,1.3867887212130885
0.8321684095773689,1.3869873420926675
0.8891003226204011,1.298868269740235
0.8720413553220587,1.3517177287666768
0.8380382691661477,1.3892288188030841
0.8234719223512206,1.3949103640080005
0.8867339684280693,1.2842790085253133
0.9413569912151358,1.2154007852643187
0.8364743365574172,1.3686084449283067
0.9471538574424117,1.2136255295653995
0.9050354354804238,1.2706093288093028
0.8758568960242781,1.309623743622433
0.8449506874083577,1.3469880414778677
0.8840523678328025,1.2939236353613006
0.8814092198030796,1.2961076713509214
0.8934733896569076,1.2778768408631864
0.9145817166521706,1.2679367441559386
0.8633472424331388,1.3289369525154908
0.8238721767710571,1.3875283999960124
0.9449144963965044,1.2084002595430319
0.8944121923515755,1.2816644923042382
0.8686772727325549,1.332518997130843
0.8463584986433819,1.3573352341604894
0.8299657602349384,1.381303204928914
0.8606990000898507,1.334910661031227
0.8652679282344451,1.3293903121550252
0.7997707722516649,1.4484826670350044
0.8386583239969057,1.3702221292506225
0.8516533392889396,1.3661348678895646
0.8758958205908571,1.2979600930293171
0.9234638727369495,1.2526610344794327
0.8805994186363058,1.2980184792171365
0.8613568253777144,1.3554375808674168
0.8318732957480262,1.4097093247142547
0.8687049844662811,1.327412018779884
0.87672211039893,1.3071327683058531
0.8369068027094679,1.3912921386985397
0.8249960812769663,1.3855324959307924
0.8501554407209828,1.355873590120554
0.8889211281759841,1.297047139271798
0.847101232245105,1.36145143908478
0.847522941464586,1.3750471014046322
0.8586970997294336,1.34098947567247
0.9596102988291413,1.2051110478427642
0.9168604085534904,1.242529380527598
0.8625841925134952,1.3380179218415444
0.8511733785617503,1.3414387491172393
0.8380281442607189,1.3684309819894722
0.8446173174573763,1.3574112784312493
0.8447268967362336,1.3515791069992125
0.8754985033532117,1.299733318221859
0.9515577736072864,1.1967080516986977
0.9444503112851124,1.2273370205441292
0.8417928780765409,1.3712297522270083
0.8422041215333655,1.3439173795607868
0.9223396212083934,1.2408638304584223
0.8259150144393173,1.3917569564529582
0.8770651923244634,1.308310464683042
0.8560032044645751,1.3478927981968247
0.8445563513565737,1.356173328308384
0.9206053980097859,1.2464053762571454
0.8446832698835682,1.3544755561456656
0.8597465052679854,1.3255750041717989
0.8607735296869152,1.3335291890204397
0.8955390341678104,1.2826796468344421
0.9170193218531779,1.2506926334654167
0.8015251096393052,1.4557688329367227
0.8494606805804485,1.3385578132303693
0.8210217039969872,1.384964403979783
0.859906790485055,1.3387792390044229
0.8665124025640194,1.3237999824266342
0.8372863369384462,1.3783140798034992
0.8715787584874508,1.321777312651268
0.8801018072471818,1.3085747649105557
0.8326715819748525,1.3674208833243326
0.9091928196475683,1.2838866286121953
0.8902425669993752,1.3018116026198336
0.7849804716979505,1.4663791511819775
0.9330176665561438,1.24458309355913
0.8611952164160448,1.3482027681535604
0.8456078425806175,1.3491136012992777
0.8981170078677088,1.2837065598040969
0.9084384774744338,1.2781414291352495
0.8276581788715847,1.382530924833956
0.8199761539503703,1.3965874610211138
0.8737582849205234,1.3089166124977138
0.8837193746029148,1.3045932783189051
0.8539713879809843,1.3237541465745155
0.8580449934518344,1.3400371311249073
0.8671864302141623,1.3218803656736726
0.8728159402381073,1.3153471293515562
0.8579718160131751,1.3323917545837314
0.8889028180049283,1.2874870050263014
0.841464653555617,1.3848433925993724
0.9025963668364105,1.281102106814989
0.9322944514954454,1.2374792165955972
0.8346410052102267,1.3539931005743029
0.8632557945382018,1.3290518488548724
0.8703817870198542,1.3107700277987537
0.9601821432049442,1.2006944934746446
0.8358566607526052,1.3850911361793439
0.8492748813272788,1.3504367848714742
0.8871799653368531,1.2897350756917145
0.8811513321798052,1.2940704348281267
0.8949691111215703,1.2960391371293731
0.8694159798366172,1.3204809261714665
0.8403400025188315,1.3704306061945803
0.9681587016042272,1.1734360486956528
0.9751049085610846,1.1696150330779085
0.8450641542205473,1.3657818728462414
0.8171552067084662,1.4061020511321338
0.9403188907740587,1.2081676014544402
0.8540453714861602,1.3673963479896833
0.8769855536115154,1.3066553203413316
0.899189330896373,1.2756943112502106
0.8181922212279684,1.394034230635416
0.8043930954443728,1.4222775621752204
0.8588701256439497,1.3354982831965254
0.8881223380345351,1.304405355812459
0.859776631091892,1.333650811628773
0.8636237629164965,1.3334684065308369
0.8861688746736669,1.2862161400117091
0.8223693483191497,1.4086090239063316
0.8313210950018648,1.4136122904569044
0.8650296210575634,1.3254823319232132
0.9223022210115277,1.243459426569056
0.9391042693985849,1.2357945823818388
0.9128201657567587,1.2421741023571444
0.821168155096508,1.3951317021142604
0.8631432262845269,1.315960123365109
0.9066794558028644,1.2702973625531657
0.8982595183753461,1.2668063010532153
0.8996228316095807,1.2589681163547346
0.8479973098477214,1.3476487716569148
0.8668795060767225,1.3475512378168755
0.8600615289517572,1.331575914367825
0.857781286547618,1.3430727946737306
0.925873425680342,1.249141335730117
0.8524195673772217,1.3423281562558016
0.8740202471619458,1.3327193009276126
0.8658708455587465,1.3221834886836028
0.852637094940091,1.3581625703836049
0.889238085175317,1.287765294024226
0.8622233819947651,1.3413995404720305
0.9006955480546648,1.2703568573208772
0.8638064754835775,1.330135498042007
0.880288326567727,1.2991755338644513
0.8745856293812952,1.3195927435465151
0.90648293106501,1.2728842351864464
0.9778909307881294,1.1640771010860687
0.8258850178268744,1.385088990540705
0.889031656579133,1.2976159461310015
0.8540771059347843,1.342600929471497
0.867960727705805,1.3165247376000717
0.8447592513928728,1.3525481620174442
0.9082107504630181,1.2677829036530737
0.8134274721598802,1.411642596915395
0.9289474219687206,1.2162994648515424
0.8567072186580196,1.346072444935701
0.8635463349497159,1.334803413116514
0.835221988773668,1.3522693613986871
0.9427218762897109,1.2087304921849922
0.9028362343535676,1.285688521503104
0.9067264644754311,1.2762527428287025
0.9343644569665386,1.2320130782493002
0.8525001870483586,1.3618660769030042
0.8740078901275308,1.3219975081294375
0.9320924853639658,1.2402808525131135
0.8844863692993099,1.3256293683697884
0.8983166264705502,1.2747040630094797
0.9183407000229735,1.2714432535827223
0.8883816679363654,1.2990139391862183
0.8782782818673691,1.3234980764587059
0.8883353004040477,1.2977479278016861
0.8090665056442858,1.4209280646612117
0.8604941032022189,1.3316655439496634
0.8497927139083843,1.352651555449839
0.9058560532345605,1.2570673685780542
0.9112341666075008,1.2636502062878492
0.9056091811417184,1.2622981360200158
0.8782538112179932,1.2910855420503997
0.8687378871762461,1.3250195858374232
0.8843739210096946,1.2891737442537996
0.9207817075584273,1.236798475415558
0.8738454046551098,1.3091747614791516
0.9065408494904506,1.2513739321497994
0.8687385275981863,1.3237460532191918
0.9178718110094151,1.2394929785146198
0.8258068039887652,1.3945179218667638
0.8519480755158415,1.3551156770077197
0.8218217728144606,1.4068682210516585
0.9509233081484456,1.2195001515237762
0.8682646869684174,1.342197918182748
0.924060676944173,1.254511037895624
0.8176619250976287,1.3971258824243125
0.8846901794457767,1.282641625946995
0.9078458277513763,1.2672288575370914
0.7906069640655258,1.4627687998710726
0.907635053504459,1.2591698725988576
0.8594271217807727,1.3221883907617127
0.8959640181524395,1.2701992610395545
0.8274358315918711,1.389352592863913
0.8784150761225433,1.3013353262059888
0.8895917963528537,1.2804703205047352
0.8853313415103639,1.312508899765562
0.8459779462970103,1.3601384977583073
0.8761840025330729,1.3205703701760412
0.8286112641066838,1.4012295501951662
0.8691549126777782,1.317462405875626
0.9379721292936658,1.2244032621251273
0.9307323726438408,1.2227761684255234
0.8940266398453305,1.271767451348688
0.8411037467610625,1.3741489621585525
0.8742673158185121,1.3305365726067562
0.8430862223470439,1.3709672681449143
0.87639136891732,1.3131535406905903
0.8650956244644858,1.33019875562351
0.8794878004595685,1.3020738544263606
0.8008623703864786,1.4238278990486226
0.7933914664422665,1.4507778582656712
0.8377472422462702,1.3691991031855923
0.9075320357149828,1.2539091991033997
0.876336461465093,1.314218766361564
0.8882918151307093,1.2927678894476384
0.8664747035431712,1.3452652575327586
0.9126977971641936,1.257098873461952
0.8610815760226957,1.3437198672731514
0.9216273045314072,1.270302922524011
0.8768902012503248,1.314910365007315
0.858391765719924,1.3506104437372821
0.8615598349566971,1.328583107450164
0.8836693556396433,1.2904823196156743
0.8558452451784495,1.3459450252790963
0.8086615500766066,1.4187353414748176
0.9370465334774458,1.234523690270877
0.8577409063330661,1.34666202898421
0.8406558068871286,1.3621380752437817
0.9271178211311797,1.2360612656815277
0.8902793307102497,1.30070441901829
0.826662363280922,1.4152198757754064
0.8878052412422965,1.2796293696673682
0.8248163886805548,1.3948375730306544
0.9014107976721815,1.273236653423099
0.8302769281582869,1.3949908614023445
0.8910496351149171,1.2861999233575496
0.842844471768412,1.358862862250333
0.914012459953143,1.256822263351856
0.9134554321886461,1.2791689688060395
0.8806319431191669,1.3041344598695044
0.8440999959016293,1.3690797593649504
0.8790644699005268,1.3011509479529897
0.8444112345925063,1.3702564519777038
0.834856543298883,1.3756538201337316
0.9012688174368633,1.2541820996252049
0.8369283411937951,1.3652092500545239
0.9022480291176727,1.2608946069886136
0.8894667629439064,1.303744403779522
0.8932883440017767,1.2883787443858066
0.8777153210248061,1.312914833652819
0.8703111300732578,1.322224524938455
0.9444258455142549,1.2197002967454273
0.8634581282285729,1.3499461275948592
0.9180894922676872,1.236913302487637
0.8704258446043203,1.3153146129050075
0.8371533155863051,1.3777983936156168
0.8838626310676969,1.3026886732916139
0.8908178588612083,1.2774680141688908
0.8682648557225694,1.3239364235351516
0.8622565232748849,1.329938906758974
0.8681668904805562,1.3235448126370943
0.8729498000150999,1.339794892864224
0.8945324627554061,1.2833661850435067
0.9180726543584921,1.2629153023902357
0.8841084660900547,1.3088574542827571
0.857776379383083,1.3288947540404952
0.8623758566697866,1.3311760185708703
0.8671498260509622,1.3124163375261761
0.895386575099167,1.2863842875173856
0.9112889869677292,1.2561656161478418
0.8459026713417981,1.3895377216472142
0.9061323045529361,1.275631920738249
0.8574930792032698,1.340798456994385
0.8988822522820821,1.2751750084304165
0.9155767943562909,1.2423178579649399
0.845857580174574,1.3697088663848676
0.872841955016979,1.2925926761505169
0.8687920275801477,1.3333536879356862
0.902983927428493,1.2773367345782094
0.8098110272759544,1.4182556781374167
0.8855352908326752,1.2878191060136621
0.8668321633885581,1.3250079605132707
0.8479245499348862,1.3600050347554458
0.8257601098788088,1.4008900275661813
0.8438890169614783,1.34541203666794
0.8523937736506586,1.3520309055915265
0.8882725160776954,1.2878886113386563
0.8570792825445457,1.3437616724869839
0.8615046479961241,1.311101105237103
0.8116853342265047,1.421570735448802
0.8798672970109982,1.3127740948918112
0.8629799325597987,1.329782366654258
0.8572497125603651,1.324401678307992
0.8411770206259905,1.3738835196134747
0.8990382403468093,1.261189727864928
0.8667176576000144,1.3434799279396996
0.9396774144047455,1.2220083484547148
0.8644059891551126,1.3305855026053113
0.8370989819770496,1.3685089063529505
0.9191027630912563,1.2447643298784212
0.8749575369509432,1.3194554827779796
0.834403017363835,1.361613155855678
0.9180769591361384,1.2517127072661425
0.8591208015944687,1.336198899817791
0.8517484709271199,1.3430856324050606
0.9039413608897373,1.2617700082492072
0.8911328848172604,1.2974761033482924
0.8418588270875598,1.3680962695865557
0.8885552031320225,1.3007080526067267
0.8684589782570242,1.307596353733746
0.8365169141749107,1.3776288620915127
0.8576122163803221,1.3414392107322883
0.8906329416482806,1.2762457347624812
0.8643875519493798,1.308848711125421
0.8674385393187711,1.3088481833314667
0.8397356404490242,1.3640214177336776
0.8652540281244991,1.3343012477036744
0.8165849577740625,1.4003394961763131
0.8690239385053642,1.3017970245396908
0.8665068821903781,1.3242946891499199
0.8457809736460742,1.3610649946120756
0.8832847270516266,1.3191411916951894
0.8719577784741366,1.3227112985958165
0.9078063255114344,1.2649941366320057
0.8901548707934324,1.2917939812928654
0.8651155447645904,1.3356861012740047
0.923859284377716,1.2447751774449156
0.8952400766132589,1.291980547766147
0.8863738955381266,1.2948107206143389
0.8652889679318823,1.3246351392335405
0.84170695340565,1.356350736991711
0.9010214607558702,1.2829979573748072
0.89438571640087,1.291786272047045
0.9128410175231514,1.276427478112205
0.9089402017056338,1.2624540102581963
0.8818265775050382,1.29146465086893
0.8937154612883118,1.2858164093862912
0.9033011339395123,1.2777018669414217
0.8839131828723867,1.3030452556235295
0.8623086634433623,1.343286375715137
0.9033856703080592,1.265923124515337
0.9001015201214051,1.2709911493344344
0.8434161854966071,1.3530213514316163
0.8808011499602653,1.327469062331667
0.8681904196855752,1.33564518295337
0.8669168059141505,1.3434545758050633
0.8160450476825583,1.3853024256270992
0.8671218257414472,1.3228623582292536
0.9103913121289251,1.2738164850861504
0.839037625536549,1.370185634944194
0.8883909009515978,1.3071999426888117
0.8291095941038893,1.3910368947806497
0.8792122906215378,1.2994946269366816
0.905475396857018,1.2753124652477992
0.9154746155526776,1.25998967715526
0.9103417071167488,1.2630279217433922
0.7857898927010345,1.4552081736290552
0.8546370676428816,1.3440101806562958
0.8668390142664306,1.3219497899647599
0.8760261713111153,1.3122513401699163
0.8492857641377356,1.3535868293237783
0.8472052092542017,1.3595646710633926
0.8725856204618705,1.315219820791718
0.8481501236663509,1.3532303786011073
0.8664755792689396,1.3285731454395404
0.8284646129409958,1.3989274443447082
0.9359548821410839,1.2322224864211397
0.8700515257934107,1.314963540890634
0.8920705804779163,1.2652227485207137
0.8440982639787045,1.344670790479185
0.8515247845225151,1.3518403477986096
0.9026527955571835,1.2689407227212677
0.8476480131731081,1.339240884108387
0.8695107624805587,1.31840192687263
0.8529809144163438,1.3572393330480543
0.8331011013495024,1.3805406344768822
0.9439167614451089,1.2190912938506977
0.8801263677860387,1.3041407818207704
0.8592235074289494,1.347833488964071
0.931001147291022,1.2455065259717033
0.8095466901333046,1.4224123177388013
0.8979928396581149,1.2895958668447665
0.885697941696413,1.304246995851794
0.9518771834652051,1.2186268875505637
0.8598203756435645,1.3279647029084847
0.8637552661663499,1.3346083742842405
0.8893828902414127,1.3045888640040149
0.8694255684674499,1.3247982739696003
0.8665826116626405,1.3522301673728603
0.906889772678724,1.2583261637547605
0.8212191083106075,1.3931369228461736
0.9139821715262866,1.258292852546286
0.8410503782965488,1.3663791726640602
0.9111393381232971,1.2543341515445585
0.8540644323579474,1.333187540895938
0.9168404536755523,1.2520383211772164
0.8535496922820369,1.3456171889197623
0.9098520825165879,1.2753024273114073
0.8861747654510725,1.2866982961596967
0.8882312529166696,1.2877249892319693
0.9399788852205602,1.2125936529704062
0.8200484808377835,1.4057620710760148
0.8835967788765697,1.288195751825951
0.8616606164189728,1.3269154161875436
0.8405670434195069,1.3598401874042108
0.8498188943310794,1.346037548637644
0.8677260918132497,1.3432711965091992
0.8610033188701427,1.3333431152988722
0.8570526893461468,1.3498159600239192
0.8509700927280799,1.3695537493370151
0.8653976724293428,1.3337165228580576
0.8978759206412465,1.2709637215662746
0.9553872225558959,1.2028104821951926
0.8923549845248717,1.295794001963212
0.9099917984879164,1.2629570710099465
0.9069437118544694,1.25156270512545
0.8460509515373817,1.3645075783775125
0.8828075234334702,1.3113663369620159
0.8780212015759723,1.303517735547871
0.8988450224025497,1.2767445181430148
0.8714877490059272,1.320806286036373
0.8464124990869195,1.3547543242636242
0.8415502595851581,1.3671069869483021
0.8801617535016963,1.2922050641720932
0.8274801401605085,1.4122089833315838
0.8735767005808412,1.3396788247140423
0.8675084642744211,1.306301653037763
0.8930743387976301,1.2926759361055438
0.8872602881154892,1.3130471963138854
0.8567199813225266,1.3320956727419027
0.9146509992094638,1.250422629082007
0.8658212032069412,1.3248605871974102
0.9134578500900661,1.261686941828322
0.8861015165051418,1.2652950353691634
0.9277927550462413,1.2463785188576215
0.8690331490850263,1.3173846673860035
0.8525676225433261,1.35437155568338
0.8529650641048396,1.3389396553223725
0.8645907199268115,1.343146637792125
0.9068734277226747,1.266595523502114
0.8861555293173116,1.3017919041251544
0.8524454666790418,1.3450501999749138
0.8523375124113148,1.3523458862091597
0.83806126386811,1.3783709349163504
0.8395739830082314,1.3724798349153746
0.8098714000629241,1.430226275426558
0.8237402717405209,1.3903485909104767
0.8642646513510752,1.3206738595148646
0.8523245292751989,1.3490372389086154
0.846443432460174,1.3630561235796461
0.8833457625811949,1.3095916136274197
0.8739110632087357,1.3172331815918765
0.8742700682397104,1.2985454442877078
0.8786550141427956,1.3096030913708734
0.8745695820910422,1.3284489566661775
0.9430390628228287,1.222128709833728
0.9157800504258529,1.2631236113587874
0.9038546385370108,1.2639057645217762
0.8553160691098591,1.3647087043166115
0.9166251548415847,1.2448920768095135
0.8940150205055091,1.27482189862704
0.9597571626035895,1.193080573786096
0.8162829785881425,1.4270102205500592
0.8847070036313556,1.3014839172119028
0.8679921610606198,1.3246375119455907
0.8963915466441763,1.2846246036320585
0.8078289203694928,1.442295313258421
0.9166165680729252,1.2568765358155805
0.8729506151764725,1.3368537213031562
0.9145521196362816,1.2436602624083235
0.8384219532663628,1.400832219789844
0.8747386961602923,1.3141683394918944
0.8390440775032812,1.383112868482021
0.8814413093806939,1.28419434487646
0.8624377892094126,1.3214870291344551
0.851519653485556,1.3445401798223229
0.8066962246805469,1.4174724461676602
0.8940487984864862,1.2737795908210736
0.8792074383519315,1.3001975987953016
0.8456357280654221,1.3544817179928987
0.7981360991097486,1.431609188385687
0.9129223178520225,1.2665282995543627
0.8667722114490723,1.3346153636327684
0.8796811306098697,1.3169392769665016
0.9040131332270558,1.2751870478264602
0.8293520266896353,1.399454644249512
0.8841684589470955,1.2997804751467015
0.83783599018321,1.3574574355434215
0.866201117191741,1.317570638176207
0.9068526287739704,1.2602503005609769
0.8578300656602584,1.3516982097511834
0.879074731999721,1.3256483192166477
0.8859689621119851,1.279664860345601
0.8517426368484848,1.3386143646403375
0.8928745519672112,1.2930335346603898
0.8551547635300296,1.3463062089634734
0.844134952165452,1.3529746257153263
0.830792502508332,1.3933194851684179
0.8720800089139817,1.3049187000515208
0.9746501051554322,1.1690729172463092
0.8521713533965503,1.366113948705364
0.8572375146602127,1.3526400665635425
0.8679986008648823,1.3310710692120513
0.9245499454039772,1.2314009877044818
0.8574710597005251,1.3231838030925596
0.9132711962399527,1.2481938762918305
0.8748298125461831,1.3069398637541878
0.9050012330747297,1.276844472288101
0.924550521057701,1.2668273057128878
0.8989524358712977,1.2609580649094763
0.8566521286872997,1.333393465646359
0.8519256447408974,1.361930799629638
0.9168292017951247,1.2582333475545
0.8393370649329781,1.3606582673271475
0.8650586065772718,1.341397771006407
0.8887769462166566,1.2938939068427369
0.8527507134262475,1.352952097093708
0.8586809789276009,1.3521669143205701
0.8954601451618733,1.2816144465978228
0.8889240711028827,1.2855117143705639
0.9235744512687327,1.2332082819236132
0.9327665277669828,1.2364122421313133
0.8460972759972234,1.3483252211897228
0.8718648655357619,1.3330473579736069
0.8644627297715679,1.3362086157254343
0.8532268423416638,1.3604338963864553
0.9095200315231684,1.255112083740392
0.9195118657039434,1.2613793269307796
0.9160926702317953,1.2563826911828424
0.8846160088851265,1.3084891242690635
0.9352358702311481,1.2261362656956072
0.8837778053430834,1.3040917483831498
0.8192666839779839,1.3941870036491875
0.8369219881016134,1.369757165624517
0.9025499741740513,1.2593690938153246
0.928343301467079,1.2347409020129074
0.8412252325288812,1.3822806518790445
0.8852685780104654,1.2981750285406344
0.886441121980645,1.2984258756076725
0.902486492929029,1.289393508726089
0.8728243308032468,1.3262841203021747
0.8690375495434699,1.3247813402509991
0.9391186926575914,1.2264775991838184
0.8974538336434532,1.2642035981544937
0.8974576481718122,1.2886342357021427
0.8627191060857566,1.3504366372583982
0.8524313914385084,1.3371141805649125
0.879183681759131,1.3091651649130556
0.9238179721462876,1.2478215254047882
0.8635456444409704,1.3334080261454555
0.8543865557509267,1.339899681300393
0.8526838800963554,1.327003692976835
0.8843043174943777,1.306324822401664
0.8722940729130841,1.3161666878388532
0.8930340431593502,1.3015788354433664
0.9084517790270452,1.2602318289263357
0.8394297467449754,1.3769420073305558
0.9271953964239603,1.2438907449000831
0.8889970307534183,1.312389431576416
0.8712769003125906,1.325583945564606
0.9536019764682451,1.195344866061664
0.905969023418548,1.2765998333066313
0.8901045663545963,1.2998083168487067
0.8530267309011554,1.3529252134611385
0.8592963170028758,1.3392603082490164
0.8941488262243296,1.2947737160820532
0.9138128164303811,1.2678254843835781
0.8779532747814884,1.3147278551089323
0.8683201764439044,1.3106183281967407
0.8208782741997986,1.3956587680554366
0.9175480976020995,1.2365723110878521
0.861817875553806,1.334948417084331
0.8618840411549793,1.3358718904094071
0.8403792185129679,1.3734082855934415
0.8847756901006079,1.2789218144064916
0.904864843811555,1.2533431551801362
0.8836711387521543,1.2920640640848826
0.852231707201416,1.3614688092761815
0.8564101937721718,1.346522834840034
0.8723235701953111,1.3296425801160574
0.9010733768359904,1.2847882065320788
0.8842899167848015,1.310283584902929
0.8329258388480889,1.3744022097381914
0.8353089758068764,1.3818211426337585
0.8845271572657329,1.2826823313957338
0.9438101601798845,1.2139179646970375
0.8958505985850731,1.310584942225066
0.8853509143293892,1.3056788929646914
0.8583238813925032,1.3471752140531588
0.8904321607800665,1.3024465012990845
0.9340773439105916,1.2214069749782677
0.8950282774139493,1.277174021665526
0.8912239344750026,1.305038639964416
0.8360181047465998,1.3888288957775536
0.9779564549397217,1.1853207285995049
0.8521873085826182,1.3441545195302218
0.8788101069282039,1.3250537996156937
0.8739252424165451,1.300602355314393
0.8716135265253497,1.336553964587594
0.9015577742726621,1.2715114082609604
0.9383206640330881,1.2242739735258792
0.8754941542135546,1.3072703712228053
0.8960709757654177,1.2768582598931024
0.9169663584349064,1.2548119169390781
0.8909275147422575,1.2918697475741254
0.8266408570494057,1.4010968873187168
0.8275606005907501,1.371169116117429
0.8490937798778966,1.3559273104073628
0.8698025008165178,1.3087786944468158
0.8415665361531386,1.3685857352034931
0.9559508415412983,1.1863157107681224
0.8936974842783121,1.2909792119027428
0.8576048997577959,1.3293086925920474
0.8395862437081736,1.3674802533282324
0.8771239022418598,1.3223642024843767
0.8540230178979664,1.3403898927807227
0.8670346123307067,1.3353507612004267
0.863973530812957,1.3260629279501226
0.8257342756829607,1.3881318156623257
0.8659064490075892,1.3225246156366326
0.834401989261234,1.3792521876695119
0.8952257055327244,1.2886578786201617
0.8415394615590726,1.3631171128814727
0.9119545800671081,1.2633630317479179
0.8454863274822082,1.3573947529510022
0.9438101601798845,1.2139179646970375
0.8558528817810751,1.3431354311613404
0.9127125335857209,1.2497852906326647
0.8942232384455922,1.2821304309126824
0.9038994425153495,1.2776553409700024
0.8667132322782598,1.3435323695186931
0.8529809144163438,1.3572393330480543
0.9272918521751632,1.2327378347581601
0.8382453505491094,1.3743380383512978
0.8575954489230455,1.354961618417788
0.9525349756037367,1.1974921180089986
0.845664452740994,1.3725154524860486
0.8606938700499553,1.3346685666881144
0.8738079703557999,1.3073932210455537
0.851875866079594,1.3504704539135401
0.8694060967262132,1.3051173380565484
0.8498901323969152,1.3584242647545592
0.7681821636932398,1.4899947575783674
0.8899567587124593,1.2958555318049396
0.8693204473897527,1.3168055758098525
0.8614114518122753,1.3414524718373944
0.8692681037858798,1.3278935513842287
0.8824587079705257,1.3047151094961251
0.8845415734408866,1.3107856486094818
0.8521620327395598,1.3663309795356382
0.9006400746542693,1.2716304192534609
0.9147235649569638,1.2555056276172551
0.886298696287354,1.3017609672140746
0.8648654267111402,1.330242032421319
0.8531564337971511,1.3487446170634294
0.8513184217270393,1.3312852789341147
0.9437620030177123,1.2054250026625855
0.941657886185419,1.2245001911363365
0.8473344538507144,1.3587964906273207
0.8942031074033585,1.2758859501760693
0.8706626867560858,1.32230030130819
0.9201874022262946,1.2371077331163252
0.8674603114251715,1.3084692995875713
0.9257644206152413,1.243905301342703
0.9254620565162512,1.2506968549854869
0.8370167793151346,1.3891895774637077
0.8244064512050293,1.3770274000922713
0.8554857790202375,1.3480517918288242
0.843591300740347,1.3745428333212355
0.8681315516791213,1.3243123010781448
0.9193711598967291,1.2415883512390706
0.9342920205919654,1.2263537948335264
0.8390232798699866,1.3889871203136337
0.8572787491373985,1.3347463985643593
0.9161189843973525,1.266217243390578
0.8582877258984016,1.3505832567234186
0.9000904995557912,1.2658506897892208
0.9192761866576791,1.2489626939723313
0.9141805704078896,1.2592347750844273
0.935143302704645,1.221800714292773
0.879474715897888,1.3056180825950616
0.8727190761582746,1.3160192932376842
0.8654523030531138,1.3292627877251022
0.8968974910552501,1.2812536217884896
0.905140603248493,1.274737126460846
0.8756165972644596,1.299763033404034
0.8539417096395125,1.3526307864006284
0.8499215510795819,1.3240516271169045
0.8542811945267614,1.3645252045339462
0.8228148053909894,1.4261962144607405
0.8460490111496095,1.3391863711205718
0.845221327278032,1.3644285799459726
0.92103995682113,1.2522555495941858
0.9048280763929017,1.2832213634041016
0.9028072729016352,1.253866823839153
0.8570628426706457,1.3427286396507578
0.9045037575896149,1.2652491876887941
0.8592248649411403,1.3413963661560153
0.8418517534167,1.3723541598996796
0.8613587678592769,1.341748421713268
0.8837849314542681,1.2884631850326551
0.8508714291977564,1.3539457790232465
0.9134231076550832,1.245222822763637
0.9115124049363206,1.255744252243889
0.8212849843026724,1.4099208475548894
0.9350782963226842,1.2353201627138777
0.9471178429562714,1.209707317647758
0.9399472817853651,1.2267978639876922
0.8586659066655908,1.3218255717908605
0.9291209951843038,1.2332747970728237
0.9014285014609738,1.2764357572865377
0.8210968288964129,1.3978037339943596
0.90648293106501,1.2728842351864464
0.8417661754513277,1.3565235635154451
0.8957090573662267,1.2766949261040073
0.8313534905351736,1.381896300372117
0.8437914797089314,1.3523612626334407
0.820156076997361,1.400339150319775
0.8448384260042727,1.360909903857736
0.8581629942313331,1.3552003067795404
0.8835806864727049,1.2945512031387112
0.9206110190887,1.2207400169919322
0.8613221869886742,1.3316744478924356
0.9246090773226809,1.2515973432899987
0.907578355748671,1.2682182164061464
0.8827984208620319,1.285771375225224
0.8741157031665707,1.3197588984526634
0.8825516529652271,1.3065740944510977
0.9006371825379207,1.2811057566272774
0.8492172007768679,1.3874693914483707
0.8666156751463927,1.3284636391213587
0.8395451858086167,1.3827253853770871
0.8921337655068458,1.2655827984534522
0.8871837715543534,1.306947231199645
0.8881238224438195,1.2925327447017805
0.8376378765174812,1.3863339636852812
0.8843264249995286,1.2910755837253698
0.8735048425982339,1.3125983569172865
0.8344783324587881,1.3736650616376547
0.8032801687209254,1.4194295005985393
0.8672166763938896,1.3276839271441934
0.8595294499901189,1.3413442652328504
0.8500975601405807,1.327436997737157
0.8523348535563418,1.3450348794111382
0.9044330121586541,1.2748187319031423
0.8400712311441629,1.378710098010832
0.890463669519264,1.286989795246451
0.8751684166609639,1.3150173349283618
0.917061945006435,1.2614364116678114
0.9012339239890848,1.2913685612684136
0.8807174585975528,1.3161653562269502
0.879887445606715,1.3339566729362373
0.9049824194920097,1.2698236467643138
0.8789219051037362,1.2826299951574693
0.7983649155269639,1.4481498658326029
0.8944744137211502,1.2917295349320013
0.8759011471596689,1.3175147115000319
0.875728987960761,1.3066701096004272
0.8333954220259583,1.373121341474898
